time,q1,q2,q3,q4,q5,q6,qdot1,qdot2,qdot3,qdot4,qdot5,qdot6,q_des1,q_des2,q_des3,q_des4,q_des5,q_des6,tau_cmd1,tau_cmd2,tau_cmd3,tau_cmd4,tau_cmd5,tau_cmd6,tau_meas1,tau_meas2,tau_meas3,tau_meas4,tau_meas5,tau_meas6,tau_ff1,tau_ff2,tau_ff3,tau_ff4,tau_ff5,tau_ff6,kp1,kp2,kp3,kp4,kp5,kp6,kd1,kd2,kd3,kd4,kd5,kd6,qdot_des1,qdot_des2,qdot_des3,qdot_des4,qdot_des5,qdot_des6,tau_residual1,tau_residual2,tau_residual3,tau_residual4,tau_residual5,tau_residual6,tau_residual_corrected1,tau_residual_corrected2,tau_residual_corrected3,tau_residual_corrected4,tau_residual_corrected5,tau_residual_corrected6
0.000000000,1.960649490,-1.031043053,-1.408408165,-0.027420998,0.690876961,0.026653290,0.051696777,0.012512207,-0.055725098,-0.194034576,-0.018630981,0.038772583,1.960649490,-1.031043053,-1.408024788,-0.027420998,0.690493584,0.026653290,0.000042064,17.499094009,-3.759830713,-1.229153872,0.308012217,0.000753487,0.002334595,17.500572205,-3.793774605,-1.296757698,0.350560188,0.010467529,0.000042064,17.499094009,-3.759830713,-1.229153872,0.308012217,0.000753487,0.000000000,0.000000000,0.000000000,0.000000000,0.000000000,0.000000000,0.000000000,0.000000000,0.000000000,0.000000000,0.000000000,0.000000000,0.000000000,0.000000000,0.000000000,0.000000000,0.000000000,0.000000000,0.002292531,0.001478195,-0.033943892,-0.067603827,0.042547971,0.009714043,0.000000000,0.000000000,0.000000000,0.000000000,0.000000000,0.000000000
0.009713650,1.960266113,-1.031043053,-1.408408165,-0.027420998,0.690876961,0.026653290,-0.109439850,0.039367676,-0.043640137,-0.049011230,0.052871704,-0.005538940,1.960649490,-1.031043053,-1.408408165,-0.027420998,0.690876961,0.026653290,0.000042073,17.502519608,-3.763075590,-1.229900360,0.308190405,0.000753970,0.015304565,17.522544861,-3.827497482,-1.273929596,0.308690071,-0.002349854,0.000042073,17.502519608,-3.763075590,-1.229900360,0.308190405,0.000753970,0.000000000,0.000000000,0.000000000,0.000000000,0.000000000,0.000000000,0.000000000,0.000000000,0.000000000,0.000000000,0.000000000,0.000000000,0.000000000,0.000000000,0.000000000,0.000000000,0.000000000,0.000000000,0.015262492,0.020025253,-0.064421892,-0.044029236,0.000499666,-0.003103824,0.006484981,0.009273529,-0.015239000,0.011787295,-0.021024153,-0.006408933
0.019728899,1.960649490,-1.031043053,-1.408408165,-0.027420998,0.690493584,0.026653290,0.163146973,0.099794388,-0.038269043,-0.000671387,-0.027694702,-0.008560181,1.960649490,-1.031043053,-1.408408165,-0.027420998,0.690493584,0.026653290,0.000042072,17.502258301,-3.762827396,-1.229624629,0.308288097,0.000754230,-0.016860962,17.473106384,-3.834241867,-1.281192780,0.301854134,0.010040283,0.000042072,17.502258301,-3.762827396,-1.229624629,0.308288097,0.000754230,0.000000000,0.000000000,0.000000000,0.000000000,0.000000000,0.000000000,0.000000000,0.000000000,0.000000000,0.000000000,0.000000000,0.000000000,0.000000000,0.000000000,0.000000000,0.000000000,0.000000000,0.000000000,-0.016903034,-0.029151917,-0.071414471,-0.051568151,-0.006433964,0.009286054,-0.017120364,-0.026602427,-0.014821053,0.002832254,-0.018638521,0.003987296
0.029739141,1.960649490,-1.031043053,-1.408408165,-0.027420998,0.690876961,0.026653290,-0.004699707,-0.008239746,-0.062438965,-0.035583496,-0.017623901,-0.038772583,1.960266113,-1.031043053,-1.408408165,-0.027420998,0.690876961,0.026653290,0.000042083,17.502519608,-3.763075590,-1.229900360,0.308190405,0.000753970,-0.006484985,17.502403259,-3.823865891,-1.271854401,0.310399055,0.002349854,0.000042083,17.502519608,-3.763075590,-1.229900360,0.308190405,0.000753970,0.000000000,0.000000000,0.000000000,0.000000000,0.000000000,0.000000000,0.000000000,0.000000000,0.000000000,0.000000000,0.000000000,0.000000000,0.000000000,0.000000000,0.000000000,0.000000000,0.000000000,0.000000000,-0.006527069,-0.000116348,-0.060790300,-0.041954041,0.002208650,0.001595883,-0.005058299,0.001824856,-0.003147662,0.009334773,-0.007496931,-0.002777156
0.039718628,1.960649490,-1.031043053,-1.408408165,-0.027420998,0.690493584,0.026653290,0.055725098,-0.041810989,-0.108097076,0.098693848,-0.005538940,-0.001510620,1.960649490,-1.031043053,-1.408408165,-0.027420998,0.690876961,0.026653290,0.000042073,17.502519608,-3.763075590,-1.229900360,0.308190405,0.000753970,0.007003784,17.498741150,-3.855512619,-1.272373199,0.301426888,-0.011322021,0.000042073,17.502519608,-3.763075590,-1.229900360,0.308190405,0.000753970,0.000000000,0.000000000,0.000000000,0.000000000,0.000000000,0.000000000,0.000000000,0.000000000,0.000000000,0.000000000,0.000000000,0.000000000,0.000000000,0.000000000,0.000000000,0.000000000,0.000000000,0.000000000,0.006961711,-0.003778458,-0.092437029,-0.042472839,-0.006763518,-0.012075992,0.006744385,-0.001469803,-0.027835512,0.007052779,-0.013175279,-0.013159225
0.049716711,1.960649490,-1.031426430,-1.408408165,-0.027420998,0.690876961,0.026653290,-0.144351959,-0.008850098,0.016784668,0.090637207,-0.011581421,0.023666382,1.960649490,-1.031043053,-1.408408165,-0.027804375,0.690876961,0.026653290,0.000042074,17.502967834,-3.763499022,-1.230370879,0.308466166,0.000754713,0.002334595,17.520713806,-3.832166672,-1.284824371,0.315526009,0.003204346,0.000042074,17.502967834,-3.763499022,-1.230370879,0.308466166,0.000754713,0.000000000,0.000000000,0.000000000,0.000000000,0.000000000,0.000000000,0.000000000,0.000000000,0.000000000,0.000000000,0.000000000,0.000000000,0.000000000,0.000000000,0.000000000,0.000000000,0.000000000,0.000000000,0.002292520,0.017745972,-0.068667650,-0.054453492,0.007059842,0.002449633,0.001729328,0.016712189,-0.003388445,-0.004106561,0.000540068,0.001138667
0.059730053,1.960649490,-1.031426430,-1.408408165,-0.027420998,0.690876961,0.026653290,0.109436035,0.038757324,-0.014099121,0.147033691,0.000503540,-0.018630981,1.960649490,-1.031426430,-1.408408165,-0.027420998,0.690876961,0.026653290,0.000042073,17.502464294,-3.760078907,-1.229429722,0.307914615,0.000753228,-0.012710571,17.498741150,-3.779767036,-1.281192780,0.323643684,0.006622314,0.000042073,17.502464294,-3.760078907,-1.229429722,0.307914615,0.000753228,0.000000000,0.000000000,0.000000000,0.000000000,0.000000000,0.000000000,0.000000000,0.000000000,0.000000000,0.000000000,0.000000000,0.000000000,0.000000000,0.000000000,0.000000000,0.000000000,0.000000000,0.000000000,-0.012752644,-0.003723145,-0.019688129,-0.051763058,0.015729070,0.005869087,-0.011413574,-0.004077366,0.039078065,-0.001213823,0.007893682,0.003906961
0.069709778,1.960266113,-1.031426430,-1.408408165,-0.027420998,0.690876961,0.026653290,0.018127441,-0.008239746,0.030212402,-0.022155762,-0.014602661,-0.047836304,1.960649490,-1.031043053,-1.408408165,-0.027420998,0.690876961,0.026653290,0.000042073,17.502519608,-3.763075590,-1.229900360,0.308190405,0.000753970,-0.016342163,17.474937439,-3.831129074,-1.282749176,0.303990364,-0.000640869,0.000042073,17.502519608,-3.763075590,-1.229900360,0.308190405,0.000753970,0.000000000,0.000000000,0.000000000,0.000000000,0.000000000,0.000000000,0.000000000,0.000000000,0.000000000,0.000000000,0.000000000,0.000000000,0.000000000,0.000000000,0.000000000,0.000000000,0.000000000,0.000000000,-0.016384236,-0.027582169,-0.068053484,-0.052848816,-0.004200041,-0.001394839,-0.013164520,-0.024444342,-0.008126378,-0.002012134,-0.010531001,-0.002937345
0.079717636,1.960649490,-1.031043053,-1.408408165,-0.027420998,0.690876961,0.026653290,-0.008728027,0.204774857,-0.091983795,-0.073181152,0.011581421,-0.060928345,1.960649490,-1.031426430,-1.408408165,-0.027420998,0.690876961,0.026653290,0.000042073,17.502464294,-3.760078907,-1.229429722,0.307914615,0.000753228,-0.008041382,17.528038025,-3.796887398,-1.241245270,0.380040169,0.004058838,0.000042073,17.502464294,-3.760078907,-1.229429722,0.307914615,0.000753228,0.000000000,0.000000000,0.000000000,0.000000000,0.000000000,0.000000000,0.000000000,0.000000000,0.000000000,0.000000000,0.000000000,0.000000000,0.000000000,0.000000000,0.000000000,0.000000000,0.000000000,0.000000000,-0.008083455,0.025573730,-0.036808491,-0.011815548,0.072125554,0.003305610,-0.004323323,0.025521384,0.020549880,0.034685453,0.058484084,0.001567204
0.089743137,1.960649490,-1.031426430,-1.408408165,-0.027420998,0.690493584,0.026653290,0.042297363,-0.151063919,0.019470215,-0.015441895,-0.012588501,-0.004531860,1.960266113,-1.031043053,-1.408408165,-0.027420998,0.690493584,0.026653290,0.000042082,17.502258301,-3.762827396,-1.229624629,0.308288097,0.000754230,-0.015823364,17.524375916,-3.853956223,-1.283786774,0.323216438,0.003631592,0.000042082,17.502258301,-3.762827396,-1.229624629,0.308288097,0.000754230,0.000000000,0.000000000,0.000000000,0.000000000,0.000000000,0.000000000,0.000000000,0.000000000,0.000000000,0.000000000,0.000000000,0.000000000,0.000000000,0.000000000,0.000000000,0.000000000,0.000000000,0.000000000,-0.015865446,0.022117615,-0.091128826,-0.054162145,0.014928341,0.002877362,-0.010894784,0.019858742,-0.030393410,-0.006895030,0.001158184,0.001025061
0.099745512,1.960649490,-1.031043053,-1.408408165,-0.027420998,0.690876961,0.026653290,-0.050354004,0.025329590,0.011413574,-0.055725098,-0.005538940,-0.019638062,1.960649490,-1.031426430,-1.408408165,-0.027420998,0.690876961,0.026653290,0.000042073,17.502464294,-3.760078907,-1.229429722,0.307914615,0.000753228,-0.009078979,17.502403259,-3.838392258,-1.288974762,0.293736458,-0.004913330,0.000042073,17.502464294,-3.760078907,-1.229429722,0.307914615,0.000753228,0.000000000,0.000000000,0.000000000,0.000000000,0.000000000,0.000000000,0.000000000,0.000000000,0.000000000,0.000000000,0.000000000,0.000000000,0.000000000,0.000000000,0.000000000,0.000000000,0.000000000,0.000000000,-0.009121052,-0.000061035,-0.078313351,-0.059545040,-0.014178157,-0.005666558,-0.003773081,-0.002109007,-0.015979940,-0.011161750,-0.025407558,-0.006835327
0.109714746,1.960649490,-1.031043053,-1.408408165,-0.027420998,0.690876961,0.026268959,0.121520996,-0.029602051,0.012756348,-0.163150787,0.024673462,-0.049850464,1.960649490,-1.031043053,-1.408408165,-0.027420998,0.690493584,0.026653290,0.000042072,17.502258301,-3.762827396,-1.229624629,0.308288097,0.000754230,-0.028274536,17.507896423,-3.846693039,-1.287937164,0.380894661,-0.007904053,0.000042072,17.502258301,-3.762827396,-1.229624629,0.308288097,0.000754230,0.000000000,0.000000000,0.000000000,0.000000000,0.000000000,0.000000000,0.000000000,0.000000000,0.000000000,0.000000000,0.000000000,0.000000000,0.000000000,0.000000000,0.000000000,0.000000000,0.000000000,0.000000000,-0.028316608,0.005638123,-0.083865643,-0.058312535,0.072606564,-0.008658282,-0.021054584,0.003290971,-0.019737879,-0.009101808,0.056262399,-0.009008130
0.119736195,1.960649490,-1.031426430,-1.408408165,-0.027420998,0.690493584,0.026653290,0.101379395,0.061340332,-0.016784668,0.173892975,-0.076038361,0.064956665,1.960649490,-1.031043053,-1.408408165,-0.027420998,0.690876961,0.026653290,0.000042073,17.502519608,-3.763075590,-1.229900360,0.308190405,0.000753970,-0.005966187,17.513389587,-3.803631783,-1.289493561,0.307408333,-0.000213623,0.000042073,17.502519608,-3.763075590,-1.229900360,0.308190405,0.000753970,0.000000000,0.000000000,0.000000000,0.000000000,0.000000000,0.000000000,0.000000000,0.000000000,0.000000000,0.000000000,0.000000000,0.000000000,0.000000000,0.000000000,0.000000000,0.000000000,0.000000000,0.000000000,-0.006008260,0.010869980,-0.040556192,-0.059593201,-0.000782073,-0.000967593,0.001157321,0.007867226,0.021758373,-0.009583822,-0.015808834,-0.001216100
0.129768848,1.960649490,-1.031043053,-1.408408165,-0.027420998,0.690493584,0.026653290,-0.089298248,0.118715286,0.034240723,0.101379395,-0.066974640,0.013595581,1.960649490,-1.031043053,-1.408408165,-0.027420998,0.690876961,0.026653290,0.000042073,17.502519608,-3.763075590,-1.229900360,0.308190405,0.000753970,-0.011154175,17.562828064,-3.829572678,-1.292087555,0.321934700,-0.001922607,0.000042073,17.502519608,-3.763075590,-1.229900360,0.308190405,0.000753970,0.000000000,0.000000000,0.000000000,0.000000000,0.000000000,0.000000000,0.000000000,0.000000000,0.000000000,0.000000000,0.000000000,0.000000000,0.000000000,0.000000000,0.000000000,0.000000000,0.000000000,0.000000000,-0.011196248,0.060308456,-0.066497087,-0.062187195,0.013744295,-0.002676578,-0.003742762,0.053212438,-0.003883771,-0.011307972,-0.001190862,-0.002716150
0.139724493,1.960266113,-1.031043053,-1.408408165,-0.027420998,0.690493584,0.026653290,-0.043640137,0.055847168,-0.007385254,0.038269043,0.001510620,0.013595581,1.960266113,-1.031043053,-1.408408165,-0.027420998,0.690493584,0.026653290,0.000042082,17.502258301,-3.762827396,-1.229624629,0.308288097,0.000754230,-0.015823364,17.524375916,-3.860700607,-1.305058479,0.293309212,0.005767822,0.000042082,17.502258301,-3.762827396,-1.229624629,0.308288097,0.000754230,0.000000000,0.000000000,0.000000000,0.000000000,0.000000000,0.000000000,0.000000000,0.000000000,0.000000000,0.000000000,0.000000000,0.000000000,0.000000000,0.000000000,0.000000000,0.000000000,0.000000000,0.000000000,-0.015865446,0.022117615,-0.097873211,-0.075433850,-0.014978886,0.005013593,-0.007851164,0.014020157,-0.032909234,-0.022917652,-0.027919773,0.004642419
0.149711132,1.960649490,-1.031043053,-1.408408165,-0.027420998,0.690493584,0.026653290,0.043640137,-0.062562943,0.014099121,0.032897949,-0.076038361,0.000503540,1.960649490,-1.031043053,-1.408408165,-0.027420998,0.690493584,0.026653290,0.000042072,17.502258301,-3.762827396,-1.229624629,0.308288097,0.000754230,-0.003372192,17.506065369,-3.821790695,-1.280155182,0.297154427,-0.010040283,0.000042072,17.502258301,-3.762827396,-1.229624629,0.308288097,0.000754230,0.000000000,0.000000000,0.000000000,0.000000000,0.000000000,0.000000000,0.000000000,0.000000000,0.000000000,0.000000000,0.000000000,0.000000000,0.000000000,0.000000000,0.000000000,0.000000000,0.000000000,0.000000000,-0.003414265,0.003807068,-0.058963299,-0.050530553,-0.011133671,-0.010794513,0.004312517,-0.004022241,0.005625635,0.001861542,-0.022569899,-0.010467831
0.159709930,1.960266113,-1.031426430,-1.408408165,-0.027420998,0.690876961,0.026653290,-0.030212402,-0.003967285,-0.011413574,0.022155762,0.030715942,-0.034744263,1.960649490,-1.031426430,-1.408408165,-0.027420998,0.690493584,0.026653290,0.000042072,17.502201080,-3.759830713,-1.229153872,0.308012217,0.000753487,-0.012191772,17.513389587,-3.851362228,-1.289493561,0.321080208,0.011322021,0.000042072,17.502201080,-3.759830713,-1.229153872,0.308012217,0.000753487,0.000000000,0.000000000,0.000000000,0.000000000,0.000000000,0.000000000,0.000000000,0.000000000,0.000000000,0.000000000,0.000000000,0.000000000,0.000000000,0.000000000,0.000000000,0.000000000,0.000000000,0.000000000,-0.012233844,0.011188507,-0.091531515,-0.060339689,0.013067991,0.010568535,-0.004241941,0.003161599,-0.025357723,-0.007480088,0.001535777,0.010254322
0.169709206,1.960649490,-1.031043053,-1.408408165,-0.027420998,0.690876961,0.026653290,0.000671387,-0.127260208,-0.040954590,0.016784668,-0.013595581,-0.062942505,1.960649490,-1.031043053,-1.408408165,-0.027420998,0.690876961,0.026653290,0.000042073,17.502519608,-3.763075590,-1.229900360,0.308190405,0.000753970,0.000778198,17.509727478,-3.818677902,-1.287418365,0.289891243,-0.012603760,0.000042073,17.502519608,-3.763075590,-1.229900360,0.308190405,0.000753970,0.000000000,0.000000000,0.000000000,0.000000000,0.000000000,0.000000000,0.000000000,0.000000000,0.000000000,0.000000000,0.000000000,0.000000000,0.000000000,0.000000000,0.000000000,0.000000000,0.000000000,0.000000000,0.000736125,0.007207870,-0.055602312,-0.057518005,-0.018299162,-0.013357730,0.008243138,-0.000773536,0.009984175,-0.004399604,-0.028174077,-0.012912391
0.179707527,1.960649490,-1.031043053,-1.408408165,-0.027420998,0.690876961,0.026653290,0.134948730,0.016174316,0.000671387,-0.160465240,-0.003524780,0.044815063,1.960649490,-1.031043053,-1.408408165,-0.027420998,0.690876961,0.026653290,0.000042073,17.502519608,-3.763075590,-1.229900360,0.308190405,0.000753970,0.001296997,17.484092712,-3.856550217,-1.267704010,0.319798470,-0.007049561,0.000042073,17.502519608,-3.763075590,-1.229900360,0.308190405,0.000753970,0.000000000,0.000000000,0.000000000,0.000000000,0.000000000,0.000000000,0.000000000,0.000000000,0.000000000,0.000000000,0.000000000,0.000000000,0.000000000,0.000000000,0.000000000,0.000000000,0.000000000,0.000000000,0.001254924,-0.018426895,-0.093474627,-0.037803650,0.011608064,-0.007803531,0.008300782,-0.025018391,-0.026420342,0.014508712,0.001641931,-0.006970918
0.189741135,1.960649490,-1.031426430,-1.408408165,-0.027420998,0.690876961,0.026653290,-0.012756348,0.020446777,-0.015441895,0.110778809,0.011581421,-0.033737183,1.960649490,-1.031043053,-1.408408165,-0.027420998,0.690493584,0.026653290,0.000042072,17.502258301,-3.762827396,-1.229624629,0.308288097,0.000754230,-0.000259399,17.502403259,-3.830610275,-1.287418365,0.322789192,-0.003631592,0.000042072,17.502258301,-3.762827396,-1.229624629,0.308288097,0.000754230,0.000000000,0.000000000,0.000000000,0.000000000,0.000000000,0.000000000,0.000000000,0.000000000,0.000000000,0.000000000,0.000000000,0.000000000,0.000000000,0.000000000,0.000000000,0.000000000,0.000000000,0.000000000,-0.000301472,0.000144958,-0.067782879,-0.057793736,0.014501095,-0.004385821,0.006407167,-0.006124210,-0.000692165,-0.005207306,0.004308213,-0.003375548
0.199693441,1.960649490,-1.031043053,-1.408408165,-0.027420998,0.690493584,0.026653290,0.002014160,0.246280670,-0.163150787,-0.105411530,-0.026687622,0.040786743,1.960649490,-1.031043053,-1.408408165,-0.027420998,0.690493584,0.026653290,0.000042072,17.502258301,-3.762827396,-1.229624629,0.308288097,0.000754230,-0.007522583,17.476768494,-3.835798264,-1.283267975,0.307408333,-0.016876221,0.000042072,17.502258301,-3.762827396,-1.229624629,0.308288097,0.000754230,0.000000000,0.000000000,0.000000000,0.000000000,0.000000000,0.000000000,0.000000000,0.000000000,0.000000000,0.000000000,0.000000000,0.000000000,0.000000000,0.000000000,0.000000000,0.000000000,0.000000000,0.000000000,-0.007564655,-0.025489807,-0.072970867,-0.053643346,-0.000879765,-0.017630450,-0.000815254,-0.030246644,-0.005600146,-0.001006586,-0.010545377,-0.015828740
0.209714413,1.960649490,-1.031426430,-1.408408165,-0.027420998,0.690876961,0.026653290,-0.007385254,-0.076601028,0.051696777,-0.030212402,0.054885864,0.046829224,1.960266113,-1.031043053,-1.408408165,-0.027420998,0.690493584,0.026653290,0.000042082,17.502258301,-3.762827396,-1.229624629,0.308288097,0.000754230,0.004409790,17.498741150,-3.819196701,-1.278079987,0.317234993,0.021148682,0.000042082,17.502258301,-3.762827396,-1.229624629,0.308288097,0.000754230,0.000000000,0.000000000,0.000000000,0.000000000,0.000000000,0.000000000,0.000000000,0.000000000,0.000000000,0.000000000,0.000000000,0.000000000,0.000000000,0.000000000,0.000000000,0.000000000,0.000000000,0.000000000,0.004367708,-0.003517151,-0.056369305,-0.048455358,0.008946896,0.020394452,0.010611786,-0.007897897,0.010501352,0.003991338,-0.000686048,0.021187246
0.219714880,1.960649490,-1.031043053,-1.408024788,-0.027420998,0.690493584,0.026653290,0.014099121,0.058288574,0.008728027,0.054382324,0.000503540,0.041793823,1.960649490,-1.031043053,-1.408408165,-0.027420998,0.690876961,0.026653290,0.000042073,17.502519608,-3.763075590,-1.229900360,0.308190405,0.000753970,0.003890991,17.513389587,-3.825941086,-1.259922028,0.330906868,-0.003631592,0.000042073,17.502519608,-3.763075590,-1.229900360,0.308190405,0.000753970,0.000000000,0.000000000,0.000000000,0.000000000,0.000000000,0.000000000,0.000000000,0.000000000,0.000000000,0.000000000,0.000000000,0.000000000,0.000000000,0.000000000,0.000000000,0.000000000,0.000000000,0.000000000,0.003848918,0.010869980,-0.062865496,-0.030021667,0.022716463,-0.004385562,0.009654171,0.006207093,0.003831024,0.021450027,0.012514670,-0.003436561
0.229708910,1.960649490,-1.031043053,-1.408408165,-0.027420998,0.690876961,0.026653290,-0.023498535,0.009460449,-0.032897949,0.112121582,0.041793823,-0.023666382,1.960649490,-1.031043053,-1.408408165,-0.027420998,0.690493584,0.026653290,0.000042072,17.502258301,-3.762827396,-1.229624629,0.308288097,0.000754230,-0.002334595,17.522544861,-3.820234299,-1.299870491,0.300572395,-0.005767822,0.000042072,17.502258301,-3.762827396,-1.229624629,0.308288097,0.000754230,0.000000000,0.000000000,0.000000000,0.000000000,0.000000000,0.000000000,0.000000000,0.000000000,0.000000000,0.000000000,0.000000000,0.000000000,0.000000000,0.000000000,0.000000000,0.000000000,0.000000000,0.000000000,-0.002376667,0.020286560,-0.057406902,-0.070245862,-0.007715702,-0.006522052,0.003285728,0.014972687,0.008902550,-0.017991910,-0.017170932,-0.005340840
0.239713907,1.960266113,-1.031043053,-1.408408165,-0.027420998,0.690876961,0.026653290,-0.133609772,-0.004577637,0.014099121,-0.053039551,0.011581421,-0.041793823,1.960649490,-1.031043053,-1.408408165,-0.027420998,0.690493584,0.026653290,0.000042072,17.502258301,-3.762827396,-1.229624629,0.308288097,0.000754230,0.004928589,17.489585876,-3.828016281,-1.289493561,0.313817024,0.000213623,0.000042072,17.502258301,-3.762827396,-1.229624629,0.308288097,0.000754230,0.000000000,0.000000000,0.000000000,0.000000000,0.000000000,0.000000000,0.000000000,0.000000000,0.000000000,0.000000000,0.000000000,0.000000000,0.000000000,0.000000000,0.000000000,0.000000000,0.000000000,0.000000000,0.004886517,-0.012672424,-0.065188885,-0.059868932,0.005528927,-0.000540607,0.010126955,-0.017266846,0.001075745,-0.007310381,-0.003769251,0.000614981
0.249716282,1.960649490,-1.031043053,-1.408408165,-0.027420998,0.690876961,0.026653290,-0.070495605,0.004577637,0.042297363,0.051696777,0.056900024,0.007553101,1.960649490,-1.031043053,-1.408408165,-0.027420998,0.690876961,0.026653290,0.000042073,17.502519608,-3.763075590,-1.229900360,0.308190405,0.000753970,-0.017898560,17.489585876,-3.789624214,-1.286380768,0.313817024,0.001068115,0.000042073,17.502519608,-3.763075590,-1.229900360,0.308190405,0.000753970,0.000000000,0.000000000,0.000000000,0.000000000,0.000000000,0.000000000,0.000000000,0.000000000,0.000000000,0.000000000,0.000000000,0.000000000,0.000000000,0.000000000,0.000000000,0.000000000,0.000000000,0.000000000,-0.017940633,-0.012933731,-0.026548624,-0.056480408,0.005626619,0.000314145,-0.012211725,-0.016853993,0.038188467,-0.003771016,-0.003530345,0.001413204
0.259710789,1.960649490,-1.031043053,-1.408408165,-0.027420998,0.690493584,0.026653290,0.050354004,0.069274902,-0.010070801,-0.059753418,0.059921265,0.022659302,1.960649490,-1.031043053,-1.408408165,-0.027420998,0.690493584,0.026653290,0.000042072,17.502258301,-3.762827396,-1.229624629,0.308288097,0.000754230,-0.005966187,17.463951111,-3.877820969,-1.302983284,0.305272102,-0.000213623,0.000042072,17.502258301,-3.762827396,-1.229624629,0.308288097,0.000754230,0.000000000,0.000000000,0.000000000,0.000000000,0.000000000,0.000000000,0.000000000,0.000000000,0.000000000,0.000000000,0.000000000,0.000000000,0.000000000,0.000000000,0.000000000,0.000000000,0.000000000,0.000000000,-0.006008259,-0.038307190,-0.114993572,-0.073358655,-0.003015995,-0.000967853,-0.000269005,-0.040663472,-0.048395130,-0.019884476,-0.011722109,0.000126347
0.269742250,1.960266113,-1.031043053,-1.408408165,-0.027420998,0.690493584,0.026653290,-0.116153717,0.000915527,0.096008301,0.185977936,0.013595581,0.038772583,1.960649490,-1.031043053,-1.408408165,-0.027037621,0.690876961,0.026653290,0.000042072,17.502073288,-3.762652159,-1.229429722,0.307914615,0.000753228,0.011672974,17.487754822,-3.848768234,-1.288974762,0.276646614,0.007904053,0.000042072,17.502073288,-3.762652159,-1.229429722,0.307914615,0.000753228,0.000000000,0.000000000,0.000000000,0.000000000,0.000000000,0.000000000,0.000000000,0.000000000,0.000000000,0.000000000,0.000000000,0.000000000,0.000000000,0.000000000,0.000000000,0.000000000,0.000000000,0.000000000,0.011630902,-0.014318466,-0.086116076,-0.059545040,-0.031268001,0.007150825,0.016749793,-0.016079221,-0.018820575,-0.005854045,-0.038546467,0.007950560
0.279709339,1.960266113,-1.031043053,-1.408408165,-0.027420998,0.690876961,0.026653290,-0.003356934,-0.047914505,0.074523926,-0.024841309,-0.054885864,-0.032730103,1.960649490,-1.031043053,-1.408408165,-0.027420998,0.690876961,0.026653290,0.000042073,17.502519608,-3.763075590,-1.229900360,0.308190405,0.000753970,0.029830933,17.511558533,-3.860700607,-1.278079987,0.301426888,-0.003631592,0.000042073,17.502519608,-3.763075590,-1.229900360,0.308190405,0.000753970,0.000000000,0.000000000,0.000000000,0.000000000,0.000000000,0.000000000,0.000000000,0.000000000,0.000000000,0.000000000,0.000000000,0.000000000,0.000000000,0.000000000,0.000000000,0.000000000,0.000000000,0.000000000,0.029788860,0.009038925,-0.097625017,-0.048179626,-0.006763518,-0.004385562,0.033704035,0.007027199,-0.029283672,0.005321322,-0.013557778,-0.003462178
0.289710045,1.960266113,-1.031043053,-1.408408165,-0.027420998,0.690876961,0.026653290,-0.133609772,-0.054628372,-0.124210358,0.000671387,-0.014602661,0.014602661,1.960649490,-1.031043053,-1.408408165,-0.027420998,0.690876961,0.026653290,0.000042073,17.502519608,-3.763075590,-1.229900360,0.308190405,0.000753970,-0.004409790,17.495079041,-3.824384689,-1.288455963,0.302708626,0.008331299,0.000042073,17.502519608,-3.763075590,-1.229900360,0.308190405,0.000753970,0.000000000,0.000000000,0.000000000,0.000000000,0.000000000,0.000000000,0.000000000,0.000000000,0.000000000,0.000000000,0.000000000,0.000000000,0.000000000,0.000000000,0.000000000,0.000000000,0.000000000,0.000000000,-0.004451863,-0.007440567,-0.061309099,-0.058555603,-0.005481780,0.007577328,-0.000518798,-0.009137217,0.006797838,-0.004886166,-0.011866839,0.008217355
0.299743891,1.960266113,-1.031426430,-1.408408165,-0.027420998,0.690493584,0.026653290,-0.067810059,0.050354004,0.030212402,0.058410645,-0.040786743,0.024673462,1.960649490,-1.031426430,-1.408408165,-0.027420998,0.690493584,0.026653290,0.000042072,17.502201080,-3.759830713,-1.229153872,0.308012217,0.000753487,0.011672974,17.509727478,-3.833723068,-1.288974762,0.330479622,0.006622314,0.000042072,17.502201080,-3.759830713,-1.229153872,0.308012217,0.000753487,0.000000000,0.000000000,0.000000000,0.000000000,0.000000000,0.000000000,0.000000000,0.000000000,0.000000000,0.000000000,0.000000000,0.000000000,0.000000000,0.000000000,0.000000000,0.000000000,0.000000000,0.000000000,0.011630902,0.007526398,-0.073892355,-0.059820890,0.022467405,0.005868828,0.015061903,0.005641691,-0.005598791,-0.005953020,0.015563560,0.006298891
0.309743643,1.960649490,-1.031043053,-1.408408165,-0.027420998,0.690876961,0.026653290,-0.027526855,0.096132278,0.051696777,-0.077209473,0.037765503,-0.060928345,1.960649490,-1.031043053,-1.408408165,-0.027420998,0.690876961,0.026653290,0.000042073,17.502519608,-3.763075590,-1.229900360,0.308190405,0.000753970,-0.013748169,17.469444275,-3.876783371,-1.290531158,0.286900520,0.015594482,0.000042073,17.502519608,-3.763075590,-1.229900360,0.308190405,0.000753970,0.000000000,0.000000000,0.000000000,0.000000000,0.000000000,0.000000000,0.000000000,0.000000000,0.000000000,0.000000000,0.000000000,0.000000000,0.000000000,0.000000000,0.000000000,0.000000000,0.000000000,0.000000000,-0.013790242,-0.033075333,-0.113707781,-0.060630798,-0.021289885,0.014840512,-0.010035514,-0.033867538,-0.043995023,-0.006551586,-0.027312675,0.014793370
0.319708347,1.960266113,-1.031043053,-1.408408165,-0.027420998,0.690493584,0.026653290,-0.003356934,0.078432083,0.012756348,0.047668457,0.012588501,-0.004531860,1.960649490,-1.031043053,-1.408408165,-0.027420998,0.690876961,0.026653290,0.000042073,17.502519608,-3.763075590,-1.229900360,0.308190405,0.000753970,-0.005966187,17.500572205,-3.831129074,-1.281192780,0.266819000,-0.006195068,0.000042073,17.502519608,-3.763075590,-1.229900360,0.308190405,0.000753970,0.000000000,0.000000000,0.000000000,0.000000000,0.000000000,0.000000000,0.000000000,0.000000000,0.000000000,0.000000000,0.000000000,0.000000000,0.000000000,0.000000000,0.000000000,0.000000000,0.000000000,0.000000000,-0.006008260,-0.001947403,-0.068053484,-0.051292419,-0.041371405,-0.006949039,-0.002185243,-0.002656590,0.001608993,0.002702345,-0.045958008,-0.006784175
0.329744101,1.960649490,-1.031043053,-1.408408165,-0.027420998,0.690876961,0.026653290,0.066467285,0.039367676,-0.057067871,-0.132266998,0.022659302,-0.000503540,1.960649490,-1.031043053,-1.408408165,-0.027420998,0.690876961,0.026653290,0.000042073,17.502519608,-3.763075590,-1.229900360,0.308190405,0.000753970,0.000259399,17.513389587,-3.858106613,-1.279636383,0.308262825,0.004058838,0.000042073,17.502519608,-3.763075590,-1.229900360,0.308190405,0.000753970,0.000000000,0.000000000,0.000000000,0.000000000,0.000000000,0.000000000,0.000000000,0.000000000,0.000000000,0.000000000,0.000000000,0.000000000,0.000000000,0.000000000,0.000000000,0.000000000,0.000000000,0.000000000,0.000217326,0.010869980,-0.095031023,-0.049736023,0.000072420,0.003304868,0.003921509,0.009861946,-0.024622412,0.004133484,-0.004381413,0.003367680
0.339709282,1.960266113,-1.031043053,-1.408408165,-0.027420998,0.690876961,0.026653290,-0.183292389,-0.005187988,0.120178223,0.042297363,-0.004531860,0.015609741,1.960266113,-1.031043053,-1.408408165,-0.027420998,0.690876961,0.026653290,0.000042083,17.502519608,-3.763075590,-1.229900360,0.308190405,0.000753970,-0.012191772,17.520713806,-3.829053879,-1.282230377,0.308690071,-0.006622314,0.000042083,17.502519608,-3.763075590,-1.229900360,0.308190405,0.000753970,0.000000000,0.000000000,0.000000000,0.000000000,0.000000000,0.000000000,0.000000000,0.000000000,0.000000000,0.000000000,0.000000000,0.000000000,0.000000000,0.000000000,0.000000000,0.000000000,0.000000000,0.000000000,-0.012233856,0.018194199,-0.065978289,-0.052330017,0.000499666,-0.007376285,-0.008285968,0.016695132,0.004303741,0.001495504,-0.003841191,-0.007104516
0.349708557,1.960649490,-1.031426430,-1.408408165,-0.027037621,0.690876961,0.026653290,0.122863770,-0.021667480,-0.014099121,0.160461426,-0.007553101,0.047836304,1.960649490,-1.031043053,-1.408408165,-0.027420998,0.690493584,0.026653290,0.000042072,17.502258301,-3.762827396,-1.229624629,0.308288097,0.000754230,-0.017379761,17.513389587,-3.825941086,-1.268741608,0.285618782,-0.005767822,0.000042072,17.502258301,-3.762827396,-1.229624629,0.308288097,0.000754230,0.000000000,0.000000000,0.000000000,0.000000000,0.000000000,0.000000000,0.000000000,0.000000000,0.000000000,0.000000000,0.000000000,0.000000000,0.000000000,0.000000000,0.000000000,0.000000000,0.000000000,0.000000000,-0.017421833,0.011131287,-0.063113689,-0.039116979,-0.022669315,-0.006522052,-0.013099669,0.009364658,0.006969220,0.014299972,-0.026259889,-0.006076664
0.359708786,1.960649490,-1.031426430,-1.408408165,-0.027420998,0.690493584,0.026653290,0.007385254,0.007019043,-0.031555176,0.047668457,-0.051864624,0.044815063,1.960649490,-1.031043053,-1.408024788,-0.027420998,0.690876961,0.026653290,0.000042065,17.499357224,-3.760078907,-1.229429722,0.307914615,0.000753228,-0.005966187,17.504234314,-3.853437424,-1.283786774,0.312962532,-0.010040283,0.000042065,17.499357224,-3.760078907,-1.229429722,0.307914615,0.000753228,0.000000000,0.000000000,0.000000000,0.000000000,0.000000000,0.000000000,0.000000000,0.000000000,0.000000000,0.000000000,0.000000000,0.000000000,0.000000000,0.000000000,0.000000000,0.000000000,0.000000000,0.000000000,-0.006008251,0.004877090,-0.093358517,-0.054357052,0.005047917,-0.010793511,-0.001640517,0.003026395,-0.022646537,-0.000914693,0.001417956,-0.010068444
0.369710445,1.960266113,-1.031426430,-1.408408165,-0.027420998,0.690876961,0.026653290,0.044982910,-0.038757324,-0.000671387,0.058410645,0.017623901,0.061935425,1.960266113,-1.031043053,-1.408024788,-0.027420998,0.690876961,0.026653290,0.000042075,17.499357224,-3.760078907,-1.229429722,0.307914615,0.000753228,0.000259399,17.500572205,-3.827497482,-1.278598785,0.315526009,-0.004058838,0.000042075,17.499357224,-3.760078907,-1.229429722,0.307914615,0.000753228,0.000000000,0.000000000,0.000000000,0.000000000,0.000000000,0.000000000,0.000000000,0.000000000,0.000000000,0.000000000,0.000000000,0.000000000,0.000000000,0.000000000,0.000000000,0.000000000,0.000000000,0.000000000,0.000217324,0.001214981,-0.067418575,-0.049169064,0.007611394,-0.004812066,0.004464399,-0.000618985,0.003206736,0.004160840,0.003876658,-0.003979446
0.379742861,1.960649490,-1.031426430,-1.408408165,-0.027420998,0.690876961,0.026653290,-0.035583496,-0.074769974,0.022155762,-0.019470215,0.028701782,-0.000503540,1.960649490,-1.031426430,-1.408408165,-0.027420998,0.690876961,0.026653290,0.000042073,17.502464294,-3.760078907,-1.229429722,0.307914615,0.000753228,-0.004409790,17.463951111,-3.847730637,-1.290012360,0.307835579,0.012176514,0.000042073,17.502464294,-3.760078907,-1.229429722,0.307914615,0.000753228,0.000000000,0.000000000,0.000000000,0.000000000,0.000000000,0.000000000,0.000000000,0.000000000,0.000000000,0.000000000,0.000000000,0.000000000,0.000000000,0.000000000,0.000000000,0.000000000,0.000000000,0.000000000,-0.004451863,-0.038513184,-0.087651730,-0.060582638,-0.000079036,0.011423286,-0.000199537,-0.039312607,-0.016589843,-0.007066766,-0.003715983,0.011941652
0.389709473,1.960649490,-1.031043053,-1.408408165,-0.027420998,0.690876961,0.026653290,0.173892975,0.133363724,0.086608887,0.028869629,0.007553101,-0.000503540,1.960649490,-1.031043053,-1.408408165,-0.027420998,0.690876961,0.026653290,0.000042073,17.502519608,-3.763075590,-1.229900360,0.308190405,0.000753970,-0.009078979,17.496910095,-3.816601753,-1.316472054,0.299717903,-0.002777100,0.000042073,17.502519608,-3.763075590,-1.229900360,0.308190405,0.000753970,0.000000000,0.000000000,0.000000000,0.000000000,0.000000000,0.000000000,0.000000000,0.000000000,0.000000000,0.000000000,0.000000000,0.000000000,0.000000000,0.000000000,0.000000000,0.000000000,0.000000000,0.000000000,-0.009121053,-0.005609512,-0.053526163,-0.086571693,-0.008472502,-0.003531070,-0.004747009,-0.006248713,0.017097330,-0.032229427,-0.011806713,-0.002937387
0.399709225,1.960266113,-1.031426430,-1.408408165,-0.027420998,0.690876961,0.026653290,0.003356934,-0.060121536,0.134948730,-0.090641022,-0.023666382,-0.029708862,1.960649490,-1.031043053,-1.408408165,-0.027420998,0.690876961,0.026653290,0.000042073,17.502519608,-3.763075590,-1.229900360,0.308190405,0.000753970,0.009078979,17.495079041,-3.834760666,-1.280673981,0.318089485,0.007904053,0.000042073,17.502519608,-3.763075590,-1.229900360,0.308190405,0.000753970,0.000000000,0.000000000,0.000000000,0.000000000,0.000000000,0.000000000,0.000000000,0.000000000,0.000000000,0.000000000,0.000000000,0.000000000,0.000000000,0.000000000,0.000000000,0.000000000,0.000000000,0.000000000,0.009036906,-0.007440567,-0.071685076,-0.050773621,0.009899080,0.007150082,0.013083854,-0.007882700,-0.001035690,0.003481606,0.006404750,0.007554893
0.409708261,1.960649490,-1.031043053,-1.408408165,-0.027420998,0.690493584,0.026653290,0.040954590,-0.052186966,-0.040954590,-0.082580566,-0.013595581,0.009567261,1.960649490,-1.031043053,-1.408408165,-0.027420998,0.690493584,0.026653290,0.000042072,17.502258301,-3.762827396,-1.229624629,0.308288097,0.000754230,0.008041382,17.498741150,-3.807782173,-1.283267975,0.312962532,-0.006195068,0.000042072,17.502258301,-3.762827396,-1.229624629,0.308288097,0.000754230,0.000000000,0.000000000,0.000000000,0.000000000,0.000000000,0.000000000,0.000000000,0.000000000,0.000000000,0.000000000,0.000000000,0.000000000,0.000000000,0.000000000,0.000000000,0.000000000,0.000000000,0.000000000,0.007999310,-0.003517151,-0.044954777,-0.053643346,0.004674435,-0.006949298,0.011759442,-0.003865015,0.025082832,0.000597312,0.001152007,-0.006388666
0.419709682,1.960649490,-1.031043053,-1.408408165,-0.027420998,0.690493584,0.026653290,0.070495605,-0.069887161,-0.147037506,-0.055725098,-0.028701782,-0.035751343,1.960649490,-1.031043053,-1.408408165,-0.027420998,0.690493584,0.026653290,0.000042072,17.502258301,-3.762827396,-1.229624629,0.308288097,0.000754230,-0.000259399,17.502403259,-3.817120552,-1.293643951,0.318943977,-0.005767822,0.000042072,17.502258301,-3.762827396,-1.229624629,0.308288097,0.000754230,0.000000000,0.000000000,0.000000000,0.000000000,0.000000000,0.000000000,0.000000000,0.000000000,0.000000000,0.000000000,0.000000000,0.000000000,0.000000000,0.000000000,0.000000000,0.000000000,0.000000000,0.000000000,-0.000301472,0.000144958,-0.054293156,-0.064019322,0.010655880,-0.006522052,0.003378226,-0.000198187,0.015378303,-0.009551253,0.006967558,-0.005822782
0.429715157,1.960266113,-1.031426430,-1.408408165,-0.027420998,0.690493584,0.026653290,0.026184082,0.000915527,0.020812988,-0.035583496,0.012588501,0.000503540,1.960266113,-1.031043053,-1.408408165,-0.027420998,0.690876961,0.026653290,0.000042083,17.502519608,-3.763075590,-1.229900360,0.308190405,0.000753970,-0.025680542,17.515220642,-3.833204269,-1.203372002,0.299290657,0.000213623,0.000042083,17.502519608,-3.763075590,-1.229900360,0.308190405,0.000753970,0.000000000,0.000000000,0.000000000,0.000000000,0.000000000,0.000000000,0.000000000,0.000000000,0.000000000,0.000000000,0.000000000,0.000000000,0.000000000,0.000000000,0.000000000,0.000000000,0.000000000,0.000000000,-0.025722625,0.012701035,-0.070128679,0.026528358,-0.008899748,-0.000540347,-0.021541952,0.012077028,-0.000446829,0.079155600,-0.012301977,0.000155310
0.439751148,1.960649490,-1.031043053,-1.408408165,-0.027420998,0.690876961,0.026653290,-0.015441895,-0.047304153,0.113464355,-0.071838379,0.034744263,-0.027694702,1.960649490,-1.031043053,-1.408408165,-0.027420998,0.690493584,0.026653290,0.000042072,17.502258301,-3.762827396,-1.229624629,0.308288097,0.000754230,-0.002853394,17.473106384,-3.865888596,-1.291568756,0.312108040,0.000213623,0.000042072,17.502258301,-3.762827396,-1.229624629,0.308288097,0.000754230,0.000000000,0.000000000,0.000000000,0.000000000,0.000000000,0.000000000,0.000000000,0.000000000,0.000000000,0.000000000,0.000000000,0.000000000,0.000000000,0.000000000,0.000000000,0.000000000,0.000000000,0.000000000,-0.002895466,-0.029151917,-0.103061199,-0.061944127,0.003819942,-0.000540607,0.001256648,-0.029114236,-0.032637586,-0.009109844,0.000408431,0.000151606
0.449750423,1.960649490,-1.031043053,-1.408408165,-0.027420998,0.690876961,0.026653290,-0.042297363,-0.043031693,0.039611816,0.109436035,0.037765503,-0.017623901,1.960266113,-1.031426430,-1.408408165,-0.027420998,0.690876961,0.026653290,0.000042083,17.502464294,-3.760078907,-1.229429722,0.307914615,0.000753228,0.000259399,17.463951111,-3.832166672,-1.286380768,0.283055305,-0.008331299,0.000042083,17.502464294,-3.760078907,-1.229429722,0.307914615,0.000753228,0.000000000,0.000000000,0.000000000,0.000000000,0.000000000,0.000000000,0.000000000,0.000000000,0.000000000,0.000000000,0.000000000,0.000000000,0.000000000,0.000000000,0.000000000,0.000000000,0.000000000,0.000000000,0.000217316,-0.038513184,-0.072087765,-0.056951046,-0.024859309,-0.009084526,0.004274442,-0.037639079,-0.001627974,-0.004027268,-0.027656238,-0.008209873
0.459711790,1.960649490,-1.031043053,-1.408408165,-0.027420998,0.690493584,0.026653290,-0.055725098,-0.010070801,0.016784668,-0.098697662,-0.025680542,0.027694702,1.960649490,-1.031043053,-1.408408165,-0.027420998,0.690876961,0.026653290,0.000042073,17.502519608,-3.763075590,-1.229900360,0.308190405,0.000753970,-0.012710571,17.507896423,-3.819196701,-1.284305573,0.300572395,-0.005340576,0.000042073,17.502519608,-3.763075590,-1.229900360,0.308190405,0.000753970,0.000000000,0.000000000,0.000000000,0.000000000,0.000000000,0.000000000,0.000000000,0.000000000,0.000000000,0.000000000,0.000000000,0.000000000,0.000000000,0.000000000,0.000000000,0.000000000,0.000000000,0.000000000,-0.012752644,0.005376816,-0.056121111,-0.054405212,-0.007618010,-0.006094547,-0.008510508,0.006117922,0.014033602,-0.001449915,-0.010193344,-0.005108831
0.469716787,1.960266113,-1.031043053,-1.408408165,-0.027420998,0.690493584,0.026653290,-0.109439850,0.094301224,-0.058410645,0.049011230,0.017623901,0.011581421,1.960649490,-1.031043053,-1.408408165,-0.027420998,0.690876961,0.026653290,0.000042073,17.502519608,-3.763075590,-1.229900360,0.308190405,0.000753970,0.019454956,17.533531189,-3.807263374,-1.285343170,0.287755013,0.010894775,0.000042073,17.502519608,-3.763075590,-1.229900360,0.308190405,0.000753970,0.000000000,0.000000000,0.000000000,0.000000000,0.000000000,0.000000000,0.000000000,0.000000000,0.000000000,0.000000000,0.000000000,0.000000000,0.000000000,0.000000000,0.000000000,0.000000000,0.000000000,0.000000000,0.019412883,0.031011581,-0.044187784,-0.055442810,-0.020435393,0.010140805,0.023162207,0.031091173,0.025425951,-0.002435689,-0.022531337,0.010894718
0.479750395,1.960266113,-1.031426430,-1.408408165,-0.027420998,0.690876961,0.026653290,-0.116153717,0.001525879,-0.057067871,-0.051696777,-0.025680542,-0.021652222,1.960649490,-1.031043053,-1.408408165,-0.027420998,0.690876961,0.026653290,0.000042073,17.502519608,-3.763075590,-1.229900360,0.308190405,0.000753970,0.009597778,17.473106384,-3.846693039,-1.284824371,0.303563118,0.001495361,0.000042073,17.502519608,-3.763075590,-1.229900360,0.308190405,0.000753970,0.000000000,0.000000000,0.000000000,0.000000000,0.000000000,0.000000000,0.000000000,0.000000000,0.000000000,0.000000000,0.000000000,0.000000000,0.000000000,0.000000000,0.000000000,0.000000000,0.000000000,0.000000000,0.009555705,-0.029413223,-0.083617449,-0.054924011,-0.004627287,0.000741391,0.013033498,-0.028734986,-0.013717924,-0.001877770,-0.006586023,0.001464787
0.489747763,1.960649490,-1.031043053,-1.408408165,-0.027420998,0.690876961,0.026653290,-0.036926270,0.106508255,-0.106754303,-0.018127441,0.038772583,0.001510620,1.960649490,-1.031426430,-1.408408165,-0.027420998,0.690876961,0.026653290,0.000042073,17.502464294,-3.760078907,-1.229429722,0.307914615,0.000753228,-0.017379761,17.495079041,-3.834760666,-1.274448395,0.317234993,-0.013458252,0.000042073,17.502464294,-3.760078907,-1.229429722,0.307914615,0.000753228,0.000000000,0.000000000,0.000000000,0.000000000,0.000000000,0.000000000,0.000000000,0.000000000,0.000000000,0.000000000,0.000000000,0.000000000,0.000000000,0.000000000,0.000000000,0.000000000,0.000000000,0.000000000,-0.017421834,-0.007385254,-0.074681759,-0.045018673,0.009320378,-0.014211480,-0.013665160,-0.006572876,-0.004686589,0.007867017,0.007214410,-0.013218321
0.499737024,1.960649490,-1.031426430,-1.408408165,-0.027420998,0.690493584,0.026653290,0.116149902,-0.095521927,-0.010070801,0.016784668,-0.042800903,0.011581421,1.960266113,-1.031043053,-1.408408165,-0.027420998,0.690876961,0.026653290,0.000042083,17.502519608,-3.763075590,-1.229900360,0.308190405,0.000753970,-0.009597778,17.529869080,-3.803631783,-1.283786774,0.317662239,0.004486084,0.000042083,17.502519608,-3.763075590,-1.229900360,0.308190405,0.000753970,0.000000000,0.000000000,0.000000000,0.000000000,0.000000000,0.000000000,0.000000000,0.000000000,0.000000000,0.000000000,0.000000000,0.000000000,0.000000000,0.000000000,0.000000000,0.000000000,0.000000000,0.000000000,-0.009639861,0.027349472,-0.040556192,-0.053886414,0.009471834,0.003732114,-0.005767831,0.027609657,0.028861742,-0.000981102,0.007221437,0.004632619
0.509745598,1.960649490,-1.031426430,-1.408408165,-0.027420998,0.690876961,0.026653290,0.071838379,-0.139467239,-0.114810944,0.018127441,0.004531860,0.029708862,1.960649490,-1.031043053,-1.408024788,-0.027420998,0.690876961,0.026653290,0.000042065,17.499357224,-3.760078907,-1.229429722,0.307914615,0.000753228,-0.003372192,17.462120056,-3.856550217,-1.278079987,0.316807747,0.007476807,0.000042065,17.499357224,-3.760078907,-1.229429722,0.307914615,0.000753228,0.000000000,0.000000000,0.000000000,0.000000000,0.000000000,0.000000000,0.000000000,0.000000000,0.000000000,0.000000000,0.000000000,0.000000000,0.000000000,0.000000000,0.000000000,0.000000000,0.000000000,0.000000000,-0.003414257,-0.037237167,-0.096471310,-0.048650265,0.008893132,0.006723579,0.000448969,-0.036265887,-0.026533118,0.004173219,0.006514991,0.007477468
0.519743919,1.960649490,-1.031426430,-1.408408165,-0.027420998,0.690876961,0.026653290,-0.032897949,-0.036926270,-0.030212402,-0.117496490,-0.015609741,0.042800903,1.960649490,-1.031043053,-1.408408165,-0.027420998,0.690876961,0.026653290,0.000042073,17.502519608,-3.763075590,-1.229900360,0.308190405,0.000753970,0.015823364,17.524375916,-3.827497482,-1.277042389,0.279210091,-0.002777100,0.000042073,17.502519608,-3.763075590,-1.229900360,0.308190405,0.000753970,0.000000000,0.000000000,0.000000000,0.000000000,0.000000000,0.000000000,0.000000000,0.000000000,0.000000000,0.000000000,0.000000000,0.000000000,0.000000000,0.000000000,0.000000000,0.000000000,0.000000000,0.000000000,0.015781291,0.021856308,-0.064421892,-0.047142029,-0.028980315,-0.003531070,0.019273867,0.022396879,0.005412219,0.005574258,-0.030766787,-0.002724782
0.529714108,1.960649490,-1.031426430,-1.408024788,-0.027420998,0.690876961,0.026653290,0.061096191,-0.118715286,0.082580566,0.010070801,-0.036758423,-0.017623901,1.960649490,-1.031426430,-1.408408165,-0.027420998,0.690493584,0.026653290,0.000042072,17.502201080,-3.759830713,-1.229153872,0.308012217,0.000753487,-0.021011353,17.537193298,-3.832685471,-1.268741608,0.283482552,0.003204346,0.000042072,17.502201080,-3.759830713,-1.229153872,0.308012217,0.000753487,0.000000000,0.000000000,0.000000000,0.000000000,0.000000000,0.000000000,0.000000000,0.000000000,0.000000000,0.000000000,0.000000000,0.000000000,0.000000000,0.000000000,0.000000000,0.000000000,0.000000000,0.000000000,-0.021053425,0.034992218,-0.072854757,-0.039587736,-0.024529666,0.002450859,-0.017235648,0.034874775,-0.002964709,0.012885429,-0.025828802,0.003196830
0.539722443,1.960649490,-1.031043053,-1.408408165,-0.027420998,0.690876961,0.026653290,-0.179264069,0.027160645,0.044982910,-0.038269043,0.037765503,-0.019638062,1.960649490,-1.031043053,-1.408408165,-0.027420998,0.690876961,0.026653290,0.000042073,17.502519608,-3.763075590,-1.229900360,0.308190405,0.000753970,0.000778198,17.500572205,-3.895979881,-1.332554817,0.291600227,0.012176514,0.000042073,17.502519608,-3.763075590,-1.229900360,0.308190405,0.000753970,0.000000000,0.000000000,0.000000000,0.000000000,0.000000000,0.000000000,0.000000000,0.000000000,0.000000000,0.000000000,0.000000000,0.000000000,0.000000000,0.000000000,0.000000000,0.000000000,0.000000000,0.000000000,0.000736125,-0.001947403,-0.132904291,-0.102654457,-0.016590178,0.011422543,0.004471103,-0.002027304,-0.061868529,-0.049268905,-0.017564055,0.011947268
0.549710989,1.960649490,-1.031043053,-1.408408165,-0.027420998,0.690493584,0.026653290,0.086608887,0.029602051,-0.081237793,-0.082580566,0.033737183,-0.037765503,1.960649490,-1.031043053,-1.408408165,-0.027420998,0.690876961,0.026653290,0.000042073,17.502519608,-3.763075590,-1.229900360,0.308190405,0.000753970,0.002853394,17.518882751,-3.822309494,-1.299870491,0.293736458,0.002777100,0.000042073,17.502519608,-3.763075590,-1.229900360,0.308190405,0.000753970,0.000000000,0.000000000,0.000000000,0.000000000,0.000000000,0.000000000,0.000000000,0.000000000,0.000000000,0.000000000,0.000000000,0.000000000,0.000000000,0.000000000,0.000000000,0.000000000,0.000000000,0.000000000,0.002811320,0.016363144,-0.059233904,-0.069970131,-0.014453948,0.002023129,0.006429400,0.015992471,0.011591111,-0.016288425,-0.015152327,0.002502357
0.559742451,1.960649490,-1.031426430,-1.408408165,-0.027420998,0.690876961,0.026653290,0.027526855,0.015563965,0.069152832,-0.047668457,0.044815063,0.003524780,1.960649490,-1.031426430,-1.408024788,-0.027420998,0.690876961,0.026653290,0.000042065,17.499300003,-3.757081747,-1.228958964,0.307638764,0.000752485,0.011672974,17.518882751,-3.857069016,-1.308690071,0.295445442,0.015594482,0.000042065,17.499300003,-3.757081747,-1.228958964,0.307638764,0.000752485,0.000000000,0.000000000,0.000000000,0.000000000,0.000000000,0.000000000,0.000000000,0.000000000,0.000000000,0.000000000,0.000000000,0.000000000,0.000000000,0.000000000,0.000000000,0.000000000,0.000000000,0.000000000,0.011630909,0.019582748,-0.099987268,-0.079731107,-0.012193322,0.014841998,0.014981463,0.018875022,-0.028650635,-0.025592394,-0.012665532,0.015052432
0.569708109,1.960649490,-1.031043053,-1.408408165,-0.027420998,0.690493584,0.026653290,0.014099121,0.047302246,0.051696777,-0.018127441,-0.001510620,0.007553101,1.960649490,-1.031426430,-1.408408165,-0.027420998,0.690876961,0.026653290,0.000042073,17.502464294,-3.760078907,-1.229429722,0.307914615,0.000753228,0.011154175,17.518882751,-3.822309494,-1.296238899,0.315526009,-0.011749268,0.000042073,17.502464294,-3.760078907,-1.229429722,0.307914615,0.000753228,0.000000000,0.000000000,0.000000000,0.000000000,0.000000000,0.000000000,0.000000000,0.000000000,0.000000000,0.000000000,0.000000000,0.000000000,0.000000000,0.000000000,0.000000000,0.000000000,0.000000000,0.000000000,0.011112102,0.016418457,-0.062230587,-0.066809177,0.007611394,-0.012502495,0.014213300,0.015439856,0.008949045,-0.012452008,0.007016095,-0.012080129
0.579741240,1.960649490,-1.031043053,-1.408408165,-0.027420998,0.690493584,0.026653290,0.062438965,-0.006408691,-0.078552246,0.069152832,0.025680542,0.019638062,1.960649490,-1.031426430,-1.408408165,-0.027420998,0.690493584,0.026653290,0.000042072,17.502201080,-3.759830713,-1.229153872,0.308012217,0.000753487,-0.013748169,17.502403259,-3.826459885,-1.296757698,0.280491829,0.008331299,0.000042072,17.502201080,-3.759830713,-1.229153872,0.308012217,0.000753487,0.000000000,0.000000000,0.000000000,0.000000000,0.000000000,0.000000000,0.000000000,0.000000000,0.000000000,0.000000000,0.000000000,0.000000000,0.000000000,0.000000000,0.000000000,0.000000000,0.000000000,0.000000000,-0.013790241,0.000202179,-0.066629171,-0.067603827,-0.027520388,0.007577812,-0.010507873,-0.000763263,0.004473335,-0.013022138,-0.027639150,0.007864582
0.589708090,1.960649490,-1.031426430,-1.408408165,-0.027420998,0.690493584,0.026653290,0.020812988,-0.044862747,-0.040954590,-0.027526855,-0.062942505,0.002517700,1.960649490,-1.031426430,-1.408408165,-0.027420998,0.690876961,0.026653290,0.000042073,17.502464294,-3.760078907,-1.229429722,0.307914615,0.000753228,-0.011672974,17.498741150,-3.822309494,-1.271335602,0.316807747,-0.000640869,0.000042073,17.502464294,-3.760078907,-1.229429722,0.307914615,0.000753228,0.000000000,0.000000000,0.000000000,0.000000000,0.000000000,0.000000000,0.000000000,0.000000000,0.000000000,0.000000000,0.000000000,0.000000000,0.000000000,0.000000000,0.000000000,0.000000000,0.000000000,0.000000000,-0.011715047,-0.003723145,-0.062230587,-0.041905880,0.008893132,-0.001394097,-0.008292134,-0.004610443,0.008724054,0.012464545,0.008628131,-0.001088871
0.599711180,1.960649490,-1.031043053,-1.408408165,-0.027420998,0.690876961,0.026653290,0.010070801,0.038146973,-0.081237793,0.132263184,0.033737183,0.035751343,1.960649490,-1.031043053,-1.408408165,-0.027420998,0.690876961,0.026653290,0.000042073,17.502519608,-3.763075590,-1.229900360,0.308190405,0.000753970,-0.005447388,17.520713806,-3.851362228,-1.284305573,0.306981087,-0.004913330,0.000042073,17.502519608,-3.763075590,-1.229900360,0.308190405,0.000753970,0.000000000,0.000000000,0.000000000,0.000000000,0.000000000,0.000000000,0.000000000,0.000000000,0.000000000,0.000000000,0.000000000,0.000000000,0.000000000,0.000000000,0.000000000,0.000000000,0.000000000,0.000000000,-0.005489461,0.018194199,-0.088286638,-0.054405212,-0.001209319,-0.005667300,-0.002032670,0.017023180,-0.017047866,-0.000034217,-0.001450151,-0.005274172
0.609708309,1.960649490,-1.031043053,-1.408408165,-0.027420998,0.690493584,0.026653290,0.038269043,-0.062562943,0.089294434,-0.125553131,-0.084095001,0.040786743,1.960649490,-1.031043053,-1.408408165,-0.027420998,0.690493584,0.026653290,0.000042072,17.502258301,-3.762827396,-1.229624629,0.308288097,0.000754230,-0.020492554,17.469444275,-3.802075386,-1.285861969,0.295018196,-0.004913330,0.000042072,17.502258301,-3.762827396,-1.229624629,0.308288097,0.000754230,0.000000000,0.000000000,0.000000000,0.000000000,0.000000000,0.000000000,0.000000000,0.000000000,0.000000000,0.000000000,0.000000000,0.000000000,0.000000000,0.000000000,0.000000000,0.000000000,0.000000000,0.000000000,-0.020534626,-0.032814026,-0.039247990,-0.056237340,-0.013269901,-0.005667560,-0.016802386,-0.033436898,0.031474802,-0.001836242,-0.013292818,-0.005189360
0.619705915,1.960266113,-1.031043053,-1.408408165,-0.027420998,0.690493584,0.026653290,0.050354004,-0.106508255,-0.065124512,-0.004699707,-0.024673462,0.043807983,1.960649490,-1.031426430,-1.408408165,-0.027420998,0.690876961,0.026653290,0.000042073,17.502464294,-3.760078907,-1.229429722,0.307914615,0.000753228,0.018936157,17.473106384,-3.802594185,-1.282230377,0.331334114,-0.020294189,0.000042073,17.502464294,-3.760078907,-1.229429722,0.307914615,0.000753228,0.000000000,0.000000000,0.000000000,0.000000000,0.000000000,0.000000000,0.000000000,0.000000000,0.000000000,0.000000000,0.000000000,0.000000000,0.000000000,0.000000000,0.000000000,0.000000000,0.000000000,0.000000000,0.018894084,-0.029357910,-0.042515278,-0.052800655,0.023419499,-0.021047417,0.022267176,-0.029504897,0.027759775,0.001575039,0.023025208,-0.020242722
0.629759073,1.960649490,-1.031043053,-1.408408165,-0.027420998,0.690493584,0.026653290,-0.109439850,-0.027770996,0.061096191,0.018127441,-0.012588501,-0.036758423,1.960266113,-1.031426430,-1.408408165,-0.027804375,0.690493584,0.026653290,0.000042083,17.502649307,-3.760254383,-1.229624629,0.308288097,0.000754230,0.011154175,17.520713806,-3.821790695,-1.284824371,0.300145149,0.002349854,0.000042083,17.502649307,-3.760254383,-1.229624629,0.308288097,0.000754230,0.000000000,0.000000000,0.000000000,0.000000000,0.000000000,0.000000000,0.000000000,0.000000000,0.000000000,0.000000000,0.000000000,0.000000000,0.000000000,0.000000000,0.000000000,0.000000000,0.000000000,0.000000000,0.011112092,0.018064499,-0.061536312,-0.055199742,-0.008142948,0.001595624,0.014258852,0.017637551,0.008602198,-0.000811173,-0.008403845,0.002362814
0.639758348,1.960649490,-1.031043053,-1.408408165,-0.027420998,0.690876961,0.026653290,0.018127441,0.007629395,0.027526855,0.054382324,-0.025680542,-0.030715942,1.960649490,-1.031043053,-1.408408165,-0.027420998,0.690876961,0.026653290,0.000042073,17.502519608,-3.763075590,-1.229900360,0.308190405,0.000753970,0.012191772,17.511558533,-3.819196701,-1.286380768,0.287327766,-0.013031006,0.000042073,17.502519608,-3.763075590,-1.229900360,0.308190405,0.000753970,0.000000000,0.000000000,0.000000000,0.000000000,0.000000000,0.000000000,0.000000000,0.000000000,0.000000000,0.000000000,0.000000000,0.000000000,0.000000000,0.000000000,0.000000000,0.000000000,0.000000000,0.000000000,0.012149699,0.009038925,-0.056121111,-0.056480408,-0.020862639,-0.013784976,0.015061130,0.008479485,0.013801747,-0.002059656,-0.020798558,-0.012817512
0.649711609,1.960266113,-1.031043053,-1.408024788,-0.027420998,0.690876961,0.026653290,-0.023498535,0.036315918,0.094665527,-0.094669342,0.045822144,-0.012588501,1.960649490,-1.031043053,-1.408024788,-0.027420998,0.690876961,0.026653290,0.000042065,17.499357224,-3.760078907,-1.229429722,0.307914615,0.000753228,-0.004928589,17.463951111,-3.830610275,-1.291049957,0.312962532,-0.001068115,0.000042065,17.499357224,-3.760078907,-1.229429722,0.307914615,0.000753228,0.000000000,0.000000000,0.000000000,0.000000000,0.000000000,0.000000000,0.000000000,0.000000000,0.000000000,0.000000000,0.000000000,0.000000000,0.000000000,0.000000000,0.000000000,0.000000000,0.000000000,0.000000000,-0.004970654,-0.035406113,-0.070531368,-0.061620235,0.005047917,-0.001821343,-0.002028023,-0.035420620,-0.000599290,-0.007090401,0.005034543,-0.000840941
0.659713984,1.960649490,-1.031426430,-1.408408165,-0.027420998,0.690876961,0.026653290,0.024841309,-0.063783646,0.140319824,-0.124210358,0.040786743,0.026687622,1.960649490,-1.031426430,-1.408408165,-0.027420998,0.690493584,0.026653290,0.000042072,17.502201080,-3.759830713,-1.229153872,0.308012217,0.000753487,-0.007003784,17.491416931,-3.831129074,-1.286380768,0.316807747,0.006195068,0.000042072,17.502201080,-3.759830713,-1.229153872,0.308012217,0.000753487,0.000000000,0.000000000,0.000000000,0.000000000,0.000000000,0.000000000,0.000000000,0.000000000,0.000000000,0.000000000,0.000000000,0.000000000,0.000000000,0.000000000,0.000000000,0.000000000,0.000000000,0.000000000,-0.007045856,-0.010784149,-0.071298361,-0.057226896,0.008795530,0.005441582,-0.004041983,-0.010637483,-0.001345891,-0.002656807,0.008651079,0.006326133
0.669710159,1.960649490,-1.031043053,-1.408408165,-0.027420998,0.690493584,0.026653290,-0.091983795,0.087587357,0.054382324,-0.038269043,-0.008560181,0.058914185,1.960266113,-1.031043053,-1.408408165,-0.027420998,0.690493584,0.026653290,0.000042082,17.502258301,-3.762827396,-1.229624629,0.308288097,0.000754230,-0.004409790,17.460289001,-3.833723068,-1.280673981,0.302281380,0.004058838,0.000042082,17.502258301,-3.762827396,-1.229624629,0.308288097,0.000754230,0.000000000,0.000000000,0.000000000,0.000000000,0.000000000,0.000000000,0.000000000,0.000000000,0.000000000,0.000000000,0.000000000,0.000000000,0.000000000,0.000000000,0.000000000,0.000000000,0.000000000,0.000000000,-0.004451872,-0.041969299,-0.070895672,-0.051049352,-0.006006718,0.003304608,-0.001426705,-0.041207594,-0.000929331,0.003468962,-0.006060710,0.004127554
0.679750204,1.960649490,-1.031426430,-1.408408165,-0.027420998,0.690493584,0.026653290,0.065124512,-0.031433105,0.065124512,-0.054382324,-0.034744263,-0.005538940,1.960649490,-1.031043053,-1.408408165,-0.027420998,0.690493584,0.026653290,0.000042072,17.502258301,-3.762827396,-1.229624629,0.308288097,0.000754230,0.002334595,17.511558533,-3.844617844,-1.274967194,0.315526009,0.000640869,0.000042072,17.502258301,-3.762827396,-1.229624629,0.308288097,0.000754230,0.000000000,0.000000000,0.000000000,0.000000000,0.000000000,0.000000000,0.000000000,0.000000000,0.000000000,0.000000000,0.000000000,0.000000000,0.000000000,0.000000000,0.000000000,0.000000000,0.000000000,0.000000000,0.002292523,0.009300232,-0.081790447,-0.045342565,0.007237911,-0.000113361,0.005240622,0.009916112,-0.011652743,0.009042768,0.007079804,0.000699301
0.689740896,1.960649490,-1.031043053,-1.408408165,-0.027420998,0.690493584,0.026653290,-0.085266113,0.099794388,-0.112125397,0.011413574,-0.037765503,0.001510620,1.960649490,-1.031043053,-1.408408165,-0.027420998,0.690876961,0.026653290,0.000042073,17.502519608,-3.763075590,-1.229900360,0.308190405,0.000753970,-0.010116577,17.507896423,-3.832166672,-1.276004791,0.249729156,0.003204346,0.000042073,17.502519608,-3.763075590,-1.229900360,0.308190405,0.000753970,0.000000000,0.000000000,0.000000000,0.000000000,0.000000000,0.000000000,0.000000000,0.000000000,0.000000000,0.000000000,0.000000000,0.000000000,0.000000000,0.000000000,0.000000000,0.000000000,0.000000000,0.000000000,-0.010158650,0.005376816,-0.069091082,-0.046104431,-0.058461249,0.002450375,-0.007107543,0.005907086,0.001031671,0.008162602,-0.057781937,0.003216423
0.699711323,1.960649490,-1.031426430,-1.408024788,-0.027420998,0.690876961,0.026653290,-0.006042480,0.126649857,0.120178223,-0.042297363,0.016616821,-0.009567261,1.960649490,-1.031043053,-1.408408165,-0.027420998,0.690493584,0.026653290,0.000042072,17.502258301,-3.762827396,-1.229624629,0.308288097,0.000754230,0.002853394,17.524375916,-3.831647873,-1.281192780,0.341160774,0.003631592,0.000042072,17.502258301,-3.762827396,-1.229624629,0.308288097,0.000754230,0.000000000,0.000000000,0.000000000,0.000000000,0.000000000,0.000000000,0.000000000,0.000000000,0.000000000,0.000000000,0.000000000,0.000000000,0.000000000,0.000000000,0.000000000,0.000000000,0.000000000,0.000000000,0.002811321,0.022117615,-0.068820477,-0.051568151,0.032872677,0.002877362,0.005779859,0.022328901,0.001283934,0.002660871,0.033079426,0.003592094
0.709762573,1.960649490,-1.031426430,-1.408408165,-0.027420998,0.690493584,0.026653290,0.000671387,-0.044252396,-0.083923340,-0.002014160,-0.003524780,-0.005538940,1.960266113,-1.031426430,-1.408408165,-0.027420998,0.690876961,0.026653290,0.000042083,17.502464294,-3.760078907,-1.229429722,0.307914615,0.000753228,-0.014266968,17.471275330,-3.845655441,-1.286380768,0.323643684,-0.003631592,0.000042083,17.502464294,-3.760078907,-1.229429722,0.307914615,0.000753228,0.000000000,0.000000000,0.000000000,0.000000000,0.000000000,0.000000000,0.000000000,0.000000000,0.000000000,0.000000000,0.000000000,0.000000000,0.000000000,0.000000000,0.000000000,0.000000000,0.000000000,0.000000000,-0.014309051,-0.031188965,-0.085576534,-0.056951046,0.015729070,-0.004384819,-0.011183006,-0.030547433,-0.015257233,-0.002684219,0.015714488,-0.003619114
0.719712496,1.960649490,-1.031043053,-1.408408165,-0.027420998,0.690493584,0.026653290,0.101379395,0.009460449,-0.141666412,0.011413574,0.024673462,0.047836304,1.960649490,-1.031043053,-1.408408165,-0.027420998,0.690493584,0.026653290,0.000042072,17.502258301,-3.762827396,-1.229624629,0.308288097,0.000754230,0.025680542,17.509727478,-3.796887398,-1.295720100,0.297154427,-0.006622314,0.000042072,17.502258301,-3.762827396,-1.229624629,0.308288097,0.000754230,0.000000000,0.000000000,0.000000000,0.000000000,0.000000000,0.000000000,0.000000000,0.000000000,0.000000000,0.000000000,0.000000000,0.000000000,0.000000000,0.000000000,0.000000000,0.000000000,0.000000000,0.000000000,0.025638470,0.007469177,-0.034060001,-0.066095471,-0.011133671,-0.007376544,0.028370480,0.007999603,0.035762597,-0.011666608,-0.010995537,-0.006520280
0.729711056,1.960649490,-1.031043053,-1.408408165,-0.027420998,0.690876961,0.026653290,0.129577637,0.037536621,-0.106754303,0.046325684,0.026687622,0.009567261,1.960649490,-1.031426430,-1.408408165,-0.027420998,0.690493584,0.026653290,0.000042072,17.502201080,-3.759830713,-1.229153872,0.308012217,0.000753487,0.003890991,17.447471619,-3.861738205,-1.275485992,0.324070930,0.004486084,0.000042072,17.502201080,-3.759830713,-1.229153872,0.308012217,0.000753487,0.000000000,0.000000000,0.000000000,0.000000000,0.000000000,0.000000000,0.000000000,0.000000000,0.000000000,0.000000000,0.000000000,0.000000000,0.000000000,0.000000000,0.000000000,0.000000000,0.000000000,0.000000000,0.003848919,-0.054729462,-0.101907492,-0.046332121,0.016058713,0.003732597,0.006491998,-0.053466616,-0.031651313,0.007987327,0.015977971,0.004526850
0.739712238,1.960649490,-1.031426430,-1.408408165,-0.027420998,0.690493584,0.026653290,-0.100040436,-0.039369583,0.026184082,0.000671387,-0.026687622,-0.013595581,1.960649490,-1.031426430,-1.408408165,-0.027420998,0.690493584,0.026653290,0.000042072,17.502201080,-3.759830713,-1.229153872,0.308012217,0.000753487,0.011154175,17.441978455,-3.832166672,-1.311284065,0.297154427,-0.015167236,0.000042072,17.502201080,-3.759830713,-1.229153872,0.308012217,0.000753487,0.000000000,0.000000000,0.000000000,0.000000000,0.000000000,0.000000000,0.000000000,0.000000000,0.000000000,0.000000000,0.000000000,0.000000000,0.000000000,0.000000000,0.000000000,0.000000000,0.000000000,0.000000000,0.011112103,-0.060222626,-0.072335958,-0.082130194,-0.010857791,-0.015920723,0.013571779,-0.058173650,-0.002052050,-0.027439936,-0.010792686,-0.014924784
0.749742508,1.960649490,-1.031043053,-1.408408165,-0.027420998,0.690876961,0.026653290,-0.012756348,-0.035705566,-0.082580566,0.059753418,0.034744263,-0.080066681,1.960266113,-1.031043053,-1.408408165,-0.027420998,0.690493584,0.026653290,0.000042082,17.502258301,-3.762827396,-1.229624629,0.308288097,0.000754230,-0.001296997,17.493247986,-3.840467453,-1.286899567,0.306981087,0.011749268,0.000042082,17.502258301,-3.762827396,-1.229624629,0.308288097,0.000754230,0.000000000,0.000000000,0.000000000,0.000000000,0.000000000,0.000000000,0.000000000,0.000000000,0.000000000,0.000000000,0.000000000,0.000000000,0.000000000,0.000000000,0.000000000,0.000000000,0.000000000,0.000000000,-0.001339079,-0.009010315,-0.077640057,-0.057274938,-0.001307011,0.010995038,0.001105852,-0.006869743,-0.007259356,-0.002550671,-0.001225565,0.011833201
0.759790897,1.960649490,-1.031043053,-1.408408165,-0.027420998,0.690493584,0.026653290,0.070495605,0.144960403,-0.147037506,-0.121524811,-0.046829224,-0.002517700,1.960649490,-1.031043053,-1.408408165,-0.027420998,0.690493584,0.026653290,0.000042072,17.502258301,-3.762827396,-1.229624629,0.308288097,0.000754230,-0.009597778,17.511558533,-3.859663010,-1.280155182,0.291172981,-0.006622314,0.000042072,17.502258301,-3.762827396,-1.229624629,0.308288097,0.000754230,0.000000000,0.000000000,0.000000000,0.000000000,0.000000000,0.000000000,0.000000000,0.000000000,0.000000000,0.000000000,0.000000000,0.000000000,0.000000000,0.000000000,0.000000000,0.000000000,0.000000000,0.000000000,-0.009639851,0.009300232,-0.096835613,-0.050530553,-0.017115116,-0.007376544,-0.007101478,0.011292222,-0.026111343,0.004139250,-0.016812454,-0.006453467
0.769742489,1.960649490,-1.031043053,-1.408408165,-0.027420998,0.690493584,0.026653290,0.079895020,-0.023498535,-0.058410645,-0.027526855,-0.022659302,0.008560181,1.960649490,-1.031426430,-1.408408165,-0.027420998,0.690493584,0.026653290,0.000042072,17.502201080,-3.759830713,-1.229153872,0.308012217,0.000753487,-0.003890991,17.484092712,-3.862257004,-1.269779205,0.313817024,0.014739990,0.000042072,17.502201080,-3.759830713,-1.229153872,0.308012217,0.000753487,0.000000000,0.000000000,0.000000000,0.000000000,0.000000000,0.000000000,0.000000000,0.000000000,0.000000000,0.000000000,0.000000000,0.000000000,0.000000000,0.000000000,0.000000000,0.000000000,0.000000000,0.000000000,-0.003933063,-0.018108368,-0.102426291,-0.040625334,0.005804807,0.013986504,-0.001376811,-0.015909757,-0.031295584,0.013864412,0.006029168,0.014718432
0.779708624,1.960649490,-1.031426430,-1.408408165,-0.027420998,0.690493584,0.026653290,0.140319824,0.032043457,0.093322754,0.100036621,0.022659302,-0.024673462,1.960649490,-1.031043053,-1.408024788,-0.027420998,0.690493584,0.026653290,0.000042064,17.499094009,-3.759830713,-1.229153872,0.308012217,0.000753487,-0.009078979,17.506065369,-3.817120552,-1.288455963,0.296299934,-0.007904053,0.000042064,17.499094009,-3.759830713,-1.229153872,0.308012217,0.000753487,0.000000000,0.000000000,0.000000000,0.000000000,0.000000000,0.000000000,0.000000000,0.000000000,0.000000000,0.000000000,0.000000000,0.000000000,0.000000000,0.000000000,0.000000000,0.000000000,0.000000000,0.000000000,-0.009121044,0.006971359,-0.057289839,-0.059302092,-0.011712283,-0.008657539,-0.006481692,0.009053894,0.013665667,-0.004751430,-0.011342505,-0.007825287
0.789716005,1.960649490,-1.031043053,-1.408408165,-0.027420998,0.690493584,0.026653290,-0.133609772,0.090639114,-0.012756348,0.073181152,0.037765503,0.066970825,1.960649490,-1.031043053,-1.408408165,-0.027420998,0.690493584,0.026653290,0.000042072,17.502258301,-3.762827396,-1.229624629,0.308288097,0.000754230,0.000778198,17.491416931,-3.845136642,-1.285861969,0.315098763,-0.006622314,0.000042072,17.502258301,-3.762827396,-1.229624629,0.308288097,0.000754230,0.000000000,0.000000000,0.000000000,0.000000000,0.000000000,0.000000000,0.000000000,0.000000000,0.000000000,0.000000000,0.000000000,0.000000000,0.000000000,0.000000000,0.000000000,0.000000000,0.000000000,0.000000000,0.000736126,-0.010841370,-0.082309246,-0.056237340,0.006810665,-0.007376544,0.003333284,-0.008649349,-0.011211818,-0.001665595,0.007090687,-0.006462488
0.799791813,1.960649490,-1.031426430,-1.408408165,-0.027420998,0.690493584,0.026653290,0.012756348,-0.029602051,0.044982910,0.137634277,0.031723022,0.045822144,1.960649490,-1.031043053,-1.408408165,-0.027420998,0.690493584,0.026653290,0.000042072,17.502258301,-3.762827396,-1.229624629,0.308288097,0.000754230,0.004409790,17.504234314,-3.834241867,-1.285861969,0.302281380,0.012603760,0.000042072,17.502258301,-3.762827396,-1.229624629,0.308288097,0.000754230,0.000000000,0.000000000,0.000000000,0.000000000,0.000000000,0.000000000,0.000000000,0.000000000,0.000000000,0.000000000,0.000000000,0.000000000,0.000000000,0.000000000,0.000000000,0.000000000,0.000000000,0.000000000,0.004367718,0.001976013,-0.071414471,-0.056237340,-0.006006718,0.011849530,0.006878890,0.004116576,-0.000313129,-0.001645032,-0.005655995,0.012606011
0.809742212,1.960649490,-1.031043053,-1.408408165,-0.027420998,0.690493584,0.026653290,0.083923340,-0.047304153,0.098693848,0.086608887,-0.037765503,0.068984985,1.960649490,-1.031426430,-1.408408165,-0.027420998,0.690876961,0.026653290,0.000042073,17.502464294,-3.760078907,-1.229429722,0.307914615,0.000753228,-0.011672974,17.502403259,-3.818677902,-1.293125153,0.264255524,-0.016448975,0.000042073,17.502464294,-3.760078907,-1.229429722,0.307914615,0.000753228,0.000000000,0.000000000,0.000000000,0.000000000,0.000000000,0.000000000,0.000000000,0.000000000,0.000000000,0.000000000,0.000000000,0.000000000,0.000000000,0.000000000,0.000000000,0.000000000,0.000000000,0.000000000,-0.011715047,-0.000061035,-0.058598995,-0.063695431,-0.043659091,-0.017202202,-0.009091632,0.002054168,0.012349879,-0.008992109,-0.042780218,-0.016245163
0.819710493,1.960649490,-1.031426430,-1.408408165,-0.027420998,0.690876961,0.026653290,-0.036926270,-0.023498535,0.002014160,0.027526855,0.012588501,0.066970825,1.960649490,-1.031043053,-1.408408165,-0.027420998,0.690493584,0.026653290,0.000042072,17.502258301,-3.762827396,-1.229624629,0.308288097,0.000754230,-0.007522583,17.485923767,-3.813488960,-1.283267975,0.306553841,-0.000640869,0.000042072,17.502258301,-3.762827396,-1.229624629,0.308288097,0.000754230,0.000000000,0.000000000,0.000000000,0.000000000,0.000000000,0.000000000,0.000000000,0.000000000,0.000000000,0.000000000,0.000000000,0.000000000,0.000000000,0.000000000,0.000000000,0.000000000,0.000000000,0.000000000,-0.007564655,-0.016334534,-0.050661564,-0.053643346,-0.001734257,-0.001395099,-0.004881708,-0.014048013,0.020042885,0.001047205,-0.000845078,-0.000432782
0.829728603,1.960649490,-1.031043053,-1.408408165,-0.027420998,0.690493584,0.026653290,0.077209473,0.090639114,0.034240723,0.011413574,0.014602661,-0.022659302,1.960649490,-1.031426430,-1.408408165,-0.027420998,0.690876961,0.026653290,0.000042073,17.502464294,-3.760078907,-1.229429722,0.307914615,0.000753228,0.011154175,17.491416931,-3.839429855,-1.283786774,0.304417610,-0.007049561,0.000042073,17.502464294,-3.760078907,-1.229429722,0.307914615,0.000753228,0.000000000,0.000000000,0.000000000,0.000000000,0.000000000,0.000000000,0.000000000,0.000000000,0.000000000,0.000000000,0.000000000,0.000000000,0.000000000,0.000000000,0.000000000,0.000000000,0.000000000,0.000000000,0.011112102,-0.011047363,-0.079350948,-0.054357052,-0.003497005,-0.007802788,0.013630822,-0.008656547,-0.008543565,0.000329529,-0.002576780,-0.006759037
0.839713573,1.960649490,-1.031043053,-1.408408165,-0.027420998,0.690493584,0.026653290,0.010070801,0.077819824,0.040954590,0.036926270,-0.039779663,-0.010574341,1.960649490,-1.031043053,-1.408408165,-0.027420998,0.690493584,0.026653290,0.000042072,17.502258301,-3.762827396,-1.229624629,0.308288097,0.000754230,-0.000259399,17.518882751,-3.831129074,-1.287418365,0.310826302,-0.008331299,0.000042072,17.502258301,-3.762827396,-1.229624629,0.308288097,0.000754230,0.000000000,0.000000000,0.000000000,0.000000000,0.000000000,0.000000000,0.000000000,0.000000000,0.000000000,0.000000000,0.000000000,0.000000000,0.000000000,0.000000000,0.000000000,0.000000000,0.000000000,0.000000000,-0.000301472,0.016624451,-0.068301678,-0.057793736,0.002538204,-0.009085528,0.002191163,0.018791558,0.002476227,-0.003070601,0.003417741,-0.007947168
0.849710226,1.960649490,-1.031043053,-1.408408165,-0.027420998,0.690876961,0.026268959,0.032897949,0.143129349,0.108093262,-0.196720123,0.023666382,-0.029708862,1.960649490,-1.031426430,-1.408408165,-0.027420998,0.690493584,0.026653290,0.000042072,17.502201080,-3.759830713,-1.229153872,0.308012217,0.000753487,-0.012191772,17.518882751,-3.833723068,-1.284824371,0.270236969,0.002349854,0.000042072,17.502201080,-3.759830713,-1.229153872,0.308012217,0.000753487,0.000000000,0.000000000,0.000000000,0.000000000,0.000000000,0.000000000,0.000000000,0.000000000,0.000000000,0.000000000,0.000000000,0.000000000,0.000000000,0.000000000,0.000000000,0.000000000,0.000000000,0.000000000,-0.012233844,0.016681671,-0.073892355,-0.055670500,-0.037775248,0.001596367,-0.009627940,0.018629606,-0.003078236,-0.000936349,-0.036466691,0.002702928
0.859744310,1.960649490,-1.031426430,-1.408408165,-0.027420998,0.690493584,0.026653290,0.026184082,0.147401810,0.083923340,-0.138980865,-0.006546021,0.019638062,1.960649490,-1.031426430,-1.408408165,-0.027420998,0.690493584,0.026653290,0.000042072,17.502201080,-3.759830713,-1.229153872,0.308012217,0.000753487,0.009597778,17.529869080,-3.876783371,-1.296238899,0.309117317,0.004913330,0.000042072,17.502201080,-3.759830713,-1.229153872,0.308012217,0.000753487,0.000000000,0.000000000,0.000000000,0.000000000,0.000000000,0.000000000,0.000000000,0.000000000,0.000000000,0.000000000,0.000000000,0.000000000,0.000000000,0.000000000,0.000000000,0.000000000,0.000000000,0.000000000,0.009555706,0.027667999,-0.116952658,-0.067085028,0.001105100,0.004159843,0.012021823,0.029275521,-0.045608211,-0.012208913,0.002385914,0.005205871
0.869709253,1.960649490,-1.031043053,-1.408408165,-0.027420998,0.690493584,0.026653290,0.132263184,0.038146973,0.102722168,0.043640137,0.039779663,0.012588501,1.960649490,-1.031043053,-1.408408165,-0.027420998,0.690876961,0.026653290,0.000042073,17.502519608,-3.763075590,-1.229900360,0.308190405,0.000753970,0.012191772,17.495079041,-3.835798264,-1.270298004,0.309971809,0.003631592,0.000042073,17.502519608,-3.763075590,-1.229900360,0.308190405,0.000753970,0.000000000,0.000000000,0.000000000,0.000000000,0.000000000,0.000000000,0.000000000,0.000000000,0.000000000,0.000000000,0.000000000,0.000000000,0.000000000,0.000000000,0.000000000,0.000000000,0.000000000,0.000000000,0.012149699,-0.007440567,-0.072722673,-0.040397644,0.001781404,0.002877621,0.014449727,-0.005766760,-0.001362565,0.014313943,0.003027420,0.003879062
0.879710436,1.960649490,-1.031426430,-1.408024788,-0.027420998,0.690493584,0.026653290,0.027526855,-0.126039505,0.062438965,0.087951660,-0.002517700,0.002517700,1.960649490,-1.031043053,-1.408408165,-0.027420998,0.690493584,0.026653290,0.000042072,17.502258301,-3.762827396,-1.229624629,0.308288097,0.000754230,0.006484985,17.495079041,-3.826459885,-1.280155182,0.315098763,-0.010467529,0.000042072,17.502258301,-3.762827396,-1.229624629,0.308288097,0.000754230,0.000000000,0.000000000,0.000000000,0.000000000,0.000000000,0.000000000,0.000000000,0.000000000,0.000000000,0.000000000,0.000000000,0.000000000,0.000000000,0.000000000,0.000000000,0.000000000,0.000000000,0.000000000,0.006442913,-0.007179260,-0.063632488,-0.050530553,0.006810665,-0.011221759,0.008644705,-0.005443594,0.007640793,0.004134056,0.007966156,-0.010105483
0.889726639,1.960266113,-1.031043053,-1.408408165,-0.027420998,0.690493584,0.026653290,-0.120182037,-0.028991699,-0.128238678,-0.015441895,0.043807983,0.042800903,1.960649490,-1.031043053,-1.408408165,-0.027420998,0.690876961,0.026653290,0.000042073,17.502519608,-3.763075590,-1.229900360,0.308190405,0.000753970,-0.006484985,17.504234314,-3.831129074,-1.293643951,0.296299934,-0.017303467,0.000042073,17.502519608,-3.763075590,-1.229900360,0.308190405,0.000753970,0.000000000,0.000000000,0.000000000,0.000000000,0.000000000,0.000000000,0.000000000,0.000000000,0.000000000,0.000000000,0.000000000,0.000000000,0.000000000,0.000000000,0.000000000,0.000000000,0.000000000,0.000000000,-0.006527058,0.001714706,-0.068053484,-0.063743591,-0.011890471,-0.018057437,-0.004277208,0.003412035,0.003184022,-0.008978105,-0.010615702,-0.016752926
0.899711609,1.960649490,-1.031426430,-1.408408165,-0.027420998,0.690493584,0.026653290,0.049011230,0.068054199,0.058410645,0.108093262,0.010574341,-0.040786743,1.960266113,-1.031043053,-1.408408165,-0.027420998,0.690493584,0.026653290,0.000042082,17.502258301,-3.762827396,-1.229624629,0.308288097,0.000754230,0.016860962,17.465782166,-3.812970161,-1.315434456,0.302708626,-0.007049561,0.000042082,17.502258301,-3.762827396,-1.229624629,0.308288097,0.000754230,0.000000000,0.000000000,0.000000000,0.000000000,0.000000000,0.000000000,0.000000000,0.000000000,0.000000000,0.000000000,0.000000000,0.000000000,0.000000000,0.000000000,0.000000000,0.000000000,0.000000000,0.000000000,0.016818880,-0.036476135,-0.050142765,-0.085809827,-0.005579472,-0.007803790,0.018859184,-0.034396622,0.020862930,-0.030703194,-0.004257398,-0.006427859
0.909708738,1.960649490,-1.031426430,-1.408408165,-0.027420998,0.690493584,0.026653290,-0.047668457,-0.142518997,-0.012756348,-0.047668457,-0.031723022,-0.009567261,1.960649490,-1.031043053,-1.408408165,-0.027420998,0.690876961,0.026653290,0.000042073,17.502519608,-3.763075590,-1.229900360,0.308190405,0.000753970,-0.015823364,17.441978455,-3.811413765,-1.277042389,0.310399055,0.008758545,0.000042073,17.502519608,-3.763075590,-1.229900360,0.308190405,0.000753970,0.000000000,0.000000000,0.000000000,0.000000000,0.000000000,0.000000000,0.000000000,0.000000000,0.000000000,0.000000000,0.000000000,0.000000000,0.000000000,0.000000000,0.000000000,0.000000000,0.000000000,0.000000000,-0.015865437,-0.060541153,-0.048338175,-0.047142029,0.002208650,0.008004575,-0.013674860,-0.057826187,0.022421135,0.007878033,0.003492346,0.009278544
0.919725657,1.960649490,-1.031426430,-1.408408165,-0.027420998,0.690493584,0.026653290,0.069152832,-0.011901855,-0.066467285,0.057067871,-0.011581421,0.014602661,1.960649490,-1.031043053,-1.408408165,-0.027420998,0.690493584,0.026653290,0.000042072,17.502258301,-3.762827396,-1.229624629,0.308288097,0.000754230,0.015823364,17.449302673,-3.835798264,-1.286380768,0.323216438,0.013031006,0.000042072,17.502258301,-3.762827396,-1.229624629,0.308288097,0.000754230,0.000000000,0.000000000,0.000000000,0.000000000,0.000000000,0.000000000,0.000000000,0.000000000,0.000000000,0.000000000,0.000000000,0.000000000,0.000000000,0.000000000,0.000000000,0.000000000,0.000000000,0.000000000,0.015781292,-0.052955627,-0.072970867,-0.056756139,0.014928341,0.012276776,0.017778624,-0.049700440,-0.002187778,-0.001717410,0.016037714,0.013405039
0.929745197,1.960649490,-1.031043053,-1.408408165,-0.027420998,0.690876961,0.026653290,0.020812988,0.032653809,-0.034240723,0.027526855,0.047836304,-0.051864624,1.960266113,-1.031426430,-1.408408165,-0.027420998,0.690876961,0.026653290,0.000042083,17.502464294,-3.760078907,-1.229429722,0.307914615,0.000753228,-0.015304565,17.495079041,-3.825941086,-1.277561188,0.321507454,0.003204346,0.000042083,17.502464294,-3.760078907,-1.229429722,0.307914615,0.000753228,0.000000000,0.000000000,0.000000000,0.000000000,0.000000000,0.000000000,0.000000000,0.000000000,0.000000000,0.000000000,0.000000000,0.000000000,0.000000000,0.000000000,0.000000000,0.000000000,0.000000000,0.000000000,-0.015346648,-0.007385254,-0.065862179,-0.048131466,0.013592839,0.002451118,-0.013207303,-0.004086129,0.004868561,0.006833782,0.014545806,0.003541302
0.939711809,1.960649490,-1.031043053,-1.408408165,-0.027420998,0.690493584,0.026653290,0.020812988,0.081483841,-0.036926270,-0.049011230,0.050857544,-0.000503540,1.960649490,-1.031043053,-1.408408165,-0.027420998,0.690493584,0.026653290,0.000042072,17.502258301,-3.762827396,-1.229624629,0.308288097,0.000754230,0.025161743,17.500572205,-3.849805832,-1.283786774,0.285191536,-0.010467529,0.000042072,17.502258301,-3.762827396,-1.229624629,0.308288097,0.000754230,0.000000000,0.000000000,0.000000000,0.000000000,0.000000000,0.000000000,0.000000000,0.000000000,0.000000000,0.000000000,0.000000000,0.000000000,0.000000000,0.000000000,0.000000000,0.000000000,0.000000000,0.000000000,0.025119671,-0.001686096,-0.086978436,-0.054162145,-0.023096561,-0.011221759,0.026972079,0.001596049,-0.016076668,0.000794649,-0.021910505,-0.010024927
0.949711084,1.960266113,-1.031426430,-1.408408165,-0.027420998,0.690493584,0.026653290,-0.066467285,-0.016784668,-0.087955475,0.120178223,-0.006546021,0.031723022,1.960649490,-1.031043053,-1.408408165,-0.027420998,0.690493584,0.026268959,0.000042072,17.502256393,-3.762826681,-1.229623795,0.308288366,0.000755190,-0.013229370,17.537193298,-3.833723068,-1.283267975,0.293736458,0.004058838,0.000042072,17.502256393,-3.762826681,-1.229623795,0.308288366,0.000755190,0.000000000,0.000000000,0.000000000,0.000000000,0.000000000,0.000000000,0.000000000,0.000000000,0.000000000,0.000000000,0.000000000,0.000000000,0.000000000,0.000000000,0.000000000,0.000000000,0.000000000,0.000000000,-0.013271442,0.034936905,-0.070896387,-0.053644180,-0.014551908,0.003303648,-0.011300086,0.037820935,0.000005325,0.001298940,-0.013226623,0.004453600
0.959708691,1.960649490,-1.031426430,-1.408408165,-0.027420998,0.690493584,0.026653290,0.085266113,-0.039979935,0.046325684,-0.074523926,-0.041793823,-0.014602661,1.960649490,-1.031426430,-1.408408165,-0.027420998,0.690876961,0.026653290,0.000042073,17.502464294,-3.760078907,-1.229429722,0.307914615,0.000753228,0.002853394,17.480430603,-3.850324631,-1.284824371,0.302281380,-0.015594482,0.000042073,17.502464294,-3.760078907,-1.229429722,0.307914615,0.000753228,0.000000000,0.000000000,0.000000000,0.000000000,0.000000000,0.000000000,0.000000000,0.000000000,0.000000000,0.000000000,0.000000000,0.000000000,0.000000000,0.000000000,0.000000000,0.000000000,0.000000000,0.000000000,0.002811321,-0.022033691,-0.090245724,-0.055394650,-0.005633235,-0.016347710,0.004733371,-0.018952242,-0.019144589,-0.000446874,-0.004263539,-0.015041080
0.969783306,1.960649490,-1.031043053,-1.408408165,-0.027420998,0.690876961,0.026653290,-0.057067871,0.073547363,0.049011230,-0.002014160,-0.017623901,0.029708862,1.960649490,-1.031043053,-1.408408165,-0.027420998,0.690493584,0.026653290,0.000042072,17.502258301,-3.762827396,-1.229624629,0.308288097,0.000754230,-0.000259399,17.498741150,-3.800518990,-1.289493561,0.298436165,0.014312744,0.000042072,17.502258301,-3.762827396,-1.229624629,0.308288097,0.000754230,0.000000000,0.000000000,0.000000000,0.000000000,0.000000000,0.000000000,0.000000000,0.000000000,0.000000000,0.000000000,0.000000000,0.000000000,0.000000000,0.000000000,0.000000000,0.000000000,0.000000000,0.000000000,-0.000301472,-0.003517151,-0.037691593,-0.059868932,-0.009851933,0.013558514,0.001604043,-0.000431255,0.033068628,-0.004870940,-0.008395683,0.014713459
0.979711056,1.960649490,-1.031426430,-1.408408165,-0.027420998,0.690493584,0.026653290,0.046325684,-0.020446777,-0.075866699,0.093322754,-0.017623901,0.044815063,1.960649490,-1.031426430,-1.408408165,-0.027420998,0.690876961,0.026653290,0.000042073,17.502464294,-3.760078907,-1.229429722,0.307914615,0.000753228,0.013748169,17.507896423,-3.864332199,-1.307652473,0.302281380,-0.001068115,0.000042073,17.502464294,-3.760078907,-1.229429722,0.307914615,0.000753228,0.000000000,0.000000000,0.000000000,0.000000000,0.000000000,0.000000000,0.000000000,0.000000000,0.000000000,0.000000000,0.000000000,0.000000000,0.000000000,0.000000000,0.000000000,0.000000000,0.000000000,0.000000000,0.013706096,0.005432129,-0.104253292,-0.078222752,-0.005633235,-0.001821343,0.015453917,0.008431984,-0.033154757,-0.022990167,-0.004134793,-0.000659667
0.989711761,1.960649490,-1.031043053,-1.408408165,-0.027420998,0.690493584,0.026653290,0.006042480,-0.051576614,-0.050354004,0.046325684,-0.003524780,-0.017623901,1.960649490,-1.031426430,-1.408024788,-0.027420998,0.690493584,0.026653290,0.000042064,17.499036789,-3.756833315,-1.228682995,0.307736278,0.000752744,-0.005447388,17.484092712,-3.823347092,-1.335667610,0.289891243,0.009613037,0.000042064,17.499036789,-3.756833315,-1.228682995,0.307736278,0.000752744,0.000000000,0.000000000,0.000000000,0.000000000,0.000000000,0.000000000,0.000000000,0.000000000,0.000000000,0.000000000,0.000000000,0.000000000,0.000000000,0.000000000,0.000000000,0.000000000,0.000000000,0.000000000,-0.005489452,-0.014944077,-0.066513777,-0.106984615,-0.017845035,0.008860293,-0.003704214,-0.011824780,0.004538910,-0.051234510,-0.016183127,0.009921750
0.999741316,1.960649490,-1.031043053,-1.408408165,-0.027420998,0.690493584,0.026653290,-0.163150787,0.083925247,0.140319824,0.030212402,0.010574341,0.005538940,1.960649490,-1.031043053,-1.408408165,-0.027420998,0.690876961,0.026653290,0.000042073,17.502519608,-3.763075590,-1.229900360,0.308190405,0.000753970,0.015823364,17.511558533,-3.870038986,-1.285343170,0.298436165,-0.002777100,0.000042073,17.502519608,-3.763075590,-1.229900360,0.308190405,0.000753970,0.000000000,0.000000000,0.000000000,0.000000000,0.000000000,0.000000000,0.000000000,0.000000000,0.000000000,0.000000000,0.000000000,0.000000000,0.000000000,0.000000000,0.000000000,0.000000000,0.000000000,0.000000000,0.015781291,0.009038925,-0.106963396,-0.055442810,-0.009754241,-0.003531070,0.017392603,0.012037844,-0.035555157,0.000304253,-0.008012211,-0.002445162
1.009742498,1.960266113,-1.031426430,-1.408408165,-0.027420998,0.690876961,0.026653290,-0.180606842,-0.003967285,0.047668457,0.109436035,0.060928345,0.024673462,1.960649490,-1.031043053,-1.408408165,-0.027420998,0.690876961,0.026268959,0.000042073,17.502519608,-3.763074875,-1.229899645,0.308190674,0.000754931,0.015304565,17.496910095,-3.838392258,-1.295201302,0.312108040,-0.008331299,0.000042073,17.502519608,-3.763074875,-1.229899645,0.308190674,0.000754931,0.000000000,0.000000000,0.000000000,0.000000000,0.000000000,0.000000000,0.000000000,0.000000000,0.000000000,0.000000000,0.000000000,0.000000000,0.000000000,0.000000000,0.000000000,0.000000000,0.000000000,0.000000000,0.015262492,-0.005609512,-0.075317383,-0.065301657,0.003917366,-0.009086230,0.016708374,-0.002585000,-0.003870819,-0.009460921,0.005603912,-0.007921887
1.019711018,1.960649490,-1.031426430,-1.408408165,-0.027420998,0.690493584,0.026653290,-0.074523926,-0.082094193,0.147033691,0.062438965,-0.023666382,-0.042800903,1.960649490,-1.031043053,-1.408408165,-0.027420998,0.690493584,0.026653290,0.000042072,17.502258301,-3.762827396,-1.229624629,0.308288097,0.000754230,0.004409790,17.537193298,-3.833723068,-1.282230377,0.363804817,0.001922607,0.000042072,17.502258301,-3.762827396,-1.229624629,0.308288097,0.000754230,0.000000000,0.000000000,0.000000000,0.000000000,0.000000000,0.000000000,0.000000000,0.000000000,0.000000000,0.000000000,0.000000000,0.000000000,0.000000000,0.000000000,0.000000000,0.000000000,0.000000000,0.000000000,0.004367718,0.034934998,-0.070895672,-0.052605748,0.055516720,0.001168378,0.005757157,0.037590971,0.000545543,0.003203580,0.056647894,0.002310073
1.029742479,1.960649490,-1.031043053,-1.408024788,-0.027420998,0.690876961,0.026653290,-0.012756348,0.027160645,0.090637207,0.012756348,0.078048706,0.040786743,1.960649490,-1.031043053,-1.408408165,-0.027420998,0.690493584,0.026653290,0.000042072,17.502258301,-3.762827396,-1.229624629,0.308288097,0.000754230,-0.014266968,17.502403259,-3.830091476,-1.268222809,0.327061653,-0.013458252,0.000042072,17.502258301,-3.762827396,-1.229624629,0.308288097,0.000754230,0.000000000,0.000000000,0.000000000,0.000000000,0.000000000,0.000000000,0.000000000,0.000000000,0.000000000,0.000000000,0.000000000,0.000000000,0.000000000,0.000000000,0.000000000,0.000000000,0.000000000,0.000000000,-0.014309040,0.000144958,-0.067264080,-0.038598180,0.018773556,-0.014212482,-0.012795374,0.002774000,0.004136970,0.017045656,0.019713338,-0.012945106
1.039714813,1.960266113,-1.031426430,-1.408408165,-0.027420998,0.690493584,0.026653290,-0.014099121,0.019836426,0.160461426,0.007385254,0.028701782,0.060928345,1.960266113,-1.031426430,-1.408408165,-0.027420998,0.690876961,0.026653290,0.000042083,17.502464294,-3.760078907,-1.229429722,0.307914615,0.000753228,-0.019973755,17.518882751,-3.853956223,-1.282230377,0.276219368,0.004913330,0.000042083,17.502464294,-3.760078907,-1.229429722,0.307914615,0.000753228,0.000000000,0.000000000,0.000000000,0.000000000,0.000000000,0.000000000,0.000000000,0.000000000,0.000000000,0.000000000,0.000000000,0.000000000,0.000000000,0.000000000,0.000000000,0.000000000,0.000000000,0.000000000,-0.020015838,0.016418457,-0.093877316,-0.052800655,-0.031695247,0.004160102,-0.018325960,0.018866094,-0.022262205,0.002816103,-0.030462555,0.005375788
1.049720049,1.960649490,-1.031043053,-1.408408165,-0.027420998,0.690493584,0.026653290,-0.032897949,0.093690872,0.003356934,0.042297363,0.004531860,-0.049850464,1.960266113,-1.031426430,-1.408408165,-0.027420998,0.690876961,0.026653290,0.000042083,17.502464294,-3.760078907,-1.229429722,0.307914615,0.000753228,0.013748169,17.507896423,-3.835798264,-1.285343170,0.293309212,0.001068115,0.000042083,17.502464294,-3.760078907,-1.229429722,0.307914615,0.000753228,0.000000000,0.000000000,0.000000000,0.000000000,0.000000000,0.000000000,0.000000000,0.000000000,0.000000000,0.000000000,0.000000000,0.000000000,0.000000000,0.000000000,0.000000000,0.000000000,0.000000000,0.000000000,0.013706086,0.005432129,-0.075719357,-0.055913448,-0.014605403,0.000314888,0.015250718,0.007805428,-0.004065527,-0.000293891,-0.013246554,0.001516133
1.059726238,1.960649490,-1.031043053,-1.408408165,-0.027420998,0.690493584,0.026653290,0.172550201,0.033874512,0.097351074,0.163146973,-0.008560181,-0.039779663,1.960649490,-1.031043053,-1.408408165,-0.027420998,0.690493584,0.026653290,0.000042072,17.502258301,-3.762827396,-1.229624629,0.308288097,0.000754230,0.005447388,17.529869080,-3.888716698,-1.279636383,0.284337044,-0.015167236,0.000042072,17.502258301,-3.762827396,-1.229624629,0.308288097,0.000754230,0.000000000,0.000000000,0.000000000,0.000000000,0.000000000,0.000000000,0.000000000,0.000000000,0.000000000,0.000000000,0.000000000,0.000000000,0.000000000,0.000000000,0.000000000,0.000000000,0.000000000,0.000000000,0.005405316,0.027610779,-0.125889301,-0.050011754,-0.023951054,-0.015921466,0.006884995,0.029703853,-0.053728598,0.005555394,-0.022381063,-0.014582648
1.069710255,1.960649490,-1.031043053,-1.408408165,-0.027420998,0.690493584,0.026653290,-0.058410645,0.065002441,0.000671387,-0.066467285,-0.003524780,-0.056900024,1.960649490,-1.031426430,-1.408408165,-0.027420998,0.690493584,0.026653290,0.000042072,17.502201080,-3.759830713,-1.229153872,0.308012217,0.000753487,-0.001296997,17.447471619,-3.835279465,-1.284305573,0.282628059,-0.015594482,0.000042072,17.502201080,-3.759830713,-1.229153872,0.308012217,0.000753487,0.000000000,0.000000000,0.000000000,0.000000000,0.000000000,0.000000000,0.000000000,0.000000000,0.000000000,0.000000000,0.000000000,0.000000000,0.000000000,0.000000000,0.000000000,0.000000000,0.000000000,0.000000000,-0.001339069,-0.054729462,-0.075448751,-0.055151701,-0.025384158,-0.016347969,0.000139309,-0.052149013,-0.003257604,0.000411600,-0.023593665,-0.014870178
1.079710245,1.960649490,-1.031426430,-1.408408165,-0.027420998,0.690493584,0.026653290,0.155090332,0.000915527,-0.026184082,0.116149902,-0.060928345,0.026687622,1.960649490,-1.031426430,-1.408408165,-0.027420998,0.690493584,0.026653290,0.000042072,17.502201080,-3.759830713,-1.229153872,0.308012217,0.000753487,-0.013229370,17.506065369,-3.830091476,-1.272891998,0.318089485,-0.010467529,0.000042072,17.502201080,-3.759830713,-1.229153872,0.308012217,0.000753487,0.000000000,0.000000000,0.000000000,0.000000000,0.000000000,0.000000000,0.000000000,0.000000000,0.000000000,0.000000000,0.000000000,0.000000000,0.000000000,0.000000000,0.000000000,0.000000000,0.000000000,0.000000000,-0.013271442,0.003864288,-0.070260763,-0.043738127,0.010077268,-0.011221016,-0.011684871,0.006385611,0.001912675,0.011716686,0.011758882,-0.009653837
1.089709997,1.960649490,-1.031426430,-1.408408165,-0.027420998,0.690493584,0.026653290,0.000671387,-0.024108887,0.316226959,-0.062438965,-0.012588501,0.010574341,1.960649490,-1.031426430,-1.408408165,-0.027420998,0.690876961,0.026653290,0.000042073,17.502464294,-3.760078907,-1.229429722,0.307914615,0.000753228,-0.020492554,17.506065369,-3.854475021,-1.295201302,0.316380501,-0.006622314,0.000042073,17.502464294,-3.760078907,-1.229429722,0.307914615,0.000753228,0.000000000,0.000000000,0.000000000,0.000000000,0.000000000,0.000000000,0.000000000,0.000000000,0.000000000,0.000000000,0.000000000,0.000000000,0.000000000,0.000000000,0.000000000,0.000000000,0.000000000,0.000000000,-0.020534627,0.003601074,-0.094396114,-0.065771580,0.008465886,-0.007375542,-0.018775801,0.006066738,-0.022020652,-0.010222978,0.010055250,-0.005755560
1.099674940,1.960649490,-1.031043053,-1.408408165,-0.027420998,0.690493584,0.026653290,0.145690918,0.068664551,0.049011230,0.004699707,-0.012588501,-0.030715942,1.960649490,-1.031043053,-1.408408165,-0.027420998,0.690876961,0.026653290,0.000042073,17.502519608,-3.763075590,-1.229900360,0.308190405,0.000753970,0.013748169,17.533531189,-3.822828293,-1.278598785,0.286473274,-0.009185791,0.000042073,17.502519608,-3.763075590,-1.229900360,0.308190405,0.000753970,0.000000000,0.000000000,0.000000000,0.000000000,0.000000000,0.000000000,0.000000000,0.000000000,0.000000000,0.000000000,0.000000000,0.000000000,0.000000000,0.000000000,0.000000000,0.000000000,0.000000000,0.000000000,0.013706096,0.031011581,-0.059752703,-0.048698425,-0.021717131,-0.009939761,0.015325598,0.033175649,0.012509041,0.006788463,-0.019946436,-0.008244826
1.109724998,1.960649490,-1.031043053,-1.408408165,-0.027420998,0.690493584,0.026653290,0.137634277,0.181581497,0.128234863,-0.097354889,0.009567261,-0.030715942,1.960649490,-1.031043053,-1.408408165,-0.027420998,0.690493584,0.026653290,0.000042072,17.502258301,-3.762827396,-1.229624629,0.308288097,0.000754230,0.008560181,17.498741150,-3.811932564,-1.283786774,0.322789192,0.006195068,0.000042072,17.502258301,-3.762827396,-1.229624629,0.308288097,0.000754230,0.000000000,0.000000000,0.000000000,0.000000000,0.000000000,0.000000000,0.000000000,0.000000000,0.000000000,0.000000000,0.000000000,0.000000000,0.000000000,0.000000000,0.000000000,0.000000000,0.000000000,0.000000000,0.008518108,-0.003517151,-0.049105167,-0.054162145,0.014501095,0.005440839,0.010047097,-0.001341002,0.022949821,0.001312916,0.016126506,0.007072062
1.119711637,1.960266113,-1.031426430,-1.408408165,-0.027420998,0.690493584,0.026268959,0.024841309,-0.116884232,0.090637207,0.036926270,-0.002517700,-0.059921265,1.960266113,-1.031043053,-1.408408165,-0.027420998,0.690493584,0.026653290,0.000042082,17.502258301,-3.762827396,-1.229624629,0.308288097,0.000754230,-0.000259399,17.480430603,-3.843580246,-1.285861969,0.306553841,0.011749268,0.000042082,17.502258301,-3.762827396,-1.229624629,0.308288097,0.000754230,0.000000000,0.000000000,0.000000000,0.000000000,0.000000000,0.000000000,0.000000000,0.000000000,0.000000000,0.000000000,0.000000000,0.000000000,0.000000000,0.000000000,0.000000000,0.000000000,0.000000000,0.000000000,-0.000301482,-0.021827698,-0.080752850,-0.056237340,-0.001734257,0.010995038,0.001216644,-0.019477642,-0.008620889,-0.000755534,-0.000107882,0.012514524
1.129713297,1.960649490,-1.031426430,-1.408408165,-0.027420998,0.690493584,0.026653290,-0.077209473,0.065612793,0.010070801,0.035583496,-0.078052521,0.019638062,1.960649490,-1.031426430,-1.408408165,-0.027420998,0.690493584,0.026653290,0.000042072,17.502201080,-3.759830713,-1.229153872,0.308012217,0.000753487,-0.003372192,17.491416931,-3.884046555,-1.270816803,0.295872688,0.006622314,0.000042072,17.502201080,-3.759830713,-1.229153872,0.308012217,0.000753487,0.000000000,0.000000000,0.000000000,0.000000000,0.000000000,0.000000000,0.000000000,0.000000000,0.000000000,0.000000000,0.000000000,0.000000000,0.000000000,0.000000000,0.000000000,0.000000000,0.000000000,0.000000000,-0.003414264,-0.010784149,-0.124215841,-0.041662931,-0.012139529,0.005868828,-0.001879506,-0.008360110,-0.051627004,0.013697657,-0.010420934,0.007323504
1.139711142,1.960266113,-1.031426430,-1.408408165,-0.027420998,0.690493584,0.026653290,0.023498535,-0.009460449,0.038269043,-0.184635162,-0.081073761,-0.007553101,1.960266113,-1.031426430,-1.408408165,-0.027420998,0.690493584,0.026653290,0.000042082,17.502201080,-3.759830713,-1.229153872,0.308012217,0.000753487,-0.006484985,17.502403259,-3.893904686,-1.295201302,0.298008919,-0.011749268,0.000042082,17.502201080,-3.759830713,-1.229153872,0.308012217,0.000753487,0.000000000,0.000000000,0.000000000,0.000000000,0.000000000,0.000000000,0.000000000,0.000000000,0.000000000,0.000000000,0.000000000,0.000000000,0.000000000,0.000000000,0.000000000,0.000000000,0.000000000,0.000000000,-0.006527067,0.000202179,-0.134073973,-0.066047430,-0.010003299,-0.012502754,-0.004948898,0.002603382,-0.060950482,-0.010593913,-0.008212662,-0.010952008
1.149711370,1.960649490,-1.031043053,-1.408408165,-0.027420998,0.690493584,0.026653290,-0.044982910,-0.072328568,0.050354004,0.000671387,0.028701782,-0.032730103,1.960649490,-1.031043053,-1.408408165,-0.027420998,0.690876961,0.026653290,0.000042073,17.502519608,-3.763075590,-1.229900360,0.308190405,0.000753970,0.011672974,17.491416931,-3.845136642,-1.265628815,0.304844856,0.003204346,0.000042073,17.502519608,-3.763075590,-1.229900360,0.308190405,0.000753970,0.000000000,0.000000000,0.000000000,0.000000000,0.000000000,0.000000000,0.000000000,0.000000000,0.000000000,0.000000000,0.000000000,0.000000000,0.000000000,0.000000000,0.000000000,0.000000000,0.000000000,0.000000000,0.011630901,-0.011102676,-0.082061052,-0.035728455,-0.003345549,0.002450375,0.013095199,-0.008626461,-0.008860514,0.019555019,-0.001541508,0.003966630
1.159753084,1.960649490,-1.031043053,-1.408024788,-0.027420998,0.690493584,0.026653290,-0.062438965,-0.112001419,-0.058410645,0.165832520,0.073013306,0.016616821,1.960649490,-1.031043053,-1.408408165,-0.027420998,0.690876961,0.026653290,0.000042073,17.502519608,-3.763075590,-1.229900360,0.308190405,0.000753970,0.008560181,17.482261658,-3.826459885,-1.283267975,0.318089485,-0.005767822,0.000042073,17.502519608,-3.763075590,-1.229900360,0.308190405,0.000753970,0.000000000,0.000000000,0.000000000,0.000000000,0.000000000,0.000000000,0.000000000,0.000000000,0.000000000,0.000000000,0.000000000,0.000000000,0.000000000,0.000000000,0.000000000,0.000000000,0.000000000,0.000000000,0.008518108,-0.020257950,-0.063384295,-0.053367615,0.009899080,-0.006521793,0.009897086,-0.017629754,0.009732344,0.001899484,0.011603094,-0.004962756
1.169721127,1.960266113,-1.031043053,-1.408408165,-0.027420998,0.690876961,0.026653290,-0.000671387,0.065002441,-0.081237793,0.177921295,0.035751343,-0.014602661,1.960266113,-1.031043053,-1.408408165,-0.027420998,0.690493584,0.026653290,0.000042082,17.502258301,-3.762827396,-1.229624629,0.308288097,0.000754230,-0.007522583,17.498741150,-3.831647873,-1.283786774,0.376194954,0.001495361,0.000042082,17.502258301,-3.762827396,-1.229624629,0.308288097,0.000754230,0.000000000,0.000000000,0.000000000,0.000000000,0.000000000,0.000000000,0.000000000,0.000000000,0.000000000,0.000000000,0.000000000,0.000000000,0.000000000,0.000000000,0.000000000,0.000000000,0.000000000,0.000000000,-0.007564665,-0.003517151,-0.068820477,-0.054162145,0.067906857,0.000741132,-0.006133266,-0.000881421,0.004259754,0.001095590,0.069020948,0.002280675
1.179744244,1.960649490,-1.031043053,-1.408408165,-0.027420998,0.690876961,0.026653290,-0.070495605,-0.002746582,0.053039551,-0.093326569,-0.036758423,0.035751343,1.960649490,-1.031043053,-1.408408165,-0.027420998,0.690876961,0.026653290,0.000042073,17.502519608,-3.763075590,-1.229900360,0.308190405,0.000753970,-0.022567749,17.487754822,-3.817120552,-1.283267975,0.291600227,0.004486084,0.000042073,17.502519608,-3.763075590,-1.229900360,0.308190405,0.000753970,0.000000000,0.000000000,0.000000000,0.000000000,0.000000000,0.000000000,0.000000000,0.000000000,0.000000000,0.000000000,0.000000000,0.000000000,0.000000000,0.000000000,0.000000000,0.000000000,0.000000000,0.000000000,-0.022609822,-0.014764786,-0.054044962,-0.053367615,-0.016590178,0.003732114,-0.021000453,-0.012027131,0.018875308,0.001874236,-0.015346035,0.005227358
1.189759493,1.960649490,-1.031426430,-1.408408165,-0.027420998,0.690493584,0.026653290,0.061096191,0.011291504,-0.051696777,0.036926270,0.012588501,-0.008560181,1.960649490,-1.031043053,-1.408408165,-0.027420998,0.690493584,0.026653290,0.000042072,17.502258301,-3.762827396,-1.229624629,0.308288097,0.000754230,0.007522583,17.484092712,-3.837354660,-1.241764069,0.286900520,-0.000640869,0.000042072,17.502258301,-3.762827396,-1.229624629,0.308288097,0.000754230,0.000000000,0.000000000,0.000000000,0.000000000,0.000000000,0.000000000,0.000000000,0.000000000,0.000000000,0.000000000,0.000000000,0.000000000,0.000000000,0.000000000,0.000000000,0.000000000,0.000000000,0.000000000,0.007480511,-0.018165588,-0.074527264,-0.012139440,-0.021387577,-0.001395099,0.009014131,-0.015299368,-0.001593602,0.042743225,-0.019975573,0.000099311
1.199711800,1.960266113,-1.031426430,-1.408408165,-0.027420998,0.690493584,0.026653290,-0.079895020,0.019836426,0.118835449,-0.063781738,0.046829224,0.017623901,1.960649490,-1.031043053,-1.408408165,-0.027420998,0.690493584,0.026653290,0.000042072,17.502258301,-3.762827396,-1.229624629,0.308288097,0.000754230,-0.027236938,17.515220642,-3.858106613,-1.324254036,0.309117317,-0.000213623,0.000042072,17.502258301,-3.762827396,-1.229624629,0.308288097,0.000754230,0.000000000,0.000000000,0.000000000,0.000000000,0.000000000,0.000000000,0.000000000,0.000000000,0.000000000,0.000000000,0.000000000,0.000000000,0.000000000,0.000000000,0.000000000,0.000000000,0.000000000,0.000000000,-0.027279011,0.012962341,-0.095279217,-0.094629407,0.000829220,-0.000967853,-0.025532618,0.015697747,-0.022160881,-0.039418257,0.002222702,0.000522205
1.209711552,1.960649490,-1.031043053,-1.408408165,-0.027420998,0.690493584,0.026653290,0.018127441,0.053405762,-0.126895905,-0.004699707,-0.046829224,0.031723022,1.960649490,-1.031426430,-1.408408165,-0.027420998,0.690493584,0.026653290,0.000042072,17.502201080,-3.759830713,-1.229153872,0.308012217,0.000753487,0.017379761,17.498741150,-3.829053879,-1.316472054,0.330906868,0.012176514,0.000042072,17.502201080,-3.759830713,-1.229153872,0.308012217,0.000753487,0.000000000,0.000000000,0.000000000,0.000000000,0.000000000,0.000000000,0.000000000,0.000000000,0.000000000,0.000000000,0.000000000,0.000000000,0.000000000,0.000000000,0.000000000,0.000000000,0.000000000,0.000000000,0.017337689,-0.003459930,-0.069223166,-0.087318182,0.022894651,0.011423027,0.018927654,-0.000718586,0.003863243,-0.031843860,0.024089050,0.012807240
1.219709396,1.960649490,-1.031426430,-1.408408165,-0.027420998,0.690493584,0.026653290,0.038269043,-0.003967285,0.006042480,0.004699707,0.064956665,-0.039779663,1.960649490,-1.031043053,-1.408408165,-0.027420998,0.690493584,0.026653290,0.000042072,17.502258301,-3.762827396,-1.229624629,0.308288097,0.000754230,0.008041382,17.515220642,-3.838392258,-1.271854401,0.292881966,-0.010040283,0.000042072,17.502258301,-3.762827396,-1.229624629,0.308288097,0.000754230,0.000000000,0.000000000,0.000000000,0.000000000,0.000000000,0.000000000,0.000000000,0.000000000,0.000000000,0.000000000,0.000000000,0.000000000,0.000000000,0.000000000,0.000000000,0.000000000,0.000000000,0.000000000,0.007999310,0.012962341,-0.075564861,-0.042229772,-0.015406132,-0.010794513,0.009511313,0.015576014,-0.002458303,0.013136871,-0.014096190,-0.009333794
1.229710340,1.960649490,-1.031043053,-1.408024788,-0.027420998,0.690876961,0.026653290,-0.065124512,-0.077821732,0.181949615,-0.051696777,0.008560181,0.055892944,1.960649490,-1.031043053,-1.408408165,-0.027420998,0.690493584,0.026653290,0.000042072,17.502258301,-3.762827396,-1.229624629,0.308288097,0.000754230,-0.026718140,17.478599548,-3.806744576,-1.226199150,0.314244270,0.002777100,0.000042072,17.502258301,-3.762827396,-1.229624629,0.308288097,0.000754230,0.000000000,0.000000000,0.000000000,0.000000000,0.000000000,0.000000000,0.000000000,0.000000000,0.000000000,0.000000000,0.000000000,0.000000000,0.000000000,0.000000000,0.000000000,0.000000000,0.000000000,0.000000000,-0.026760212,-0.023658752,-0.043917179,0.003425479,0.005956173,0.002022870,-0.025044594,-0.020875362,0.028953981,0.058317992,0.007207517,0.003455496
1.239709616,1.960649490,-1.031426430,-1.408408165,-0.027420998,0.690493584,0.026653290,0.011413574,0.088808060,-0.051696777,-0.027526855,-0.007553101,0.003524780,1.960649490,-1.031043053,-1.408408165,-0.027420998,0.690493584,0.026653290,0.000042072,17.502258301,-3.762827396,-1.229624629,0.308288097,0.000754230,-0.005447388,17.504234314,-3.838392258,-1.280673981,0.302708626,0.015594482,0.000042072,17.502258301,-3.762827396,-1.229624629,0.308288097,0.000754230,0.000000000,0.000000000,0.000000000,0.000000000,0.000000000,0.000000000,0.000000000,0.000000000,0.000000000,0.000000000,0.000000000,0.000000000,0.000000000,0.000000000,0.000000000,0.000000000,0.000000000,0.000000000,-0.005489460,0.001976013,-0.075564861,-0.051049352,-0.005579472,0.014840253,-0.003743651,0.004721329,-0.002672152,0.003812416,-0.004293503,0.016142696
1.249717474,1.960649490,-1.031043053,-1.408408165,-0.027420998,0.690876961,0.026653290,-0.102725983,0.041809082,0.004699707,0.018127441,0.023666382,0.073013306,1.960649490,-1.031043053,-1.408408165,-0.027420998,0.690493584,0.026268959,0.000042072,17.502256393,-3.762826681,-1.229623795,0.308288366,0.000755190,-0.002853394,17.522544861,-3.840986252,-1.289493561,0.356541634,-0.012603760,0.000042072,17.502256393,-3.762826681,-1.229623795,0.308288366,0.000755190,0.000000000,0.000000000,0.000000000,0.000000000,0.000000000,0.000000000,0.000000000,0.000000000,0.000000000,0.000000000,0.000000000,0.000000000,0.000000000,0.000000000,0.000000000,0.000000000,0.000000000,0.000000000,-0.002895466,0.020288467,-0.078159571,-0.059869766,0.048253268,-0.013358950,-0.001140532,0.022850975,-0.005225060,-0.004968252,0.049146068,-0.011960820
1.259711742,1.960649490,-1.031043053,-1.408408165,-0.027420998,0.690876961,0.026653290,-0.012756348,0.039367676,-0.040954590,-0.083923340,0.015609741,-0.050857544,1.960649490,-1.031043053,-1.408408165,-0.027420998,0.690876961,0.026653290,0.000042073,17.502519608,-3.763075590,-1.229900360,0.308190405,0.000753970,-0.004928589,17.498741150,-3.847730637,-1.287418365,0.317662239,-0.004058838,0.000042073,17.502519608,-3.763075590,-1.229900360,0.308190405,0.000753970,0.000000000,0.000000000,0.000000000,0.000000000,0.000000000,0.000000000,0.000000000,0.000000000,0.000000000,0.000000000,0.000000000,0.000000000,0.000000000,0.000000000,0.000000000,0.000000000,0.000000000,0.000000000,-0.004970662,-0.003778458,-0.084655046,-0.057518005,0.009471834,-0.004812808,-0.003190408,-0.001206375,-0.011628249,-0.002595889,0.010283023,-0.003387792
1.269711733,1.960266113,-1.031426430,-1.408408165,-0.027420998,0.690493584,0.026653290,-0.187320709,-0.126039505,0.057067871,-0.050354004,-0.037765503,-0.015609741,1.960649490,-1.031426430,-1.408408165,-0.027420998,0.690876961,0.026653290,0.000042073,17.502464294,-3.760078907,-1.229429722,0.307914615,0.000753228,-0.007522583,17.507896423,-3.835798264,-1.290531158,0.323216438,0.004913330,0.000042073,17.502464294,-3.760078907,-1.229429722,0.307914615,0.000753228,0.000000000,0.000000000,0.000000000,0.000000000,0.000000000,0.000000000,0.000000000,0.000000000,0.000000000,0.000000000,0.000000000,0.000000000,0.000000000,0.000000000,0.000000000,0.000000000,0.000000000,0.000000000,-0.007564656,0.005432129,-0.075719357,-0.061101437,0.015301824,0.004160102,-0.005739211,0.007941678,-0.002671523,-0.006131045,0.015987130,0.005541485
1.279710531,1.960649490,-1.031043053,-1.408408165,-0.027420998,0.690876961,0.026653290,-0.058410645,0.053405762,-0.034240723,-0.122867584,0.011581421,-0.022659302,1.960649490,-1.031426430,-1.408408165,-0.027420998,0.690876961,0.026653290,0.000042073,17.502464294,-3.760078907,-1.229429722,0.307914615,0.000753228,-0.002334595,17.533531189,-3.840467453,-1.282230377,0.290745735,-0.021575928,0.000042073,17.502464294,-3.760078907,-1.229429722,0.307914615,0.000753228,0.000000000,0.000000000,0.000000000,0.000000000,0.000000000,0.000000000,0.000000000,0.000000000,0.000000000,0.000000000,0.000000000,0.000000000,0.000000000,0.000000000,0.000000000,0.000000000,0.000000000,0.000000000,-0.002376668,0.031066895,-0.080388546,-0.052800655,-0.017168880,-0.022329155,-0.000546950,0.033316161,-0.007283808,0.002152917,-0.016355794,-0.020785387
1.289809942,1.960649490,-1.031043053,-1.408408165,-0.027420998,0.690876961,0.026653290,0.185977936,0.083314896,0.043640137,-0.137638092,-0.030715942,0.021652222,1.960649490,-1.031426430,-1.408408165,-0.027420998,0.690493584,0.026653290,0.000042072,17.502201080,-3.759830713,-1.229153872,0.308012217,0.000753487,-0.006484985,17.528038025,-3.831129074,-1.275485992,0.315098763,-0.007049561,0.000042072,17.502201080,-3.759830713,-1.229153872,0.308012217,0.000753487,0.000000000,0.000000000,0.000000000,0.000000000,0.000000000,0.000000000,0.000000000,0.000000000,0.000000000,0.000000000,0.000000000,0.000000000,0.000000000,0.000000000,0.000000000,0.000000000,0.000000000,0.000000000,-0.006527057,0.025836945,-0.071298361,-0.046332121,0.007086545,-0.007803047,-0.004661206,0.027870164,0.001792482,0.008555133,0.007838865,-0.006211130
1.299745798,1.960649490,-1.031426430,-1.408408165,-0.027420998,0.690493584,0.026653290,-0.101383209,0.097963333,-0.007385254,-0.081237793,0.045822144,0.019638062,1.960649490,-1.031426430,-1.408024788,-0.027420998,0.690876961,0.026653290,0.000042065,17.499300003,-3.757081747,-1.228958964,0.307638764,0.000752485,0.000259399,17.480430603,-3.819715500,-1.280155182,0.305699348,0.001068115,0.000042065,17.499300003,-3.757081747,-1.228958964,0.307638764,0.000752485,0.000000000,0.000000000,0.000000000,0.000000000,0.000000000,0.000000000,0.000000000,0.000000000,0.000000000,0.000000000,0.000000000,0.000000000,0.000000000,0.000000000,0.000000000,0.000000000,0.000000000,0.000000000,0.000217335,-0.018869400,-0.062633753,-0.051196218,-0.001939416,0.000315630,0.002067284,-0.016707661,0.010377265,0.003662860,-0.001178035,0.001892986
1.309743166,1.960266113,-1.031043053,-1.408408165,-0.027420998,0.690493584,0.026653290,-0.019470215,0.061950684,-0.010070801,-0.018127441,-0.001510620,0.032730103,1.960649490,-1.031043053,-1.408408165,-0.027420998,0.690493584,0.026653290,0.000042072,17.502258301,-3.762827396,-1.229624629,0.308288097,0.000754230,0.013229370,17.522544861,-3.842542648,-1.289493561,0.305699348,0.006195068,0.000042072,17.502258301,-3.762827396,-1.229624629,0.308288097,0.000754230,0.000000000,0.000000000,0.000000000,0.000000000,0.000000000,0.000000000,0.000000000,0.000000000,0.000000000,0.000000000,0.000000000,0.000000000,0.000000000,0.000000000,0.000000000,0.000000000,0.000000000,0.000000000,0.013187298,0.020286560,-0.079715252,-0.059868932,-0.002588749,0.005440839,0.014923328,0.022278237,-0.006653444,-0.004971901,-0.001813524,0.006965026
1.319707870,1.960649490,-1.031043053,-1.408408165,-0.027420998,0.690493584,0.026653290,0.047668457,-0.007629395,-0.022155762,-0.006042480,0.011581421,0.022659302,1.960649490,-1.031043053,-1.408408165,-0.027420998,0.690493584,0.026653290,0.000042072,17.502258301,-3.762827396,-1.229624629,0.308288097,0.000754230,0.011154175,17.452964783,-3.820234299,-1.301426888,0.296727180,0.005340576,0.000042072,17.502258301,-3.762827396,-1.229624629,0.308288097,0.000754230,0.000000000,0.000000000,0.000000000,0.000000000,0.000000000,0.000000000,0.000000000,0.000000000,0.000000000,0.000000000,0.000000000,0.000000000,0.000000000,0.000000000,0.000000000,0.000000000,0.000000000,0.000000000,0.011112103,-0.049293518,-0.057406902,-0.071802258,-0.011560917,0.004586347,0.012751530,-0.046946189,0.015537199,-0.016778120,-0.010704597,0.006064590
1.329708815,1.960649490,-1.031043053,-1.408408165,-0.027037621,0.690493584,0.026653290,0.007385254,-0.007629395,0.129577637,0.006042480,0.014602661,-0.031723022,1.960649490,-1.031043053,-1.408408165,-0.027420998,0.690876961,0.026653290,0.000042073,17.502519608,-3.763075590,-1.229900360,0.308190405,0.000753970,0.001296997,17.487754822,-3.847730637,-1.283786774,0.303990364,-0.001495361,0.000042073,17.502519608,-3.763075590,-1.229900360,0.308190405,0.000753970,0.000000000,0.000000000,0.000000000,0.000000000,0.000000000,0.000000000,0.000000000,0.000000000,0.000000000,0.000000000,0.000000000,0.000000000,0.000000000,0.000000000,0.000000000,0.000000000,0.000000000,0.000000000,0.001254924,-0.014764786,-0.084655046,-0.053886414,-0.004200041,-0.002249332,0.002872752,-0.012324789,-0.011623550,0.001129234,-0.003318768,-0.000765334
1.339708805,1.960266113,-1.031426430,-1.408408165,-0.027420998,0.690493584,0.026653290,0.081237793,0.032043457,-0.039611816,-0.057067871,0.017623901,0.054885864,1.960266113,-1.031426430,-1.408408165,-0.027420998,0.690493584,0.026653290,0.000042082,17.502201080,-3.759830713,-1.229153872,0.308012217,0.000753487,0.009078979,17.533531189,-3.844617844,-1.292606354,0.291600227,0.004058838,0.000042082,17.502201080,-3.759830713,-1.229153872,0.308012217,0.000753487,0.000000000,0.000000000,0.000000000,0.000000000,0.000000000,0.000000000,0.000000000,0.000000000,0.000000000,0.000000000,0.000000000,0.000000000,0.000000000,0.000000000,0.000000000,0.000000000,0.000000000,0.000000000,0.009036897,0.031330109,-0.084787130,-0.063452482,-0.016411990,0.003305351,0.010575802,0.033519957,-0.011668555,-0.008374340,-0.015415674,0.004753872
1.349725723,1.960649490,-1.031426430,-1.408408165,-0.027420998,0.690876961,0.026653290,-0.077209473,0.032043457,-0.003356934,0.126892090,0.039779663,0.052871704,1.960649490,-1.031043053,-1.408408165,-0.027420998,0.690493584,0.026653290,0.000042072,17.502258301,-3.762827396,-1.229624629,0.308288097,0.000754230,0.000778198,17.513389587,-3.852918625,-1.280673981,0.297581673,0.006195068,0.000042072,17.502258301,-3.762827396,-1.229624629,0.308288097,0.000754230,0.000000000,0.000000000,0.000000000,0.000000000,0.000000000,0.000000000,0.000000000,0.000000000,0.000000000,0.000000000,0.000000000,0.000000000,0.000000000,0.000000000,0.000000000,0.000000000,0.000000000,0.000000000,0.000736126,0.011131287,-0.090091228,-0.051049352,-0.010706425,0.005440839,0.002258302,0.013223185,-0.016847854,0.003999168,-0.009638711,0.006838703
1.359710693,1.960649490,-1.031426430,-1.408408165,-0.027420998,0.690493584,0.026653290,-0.003356934,0.008850098,0.053039551,-0.069152832,-0.014602661,0.029708862,1.960649490,-1.031426430,-1.408408165,-0.027420998,0.690493584,0.026653290,0.000042072,17.502201080,-3.759830713,-1.229153872,0.308012217,0.000753487,-0.006484985,17.529869080,-3.839429855,-1.283267975,0.307835579,-0.003204346,0.000042072,17.502201080,-3.759830713,-1.229153872,0.308012217,0.000753487,0.000000000,0.000000000,0.000000000,0.000000000,0.000000000,0.000000000,0.000000000,0.000000000,0.000000000,0.000000000,0.000000000,0.000000000,0.000000000,0.000000000,0.000000000,0.000000000,0.000000000,0.000000000,-0.006527057,0.027667999,-0.079599142,-0.054114103,-0.000176638,-0.003957832,-0.004968349,0.029542672,-0.006309375,0.000927595,0.000884571,-0.002541282
1.369711161,1.960649490,-1.031426430,-1.408408165,-0.027420998,0.690493584,0.026653290,-0.126895905,-0.053407669,0.105407715,-0.069152832,-0.018630981,-0.004531860,1.960649490,-1.031426430,-1.408408165,-0.027420998,0.690876961,0.026653290,0.000042073,17.502464294,-3.760078907,-1.229429722,0.307914615,0.000753228,0.001815796,17.496910095,-3.816082954,-1.290012360,0.282628059,0.016021729,0.000042073,17.502464294,-3.760078907,-1.229429722,0.307914615,0.000753228,0.000000000,0.000000000,0.000000000,0.000000000,0.000000000,0.000000000,0.000000000,0.000000000,0.000000000,0.000000000,0.000000000,0.000000000,0.000000000,0.000000000,0.000000000,0.000000000,0.000000000,0.000000000,0.001773723,-0.005554199,-0.056004047,-0.060582638,-0.025286555,0.015268501,0.003308283,-0.003652863,0.017160461,-0.005500787,-0.024049800,0.016564145
1.379708529,1.960649490,-1.031426430,-1.408408165,-0.027420998,0.690493584,0.026653290,0.102722168,-0.109560013,-0.096012115,-0.089298248,0.003524780,0.007553101,1.960649490,-1.031426430,-1.408408165,-0.027420998,0.690876961,0.026653290,0.000042073,17.502464294,-3.760078907,-1.229429722,0.307914615,0.000753228,0.002853394,17.485923767,-3.830610275,-1.302983284,0.312535286,-0.012176514,0.000042073,17.502464294,-3.760078907,-1.229429722,0.307914615,0.000753228,0.000000000,0.000000000,0.000000000,0.000000000,0.000000000,0.000000000,0.000000000,0.000000000,0.000000000,0.000000000,0.000000000,0.000000000,0.000000000,0.000000000,0.000000000,0.000000000,0.000000000,0.000000000,0.002811321,-0.016540527,-0.070531368,-0.073553562,0.004620671,-0.012929741,0.004314615,-0.014533873,0.002614196,-0.018338822,0.005815287,-0.011550399
1.389711618,1.960649490,-1.031426430,-1.408408165,-0.027420998,0.690493584,0.026653290,-0.008728027,-0.065004349,0.079895020,-0.083923340,-0.015609741,0.023666382,1.960649490,-1.031043053,-1.408408165,-0.027420998,0.690493584,0.026653290,0.000042072,17.502258301,-3.762827396,-1.229624629,0.308288097,0.000754230,-0.000259399,17.524375916,-3.852918625,-1.288455963,0.308262825,0.001068115,0.000042072,17.502258301,-3.762827396,-1.229624629,0.308288097,0.000754230,0.000000000,0.000000000,0.000000000,0.000000000,0.000000000,0.000000000,0.000000000,0.000000000,0.000000000,0.000000000,0.000000000,0.000000000,0.000000000,0.000000000,0.000000000,0.000000000,0.000000000,0.000000000,-0.000301472,0.022117615,-0.090091228,-0.058831334,-0.000025272,0.000313886,0.001193239,0.023951953,-0.016824624,-0.003590761,0.001160991,0.001681134
1.399711370,1.960649490,-1.031043053,-1.408408165,-0.027420998,0.690876961,0.026653290,0.053039551,0.021667480,0.023498535,-0.116153717,-0.018630981,0.051864624,1.960649490,-1.031043053,-1.408408165,-0.027420998,0.690493584,0.026653290,0.000042072,17.502258301,-3.762827396,-1.229624629,0.308288097,0.000754230,-0.010635376,17.495079041,-3.812451363,-1.288974762,0.394995689,0.001495361,0.000042072,17.502258301,-3.762827396,-1.229624629,0.308288097,0.000754230,0.000000000,0.000000000,0.000000000,0.000000000,0.000000000,0.000000000,0.000000000,0.000000000,0.000000000,0.000000000,0.000000000,0.000000000,0.000000000,0.000000000,0.000000000,0.000000000,0.000000000,0.000000000,-0.010677448,-0.007179260,-0.049623966,-0.059350133,0.086707592,0.000741132,-0.009117612,-0.005307015,0.023474960,-0.004080414,0.087270494,0.002093427
1.409755230,1.960649490,-1.031043053,-1.408408165,-0.027420998,0.690493584,0.026653290,0.101379395,-0.000305176,0.057067871,0.042297363,0.012588501,0.011581421,1.960649490,-1.031426430,-1.408408165,-0.027420998,0.690493584,0.026653290,0.000042072,17.502201080,-3.759830713,-1.229153872,0.308012217,0.000753487,0.005966187,17.476768494,-3.867444992,-1.291568756,0.330052376,0.002349854,0.000042072,17.502201080,-3.759830713,-1.229153872,0.308012217,0.000753487,0.000000000,0.000000000,0.000000000,0.000000000,0.000000000,0.000000000,0.000000000,0.000000000,0.000000000,0.000000000,0.000000000,0.000000000,0.000000000,0.000000000,0.000000000,0.000000000,0.000000000,0.000000000,0.005924114,-0.025432587,-0.107614279,-0.062414885,0.022040159,0.001596367,0.007431247,-0.023394423,-0.034272286,-0.007094847,0.022443884,0.002927897
1.419713259,1.960266113,-1.031043053,-1.408408165,-0.027420998,0.690876961,0.026653290,-0.063781738,-0.058900833,-0.116153717,-0.159122467,0.058914185,0.003524780,1.960266113,-1.031043053,-1.408408165,-0.027420998,0.690493584,0.026653290,0.000042082,17.502258301,-3.762827396,-1.229624629,0.308288097,0.000754230,0.014785767,17.495079041,-3.827497482,-1.293643951,0.308690071,0.005767822,0.000042082,17.502258301,-3.762827396,-1.229624629,0.308288097,0.000754230,0.000000000,0.000000000,0.000000000,0.000000000,0.000000000,0.000000000,0.000000000,0.000000000,0.000000000,0.000000000,0.000000000,0.000000000,0.000000000,0.000000000,0.000000000,0.000000000,0.000000000,0.000000000,0.014743684,-0.007179260,-0.064670086,-0.064019322,0.000401974,0.005013593,0.016137175,-0.005105145,0.008611264,-0.008638451,0.000800065,0.006300751
1.429710388,1.960649490,-1.031043053,-1.408408165,-0.027420998,0.690493584,0.026653290,0.195377350,0.008239746,-0.000671387,-0.018127441,-0.082080841,-0.052871704,1.960649490,-1.031426430,-1.408408165,-0.027420998,0.690493584,0.026653290,0.000042072,17.502201080,-3.759830713,-1.229153872,0.308012217,0.000753487,-0.013229370,17.506065369,-3.835279465,-1.282230377,0.292454720,-0.004913330,0.000042072,17.502201080,-3.759830713,-1.229153872,0.308012217,0.000753487,0.000000000,0.000000000,0.000000000,0.000000000,0.000000000,0.000000000,0.000000000,0.000000000,0.000000000,0.000000000,0.000000000,0.000000000,0.000000000,0.000000000,0.000000000,0.000000000,0.000000000,0.000000000,-0.013271442,0.003864288,-0.075448751,-0.053076506,-0.015557498,-0.005666817,-0.011795466,0.005897164,-0.002152350,0.002288363,-0.015054132,-0.004349244
1.439723492,1.960649490,-1.031043053,-1.408408165,-0.027420998,0.690876961,0.026653290,-0.007385254,0.079652786,0.130920410,-0.027526855,-0.018630981,-0.033737183,1.960649490,-1.031043053,-1.408408165,-0.027420998,0.690493584,0.026653290,0.000042072,17.502258301,-3.762827396,-1.229624629,0.308288097,0.000754230,-0.009597778,17.539024353,-3.836835861,-1.273410797,0.309544563,-0.006195068,0.000042072,17.502258301,-3.762827396,-1.229624629,0.308288097,0.000754230,0.000000000,0.000000000,0.000000000,0.000000000,0.000000000,0.000000000,0.000000000,0.000000000,0.000000000,0.000000000,0.000000000,0.000000000,0.000000000,0.000000000,0.000000000,0.000000000,0.000000000,0.000000000,-0.009639851,0.036766052,-0.074008465,-0.043786168,0.001256466,-0.006949298,-0.008107572,0.038531349,-0.000707153,0.011498848,0.001747695,-0.005592886
1.449717045,1.960649490,-1.031043053,-1.408408165,-0.027420998,0.690493584,0.026653290,-0.078552246,0.093080521,-0.120182037,-0.053039551,-0.024673462,0.063949585,1.960649490,-1.031043053,-1.408408165,-0.027420998,0.690876961,0.026653290,0.000042073,17.502519608,-3.763075590,-1.229900360,0.308190405,0.000753970,0.012710571,17.535362244,-3.832166672,-1.284305573,0.318089485,0.005767822,0.000042073,17.502519608,-3.763075590,-1.229900360,0.308190405,0.000753970,0.000000000,0.000000000,0.000000000,0.000000000,0.000000000,0.000000000,0.000000000,0.000000000,0.000000000,0.000000000,0.000000000,0.000000000,0.000000000,0.000000000,0.000000000,0.000000000,0.000000000,0.000000000,0.012668498,0.032842636,-0.069091082,-0.054405212,0.009899080,0.005013852,0.014103511,0.034370893,0.004181393,0.000873777,0.010319142,0.006326632
1.459709406,1.960649490,-1.031043053,-1.408408165,-0.027420998,0.690876961,0.026653290,-0.039611816,0.052185059,-0.125553131,-0.030212402,0.016616821,0.015609741,1.960649490,-1.031043053,-1.408408165,-0.027420998,0.690493584,0.026653290,0.000042072,17.502258301,-3.762827396,-1.229624629,0.308288097,0.000754230,-0.005966187,17.493247986,-3.821790695,-1.288455963,0.297154427,-0.003204346,0.000042072,17.502258301,-3.762827396,-1.229624629,0.308288097,0.000754230,0.000000000,0.000000000,0.000000000,0.000000000,0.000000000,0.000000000,0.000000000,0.000000000,0.000000000,0.000000000,0.000000000,0.000000000,0.000000000,0.000000000,0.000000000,0.000000000,0.000000000,0.000000000,-0.006008259,-0.009010315,-0.058963299,-0.058831334,-0.011133671,-0.003958575,-0.004542135,-0.007431160,0.014211835,-0.003528179,-0.010640727,-0.002627797
1.469708443,1.960649490,-1.031043053,-1.408408165,-0.027420998,0.690876961,0.026653290,0.053039551,0.073547363,-0.047668457,0.058410645,0.015609741,-0.032730103,1.960649490,-1.031043053,-1.408408165,-0.027420998,0.690493584,0.026653290,0.000042072,17.502258301,-3.762827396,-1.229624629,0.308288097,0.000754230,-0.009597778,17.513389587,-3.836317062,-1.325810432,0.309544563,-0.005767822,0.000042072,17.502258301,-3.762827396,-1.229624629,0.308288097,0.000754230,0.000000000,0.000000000,0.000000000,0.000000000,0.000000000,0.000000000,0.000000000,0.000000000,0.000000000,0.000000000,0.000000000,0.000000000,0.000000000,0.000000000,0.000000000,0.000000000,0.000000000,0.000000000,-0.009639851,0.011131287,-0.073489666,-0.096185803,0.001256466,-0.006522052,-0.008118499,0.012624560,-0.000312407,-0.040606414,0.001737589,-0.005156197
1.479711771,1.960649490,-1.031043053,-1.408408165,-0.027420998,0.690876961,0.026653290,-0.133609772,0.085145950,0.051696777,0.040954590,0.011581421,-0.055892944,1.960649490,-1.031043053,-1.408408165,-0.027420998,0.690876961,0.026653290,0.000042073,17.502519608,-3.763075590,-1.229900360,0.308190405,0.000753970,0.014266968,17.520713806,-3.808300972,-1.289493561,0.297581673,0.000640869,0.000042073,17.502519608,-3.763075590,-1.229900360,0.308190405,0.000753970,0.000000000,0.000000000,0.000000000,0.000000000,0.000000000,0.000000000,0.000000000,0.000000000,0.000000000,0.000000000,0.000000000,0.000000000,0.000000000,0.000000000,0.000000000,0.000000000,0.000000000,0.000000000,0.014224895,0.018194199,-0.045225382,-0.059593201,-0.010608733,-0.000113101,0.015640566,0.019555341,0.027764280,-0.003986873,-0.010059639,0.001244346
1.489754438,1.960649490,-1.031043053,-1.408408165,-0.027420998,0.690493584,0.026653290,-0.007385254,0.075988770,-0.137638092,-0.054382324,0.067977905,0.043807983,1.960649490,-1.031426430,-1.408408165,-0.027420998,0.690493584,0.026653290,0.000042072,17.502201080,-3.759830713,-1.229153872,0.308012217,0.000753487,-0.001815796,17.500572205,-3.844099045,-1.265628815,0.277928352,-0.010040283,0.000042072,17.502201080,-3.759830713,-1.229153872,0.308012217,0.000753487,0.000000000,0.000000000,0.000000000,0.000000000,0.000000000,0.000000000,0.000000000,0.000000000,0.000000000,0.000000000,0.000000000,0.000000000,0.000000000,0.000000000,0.000000000,0.000000000,0.000000000,0.000000000,-0.001857868,-0.001628876,-0.084268332,-0.036474943,-0.030083865,-0.010793770,-0.000439248,-0.000265948,-0.011203478,0.019003842,-0.029337872,-0.009373414
1.499743223,1.960649490,-1.031043053,-1.408408165,-0.027420998,0.690493584,0.026653290,-0.031555176,0.061340332,-0.027526855,-0.020812988,0.013595581,-0.062942505,1.960649490,-1.031043053,-1.408408165,-0.027420998,0.690493584,0.026653290,0.000042072,17.502258301,-3.762827396,-1.229624629,0.308288097,0.000754230,-0.004928589,17.498741150,-3.836317062,-1.287418365,0.313817024,-0.004486084,0.000042072,17.502258301,-3.762827396,-1.229624629,0.308288097,0.000754230,0.000000000,0.000000000,0.000000000,0.000000000,0.000000000,0.000000000,0.000000000,0.000000000,0.000000000,0.000000000,0.000000000,0.000000000,0.000000000,0.000000000,0.000000000,0.000000000,0.000000000,0.000000000,-0.004970661,-0.003517151,-0.073489666,-0.057793736,0.005528927,-0.005240314,-0.003528518,-0.002139957,-0.000421999,-0.002299621,0.006233364,-0.003794660
1.509727001,1.960649490,-1.031043053,-1.408408165,-0.027420998,0.690493584,0.026653290,0.113464355,-0.035705566,-0.051696777,0.091979980,-0.063949585,0.036758423,1.960649490,-1.031043053,-1.408408165,-0.027420998,0.690493584,0.026653290,0.000042072,17.502258301,-3.762827396,-1.229624629,0.308288097,0.000754230,0.014785767,17.509727478,-3.828535080,-1.377691269,0.321507454,0.004913330,0.000042072,17.502258301,-3.762827396,-1.229624629,0.308288097,0.000754230,0.000000000,0.000000000,0.000000000,0.000000000,0.000000000,0.000000000,0.000000000,0.000000000,0.000000000,0.000000000,0.000000000,0.000000000,0.000000000,0.000000000,0.000000000,0.000000000,0.000000000,0.000000000,0.014743694,0.007469177,-0.065707684,-0.148066640,0.013219357,0.004159100,0.016079352,0.008788172,0.007311562,-0.091963494,0.013832189,0.005567881
1.519772530,1.960649490,-1.031426430,-1.408408165,-0.027420998,0.690493584,0.026653290,0.020812988,-0.016174316,-0.172550201,0.040954590,0.059921265,-0.037765503,1.960649490,-1.031426430,-1.408408165,-0.027420998,0.690876961,0.026653290,0.000042073,17.502464294,-3.760078907,-1.229429722,0.307914615,0.000753228,-0.003890991,17.496910095,-3.826459885,-1.298314095,0.300145149,-0.009613037,0.000042073,17.502464294,-3.760078907,-1.229429722,0.307914615,0.000753228,0.000000000,0.000000000,0.000000000,0.000000000,0.000000000,0.000000000,0.000000000,0.000000000,0.000000000,0.000000000,0.000000000,0.000000000,0.000000000,0.000000000,0.000000000,0.000000000,0.000000000,0.000000000,-0.003933064,-0.005554199,-0.066380978,-0.068884373,-0.007769465,-0.010366265,-0.002580430,-0.004207524,0.006594881,-0.012697690,-0.007109857,-0.008898939
1.529745102,1.960649490,-1.031426430,-1.408408165,-0.027420998,0.690876961,0.026653290,-0.171207428,-0.055238724,-0.069152832,-0.011413574,0.027694702,0.000503540,1.960649490,-1.031426430,-1.408408165,-0.027420998,0.690493584,0.026653290,0.000042072,17.502201080,-3.759830713,-1.229153872,0.308012217,0.000753487,-0.001815796,17.498741150,-3.821271896,-1.207522392,0.309117317,0.001922607,0.000042072,17.502201080,-3.759830713,-1.229153872,0.308012217,0.000753487,0.000000000,0.000000000,0.000000000,0.000000000,0.000000000,0.000000000,0.000000000,0.000000000,0.000000000,0.000000000,0.000000000,0.000000000,0.000000000,0.000000000,0.000000000,0.000000000,0.000000000,0.000000000,-0.001857868,-0.003459930,-0.061441183,0.021631479,0.001105100,0.001169121,-0.000501953,-0.002099533,0.011459775,0.077312850,0.001753249,0.002619327
1.539813757,1.960649490,-1.031426430,-1.408408165,-0.027420998,0.690493584,0.026653290,-0.075866699,-0.040590286,0.028869629,0.023498535,0.007553101,0.004531860,1.960649490,-1.031043053,-1.408408165,-0.027420998,0.690493584,0.026653290,0.000042072,17.502258301,-3.762827396,-1.229624629,0.308288097,0.000754230,-0.006484985,17.473106384,-3.856550217,-1.288974762,0.308690071,-0.000213623,0.000042072,17.502258301,-3.762827396,-1.229624629,0.308288097,0.000754230,0.000000000,0.000000000,0.000000000,0.000000000,0.000000000,0.000000000,0.000000000,0.000000000,0.000000000,0.000000000,0.000000000,0.000000000,0.000000000,0.000000000,0.000000000,0.000000000,0.000000000,0.000000000,-0.006527058,-0.029151917,-0.093722820,-0.059350133,0.000401974,-0.000967853,-0.005137781,-0.027612219,-0.020687528,-0.003645093,0.001043348,0.000479241
1.549714565,1.960649490,-1.031043053,-1.408408165,-0.027420998,0.690493584,0.026653290,-0.148380280,-0.025329590,0.163146973,0.070495605,-0.013595581,0.036758423,1.960649490,-1.031426430,-1.408408165,-0.027420998,0.690493584,0.026653290,0.000042072,17.502201080,-3.759830713,-1.229153872,0.308012217,0.000753487,-0.008041382,17.540855408,-3.866407394,-1.283267975,0.327488899,0.017730713,0.000042072,17.502201080,-3.759830713,-1.229153872,0.308012217,0.000753487,0.000000000,0.000000000,0.000000000,0.000000000,0.000000000,0.000000000,0.000000000,0.000000000,0.000000000,0.000000000,0.000000000,0.000000000,0.000000000,0.000000000,0.000000000,0.000000000,0.000000000,0.000000000,-0.008083454,0.038654327,-0.106576681,-0.054114103,0.019476682,0.016977226,-0.006651266,0.039936371,-0.033326380,0.001580738,0.019989094,0.018306216
1.559711695,1.960649490,-1.031043053,-1.408408165,-0.027420998,0.690493584,0.026653290,0.062438965,-0.038757324,-0.116153717,-0.124210358,0.006546021,0.030715942,1.960649490,-1.031043053,-1.408408165,-0.027420998,0.690493584,0.026653290,0.000042072,17.502258301,-3.762827396,-1.229624629,0.308288097,0.000754230,-0.013748169,17.471275330,-3.847211838,-1.288974762,0.284764290,0.002349854,0.000042072,17.502258301,-3.762827396,-1.229624629,0.308288097,0.000754230,0.000000000,0.000000000,0.000000000,0.000000000,0.000000000,0.000000000,0.000000000,0.000000000,0.000000000,0.000000000,0.000000000,0.000000000,0.000000000,0.000000000,0.000000000,0.000000000,0.000000000,0.000000000,-0.013790241,-0.030982971,-0.084384441,-0.059350133,-0.023523808,0.001595624,-0.012279339,-0.029511749,-0.011063222,-0.003632009,-0.022864826,0.002905985
1.569709539,1.960649490,-1.031043053,-1.408408165,-0.027420998,0.690493584,0.026653290,-0.023498535,0.013732910,-0.039611816,0.010070801,0.008560181,0.013595581,1.960266113,-1.031426430,-1.408408165,-0.027420998,0.690493584,0.026653290,0.000042082,17.502201080,-3.759830713,-1.229153872,0.308012217,0.000753487,0.007003784,17.485923767,-3.829053879,-1.282230377,0.315098763,-0.017730713,0.000042082,17.502201080,-3.759830713,-1.229153872,0.308012217,0.000753487,0.000000000,0.000000000,0.000000000,0.000000000,0.000000000,0.000000000,0.000000000,0.000000000,0.000000000,0.000000000,0.000000000,0.000000000,0.000000000,0.000000000,0.000000000,0.000000000,0.000000000,0.000000000,0.006961702,-0.016277313,-0.069223166,-0.053076506,0.007086545,-0.018484200,0.008418980,-0.014712382,0.004072117,0.002624899,0.007696504,-0.017065143
1.579710245,1.960649490,-1.031043053,-1.408408165,-0.027420998,0.690493584,0.026653290,-0.015441895,0.038146973,-0.023498535,0.027526855,-0.031723022,0.035751343,1.960649490,-1.031426430,-1.408408165,-0.027420998,0.690493584,0.026653290,0.000042072,17.502201080,-3.759830713,-1.229153872,0.308012217,0.000753487,-0.019973755,17.458457947,-3.829053879,-1.279636383,0.291600227,-0.009185791,0.000042072,17.502201080,-3.759830713,-1.229153872,0.308012217,0.000753487,0.000000000,0.000000000,0.000000000,0.000000000,0.000000000,0.000000000,0.000000000,0.000000000,0.000000000,0.000000000,0.000000000,0.000000000,0.000000000,0.000000000,0.000000000,0.000000000,0.000000000,0.000000000,-0.020015827,-0.043743134,-0.069223166,-0.050482512,-0.016411990,-0.009939278,-0.018441829,-0.041912931,0.004046506,0.005186070,-0.015702647,-0.008466635
1.589742422,1.960266113,-1.031426430,-1.408408165,-0.027420998,0.690493584,0.026653290,-0.090641022,-0.067445755,-0.093326569,-0.078552246,0.058914185,-0.016616821,1.960266113,-1.031043053,-1.408408165,-0.027420998,0.690493584,0.026653290,0.000042082,17.502258301,-3.762827396,-1.229624629,0.308288097,0.000754230,0.004928589,17.517051697,-3.823865891,-1.278598785,0.295445442,0.002349854,0.000042082,17.502258301,-3.762827396,-1.229624629,0.308288097,0.000754230,0.000000000,0.000000000,0.000000000,0.000000000,0.000000000,0.000000000,0.000000000,0.000000000,0.000000000,0.000000000,0.000000000,0.000000000,0.000000000,0.000000000,0.000000000,0.000000000,0.000000000,0.000000000,0.004886507,0.014793396,-0.061038494,-0.048974156,-0.012842655,0.001595624,0.006420127,0.016519701,0.012154733,0.006652585,-0.012057479,0.003049090
1.599741220,1.960649490,-1.031426430,-1.408408165,-0.027420998,0.690493584,0.026653290,0.019470215,-0.037536621,0.043640137,0.126892090,-0.036758423,0.012588501,1.960649490,-1.031426430,-1.408408165,-0.027420998,0.690493584,0.026653290,0.000042072,17.502201080,-3.759830713,-1.229153872,0.308012217,0.000753487,0.001296997,17.489585876,-3.848768234,-1.287418365,0.312535286,-0.013031006,0.000042072,17.502201080,-3.759830713,-1.229153872,0.308012217,0.000753487,0.000000000,0.000000000,0.000000000,0.000000000,0.000000000,0.000000000,0.000000000,0.000000000,0.000000000,0.000000000,0.000000000,0.000000000,0.000000000,0.000000000,0.000000000,0.000000000,0.000000000,0.000000000,0.001254925,-0.012615204,-0.088937521,-0.058264494,0.004523069,-0.013784493,0.002771225,-0.010821265,-0.015646504,-0.002621369,0.005275274,-0.012254436
1.609708548,1.960266113,-1.031043053,-1.408408165,-0.027420998,0.690876961,0.026653290,-0.120182037,-0.072938919,0.028869629,-0.020812988,0.022659302,0.019638062,1.960649490,-1.031043053,-1.408408165,-0.027420998,0.690493584,0.026653290,0.000042072,17.502258301,-3.762827396,-1.229624629,0.308288097,0.000754230,0.012191772,17.502403259,-3.823865891,-1.282230377,0.325779915,0.021575928,0.000042072,17.502258301,-3.762827396,-1.229624629,0.308288097,0.000754230,0.000000000,0.000000000,0.000000000,0.000000000,0.000000000,0.000000000,0.000000000,0.000000000,0.000000000,0.000000000,0.000000000,0.000000000,0.000000000,0.000000000,0.000000000,0.000000000,0.000000000,0.000000000,0.012149700,0.000144958,-0.061038494,-0.052605748,0.017491817,0.020821698,0.013581642,0.001926928,0.012176890,0.003018627,0.018131406,0.022213781
1.619709015,1.960649490,-1.031426430,-1.408408165,-0.027420998,0.690876961,0.026653290,-0.054382324,-0.124208450,-0.066467285,-0.008728027,0.053878784,0.019638062,1.960266113,-1.031426430,-1.408408165,-0.027420998,0.690493584,0.026653290,0.000042082,17.502201080,-3.759830713,-1.229153872,0.308012217,0.000753487,-0.017379761,17.555503845,-3.873151779,-1.296238899,0.279637337,-0.006195068,0.000042082,17.502201080,-3.759830713,-1.229153872,0.308012217,0.000753487,0.000000000,0.000000000,0.000000000,0.000000000,0.000000000,0.000000000,0.000000000,0.000000000,0.000000000,0.000000000,0.000000000,0.000000000,0.000000000,0.000000000,0.000000000,0.000000000,0.000000000,0.000000000,-0.017421843,0.053302765,-0.113321066,-0.067085028,-0.028374881,-0.006948555,-0.015891803,0.054746792,-0.039859634,-0.011390342,-0.027565137,-0.005522384
1.629709244,1.960649490,-1.031043053,-1.408408165,-0.027420998,0.690493584,0.026653290,-0.035583496,-0.041200638,0.040954590,-0.042297363,-0.006546021,0.022659302,1.960266113,-1.031043053,-1.408408165,-0.027420998,0.690876961,0.026653290,0.000042083,17.502519608,-3.763075590,-1.229900360,0.308190405,0.000753970,-0.001815796,17.456626892,-3.825422287,-1.264591217,0.299717903,-0.007476807,0.000042083,17.502519608,-3.763075590,-1.229900360,0.308190405,0.000753970,0.000000000,0.000000000,0.000000000,0.000000000,0.000000000,0.000000000,0.000000000,0.000000000,0.000000000,0.000000000,0.000000000,0.000000000,0.000000000,0.000000000,0.000000000,0.000000000,0.000000000,0.000000000,-0.001857879,-0.045892715,-0.062346697,-0.034690857,-0.008472502,-0.008230777,-0.000325840,-0.044177660,0.011046962,0.020875757,-0.007616035,-0.006763114
1.639744282,1.960649490,-1.031426430,-1.408408165,-0.027420998,0.690493584,0.026653290,0.006042480,-0.027770996,0.035583496,-0.151065826,0.022659302,0.020645142,1.960649490,-1.031043053,-1.408408165,-0.027420998,0.690493584,0.026653290,0.000042072,17.502258301,-3.762827396,-1.229624629,0.308288097,0.000754230,-0.024642944,17.535362244,-3.835279465,-1.290531158,0.331334114,0.002349854,0.000042072,17.502258301,-3.762827396,-1.229624629,0.308288097,0.000754230,0.000000000,0.000000000,0.000000000,0.000000000,0.000000000,0.000000000,0.000000000,0.000000000,0.000000000,0.000000000,0.000000000,0.000000000,0.000000000,0.000000000,0.000000000,0.000000000,0.000000000,0.000000000,-0.024685017,0.033103943,-0.072452068,-0.060906529,0.023046017,0.001595624,-0.023012657,0.034607974,0.000935884,-0.005307552,0.023757621,0.003044721
1.649709463,1.960649490,-1.031043053,-1.408408165,-0.027420998,0.690493584,0.026653290,0.050354004,-0.015563965,-0.054382324,-0.069152832,0.044815063,-0.021652222,1.960649490,-1.031043053,-1.408408165,-0.027420998,0.690876961,0.026653290,0.000042073,17.502519608,-3.763075590,-1.229900360,0.308190405,0.000753970,-0.001296997,17.493247986,-3.834760666,-1.263553619,0.282628059,-0.019866943,0.000042073,17.502519608,-3.763075590,-1.229900360,0.308190405,0.000753970,0.000000000,0.000000000,0.000000000,0.000000000,0.000000000,0.000000000,0.000000000,0.000000000,0.000000000,0.000000000,0.000000000,0.000000000,0.000000000,0.000000000,0.000000000,0.000000000,0.000000000,0.000000000,-0.001339070,-0.009271622,-0.071685076,-0.033653259,-0.025562346,-0.020620914,0.000331282,-0.007720798,0.001692618,0.021813515,-0.024701039,-0.019056323
1.659724236,1.960649490,-1.031043053,-1.408408165,-0.027420998,0.690876961,0.026653290,-0.117496490,0.045471191,-0.144351959,0.028869629,0.039779663,-0.002517700,1.960649490,-1.031043053,-1.408408165,-0.027420998,0.690493584,0.026653290,0.000042072,17.502258301,-3.762827396,-1.229624629,0.308288097,0.000754230,0.007003784,17.524375916,-3.821790695,-1.276523590,0.313389778,-0.017730713,0.000042072,17.502258301,-3.762827396,-1.229624629,0.308288097,0.000754230,0.000000000,0.000000000,0.000000000,0.000000000,0.000000000,0.000000000,0.000000000,0.000000000,0.000000000,0.000000000,0.000000000,0.000000000,0.000000000,0.000000000,0.000000000,0.000000000,0.000000000,0.000000000,0.006961712,0.022117615,-0.058963299,-0.046898961,0.005101681,-0.018484943,0.008580375,0.023526711,0.014328081,0.008516509,0.005927282,-0.016819033
1.669743061,1.960649490,-1.031426430,-1.408408165,-0.027420998,0.690876961,0.026653290,0.034240723,0.019836426,-0.121524811,-0.104068756,0.077041626,0.033737183,1.960649490,-1.031043053,-1.408408165,-0.027420998,0.690493584,0.026653290,0.000042072,17.502258301,-3.762827396,-1.229624629,0.308288097,0.000754230,-0.002334595,17.489585876,-3.850324631,-1.238132477,0.294163704,0.004058838,0.000042072,17.502258301,-3.762827396,-1.229624629,0.308288097,0.000754230,0.000000000,0.000000000,0.000000000,0.000000000,0.000000000,0.000000000,0.000000000,0.000000000,0.000000000,0.000000000,0.000000000,0.000000000,0.000000000,0.000000000,0.000000000,0.000000000,0.000000000,0.000000000,-0.002376667,-0.012672424,-0.087497234,-0.008507848,-0.014124393,0.003304608,-0.000753492,-0.011196284,-0.014121295,0.046628410,-0.013219633,0.004940932
1.679709196,1.960266113,-1.031426430,-1.408408165,-0.027420998,0.690493584,0.026653290,-0.165836334,-0.060121536,-0.066467285,-0.006042480,-0.012588501,-0.022659302,1.960266113,-1.031426430,-1.408408165,-0.027420998,0.690876961,0.026653290,0.000042083,17.502464294,-3.760078907,-1.229429722,0.307914615,0.000753228,0.005966187,17.493247986,-3.822309494,-1.284305573,0.302281380,-0.013885498,0.000042083,17.502464294,-3.760078907,-1.229429722,0.307914615,0.000753228,0.000000000,0.000000000,0.000000000,0.000000000,0.000000000,0.000000000,0.000000000,0.000000000,0.000000000,0.000000000,0.000000000,0.000000000,0.000000000,0.000000000,0.000000000,0.000000000,0.000000000,0.000000000,0.005924104,-0.009216309,-0.062230587,-0.054875851,-0.005633235,-0.014638726,0.007502620,-0.007694369,0.011079403,0.000258866,-0.004700495,-0.012925465
1.689709902,1.960649490,-1.031426430,-1.408408165,-0.027420998,0.690493584,0.026653290,0.026184082,0.025329590,-0.030212402,0.040954590,-0.083087921,-0.031723022,1.960649490,-1.031043053,-1.408408165,-0.027420998,0.690876961,0.026653290,0.000042073,17.502519608,-3.763075590,-1.229900360,0.308190405,0.000753970,0.002334595,17.522544861,-3.846693039,-1.282230377,0.291172981,0.007904053,0.000042073,17.502519608,-3.763075590,-1.229900360,0.308190405,0.000753970,0.000000000,0.000000000,0.000000000,0.000000000,0.000000000,0.000000000,0.000000000,0.000000000,0.000000000,0.000000000,0.000000000,0.000000000,0.000000000,0.000000000,0.000000000,0.000000000,0.000000000,0.000000000,0.002292522,0.020025253,-0.083617449,-0.052330017,-0.017017424,0.007150082,0.003848267,0.021420445,-0.010246827,0.002788202,-0.015990069,0.008811206
1.699725389,1.960649490,-1.031043053,-1.408024788,-0.027420998,0.690876961,0.026653290,-0.081237793,0.066833496,0.094665527,-0.093326569,0.022659302,-0.007553101,1.960266113,-1.031043053,-1.408024788,-0.027420998,0.690876961,0.026653290,0.000042075,17.499357224,-3.760078907,-1.229429722,0.307914615,0.000753228,-0.001815796,17.487754822,-3.858106613,-1.275485992,0.326634407,0.005767822,0.000042075,17.499357224,-3.760078907,-1.229429722,0.307914615,0.000753228,0.000000000,0.000000000,0.000000000,0.000000000,0.000000000,0.000000000,0.000000000,0.000000000,0.000000000,0.000000000,0.000000000,0.000000000,0.000000000,0.000000000,0.000000000,0.000000000,0.000000000,0.000000000,-0.001857871,-0.011602402,-0.098027706,-0.046056271,0.018719792,0.005014595,-0.000300358,-0.010147519,-0.024512890,0.009008954,0.019631667,0.006636679
1.709713221,1.960266113,-1.031426430,-1.408408165,-0.027420998,0.690493584,0.026653290,-0.130924225,0.010070801,0.000671387,-0.077209473,-0.021652222,0.079055786,1.960649490,-1.031043053,-1.408408165,-0.027420998,0.690876961,0.026653290,0.000042073,17.502519608,-3.763075590,-1.229900360,0.308190405,0.000753970,-0.011672974,17.498741150,-3.847211838,-1.308690071,0.362523079,0.015594482,0.000042073,17.502519608,-3.763075590,-1.229900360,0.308190405,0.000753970,0.000000000,0.000000000,0.000000000,0.000000000,0.000000000,0.000000000,0.000000000,0.000000000,0.000000000,0.000000000,0.000000000,0.000000000,0.000000000,0.000000000,0.000000000,0.000000000,0.000000000,0.000000000,-0.011715047,-0.003778458,-0.084136248,-0.078789711,0.054332674,0.014840512,-0.010098479,-0.002310065,-0.010559679,-0.023586553,0.054923359,0.016366884
1.719712257,1.960649490,-1.031426430,-1.408408165,-0.027420998,0.690493584,0.026653290,-0.082580566,-0.014343262,0.063781738,0.121520996,-0.001510620,-0.003524780,1.960649490,-1.031426430,-1.408408165,-0.027420998,0.690876961,0.026653290,0.000042073,17.502464294,-3.760078907,-1.229429722,0.307914615,0.000753228,0.017898560,17.506065369,-3.828016281,-1.278079987,0.303135872,-0.001922607,0.000042073,17.502464294,-3.760078907,-1.229429722,0.307914615,0.000753228,0.000000000,0.000000000,0.000000000,0.000000000,0.000000000,0.000000000,0.000000000,0.000000000,0.000000000,0.000000000,0.000000000,0.000000000,0.000000000,0.000000000,0.000000000,0.000000000,0.000000000,0.000000000,0.017856487,0.003601074,-0.067937374,-0.048650265,-0.004778743,-0.002675835,0.019360493,0.005040163,0.005606598,0.006515015,-0.004163849,-0.001142819
1.729721546,1.960649490,-1.031043053,-1.408408165,-0.027420998,0.690493584,0.026653290,-0.136295319,0.071716309,0.015441895,0.096008301,0.040786743,-0.021652222,1.960649490,-1.031426430,-1.408408165,-0.027420998,0.690493584,0.026653290,0.000042072,17.502201080,-3.759830713,-1.229153872,0.308012217,0.000753487,0.019454956,17.478599548,-3.834241867,-1.288974762,0.320652962,-0.001495361,0.000042072,17.502201080,-3.759830713,-1.229153872,0.308012217,0.000753487,0.000000000,0.000000000,0.000000000,0.000000000,0.000000000,0.000000000,0.000000000,0.000000000,0.000000000,0.000000000,0.000000000,0.000000000,0.000000000,0.000000000,0.000000000,0.000000000,0.000000000,0.000000000,0.019412884,-0.023601532,-0.074411154,-0.059820890,0.012640744,-0.002248848,0.020796679,-0.022035073,-0.000862198,-0.004628854,0.013179457,-0.000711718
1.739714622,1.960649490,-1.031043053,-1.408408165,-0.027420998,0.690493584,0.026653290,0.058410645,-0.090028763,0.128234863,0.019470215,0.005538940,0.019638062,1.960649490,-1.031043053,-1.408408165,-0.027420998,0.690493584,0.026653290,0.000042072,17.502258301,-3.762827396,-1.229624629,0.308288097,0.000754230,0.016342163,17.542686462,-3.864850998,-1.286899567,0.315526009,-0.010467529,0.000042072,17.502258301,-3.762827396,-1.229624629,0.308288097,0.000754230,0.000000000,0.000000000,0.000000000,0.000000000,0.000000000,0.000000000,0.000000000,0.000000000,0.000000000,0.000000000,0.000000000,0.000000000,0.000000000,0.000000000,0.000000000,0.000000000,0.000000000,0.000000000,0.016300091,0.040428162,-0.102023602,-0.057274938,0.007237911,-0.011221759,0.017582835,0.041754652,-0.028311934,-0.002070999,0.007732186,-0.009629288
1.749716759,1.960649490,-1.031426430,-1.408408165,-0.027420998,0.690493584,0.026653290,0.036926270,-0.145570755,-0.144351959,0.047668457,-0.012588501,0.013595581,1.960649490,-1.031043053,-1.408408165,-0.027420998,0.690493584,0.026653290,0.000042072,17.502258301,-3.762827396,-1.229624629,0.308288097,0.000754230,-0.007522583,17.480430603,-3.831647873,-1.279636383,0.317662239,0.009185791,0.000042072,17.502258301,-3.762827396,-1.229624629,0.308288097,0.000754230,0.000000000,0.000000000,0.000000000,0.000000000,0.000000000,0.000000000,0.000000000,0.000000000,0.000000000,0.000000000,0.000000000,0.000000000,0.000000000,0.000000000,0.000000000,0.000000000,0.000000000,0.000000000,-0.007564655,-0.021827698,-0.068820477,-0.050011754,0.009374142,0.008431561,-0.006246218,-0.020384723,0.004863400,0.005162683,0.009812346,0.009967077
1.759736300,1.960649490,-1.031043053,-1.408408165,-0.027420998,0.690876961,0.026653290,0.028869629,-0.009460449,0.177921295,0.015441895,-0.047836304,0.050857544,1.960649490,-1.031426430,-1.408408165,-0.027420998,0.690876961,0.026653290,0.000042073,17.502464294,-3.760078907,-1.229429722,0.307914615,0.000753228,-0.007522583,17.522544861,-3.842023849,-1.271854401,0.307835579,0.001495361,0.000042073,17.502464294,-3.760078907,-1.229429722,0.307914615,0.000753228,0.000000000,0.000000000,0.000000000,0.000000000,0.000000000,0.000000000,0.000000000,0.000000000,0.000000000,0.000000000,0.000000000,0.000000000,0.000000000,0.000000000,0.000000000,0.000000000,0.000000000,0.000000000,-0.007564656,0.020080566,-0.081944942,-0.042424679,-0.000079036,0.000742134,-0.006210930,0.021401939,-0.008214393,0.012677726,0.000357139,0.002264781
1.769712210,1.960649490,-1.031043053,-1.408408165,-0.027420998,0.690876961,0.026653290,-0.000671387,-0.080263138,0.010070801,-0.071838379,0.040786743,-0.049850464,1.960649490,-1.031426430,-1.408408165,-0.027420998,0.690876961,0.026653290,0.000042073,17.502464294,-3.760078907,-1.229429722,0.307914615,0.000753228,0.006484985,17.517051697,-3.828016281,-1.288455963,0.302708626,-0.004058838,0.000042073,17.502464294,-3.760078907,-1.229429722,0.307914615,0.000753228,0.000000000,0.000000000,0.000000000,0.000000000,0.000000000,0.000000000,0.000000000,0.000000000,0.000000000,0.000000000,0.000000000,0.000000000,0.000000000,0.000000000,0.000000000,0.000000000,0.000000000,0.000000000,0.006442912,0.014587402,-0.067937374,-0.059026241,-0.005205989,-0.004812066,0.007752837,0.015819400,0.005760630,-0.003901792,-0.004743018,-0.003270938
1.779716253,1.960649490,-1.031426430,-1.408408165,-0.027420998,0.690493584,0.026653290,-0.019470215,0.108339310,-0.043640137,-0.053039551,-0.047836304,0.021652222,1.960649490,-1.031426430,-1.408408165,-0.027420998,0.690493584,0.026653290,0.000042072,17.502201080,-3.759830713,-1.229153872,0.308012217,0.000753487,-0.011154175,17.487754822,-3.802075386,-1.288455963,0.314671516,-0.001922607,0.000042072,17.502201080,-3.759830713,-1.229153872,0.308012217,0.000753487,0.000000000,0.000000000,0.000000000,0.000000000,0.000000000,0.000000000,0.000000000,0.000000000,0.000000000,0.000000000,0.000000000,0.000000000,0.000000000,0.000000000,0.000000000,0.000000000,0.000000000,0.000000000,-0.011196247,-0.014446259,-0.042244673,-0.059302092,0.006659299,-0.002676094,-0.009831091,-0.013140439,0.031277614,-0.004154304,0.007082481,-0.001128626
1.789721966,1.960649490,-1.031426430,-1.408408165,-0.027420998,0.690493584,0.026653290,0.035583496,-0.124818802,0.044982910,-0.191349030,0.011581421,0.048843384,1.960649490,-1.031043053,-1.408408165,-0.027420998,0.690876961,0.026653290,0.000042073,17.502519608,-3.763075590,-1.229900360,0.308190405,0.000753970,0.004928589,17.518882751,-3.850324631,-1.280155182,0.318516731,0.001922607,0.000042073,17.502519608,-3.763075590,-1.229900360,0.308190405,0.000753970,0.000000000,0.000000000,0.000000000,0.000000000,0.000000000,0.000000000,0.000000000,0.000000000,0.000000000,0.000000000,0.000000000,0.000000000,0.000000000,0.000000000,0.000000000,0.000000000,0.000000000,0.000000000,0.004886516,0.016363144,-0.087249041,-0.050254822,0.010326326,0.001168637,0.006216940,0.017570803,-0.013650494,0.004865783,0.010689789,0.002701016
1.799708843,1.960649490,-1.031426430,-1.408408165,-0.027420998,0.690876961,0.026653290,0.061096191,-0.005187988,0.118835449,-0.117496490,0.029708862,-0.000503540,1.960649490,-1.031426430,-1.408408165,-0.027420998,0.690876961,0.026653290,0.000042073,17.502464294,-3.760078907,-1.229429722,0.307914615,0.000753228,0.025161743,17.517051697,-3.839429855,-1.282749176,0.314671516,-0.002777100,0.000042073,17.502464294,-3.760078907,-1.229429722,0.307914615,0.000753228,0.000000000,0.000000000,0.000000000,0.000000000,0.000000000,0.000000000,0.000000000,0.000000000,0.000000000,0.000000000,0.000000000,0.000000000,0.000000000,0.000000000,0.000000000,0.000000000,0.000000000,0.000000000,0.025119670,0.014587402,-0.079350948,-0.053319454,0.006756902,-0.003530327,0.026303961,0.015707796,-0.005720621,0.001791199,0.007081025,-0.001986910
1.809709549,1.960649490,-1.031043053,-1.408408165,-0.027420998,0.690876961,0.026653290,0.039611816,-0.002746582,0.077209473,-0.016784668,0.058914185,-0.032730103,1.960649490,-1.031426430,-1.408408165,-0.027420998,0.690493584,0.026653290,0.000042072,17.502201080,-3.759830713,-1.229153872,0.308012217,0.000753487,0.005447388,17.480430603,-3.867444992,-1.280673981,0.316380501,-0.005767822,0.000042072,17.502201080,-3.759830713,-1.229153872,0.308012217,0.000753487,0.000000000,0.000000000,0.000000000,0.000000000,0.000000000,0.000000000,0.000000000,0.000000000,0.000000000,0.000000000,0.000000000,0.000000000,0.000000000,0.000000000,0.000000000,0.000000000,0.000000000,0.000000000,0.005405316,-0.021770477,-0.107614279,-0.051520109,0.008368284,-0.006521309,0.006553400,-0.020536622,-0.033797226,0.003570816,0.008644647,-0.004950541
1.819709778,1.960649490,-1.031043053,-1.408408165,-0.027037621,0.690876961,0.026653290,0.018127441,-0.065614700,0.038269043,0.117492676,-0.053878784,0.028701782,1.960649490,-1.031043053,-1.408408165,-0.027420998,0.690876961,0.026653290,0.000042073,17.502519608,-3.763075590,-1.229900360,0.308190405,0.000753970,0.018417358,17.478599548,-3.832685471,-1.253696442,0.312535286,-0.008758545,0.000042073,17.502519608,-3.763075590,-1.229900360,0.308190405,0.000753970,0.000000000,0.000000000,0.000000000,0.000000000,0.000000000,0.000000000,0.000000000,0.000000000,0.000000000,0.000000000,0.000000000,0.000000000,0.000000000,0.000000000,0.000000000,0.000000000,0.000000000,0.000000000,0.018375285,-0.023920059,-0.069609880,-0.023796082,0.004344881,-0.009512515,0.019416685,-0.022562235,0.004184182,0.031123834,0.004595991,-0.007898350
1.829721928,1.960649490,-1.031426430,-1.408408165,-0.027420998,0.690493584,0.026653290,0.118835449,-0.096132278,-0.000671387,0.000671387,-0.011581421,0.023666382,1.960649490,-1.031043053,-1.408408165,-0.027420998,0.690493584,0.026653290,0.000042072,17.502258301,-3.762827396,-1.229624629,0.308288097,0.000754230,-0.001296997,17.542686462,-3.863294601,-1.249546051,0.309544563,-0.001495361,0.000042072,17.502258301,-3.762827396,-1.229624629,0.308288097,0.000754230,0.000000000,0.000000000,0.000000000,0.000000000,0.000000000,0.000000000,0.000000000,0.000000000,0.000000000,0.000000000,0.000000000,0.000000000,0.000000000,0.000000000,0.000000000,0.000000000,0.000000000,0.000000000,-0.001339069,0.040428162,-0.100467205,-0.019921422,0.001256466,-0.002249591,-0.000296052,0.041558888,-0.026528180,0.034808284,0.001499383,-0.000631972
1.839748383,1.960266113,-1.031043053,-1.408408165,-0.027420998,0.690493584,0.026653290,-0.069152832,0.039367676,0.043640137,-0.081237793,-0.000503540,-0.047836304,1.960266113,-1.031043053,-1.408408165,-0.027420998,0.690493584,0.026653290,0.000042082,17.502258301,-3.762827396,-1.229624629,0.308288097,0.000754230,-0.004928589,17.513389587,-3.844099045,-1.290531158,0.299290657,0.012176514,0.000042082,17.502258301,-3.762827396,-1.229624629,0.308288097,0.000754230,0.000000000,0.000000000,0.000000000,0.000000000,0.000000000,0.000000000,0.000000000,0.000000000,0.000000000,0.000000000,0.000000000,0.000000000,0.000000000,0.000000000,0.000000000,0.000000000,0.000000000,0.000000000,-0.004970671,0.011131287,-0.081271648,-0.060906529,-0.008997440,0.011422284,-0.003906424,0.012195731,-0.007292987,-0.006143435,-0.008707201,0.012969417
1.849743128,1.960649490,-1.031426430,-1.408408165,-0.027420998,0.690876961,0.026653290,-0.003356934,-0.108339310,-0.039611816,-0.089298248,-0.033737183,-0.008560181,1.960649490,-1.031043053,-1.408408165,-0.027420998,0.690876961,0.026653290,0.000042073,17.502519608,-3.763075590,-1.229900360,0.308190405,0.000753970,0.012710571,17.531700134,-3.821271896,-1.291568756,0.342442513,0.006195068,0.000042073,17.502519608,-3.763075590,-1.229900360,0.308190405,0.000753970,0.000000000,0.000000000,0.000000000,0.000000000,0.000000000,0.000000000,0.000000000,0.000000000,0.000000000,0.000000000,0.000000000,0.000000000,0.000000000,0.000000000,0.000000000,0.000000000,0.000000000,0.000000000,0.012668498,0.029180527,-0.058196306,-0.061668396,0.034252107,0.005441098,0.013658914,0.030082364,0.015697504,-0.006868177,0.034356634,0.006950660
1.859685183,1.960649490,-1.031426430,-1.408408165,-0.027420998,0.690493584,0.026653290,-0.078552246,0.075988770,0.067810059,0.057067871,-0.071002960,0.035751343,1.960649490,-1.031043053,-1.408408165,-0.027420998,0.690876961,0.026653290,0.000042073,17.502519608,-3.763075590,-1.229900360,0.308190405,0.000753970,-0.012191772,17.454795837,-3.765240669,-1.278598785,0.309117317,0.013885498,0.000042073,17.502519608,-3.763075590,-1.229900360,0.308190405,0.000753970,0.000000000,0.000000000,0.000000000,0.000000000,0.000000000,0.000000000,0.000000000,0.000000000,0.000000000,0.000000000,0.000000000,0.000000000,0.000000000,0.000000000,0.000000000,0.000000000,0.000000000,0.000000000,-0.012233846,-0.047723770,-0.002165079,-0.048698425,0.000926912,0.013131528,-0.011183305,-0.046571548,0.071345155,0.006069164,0.001025923,0.014562795
1.869712830,1.960649490,-1.031043053,-1.408408165,-0.027420998,0.690876961,0.026653290,0.028869629,0.003967285,-0.022155762,0.043640137,0.045822144,0.017623901,1.960649490,-1.031426430,-1.408408165,-0.027420998,0.690493584,0.026653290,0.000042072,17.502201080,-3.759830713,-1.229153872,0.308012217,0.000753487,0.005447388,17.484092712,-3.832166672,-1.241764069,0.316380501,-0.001068115,0.000042072,17.502201080,-3.759830713,-1.229153872,0.308012217,0.000753487,0.000000000,0.000000000,0.000000000,0.000000000,0.000000000,0.000000000,0.000000000,0.000000000,0.000000000,0.000000000,0.000000000,0.000000000,0.000000000,0.000000000,0.000000000,0.000000000,0.000000000,0.000000000,0.005405316,-0.018108368,-0.072335958,-0.012610197,0.008368284,-0.001821602,0.006421517,-0.016865953,0.001168029,0.041933151,0.008422256,-0.000388258
1.879746914,1.960266113,-1.031043053,-1.408408165,-0.027420998,0.690493584,0.026653290,-0.113468170,0.037536621,0.081237793,-0.044982910,-0.029708862,0.000503540,1.960266113,-1.031043053,-1.408408165,-0.027420998,0.690493584,0.026653290,0.000042082,17.502258301,-3.762827396,-1.229624629,0.308288097,0.000754230,-0.004409790,17.487754822,-3.824384689,-1.284824371,0.315953255,0.004486084,0.000042082,17.502258301,-3.762827396,-1.229624629,0.308288097,0.000754230,0.000000000,0.000000000,0.000000000,0.000000000,0.000000000,0.000000000,0.000000000,0.000000000,0.000000000,0.000000000,0.000000000,0.000000000,0.000000000,0.000000000,0.000000000,0.000000000,0.000000000,0.000000000,-0.004451872,-0.014503479,-0.061557293,-0.055199742,0.007665157,0.003731854,-0.003417493,-0.013190900,0.011883485,-0.000652921,0.007678288,0.005137869
1.889712095,1.960649490,-1.031043053,-1.408408165,-0.027420998,0.690493584,0.026653290,-0.128238678,-0.014953613,-0.083923340,-0.165836334,0.003524780,-0.092151642,1.960649490,-1.031043053,-1.408408165,-0.027420998,0.690493584,0.026653290,0.000042072,17.502258301,-3.762827396,-1.229624629,0.308288097,0.000754230,-0.002334595,17.509727478,-3.833723068,-1.298832893,0.286900520,-0.013458252,0.000042072,17.502258301,-3.762827396,-1.229624629,0.308288097,0.000754230,0.000000000,0.000000000,0.000000000,0.000000000,0.000000000,0.000000000,0.000000000,0.000000000,0.000000000,0.000000000,0.000000000,0.000000000,0.000000000,0.000000000,0.000000000,0.000000000,0.000000000,0.000000000,-0.002376667,0.007469177,-0.070895672,-0.069208264,-0.021387577,-0.014212482,-0.001335223,0.008735536,0.002531710,-0.014584278,-0.021261949,-0.012739065
1.899715185,1.960649490,-1.031426430,-1.408408165,-0.027420998,0.690493584,0.026653290,0.006042480,0.000915527,-0.057067871,0.051696777,-0.078052521,0.000503540,1.960649490,-1.031043053,-1.408408165,-0.027037621,0.690493584,0.026653290,0.000042071,17.501810074,-3.762403727,-1.229153872,0.308012217,0.000753487,-0.000259399,17.478599548,-3.854993820,-1.273929596,0.309117317,-0.011322021,0.000042071,17.501810074,-3.762403727,-1.229153872,0.308012217,0.000753487,0.000000000,0.000000000,0.000000000,0.000000000,0.000000000,0.000000000,0.000000000,0.000000000,0.000000000,0.000000000,0.000000000,0.000000000,0.000000000,0.000000000,0.000000000,0.000000000,0.000000000,0.000000000,-0.000301470,-0.023210526,-0.092590094,-0.044775724,0.001105100,-0.012075508,0.000736099,-0.021829276,-0.019062383,0.009796701,0.001224284,-0.010546583
1.909713745,1.960649490,-1.031043053,-1.408408165,-0.027420998,0.690876961,0.026653290,-0.006042480,0.019836426,-0.027526855,0.104064941,-0.000503540,0.015609741,1.960649490,-1.031426430,-1.408408165,-0.027420998,0.690493584,0.026653290,0.000042072,17.502201080,-3.759830713,-1.229153872,0.308012217,0.000753487,0.025680542,17.496910095,-3.844617844,-1.292087555,0.305272102,-0.010894775,0.000042072,17.502201080,-3.759830713,-1.229153872,0.308012217,0.000753487,0.000000000,0.000000000,0.000000000,0.000000000,0.000000000,0.000000000,0.000000000,0.000000000,0.000000000,0.000000000,0.000000000,0.000000000,0.000000000,0.000000000,0.000000000,0.000000000,0.000000000,0.000000000,0.025638470,-0.005290985,-0.084787130,-0.062933683,-0.002740115,-0.011648262,0.026537102,-0.003889372,-0.011200777,-0.008317710,-0.002607280,-0.010066632
1.919887543,1.960649490,-1.031043053,-1.408408165,-0.027420998,0.690876961,0.026653290,-0.049011230,0.072937012,-0.035583496,0.026184082,0.114303589,-0.061935425,1.960649490,-1.031043053,-1.408408165,-0.027420998,0.690876961,0.026653290,0.000042073,17.502519608,-3.763075590,-1.229900360,0.308190405,0.000753970,-0.010116577,17.518882751,-3.843580246,-1.273410797,0.350987434,0.010040283,0.000042073,17.502519608,-3.763075590,-1.229900360,0.308190405,0.000753970,0.000000000,0.000000000,0.000000000,0.000000000,0.000000000,0.000000000,0.000000000,0.000000000,0.000000000,0.000000000,0.000000000,0.000000000,0.000000000,0.000000000,0.000000000,0.000000000,0.000000000,0.000000000,-0.010158650,0.016363144,-0.080504656,-0.043510437,0.042797029,0.009286313,-0.009212039,0.017672712,-0.006882456,0.011047995,0.042707429,0.010811632
1.929750443,1.960649490,-1.031426430,-1.408408165,-0.027420998,0.690493584,0.026653290,-0.042297363,0.009460449,0.028869629,0.026184082,-0.032730103,-0.034744263,1.960649490,-1.031043053,-1.408408165,-0.027420998,0.690493584,0.026653290,0.000042072,17.502258301,-3.762827396,-1.229624629,0.308288097,0.000754230,0.019973755,17.513389587,-3.821271896,-1.270816803,0.308262825,0.000213623,0.000042072,17.502258301,-3.762827396,-1.229624629,0.308288097,0.000754230,0.000000000,0.000000000,0.000000000,0.000000000,0.000000000,0.000000000,0.000000000,0.000000000,0.000000000,0.000000000,0.000000000,0.000000000,0.000000000,0.000000000,0.000000000,0.000000000,0.000000000,0.000000000,0.019931683,0.011131287,-0.058444500,-0.041192174,-0.000025272,-0.000540607,0.020770674,0.012376726,0.015099464,0.013297359,-0.000114280,0.000979637
1.939745903,1.960649490,-1.031426430,-1.408408165,-0.027420998,0.690493584,0.026653290,-0.018127441,-0.118104935,-0.014099121,-0.153751373,-0.072010040,-0.034744263,1.960649490,-1.031426430,-1.408408165,-0.027420998,0.690493584,0.026653290,0.000042072,17.502201080,-3.759830713,-1.229153872,0.308012217,0.000753487,0.011154175,17.463951111,-3.757458687,-1.278598785,0.315098763,0.007476807,0.000042072,17.502201080,-3.759830713,-1.229153872,0.308012217,0.000753487,0.000000000,0.000000000,0.000000000,0.000000000,0.000000000,0.000000000,0.000000000,0.000000000,0.000000000,0.000000000,0.000000000,0.000000000,0.000000000,0.000000000,0.000000000,0.000000000,0.000000000,0.000000000,0.011112103,-0.038249969,0.002372026,-0.049444914,0.007086545,0.006723320,0.011889807,-0.036814763,0.075526678,0.005018750,0.006961653,0.008201289
1.949718952,1.960649490,-1.031426430,-1.408408165,-0.027420998,0.690493584,0.026653290,-0.081237793,0.025329590,-0.036926270,0.014099121,-0.032730103,0.011581421,1.960649490,-1.031426430,-1.408408165,-0.027420998,0.690493584,0.026653290,0.000042072,17.502201080,-3.759830713,-1.229153872,0.308012217,0.000753487,0.001296997,17.518882751,-3.803631783,-1.304539680,0.330479622,-0.004486084,0.000042072,17.502201080,-3.759830713,-1.229153872,0.308012217,0.000753487,0.000000000,0.000000000,0.000000000,0.000000000,0.000000000,0.000000000,0.000000000,0.000000000,0.000000000,0.000000000,0.000000000,0.000000000,0.000000000,0.000000000,0.000000000,0.000000000,0.000000000,0.000000000,0.001254925,0.016681671,-0.043801069,-0.075385809,0.022467405,-0.005239571,0.002022258,0.018024445,0.029203819,-0.020815400,0.022228520,-0.003742410
1.959709406,1.960649490,-1.031426430,-1.408408165,-0.027420998,0.690493584,0.026653290,0.055725098,-0.036926270,-0.030212402,0.039611816,-0.023666382,-0.029708862,1.960649490,-1.031043053,-1.408408165,-0.027420998,0.690876961,0.026653290,0.000042073,17.502519608,-3.763075590,-1.229900360,0.308190405,0.000753970,0.013748169,17.529869080,-3.826978683,-1.279636383,0.319371223,0.001922607,0.000042073,17.502519608,-3.763075590,-1.229900360,0.308190405,0.000753970,0.000000000,0.000000000,0.000000000,0.000000000,0.000000000,0.000000000,0.000000000,0.000000000,0.000000000,0.000000000,0.000000000,0.000000000,0.000000000,0.000000000,0.000000000,0.000000000,0.000000000,0.000000000,0.013706096,0.027349472,-0.063903093,-0.049736023,0.011180818,0.001168637,0.014399960,0.028546600,0.009055593,0.004809846,0.010886391,0.002652266
1.969707251,1.960649490,-1.031043053,-1.408408165,-0.027420998,0.690876961,0.026653290,-0.129581451,0.072937012,-0.050354004,-0.157779694,0.005538940,0.029708862,1.960649490,-1.031426430,-1.408024788,-0.027420998,0.690493584,0.026653290,0.000042064,17.499036789,-3.756833315,-1.228682995,0.307736278,0.000752744,0.003372192,17.495079041,-3.853956223,-1.286899567,0.331761360,-0.019439697,0.000042064,17.499036789,-3.756833315,-1.228682995,0.307736278,0.000752744,0.000000000,0.000000000,0.000000000,0.000000000,0.000000000,0.000000000,0.000000000,0.000000000,0.000000000,0.000000000,0.000000000,0.000000000,0.000000000,0.000000000,0.000000000,0.000000000,0.000000000,0.000000000,0.003330129,-0.003957748,-0.097122908,-0.058216572,0.024025083,-0.020192441,0.004003669,-0.002746678,-0.024042180,-0.003652164,0.023610803,-0.018614323
1.979708195,1.960649490,-1.031043053,-1.408408165,-0.027420998,0.690876961,0.026653290,-0.097354889,-0.024108887,0.096008301,-0.067810059,0.009567261,0.028701782,1.960649490,-1.031043053,-1.408408165,-0.027420998,0.690876961,0.026653290,0.000042073,17.502519608,-3.763075590,-1.229900360,0.308190405,0.000753970,-0.009078979,17.507896423,-3.848768234,-1.280673981,0.290318489,-0.004913330,0.000042073,17.502519608,-3.763075590,-1.229900360,0.308190405,0.000753970,0.000000000,0.000000000,0.000000000,0.000000000,0.000000000,0.000000000,0.000000000,0.000000000,0.000000000,0.000000000,0.000000000,0.000000000,0.000000000,0.000000000,0.000000000,0.000000000,0.000000000,0.000000000,-0.009121053,0.005376816,-0.085692644,-0.050773621,-0.017871916,-0.005667300,-0.008405062,0.006554781,-0.012548540,0.003771738,-0.018194305,-0.004068634
1.989708185,1.960649490,-1.031043053,-1.408408165,-0.027420998,0.690493584,0.026653290,0.027526855,0.004577637,-0.010070801,-0.104068756,0.008560181,0.049850464,1.960649490,-1.031426430,-1.408408165,-0.027420998,0.690493584,0.026653290,0.000042072,17.502201080,-3.759830713,-1.229153872,0.308012217,0.000753487,-0.007003784,17.533531189,-3.850324631,-1.296757698,0.319798470,-0.001922607,0.000042072,17.502201080,-3.759830713,-1.229153872,0.308012217,0.000753487,0.000000000,0.000000000,0.000000000,0.000000000,0.000000000,0.000000000,0.000000000,0.000000000,0.000000000,0.000000000,0.000000000,0.000000000,0.000000000,0.000000000,0.000000000,0.000000000,0.000000000,0.000000000,-0.007045856,0.031330109,-0.090493917,-0.067603827,0.011786252,-0.002676094,-0.006298216,0.032345533,-0.017263064,-0.012993175,0.011406544,-0.001072040
1.999705076,1.960649490,-1.031426430,-1.408408165,-0.027420998,0.690876961,0.026653290,0.222232819,-0.027770996,-0.008728027,0.167175293,0.086105347,-0.016616821,1.960649490,-1.031043053,-1.408408165,-0.027420998,0.690493584,0.026653290,0.000042072,17.502258301,-3.762827396,-1.229624629,0.308288097,0.000754230,0.017898560,17.528038025,-3.820753098,-1.290531158,0.289036751,-0.000213623,0.000042072,17.502258301,-3.762827396,-1.229624629,0.308288097,0.000754230,0.000000000,0.000000000,0.000000000,0.000000000,0.000000000,0.000000000,0.000000000,0.000000000,0.000000000,0.000000000,0.000000000,0.000000000,0.000000000,0.000000000,0.000000000,0.000000000,0.000000000,0.000000000,0.017856487,0.025779724,-0.057925701,-0.060906529,-0.019251347,-0.000967853,0.018511570,0.026661840,0.015229007,-0.006264556,-0.019533388,0.000633036
2.009821415,1.960649490,-1.031043053,-1.408408165,-0.027420998,0.690876961,0.026653290,-0.020812988,0.006408691,-0.143009186,-0.130924225,0.020645142,-0.033737183,1.960266113,-1.031043053,-1.408408165,-0.027420998,0.690493584,0.026653290,0.000042082,17.502258301,-3.762827396,-1.229624629,0.308288097,0.000754230,0.015823364,17.495079041,-3.833204269,-1.268222809,0.287755013,0.005767822,0.000042082,17.502258301,-3.762827396,-1.229624629,0.308288097,0.000754230,0.000000000,0.000000000,0.000000000,0.000000000,0.000000000,0.000000000,0.000000000,0.000000000,0.000000000,0.000000000,0.000000000,0.000000000,0.000000000,0.000000000,0.000000000,0.000000000,0.000000000,0.000000000,0.015781282,-0.007179260,-0.070376873,-0.038598180,-0.020533085,0.005013593,0.016436364,-0.006297145,0.002777835,0.016043794,-0.020815126,0.006614481
2.019709587,1.960649490,-1.031043053,-1.408408165,-0.027420998,0.690876961,0.026653290,0.140319824,0.007019043,0.011413574,-0.097354889,-0.027694702,-0.031723022,1.960649490,-1.031043053,-1.408408165,-0.027420998,0.690876961,0.026653290,0.000042073,17.502519608,-3.763075590,-1.229900360,0.308190405,0.000753970,-0.002853394,17.517051697,-3.828016281,-1.288455963,0.318943977,-0.011322021,0.000042073,17.502519608,-3.763075590,-1.229900360,0.308190405,0.000753970,0.000000000,0.000000000,0.000000000,0.000000000,0.000000000,0.000000000,0.000000000,0.000000000,0.000000000,0.000000000,0.000000000,0.000000000,0.000000000,0.000000000,0.000000000,0.000000000,0.000000000,0.000000000,-0.002895467,0.014532089,-0.064940691,-0.058555603,0.010753572,-0.012075992,-0.002240384,0.015414205,0.008214017,-0.003913629,0.010471531,-0.010475103
2.029708862,1.960649490,-1.031426430,-1.408408165,-0.027420998,0.690493584,0.026653290,0.000671387,-0.109560013,0.002014160,0.011413574,-0.019638062,-0.008560181,1.960649490,-1.031426430,-1.408408165,-0.027420998,0.690493584,0.026653290,0.000042072,17.502201080,-3.759830713,-1.229153872,0.308012217,0.000753487,-0.000778198,17.507896423,-3.870557785,-1.269260406,0.315953255,0.001922607,0.000042072,17.502201080,-3.759830713,-1.229153872,0.308012217,0.000753487,0.000000000,0.000000000,0.000000000,0.000000000,0.000000000,0.000000000,0.000000000,0.000000000,0.000000000,0.000000000,0.000000000,0.000000000,0.000000000,0.000000000,0.000000000,0.000000000,0.000000000,0.000000000,-0.000820270,0.005695343,-0.110727072,-0.040106535,0.007941037,0.001169121,-0.000165188,0.006577459,-0.037572364,0.014535439,0.007658996,0.002770009
2.039707661,1.960649490,-1.031426430,-1.408408165,-0.027420998,0.690493584,0.026653290,0.022155762,0.077819824,0.020812988,0.008728027,-0.010574341,0.004531860,1.960649490,-1.031426430,-1.408408165,-0.027420998,0.690493584,0.026653290,0.000042072,17.502201080,-3.759830713,-1.229153872,0.308012217,0.000753487,0.006484985,17.484092712,-3.876264572,-1.282749176,0.299290657,0.009185791,0.000042072,17.502201080,-3.759830713,-1.229153872,0.308012217,0.000753487,0.000000000,0.000000000,0.000000000,0.000000000,0.000000000,0.000000000,0.000000000,0.000000000,0.000000000,0.000000000,0.000000000,0.000000000,0.000000000,0.000000000,0.000000000,0.000000000,0.000000000,0.000000000,0.006442913,-0.018108368,-0.116433859,-0.053595304,-0.008721560,0.008432304,0.007097995,-0.017226252,-0.043279151,0.001046669,-0.009003601,0.010033193
2.049707413,1.960649490,-1.031426430,-1.408408165,-0.027420998,0.690876961,0.026653290,0.012756348,0.011291504,0.015441895,0.015441895,-0.003524780,-0.005538940,1.960649490,-1.031043053,-1.408408165,-0.027420998,0.690493584,0.026653290,0.000042072,17.502258301,-3.762827396,-1.229624629,0.308288097,0.000754230,0.029312134,17.495079041,-3.840467453,-1.286899567,0.311253548,-0.001922607,0.000042072,17.502258301,-3.762827396,-1.229624629,0.308288097,0.000754230,0.000000000,0.000000000,0.000000000,0.000000000,0.000000000,0.000000000,0.000000000,0.000000000,0.000000000,0.000000000,0.000000000,0.000000000,0.000000000,0.000000000,0.000000000,0.000000000,0.000000000,0.000000000,0.029270062,-0.007179260,-0.077640057,-0.057274938,0.002965450,-0.002676837,0.029925144,-0.006297145,-0.004485349,-0.002632964,0.002683409,-0.001075949
2.059707880,1.960649490,-1.031043053,-1.408024788,-0.027420998,0.690493584,0.026653290,0.027526855,0.024108887,0.043640137,-0.031555176,-0.028701782,-0.005538940,1.960649490,-1.031043053,-1.408408165,-0.027420998,0.690876961,0.026653290,0.000042073,17.502519608,-3.763075590,-1.229900360,0.308190405,0.000753970,-0.009597778,17.520713806,-3.832685471,-1.281711578,0.328343391,0.008331299,0.000042073,17.502519608,-3.763075590,-1.229900360,0.308190405,0.000753970,0.000000000,0.000000000,0.000000000,0.000000000,0.000000000,0.000000000,0.000000000,0.000000000,0.000000000,0.000000000,0.000000000,0.000000000,0.000000000,0.000000000,0.000000000,0.000000000,0.000000000,0.000000000,-0.009639851,0.018194199,-0.069609880,-0.051811218,0.020152986,0.007577328,-0.008984769,0.019076314,0.003544828,0.002830756,0.019870945,0.009178217
2.069708586,1.960649490,-1.031043053,-1.408408165,-0.027420998,0.690493584,0.026653290,-0.003356934,0.052185059,0.062438965,-0.121524811,-0.058914185,-0.032730103,1.960266113,-1.031043053,-1.408408165,-0.027420998,0.690876961,0.026653290,0.000042083,17.502519608,-3.763075590,-1.229900360,0.308190405,0.000753970,-0.011672974,17.482261658,-3.834241867,-1.294681549,0.299717903,0.007476807,0.000042083,17.502519608,-3.763075590,-1.229900360,0.308190405,0.000753970,0.000000000,0.000000000,0.000000000,0.000000000,0.000000000,0.000000000,0.000000000,0.000000000,0.000000000,0.000000000,0.000000000,0.000000000,0.000000000,0.000000000,0.000000000,0.000000000,0.000000000,0.000000000,-0.011715057,-0.020257950,-0.071166277,-0.064781189,-0.008472502,0.006722836,-0.011059975,-0.019375834,0.001988431,-0.010139215,-0.008754543,0.008323725
2.079715729,1.960266113,-1.031426430,-1.408408165,-0.027420998,0.690876961,0.026653290,-0.016784668,-0.010070801,-0.046325684,-0.073181152,0.023666382,-0.053878784,1.960649490,-1.031426430,-1.408408165,-0.027420998,0.690493584,0.026653290,0.000042072,17.502201080,-3.759830713,-1.229153872,0.308012217,0.000753487,-0.011672974,17.493247986,-3.819196701,-1.290531158,0.321934700,0.003204346,0.000042072,17.502201080,-3.759830713,-1.229153872,0.308012217,0.000753487,0.000000000,0.000000000,0.000000000,0.000000000,0.000000000,0.000000000,0.000000000,0.000000000,0.000000000,0.000000000,0.000000000,0.000000000,0.000000000,0.000000000,0.000000000,0.000000000,0.000000000,0.000000000,-0.011715046,-0.008953094,-0.059365988,-0.061377287,0.013922483,0.002450859,-0.011059964,-0.008070979,0.013788720,-0.006735313,0.013640442,0.004051747
2.089745283,1.960649490,-1.031043053,-1.408024788,-0.027420998,0.690876961,0.026653290,0.031555176,0.045471191,-0.008728027,-0.108097076,0.060928345,0.011581421,1.960649490,-1.031043053,-1.408408165,-0.027420998,0.690876961,0.026653290,0.000042073,17.502519608,-3.763075590,-1.229900360,0.308190405,0.000753970,0.001815796,17.515220642,-3.839948654,-1.280673981,0.278782845,-0.004486084,0.000042073,17.502519608,-3.763075590,-1.229900360,0.308190405,0.000753970,0.000000000,0.000000000,0.000000000,0.000000000,0.000000000,0.000000000,0.000000000,0.000000000,0.000000000,0.000000000,0.000000000,0.000000000,0.000000000,0.000000000,0.000000000,0.000000000,0.000000000,0.000000000,0.001773723,0.012701035,-0.076873064,-0.050773621,-0.029407561,-0.005240054,0.002428805,0.013583150,-0.003718356,0.003868353,-0.029689602,-0.003639166
2.099730253,1.960649490,-1.031043053,-1.408408165,-0.027420998,0.690876961,0.026653290,-0.022155762,-0.044252396,0.034240723,0.130920410,-0.024673462,-0.028701782,1.960649490,-1.031043053,-1.408408165,-0.027420998,0.690493584,0.026653290,0.000042072,17.502258301,-3.762827396,-1.229624629,0.308288097,0.000754230,0.007003784,17.524375916,-3.815045357,-1.239170074,0.295018196,-0.005340576,0.000042072,17.502258301,-3.762827396,-1.229624629,0.308288097,0.000754230,0.000000000,0.000000000,0.000000000,0.000000000,0.000000000,0.000000000,0.000000000,0.000000000,0.000000000,0.000000000,0.000000000,0.000000000,0.000000000,0.000000000,0.000000000,0.000000000,0.000000000,0.000000000,0.006961712,0.022117615,-0.052217960,-0.009545445,-0.013269901,-0.006094806,0.007616794,0.022999730,0.020936748,0.045096528,-0.013551942,-0.004493917
2.109707832,1.960649490,-1.031043053,-1.408408165,-0.027420998,0.690876961,0.026653290,0.031555176,0.038757324,0.066467285,-0.059753418,-0.003524780,0.047836304,1.960649490,-1.031426430,-1.408408165,-0.027420998,0.690493584,0.026653290,0.000042072,17.502201080,-3.759830713,-1.229153872,0.308012217,0.000753487,0.004409790,17.489585876,-3.822828293,-1.279636383,0.281346321,-0.000213623,0.000042072,17.502201080,-3.759830713,-1.229153872,0.308012217,0.000753487,0.000000000,0.000000000,0.000000000,0.000000000,0.000000000,0.000000000,0.000000000,0.000000000,0.000000000,0.000000000,0.000000000,0.000000000,0.000000000,0.000000000,0.000000000,0.000000000,0.000000000,0.000000000,0.004367718,-0.012615204,-0.062997580,-0.050482512,-0.026665896,-0.000967110,0.005022800,-0.011733088,0.010157128,0.004159462,-0.026947937,0.000633779
2.119709015,1.960649490,-1.031043053,-1.408408165,-0.027420998,0.690876961,0.026653290,-0.028869629,-0.007019043,-0.118839264,0.138977051,-0.009567261,-0.039779663,1.960649490,-1.031426430,-1.408408165,-0.027420998,0.690876961,0.026653290,0.000042073,17.502464294,-3.760078907,-1.229429722,0.307914615,0.000753228,0.021011353,17.520713806,-3.778729439,-1.285343170,0.300145149,-0.002349854,0.000042073,17.502464294,-3.760078907,-1.229429722,0.307914615,0.000753228,0.000000000,0.000000000,0.000000000,0.000000000,0.000000000,0.000000000,0.000000000,0.000000000,0.000000000,0.000000000,0.000000000,0.000000000,0.000000000,0.000000000,0.000000000,0.000000000,0.000000000,0.000000000,0.020969280,0.018249512,-0.018650532,-0.055913448,-0.007769465,-0.003103081,0.021624362,0.019131627,0.054504176,-0.001271474,-0.008051507,-0.001502193
2.129739761,1.960266113,-1.031043053,-1.408408165,-0.027420998,0.690493584,0.026653290,-0.144351959,0.052185059,-0.066467285,-0.081237793,-0.016616821,-0.033737183,1.960649490,-1.031043053,-1.408408165,-0.027420998,0.690876961,0.026653290,0.000042073,17.502519608,-3.763075590,-1.229900360,0.308190405,0.000753970,0.000259399,17.509727478,-3.824903488,-1.271335602,0.308262825,0.001495361,0.000042073,17.502519608,-3.763075590,-1.229900360,0.308190405,0.000753970,0.000000000,0.000000000,0.000000000,0.000000000,0.000000000,0.000000000,0.000000000,0.000000000,0.000000000,0.000000000,0.000000000,0.000000000,0.000000000,0.000000000,0.000000000,0.000000000,0.000000000,0.000000000,0.000217326,0.007207870,-0.061827898,-0.041435242,0.000072420,0.000741391,0.000872408,0.008089986,0.011326810,0.013206732,-0.000209622,0.002342279
2.139707565,1.960649490,-1.031043053,-1.408408165,-0.027420998,0.690876961,0.026268959,0.081237793,0.007629395,0.049011230,-0.051696777,-0.005538940,-0.109272003,1.960649490,-1.031043053,-1.408408165,-0.027420998,0.690876961,0.026653290,0.000042073,17.502519608,-3.763075590,-1.229900360,0.308190405,0.000753970,-0.007522583,17.496910095,-3.821790695,-1.291049957,0.265964508,-0.013031006,0.000042073,17.502519608,-3.763075590,-1.229900360,0.308190405,0.000753970,0.000000000,0.000000000,0.000000000,0.000000000,0.000000000,0.000000000,0.000000000,0.000000000,0.000000000,0.000000000,0.000000000,0.000000000,0.000000000,0.000000000,0.000000000,0.000000000,0.000000000,0.000000000,-0.007564656,-0.005609512,-0.058715105,-0.061149597,-0.042225897,-0.013784976,-0.006909574,-0.004727397,0.014439603,-0.006507623,-0.042507938,-0.012184088
2.149708271,1.960649490,-1.031043053,-1.408408165,-0.027420998,0.690493584,0.026653290,0.077209473,0.138246536,-0.067810059,-0.109439850,-0.123371124,0.036758423,1.960649490,-1.031426430,-1.408024788,-0.027420998,0.690493584,0.026653290,0.000042064,17.499036789,-3.756833315,-1.228682995,0.307736278,0.000752744,0.012191772,17.496910095,-3.821271896,-1.289493561,0.339879036,0.000640869,0.000042064,17.499036789,-3.756833315,-1.228682995,0.307736278,0.000752744,0.000000000,0.000000000,0.000000000,0.000000000,0.000000000,0.000000000,0.000000000,0.000000000,0.000000000,0.000000000,0.000000000,0.000000000,0.000000000,0.000000000,0.000000000,0.000000000,0.000000000,0.000000000,0.012149709,-0.002126694,-0.064438581,-0.060810566,0.032142758,-0.000111875,0.012804791,-0.001244578,0.008716127,-0.006168592,0.031860717,0.001489014
2.159708261,1.960649490,-1.031043053,-1.408408165,-0.027420998,0.690876961,0.026653290,0.106750488,0.080873489,0.024841309,-0.074523926,0.073013306,-0.009567261,1.960649490,-1.031426430,-1.408408165,-0.027420998,0.690876961,0.026653290,0.000042073,17.502464294,-3.760078907,-1.229429722,0.307914615,0.000753228,-0.012710571,17.487754822,-3.837354660,-1.267185211,0.290318489,0.010467529,0.000042073,17.502464294,-3.760078907,-1.229429722,0.307914615,0.000753228,0.000000000,0.000000000,0.000000000,0.000000000,0.000000000,0.000000000,0.000000000,0.000000000,0.000000000,0.000000000,0.000000000,0.000000000,0.000000000,0.000000000,0.000000000,0.000000000,0.000000000,0.000000000,-0.012752644,-0.014709473,-0.077275753,-0.037755489,-0.017596126,0.009714302,-0.012097562,-0.013827357,-0.004121045,0.016886485,-0.017878167,0.011315190
2.169708252,1.960649490,-1.031043053,-1.408408165,-0.027420998,0.690493584,0.026653290,0.079895020,0.034484863,-0.075866699,0.102722168,-0.004531860,0.005538940,1.960649490,-1.031043053,-1.408408165,-0.027420998,0.690876961,0.026653290,0.000042073,17.502519608,-3.763075590,-1.229900360,0.308190405,0.000753970,0.003372192,17.511558533,-3.836317062,-1.290531158,0.335179329,0.010040283,0.000042073,17.502519608,-3.763075590,-1.229900360,0.308190405,0.000753970,0.000000000,0.000000000,0.000000000,0.000000000,0.000000000,0.000000000,0.000000000,0.000000000,0.000000000,0.000000000,0.000000000,0.000000000,0.000000000,0.000000000,0.000000000,0.000000000,0.000000000,0.000000000,0.003330119,0.009038925,-0.073241472,-0.060630798,0.026988924,0.009286313,0.003985201,0.009921041,-0.000086764,-0.005988824,0.026706882,0.010887201
2.179708004,1.960649490,-1.031426430,-1.408408165,-0.027420998,0.690876961,0.026653290,-0.155094147,-0.185243607,0.026184082,0.050354004,-0.015609741,0.016616821,1.960649490,-1.031426430,-1.408024788,-0.027420998,0.690493584,0.026268959,0.000042064,17.499036789,-3.756832838,-1.228682280,0.307736546,0.000753704,-0.009597778,17.528038025,-3.830610275,-1.282230377,0.303135872,0.008758545,0.000042064,17.499036789,-3.756832838,-1.228682280,0.307736546,0.000753704,0.000000000,0.000000000,0.000000000,0.000000000,0.000000000,0.000000000,0.000000000,0.000000000,0.000000000,0.000000000,0.000000000,0.000000000,0.000000000,0.000000000,0.000000000,0.000000000,0.000000000,0.000000000,-0.009639842,0.029001236,-0.073777437,-0.053548098,-0.004600674,0.008004841,-0.008984760,0.029883351,-0.000622729,0.001093876,-0.004882715,0.009605729
2.189706802,1.960649490,-1.031426430,-1.408408165,-0.027420998,0.690493584,0.026653290,0.019470215,0.045471191,0.062438965,0.031555176,-0.088123322,0.001510620,1.960649490,-1.031426430,-1.408408165,-0.027420998,0.690876961,0.026653290,0.000042073,17.502464294,-3.760078907,-1.229429722,0.307914615,0.000753228,-0.026199341,17.482261658,-3.822309494,-1.288455963,0.344578743,0.009613037,0.000042073,17.502464294,-3.760078907,-1.229429722,0.307914615,0.000753228,0.000000000,0.000000000,0.000000000,0.000000000,0.000000000,0.000000000,0.000000000,0.000000000,0.000000000,0.000000000,0.000000000,0.000000000,0.000000000,0.000000000,0.000000000,0.000000000,0.000000000,0.000000000,-0.026241414,-0.020202637,-0.062230587,-0.059026241,0.036664128,0.008859809,-0.025586332,-0.019320521,0.010924121,-0.004384267,0.036382087,0.010460698
2.199680090,1.960649490,-1.031043053,-1.408408165,-0.027420998,0.690876961,0.026653290,-0.012756348,-0.018615723,0.014099121,0.175235748,0.031723022,-0.024673462,1.960649490,-1.031426430,-1.408408165,-0.027420998,0.690493584,0.026653290,0.000042072,17.502201080,-3.759830713,-1.229153872,0.308012217,0.000753487,-0.004409790,17.540855408,-3.808819771,-1.284305573,0.301854134,0.004058838,0.000042072,17.502201080,-3.759830713,-1.229153872,0.308012217,0.000753487,0.000000000,0.000000000,0.000000000,0.000000000,0.000000000,0.000000000,0.000000000,0.000000000,0.000000000,0.000000000,0.000000000,0.000000000,0.000000000,0.000000000,0.000000000,0.000000000,0.000000000,0.000000000,-0.004451862,0.038654327,-0.048989058,-0.055151701,-0.006158084,0.003305351,-0.003796780,0.039536443,0.024165651,-0.000509727,-0.006440125,0.004906240
2.209711552,1.960649490,-1.031043053,-1.408024788,-0.027420998,0.690876961,0.026653290,-0.140323639,0.086366653,-0.016784668,0.120178223,0.026687622,-0.008560181,1.960649490,-1.031043053,-1.408408165,-0.027420998,0.690876961,0.026653290,0.000042073,17.502519608,-3.763075590,-1.229900360,0.308190405,0.000753970,0.011154175,17.478599548,-3.830610275,-1.277561188,0.284337044,0.010040283,0.000042073,17.502519608,-3.763075590,-1.229900360,0.308190405,0.000753970,0.000000000,0.000000000,0.000000000,0.000000000,0.000000000,0.000000000,0.000000000,0.000000000,0.000000000,0.000000000,0.000000000,0.000000000,0.000000000,0.000000000,0.000000000,0.000000000,0.000000000,0.000000000,0.011112102,-0.023920059,-0.067534685,-0.047660828,-0.023853362,0.009286313,0.011767184,-0.023037944,0.005620023,0.006981146,-0.024135403,0.010887201
2.219709158,1.960649490,-1.031426430,-1.408408165,-0.027420998,0.690876961,0.026653290,-0.026184082,-0.072938919,0.149719238,-0.008728027,0.052871704,-0.004531860,1.960649490,-1.031426430,-1.408408165,-0.027420998,0.690493584,0.026653290,0.000042072,17.502201080,-3.759830713,-1.229153872,0.308012217,0.000753487,-0.011672974,17.528038025,-3.840986252,-1.285861969,0.295018196,-0.001068115,0.000042072,17.502201080,-3.759830713,-1.229153872,0.308012217,0.000753487,0.000000000,0.000000000,0.000000000,0.000000000,0.000000000,0.000000000,0.000000000,0.000000000,0.000000000,0.000000000,0.000000000,0.000000000,0.000000000,0.000000000,0.000000000,0.000000000,0.000000000,0.000000000,-0.011715046,0.025836945,-0.081155539,-0.056708097,-0.012994021,-0.001821602,-0.011059964,0.026719060,-0.008000831,-0.002066124,-0.013276062,-0.000220713
2.229708910,1.960649490,-1.031043053,-1.408408165,-0.027420998,0.690876961,0.026653290,0.206119537,-0.027770996,0.014099121,-0.032897949,-0.014602661,0.007553101,1.960649490,-1.031043053,-1.408408165,-0.027420998,0.690493584,0.026653290,0.000042072,17.502258301,-3.762827396,-1.229624629,0.308288097,0.000754230,-0.012191772,17.487754822,-3.839948654,-1.206484795,0.303990364,0.001922607,0.000042072,17.502258301,-3.762827396,-1.229624629,0.308288097,0.000754230,0.000000000,0.000000000,0.000000000,0.000000000,0.000000000,0.000000000,0.000000000,0.000000000,0.000000000,0.000000000,0.000000000,0.000000000,0.000000000,0.000000000,0.000000000,0.000000000,0.000000000,0.000000000,-0.012233845,-0.014503479,-0.077121258,0.023139834,-0.004297733,0.001168378,-0.011578762,-0.013621363,-0.003966550,0.077781808,-0.004579774,0.002769266
2.239683867,1.960649490,-1.031043053,-1.408408165,-0.027420998,0.690493584,0.026653290,0.073181152,0.045471191,0.003356934,0.003356934,-0.020645142,-0.006546021,1.960649490,-1.031043053,-1.408408165,-0.027420998,0.690876961,0.026653290,0.000042073,17.502519608,-3.763075590,-1.229900360,0.308190405,0.000753970,-0.020492554,17.476768494,-3.822828293,-1.283786774,0.284764290,0.012176514,0.000042073,17.502519608,-3.763075590,-1.229900360,0.308190405,0.000753970,0.000000000,0.000000000,0.000000000,0.000000000,0.000000000,0.000000000,0.000000000,0.000000000,0.000000000,0.000000000,0.000000000,0.000000000,0.000000000,0.000000000,0.000000000,0.000000000,0.000000000,0.000000000,-0.020534627,-0.025751114,-0.059752703,-0.053886414,-0.023426116,0.011422543,-0.019879545,-0.024868998,0.013402005,0.000755560,-0.023708157,0.013023432
2.249738932,1.960649490,-1.031043053,-1.408024788,-0.027420998,0.690493584,0.026653290,0.098693848,0.057067871,0.179264069,0.067810059,0.027694702,-0.001510620,1.960649490,-1.031043053,-1.408024788,-0.027420998,0.690876961,0.026653290,0.000042065,17.499357224,-3.760078907,-1.229429722,0.307914615,0.000753228,0.003372192,17.511558533,-3.835798264,-1.276004791,0.318516731,-0.024993896,0.000042065,17.499357224,-3.760078907,-1.229429722,0.307914615,0.000753228,0.000000000,0.000000000,0.000000000,0.000000000,0.000000000,0.000000000,0.000000000,0.000000000,0.000000000,0.000000000,0.000000000,0.000000000,0.000000000,0.000000000,0.000000000,0.000000000,0.000000000,0.000000000,0.003330127,0.012201309,-0.075719357,-0.046575069,0.010602117,-0.025747124,0.003985210,0.013083425,-0.002564648,0.008066904,0.010320075,-0.024146236
2.259732485,1.960649490,-1.031426430,-1.408408165,-0.027420998,0.690876961,0.026653290,-0.069152832,-0.136415482,-0.102725983,0.015441895,-0.003524780,0.025680542,1.960649490,-1.031043053,-1.408408165,-0.027420998,0.690876961,0.026653290,0.000042073,17.502519608,-3.763075590,-1.229900360,0.308190405,0.000753970,0.003372192,17.507896423,-3.824384689,-1.293125153,0.323216438,-0.013031006,0.000042073,17.502519608,-3.763075590,-1.229900360,0.308190405,0.000753970,0.000000000,0.000000000,0.000000000,0.000000000,0.000000000,0.000000000,0.000000000,0.000000000,0.000000000,0.000000000,0.000000000,0.000000000,0.000000000,0.000000000,0.000000000,0.000000000,0.000000000,0.000000000,0.003330119,0.005376816,-0.061309099,-0.063224792,0.015026033,-0.013784976,0.003985201,0.006258931,0.011845609,-0.008582819,0.014743992,-0.012184088
2.269810677,1.960649490,-1.031043053,-1.408408165,-0.027420998,0.690876961,0.026653290,-0.007385254,-0.080263138,0.020812988,0.085266113,0.022659302,0.037765503,1.960649490,-1.031426430,-1.408408165,-0.027420998,0.690493584,0.026653290,0.000042072,17.502201080,-3.759830713,-1.229153872,0.308012217,0.000753487,-0.007003784,17.506065369,-3.823865891,-1.330479622,0.317662239,0.000213623,0.000042072,17.502201080,-3.759830713,-1.229153872,0.308012217,0.000753487,0.000000000,0.000000000,0.000000000,0.000000000,0.000000000,0.000000000,0.000000000,0.000000000,0.000000000,0.000000000,0.000000000,0.000000000,0.000000000,0.000000000,0.000000000,0.000000000,0.000000000,0.000000000,-0.007045856,0.003864288,-0.064035177,-0.101325750,0.009650022,-0.000539864,-0.006390774,0.004746404,0.009119531,-0.046683776,0.009367981,0.001061025
2.279719353,1.960649490,-1.031043053,-1.408408165,-0.027420998,0.690876961,0.026653290,0.039611816,-0.088197708,0.073181152,0.129577637,0.025680542,-0.031723022,1.960649490,-1.031043053,-1.408408165,-0.027420998,0.690876961,0.026653290,0.000042073,17.502519608,-3.763075590,-1.229900360,0.308190405,0.000753970,-0.025680542,17.463951111,-3.828535080,-1.277561188,0.308690071,-0.008758545,0.000042073,17.502519608,-3.763075590,-1.229900360,0.308190405,0.000753970,0.000000000,0.000000000,0.000000000,0.000000000,0.000000000,0.000000000,0.000000000,0.000000000,0.000000000,0.000000000,0.000000000,0.000000000,0.000000000,0.000000000,0.000000000,0.000000000,0.000000000,0.000000000,-0.025722615,-0.038568497,-0.065459490,-0.047660828,0.000499666,-0.009512515,-0.025067533,-0.037686381,0.007695218,0.006981146,0.000217625,-0.007911627
2.289717913,1.960649490,-1.031043053,-1.408408165,-0.027420998,0.690876961,0.026653290,0.070495605,0.002136230,0.054382324,0.006042480,0.031723022,-0.078052521,1.960649490,-1.031043053,-1.408408165,-0.027420998,0.690493584,0.026653290,0.000042072,17.502258301,-3.762827396,-1.229624629,0.308288097,0.000754230,-0.010116577,17.506065369,-3.834241867,-1.281192780,0.296299934,0.007049561,0.000042072,17.502258301,-3.762827396,-1.229624629,0.308288097,0.000754230,0.000000000,0.000000000,0.000000000,0.000000000,0.000000000,0.000000000,0.000000000,0.000000000,0.000000000,0.000000000,0.000000000,0.000000000,0.000000000,0.000000000,0.000000000,0.000000000,0.000000000,0.000000000,-0.010158649,0.003807068,-0.071414471,-0.051568151,-0.011988163,0.006295331,-0.009503567,0.004689183,0.001740237,0.003073823,-0.012270204,0.007896219
2.299709558,1.960649490,-1.031043053,-1.408408165,-0.027420998,0.690876961,0.026653290,0.000671387,-0.035705566,-0.093326569,0.094665527,0.055892944,0.085098267,1.960266113,-1.031426430,-1.408408165,-0.027420998,0.690876961,0.026653290,0.000042083,17.502464294,-3.760078907,-1.229429722,0.307914615,0.000753228,-0.002334595,17.570152283,-3.850324631,-1.328404427,0.334324837,0.004913330,0.000042083,17.502464294,-3.760078907,-1.229429722,0.307914615,0.000753228,0.000000000,0.000000000,0.000000000,0.000000000,0.000000000,0.000000000,0.000000000,0.000000000,0.000000000,0.000000000,0.000000000,0.000000000,0.000000000,0.000000000,0.000000000,0.000000000,0.000000000,0.000000000,-0.002376678,0.067687988,-0.090245724,-0.098974705,0.026410222,0.004160102,-0.001721596,0.068570104,-0.017091016,-0.044332731,0.026128181,0.005760991
2.309739590,1.960649490,-1.031426430,-1.408408165,-0.027420998,0.690876961,0.026653290,-0.063781738,0.041809082,0.074523926,-0.061096191,0.002517700,0.005538940,1.960649490,-1.031426430,-1.408408165,-0.027420998,0.690876961,0.026653290,0.000042073,17.502464294,-3.760078907,-1.229429722,0.307914615,0.000753228,-0.000778198,17.504234314,-3.843061447,-1.270298004,0.289463997,0.010467529,0.000042073,17.502464294,-3.760078907,-1.229429722,0.307914615,0.000753228,0.000000000,0.000000000,0.000000000,0.000000000,0.000000000,0.000000000,0.000000000,0.000000000,0.000000000,0.000000000,0.000000000,0.000000000,0.000000000,0.000000000,0.000000000,0.000000000,0.000000000,0.000000000,-0.000820271,0.001770020,-0.082982540,-0.040868282,-0.018450618,0.009714302,-0.000165189,0.002652135,-0.009827832,0.013773692,-0.018732659,0.011315190
2.319708109,1.960649490,-1.031426430,-1.408408165,-0.027037621,0.690876961,0.026653290,0.121520996,-0.138246536,-0.018127441,0.091979980,-0.009567261,-0.046829224,1.960649490,-1.031426430,-1.408408165,-0.027420998,0.690876961,0.026653290,0.000042073,17.502464294,-3.760078907,-1.229429722,0.307914615,0.000753228,0.007003784,17.517051697,-3.828016281,-1.268741608,0.337315559,0.013031006,0.000042073,17.502464294,-3.760078907,-1.229429722,0.307914615,0.000753228,0.000000000,0.000000000,0.000000000,0.000000000,0.000000000,0.000000000,0.000000000,0.000000000,0.000000000,0.000000000,0.000000000,0.000000000,0.000000000,0.000000000,0.000000000,0.000000000,0.000000000,0.000000000,0.006961711,0.014587402,-0.067937374,-0.039311886,0.029400945,0.012277778,0.007616793,0.015469518,0.005217334,0.015330088,0.029118904,0.013878667
2.329708576,1.960649490,-1.031043053,-1.408408165,-0.027420998,0.690493584,0.026653290,0.061096191,-0.117494583,-0.066467285,-0.020812988,0.026687622,-0.032730103,1.960649490,-1.031426430,-1.408408165,-0.027420998,0.690876961,0.026653290,0.000042073,17.502464294,-3.760078907,-1.229429722,0.307914615,0.000753228,-0.011672974,17.522544861,-3.832685471,-1.280155182,0.277501106,-0.001068115,0.000042073,17.502464294,-3.760078907,-1.229429722,0.307914615,0.000753228,0.000000000,0.000000000,0.000000000,0.000000000,0.000000000,0.000000000,0.000000000,0.000000000,0.000000000,0.000000000,0.000000000,0.000000000,0.000000000,0.000000000,0.000000000,0.000000000,0.000000000,0.000000000,-0.011715047,0.020080566,-0.072606564,-0.050725460,-0.030413508,-0.001821343,-0.011059964,0.020962682,0.000548144,0.003916514,-0.030695550,-0.000220454
2.339699268,1.960649490,-1.031043053,-1.408408165,-0.027420998,0.690493584,0.026653290,-0.155094147,0.046081543,0.044982910,0.113464355,0.001510620,0.028701782,1.960649490,-1.031426430,-1.408408165,-0.027420998,0.690493584,0.026653290,0.000042072,17.502201080,-3.759830713,-1.229153872,0.308012217,0.000753487,-0.013229370,17.526206970,-3.834760666,-1.285343170,0.296299934,-0.005767822,0.000042072,17.502201080,-3.759830713,-1.229153872,0.308012217,0.000753487,0.000000000,0.000000000,0.000000000,0.000000000,0.000000000,0.000000000,0.000000000,0.000000000,0.000000000,0.000000000,0.000000000,0.000000000,0.000000000,0.000000000,0.000000000,0.000000000,0.000000000,0.000000000,-0.013271442,0.024005890,-0.074929953,-0.056189299,-0.011712283,-0.006521309,-0.012616360,0.024888005,-0.001775245,-0.001547325,-0.011994324,-0.004920420
2.349709749,1.960649490,-1.031426430,-1.408408165,-0.027420998,0.690876961,0.026653290,0.063781738,0.146181107,0.054382324,0.034240723,0.061935425,-0.053878784,1.960649490,-1.031043053,-1.408408165,-0.027420998,0.690876961,0.026653290,0.000042073,17.502519608,-3.763075590,-1.229900360,0.308190405,0.000753970,-0.007522583,17.513389587,-3.827497482,-1.274448395,0.287327766,-0.004486084,0.000042073,17.502519608,-3.763075590,-1.229900360,0.308190405,0.000753970,0.000000000,0.000000000,0.000000000,0.000000000,0.000000000,0.000000000,0.000000000,0.000000000,0.000000000,0.000000000,0.000000000,0.000000000,0.000000000,0.000000000,0.000000000,0.000000000,0.000000000,0.000000000,-0.007564656,0.010869980,-0.064421892,-0.044548035,-0.020862639,-0.005240054,-0.006909574,0.011752095,0.008732816,0.010093939,-0.021144680,-0.003639166
2.359748840,1.960649490,-1.031426430,-1.408408165,-0.027420998,0.690493584,0.026653290,0.108093262,-0.041200638,-0.153751373,-0.042297363,0.023666382,-0.015609741,1.960649490,-1.031426430,-1.408408165,-0.027420998,0.690493584,0.026653290,0.000042072,17.502201080,-3.759830713,-1.229153872,0.308012217,0.000753487,-0.002853394,17.484092712,-3.823347092,-1.293643951,0.304844856,0.004913330,0.000042072,17.502201080,-3.759830713,-1.229153872,0.308012217,0.000753487,0.000000000,0.000000000,0.000000000,0.000000000,0.000000000,0.000000000,0.000000000,0.000000000,0.000000000,0.000000000,0.000000000,0.000000000,0.000000000,0.000000000,0.000000000,0.000000000,0.000000000,0.000000000,-0.002895466,-0.018108368,-0.063516378,-0.064490080,-0.003167361,0.004159843,-0.002240383,-0.017226252,0.009638330,-0.009848106,-0.003449402,0.005760732
2.369711637,1.960649490,-1.031043053,-1.408408165,-0.027420998,0.690876961,0.026653290,0.007385254,0.124208450,0.059753418,0.195377350,0.020645142,0.051864624,1.960649490,-1.031426430,-1.408408165,-0.027420998,0.690493584,0.026653290,0.000042072,17.502201080,-3.759830713,-1.229153872,0.308012217,0.000753487,0.003890991,17.511558533,-3.887160301,-1.269779205,0.333043098,-0.004913330,0.000042072,17.502201080,-3.759830713,-1.229153872,0.308012217,0.000753487,0.000000000,0.000000000,0.000000000,0.000000000,0.000000000,0.000000000,0.000000000,0.000000000,0.000000000,0.000000000,0.000000000,0.000000000,0.000000000,0.000000000,0.000000000,0.000000000,0.000000000,0.000000000,0.003848919,0.009357452,-0.127329588,-0.040625334,0.025030881,-0.005666817,0.004504001,0.010239568,-0.054174880,0.014016640,0.024748840,-0.004065928
2.379711866,1.960649490,-1.031043053,-1.408408165,-0.027420998,0.690493584,0.026653290,-0.006042480,0.094301224,-0.016784668,0.096008301,0.005538940,-0.043807983,1.960649490,-1.031426430,-1.408408165,-0.027420998,0.690876961,0.026653290,0.000042073,17.502464294,-3.760078907,-1.229429722,0.307914615,0.000753228,0.005966187,17.476768494,-3.830610275,-1.276004791,0.282628059,-0.009613037,0.000042073,17.502464294,-3.760078907,-1.229429722,0.307914615,0.000753228,0.000000000,0.000000000,0.000000000,0.000000000,0.000000000,0.000000000,0.000000000,0.000000000,0.000000000,0.000000000,0.000000000,0.000000000,0.000000000,0.000000000,0.000000000,0.000000000,0.000000000,0.000000000,0.005924114,-0.025695801,-0.070531368,-0.046575069,-0.025286555,-0.010366265,0.006579196,-0.024813685,0.002623340,0.008066904,-0.025568596,-0.008765376
2.389713287,1.960649490,-1.031043053,-1.408408165,-0.027420998,0.690876961,0.026653290,0.008728027,0.015563965,-0.074523926,0.019470215,-0.010574341,-0.025680542,1.960649490,-1.031043053,-1.408408165,-0.027420998,0.690876961,0.026653290,0.000042073,17.502519608,-3.763075590,-1.229900360,0.308190405,0.000753970,0.015304565,17.463951111,-3.833204269,-1.293643951,0.312535286,-0.007049561,0.000042073,17.502519608,-3.763075590,-1.229900360,0.308190405,0.000753970,0.000000000,0.000000000,0.000000000,0.000000000,0.000000000,0.000000000,0.000000000,0.000000000,0.000000000,0.000000000,0.000000000,0.000000000,0.000000000,0.000000000,0.000000000,0.000000000,0.000000000,0.000000000,0.015262492,-0.038568497,-0.070128679,-0.063743591,0.004344881,-0.007803531,0.015917574,-0.037686381,0.003026029,-0.009101617,0.004062839,-0.006202642
2.399709463,1.960649490,-1.031043053,-1.408408165,-0.027420998,0.690493584,0.026653290,0.016784668,0.093690872,0.118835449,-0.144351959,-0.012588501,-0.019638062,1.960649490,-1.031043053,-1.408408165,-0.027420998,0.690493584,0.026653290,0.000042072,17.502258301,-3.762827396,-1.229624629,0.308288097,0.000754230,0.003372192,17.458457947,-3.811413765,-1.273929596,0.309544563,-0.002777100,0.000042072,17.502258301,-3.762827396,-1.229624629,0.308288097,0.000754230,0.000000000,0.000000000,0.000000000,0.000000000,0.000000000,0.000000000,0.000000000,0.000000000,0.000000000,0.000000000,0.000000000,0.000000000,0.000000000,0.000000000,0.000000000,0.000000000,0.000000000,0.000000000,0.003330120,-0.043800354,-0.048586369,-0.044304967,0.001256466,-0.003531329,0.003985202,-0.042918238,0.024568339,0.010337007,0.000974425,-0.001930441
2.409750938,1.960649490,-1.031043053,-1.408408165,-0.027804375,0.690493584,0.026653290,0.014099121,0.025939941,0.097351074,-0.322940826,-0.030715942,-0.023666382,1.960649490,-1.031043053,-1.408408165,-0.027420998,0.690876961,0.026653290,0.000042073,17.502519608,-3.763075590,-1.229900360,0.308190405,0.000753970,0.006484985,17.467613220,-3.872632980,-1.307133675,0.317234993,0.002777100,0.000042073,17.502519608,-3.763075590,-1.229900360,0.308190405,0.000753970,0.000000000,0.000000000,0.000000000,0.000000000,0.000000000,0.000000000,0.000000000,0.000000000,0.000000000,0.000000000,0.000000000,0.000000000,0.000000000,0.000000000,0.000000000,0.000000000,0.000000000,0.000000000,0.006442912,-0.034906387,-0.109557390,-0.077233315,0.009044588,0.002023129,0.007097994,-0.034024272,-0.036402682,-0.022591341,0.008762546,0.003624018
2.419780731,1.960649490,-1.031426430,-1.408408165,-0.027420998,0.690876961,0.026653290,0.050354004,-0.052797318,-0.071838379,0.030212402,-0.026687622,0.006546021,1.960649490,-1.031043053,-1.408408165,-0.027420998,0.690493584,0.026653290,0.000042072,17.502258301,-3.762827396,-1.229624629,0.308288097,0.000754230,-0.000259399,17.557334900,-3.767315865,-1.271854401,0.300145149,-0.001495361,0.000042072,17.502258301,-3.762827396,-1.229624629,0.308288097,0.000754230,0.000000000,0.000000000,0.000000000,0.000000000,0.000000000,0.000000000,0.000000000,0.000000000,0.000000000,0.000000000,0.000000000,0.000000000,0.000000000,0.000000000,0.000000000,0.000000000,0.000000000,0.000000000,-0.000301472,0.055076599,-0.004488468,-0.042229772,-0.008142948,-0.002249591,0.000353611,0.055958715,0.068666240,0.012412202,-0.008424989,-0.000648702
2.429740667,1.960649490,-1.031426430,-1.408408165,-0.027420998,0.690493584,0.026653290,-0.004699707,-0.112001419,0.105407715,0.100036621,-0.058914185,-0.029708862,1.960649490,-1.031043053,-1.408408165,-0.027420998,0.690876961,0.026653290,0.000042073,17.502519608,-3.763075590,-1.229900360,0.308190405,0.000753970,-0.013748169,17.482261658,-3.831647873,-1.269779205,0.313389778,-0.011322021,0.000042073,17.502519608,-3.763075590,-1.229900360,0.308190405,0.000753970,0.000000000,0.000000000,0.000000000,0.000000000,0.000000000,0.000000000,0.000000000,0.000000000,0.000000000,0.000000000,0.000000000,0.000000000,0.000000000,0.000000000,0.000000000,0.000000000,0.000000000,0.000000000,-0.013790242,-0.020257950,-0.068572283,-0.039878845,0.005199373,-0.012075992,-0.013135160,-0.019375834,0.004582425,0.014763129,0.004917332,-0.010475103
2.439738989,1.960649490,-1.031043053,-1.408408165,-0.027420998,0.690493584,0.026653290,0.027526855,0.041809082,-0.049011230,0.063781738,-0.020645142,-0.001510620,1.960649490,-1.031426430,-1.408408165,-0.027420998,0.690493584,0.026653290,0.000042072,17.502201080,-3.759830713,-1.229153872,0.308012217,0.000753487,0.019454956,17.515220642,-3.840986252,-1.285861969,0.271518707,-0.000213623,0.000042072,17.502201080,-3.759830713,-1.229153872,0.308012217,0.000753487,0.000000000,0.000000000,0.000000000,0.000000000,0.000000000,0.000000000,0.000000000,0.000000000,0.000000000,0.000000000,0.000000000,0.000000000,0.000000000,0.000000000,0.000000000,0.000000000,0.000000000,0.000000000,0.019412884,0.013019562,-0.081155539,-0.056708097,-0.036493510,-0.000967110,0.020067966,0.013901677,-0.008000831,-0.002066124,-0.036775551,0.000633779
2.449741125,1.960649490,-1.031043053,-1.408408165,-0.027420998,0.690876961,0.026653290,0.067810059,0.031433105,0.046325684,-0.113468170,-0.019638062,0.089126587,1.960649490,-1.031043053,-1.408408165,-0.027420998,0.690876961,0.026653290,0.000042073,17.502519608,-3.763075590,-1.229900360,0.308190405,0.000753970,-0.000259399,17.495079041,-3.835279465,-1.260959625,0.305272102,0.011322021,0.000042073,17.502519608,-3.763075590,-1.229900360,0.308190405,0.000753970,0.000000000,0.000000000,0.000000000,0.000000000,0.000000000,0.000000000,0.000000000,0.000000000,0.000000000,0.000000000,0.000000000,0.000000000,0.000000000,0.000000000,0.000000000,0.000000000,0.000000000,0.000000000,-0.000301473,-0.007440567,-0.072203875,-0.031059265,-0.002918303,0.010568051,0.000353610,-0.006558451,0.000950833,0.023582709,-0.003200344,0.012168940
2.459708214,1.960649490,-1.031426430,-1.408408165,-0.027420998,0.690876961,0.026653290,0.035583496,0.053405762,-0.078552246,0.089294434,-0.027694702,0.017623901,1.960649490,-1.031426430,-1.408408165,-0.027420998,0.690876961,0.026653290,0.000042073,17.502464294,-3.760078907,-1.229429722,0.307914615,0.000753228,0.010116577,17.487754822,-3.858625412,-1.288455963,0.331334114,0.001922607,0.000042073,17.502464294,-3.760078907,-1.229429722,0.307914615,0.000753228,0.000000000,0.000000000,0.000000000,0.000000000,0.000000000,0.000000000,0.000000000,0.000000000,0.000000000,0.000000000,0.000000000,0.000000000,0.000000000,0.000000000,0.000000000,0.000000000,0.000000000,0.000000000,0.010074504,-0.014709473,-0.098546505,-0.059026241,0.023419499,0.001169380,0.010729586,-0.013827357,-0.025391797,-0.004384267,0.023137458,0.002770268
2.469747543,1.960649490,-1.031043053,-1.408408165,-0.027420998,0.690493584,0.026653290,0.042297363,0.126039505,-0.032897949,0.036926270,-0.035751343,0.034744263,1.960649490,-1.031043053,-1.408408165,-0.027420998,0.690876961,0.026653290,0.000042073,17.502519608,-3.763075590,-1.229900360,0.308190405,0.000753970,0.003372192,17.476768494,-3.817639351,-1.285343170,0.306126595,-0.008331299,0.000042073,17.502519608,-3.763075590,-1.229900360,0.308190405,0.000753970,0.000000000,0.000000000,0.000000000,0.000000000,0.000000000,0.000000000,0.000000000,0.000000000,0.000000000,0.000000000,0.000000000,0.000000000,0.000000000,0.000000000,0.000000000,0.000000000,0.000000000,0.000000000,0.003330119,-0.025751114,-0.054563761,-0.055442810,-0.002063811,-0.009085269,0.003985201,-0.024868998,0.018590947,-0.000800836,-0.002345852,-0.007484381
2.479707956,1.960649490,-1.031043053,-1.408408165,-0.027420998,0.690493584,0.026653290,0.008728027,0.022277832,0.034240723,-0.097354889,0.033737183,-0.031723022,1.960649490,-1.031043053,-1.408024788,-0.027420998,0.690876961,0.026653290,0.000042065,17.499357224,-3.760078907,-1.229429722,0.307914615,0.000753228,-0.005447388,17.507896423,-3.839948654,-1.274967194,0.309971809,0.007476807,0.000042065,17.499357224,-3.760078907,-1.229429722,0.307914615,0.000753228,0.000000000,0.000000000,0.000000000,0.000000000,0.000000000,0.000000000,0.000000000,0.000000000,0.000000000,0.000000000,0.000000000,0.000000000,0.000000000,0.000000000,0.000000000,0.000000000,0.000000000,0.000000000,-0.005489453,0.008539200,-0.079869747,-0.045537472,0.002057195,0.006723579,-0.004834370,0.009421315,-0.006715039,0.009104502,0.001775154,0.008324468
2.489744663,1.960649490,-1.031426430,-1.408408165,-0.027420998,0.690493584,0.026653290,-0.034240723,-0.066835403,0.054382324,0.105407715,0.024673462,-0.004531860,1.960649490,-1.031043053,-1.408408165,-0.027420998,0.690876961,0.026653290,0.000042073,17.502519608,-3.763075590,-1.229900360,0.308190405,0.000753970,0.021530151,17.520713806,-3.872632980,-1.277042389,0.318516731,-0.014312744,0.000042073,17.502519608,-3.763075590,-1.229900360,0.308190405,0.000753970,0.000000000,0.000000000,0.000000000,0.000000000,0.000000000,0.000000000,0.000000000,0.000000000,0.000000000,0.000000000,0.000000000,0.000000000,0.000000000,0.000000000,0.000000000,0.000000000,0.000000000,0.000000000,0.021488078,0.018194199,-0.109557390,-0.047142029,0.010326326,-0.015066714,0.022143160,0.019076314,-0.036402682,0.007499945,0.010044285,-0.013465826
2.499711037,1.960649490,-1.031043053,-1.408408165,-0.027420998,0.690493584,0.026653290,-0.070495605,0.032043457,-0.040954590,0.070495605,-0.044815063,-0.005538940,1.960649490,-1.031043053,-1.408408165,-0.027420998,0.690493584,0.026653290,0.000042072,17.502258301,-3.762827396,-1.229624629,0.308288097,0.000754230,-0.010635376,17.478599548,-3.830610275,-1.283267975,0.265537262,-0.009613037,0.000042072,17.502258301,-3.762827396,-1.229624629,0.308288097,0.000754230,0.000000000,0.000000000,0.000000000,0.000000000,0.000000000,0.000000000,0.000000000,0.000000000,0.000000000,0.000000000,0.000000000,0.000000000,0.000000000,0.000000000,0.000000000,0.000000000,0.000000000,0.000000000,-0.010677448,-0.023658752,-0.067782879,-0.053643346,-0.042750835,-0.010367267,-0.010022366,-0.022776637,0.005371829,0.000998628,-0.043032877,-0.008766378
2.509711504,1.960649490,-1.031043053,-1.408408165,-0.027420998,0.690493584,0.026653290,-0.129581451,0.008850098,-0.057067871,-0.000671387,0.006546021,0.013595581,1.960649490,-1.031043053,-1.408408165,-0.027420998,0.690876961,0.026653290,0.000042073,17.502519608,-3.763075590,-1.229900360,0.308190405,0.000753970,0.002853394,17.537193298,-3.836835861,-1.273410797,0.301854134,0.000640869,0.000042073,17.502519608,-3.763075590,-1.229900360,0.308190405,0.000753970,0.000000000,0.000000000,0.000000000,0.000000000,0.000000000,0.000000000,0.000000000,0.000000000,0.000000000,0.000000000,0.000000000,0.000000000,0.000000000,0.000000000,0.000000000,0.000000000,0.000000000,0.000000000,0.002811320,0.034673691,-0.073760271,-0.043510437,-0.006336272,-0.000113101,0.003466403,0.035555806,-0.000605563,0.011131537,-0.006618313,0.001487787
2.519712925,1.960649490,-1.031043053,-1.408408165,-0.027420998,0.690876961,0.026653290,-0.026184082,-0.026550293,-0.061096191,0.003356934,-0.022659302,0.056900024,1.960649490,-1.031426430,-1.408408165,-0.027420998,0.690876961,0.026653290,0.000042073,17.502464294,-3.760078907,-1.229429722,0.307914615,0.000753228,-0.014785767,17.452964783,-3.803112984,-1.281711578,0.332615852,-0.000640869,0.000042073,17.502464294,-3.760078907,-1.229429722,0.307914615,0.000753228,0.000000000,0.000000000,0.000000000,0.000000000,0.000000000,0.000000000,0.000000000,0.000000000,0.000000000,0.000000000,0.000000000,0.000000000,0.000000000,0.000000000,0.000000000,0.000000000,0.000000000,0.000000000,-0.014827840,-0.049499512,-0.043034077,-0.052281857,0.024701238,-0.001394097,-0.014172757,-0.048617396,0.030120631,0.002360117,0.024419197,0.000206792
2.529744625,1.960649490,-1.031426430,-1.408408165,-0.027420998,0.690876961,0.026653290,-0.234317780,-0.065004349,0.108093262,0.071838379,0.024673462,-0.003524780,1.960649490,-1.031043053,-1.408408165,-0.027420998,0.690493584,0.026653290,0.000042072,17.502258301,-3.762827396,-1.229624629,0.308288097,0.000754230,0.003372192,17.537193298,-3.834241867,-1.275485992,0.324925423,-0.018157959,0.000042072,17.502258301,-3.762827396,-1.229624629,0.308288097,0.000754230,0.000000000,0.000000000,0.000000000,0.000000000,0.000000000,0.000000000,0.000000000,0.000000000,0.000000000,0.000000000,0.000000000,0.000000000,0.000000000,0.000000000,0.000000000,0.000000000,0.000000000,0.000000000,0.003330120,0.034934998,-0.071414471,-0.045861363,0.016637325,-0.018912189,0.003985202,0.035817113,0.001740237,0.008780611,0.016355284,-0.017311300
2.539711714,1.960649490,-1.031043053,-1.408408165,-0.027420998,0.690876961,0.026653290,0.016784668,-0.024108887,-0.031555176,-0.043640137,-0.016616821,0.042800903,1.960649490,-1.031043053,-1.408408165,-0.027420998,0.690876961,0.026653290,0.000042073,17.502519608,-3.763075590,-1.229900360,0.308190405,0.000753970,-0.002334595,17.493247986,-3.829572678,-1.282230377,0.287327766,0.002349854,0.000042073,17.502519608,-3.763075590,-1.229900360,0.308190405,0.000753970,0.000000000,0.000000000,0.000000000,0.000000000,0.000000000,0.000000000,0.000000000,0.000000000,0.000000000,0.000000000,0.000000000,0.000000000,0.000000000,0.000000000,0.000000000,0.000000000,0.000000000,0.000000000,-0.002376668,-0.009271622,-0.066497087,-0.052330017,-0.020862639,0.001595883,-0.001721586,-0.008389506,0.006657621,0.002311957,-0.021144680,0.003196772
2.549715757,1.960649490,-1.031043053,-1.408408165,-0.027420998,0.690876961,0.026653290,0.050354004,0.047912598,0.002014160,-0.046325684,-0.009567261,0.000503540,1.960649490,-1.031426430,-1.408408165,-0.027420998,0.690493584,0.026653290,0.000042072,17.502201080,-3.759830713,-1.229153872,0.308012217,0.000753487,0.004409790,17.518882751,-3.823347092,-1.290531158,0.294590950,-0.000213623,0.000042072,17.502201080,-3.759830713,-1.229153872,0.308012217,0.000753487,0.000000000,0.000000000,0.000000000,0.000000000,0.000000000,0.000000000,0.000000000,0.000000000,0.000000000,0.000000000,0.000000000,0.000000000,0.000000000,0.000000000,0.000000000,0.000000000,0.000000000,0.000000000,0.004367718,0.016681671,-0.063516378,-0.061377287,-0.013421267,-0.000967110,0.005022800,0.017563787,0.009638330,-0.006735313,-0.013703308,0.000633779
2.559746027,1.960649490,-1.031426430,-1.408408165,-0.027420998,0.690876961,0.026653290,0.012756348,-0.160829544,-0.081237793,0.077209473,-0.000503540,0.019638062,1.960649490,-1.031426430,-1.408408165,-0.027420998,0.690876961,0.026653290,0.000042073,17.502464294,-3.760078907,-1.229429722,0.307914615,0.000753228,0.013229370,17.456626892,-3.836317062,-1.287937164,0.326207161,0.005340576,0.000042073,17.502464294,-3.760078907,-1.229429722,0.307914615,0.000753228,0.000000000,0.000000000,0.000000000,0.000000000,0.000000000,0.000000000,0.000000000,0.000000000,0.000000000,0.000000000,0.000000000,0.000000000,0.000000000,0.000000000,0.000000000,0.000000000,0.000000000,0.000000000,0.013187297,-0.045837402,-0.076238155,-0.058507442,0.018292546,0.004587349,0.013842379,-0.044955287,-0.003083447,-0.003865469,0.018010505,0.006188237
2.569745064,1.960649490,-1.031043053,-1.408408165,-0.027420998,0.690876961,0.026653290,0.011413574,-0.080873489,-0.012756348,0.014099121,0.054885864,0.002517700,1.960649490,-1.031426430,-1.408408165,-0.027420998,0.690876961,0.026653290,0.000042073,17.502464294,-3.760078907,-1.229429722,0.307914615,0.000753228,0.005447388,17.539024353,-3.861738205,-1.298314095,0.301426888,0.012176514,0.000042073,17.502464294,-3.760078907,-1.229429722,0.307914615,0.000753228,0.000000000,0.000000000,0.000000000,0.000000000,0.000000000,0.000000000,0.000000000,0.000000000,0.000000000,0.000000000,0.000000000,0.000000000,0.000000000,0.000000000,0.000000000,0.000000000,0.000000000,0.000000000,0.005405315,0.036560059,-0.101659298,-0.068884373,-0.006487727,0.011423286,0.006060397,0.037442174,-0.028504590,-0.014242399,-0.006769768,0.013024175
2.579716444,1.960649490,-1.031426430,-1.408408165,-0.027420998,0.690493584,0.026653290,-0.049011230,-0.111391068,0.000671387,-0.125553131,-0.043807983,0.011581421,1.960649490,-1.031426430,-1.408408165,-0.027420998,0.690876961,0.026653290,0.000042073,17.502464294,-3.760078907,-1.229429722,0.307914615,0.000753228,0.011154175,17.520713806,-3.836835861,-1.275485992,0.314671516,-0.031830788,0.000042073,17.502464294,-3.760078907,-1.229429722,0.307914615,0.000753228,0.000000000,0.000000000,0.000000000,0.000000000,0.000000000,0.000000000,0.000000000,0.000000000,0.000000000,0.000000000,0.000000000,0.000000000,0.000000000,0.000000000,0.000000000,0.000000000,0.000000000,0.000000000,0.011112102,0.018249512,-0.076756954,-0.046056271,0.006756902,-0.032584015,0.011767184,0.019131627,-0.003602246,0.008585703,0.006474861,-0.030983127
2.589712143,1.960649490,-1.031426430,-1.408408165,-0.027420998,0.690876961,0.026653290,0.038269043,-0.055238724,0.024841309,0.043640137,0.003524780,-0.037765503,1.960649490,-1.031043053,-1.408408165,-0.027420998,0.690876961,0.026653290,0.000042073,17.502519608,-3.763075590,-1.229900360,0.308190405,0.000753970,0.006484985,17.504234314,-3.833204269,-1.273410797,0.312535286,-0.006195068,0.000042073,17.502519608,-3.763075590,-1.229900360,0.308190405,0.000753970,0.000000000,0.000000000,0.000000000,0.000000000,0.000000000,0.000000000,0.000000000,0.000000000,0.000000000,0.000000000,0.000000000,0.000000000,0.000000000,0.000000000,0.000000000,0.000000000,0.000000000,0.000000000,0.006442912,0.001714706,-0.070128679,-0.043510437,0.004344881,-0.006949039,0.007097994,0.002596822,0.003026029,0.011131537,0.004062839,-0.005348150
2.599708796,1.960649490,-1.031043053,-1.408408165,-0.027420998,0.690493584,0.026653290,-0.016784668,0.068664551,0.053039551,0.096008301,0.045822144,-0.002517700,1.960266113,-1.031426430,-1.408408165,-0.027420998,0.690876961,0.026653290,0.000042083,17.502464294,-3.760078907,-1.229429722,0.307914615,0.000753228,-0.002853394,17.518882751,-3.829572678,-1.270298004,0.308262825,-0.019866943,0.000042083,17.502464294,-3.760078907,-1.229429722,0.307914615,0.000753228,0.000000000,0.000000000,0.000000000,0.000000000,0.000000000,0.000000000,0.000000000,0.000000000,0.000000000,0.000000000,0.000000000,0.000000000,0.000000000,0.000000000,0.000000000,0.000000000,0.000000000,0.000000000,-0.002895477,0.016418457,-0.069493771,-0.040868282,0.000348210,-0.020620171,-0.002240394,0.017300573,0.003660937,0.013773692,0.000066169,-0.019019282
2.609747410,1.960649490,-1.031043053,-1.408408165,-0.027420998,0.690876961,0.026653290,-0.223575592,-0.073549271,0.101379395,-0.116153717,0.058914185,-0.028701782,1.960649490,-1.031043053,-1.408408165,-0.027420998,0.690876961,0.026653290,0.000042073,17.502519608,-3.763075590,-1.229900360,0.308190405,0.000753970,-0.001296997,17.502403259,-3.847730637,-1.287418365,0.324498177,-0.010467529,0.000042073,17.502519608,-3.763075590,-1.229900360,0.308190405,0.000753970,0.000000000,0.000000000,0.000000000,0.000000000,0.000000000,0.000000000,0.000000000,0.000000000,0.000000000,0.000000000,0.000000000,0.000000000,0.000000000,0.000000000,0.000000000,0.000000000,0.000000000,0.000000000,-0.001339070,-0.000116348,-0.084655046,-0.057518005,0.016307771,-0.011221500,-0.000683988,0.000765767,-0.011500338,-0.002876031,0.016025730,-0.009620611
2.619745731,1.960649490,-1.031043053,-1.408408165,-0.027420998,0.690876961,0.026653290,0.034240723,-0.123598099,0.012756348,-0.019470215,0.009567261,-0.018630981,1.960649490,-1.031043053,-1.408408165,-0.027420998,0.690876961,0.026653290,0.000042073,17.502519608,-3.763075590,-1.229900360,0.308190405,0.000753970,0.004409790,17.528038025,-3.848768234,-1.287937164,0.309544563,-0.006195068,0.000042073,17.502519608,-3.763075590,-1.229900360,0.308190405,0.000753970,0.000000000,0.000000000,0.000000000,0.000000000,0.000000000,0.000000000,0.000000000,0.000000000,0.000000000,0.000000000,0.000000000,0.000000000,0.000000000,0.000000000,0.000000000,0.000000000,0.000000000,0.000000000,0.004367717,0.025518417,-0.085692644,-0.058036804,0.001354158,-0.006949039,0.005022799,0.026400533,-0.012537936,-0.003394830,0.001072117,-0.005348150
2.629708052,1.960649490,-1.031426430,-1.408408165,-0.027420998,0.690876961,0.026653290,-0.027526855,-0.079652786,-0.044982910,-0.023498535,0.039779663,0.007553101,1.960649490,-1.031043053,-1.408408165,-0.027420998,0.690876961,0.026653290,0.000042073,17.502519608,-3.763075590,-1.229900360,0.308190405,0.000753970,-0.006484985,17.529869080,-3.821790695,-1.325810432,0.306126595,0.002777100,0.000042073,17.502519608,-3.763075590,-1.229900360,0.308190405,0.000753970,0.000000000,0.000000000,0.000000000,0.000000000,0.000000000,0.000000000,0.000000000,0.000000000,0.000000000,0.000000000,0.000000000,0.000000000,0.000000000,0.000000000,0.000000000,0.000000000,0.000000000,0.000000000,-0.006527058,0.027349472,-0.058715105,-0.095910072,-0.002063811,0.002023129,-0.005871976,0.028231588,0.014439603,-0.041268098,-0.002345852,0.003624018
2.639710903,1.960649490,-1.031426430,-1.408408165,-0.027420998,0.690876961,0.026653290,-0.032897949,-0.085756302,0.014099121,-0.089298248,0.028701782,0.001510620,1.960649490,-1.031426430,-1.408408165,-0.027420998,0.690876961,0.026653290,0.000042073,17.502464294,-3.760078907,-1.229429722,0.307914615,0.000753228,0.012191772,17.487754822,-3.867963791,-1.281711578,0.304417610,0.013458252,0.000042073,17.502464294,-3.760078907,-1.229429722,0.307914615,0.000753228,0.000000000,0.000000000,0.000000000,0.000000000,0.000000000,0.000000000,0.000000000,0.000000000,0.000000000,0.000000000,0.000000000,0.000000000,0.000000000,0.000000000,0.000000000,0.000000000,0.000000000,0.000000000,0.012149699,-0.014709473,-0.107884884,-0.052281857,-0.003497005,0.012705024,0.012804782,-0.013827357,-0.034730176,0.002360117,-0.003779046,0.014305913
2.649746418,1.960649490,-1.031426430,-1.408408165,-0.027420998,0.690876961,0.026653290,-0.113468170,-0.043642044,-0.125553131,-0.047668457,0.012588501,0.016616821,1.960649490,-1.031043053,-1.408408165,-0.027420998,0.690876961,0.026653290,0.000042073,17.502519608,-3.763075590,-1.229900360,0.308190405,0.000753970,-0.005966187,17.518882751,-3.835279465,-1.266147614,0.315953255,0.000213623,0.000042073,17.502519608,-3.763075590,-1.229900360,0.308190405,0.000753970,0.000000000,0.000000000,0.000000000,0.000000000,0.000000000,0.000000000,0.000000000,0.000000000,0.000000000,0.000000000,0.000000000,0.000000000,0.000000000,0.000000000,0.000000000,0.000000000,0.000000000,0.000000000,-0.006008260,0.016363144,-0.072203875,-0.036247253,0.007762849,-0.000540347,-0.005353177,0.017245259,0.000950833,0.018394720,0.007480808,0.001060541
2.659709930,1.960649490,-1.031043053,-1.408408165,-0.027420998,0.690876961,0.026653290,0.073181152,0.104066849,0.046325684,-0.071838379,0.009567261,-0.026687622,1.960649490,-1.031043053,-1.408408165,-0.027420998,0.690876961,0.026653290,0.000042073,17.502519608,-3.763075590,-1.229900360,0.308190405,0.000753970,0.000259399,17.517051697,-3.820234299,-1.288455963,0.295445442,0.004486084,0.000042073,17.502519608,-3.763075590,-1.229900360,0.308190405,0.000753970,0.000000000,0.000000000,0.000000000,0.000000000,0.000000000,0.000000000,0.000000000,0.000000000,0.000000000,0.000000000,0.000000000,0.000000000,0.000000000,0.000000000,0.000000000,0.000000000,0.000000000,0.000000000,0.000217326,0.014532089,-0.057158709,-0.058555603,-0.012744963,0.003732114,0.000872408,0.015414205,0.015995999,-0.003913629,-0.013027004,0.005333002
2.669739008,1.960649490,-1.031043053,-1.408408165,-0.027420998,0.690493584,0.026653290,-0.079895020,0.055847168,-0.091983795,0.207462311,-0.043807983,-0.003524780,1.960649490,-1.031043053,-1.408408165,-0.027420998,0.690493584,0.026653290,0.000042072,17.502258301,-3.762827396,-1.229624629,0.308288097,0.000754230,0.016860962,17.504234314,-3.808819771,-1.272891998,0.303135872,0.010894775,0.000042072,17.502258301,-3.762827396,-1.229624629,0.308288097,0.000754230,0.000000000,0.000000000,0.000000000,0.000000000,0.000000000,0.000000000,0.000000000,0.000000000,0.000000000,0.000000000,0.000000000,0.000000000,0.000000000,0.000000000,0.000000000,0.000000000,0.000000000,0.000000000,0.016818890,0.001976013,-0.045992374,-0.043267369,-0.005152225,0.010140546,0.017473972,0.002858129,0.027162334,0.011374605,-0.005434267,0.011741434
2.679740429,1.960649490,-1.031426430,-1.408408165,-0.027420998,0.690493584,0.026653290,0.136291504,-0.044862747,0.075866699,-0.047668457,0.005538940,0.022659302,1.960649490,-1.031426430,-1.408408165,-0.027420998,0.690493584,0.026653290,0.000042072,17.502201080,-3.759830713,-1.229153872,0.308012217,0.000753487,-0.005447388,17.485923767,-3.845655441,-1.301426888,0.290318489,0.006622314,0.000042072,17.502201080,-3.759830713,-1.229153872,0.308012217,0.000753487,0.000000000,0.000000000,0.000000000,0.000000000,0.000000000,0.000000000,0.000000000,0.000000000,0.000000000,0.000000000,0.000000000,0.000000000,0.000000000,0.000000000,0.000000000,0.000000000,0.000000000,0.000000000,-0.005489460,-0.016277313,-0.085824728,-0.072273016,-0.017693728,0.005868828,-0.004834378,-0.015395198,-0.012670020,-0.017631042,-0.017975769,0.007469716
2.689740181,1.960649490,-1.031426430,-1.408408165,-0.027420998,0.690493584,0.026653290,0.053039551,0.035095215,0.220890045,0.061096191,-0.013595581,0.038772583,1.960649490,-1.031426430,-1.408408165,-0.027420998,0.690876961,0.026653290,0.000042073,17.502464294,-3.760078907,-1.229429722,0.307914615,0.000753228,0.003372192,17.487754822,-3.821790695,-1.285343170,0.318089485,0.009613037,0.000042073,17.502464294,-3.760078907,-1.229429722,0.307914615,0.000753228,0.000000000,0.000000000,0.000000000,0.000000000,0.000000000,0.000000000,0.000000000,0.000000000,0.000000000,0.000000000,0.000000000,0.000000000,0.000000000,0.000000000,0.000000000,0.000000000,0.000000000,0.000000000,0.003330119,-0.014709473,-0.061711788,-0.055913448,0.010174870,0.008859809,0.003985202,-0.013827357,0.011442920,-0.001271474,0.009892829,0.010460698
2.699743748,1.960649490,-1.031043053,-1.408408165,-0.027420998,0.690876961,0.026653290,0.106750488,0.016174316,0.012756348,0.159118652,0.025680542,-0.064960480,1.960649490,-1.031043053,-1.408408165,-0.027420998,0.690493584,0.026653290,0.000042072,17.502258301,-3.762827396,-1.229624629,0.308288097,0.000754230,0.002334595,17.500572205,-3.835279465,-1.271854401,0.305699348,0.008331299,0.000042072,17.502258301,-3.762827396,-1.229624629,0.308288097,0.000754230,0.000000000,0.000000000,0.000000000,0.000000000,0.000000000,0.000000000,0.000000000,0.000000000,0.000000000,0.000000000,0.000000000,0.000000000,0.000000000,0.000000000,0.000000000,0.000000000,0.000000000,0.000000000,0.002292523,-0.001686096,-0.072452068,-0.042229772,-0.002588749,0.007577069,0.002947605,-0.000803981,0.000702640,0.012412202,-0.002870790,0.009177958
2.709743738,1.960649490,-1.031426430,-1.408408165,-0.027420998,0.690493584,0.026653290,0.134948730,-0.068666458,0.067810059,0.035583496,-0.047836304,0.036758423,1.960649490,-1.031426430,-1.408408165,-0.027420998,0.690876961,0.026653290,0.000042073,17.502464294,-3.760078907,-1.229429722,0.307914615,0.000753228,-0.005447388,17.517051697,-3.819715500,-1.292087555,0.321507454,0.002777100,0.000042073,17.502464294,-3.760078907,-1.229429722,0.307914615,0.000753228,0.000000000,0.000000000,0.000000000,0.000000000,0.000000000,0.000000000,0.000000000,0.000000000,0.000000000,0.000000000,0.000000000,0.000000000,0.000000000,0.000000000,0.000000000,0.000000000,0.000000000,0.000000000,-0.005489461,0.014587402,-0.059636593,-0.062657833,0.013592839,0.002023872,-0.004834378,0.015469518,0.013518115,-0.008015859,0.013310798,0.003624760
2.719810963,1.960649490,-1.031043053,-1.408408165,-0.027420998,0.690493584,0.026653290,-0.007385254,-0.030822754,-0.015441895,0.010070801,-0.043807983,0.022659302,1.960649490,-1.031426430,-1.408408165,-0.027420998,0.690493584,0.026653290,0.000042072,17.502201080,-3.759830713,-1.229153872,0.308012217,0.000753487,-0.006484985,17.542686462,-3.834241867,-1.247470856,0.286473274,-0.009185791,0.000042072,17.502201080,-3.759830713,-1.229153872,0.308012217,0.000753487,0.000000000,0.000000000,0.000000000,0.000000000,0.000000000,0.000000000,0.000000000,0.000000000,0.000000000,0.000000000,0.000000000,0.000000000,0.000000000,0.000000000,0.000000000,0.000000000,0.000000000,0.000000000,-0.006527057,0.040485382,-0.074411154,-0.018316984,-0.021538943,-0.009939278,-0.005871975,0.041367498,-0.001256446,0.036324990,-0.021820984,-0.008338389
2.729808807,1.960649490,-1.031043053,-1.408408165,-0.027420998,0.690493584,0.026653290,-0.047668457,-0.049745560,0.022155762,0.030212402,-0.011581421,0.017623901,1.960649490,-1.031426430,-1.408408165,-0.027420998,0.690876961,0.026653290,0.000042073,17.502464294,-3.760078907,-1.229429722,0.307914615,0.000753228,0.003890991,17.540855408,-3.886122704,-1.322178841,0.315098763,0.002349854,0.000042073,17.502464294,-3.760078907,-1.229429722,0.307914615,0.000753228,0.000000000,0.000000000,0.000000000,0.000000000,0.000000000,0.000000000,0.000000000,0.000000000,0.000000000,0.000000000,0.000000000,0.000000000,0.000000000,0.000000000,0.000000000,0.000000000,0.000000000,0.000000000,0.003848918,0.038391113,-0.126043797,-0.092749119,0.007184148,0.001596626,0.004504000,0.039273229,-0.052889088,-0.038107145,0.006902107,0.003197514
2.739707947,1.960649490,-1.031043053,-1.408408165,-0.027420998,0.690876961,0.026653290,-0.012756348,0.025329590,0.058410645,-0.152408600,0.022659302,0.040786743,1.960649490,-1.031043053,-1.408408165,-0.027420998,0.690493584,0.026653290,0.000042072,17.502258301,-3.762827396,-1.229624629,0.308288097,0.000754230,-0.002334595,17.493247986,-3.876783371,-1.259922028,0.311253548,-0.003631592,0.000042072,17.502258301,-3.762827396,-1.229624629,0.308288097,0.000754230,0.000000000,0.000000000,0.000000000,0.000000000,0.000000000,0.000000000,0.000000000,0.000000000,0.000000000,0.000000000,0.000000000,0.000000000,0.000000000,0.000000000,0.000000000,0.000000000,0.000000000,0.000000000,-0.002376667,-0.009010315,-0.113955975,-0.030297399,0.002965450,-0.004385821,-0.001721585,-0.008128199,-0.040801267,0.024344575,0.002683409,-0.002784933
2.749715567,1.960649490,-1.031043053,-1.408408165,-0.027420998,0.690876961,0.026653290,0.035583496,0.002746582,0.054382324,-0.079895020,0.011581421,0.018630981,1.960649490,-1.031043053,-1.408408165,-0.027420998,0.690493584,0.026653290,0.000042072,17.502258301,-3.762827396,-1.229624629,0.308288097,0.000754230,-0.007522583,17.509727478,-3.824384689,-1.291568756,0.315098763,0.003631592,0.000042072,17.502258301,-3.762827396,-1.229624629,0.308288097,0.000754230,0.000000000,0.000000000,0.000000000,0.000000000,0.000000000,0.000000000,0.000000000,0.000000000,0.000000000,0.000000000,0.000000000,0.000000000,0.000000000,0.000000000,0.000000000,0.000000000,0.000000000,0.000000000,-0.007564655,0.007469177,-0.061557293,-0.061944127,0.006810665,0.002877362,-0.006909573,0.008351293,0.011597415,-0.007302153,0.006528624,0.004478251
2.759710312,1.960649490,-1.031426430,-1.408408165,-0.027420998,0.690876961,0.026653290,0.168518066,-0.101625443,-0.057067871,0.063781738,0.080062866,-0.006546021,1.960649490,-1.031426430,-1.408408165,-0.027420998,0.690493584,0.026653290,0.000042072,17.502201080,-3.759830713,-1.229153872,0.308012217,0.000753487,-0.012191772,17.517051697,-3.838392258,-1.295201302,0.282200813,-0.000640869,0.000042072,17.502201080,-3.759830713,-1.229153872,0.308012217,0.000753487,0.000000000,0.000000000,0.000000000,0.000000000,0.000000000,0.000000000,0.000000000,0.000000000,0.000000000,0.000000000,0.000000000,0.000000000,0.000000000,0.000000000,0.000000000,0.000000000,0.000000000,0.000000000,-0.012233844,0.014850616,-0.078561544,-0.066047430,-0.025811404,-0.001394356,-0.011578762,0.015732732,-0.005406836,-0.011405456,-0.026093445,0.000206533
2.769757032,1.960649490,-1.031043053,-1.408408165,-0.027420998,0.690493584,0.026653290,0.007385254,-0.010681152,0.067810059,-0.038269043,0.055892944,-0.023666382,1.960649490,-1.031426430,-1.408408165,-0.027420998,0.690493584,0.026653290,0.000042072,17.502201080,-3.759830713,-1.229153872,0.308012217,0.000753487,-0.003372192,17.500572205,-3.864850998,-1.303502083,0.292027473,-0.006195068,0.000042072,17.502201080,-3.759830713,-1.229153872,0.308012217,0.000753487,0.000000000,0.000000000,0.000000000,0.000000000,0.000000000,0.000000000,0.000000000,0.000000000,0.000000000,0.000000000,0.000000000,0.000000000,0.000000000,0.000000000,0.000000000,0.000000000,0.000000000,0.000000000,-0.003414264,-0.001628876,-0.105020285,-0.074348211,-0.015984744,-0.006948555,-0.002759182,-0.000746760,-0.031865577,-0.019706237,-0.016266785,-0.005347667
2.779710293,1.960649490,-1.031043053,-1.408024788,-0.027420998,0.690493584,0.026653290,0.102722168,-0.043642044,0.126892090,0.083923340,-0.031723022,-0.023666382,1.960649490,-1.031043053,-1.408408165,-0.027420998,0.690876961,0.026653290,0.000042073,17.502519608,-3.763075590,-1.229900360,0.308190405,0.000753970,-0.012191772,17.469444275,-3.883527756,-1.290531158,0.310399055,-0.006195068,0.000042073,17.502519608,-3.763075590,-1.229900360,0.308190405,0.000753970,0.000000000,0.000000000,0.000000000,0.000000000,0.000000000,0.000000000,0.000000000,0.000000000,0.000000000,0.000000000,0.000000000,0.000000000,0.000000000,0.000000000,0.000000000,0.000000000,0.000000000,0.000000000,-0.012233846,-0.033075333,-0.120452166,-0.060630798,0.002208650,-0.006949039,-0.011578763,-0.032193217,-0.047297458,-0.005988824,0.001926609,-0.005348150
2.789710283,1.960649490,-1.031043053,-1.408408165,-0.027420998,0.690876961,0.026653290,0.010070801,-0.101015091,-0.126895905,0.032897949,0.006546021,-0.010574341,1.960649490,-1.031426430,-1.408408165,-0.027420998,0.690876961,0.026653290,0.000042073,17.502464294,-3.760078907,-1.229429722,0.307914615,0.000753228,-0.017379761,17.485923767,-3.843580246,-1.271335602,0.275364876,0.017303467,0.000042073,17.502464294,-3.760078907,-1.229429722,0.307914615,0.000753228,0.000000000,0.000000000,0.000000000,0.000000000,0.000000000,0.000000000,0.000000000,0.000000000,0.000000000,0.000000000,0.000000000,0.000000000,0.000000000,0.000000000,0.000000000,0.000000000,0.000000000,0.000000000,-0.017421834,-0.016540527,-0.083501339,-0.041905880,-0.032549739,0.016550239,-0.016766752,-0.015658412,-0.010346631,0.012736094,-0.032831780,0.018151128
2.799715996,1.960649490,-1.031426430,-1.408408165,-0.027420998,0.690876961,0.026653290,-0.044982910,-0.127870560,0.027526855,0.023498535,0.046829224,-0.012588501,1.960649490,-1.031426430,-1.408408165,-0.027420998,0.690876961,0.026653290,0.000042073,17.502464294,-3.760078907,-1.229429722,0.307914615,0.000753228,-0.011154175,17.526206970,-3.809338570,-1.336705208,0.320652962,-0.010467529,0.000042073,17.502464294,-3.760078907,-1.229429722,0.307914615,0.000753228,0.000000000,0.000000000,0.000000000,0.000000000,0.000000000,0.000000000,0.000000000,0.000000000,0.000000000,0.000000000,0.000000000,0.000000000,0.000000000,0.000000000,0.000000000,0.000000000,0.000000000,0.000000000,-0.011196248,0.023742676,-0.049259663,-0.107275486,0.012738347,-0.011220757,-0.010541166,0.024624791,0.023895045,-0.052633512,0.012456306,-0.009619868
2.809760332,1.960649490,-1.031426430,-1.408408165,-0.027420998,0.690876961,0.026653290,0.014099121,0.003967285,-0.032897949,-0.051696777,-0.020645142,0.006546021,1.960649490,-1.031426430,-1.408408165,-0.027420998,0.690876961,0.026653290,0.000042073,17.502464294,-3.760078907,-1.229429722,0.307914615,0.000753228,0.025161743,17.504234314,-3.821790695,-1.279117584,0.285618782,-0.010040283,0.000042073,17.502464294,-3.760078907,-1.229429722,0.307914615,0.000753228,0.000000000,0.000000000,0.000000000,0.000000000,0.000000000,0.000000000,0.000000000,0.000000000,0.000000000,0.000000000,0.000000000,0.000000000,0.000000000,0.000000000,0.000000000,0.000000000,0.000000000,0.000000000,0.025119670,0.001770020,-0.061711788,-0.049687862,-0.022295833,-0.010793511,0.025774752,0.002652135,0.011442920,0.004954112,-0.022577874,-0.009192622
2.819713593,1.960649490,-1.031043053,-1.408408165,-0.027420998,0.690493584,0.026653290,-0.031555176,0.071105957,-0.034240723,0.054382324,-0.042800903,0.017623901,1.960649490,-1.031426430,-1.408408165,-0.027420998,0.690493584,0.026653290,0.000042072,17.502201080,-3.759830713,-1.229153872,0.308012217,0.000753487,-0.029312134,17.456626892,-3.866926193,-1.284824371,0.317234993,-0.001922607,0.000042072,17.502201080,-3.759830713,-1.229153872,0.308012217,0.000753487,0.000000000,0.000000000,0.000000000,0.000000000,0.000000000,0.000000000,0.000000000,0.000000000,0.000000000,0.000000000,0.000000000,0.000000000,0.000000000,0.000000000,0.000000000,0.000000000,0.000000000,0.000000000,-0.029354206,-0.045574188,-0.107095480,-0.055670500,0.009222776,-0.002676094,-0.028699124,-0.044692073,-0.033940772,-0.001028526,0.008940735,-0.001075206
2.829710007,1.960649490,-1.031426430,-1.408408165,-0.027420998,0.690876961,0.026653290,0.058410645,0.072326660,-0.161808014,-0.148380280,-0.007553101,-0.030715942,1.960266113,-1.031043053,-1.408408165,-0.027420998,0.690876961,0.026653290,0.000042083,17.502519608,-3.763075590,-1.229900360,0.308190405,0.000753970,0.012710571,17.489585876,-3.822309494,-1.287937164,0.330479622,0.003204346,0.000042083,17.502519608,-3.763075590,-1.229900360,0.308190405,0.000753970,0.000000000,0.000000000,0.000000000,0.000000000,0.000000000,0.000000000,0.000000000,0.000000000,0.000000000,0.000000000,0.000000000,0.000000000,0.000000000,0.000000000,0.000000000,0.000000000,0.000000000,0.000000000,0.012668488,-0.012933731,-0.059233904,-0.058036804,0.022289217,0.002450375,0.013323570,-0.012051616,0.013920804,-0.003394830,0.022007175,0.004051264
2.839714289,1.960649490,-1.031043053,-1.408408165,-0.027420998,0.690876961,0.026653290,0.011413574,0.096132278,-0.002014160,-0.065124512,-0.007553101,-0.016616821,1.960649490,-1.031426430,-1.408408165,-0.027420998,0.690876961,0.026653290,0.000042073,17.502464294,-3.760078907,-1.229429722,0.307914615,0.000753228,0.017898560,17.493247986,-3.801556587,-1.278598785,0.270664215,-0.013031006,0.000042073,17.502464294,-3.760078907,-1.229429722,0.307914615,0.000753228,0.000000000,0.000000000,0.000000000,0.000000000,0.000000000,0.000000000,0.000000000,0.000000000,0.000000000,0.000000000,0.000000000,0.000000000,0.000000000,0.000000000,0.000000000,0.000000000,0.000000000,0.000000000,0.017856487,-0.009216309,-0.041477680,-0.049169064,-0.037250400,-0.013784233,0.018511569,-0.008334193,0.031677028,0.005472910,-0.037532441,-0.012183345
2.849713802,1.960649490,-1.031043053,-1.408408165,-0.027420998,0.690493584,0.026653290,0.121520996,-0.019836426,0.070495605,0.067810059,-0.029708862,-0.010574341,1.960649490,-1.031043053,-1.408408165,-0.027420998,0.690876961,0.026653290,0.000042073,17.502519608,-3.763075590,-1.229900360,0.308190405,0.000753970,0.011154175,17.522544861,-3.817639351,-1.282749176,0.317234993,-0.017303467,0.000042073,17.502519608,-3.763075590,-1.229900360,0.308190405,0.000753970,0.000000000,0.000000000,0.000000000,0.000000000,0.000000000,0.000000000,0.000000000,0.000000000,0.000000000,0.000000000,0.000000000,0.000000000,0.000000000,0.000000000,0.000000000,0.000000000,0.000000000,0.000000000,0.011112102,0.020025253,-0.054563761,-0.052848816,0.009044588,-0.018057437,0.011767184,0.020907369,0.018590947,0.001793158,0.008762546,-0.016456549
2.859799147,1.960649490,-1.031426430,-1.408408165,-0.027420998,0.690876961,0.026653290,0.116149902,-0.046083450,0.034240723,-0.071838379,-0.048843384,0.021652222,1.960649490,-1.031043053,-1.408408165,-0.027420998,0.690876961,0.026653290,0.000042073,17.502519608,-3.763075590,-1.229900360,0.308190405,0.000753970,-0.008560181,17.485923767,-3.831129074,-1.271335602,0.330479622,0.000213623,0.000042073,17.502519608,-3.763075590,-1.229900360,0.308190405,0.000753970,0.000000000,0.000000000,0.000000000,0.000000000,0.000000000,0.000000000,0.000000000,0.000000000,0.000000000,0.000000000,0.000000000,0.000000000,0.000000000,0.000000000,0.000000000,0.000000000,0.000000000,0.000000000,-0.008602254,-0.016595840,-0.068053484,-0.041435242,0.022289217,-0.000540347,-0.007947172,-0.015713725,0.005101224,0.013206732,0.022007175,0.001060541
2.869715929,1.960649490,-1.031426430,-1.408408165,-0.027420998,0.690493584,0.026653290,0.147033691,-0.138246536,0.179264069,-0.022155762,-0.001510620,-0.013595581,1.960649490,-1.031426430,-1.408408165,-0.027420998,0.690876961,0.026653290,0.000042073,17.502464294,-3.760078907,-1.229429722,0.307914615,0.000753228,-0.004928589,17.502403259,-3.816601753,-1.283786774,0.295018196,0.000213623,0.000042073,17.502464294,-3.760078907,-1.229429722,0.307914615,0.000753228,0.000000000,0.000000000,0.000000000,0.000000000,0.000000000,0.000000000,0.000000000,0.000000000,0.000000000,0.000000000,0.000000000,0.000000000,0.000000000,0.000000000,0.000000000,0.000000000,0.000000000,0.000000000,-0.004970662,-0.000061035,-0.056522846,-0.054357052,-0.012896419,-0.000539605,-0.004315580,0.000821080,0.016631862,0.000284922,-0.013178460,0.001061284
2.879786730,1.960649490,-1.031043053,-1.408408165,-0.027420998,0.690876961,0.026653290,0.097351074,0.146791458,-0.091983795,0.063781738,-0.028701782,0.052871704,1.960649490,-1.031043053,-1.408408165,-0.027420998,0.690876961,0.026653290,0.000042073,17.502519608,-3.763075590,-1.229900360,0.308190405,0.000753970,0.003372192,17.513389587,-3.834760666,-1.307133675,0.307835579,0.002777100,0.000042073,17.502519608,-3.763075590,-1.229900360,0.308190405,0.000753970,0.000000000,0.000000000,0.000000000,0.000000000,0.000000000,0.000000000,0.000000000,0.000000000,0.000000000,0.000000000,0.000000000,0.000000000,0.000000000,0.000000000,0.000000000,0.000000000,0.000000000,0.000000000,0.003330119,0.010869980,-0.071685076,-0.077233315,-0.000354826,0.002023129,0.003985201,0.011752095,0.001469632,-0.022591341,-0.000636868,0.003624018
2.889711618,1.960649490,-1.031043053,-1.408408165,-0.027420998,0.690876961,0.026653290,-0.028869629,0.063171387,-0.046325684,-0.097354889,0.047836304,-0.016616821,1.960649490,-1.031043053,-1.408408165,-0.027420998,0.690876961,0.026653290,0.000042073,17.502519608,-3.763075590,-1.229900360,0.308190405,0.000753970,0.001815796,17.496910095,-3.828016281,-1.286380768,0.339451790,0.001068115,0.000042073,17.502519608,-3.763075590,-1.229900360,0.308190405,0.000753970,0.000000000,0.000000000,0.000000000,0.000000000,0.000000000,0.000000000,0.000000000,0.000000000,0.000000000,0.000000000,0.000000000,0.000000000,0.000000000,0.000000000,0.000000000,0.000000000,0.000000000,0.000000000,0.001773723,-0.005609512,-0.064940691,-0.056480408,0.031261384,0.000314145,0.002428805,-0.004727397,0.008214017,-0.001838434,0.030979343,0.001915033
2.899748325,1.960649490,-1.031426430,-1.408408165,-0.027420998,0.690493584,0.026653290,0.070495605,-0.016784668,-0.121524811,-0.061096191,-0.056900024,0.000503540,1.960649490,-1.031043053,-1.408408165,-0.027420998,0.690493584,0.026653290,0.000042072,17.502258301,-3.762827396,-1.229624629,0.308288097,0.000754230,0.008560181,17.489585876,-3.842542648,-1.278598785,0.301426888,-0.005340576,0.000042072,17.502258301,-3.762827396,-1.229624629,0.308288097,0.000754230,0.000000000,0.000000000,0.000000000,0.000000000,0.000000000,0.000000000,0.000000000,0.000000000,0.000000000,0.000000000,0.000000000,0.000000000,0.000000000,0.000000000,0.000000000,0.000000000,0.000000000,0.000000000,0.008518108,-0.012672424,-0.079715252,-0.048974156,-0.006861210,-0.006094806,0.009173191,-0.011790309,-0.006560544,0.005667818,-0.007143251,-0.004493917
2.909710646,1.960649490,-1.031043053,-1.408408165,-0.027420998,0.690493584,0.026653290,-0.138980865,0.026550293,0.078552246,0.036926270,0.023666382,0.019638062,1.960649490,-1.031043053,-1.408408165,-0.027420998,0.690493584,0.026653290,0.000042072,17.502258301,-3.762827396,-1.229624629,0.308288097,0.000754230,-0.009597778,17.495079041,-3.829572678,-1.281711578,0.309117317,0.015594482,0.000042072,17.502258301,-3.762827396,-1.229624629,0.308288097,0.000754230,0.000000000,0.000000000,0.000000000,0.000000000,0.000000000,0.000000000,0.000000000,0.000000000,0.000000000,0.000000000,0.000000000,0.000000000,0.000000000,0.000000000,0.000000000,0.000000000,0.000000000,0.000000000,-0.009639851,-0.007179260,-0.066745281,-0.052086949,0.000829220,0.014840253,-0.008984768,-0.006297145,0.006409427,0.002555025,0.000547179,0.016441141
2.919710159,1.960649490,-1.031426430,-1.408408165,-0.027420998,0.690493584,0.026653290,-0.011413574,0.004577637,-0.091983795,0.106750488,-0.011581421,-0.064960480,1.960649490,-1.031426430,-1.408408165,-0.027420998,0.690493584,0.026653290,0.000042072,17.502201080,-3.759830713,-1.229153872,0.308012217,0.000753487,0.009597778,17.489585876,-3.830610275,-1.324254036,0.318089485,0.000640869,0.000042072,17.502201080,-3.759830713,-1.229153872,0.308012217,0.000753487,0.000000000,0.000000000,0.000000000,0.000000000,0.000000000,0.000000000,0.000000000,0.000000000,0.000000000,0.000000000,0.000000000,0.000000000,0.000000000,0.000000000,0.000000000,0.000000000,0.000000000,0.000000000,0.009555706,-0.012615204,-0.070779562,-0.095100164,0.010077268,-0.000112618,0.010210788,-0.011733088,0.002375146,-0.040458191,0.009795227,0.001488271
2.929710627,1.960649490,-1.031426430,-1.408408165,-0.027420998,0.690876961,0.026653290,-0.011413574,-0.141298294,0.004699707,0.038269043,0.014602661,0.046829224,1.960649490,-1.031426430,-1.408408165,-0.027420998,0.690876961,0.026653290,0.000042073,17.502464294,-3.760078907,-1.229429722,0.307914615,0.000753228,-0.004409790,17.520713806,-3.833204269,-1.279636383,0.310399055,-0.001495361,0.000042073,17.502464294,-3.760078907,-1.229429722,0.307914615,0.000753228,0.000000000,0.000000000,0.000000000,0.000000000,0.000000000,0.000000000,0.000000000,0.000000000,0.000000000,0.000000000,0.000000000,0.000000000,0.000000000,0.000000000,0.000000000,0.000000000,0.000000000,0.000000000,-0.004451863,0.018249512,-0.073125362,-0.050206661,0.002484441,-0.002248589,-0.003796781,0.019131627,0.000029346,0.004435313,0.002202400,-0.000647700
2.939718723,1.960266113,-1.031043053,-1.408408165,-0.027420998,0.690876961,0.026653290,-0.062438965,-0.070497513,0.014099121,0.015441895,-0.002517700,0.046829224,1.960649490,-1.031043053,-1.408408165,-0.027420998,0.690876961,0.026653290,0.000042073,17.502519608,-3.763075590,-1.229900360,0.308190405,0.000753970,-0.000259399,17.548179626,-3.809338570,-1.273410797,0.291600227,-0.016448975,0.000042073,17.502519608,-3.763075590,-1.229900360,0.308190405,0.000753970,0.000000000,0.000000000,0.000000000,0.000000000,0.000000000,0.000000000,0.000000000,0.000000000,0.000000000,0.000000000,0.000000000,0.000000000,0.000000000,0.000000000,0.000000000,0.000000000,0.000000000,0.000000000,-0.000301473,0.045660019,-0.046262980,-0.043510437,-0.016590178,-0.017202945,0.000353610,0.046542134,0.026891729,0.011131537,-0.016872219,-0.015602056
2.949710369,1.960649490,-1.031426430,-1.408408165,-0.027420998,0.690493584,0.026653290,-0.022155762,-0.013122559,0.022155762,0.096008301,-0.016616821,0.001510620,1.960649490,-1.031043053,-1.408408165,-0.027420998,0.690876961,0.026653290,0.000042073,17.502519608,-3.763075590,-1.229900360,0.308190405,0.000753970,-0.007522583,17.506065369,-3.861219406,-1.284305573,0.285191536,0.008331299,0.000042073,17.502519608,-3.763075590,-1.229900360,0.308190405,0.000753970,0.000000000,0.000000000,0.000000000,0.000000000,0.000000000,0.000000000,0.000000000,0.000000000,0.000000000,0.000000000,0.000000000,0.000000000,0.000000000,0.000000000,0.000000000,0.000000000,0.000000000,0.000000000,-0.007564656,0.003545761,-0.098143816,-0.054405212,-0.022998869,0.007577328,-0.006909574,0.004427877,-0.024989108,0.000236762,-0.023280911,0.009178217
2.959710121,1.960649490,-1.031043053,-1.408408165,-0.027420998,0.690493584,0.026653290,0.132263184,0.074157715,0.015441895,0.082580566,-0.002517700,0.006546021,1.960649490,-1.031426430,-1.408408165,-0.027420998,0.690876961,0.026653290,0.000042073,17.502464294,-3.760078907,-1.229429722,0.307914615,0.000753228,-0.002853394,17.518882751,-3.826459885,-1.298832893,0.286473274,0.006622314,0.000042073,17.502464294,-3.760078907,-1.229429722,0.307914615,0.000753228,0.000000000,0.000000000,0.000000000,0.000000000,0.000000000,0.000000000,0.000000000,0.000000000,0.000000000,0.000000000,0.000000000,0.000000000,0.000000000,0.000000000,0.000000000,0.000000000,0.000000000,0.000000000,-0.002895467,0.016418457,-0.066380978,-0.069403172,-0.021441340,0.005869087,-0.002240384,0.017300573,0.006773730,-0.014761198,-0.021723382,0.007469975
2.969741583,1.960649490,-1.031426430,-1.408408165,-0.027420998,0.690876961,0.026653290,-0.043640137,0.007019043,-0.098697662,-0.069152832,0.045822144,0.006546021,1.960649490,-1.031043053,-1.408408165,-0.027420998,0.690876961,0.026653290,0.000042073,17.502519608,-3.763075590,-1.229900360,0.308190405,0.000753970,-0.018936157,17.522544861,-3.821271896,-1.288974762,0.300999641,-0.007904053,0.000042073,17.502519608,-3.763075590,-1.229900360,0.308190405,0.000753970,0.000000000,0.000000000,0.000000000,0.000000000,0.000000000,0.000000000,0.000000000,0.000000000,0.000000000,0.000000000,0.000000000,0.000000000,0.000000000,0.000000000,0.000000000,0.000000000,0.000000000,0.000000000,-0.018978230,0.020025253,-0.058196306,-0.059074402,-0.007190764,-0.008658023,-0.018323148,0.020907369,0.014958402,-0.004432428,-0.007472805,-0.007057135
2.979711056,1.960649490,-1.031043053,-1.408408165,-0.027037621,0.690493584,0.026653290,0.030212402,0.029602051,0.085266113,0.153747559,-0.000503540,-0.010574341,1.960649490,-1.031043053,-1.408408165,-0.027420998,0.690876961,0.026653290,0.000042073,17.502519608,-3.763075590,-1.229900360,0.308190405,0.000753970,-0.016860962,17.467613220,-3.823347092,-1.277042389,0.274510384,-0.002349854,0.000042073,17.502519608,-3.763075590,-1.229900360,0.308190405,0.000753970,0.000000000,0.000000000,0.000000000,0.000000000,0.000000000,0.000000000,0.000000000,0.000000000,0.000000000,0.000000000,0.000000000,0.000000000,0.000000000,0.000000000,0.000000000,0.000000000,0.000000000,0.000000000,-0.016903035,-0.034906387,-0.060271502,-0.047142029,-0.033680022,-0.003103824,-0.016247953,-0.034024272,0.012883207,0.007499945,-0.033962063,-0.001502935
2.989712477,1.960649490,-1.031043053,-1.408408165,-0.027420998,0.690876961,0.026653290,0.110778809,0.090639114,-0.036926270,0.014099121,0.032730103,-0.023666382,1.960649490,-1.031043053,-1.408408165,-0.027420998,0.690876961,0.026653290,0.000042073,17.502519608,-3.763075590,-1.229900360,0.308190405,0.000753970,0.019454956,17.504234314,-3.853437424,-1.268222809,0.303135872,-0.000640869,0.000042073,17.502519608,-3.763075590,-1.229900360,0.308190405,0.000753970,0.000000000,0.000000000,0.000000000,0.000000000,0.000000000,0.000000000,0.000000000,0.000000000,0.000000000,0.000000000,0.000000000,0.000000000,0.000000000,0.000000000,0.000000000,0.000000000,0.000000000,0.000000000,0.019412883,0.001714706,-0.090361834,-0.038322449,-0.005054533,-0.001394839,0.020067965,0.002596822,-0.017207126,0.016319525,-0.005336575,0.000206049
2.999709368,1.960649490,-1.031043053,-1.408408165,-0.027420998,0.690493584,0.026653290,-0.012756348,0.044860840,-0.008728027,0.055725098,0.025680542,0.016616821,1.960649490,-1.031043053,-1.408408165,-0.027420998,0.690493584,0.026653290,0.000042072,17.502258301,-3.762827396,-1.229624629,0.308288097,0.000754230,-0.017379761,17.509727478,-3.841505051,-1.279117584,0.299290657,0.005340576,0.000042072,17.502258301,-3.762827396,-1.229624629,0.308288097,0.000754230,0.000000000,0.000000000,0.000000000,0.000000000,0.000000000,0.000000000,0.000000000,0.000000000,0.000000000,0.000000000,0.000000000,0.000000000,0.000000000,0.000000000,0.000000000,0.000000000,0.000000000,0.000000000,-0.017421833,0.007469177,-0.078677654,-0.049492955,-0.008997440,0.004586347,-0.016766751,0.008351293,-0.005522946,0.005149019,-0.009279482,0.006187235
3.009742975,1.960649490,-1.031043053,-1.408408165,-0.027420998,0.690493584,0.026653290,-0.090641022,-0.079042435,-0.089298248,0.011413574,0.014602661,-0.013595581,1.960649490,-1.031043053,-1.408408165,-0.027420998,0.690876961,0.026653290,0.000042073,17.502519608,-3.763075590,-1.229900360,0.308190405,0.000753970,0.009597778,17.487754822,-3.804150581,-1.255252838,0.303563118,0.003631592,0.000042073,17.502519608,-3.763075590,-1.229900360,0.308190405,0.000753970,0.000000000,0.000000000,0.000000000,0.000000000,0.000000000,0.000000000,0.000000000,0.000000000,0.000000000,0.000000000,0.000000000,0.000000000,0.000000000,0.000000000,0.000000000,0.000000000,0.000000000,0.000000000,0.009555705,-0.014764786,-0.041074991,-0.025352478,-0.004627287,0.002877621,0.010210787,-0.013882670,0.032079717,0.029289496,-0.004909329,0.004478510
3.019745588,1.960649490,-1.031043053,-1.408408165,-0.027420998,0.690493584,0.026653290,-0.109439850,-0.006408691,0.067810059,-0.055725098,-0.027694702,-0.039779663,1.960649490,-1.031043053,-1.408408165,-0.027420998,0.690876961,0.026653290,0.000042073,17.502519608,-3.763075590,-1.229900360,0.308190405,0.000753970,0.001296997,17.522544861,-3.843580246,-1.297276497,0.317234993,-0.010894775,0.000042073,17.502519608,-3.763075590,-1.229900360,0.308190405,0.000753970,0.000000000,0.000000000,0.000000000,0.000000000,0.000000000,0.000000000,0.000000000,0.000000000,0.000000000,0.000000000,0.000000000,0.000000000,0.000000000,0.000000000,0.000000000,0.000000000,0.000000000,0.000000000,0.001254924,0.020025253,-0.080504656,-0.067376137,0.009044588,-0.011648746,0.001910006,0.020907369,-0.007349948,-0.012734163,0.008762546,-0.010047857
3.029742002,1.960649490,-1.031043053,-1.408024788,-0.027420998,0.690876961,0.026653290,-0.020812988,0.091249466,0.122863770,-0.098697662,-0.026687622,-0.016616821,1.960649490,-1.031426430,-1.408408165,-0.027420998,0.690876961,0.026653290,0.000042073,17.502464294,-3.760078907,-1.229429722,0.307914615,0.000753228,0.007003784,17.555503845,-3.827497482,-1.288455963,0.324925423,0.005340576,0.000042073,17.502464294,-3.760078907,-1.229429722,0.307914615,0.000753228,0.000000000,0.000000000,0.000000000,0.000000000,0.000000000,0.000000000,0.000000000,0.000000000,0.000000000,0.000000000,0.000000000,0.000000000,0.000000000,0.000000000,0.000000000,0.000000000,0.000000000,0.000000000,0.006961711,0.053039551,-0.067418575,-0.059026241,0.017010808,0.004587349,0.007616793,0.053921666,0.005736133,-0.004384267,0.016728767,0.006188237
3.039742708,1.960649490,-1.031043053,-1.408408165,-0.027420998,0.690876961,0.026653290,-0.044982910,0.019836426,-0.032897949,0.110778809,0.015609741,-0.063949585,1.960649490,-1.031043053,-1.408408165,-0.027420998,0.690876961,0.026653290,0.000042073,17.502519608,-3.763075590,-1.229900360,0.308190405,0.000753970,0.005966187,17.507896423,-3.838911057,-1.318028450,0.370213509,0.009185791,0.000042073,17.502519608,-3.763075590,-1.229900360,0.308190405,0.000753970,0.000000000,0.000000000,0.000000000,0.000000000,0.000000000,0.000000000,0.000000000,0.000000000,0.000000000,0.000000000,0.000000000,0.000000000,0.000000000,0.000000000,0.000000000,0.000000000,0.000000000,0.000000000,0.005924113,0.005376816,-0.075835466,-0.088128090,0.062023103,0.008431821,0.006579196,0.006258931,-0.002680758,-0.033486116,0.061741062,0.010032709
3.049808025,1.960649490,-1.031426430,-1.408408165,-0.027420998,0.690876961,0.026653290,0.194034576,0.011291504,0.055725098,0.101379395,-0.042800903,0.031723022,1.960649490,-1.031426430,-1.408408165,-0.027420998,0.690493584,0.026653290,0.000042072,17.502201080,-3.759830713,-1.229153872,0.308012217,0.000753487,0.003372192,17.524375916,-3.852399826,-1.291568756,0.297154427,-0.003204346,0.000042072,17.502201080,-3.759830713,-1.229153872,0.308012217,0.000753487,0.000000000,0.000000000,0.000000000,0.000000000,0.000000000,0.000000000,0.000000000,0.000000000,0.000000000,0.000000000,0.000000000,0.000000000,0.000000000,0.000000000,0.000000000,0.000000000,0.000000000,0.000000000,0.003330120,0.022174835,-0.092569113,-0.062414885,-0.010857791,-0.003957832,0.003985203,0.023056951,-0.019414405,-0.007772911,-0.011139832,-0.002356944
3.059713125,1.960649490,-1.031043053,-1.408408165,-0.027420998,0.690876961,0.026653290,0.110778809,-0.061952591,-0.134952545,-0.132266998,0.040786743,0.017623901,1.960649490,-1.031043053,-1.408408165,-0.027420998,0.690493584,0.026653290,0.000042072,17.502258301,-3.762827396,-1.229624629,0.308288097,0.000754230,0.004409790,17.471275330,-3.839948654,-1.292087555,0.291172981,-0.001922607,0.000042072,17.502258301,-3.762827396,-1.229624629,0.308288097,0.000754230,0.000000000,0.000000000,0.000000000,0.000000000,0.000000000,0.000000000,0.000000000,0.000000000,0.000000000,0.000000000,0.000000000,0.000000000,0.000000000,0.000000000,0.000000000,0.000000000,0.000000000,0.000000000,0.004367718,-0.030982971,-0.077121258,-0.062462926,-0.017115116,-0.002676837,0.005022800,-0.030100856,-0.003966550,-0.007820952,-0.017397157,-0.001075949
3.069741011,1.960649490,-1.031043053,-1.408024788,-0.027420998,0.690493584,0.026653290,0.000671387,-0.049745560,0.173892975,0.073181152,0.030715942,0.012588501,1.960649490,-1.031426430,-1.408408165,-0.027420998,0.690876961,0.026653290,0.000042073,17.502464294,-3.760078907,-1.229429722,0.307914615,0.000753228,-0.008560181,17.498741150,-3.825422287,-1.285861969,0.302281380,0.009613037,0.000042073,17.502464294,-3.760078907,-1.229429722,0.307914615,0.000753228,0.000000000,0.000000000,0.000000000,0.000000000,0.000000000,0.000000000,0.000000000,0.000000000,0.000000000,0.000000000,0.000000000,0.000000000,0.000000000,0.000000000,0.000000000,0.000000000,0.000000000,0.000000000,-0.008602254,-0.003723145,-0.065343380,-0.056432247,-0.005633235,0.008859809,-0.007947171,-0.002841029,0.007811328,-0.001790273,-0.005915276,0.010460698
3.079810143,1.960649490,-1.031043053,-1.408408165,-0.027420998,0.690493584,0.026653290,-0.011413574,0.063171387,-0.050354004,-0.057067871,-0.019638062,-0.028701782,1.960649490,-1.031043053,-1.408408165,-0.027420998,0.690493584,0.026653290,0.000042072,17.502258301,-3.762827396,-1.229624629,0.308288097,0.000754230,-0.001296997,17.506065369,-3.858625412,-1.288974762,0.307835579,-0.018157959,0.000042072,17.502258301,-3.762827396,-1.229624629,0.308288097,0.000754230,0.000000000,0.000000000,0.000000000,0.000000000,0.000000000,0.000000000,0.000000000,0.000000000,0.000000000,0.000000000,0.000000000,0.000000000,0.000000000,0.000000000,0.000000000,0.000000000,0.000000000,0.000000000,-0.001339069,0.003807068,-0.095798016,-0.059350133,-0.000452518,-0.018912189,-0.000683987,0.004689183,-0.022643308,-0.004708159,-0.000734560,-0.017311300
3.089742899,1.960649490,-1.031043053,-1.408408165,-0.027420998,0.690876961,0.026653290,-0.012756348,0.155336380,0.016784668,-0.039611816,0.005538940,0.017623901,1.960649490,-1.031043053,-1.408408165,-0.027420998,0.690493584,0.026653290,0.000042072,17.502258301,-3.762827396,-1.229624629,0.308288097,0.000754230,-0.012191772,17.526206970,-3.871076584,-1.290531158,0.293309212,-0.001068115,0.000042072,17.502258301,-3.762827396,-1.229624629,0.308288097,0.000754230,0.000000000,0.000000000,0.000000000,0.000000000,0.000000000,0.000000000,0.000000000,0.000000000,0.000000000,0.000000000,0.000000000,0.000000000,0.000000000,0.000000000,0.000000000,0.000000000,0.000000000,0.000000000,-0.012233845,0.023948669,-0.108249187,-0.060906529,-0.014978886,-0.001822345,-0.011578762,0.024830785,-0.035094479,-0.006264556,-0.015260927,-0.000221456
3.099710464,1.960649490,-1.031043053,-1.408408165,-0.027420998,0.690876961,0.026653290,0.079895020,0.108949661,0.047668457,0.138977051,0.004531860,0.064956665,1.960649490,-1.031426430,-1.408408165,-0.027420998,0.690493584,0.026653290,0.000042072,17.502201080,-3.759830713,-1.229153872,0.308012217,0.000753487,-0.000778198,17.484092712,-3.847730637,-1.289493561,0.306981087,-0.002777100,0.000042072,17.502201080,-3.759830713,-1.229153872,0.308012217,0.000753487,0.000000000,0.000000000,0.000000000,0.000000000,0.000000000,0.000000000,0.000000000,0.000000000,0.000000000,0.000000000,0.000000000,0.000000000,0.000000000,0.000000000,0.000000000,0.000000000,0.000000000,0.000000000,-0.000820270,-0.018108368,-0.087899923,-0.060339689,-0.001031131,-0.003530586,-0.000165188,-0.017226252,-0.014745215,-0.005697715,-0.001313172,-0.001929698
3.109709978,1.960649490,-1.031426430,-1.408408165,-0.027420998,0.690876961,0.026653290,0.026184082,-0.050966263,0.046325684,-0.183292389,0.016616821,0.012588501,1.960649490,-1.031043053,-1.408408165,-0.027420998,0.690493584,0.026653290,0.000042072,17.502258301,-3.762827396,-1.229624629,0.308288097,0.000754230,-0.011672974,17.515220642,-3.833204269,-1.278598785,0.294163704,-0.010040283,0.000042072,17.502258301,-3.762827396,-1.229624629,0.308288097,0.000754230,0.000000000,0.000000000,0.000000000,0.000000000,0.000000000,0.000000000,0.000000000,0.000000000,0.000000000,0.000000000,0.000000000,0.000000000,0.000000000,0.000000000,0.000000000,0.000000000,0.000000000,0.000000000,-0.011715046,0.012962341,-0.070376873,-0.048974156,-0.014124393,-0.010794513,-0.011059964,0.013844457,0.002777835,0.005667818,-0.014406435,-0.009193624
3.119712591,1.960649490,-1.031043053,-1.408408165,-0.027420998,0.690876961,0.026653290,0.038269043,-0.034484863,0.121520996,0.003356934,-0.004531860,-0.007553101,1.960649490,-1.031426430,-1.408408165,-0.027420998,0.690876961,0.026653290,0.000042073,17.502464294,-3.760078907,-1.229429722,0.307914615,0.000753228,-0.009078979,17.484092712,-3.840467453,-1.281192780,0.359959602,0.003204346,0.000042073,17.502464294,-3.760078907,-1.229429722,0.307914615,0.000753228,0.000000000,0.000000000,0.000000000,0.000000000,0.000000000,0.000000000,0.000000000,0.000000000,0.000000000,0.000000000,0.000000000,0.000000000,0.000000000,0.000000000,0.000000000,0.000000000,0.000000000,0.000000000,-0.009121052,-0.018371582,-0.080388546,-0.051763058,0.052044988,0.002451118,-0.008465970,-0.017489467,-0.007233838,0.002878916,0.051762947,0.004052007
3.129740715,1.960649490,-1.031426430,-1.408408165,-0.027420998,0.690876961,0.026653290,0.232975006,-0.081483841,0.057067871,-0.177921295,-0.005538940,0.038772583,1.960649490,-1.031043053,-1.408408165,-0.027420998,0.690493584,0.026653290,0.000042072,17.502258301,-3.762827396,-1.229624629,0.308288097,0.000754230,0.009078979,17.487754822,-3.827497482,-1.286380768,0.313817024,-0.021575928,0.000042072,17.502258301,-3.762827396,-1.229624629,0.308288097,0.000754230,0.000000000,0.000000000,0.000000000,0.000000000,0.000000000,0.000000000,0.000000000,0.000000000,0.000000000,0.000000000,0.000000000,0.000000000,0.000000000,0.000000000,0.000000000,0.000000000,0.000000000,0.000000000,0.009036907,-0.014503479,-0.064670086,-0.056756139,0.005528927,-0.022330157,0.009691989,-0.013621363,0.008484622,-0.002114165,0.005246886,-0.020729269
3.139709949,1.960649490,-1.031043053,-1.408408165,-0.027420998,0.690876961,0.026653290,0.014099121,0.014953613,0.163146973,-0.062438965,0.040786743,-0.007553101,1.960649490,-1.031043053,-1.408408165,-0.027420998,0.690876961,0.026653290,0.000042073,17.502519608,-3.763075590,-1.229900360,0.308190405,0.000753970,0.002853394,17.509727478,-3.851362228,-1.270298004,0.334324837,-0.001922607,0.000042073,17.502519608,-3.763075590,-1.229900360,0.308190405,0.000753970,0.000000000,0.000000000,0.000000000,0.000000000,0.000000000,0.000000000,0.000000000,0.000000000,0.000000000,0.000000000,0.000000000,0.000000000,0.000000000,0.000000000,0.000000000,0.000000000,0.000000000,0.000000000,0.002811320,0.007207870,-0.088286638,-0.040397644,0.026134431,-0.002676578,0.003466403,0.008089986,-0.015131930,0.014244330,0.025852390,-0.001075689
3.149705648,1.960649490,-1.031043053,-1.408408165,-0.027420998,0.690493584,0.026653290,0.019470215,0.014953613,0.089294434,0.011413574,0.002517700,0.017623901,1.960649490,-1.031426430,-1.408024788,-0.027420998,0.690876961,0.026653290,0.000042065,17.499300003,-3.757081747,-1.228958964,0.307638764,0.000752485,0.013229370,17.502403259,-3.831647873,-1.274448395,0.310399055,0.002777100,0.000042065,17.499300003,-3.757081747,-1.228958964,0.307638764,0.000752485,0.000000000,0.000000000,0.000000000,0.000000000,0.000000000,0.000000000,0.000000000,0.000000000,0.000000000,0.000000000,0.000000000,0.000000000,0.000000000,0.000000000,0.000000000,0.000000000,0.000000000,0.000000000,0.013187305,0.003103256,-0.074566126,-0.045489430,0.002760291,0.002024615,0.013842387,0.003985372,-0.001411418,0.009152543,0.002478250,0.003625503
3.159897089,1.960649490,-1.031043053,-1.408408165,-0.027420998,0.690876961,0.026653290,0.109436035,0.243228912,0.073181152,0.078552246,0.004531860,-0.024673462,1.960649490,-1.031426430,-1.408408165,-0.027420998,0.690876961,0.026653290,0.000042073,17.502464294,-3.760078907,-1.229429722,0.307914615,0.000753228,0.011672974,17.491416931,-3.833723068,-1.297795296,0.301426888,-0.004058838,0.000042073,17.502464294,-3.760078907,-1.229429722,0.307914615,0.000753228,0.000000000,0.000000000,0.000000000,0.000000000,0.000000000,0.000000000,0.000000000,0.000000000,0.000000000,0.000000000,0.000000000,0.000000000,0.000000000,0.000000000,0.000000000,0.000000000,0.000000000,0.000000000,0.011630901,-0.011047363,-0.073644161,-0.068365574,-0.006487727,-0.004812066,0.012285983,-0.010165248,-0.000489453,-0.013723600,-0.006769768,-0.003211177
3.169746399,1.960649490,-1.031426430,-1.408408165,-0.027420998,0.690493584,0.026653290,-0.030212402,-0.057069778,0.059753418,0.004699707,-0.015609741,-0.018630981,1.960649490,-1.031043053,-1.408408165,-0.027420998,0.690876961,0.026653290,0.000042073,17.502519608,-3.763075590,-1.229900360,0.308190405,0.000753970,0.005966187,17.491416931,-3.901167870,-1.302983284,0.307835579,0.006622314,0.000042073,17.502519608,-3.763075590,-1.229900360,0.308190405,0.000753970,0.000000000,0.000000000,0.000000000,0.000000000,0.000000000,0.000000000,0.000000000,0.000000000,0.000000000,0.000000000,0.000000000,0.000000000,0.000000000,0.000000000,0.000000000,0.000000000,0.000000000,0.000000000,0.005924113,-0.011102676,-0.138092279,-0.073082924,-0.000354826,0.005868344,0.006579196,-0.010220561,-0.064937571,-0.018440950,-0.000636868,0.007469233
3.179741144,1.960649490,-1.031426430,-1.408408165,-0.027420998,0.690876961,0.026653290,0.160461426,-0.052186966,-0.058410645,-0.093326569,0.050857544,-0.021652222,1.960649490,-1.031426430,-1.408024788,-0.027420998,0.690876961,0.026653290,0.000042065,17.499300003,-3.757081747,-1.228958964,0.307638764,0.000752485,0.008560181,17.509727478,-3.847211838,-1.283786774,0.314671516,0.011749268,0.000042065,17.499300003,-3.757081747,-1.228958964,0.307638764,0.000752485,0.000000000,0.000000000,0.000000000,0.000000000,0.000000000,0.000000000,0.000000000,0.000000000,0.000000000,0.000000000,0.000000000,0.000000000,0.000000000,0.000000000,0.000000000,0.000000000,0.000000000,0.000000000,0.008518116,0.010427475,-0.090130091,-0.054827809,0.007032752,0.010996783,0.009173198,0.011309591,-0.016975383,-0.000185835,0.006750711,0.012597671
3.189739227,1.960649490,-1.031043053,-1.408408165,-0.027420998,0.690876961,0.026653290,0.085266113,0.077819824,-0.108097076,0.046325684,-0.006546021,-0.046829224,1.960649490,-1.031043053,-1.408408165,-0.027420998,0.690876961,0.026653290,0.000042073,17.502519608,-3.763075590,-1.229900360,0.308190405,0.000753970,0.014266968,17.489585876,-3.838911057,-1.278598785,0.366368294,0.004058838,0.000042073,17.502519608,-3.763075590,-1.229900360,0.308190405,0.000753970,0.000000000,0.000000000,0.000000000,0.000000000,0.000000000,0.000000000,0.000000000,0.000000000,0.000000000,0.000000000,0.000000000,0.000000000,0.000000000,0.000000000,0.000000000,0.000000000,0.000000000,0.000000000,0.014224895,-0.012933731,-0.075835466,-0.048698425,0.058177888,0.003304868,0.014879977,-0.012051616,-0.002680758,0.005943549,0.057895847,0.004905756
3.199708700,1.960649490,-1.031043053,-1.408408165,-0.027420998,0.690876961,0.026653290,-0.044982910,0.085145950,0.044982910,0.109436035,0.017623901,0.032730103,1.960649490,-1.031043053,-1.408408165,-0.027420998,0.690493584,0.026653290,0.000042072,17.502258301,-3.762827396,-1.229624629,0.308288097,0.000754230,-0.012191772,17.454795837,-3.836317062,-1.280673981,0.328770638,-0.007476807,0.000042072,17.502258301,-3.762827396,-1.229624629,0.308288097,0.000754230,0.000000000,0.000000000,0.000000000,0.000000000,0.000000000,0.000000000,0.000000000,0.000000000,0.000000000,0.000000000,0.000000000,0.000000000,0.000000000,0.000000000,0.000000000,0.000000000,0.000000000,0.000000000,-0.012233845,-0.047462463,-0.073489666,-0.051049352,0.020482540,-0.008231036,-0.011578762,-0.046580348,-0.000334958,0.003592622,0.020200499,-0.006630148
3.209728956,1.960649490,-1.031043053,-1.408408165,-0.027420998,0.690493584,0.026653290,-0.035583496,-0.039979935,0.031555176,0.040954590,-0.001510620,0.001510620,1.960649490,-1.031426430,-1.408408165,-0.027420998,0.690493584,0.026653290,0.000042072,17.502201080,-3.759830713,-1.229153872,0.308012217,0.000753487,0.012710571,17.515220642,-3.833723068,-1.274967194,0.336461067,0.012176514,0.000042072,17.502201080,-3.759830713,-1.229153872,0.308012217,0.000753487,0.000000000,0.000000000,0.000000000,0.000000000,0.000000000,0.000000000,0.000000000,0.000000000,0.000000000,0.000000000,0.000000000,0.000000000,0.000000000,0.000000000,0.000000000,0.000000000,0.000000000,0.000000000,0.012668499,0.013019562,-0.073892355,-0.045813322,0.028448850,0.011423027,0.013323581,0.013901677,-0.000737647,0.008828652,0.028166809,0.013023915
3.219741344,1.960649490,-1.031043053,-1.408408165,-0.027420998,0.690493584,0.026653290,0.024841309,-0.039369583,-0.118839264,0.011413574,-0.040786743,-0.001510620,1.960649490,-1.031043053,-1.408408165,-0.027420998,0.690493584,0.026653290,0.000042072,17.502258301,-3.762827396,-1.229624629,0.308288097,0.000754230,0.009597778,17.522544861,-3.820753098,-1.286380768,0.339451790,0.006195068,0.000042072,17.502258301,-3.762827396,-1.229624629,0.308288097,0.000754230,0.000000000,0.000000000,0.000000000,0.000000000,0.000000000,0.000000000,0.000000000,0.000000000,0.000000000,0.000000000,0.000000000,0.000000000,0.000000000,0.000000000,0.000000000,0.000000000,0.000000000,0.000000000,0.009555706,0.020286560,-0.057925701,-0.056756139,0.031163692,0.005440839,0.010210788,0.021168676,0.015229007,-0.002114165,0.030881651,0.007041727
3.229709148,1.960649490,-1.031043053,-1.408408165,-0.027420998,0.690876961,0.026653290,-0.018127441,-0.033874512,0.018127441,0.081237793,-0.023666382,0.057907104,1.960649490,-1.031426430,-1.408408165,-0.027420998,0.690876961,0.026653290,0.000042073,17.502464294,-3.760078907,-1.229429722,0.307914615,0.000753228,0.007522583,17.495079041,-3.817639351,-1.286380768,0.345005989,-0.009613037,0.000042073,17.502464294,-3.760078907,-1.229429722,0.307914615,0.000753228,0.000000000,0.000000000,0.000000000,0.000000000,0.000000000,0.000000000,0.000000000,0.000000000,0.000000000,0.000000000,0.000000000,0.000000000,0.000000000,0.000000000,0.000000000,0.000000000,0.000000000,0.000000000,0.007480510,-0.007385254,-0.057560444,-0.056951046,0.037091374,-0.010366265,0.008135592,-0.006503138,0.015594264,-0.002309072,0.036809333,-0.008765376
3.239709139,1.960649490,-1.031043053,-1.408408165,-0.027420998,0.690493584,0.026653290,-0.113468170,0.021057129,-0.007385254,-0.124210358,-0.035751343,0.018630981,1.960649490,-1.031043053,-1.408408165,-0.027420998,0.690876961,0.026653290,0.000042073,17.502519608,-3.763075590,-1.229900360,0.308190405,0.000753970,-0.009078979,17.524375916,-3.823347092,-1.300389290,0.286473274,-0.019866943,0.000042073,17.502519608,-3.763075590,-1.229900360,0.308190405,0.000753970,0.000000000,0.000000000,0.000000000,0.000000000,0.000000000,0.000000000,0.000000000,0.000000000,0.000000000,0.000000000,0.000000000,0.000000000,0.000000000,0.000000000,0.000000000,0.000000000,0.000000000,0.000000000,-0.009121053,0.021856308,-0.060271502,-0.070488930,-0.021717131,-0.020620914,-0.008465970,0.022738424,0.012883207,-0.015846956,-0.021999172,-0.019020025
3.249747992,1.960649490,-1.031043053,-1.408408165,-0.027420998,0.690876961,0.026653290,-0.071838379,-0.038146973,-0.040954590,0.124206543,-0.001510620,0.026687622,1.960649490,-1.031043053,-1.408408165,-0.027420998,0.690876961,0.026653290,0.000042073,17.502519608,-3.763075590,-1.229900360,0.308190405,0.000753970,-0.011672974,17.504234314,-3.870038986,-1.286899567,0.280064583,-0.001068115,0.000042073,17.502519608,-3.763075590,-1.229900360,0.308190405,0.000753970,0.000000000,0.000000000,0.000000000,0.000000000,0.000000000,0.000000000,0.000000000,0.000000000,0.000000000,0.000000000,0.000000000,0.000000000,0.000000000,0.000000000,0.000000000,0.000000000,0.000000000,0.000000000,-0.011715047,0.001714706,-0.106963396,-0.056999207,-0.028125823,-0.001822086,-0.011059965,0.002596822,-0.033808688,-0.002357233,-0.028407864,-0.000221197
3.259709835,1.960649490,-1.031043053,-1.408024788,-0.027420998,0.690493584,0.026653290,-0.062438965,0.143739700,0.137634277,0.071838379,-0.008560181,-0.017623901,1.960649490,-1.031043053,-1.408408165,-0.027420998,0.690493584,0.026653290,0.000042072,17.502258301,-3.762827396,-1.229624629,0.308288097,0.000754230,-0.016860962,17.522544861,-3.834760666,-1.352787971,0.266391754,0.022003174,0.000042072,17.502258301,-3.762827396,-1.229624629,0.308288097,0.000754230,0.000000000,0.000000000,0.000000000,0.000000000,0.000000000,0.000000000,0.000000000,0.000000000,0.000000000,0.000000000,0.000000000,0.000000000,0.000000000,0.000000000,0.000000000,0.000000000,0.000000000,0.000000000,-0.016903034,0.020286560,-0.071933270,-0.123163342,-0.041896343,0.021248944,-0.016247952,0.021168676,0.001221439,-0.068521369,-0.042178384,0.022849833
3.269742489,1.960649490,-1.031426430,-1.408408165,-0.027420998,0.690876961,0.026653290,0.007385254,-0.070497513,0.044982910,0.163146973,0.050857544,0.016616821,1.960649490,-1.031043053,-1.408408165,-0.027420998,0.690876961,0.026653290,0.000042073,17.502519608,-3.763075590,-1.229900360,0.308190405,0.000753970,0.000259399,17.493247986,-3.837354660,-1.309727669,0.315953255,-0.005767822,0.000042073,17.502519608,-3.763075590,-1.229900360,0.308190405,0.000753970,0.000000000,0.000000000,0.000000000,0.000000000,0.000000000,0.000000000,0.000000000,0.000000000,0.000000000,0.000000000,0.000000000,0.000000000,0.000000000,0.000000000,0.000000000,0.000000000,0.000000000,0.000000000,0.000217326,-0.009271622,-0.074279070,-0.079827309,0.007762849,-0.006521793,0.000872408,-0.008389506,-0.001124362,-0.025185335,0.007480808,-0.004920904
3.279714108,1.960649490,-1.031043053,-1.408408165,-0.027420998,0.690493584,0.026653290,0.042297363,-0.053407669,-0.065124512,0.151062012,-0.045822144,-0.059921265,1.960649490,-1.031426430,-1.408408165,-0.027420998,0.690876961,0.026653290,0.000042073,17.502464294,-3.760078907,-1.229429722,0.307914615,0.000753228,0.003372192,17.484092712,-3.827497482,-1.283786774,0.301854134,-0.014739990,0.000042073,17.502464294,-3.760078907,-1.229429722,0.307914615,0.000753228,0.000000000,0.000000000,0.000000000,0.000000000,0.000000000,0.000000000,0.000000000,0.000000000,0.000000000,0.000000000,0.000000000,0.000000000,0.000000000,0.000000000,0.000000000,0.000000000,0.000000000,0.000000000,0.003330119,-0.018371582,-0.067418575,-0.054357052,-0.006060481,-0.015493218,0.003985202,-0.017489467,0.005736133,0.000284922,-0.006342522,-0.013892329
3.289756060,1.960649490,-1.031043053,-1.408408165,-0.027420998,0.690876961,0.026653290,-0.122867584,-0.035705566,0.027526855,0.102722168,0.034744263,-0.020645142,1.960649490,-1.031043053,-1.408408165,-0.027420998,0.690493584,0.026653290,0.000042072,17.502258301,-3.762827396,-1.229624629,0.308288097,0.000754230,-0.000259399,17.498741150,-3.845136642,-1.259922028,0.305272102,-0.003204346,0.000042072,17.502258301,-3.762827396,-1.229624629,0.308288097,0.000754230,0.000000000,0.000000000,0.000000000,0.000000000,0.000000000,0.000000000,0.000000000,0.000000000,0.000000000,0.000000000,0.000000000,0.000000000,0.000000000,0.000000000,0.000000000,0.000000000,0.000000000,0.000000000,-0.000301472,-0.003517151,-0.082309246,-0.030297399,-0.003015995,-0.003958575,0.000353611,-0.002635035,-0.009154538,0.024344575,-0.003298036,-0.002357687
3.299711227,1.960649490,-1.031043053,-1.408408165,-0.027420998,0.690493584,0.026653290,0.006042480,0.073547363,0.118835449,0.109436035,-0.090137482,0.089126587,1.960649490,-1.031043053,-1.408408165,-0.027420998,0.690493584,0.026653290,0.000042072,17.502258301,-3.762827396,-1.229624629,0.308288097,0.000754230,0.005966187,17.502403259,-3.782361031,-1.281192780,0.329197884,-0.009185791,0.000042072,17.502258301,-3.762827396,-1.229624629,0.308288097,0.000754230,0.000000000,0.000000000,0.000000000,0.000000000,0.000000000,0.000000000,0.000000000,0.000000000,0.000000000,0.000000000,0.000000000,0.000000000,0.000000000,0.000000000,0.000000000,0.000000000,0.000000000,0.000000000,0.005924114,0.000144958,-0.019533634,-0.051568151,0.020909786,-0.009940021,0.006579197,0.001027074,0.053621074,0.003073823,0.020627745,-0.008339132
3.309714794,1.960649490,-1.031426430,-1.408408165,-0.027420998,0.690876961,0.026653290,-0.044982910,-0.035705566,0.039611816,0.010070801,-0.004531860,0.037765503,1.960649490,-1.031043053,-1.408408165,-0.027420998,0.690493584,0.026653290,0.000042072,17.502258301,-3.762827396,-1.229624629,0.308288097,0.000754230,0.012710571,17.482261658,-3.838911057,-1.285861969,0.329625130,0.000640869,0.000042072,17.502258301,-3.762827396,-1.229624629,0.308288097,0.000754230,0.000000000,0.000000000,0.000000000,0.000000000,0.000000000,0.000000000,0.000000000,0.000000000,0.000000000,0.000000000,0.000000000,0.000000000,0.000000000,0.000000000,0.000000000,0.000000000,0.000000000,0.000000000,0.012668499,-0.019996643,-0.076083660,-0.056237340,0.021337032,-0.000113361,0.013323581,-0.019114528,-0.002928952,-0.001595366,0.021054991,0.001487528
3.319706678,1.960649490,-1.031043053,-1.408408165,-0.027420998,0.690876961,0.026653290,0.016784668,0.021667480,0.049011230,0.116149902,-0.028701782,-0.010574341,1.960649490,-1.031043053,-1.408408165,-0.027420998,0.690493584,0.026653290,0.000042072,17.502258301,-3.762827396,-1.229624629,0.308288097,0.000754230,0.014785767,17.517051697,-3.821790695,-1.253177643,0.302708626,0.000640869,0.000042072,17.502258301,-3.762827396,-1.229624629,0.308288097,0.000754230,0.000000000,0.000000000,0.000000000,0.000000000,0.000000000,0.000000000,0.000000000,0.000000000,0.000000000,0.000000000,0.000000000,0.000000000,0.000000000,0.000000000,0.000000000,0.000000000,0.000000000,0.000000000,0.014743694,0.014793396,-0.058963299,-0.023553014,-0.005579472,-0.000113361,0.015398777,0.015675512,0.014191409,0.031088960,-0.005861513,0.001487528
3.329744101,1.960649490,-1.031043053,-1.408408165,-0.027420998,0.690493584,0.026653290,-0.137638092,-0.012512207,0.098693848,-0.006042480,0.004531860,0.006546021,1.960649490,-1.031043053,-1.408408165,-0.027420998,0.690493584,0.026653290,0.000042072,17.502258301,-3.762827396,-1.229624629,0.308288097,0.000754230,-0.014785767,17.509727478,-3.814007759,-1.282749176,0.290318489,0.004486084,0.000042072,17.502258301,-3.762827396,-1.229624629,0.308288097,0.000754230,0.000000000,0.000000000,0.000000000,0.000000000,0.000000000,0.000000000,0.000000000,0.000000000,0.000000000,0.000000000,0.000000000,0.000000000,0.000000000,0.000000000,0.000000000,0.000000000,0.000000000,0.000000000,-0.014827839,0.007469177,-0.051180363,-0.053124547,-0.017969608,0.003731854,-0.014172757,0.008351293,0.021974345,0.001517427,-0.018251649,0.005332743
3.339744329,1.960649490,-1.031043053,-1.408408165,-0.027420998,0.690876961,0.026653290,0.000671387,0.030822754,-0.141666412,-0.160465240,0.013595581,-0.021652222,1.960649490,-1.031043053,-1.408408165,-0.027420998,0.690876961,0.026653290,0.000042073,17.502519608,-3.763075590,-1.229900360,0.308190405,0.000753970,0.002334595,17.529869080,-3.795849800,-1.364202499,0.306981087,0.001068115,0.000042073,17.502519608,-3.763075590,-1.229900360,0.308190405,0.000753970,0.000000000,0.000000000,0.000000000,0.000000000,0.000000000,0.000000000,0.000000000,0.000000000,0.000000000,0.000000000,0.000000000,0.000000000,0.000000000,0.000000000,0.000000000,0.000000000,0.000000000,0.000000000,0.002292522,0.027349472,-0.032774210,-0.134302139,-0.001209319,0.000314145,0.002947604,0.028231588,0.040380498,-0.079660165,-0.001491360,0.001915033
3.349711418,1.960649490,-1.031043053,-1.408408165,-0.027420998,0.690876961,0.026653290,0.082580566,0.054626465,-0.035583496,-0.108097076,-0.013595581,0.006546021,1.960649490,-1.031426430,-1.408024788,-0.027037621,0.690493584,0.026653290,0.000042063,17.498590469,-3.756409407,-1.228211999,0.307460308,0.000752000,0.013229370,17.540855408,-3.851362228,-1.307652473,0.321507454,-0.004913330,0.000042063,17.498590469,-3.756409407,-1.228211999,0.307460308,0.000752000,0.000000000,0.000000000,0.000000000,0.000000000,0.000000000,0.000000000,0.000000000,0.000000000,0.000000000,0.000000000,0.000000000,0.000000000,0.000000000,0.000000000,0.000000000,0.000000000,0.000000000,0.000000000,0.013187307,0.042264938,-0.094952822,-0.079440475,0.014047146,-0.005665331,0.013842390,0.043147054,-0.021798114,-0.024798501,0.013765105,-0.004064442
3.359711170,1.960649490,-1.031426430,-1.408024788,-0.027420998,0.690493584,0.026653290,0.026184082,0.041198730,0.091979980,-0.003356934,0.002517700,0.000503540,1.960649490,-1.031043053,-1.408024788,-0.027420998,0.690493584,0.026653290,0.000042064,17.499094009,-3.759830713,-1.229153872,0.308012217,0.000753487,0.005447388,17.498741150,-3.818677902,-1.280155182,0.297581673,-0.004913330,0.000042064,17.499094009,-3.759830713,-1.229153872,0.308012217,0.000753487,0.000000000,0.000000000,0.000000000,0.000000000,0.000000000,0.000000000,0.000000000,0.000000000,0.000000000,0.000000000,0.000000000,0.000000000,0.000000000,0.000000000,0.000000000,0.000000000,0.000000000,0.000000000,0.005405324,-0.000352859,-0.058847189,-0.051001310,-0.010430545,-0.005666817,0.006060406,0.000529256,0.014307519,0.003640664,-0.010712586,-0.004065928
3.369709253,1.960649490,-1.031043053,-1.408408165,-0.027420998,0.690876961,0.026653290,-0.036926270,-0.039979935,-0.074523926,-0.149723053,0.033737183,0.039779663,1.960649490,-1.031043053,-1.408408165,-0.027420998,0.690493584,0.026653290,0.000042072,17.502258301,-3.762827396,-1.229624629,0.308288097,0.000754230,0.008041382,17.518882751,-3.857069016,-1.291568756,0.312108040,-0.011322021,0.000042072,17.502258301,-3.762827396,-1.229624629,0.308288097,0.000754230,0.000000000,0.000000000,0.000000000,0.000000000,0.000000000,0.000000000,0.000000000,0.000000000,0.000000000,0.000000000,0.000000000,0.000000000,0.000000000,0.000000000,0.000000000,0.000000000,0.000000000,0.000000000,0.007999310,0.016624451,-0.094241619,-0.061944127,0.003819942,-0.012076251,0.008654392,0.017506566,-0.021086911,-0.007302153,0.003537901,-0.010475363
3.379742384,1.960649490,-1.031043053,-1.408408165,-0.027420998,0.690493584,0.026653290,0.019470215,-0.016174316,0.090637207,-0.049011230,-0.024673462,0.015609741,1.960649490,-1.031426430,-1.408408165,-0.027420998,0.690493584,0.026653290,0.000042072,17.502201080,-3.759830713,-1.229153872,0.308012217,0.000753487,0.010635376,17.495079041,-3.835798264,-1.282230377,0.308262825,-0.004058838,0.000042072,17.502201080,-3.759830713,-1.229153872,0.308012217,0.000753487,0.000000000,0.000000000,0.000000000,0.000000000,0.000000000,0.000000000,0.000000000,0.000000000,0.000000000,0.000000000,0.000000000,0.000000000,0.000000000,0.000000000,0.000000000,0.000000000,0.000000000,0.000000000,0.010593304,-0.007122040,-0.075967550,-0.053076506,0.000250608,-0.004812325,0.011248386,-0.006239924,-0.002812842,0.001565468,-0.000031433,-0.003211436
3.389743805,1.960649490,-1.031043053,-1.408408165,-0.027420998,0.690493584,0.026653290,-0.044982910,0.011291504,-0.023498535,-0.031555176,0.045822144,0.029708862,1.960649490,-1.031426430,-1.408408165,-0.027420998,0.690876961,0.026653290,0.000042073,17.502464294,-3.760078907,-1.229429722,0.307914615,0.000753228,0.008041382,17.528038025,-3.852399826,-1.308690071,0.285191536,-0.004913330,0.000042073,17.502464294,-3.760078907,-1.229429722,0.307914615,0.000753228,0.000000000,0.000000000,0.000000000,0.000000000,0.000000000,0.000000000,0.000000000,0.000000000,0.000000000,0.000000000,0.000000000,0.000000000,0.000000000,0.000000000,0.000000000,0.000000000,0.000000000,0.000000000,0.007999309,0.025573730,-0.092320919,-0.079260349,-0.022723079,-0.005666558,0.008654391,0.026455846,-0.019166211,-0.024618375,-0.023005120,-0.004065669
3.399708748,1.960649490,-1.031426430,-1.408408165,-0.027420998,0.690493584,0.026653290,-0.018127441,0.013732910,-0.063781738,-0.148380280,-0.023666382,0.033737183,1.960649490,-1.031426430,-1.408408165,-0.027420998,0.690493584,0.026653290,0.000042072,17.502201080,-3.759830713,-1.229153872,0.308012217,0.000753487,-0.020492554,17.474937439,-3.857069016,-1.286380768,0.310826302,-0.005767822,0.000042072,17.502201080,-3.759830713,-1.229153872,0.308012217,0.000753487,0.000000000,0.000000000,0.000000000,0.000000000,0.000000000,0.000000000,0.000000000,0.000000000,0.000000000,0.000000000,0.000000000,0.000000000,0.000000000,0.000000000,0.000000000,0.000000000,0.000000000,0.000000000,-0.020534626,-0.027263641,-0.097238302,-0.057226896,0.002814084,-0.006521309,-0.019879544,-0.026381526,-0.024083594,-0.002584922,0.002532043,-0.004920420
3.409708977,1.960649490,-1.031043053,-1.408408165,-0.027420998,0.690876961,0.026653290,-0.065124512,0.130311966,-0.026184082,0.018127441,-0.033737183,-0.021652222,1.960649490,-1.031426430,-1.408408165,-0.027420998,0.690876961,0.026653290,0.000042073,17.502464294,-3.760078907,-1.229429722,0.307914615,0.000753228,-0.008041382,17.487754822,-3.816082954,-1.359013557,0.290745735,-0.001495361,0.000042073,17.502464294,-3.760078907,-1.229429722,0.307914615,0.000753228,0.000000000,0.000000000,0.000000000,0.000000000,0.000000000,0.000000000,0.000000000,0.000000000,0.000000000,0.000000000,0.000000000,0.000000000,0.000000000,0.000000000,0.000000000,0.000000000,0.000000000,0.000000000,-0.008083455,-0.014709473,-0.056004047,-0.129583836,-0.017168880,-0.002248589,-0.007428373,-0.013827357,0.017150661,-0.074941862,-0.017450921,-0.000647700
3.419709921,1.960649490,-1.031426430,-1.408408165,-0.027420998,0.690876961,0.026653290,-0.030212402,-0.027770996,0.022155762,-0.016784668,0.003524780,0.026687622,1.960649490,-1.031426430,-1.408408165,-0.027420998,0.690876961,0.026653290,0.000042073,17.502464294,-3.760078907,-1.229429722,0.307914615,0.000753228,-0.008560181,17.500572205,-3.872114182,-1.277561188,0.292881966,0.000213623,0.000042073,17.502464294,-3.760078907,-1.229429722,0.307914615,0.000753228,0.000000000,0.000000000,0.000000000,0.000000000,0.000000000,0.000000000,0.000000000,0.000000000,0.000000000,0.000000000,0.000000000,0.000000000,0.000000000,0.000000000,0.000000000,0.000000000,0.000000000,0.000000000,-0.008602254,-0.001892090,-0.112035275,-0.048131466,-0.015032649,-0.000539605,-0.007947171,-0.001009974,-0.038880566,0.006510508,-0.015314690,0.001061284
3.429717541,1.960649490,-1.031043053,-1.408408165,-0.027420998,0.690876961,0.026653290,-0.049011230,0.067443848,0.062438965,-0.036926270,0.055892944,0.017623901,1.960649490,-1.031426430,-1.408408165,-0.027420998,0.690493584,0.026653290,0.000042072,17.502201080,-3.759830713,-1.229153872,0.308012217,0.000753487,0.018417358,17.465782166,-3.825941086,-1.282749176,0.302281380,-0.004486084,0.000042072,17.502201080,-3.759830713,-1.229153872,0.308012217,0.000753487,0.000000000,0.000000000,0.000000000,0.000000000,0.000000000,0.000000000,0.000000000,0.000000000,0.000000000,0.000000000,0.000000000,0.000000000,0.000000000,0.000000000,0.000000000,0.000000000,0.000000000,0.000000000,0.018375286,-0.036418915,-0.066110373,-0.053595304,-0.005730838,-0.005239571,0.019030369,-0.035536799,0.007044336,0.001046669,-0.006012879,-0.003638682
3.439728260,1.960649490,-1.031043053,-1.408408165,-0.027420998,0.690876961,0.026653290,-0.083923340,0.077819824,-0.061096191,-0.104068756,0.078048706,0.007553101,1.960649490,-1.031426430,-1.408024788,-0.027420998,0.690876961,0.026653290,0.000042065,17.499300003,-3.757081747,-1.228958964,0.307638764,0.000752485,0.017898560,17.524375916,-3.829572678,-1.287418365,0.294590950,-0.004913330,0.000042065,17.499300003,-3.757081747,-1.228958964,0.307638764,0.000752485,0.000000000,0.000000000,0.000000000,0.000000000,0.000000000,0.000000000,0.000000000,0.000000000,0.000000000,0.000000000,0.000000000,0.000000000,0.000000000,0.000000000,0.000000000,0.000000000,0.000000000,0.000000000,0.017856495,0.025075912,-0.072490931,-0.058459401,-0.013047814,-0.005665815,0.018511577,0.025958028,0.000663777,-0.003817427,-0.013329856,-0.004064926
3.449743032,1.960649490,-1.031043053,-1.408408165,-0.027420998,0.690876961,0.026653290,0.105407715,0.039978027,-0.004699707,-0.094669342,0.033737183,-0.087116241,1.960649490,-1.031426430,-1.408408165,-0.027420998,0.690493584,0.026653290,0.000042072,17.502201080,-3.759830713,-1.229153872,0.308012217,0.000753487,0.010116577,17.502403259,-3.820753098,-1.241245270,0.294163704,-0.004058838,0.000042072,17.502201080,-3.759830713,-1.229153872,0.308012217,0.000753487,0.000000000,0.000000000,0.000000000,0.000000000,0.000000000,0.000000000,0.000000000,0.000000000,0.000000000,0.000000000,0.000000000,0.000000000,0.000000000,0.000000000,0.000000000,0.000000000,0.000000000,0.000000000,0.010074505,0.000202179,-0.060922384,-0.012091398,-0.013848513,-0.004812325,0.010729587,0.001084294,0.012232324,0.042550576,-0.014130555,-0.003211436
3.459740639,1.960649490,-1.031043053,-1.408408165,-0.027420998,0.690876961,0.026653290,0.078552246,0.061340332,-0.106754303,0.035583496,0.022659302,-0.005538940,1.960649490,-1.031043053,-1.408408165,-0.027420998,0.690876961,0.026653290,0.000042073,17.502519608,-3.763075590,-1.229900360,0.308190405,0.000753970,-0.007003784,17.528038025,-3.835279465,-1.293125153,0.304844856,0.002777100,0.000042073,17.502519608,-3.763075590,-1.229900360,0.308190405,0.000753970,0.000000000,0.000000000,0.000000000,0.000000000,0.000000000,0.000000000,0.000000000,0.000000000,0.000000000,0.000000000,0.000000000,0.000000000,0.000000000,0.000000000,0.000000000,0.000000000,0.000000000,0.000000000,-0.007045857,0.025518417,-0.072203875,-0.063224792,-0.003345549,0.002023129,-0.006390775,0.026400533,0.000950833,-0.008582819,-0.003627590,0.003624018
3.469707727,1.960649490,-1.031426430,-1.408408165,-0.027420998,0.690493584,0.026653290,0.121520996,-0.022888184,-0.051696777,-0.053039551,-0.009567261,0.023666382,1.960649490,-1.031043053,-1.408408165,-0.027420998,0.690876961,0.026653290,0.000042073,17.502519608,-3.763075590,-1.229900360,0.308190405,0.000753970,-0.003372192,17.504234314,-3.798443794,-1.285861969,0.312108040,0.010467529,0.000042073,17.502519608,-3.763075590,-1.229900360,0.308190405,0.000753970,0.000000000,0.000000000,0.000000000,0.000000000,0.000000000,0.000000000,0.000000000,0.000000000,0.000000000,0.000000000,0.000000000,0.000000000,0.000000000,0.000000000,0.000000000,0.000000000,0.000000000,0.000000000,-0.003414265,0.001714706,-0.035368204,-0.055961609,0.003917634,0.009713559,-0.002759183,0.002596822,0.037786504,-0.001319635,0.003635593,0.011314447
3.479706526,1.960649490,-1.031043053,-1.408408165,-0.027420998,0.690493584,0.026653290,-0.077209473,0.147401810,0.008728027,-0.036926270,-0.001510620,0.044815063,1.960649490,-1.031426430,-1.408408165,-0.027420998,0.690876961,0.026653290,0.000042073,17.502464294,-3.760078907,-1.229429722,0.307914615,0.000753228,-0.007003784,17.462120056,-3.821271896,-1.296757698,0.303135872,-0.002777100,0.000042073,17.502464294,-3.760078907,-1.229429722,0.307914615,0.000753228,0.000000000,0.000000000,0.000000000,0.000000000,0.000000000,0.000000000,0.000000000,0.000000000,0.000000000,0.000000000,0.000000000,0.000000000,0.000000000,0.000000000,0.000000000,0.000000000,0.000000000,0.000000000,-0.007045857,-0.040344238,-0.061192989,-0.067327976,-0.004778743,-0.003530327,-0.006390775,-0.039462123,0.011961719,-0.012686002,-0.005060784,-0.001929439
3.489739418,1.960649490,-1.031043053,-1.408408165,-0.027420998,0.690876961,0.026653290,0.098693848,0.149232864,-0.082580566,-0.066467285,0.004531860,-0.059921265,1.960649490,-1.031043053,-1.408408165,-0.027420998,0.690876961,0.026653290,0.000042073,17.502519608,-3.763075590,-1.229900360,0.308190405,0.000753970,0.000259399,17.498741150,-3.825941086,-1.286899567,0.311680794,-0.007904053,0.000042073,17.502519608,-3.763075590,-1.229900360,0.308190405,0.000753970,0.000000000,0.000000000,0.000000000,0.000000000,0.000000000,0.000000000,0.000000000,0.000000000,0.000000000,0.000000000,0.000000000,0.000000000,0.000000000,0.000000000,0.000000000,0.000000000,0.000000000,0.000000000,0.000217326,-0.003778458,-0.062865496,-0.056999207,0.003490388,-0.008658023,0.000872408,-0.002896342,0.010289212,-0.002357233,0.003208347,-0.007057135
3.499710560,1.960649490,-1.031043053,-1.408408165,-0.027420998,0.690493584,0.026653290,0.002014160,0.045471191,-0.067810059,-0.075866699,0.024673462,0.002517700,1.960649490,-1.031426430,-1.408408165,-0.027420998,0.690493584,0.026653290,0.000042072,17.502201080,-3.759830713,-1.229153872,0.308012217,0.000753487,-0.000778198,17.517051697,-3.838392258,-1.278598785,0.297581673,-0.013458252,0.000042072,17.502201080,-3.759830713,-1.229153872,0.308012217,0.000753487,0.000000000,0.000000000,0.000000000,0.000000000,0.000000000,0.000000000,0.000000000,0.000000000,0.000000000,0.000000000,0.000000000,0.000000000,0.000000000,0.000000000,0.000000000,0.000000000,0.000000000,0.000000000,-0.000820270,0.014850616,-0.078561544,-0.049444914,-0.010430545,-0.014211739,-0.000165188,0.015732732,-0.005406836,0.005197060,-0.010712586,-0.012610850
3.509751797,1.960649490,-1.031043053,-1.408408165,-0.027420998,0.690493584,0.026653290,0.081237793,-0.048524857,-0.059753418,0.090637207,-0.004531860,-0.076038361,1.960649490,-1.031426430,-1.408408165,-0.027420998,0.690876961,0.026653290,0.000042073,17.502464294,-3.760078907,-1.229429722,0.307914615,0.000753228,-0.010635376,17.513389587,-3.803112984,-1.285861969,0.311253548,-0.004058838,0.000042073,17.502464294,-3.760078907,-1.229429722,0.307914615,0.000753228,0.000000000,0.000000000,0.000000000,0.000000000,0.000000000,0.000000000,0.000000000,0.000000000,0.000000000,0.000000000,0.000000000,0.000000000,0.000000000,0.000000000,0.000000000,0.000000000,0.000000000,0.000000000,-0.010677449,0.010925293,-0.043034077,-0.056432247,0.003338933,-0.004812066,-0.010022367,0.011807408,0.030120631,-0.001790273,0.003056892,-0.003211177
3.519708395,1.960649490,-1.031043053,-1.408408165,-0.027420998,0.690493584,0.026653290,0.011413574,-0.051576614,-0.137638092,-0.044982910,-0.016616821,-0.025680542,1.960649490,-1.031043053,-1.408408165,-0.027420998,0.690876961,0.026653290,0.000042073,17.502519608,-3.763075590,-1.229900360,0.308190405,0.000753970,0.008560181,17.480430603,-3.862775803,-1.287418365,0.290745735,-0.009613037,0.000042073,17.502519608,-3.763075590,-1.229900360,0.308190405,0.000753970,0.000000000,0.000000000,0.000000000,0.000000000,0.000000000,0.000000000,0.000000000,0.000000000,0.000000000,0.000000000,0.000000000,0.000000000,0.000000000,0.000000000,0.000000000,0.000000000,0.000000000,0.000000000,0.008518108,-0.022089005,-0.099700212,-0.057518005,-0.017444670,-0.010367007,0.009173190,-0.021206889,-0.026545504,-0.002876031,-0.017726711,-0.008766119
3.529707670,1.960649490,-1.031043053,-1.408408165,-0.027420998,0.690876961,0.026653290,-0.106754303,0.013732910,-0.100040436,0.015441895,0.039779663,0.009567261,1.960649490,-1.031043053,-1.408408165,-0.027420998,0.690493584,0.026653290,0.000042072,17.502258301,-3.762827396,-1.229624629,0.308288097,0.000754230,0.003890991,17.529869080,-3.858625412,-1.301426888,0.306126595,0.007476807,0.000042072,17.502258301,-3.762827396,-1.229624629,0.308288097,0.000754230,0.000000000,0.000000000,0.000000000,0.000000000,0.000000000,0.000000000,0.000000000,0.000000000,0.000000000,0.000000000,0.000000000,0.000000000,0.000000000,0.000000000,0.000000000,0.000000000,0.000000000,0.000000000,0.003848919,0.027610779,-0.095798016,-0.071802258,-0.002161503,0.006722577,0.004504001,0.028492894,-0.022643308,-0.017160285,-0.002443544,0.008323465
3.539743900,1.960649490,-1.031043053,-1.408408165,-0.027420998,0.690876961,0.026653290,0.073181152,-0.037536621,0.063781738,0.030212402,-0.017623901,0.045822144,1.960649490,-1.031043053,-1.408408165,-0.027420998,0.690876961,0.026653290,0.000042073,17.502519608,-3.763075590,-1.229900360,0.308190405,0.000753970,0.005966187,17.531700134,-3.825941086,-1.282230377,0.291600227,-0.004058838,0.000042073,17.502519608,-3.763075590,-1.229900360,0.308190405,0.000753970,0.000000000,0.000000000,0.000000000,0.000000000,0.000000000,0.000000000,0.000000000,0.000000000,0.000000000,0.000000000,0.000000000,0.000000000,0.000000000,0.000000000,0.000000000,0.000000000,0.000000000,0.000000000,0.005924113,0.029180527,-0.062865496,-0.052330017,-0.016590178,-0.004812808,0.006579196,0.030062642,0.010289212,0.002311957,-0.016872219,-0.003211920
3.549750090,1.960649490,-1.031426430,-1.408408165,-0.027420998,0.690876961,0.026653290,0.077209473,-0.019226074,-0.016784668,-0.036926270,0.036758423,-0.078052521,1.960649490,-1.031426430,-1.408408165,-0.027420998,0.690493584,0.026653290,0.000042072,17.502201080,-3.759830713,-1.229153872,0.308012217,0.000753487,-0.022567749,17.500572205,-3.819715500,-1.284824371,0.296299934,-0.012176514,0.000042072,17.502201080,-3.759830713,-1.229153872,0.308012217,0.000753487,0.000000000,0.000000000,0.000000000,0.000000000,0.000000000,0.000000000,0.000000000,0.000000000,0.000000000,0.000000000,0.000000000,0.000000000,0.000000000,0.000000000,0.000000000,0.000000000,0.000000000,0.000000000,-0.022609821,-0.001628876,-0.059884787,-0.055670500,-0.011712283,-0.012930000,-0.021954739,-0.000746760,0.013269921,-0.001028526,-0.011994324,-0.011329112
3.559714317,1.960649490,-1.031426430,-1.408408165,-0.027420998,0.690493584,0.026653290,-0.031555176,-0.094301224,0.027526855,-0.093326569,-0.034744263,0.080062866,1.960649490,-1.031043053,-1.408408165,-0.027420998,0.690876961,0.026653290,0.000042073,17.502519608,-3.763075590,-1.229900360,0.308190405,0.000753970,-0.005966187,17.513389587,-3.831129074,-1.294162750,0.356114388,0.009613037,0.000042073,17.502519608,-3.763075590,-1.229900360,0.308190405,0.000753970,0.000000000,0.000000000,0.000000000,0.000000000,0.000000000,0.000000000,0.000000000,0.000000000,0.000000000,0.000000000,0.000000000,0.000000000,0.000000000,0.000000000,0.000000000,0.000000000,0.000000000,0.000000000,-0.006008260,0.010869980,-0.068053484,-0.064262390,0.047923982,0.008859067,-0.005353177,0.011752095,0.005101224,-0.009620416,0.047641941,0.010459955
3.569749832,1.960649490,-1.031043053,-1.408024788,-0.027420998,0.690876961,0.026653290,0.010070801,0.166322708,0.050354004,-0.085266113,0.005538940,-0.048843384,1.960649490,-1.031426430,-1.408408165,-0.027420998,0.690493584,0.026653290,0.000042072,17.502201080,-3.759830713,-1.229153872,0.308012217,0.000753487,-0.013229370,17.551841736,-3.817639351,-1.316472054,0.327916145,-0.005340576,0.000042072,17.502201080,-3.759830713,-1.229153872,0.308012217,0.000753487,0.000000000,0.000000000,0.000000000,0.000000000,0.000000000,0.000000000,0.000000000,0.000000000,0.000000000,0.000000000,0.000000000,0.000000000,0.000000000,0.000000000,0.000000000,0.000000000,0.000000000,0.000000000,-0.013271442,0.049640656,-0.057808638,-0.087318182,0.019903928,-0.006094063,-0.012616360,0.050522771,0.015346070,-0.032676208,0.019621887,-0.004493174
3.579720974,1.960649490,-1.031426430,-1.408408165,-0.027420998,0.690493584,0.026653290,0.101379395,-0.150453568,-0.027526855,-0.096012115,-0.034744263,-0.046829224,1.960649490,-1.031426430,-1.408408165,-0.027420998,0.690493584,0.026653290,0.000042072,17.502201080,-3.759830713,-1.229153872,0.308012217,0.000753487,0.011154175,17.500572205,-3.831647873,-1.287418365,0.303563118,-0.002349854,0.000042072,17.502201080,-3.759830713,-1.229153872,0.308012217,0.000753487,0.000000000,0.000000000,0.000000000,0.000000000,0.000000000,0.000000000,0.000000000,0.000000000,0.000000000,0.000000000,0.000000000,0.000000000,0.000000000,0.000000000,0.000000000,0.000000000,0.000000000,0.000000000,0.011112103,-0.001628876,-0.071817160,-0.058264494,-0.004449099,-0.003103340,0.011767185,-0.000746760,0.001337548,-0.003622520,-0.004731140,-0.001502452
3.589742899,1.960649490,-1.031043053,-1.408024788,-0.027420998,0.690493584,0.026653290,0.036926270,0.050354004,-0.066467285,-0.049011230,-0.033737183,0.029708862,1.960649490,-1.031043053,-1.408024788,-0.027420998,0.690876961,0.026653290,0.000042065,17.499357224,-3.760078907,-1.229429722,0.307914615,0.000753228,0.007003784,17.462120056,-3.817120552,-1.297795296,0.292881966,-0.005340576,0.000042065,17.499357224,-3.760078907,-1.229429722,0.307914615,0.000753228,0.000000000,0.000000000,0.000000000,0.000000000,0.000000000,0.000000000,0.000000000,0.000000000,0.000000000,0.000000000,0.000000000,0.000000000,0.000000000,0.000000000,0.000000000,0.000000000,0.000000000,0.000000000,0.006961719,-0.037237167,-0.057041645,-0.068365574,-0.015032649,-0.006093804,0.007616801,-0.036355052,0.016113063,-0.013723600,-0.015314690,-0.004492915
3.599771976,1.960649490,-1.031426430,-1.408408165,-0.027420998,0.690493584,0.026653290,0.004699707,-0.049135208,-0.081237793,0.043640137,-0.044815063,-0.017623901,1.960649490,-1.031043053,-1.408408165,-0.027420998,0.690876961,0.026653290,0.000042073,17.502519608,-3.763075590,-1.229900360,0.308190405,0.000753970,-0.004928589,17.462120056,-3.848249435,-1.285343170,0.315098763,-0.010040283,0.000042073,17.502519608,-3.763075590,-1.229900360,0.308190405,0.000753970,0.000000000,0.000000000,0.000000000,0.000000000,0.000000000,0.000000000,0.000000000,0.000000000,0.000000000,0.000000000,0.000000000,0.000000000,0.000000000,0.000000000,0.000000000,0.000000000,0.000000000,0.000000000,-0.004970662,-0.040399551,-0.085173845,-0.055442810,0.006908357,-0.010794254,-0.004315580,-0.039517436,-0.012019137,-0.000800836,0.006626316,-0.009193365
3.609711647,1.960649490,-1.031426430,-1.408024788,-0.027420998,0.690876961,0.026653290,-0.078552246,-0.115663528,0.149719238,-0.049011230,-0.062942505,-0.028701782,1.960649490,-1.031426430,-1.408024788,-0.027420998,0.690876961,0.026653290,0.000042065,17.499300003,-3.757081747,-1.228958964,0.307638764,0.000752485,-0.005966187,17.507896423,-3.819196701,-1.280673981,0.311253548,0.003631592,0.000042065,17.499300003,-3.757081747,-1.228958964,0.307638764,0.000752485,0.000000000,0.000000000,0.000000000,0.000000000,0.000000000,0.000000000,0.000000000,0.000000000,0.000000000,0.000000000,0.000000000,0.000000000,0.000000000,0.000000000,0.000000000,0.000000000,0.000000000,0.000000000,-0.006008251,0.008596420,-0.062114954,-0.051715016,0.003614783,0.002879107,-0.005353169,0.009478536,0.011039754,0.002926958,0.003332742,0.004479995
3.619742870,1.960649490,-1.031426430,-1.408408165,-0.027420998,0.690876961,0.026653290,0.157775879,-0.086366653,-0.032897949,0.176578522,0.018630981,-0.025680542,1.960649490,-1.031043053,-1.408408165,-0.027420998,0.690876961,0.026653290,0.000042073,17.502519608,-3.763075590,-1.229900360,0.308190405,0.000753970,-0.003890991,17.480430603,-3.792218208,-1.279636383,0.286046028,0.009185791,0.000042073,17.502519608,-3.763075590,-1.229900360,0.308190405,0.000753970,0.000000000,0.000000000,0.000000000,0.000000000,0.000000000,0.000000000,0.000000000,0.000000000,0.000000000,0.000000000,0.000000000,0.000000000,0.000000000,0.000000000,0.000000000,0.000000000,0.000000000,0.000000000,-0.003933064,-0.022089005,-0.029142618,-0.049736023,-0.022144377,0.008431821,-0.003277982,-0.021206889,0.044012090,0.004905951,-0.022426418,0.010032709
3.629739761,1.960649490,-1.031043053,-1.408408165,-0.027420998,0.690876961,0.026653290,-0.047668457,-0.025939941,-0.044982910,0.016784668,-0.011581421,-0.042800903,1.960649490,-1.031043053,-1.408408165,-0.027420998,0.690876961,0.026653290,0.000042073,17.502519608,-3.763075590,-1.229900360,0.308190405,0.000753970,-0.022567749,17.522544861,-3.843061447,-1.290012360,0.280491829,-0.010467529,0.000042073,17.502519608,-3.763075590,-1.229900360,0.308190405,0.000753970,0.000000000,0.000000000,0.000000000,0.000000000,0.000000000,0.000000000,0.000000000,0.000000000,0.000000000,0.000000000,0.000000000,0.000000000,0.000000000,0.000000000,0.000000000,0.000000000,0.000000000,0.000000000,-0.022609822,0.020025253,-0.079985857,-0.060112000,-0.027698576,-0.011221500,-0.021954740,0.020907369,-0.006831149,-0.005470026,-0.027980618,-0.009620611
3.639706612,1.960649490,-1.031426430,-1.408408165,-0.027420998,0.690876961,0.026653290,0.125549316,-0.068056107,0.040954590,0.057067871,0.019638062,-0.003524780,1.960649490,-1.031426430,-1.408408165,-0.027420998,0.690493584,0.026653290,0.000042072,17.502201080,-3.759830713,-1.229153872,0.308012217,0.000753487,0.026718140,17.533531189,-3.847730637,-1.284305573,0.278355598,0.002777100,0.000042072,17.502201080,-3.759830713,-1.229153872,0.308012217,0.000753487,0.000000000,0.000000000,0.000000000,0.000000000,0.000000000,0.000000000,0.000000000,0.000000000,0.000000000,0.000000000,0.000000000,0.000000000,0.000000000,0.000000000,0.000000000,0.000000000,0.000000000,0.000000000,0.026676068,0.031330109,-0.087899923,-0.055151701,-0.029656619,0.002023613,0.027331150,0.032212224,-0.014745215,-0.000509727,-0.029938660,0.003624501
3.649706602,1.960649490,-1.031426430,-1.408408165,-0.027420998,0.690876961,0.026653290,0.034240723,0.087587357,-0.012756348,-0.061096191,-0.029708862,-0.010574341,1.960649490,-1.031426430,-1.408408165,-0.027420998,0.690493584,0.026653290,0.000042072,17.502201080,-3.759830713,-1.229153872,0.308012217,0.000753487,0.008560181,17.482261658,-3.848249435,-1.284305573,0.304844856,-0.000640869,0.000042072,17.502201080,-3.759830713,-1.229153872,0.308012217,0.000753487,0.000000000,0.000000000,0.000000000,0.000000000,0.000000000,0.000000000,0.000000000,0.000000000,0.000000000,0.000000000,0.000000000,0.000000000,0.000000000,0.000000000,0.000000000,0.000000000,0.000000000,0.000000000,0.008518109,-0.019939423,-0.088418722,-0.055151701,-0.003167361,-0.001394356,0.009173191,-0.019057307,-0.015264014,-0.000509727,-0.003449402,0.000206533
3.659741402,1.960649490,-1.031426430,-1.408408165,-0.027420998,0.690876961,0.026653290,0.036926270,-0.049745560,-0.143009186,0.070495605,-0.010574341,0.045822144,1.960649490,-1.031043053,-1.408408165,-0.027420998,0.690876961,0.026653290,0.000042073,17.502519608,-3.763075590,-1.229900360,0.308190405,0.000753970,-0.006484985,17.484092712,-3.823865891,-1.281711578,0.323643684,0.008331299,0.000042073,17.502519608,-3.763075590,-1.229900360,0.308190405,0.000753970,0.000000000,0.000000000,0.000000000,0.000000000,0.000000000,0.000000000,0.000000000,0.000000000,0.000000000,0.000000000,0.000000000,0.000000000,0.000000000,0.000000000,0.000000000,0.000000000,0.000000000,0.000000000,-0.006527058,-0.018426895,-0.060790300,-0.051811218,0.015453279,0.007577328,-0.005871976,-0.017544780,0.012364408,0.002830756,0.015171238,0.009178217
3.669739008,1.960649490,-1.031043053,-1.408408165,-0.027420998,0.690876961,0.026653290,-0.116153717,-0.088197708,0.057067871,-0.008728027,0.038772583,-0.011581421,1.960649490,-1.031043053,-1.408408165,-0.027420998,0.690876961,0.026653290,0.000042073,17.502519608,-3.763075590,-1.229900360,0.308190405,0.000753970,-0.004409790,17.551841736,-3.834760666,-1.274967194,0.300572395,0.003204346,0.000042073,17.502519608,-3.763075590,-1.229900360,0.308190405,0.000753970,0.000000000,0.000000000,0.000000000,0.000000000,0.000000000,0.000000000,0.000000000,0.000000000,0.000000000,0.000000000,0.000000000,0.000000000,0.000000000,0.000000000,0.000000000,0.000000000,0.000000000,0.000000000,-0.004451863,0.049322128,-0.071685076,-0.045066833,-0.007618010,0.002450375,-0.003796781,0.050204244,0.001469632,0.009575140,-0.007900051,0.004051264
3.679706573,1.960649490,-1.031043053,-1.408408165,-0.027420998,0.690493584,0.026653290,0.055725098,0.102846146,-0.004699707,0.176578522,-0.035751343,-0.039779663,1.960649490,-1.031043053,-1.408408165,-0.027420998,0.690493584,0.026653290,0.000042072,17.502258301,-3.762827396,-1.229624629,0.308288097,0.000754230,-0.010635376,17.471275330,-3.819196701,-1.291049957,0.297581673,-0.016876221,0.000042072,17.502258301,-3.762827396,-1.229624629,0.308288097,0.000754230,0.000000000,0.000000000,0.000000000,0.000000000,0.000000000,0.000000000,0.000000000,0.000000000,0.000000000,0.000000000,0.000000000,0.000000000,0.000000000,0.000000000,0.000000000,0.000000000,0.000000000,0.000000000,-0.010677448,-0.030982971,-0.056369305,-0.061425328,-0.010706425,-0.017630450,-0.010022366,-0.030100856,0.016785403,-0.006783354,-0.010988466,-0.016029562
3.689745188,1.960649490,-1.031043053,-1.408408165,-0.027420998,0.690493584,0.026653290,-0.003356934,0.077209473,-0.101383209,0.109436035,0.025680542,-0.000503540,1.960649490,-1.031043053,-1.408408165,-0.027420998,0.690493584,0.026653290,0.000042072,17.502258301,-3.762827396,-1.229624629,0.308288097,0.000754230,-0.000778198,17.485923767,-3.840986252,-1.287937164,0.337315559,0.006195068,0.000042072,17.502258301,-3.762827396,-1.229624629,0.308288097,0.000754230,0.000000000,0.000000000,0.000000000,0.000000000,0.000000000,0.000000000,0.000000000,0.000000000,0.000000000,0.000000000,0.000000000,0.000000000,0.000000000,0.000000000,0.000000000,0.000000000,0.000000000,0.000000000,-0.000820270,-0.016334534,-0.078158855,-0.058312535,0.029027462,0.005440839,-0.000165188,-0.015452418,-0.005004147,-0.003670561,0.028745421,0.007041727
3.699813366,1.960649490,-1.031043053,-1.408024788,-0.027420998,0.690876961,0.026653290,0.012756348,0.120546341,0.191349030,0.027526855,0.005538940,-0.018630981,1.960649490,-1.031043053,-1.408024788,-0.027420998,0.690876961,0.026653290,0.000042065,17.499357224,-3.760078907,-1.229429722,0.307914615,0.000753228,-0.018936157,17.537193298,-3.835798264,-1.283267975,0.285191536,0.002349854,0.000042065,17.499357224,-3.760078907,-1.229429722,0.307914615,0.000753228,0.000000000,0.000000000,0.000000000,0.000000000,0.000000000,0.000000000,0.000000000,0.000000000,0.000000000,0.000000000,0.000000000,0.000000000,0.000000000,0.000000000,0.000000000,0.000000000,0.000000000,0.000000000,-0.018978222,0.037836075,-0.075719357,-0.053838253,-0.022723079,0.001596626,-0.018323140,0.038718190,-0.002564648,0.000803721,-0.023005120,0.003197514
3.709710836,1.960649490,-1.031043053,-1.408408165,-0.027420998,0.690876961,0.026653290,-0.050354004,0.018615723,0.117492676,0.181949615,0.052871704,0.028701782,1.960649490,-1.031426430,-1.408024788,-0.027420998,0.690493584,0.026653290,0.000042064,17.499036789,-3.756833315,-1.228682995,0.307736278,0.000752744,0.004409790,17.513389587,-3.838911057,-1.307133675,0.301854134,0.003204346,0.000042064,17.499036789,-3.756833315,-1.228682995,0.307736278,0.000752744,0.000000000,0.000000000,0.000000000,0.000000000,0.000000000,0.000000000,0.000000000,0.000000000,0.000000000,0.000000000,0.000000000,0.000000000,0.000000000,0.000000000,0.000000000,0.000000000,0.000000000,0.000000000,0.004367726,0.014352798,-0.082077742,-0.078450680,-0.005882144,0.002451602,0.005022808,0.015234914,-0.008923034,-0.023808706,-0.006164185,0.004052491
3.719710588,1.960649490,-1.031426430,-1.408024788,-0.027420998,0.690876961,0.026653290,-0.014099121,0.030212402,0.102722168,0.008728027,-0.026687622,-0.028701782,1.960649490,-1.031426430,-1.408408165,-0.027420998,0.690493584,0.026653290,0.000042072,17.502201080,-3.759830713,-1.229153872,0.308012217,0.000753487,-0.016342163,17.474937439,-3.870038986,-1.291049957,0.289891243,-0.012176514,0.000042072,17.502201080,-3.759830713,-1.229153872,0.308012217,0.000753487,0.000000000,0.000000000,0.000000000,0.000000000,0.000000000,0.000000000,0.000000000,0.000000000,0.000000000,0.000000000,0.000000000,0.000000000,0.000000000,0.000000000,0.000000000,0.000000000,0.000000000,0.000000000,-0.016384235,-0.027263641,-0.110208273,-0.061896086,-0.018120974,-0.012930000,-0.015729153,-0.026381526,-0.037053565,-0.007254112,-0.018403015,-0.011329112
3.729740620,1.960649490,-1.031426430,-1.408408165,-0.027420998,0.690876961,0.026653290,-0.063781738,0.097963333,-0.079895020,-0.145694733,0.042800903,-0.035751343,1.960649490,-1.031043053,-1.408408165,-0.027420998,0.690876961,0.026653290,0.000042073,17.502519608,-3.763075590,-1.229900360,0.308190405,0.000753970,-0.026199341,17.487754822,-3.812970161,-1.294162750,0.292454720,0.000640869,0.000042073,17.502519608,-3.763075590,-1.229900360,0.308190405,0.000753970,0.000000000,0.000000000,0.000000000,0.000000000,0.000000000,0.000000000,0.000000000,0.000000000,0.000000000,0.000000000,0.000000000,0.000000000,0.000000000,0.000000000,0.000000000,0.000000000,0.000000000,0.000000000,-0.026241414,-0.014764786,-0.049894571,-0.064262390,-0.015735686,-0.000113101,-0.025586332,-0.013882670,0.023260137,-0.009620416,-0.016017727,0.001487787
3.739712238,1.960649490,-1.031043053,-1.408408165,-0.027420998,0.690876961,0.026653290,-0.040954590,0.045471191,0.020812988,0.050354004,0.022659302,0.030715942,1.960649490,-1.031043053,-1.408408165,-0.027420998,0.690876961,0.026653290,0.000042073,17.502519608,-3.763075590,-1.229900360,0.308190405,0.000753970,0.002853394,17.482261658,-3.817120552,-1.280155182,0.333897591,-0.001922607,0.000042073,17.502519608,-3.763075590,-1.229900360,0.308190405,0.000753970,0.000000000,0.000000000,0.000000000,0.000000000,0.000000000,0.000000000,0.000000000,0.000000000,0.000000000,0.000000000,0.000000000,0.000000000,0.000000000,0.000000000,0.000000000,0.000000000,0.000000000,0.000000000,0.002811320,-0.020257950,-0.054044962,-0.050254822,0.025707185,-0.002676578,0.003466403,-0.019375834,0.019109746,0.004387152,0.025425144,-0.001075689
3.749708176,1.960649490,-1.031043053,-1.408408165,-0.027420998,0.690876961,0.026653290,0.004699707,0.120546341,-0.018127441,0.049011230,-0.045822144,-0.020645142,1.960266113,-1.031426430,-1.408408165,-0.027420998,0.690876961,0.026653290,0.000042083,17.502464294,-3.760078907,-1.229429722,0.307914615,0.000753228,-0.011672974,17.493247986,-3.819196701,-1.292087555,0.295018196,-0.001068115,0.000042083,17.502464294,-3.760078907,-1.229429722,0.307914615,0.000753228,0.000000000,0.000000000,0.000000000,0.000000000,0.000000000,0.000000000,0.000000000,0.000000000,0.000000000,0.000000000,0.000000000,0.000000000,0.000000000,0.000000000,0.000000000,0.000000000,0.000000000,0.000000000,-0.011715057,-0.009216309,-0.059117794,-0.062657833,-0.012896419,-0.001821343,-0.011059974,-0.008334193,0.014036914,-0.008015859,-0.013178460,-0.000220454
3.759752989,1.960649490,-1.031043053,-1.408408165,-0.027420998,0.690876961,0.026653290,0.102722168,-0.003356934,0.040954590,0.061096191,0.000503540,0.001510620,1.960649490,-1.031426430,-1.408408165,-0.027420998,0.690876961,0.026653290,0.000042073,17.502464294,-3.760078907,-1.229429722,0.307914615,0.000753228,-0.008041382,17.485923767,-3.815564156,-1.280673981,0.299717903,-0.008331299,0.000042073,17.502464294,-3.760078907,-1.229429722,0.307914615,0.000753228,0.000000000,0.000000000,0.000000000,0.000000000,0.000000000,0.000000000,0.000000000,0.000000000,0.000000000,0.000000000,0.000000000,0.000000000,0.000000000,0.000000000,0.000000000,0.000000000,0.000000000,0.000000000,-0.008083455,-0.016540527,-0.055485249,-0.051244259,-0.008196712,-0.009084526,-0.007428373,-0.015658412,0.017669459,0.003397715,-0.008478753,-0.007483638
3.769711018,1.960649490,-1.031043053,-1.408408165,-0.027420998,0.690876961,0.026653290,0.040954590,0.011291504,0.075866699,-0.035583496,-0.012588501,-0.005538940,1.960649490,-1.031426430,-1.408408165,-0.027420998,0.690876961,0.026653290,0.000042073,17.502464294,-3.760078907,-1.229429722,0.307914615,0.000753228,-0.021530151,17.493247986,-3.829053879,-1.286899567,0.309544563,-0.005340576,0.000042073,17.502464294,-3.760078907,-1.229429722,0.307914615,0.000753228,0.000000000,0.000000000,0.000000000,0.000000000,0.000000000,0.000000000,0.000000000,0.000000000,0.000000000,0.000000000,0.000000000,0.000000000,0.000000000,0.000000000,0.000000000,0.000000000,0.000000000,0.000000000,-0.021572224,-0.009216309,-0.068974972,-0.057469845,0.001629949,-0.006093804,-0.020917142,-0.008334193,0.004179736,-0.002827871,0.001347907,-0.004492915
3.779710054,1.960649490,-1.031426430,-1.408408165,-0.027420998,0.690493584,0.026653290,0.003356934,-0.043642044,0.015441895,0.208805084,0.054885864,-0.031723022,1.960649490,-1.031426430,-1.408408165,-0.027420998,0.690876961,0.026653290,0.000042073,17.502464294,-3.760078907,-1.229429722,0.307914615,0.000753228,-0.014785767,17.476768494,-3.810376167,-1.286899567,0.292881966,-0.003204346,0.000042073,17.502464294,-3.760078907,-1.229429722,0.307914615,0.000753228,0.000000000,0.000000000,0.000000000,0.000000000,0.000000000,0.000000000,0.000000000,0.000000000,0.000000000,0.000000000,0.000000000,0.000000000,0.000000000,0.000000000,0.000000000,0.000000000,0.000000000,0.000000000,-0.014827840,-0.025695801,-0.050297260,-0.057469845,-0.015032649,-0.003957573,-0.014172757,-0.024813685,0.022857448,-0.002827871,-0.015314690,-0.002356685
3.789741278,1.960649490,-1.031043053,-1.408408165,-0.027420998,0.690493584,0.026653290,-0.020812988,-0.068666458,-0.055725098,0.159118652,0.008560181,0.031723022,1.960649490,-1.031043053,-1.408408165,-0.027420998,0.690876961,0.026653290,0.000042073,17.502519608,-3.763075590,-1.229900360,0.308190405,0.000753970,0.003372192,17.504234314,-3.819196701,-1.292087555,0.278355598,-0.004058838,0.000042073,17.502519608,-3.763075590,-1.229900360,0.308190405,0.000753970,0.000000000,0.000000000,0.000000000,0.000000000,0.000000000,0.000000000,0.000000000,0.000000000,0.000000000,0.000000000,0.000000000,0.000000000,0.000000000,0.000000000,0.000000000,0.000000000,0.000000000,0.000000000,0.003330119,0.001714706,-0.056121111,-0.062187195,-0.029834807,-0.004812808,0.003985201,0.002596822,0.017033597,-0.007545221,-0.030116848,-0.003211920
3.799689531,1.960649490,-1.031043053,-1.408408165,-0.027420998,0.690493584,0.026653290,-0.063781738,0.043029785,0.087951660,-0.058410645,-0.055892944,-0.037765503,1.960649490,-1.031043053,-1.408408165,-0.027420998,0.690876961,0.026653290,0.000042073,17.502519608,-3.763075590,-1.229900360,0.308190405,0.000753970,0.002334595,17.493247986,-3.842023849,-1.286380768,0.300572395,0.007904053,0.000042073,17.502519608,-3.763075590,-1.229900360,0.308190405,0.000753970,0.000000000,0.000000000,0.000000000,0.000000000,0.000000000,0.000000000,0.000000000,0.000000000,0.000000000,0.000000000,0.000000000,0.000000000,0.000000000,0.000000000,0.000000000,0.000000000,0.000000000,0.000000000,0.002292522,-0.009271622,-0.078948259,-0.056480408,-0.007618010,0.007150082,0.002947604,-0.008389506,-0.005793551,-0.001838434,-0.007900051,0.008750971
3.809746265,1.960649490,-1.031043053,-1.408024788,-0.027420998,0.690876961,0.026653290,0.015441895,-0.090639114,-0.057067871,-0.169864655,-0.049850464,-0.036758423,1.960649490,-1.031043053,-1.408408165,-0.027420998,0.690876961,0.026653290,0.000042073,17.502519608,-3.763075590,-1.229900360,0.308190405,0.000753970,0.005447388,17.502403259,-3.844617844,-1.315434456,0.309971809,0.007476807,0.000042073,17.502519608,-3.763075590,-1.229900360,0.308190405,0.000753970,0.000000000,0.000000000,0.000000000,0.000000000,0.000000000,0.000000000,0.000000000,0.000000000,0.000000000,0.000000000,0.000000000,0.000000000,0.000000000,0.000000000,0.000000000,0.000000000,0.000000000,0.000000000,0.005405315,-0.000116348,-0.081542253,-0.085534096,0.001781404,0.006722836,0.006060397,0.000765767,-0.008387545,-0.030892122,0.001499363,0.008323725
3.819742203,1.960649490,-1.031426430,-1.408408165,-0.027420998,0.690876961,0.026653290,0.008728027,0.003356934,0.032897949,-0.187320709,0.019638062,-0.003524780,1.960649490,-1.031043053,-1.408408165,-0.027420998,0.690876961,0.026653290,0.000042073,17.502519608,-3.763075590,-1.229900360,0.308190405,0.000753970,-0.003890991,17.522544861,-3.819715500,-1.286899567,0.313389778,-0.003631592,0.000042073,17.502519608,-3.763075590,-1.229900360,0.308190405,0.000753970,0.000000000,0.000000000,0.000000000,0.000000000,0.000000000,0.000000000,0.000000000,0.000000000,0.000000000,0.000000000,0.000000000,0.000000000,0.000000000,0.000000000,0.000000000,0.000000000,0.000000000,0.000000000,-0.003933064,0.020025253,-0.056639910,-0.056999207,0.005199373,-0.004385562,-0.003277982,0.020907369,0.016514798,-0.002357233,0.004917332,-0.002784674
3.829709053,1.960649490,-1.031043053,-1.408408165,-0.027420998,0.690876961,0.026653290,0.053039551,0.050964355,-0.126895905,0.138977051,-0.004531860,0.015609741,1.960649490,-1.031426430,-1.408408165,-0.027420998,0.690876961,0.026653290,0.000042073,17.502464294,-3.760078907,-1.229429722,0.307914615,0.000753228,0.002334595,17.493247986,-3.827497482,-1.292606354,0.300572395,-0.020721436,0.000042073,17.502464294,-3.760078907,-1.229429722,0.307914615,0.000753228,0.000000000,0.000000000,0.000000000,0.000000000,0.000000000,0.000000000,0.000000000,0.000000000,0.000000000,0.000000000,0.000000000,0.000000000,0.000000000,0.000000000,0.000000000,0.000000000,0.000000000,0.000000000,0.002292522,-0.009216309,-0.067418575,-0.063176632,-0.007342219,-0.021474663,0.002947604,-0.008334193,0.005736133,-0.008534658,-0.007624261,-0.019873775
3.839706898,1.960649490,-1.031043053,-1.408408165,-0.027420998,0.690493584,0.026653290,0.058410645,-0.032653809,-0.079895020,-0.121524811,-0.045822144,0.034744263,1.960649490,-1.031043053,-1.408408165,-0.027420998,0.690876961,0.026653290,0.000042073,17.502519608,-3.763075590,-1.229900360,0.308190405,0.000753970,-0.007522583,17.482261658,-3.865369797,-1.279117584,0.309117317,-0.010894775,0.000042073,17.502519608,-3.763075590,-1.229900360,0.308190405,0.000753970,0.000000000,0.000000000,0.000000000,0.000000000,0.000000000,0.000000000,0.000000000,0.000000000,0.000000000,0.000000000,0.000000000,0.000000000,0.000000000,0.000000000,0.000000000,0.000000000,0.000000000,0.000000000,-0.007564656,-0.020257950,-0.102294207,-0.049217224,0.000926912,-0.011648746,-0.006909574,-0.019375834,-0.029139499,0.005424750,0.000644871,-0.010047857
3.849708796,1.960649490,-1.031043053,-1.408408165,-0.027420998,0.690876961,0.026653290,0.024841309,0.042419434,0.144348145,0.059753418,0.057907104,-0.049850464,1.960266113,-1.031426430,-1.408408165,-0.027420998,0.690876961,0.026653290,0.000042083,17.502464294,-3.760078907,-1.229429722,0.307914615,0.000753228,-0.008041382,17.500572205,-3.865369797,-1.292606354,0.315526009,0.010894775,0.000042083,17.502464294,-3.760078907,-1.229429722,0.307914615,0.000753228,0.000000000,0.000000000,0.000000000,0.000000000,0.000000000,0.000000000,0.000000000,0.000000000,0.000000000,0.000000000,0.000000000,0.000000000,0.000000000,0.000000000,0.000000000,0.000000000,0.000000000,0.000000000,-0.008083465,-0.001892090,-0.105290890,-0.063176632,0.007611394,0.010141548,-0.007428383,-0.001009974,-0.032136182,-0.008534658,0.007329353,0.011742436
3.859709740,1.960649490,-1.031043053,-1.408408165,-0.027420998,0.690493584,0.026653290,-0.018127441,-0.067445755,-0.073181152,0.007385254,-0.000503540,0.022659302,1.960649490,-1.031426430,-1.408408165,-0.027420998,0.690493584,0.026653290,0.000042072,17.502201080,-3.759830713,-1.229153872,0.308012217,0.000753487,-0.000778198,17.526206970,-3.818677902,-1.282749176,0.309117317,0.003631592,0.000042072,17.502201080,-3.759830713,-1.229153872,0.308012217,0.000753487,0.000000000,0.000000000,0.000000000,0.000000000,0.000000000,0.000000000,0.000000000,0.000000000,0.000000000,0.000000000,0.000000000,0.000000000,0.000000000,0.000000000,0.000000000,0.000000000,0.000000000,0.000000000,-0.000820270,0.024005890,-0.058847189,-0.053595304,0.001105100,0.002878105,-0.000165188,0.024888005,0.014307519,0.001046669,0.000823059,0.004478994
3.869808912,1.960649490,-1.031426430,-1.408408165,-0.027420998,0.690876961,0.026653290,0.012756348,-0.000915527,-0.004699707,-0.034240723,0.020645142,-0.032730103,1.960649490,-1.031426430,-1.408408165,-0.027420998,0.690493584,0.026653290,0.000042072,17.502201080,-3.759830713,-1.229153872,0.308012217,0.000753487,0.004409790,17.537193298,-3.826459885,-1.252658844,0.295872688,0.003631592,0.000042072,17.502201080,-3.759830713,-1.229153872,0.308012217,0.000753487,0.000000000,0.000000000,0.000000000,0.000000000,0.000000000,0.000000000,0.000000000,0.000000000,0.000000000,0.000000000,0.000000000,0.000000000,0.000000000,0.000000000,0.000000000,0.000000000,0.000000000,0.000000000,0.004367718,0.034992218,-0.066629171,-0.023504972,-0.012139529,0.002878105,0.005022800,0.035874334,0.006525537,0.031137001,-0.012421570,0.004478994
3.879741907,1.960649490,-1.031043053,-1.408408165,-0.027420998,0.690876961,0.026653290,-0.018127441,0.107728958,-0.101383209,-0.030212402,-0.023666382,-0.013595581,1.960266113,-1.031043053,-1.408408165,-0.027420998,0.690493584,0.026653290,0.000042082,17.502258301,-3.762827396,-1.229624629,0.308288097,0.000754230,0.004928589,17.493247986,-3.857587814,-1.286899567,0.303563118,-0.010040283,0.000042082,17.502258301,-3.762827396,-1.229624629,0.308288097,0.000754230,0.000000000,0.000000000,0.000000000,0.000000000,0.000000000,0.000000000,0.000000000,0.000000000,0.000000000,0.000000000,0.000000000,0.000000000,0.000000000,0.000000000,0.000000000,0.000000000,0.000000000,0.000000000,0.004886507,-0.009010315,-0.094760418,-0.057274938,-0.004724979,-0.010794513,0.005541589,-0.008128199,-0.021605710,-0.002632964,-0.005007021,-0.009193624
3.889743805,1.960649490,-1.031043053,-1.408408165,-0.027420998,0.690493584,0.026653290,-0.116153717,0.101625443,0.022155762,-0.102725983,-0.016616821,0.023666382,1.960649490,-1.031043053,-1.408024788,-0.027420998,0.690493584,0.026653290,0.000042064,17.499094009,-3.759830713,-1.229153872,0.308012217,0.000753487,-0.016342163,17.506065369,-3.790143013,-1.286899567,0.313817024,-0.002777100,0.000042064,17.499094009,-3.759830713,-1.229153872,0.308012217,0.000753487,0.000000000,0.000000000,0.000000000,0.000000000,0.000000000,0.000000000,0.000000000,0.000000000,0.000000000,0.000000000,0.000000000,0.000000000,0.000000000,0.000000000,0.000000000,0.000000000,0.000000000,0.000000000,-0.016384227,0.006971359,-0.030312300,-0.057745695,0.005804807,-0.003530586,-0.015729145,0.007853475,0.042842408,-0.003103721,0.005522766,-0.001929698
3.899713516,1.960649490,-1.031043053,-1.408408165,-0.027420998,0.690876961,0.026653290,0.051696777,-0.062562943,-0.109439850,0.049011230,-0.031723022,-0.000503540,1.960649490,-1.031043053,-1.408408165,-0.027420998,0.690876961,0.026653290,0.000042073,17.502519608,-3.763075590,-1.229900360,0.308190405,0.000753970,0.001815796,17.489585876,-3.824384689,-1.287937164,0.294163704,0.009185791,0.000042073,17.502519608,-3.763075590,-1.229900360,0.308190405,0.000753970,0.000000000,0.000000000,0.000000000,0.000000000,0.000000000,0.000000000,0.000000000,0.000000000,0.000000000,0.000000000,0.000000000,0.000000000,0.000000000,0.000000000,0.000000000,0.000000000,0.000000000,0.000000000,0.001773723,-0.012933731,-0.061309099,-0.058036804,-0.014026701,0.008431821,0.002428805,-0.012051616,0.011845609,-0.003394830,-0.014308743,0.010032709
3.909750700,1.960649490,-1.031043053,-1.408408165,-0.027420998,0.690493584,0.026653290,0.043640137,0.061340332,0.132263184,0.004699707,-0.036758423,0.038772583,1.960649490,-1.031043053,-1.408408165,-0.027420998,0.690876961,0.026653290,0.000042073,17.502519608,-3.763075590,-1.229900360,0.308190405,0.000753970,0.002334595,17.496910095,-3.858106613,-1.283267975,0.303135872,0.007476807,0.000042073,17.502519608,-3.763075590,-1.229900360,0.308190405,0.000753970,0.000000000,0.000000000,0.000000000,0.000000000,0.000000000,0.000000000,0.000000000,0.000000000,0.000000000,0.000000000,0.000000000,0.000000000,0.000000000,0.000000000,0.000000000,0.000000000,0.000000000,0.000000000,0.002292522,-0.005609512,-0.095031023,-0.053367615,-0.005054533,0.006722836,0.002947604,-0.004727397,-0.021876315,0.001274359,-0.005336575,0.008323725
3.919670582,1.960649490,-1.031043053,-1.408408165,-0.027420998,0.690876961,0.026653290,-0.020812988,0.126649857,-0.038269043,-0.106754303,-0.009567261,-0.005538940,1.960649490,-1.031043053,-1.408408165,-0.027420998,0.690493584,0.026653290,0.000042072,17.502258301,-3.762827396,-1.229624629,0.308288097,0.000754230,0.005966187,17.495079041,-3.835279465,-1.326329231,0.319798470,0.001068115,0.000042072,17.502258301,-3.762827396,-1.229624629,0.308288097,0.000754230,0.000000000,0.000000000,0.000000000,0.000000000,0.000000000,0.000000000,0.000000000,0.000000000,0.000000000,0.000000000,0.000000000,0.000000000,0.000000000,0.000000000,0.000000000,0.000000000,0.000000000,0.000000000,0.005924114,-0.007179260,-0.072452068,-0.096704602,0.011510372,0.000313886,0.006579197,-0.006297145,0.000702640,-0.042062628,0.011228331,0.001914774
3.929755926,1.960649490,-1.031426430,-1.408024788,-0.027420998,0.690876961,0.026653290,0.050354004,-0.132753372,0.133605957,0.046325684,-0.007553101,-0.017623901,1.960649490,-1.031426430,-1.408408165,-0.027420998,0.690876961,0.026653290,0.000042073,17.502464294,-3.760078907,-1.229429722,0.307914615,0.000753228,-0.005447388,17.484092712,-3.820753098,-1.278598785,0.302281380,-0.009185791,0.000042073,17.502464294,-3.760078907,-1.229429722,0.307914615,0.000753228,0.000000000,0.000000000,0.000000000,0.000000000,0.000000000,0.000000000,0.000000000,0.000000000,0.000000000,0.000000000,0.000000000,0.000000000,0.000000000,0.000000000,0.000000000,0.000000000,0.000000000,0.000000000,-0.005489461,-0.018371582,-0.060674191,-0.049169064,-0.005633235,-0.009939019,-0.004834378,-0.017489467,0.012480518,0.005472910,-0.005915276,-0.008338130
3.939716816,1.960649490,-1.031426430,-1.408408165,-0.027420998,0.690876961,0.026653290,0.040954590,-0.010070801,-0.190006256,0.114807129,0.029708862,-0.063949585,1.960649490,-1.031043053,-1.408408165,-0.027420998,0.690876961,0.026653290,0.000042073,17.502519608,-3.763075590,-1.229900360,0.308190405,0.000753970,0.011154175,17.485923767,-3.787549019,-1.277561188,0.303135872,0.003204346,0.000042073,17.502519608,-3.763075590,-1.229900360,0.308190405,0.000753970,0.000000000,0.000000000,0.000000000,0.000000000,0.000000000,0.000000000,0.000000000,0.000000000,0.000000000,0.000000000,0.000000000,0.000000000,0.000000000,0.000000000,0.000000000,0.000000000,0.000000000,0.000000000,0.011112102,-0.016595840,-0.024473429,-0.047660828,-0.005054533,0.002450375,0.011767184,-0.015713725,0.048681279,0.006981146,-0.005336575,0.004051264
3.949710369,1.960649490,-1.031426430,-1.408408165,-0.027420998,0.690876961,0.026653290,-0.050354004,0.021057129,-0.011413574,-0.065124512,0.025680542,-0.012588501,1.960649490,-1.031426430,-1.408408165,-0.027037621,0.690493584,0.026653290,0.000042071,17.501754761,-3.759406805,-1.228682995,0.307736278,0.000752744,0.004409790,17.480430603,-3.828535080,-1.286380768,0.303563118,-0.008758545,0.000042071,17.501754761,-3.759406805,-1.228682995,0.307736278,0.000752744,0.000000000,0.000000000,0.000000000,0.000000000,0.000000000,0.000000000,0.000000000,0.000000000,0.000000000,0.000000000,0.000000000,0.000000000,0.000000000,0.000000000,0.000000000,0.000000000,0.000000000,0.000000000,0.004367719,-0.021324158,-0.069128275,-0.057697773,-0.004173160,-0.009511289,0.005022801,-0.020442042,0.004026433,-0.003055799,-0.004455201,-0.007910400
3.959726810,1.960649490,-1.031043053,-1.408408165,-0.027420998,0.690876961,0.026653290,-0.042297363,0.041809082,0.069152832,0.112121582,0.035751343,-0.024673462,1.960649490,-1.031043053,-1.408408165,-0.027420998,0.690493584,0.026653290,0.000042072,17.502258301,-3.762827396,-1.229624629,0.308288097,0.000754230,0.008560181,17.518882751,-3.848249435,-1.270298004,0.307408333,-0.004486084,0.000042072,17.502258301,-3.762827396,-1.229624629,0.308288097,0.000754230,0.000000000,0.000000000,0.000000000,0.000000000,0.000000000,0.000000000,0.000000000,0.000000000,0.000000000,0.000000000,0.000000000,0.000000000,0.000000000,0.000000000,0.000000000,0.000000000,0.000000000,0.000000000,0.008518108,0.016624451,-0.085422039,-0.040673375,-0.000879765,-0.005240314,0.009173191,0.017506566,-0.012267331,0.013968599,-0.001161806,-0.003639425
3.969810247,1.960649490,-1.031426430,-1.408408165,-0.027420998,0.690493584,0.026653290,0.007385254,-0.119935989,0.036926270,-0.070495605,0.037765503,-0.028701782,1.960649490,-1.031043053,-1.408408165,-0.027420998,0.690876961,0.026653290,0.000042073,17.502519608,-3.763075590,-1.229900360,0.308190405,0.000753970,0.008560181,17.465782166,-3.841505051,-1.280155182,0.296299934,-0.010467529,0.000042073,17.502519608,-3.763075590,-1.229900360,0.308190405,0.000753970,0.000000000,0.000000000,0.000000000,0.000000000,0.000000000,0.000000000,0.000000000,0.000000000,0.000000000,0.000000000,0.000000000,0.000000000,0.000000000,0.000000000,0.000000000,0.000000000,0.000000000,0.000000000,0.008518108,-0.036737442,-0.078429461,-0.050254822,-0.011890471,-0.011221500,0.009173190,-0.035855326,-0.005274752,0.004387152,-0.012172512,-0.009620611
3.979841232,1.960649490,-1.031043053,-1.408408165,-0.027420998,0.690493584,0.026653290,-0.074523926,0.050354004,0.062438965,-0.027526855,-0.058914185,-0.019638062,1.960649490,-1.031043053,-1.408408165,-0.027420998,0.690493584,0.026653290,0.000042072,17.502258301,-3.762827396,-1.229624629,0.308288097,0.000754230,0.010116577,17.518882751,-3.825941086,-1.278598785,0.298863411,0.003204346,0.000042072,17.502258301,-3.762827396,-1.229624629,0.308288097,0.000754230,0.000000000,0.000000000,0.000000000,0.000000000,0.000000000,0.000000000,0.000000000,0.000000000,0.000000000,0.000000000,0.000000000,0.000000000,0.000000000,0.000000000,0.000000000,0.000000000,0.000000000,0.000000000,0.010074505,0.016624451,-0.063113689,-0.048974156,-0.009424686,0.002450116,0.010729587,0.017506566,0.010041019,0.005667818,-0.009706728,0.004051005
3.989742279,1.960649490,-1.031043053,-1.408408165,-0.027420998,0.690876961,0.026653290,-0.058410645,0.088197708,-0.079895020,-0.034240723,0.027694702,-0.019638062,1.960649490,-1.031426430,-1.408024788,-0.027420998,0.690493584,0.026653290,0.000042064,17.499036789,-3.756833315,-1.228682995,0.307736278,0.000752744,0.004409790,17.520713806,-3.856550217,-1.295201302,0.291172981,0.009613037,0.000042064,17.499036789,-3.756833315,-1.228682995,0.307736278,0.000752744,0.000000000,0.000000000,0.000000000,0.000000000,0.000000000,0.000000000,0.000000000,0.000000000,0.000000000,0.000000000,0.000000000,0.000000000,0.000000000,0.000000000,0.000000000,0.000000000,0.000000000,0.000000000,0.004367726,0.021677017,-0.099716902,-0.066518307,-0.016563296,0.008860293,0.005022808,0.022559133,-0.026562194,-0.011876333,-0.016845337,0.010461182
3.999709129,1.960649490,-1.031426430,-1.408408165,-0.027420998,0.690493584,0.026653290,-0.006042480,0.049743652,-0.015441895,-0.010070801,0.001510620,0.011581421,1.960649490,-1.031043053,-1.408408165,-0.027420998,0.690493584,0.026653290,0.000042072,17.502258301,-3.762827396,-1.229624629,0.308288097,0.000754230,0.006484985,17.478599548,-3.830091476,-1.277561188,0.288182259,0.000213623,0.000042072,17.502258301,-3.762827396,-1.229624629,0.308288097,0.000754230,0.000000000,0.000000000,0.000000000,0.000000000,0.000000000,0.000000000,0.000000000,0.000000000,0.000000000,0.000000000,0.000000000,0.000000000,0.000000000,0.000000000,0.000000000,0.000000000,0.000000000,0.000000000,0.006442913,-0.023658752,-0.067264080,-0.047936559,-0.020105839,-0.000540607,0.007097995,-0.022776637,0.005890628,0.006705415,-0.020387880,0.001060282
4.009732723,1.960266113,-1.031426430,-1.408408165,-0.027420998,0.690493584,0.026653290,0.028869629,0.012512207,-0.008728027,0.133605957,0.056900024,-0.030715942,1.960649490,-1.031043053,-1.408408165,-0.027420998,0.690493584,0.026653290,0.000042072,17.502258301,-3.762827396,-1.229624629,0.308288097,0.000754230,0.005966187,17.463951111,-3.836835861,-1.276004791,0.306981087,-0.005767822,0.000042072,17.502258301,-3.762827396,-1.229624629,0.308288097,0.000754230,0.000000000,0.000000000,0.000000000,0.000000000,0.000000000,0.000000000,0.000000000,0.000000000,0.000000000,0.000000000,0.000000000,0.000000000,0.000000000,0.000000000,0.000000000,0.000000000,0.000000000,0.000000000,0.005924114,-0.038307190,-0.074008465,-0.046380162,-0.001307011,-0.006522052,0.006579197,-0.037425074,-0.000853757,0.008261812,-0.001589052,-0.004921163
4.019867659,1.960649490,-1.031043053,-1.408024788,-0.027420998,0.690493584,0.026653290,0.051696777,0.062561035,0.016784668,0.079895020,-0.003524780,0.042800903,1.960649490,-1.031043053,-1.408024788,-0.027420998,0.690493584,0.026653290,0.000042064,17.499094009,-3.759830713,-1.229153872,0.308012217,0.000753487,-0.004409790,17.539024353,-3.824903488,-1.281711578,0.308262825,-0.008758545,0.000042064,17.499094009,-3.759830713,-1.229153872,0.308012217,0.000753487,0.000000000,0.000000000,0.000000000,0.000000000,0.000000000,0.000000000,0.000000000,0.000000000,0.000000000,0.000000000,0.000000000,0.000000000,0.000000000,0.000000000,0.000000000,0.000000000,0.000000000,0.000000000,-0.004451854,0.039930344,-0.065072775,-0.052557707,0.000250608,-0.009512032,-0.003796772,0.040812459,0.008081933,0.002084267,-0.000031433,-0.007911143
4.029741049,1.960649490,-1.031426430,-1.408408165,-0.027420998,0.690876961,0.026653290,0.012756348,-0.086977005,-0.019470215,0.030212402,0.022659302,-0.044815063,1.960649490,-1.031426430,-1.408408165,-0.027420998,0.690876961,0.026653290,0.000042073,17.502464294,-3.760078907,-1.229429722,0.307914615,0.000753228,0.004409790,17.506065369,-3.851881027,-1.282749176,0.287755013,0.009185791,0.000042073,17.502464294,-3.760078907,-1.229429722,0.307914615,0.000753228,0.000000000,0.000000000,0.000000000,0.000000000,0.000000000,0.000000000,0.000000000,0.000000000,0.000000000,0.000000000,0.000000000,0.000000000,0.000000000,0.000000000,0.000000000,0.000000000,0.000000000,0.000000000,0.004367717,0.003601074,-0.091802120,-0.053319454,-0.020159602,0.008432563,0.005022799,0.004483190,-0.018647412,0.001322520,-0.020441643,0.010033452
4.039743423,1.960649490,-1.031426430,-1.408408165,-0.027420998,0.690876961,0.026653290,0.008728027,-0.055849075,0.083923340,-0.144351959,0.020645142,-0.031723022,1.960649490,-1.031426430,-1.408408165,-0.027420998,0.690493584,0.026653290,0.000042072,17.502201080,-3.759830713,-1.229153872,0.308012217,0.000753487,0.010116577,17.511558533,-3.819715500,-1.282749176,0.312108040,0.004913330,0.000042072,17.502201080,-3.759830713,-1.229153872,0.308012217,0.000753487,0.000000000,0.000000000,0.000000000,0.000000000,0.000000000,0.000000000,0.000000000,0.000000000,0.000000000,0.000000000,0.000000000,0.000000000,0.000000000,0.000000000,0.000000000,0.000000000,0.000000000,0.000000000,0.010074505,0.009357452,-0.059884787,-0.053595304,0.004095823,0.004159843,0.010729587,0.010239568,0.013269921,0.001046669,0.003813781,0.005760732
4.049747229,1.960649490,-1.031043053,-1.408024788,-0.027420998,0.690493584,0.026653290,0.040954590,0.066223145,0.108093262,-0.083923340,0.024673462,-0.001510620,1.960649490,-1.031426430,-1.408408165,-0.027420998,0.690876961,0.026653290,0.000042073,17.502464294,-3.760078907,-1.229429722,0.307914615,0.000753228,0.013229370,17.498741150,-3.845655441,-1.282749176,0.321934700,0.007904053,0.000042073,17.502464294,-3.760078907,-1.229429722,0.307914615,0.000753228,0.000000000,0.000000000,0.000000000,0.000000000,0.000000000,0.000000000,0.000000000,0.000000000,0.000000000,0.000000000,0.000000000,0.000000000,0.000000000,0.000000000,0.000000000,0.000000000,0.000000000,0.000000000,0.013187297,-0.003723145,-0.085576534,-0.053319454,0.014020085,0.007150825,0.013842379,-0.002841029,-0.012421826,0.001322520,0.013738044,0.008751714
4.059744120,1.960649490,-1.031426430,-1.408408165,-0.027420998,0.690876961,0.026653290,0.036926270,0.029602051,0.008728027,-0.027526855,0.020645142,-0.018630981,1.960649490,-1.031426430,-1.408408165,-0.027420998,0.690876961,0.026653290,0.000042073,17.502464294,-3.760078907,-1.229429722,0.307914615,0.000753228,0.004928589,17.476768494,-3.845655441,-1.276004791,0.291172981,0.004486084,0.000042073,17.502464294,-3.760078907,-1.229429722,0.307914615,0.000753228,0.000000000,0.000000000,0.000000000,0.000000000,0.000000000,0.000000000,0.000000000,0.000000000,0.000000000,0.000000000,0.000000000,0.000000000,0.000000000,0.000000000,0.000000000,0.000000000,0.000000000,0.000000000,0.004886516,-0.025695801,-0.085576534,-0.046575069,-0.016741633,0.003732856,0.005541598,-0.024813685,-0.012421826,0.008066904,-0.017023675,0.005333745
4.069743156,1.960649490,-1.031043053,-1.408408165,-0.027420998,0.690493584,0.026653290,0.063781738,0.044860840,-0.007385254,-0.063781738,-0.005538940,-0.076038361,1.960649490,-1.031043053,-1.408408165,-0.027420998,0.690876961,0.026653290,0.000042073,17.502519608,-3.763075590,-1.229900360,0.308190405,0.000753970,-0.007522583,17.546348572,-3.841505051,-1.277042389,0.344578743,0.001922607,0.000042073,17.502519608,-3.763075590,-1.229900360,0.308190405,0.000753970,0.000000000,0.000000000,0.000000000,0.000000000,0.000000000,0.000000000,0.000000000,0.000000000,0.000000000,0.000000000,0.000000000,0.000000000,0.000000000,0.000000000,0.000000000,0.000000000,0.000000000,0.000000000,-0.007564656,0.043828964,-0.078429461,-0.047142029,0.036388338,0.001168637,-0.006909574,0.044711080,-0.005274752,0.007499945,0.036106296,0.002769526
4.079789877,1.960649490,-1.031043053,-1.408408165,-0.027420998,0.690493584,0.026653290,-0.046325684,0.086977005,-0.164493561,-0.098697662,0.003524780,0.002517700,1.960649490,-1.031043053,-1.408024788,-0.027420998,0.690876961,0.026653290,0.000042065,17.499357224,-3.760078907,-1.229429722,0.307914615,0.000753228,-0.009597778,17.482261658,-3.836835861,-1.270816803,0.318516731,-0.006622314,0.000042065,17.499357224,-3.760078907,-1.229429722,0.307914615,0.000753228,0.000000000,0.000000000,0.000000000,0.000000000,0.000000000,0.000000000,0.000000000,0.000000000,0.000000000,0.000000000,0.000000000,0.000000000,0.000000000,0.000000000,0.000000000,0.000000000,0.000000000,0.000000000,-0.009639843,-0.017095566,-0.076756954,-0.041387081,0.010602117,-0.007375542,-0.008984761,-0.016213450,-0.003602246,0.013254893,0.010320075,-0.005774654
4.089708328,1.960649490,-1.031043053,-1.408408165,-0.027420998,0.690876961,0.026653290,-0.085266113,0.061950684,0.016784668,-0.083923340,0.041793823,-0.013595581,1.960649490,-1.031426430,-1.408408165,-0.027420998,0.690493584,0.026653290,0.000042072,17.502201080,-3.759830713,-1.229153872,0.308012217,0.000753487,0.014785767,17.482261658,-3.795849800,-1.279117584,0.337315559,-0.005767822,0.000042072,17.502201080,-3.759830713,-1.229153872,0.308012217,0.000753487,0.000000000,0.000000000,0.000000000,0.000000000,0.000000000,0.000000000,0.000000000,0.000000000,0.000000000,0.000000000,0.000000000,0.000000000,0.000000000,0.000000000,0.000000000,0.000000000,0.000000000,0.000000000,0.014743695,-0.019939423,-0.036019087,-0.049963713,0.029303342,-0.006521309,0.015398777,-0.019057307,0.037135621,0.004678261,0.029021301,-0.004920420
4.099708080,1.960649490,-1.031043053,-1.408024788,-0.027420998,0.690876961,0.026653290,-0.079895020,0.041809082,-0.038269043,0.031555176,0.014602661,0.055892944,1.960649490,-1.031043053,-1.408408165,-0.027420998,0.690493584,0.026653290,0.000042072,17.502258301,-3.762827396,-1.229624629,0.308288097,0.000754230,-0.015304565,17.463951111,-3.839948654,-1.290012360,0.301854134,0.012603760,0.000042072,17.502258301,-3.762827396,-1.229624629,0.308288097,0.000754230,0.000000000,0.000000000,0.000000000,0.000000000,0.000000000,0.000000000,0.000000000,0.000000000,0.000000000,0.000000000,0.000000000,0.000000000,0.000000000,0.000000000,0.000000000,0.000000000,0.000000000,0.000000000,-0.015346638,-0.038307190,-0.077121258,-0.060387731,-0.006433964,0.011849530,-0.014691555,-0.037425074,-0.003966550,-0.005745757,-0.006716005,0.013450419
4.109741211,1.960649490,-1.031426430,-1.408408165,-0.027420998,0.690876961,0.026653290,0.059753418,-0.013122559,0.010070801,-0.096012115,0.012588501,-0.005538940,1.960649490,-1.031426430,-1.408408165,-0.027420998,0.690876961,0.026653290,0.000042073,17.502464294,-3.760078907,-1.229429722,0.307914615,0.000753228,0.011154175,17.518882751,-3.821271896,-1.284305573,0.321934700,0.007049561,0.000042073,17.502464294,-3.760078907,-1.229429722,0.307914615,0.000753228,0.000000000,0.000000000,0.000000000,0.000000000,0.000000000,0.000000000,0.000000000,0.000000000,0.000000000,0.000000000,0.000000000,0.000000000,0.000000000,0.000000000,0.000000000,0.000000000,0.000000000,0.000000000,0.011112102,0.016418457,-0.061192989,-0.054875851,0.014020085,0.006296333,0.011767184,0.017300573,0.011961719,-0.000233877,0.013738044,0.007897221
4.119709253,1.960649490,-1.031043053,-1.408408165,-0.027420998,0.690876961,0.026653290,-0.105411530,0.089418411,0.034240723,0.014099121,0.078048706,-0.032730103,1.960649490,-1.031043053,-1.408408165,-0.027420998,0.690876961,0.026653290,0.000042073,17.502519608,-3.763075590,-1.229900360,0.308190405,0.000753970,-0.016342163,17.517051697,-3.826978683,-1.280673981,0.312962532,0.011322021,0.000042073,17.502519608,-3.763075590,-1.229900360,0.308190405,0.000753970,0.000000000,0.000000000,0.000000000,0.000000000,0.000000000,0.000000000,0.000000000,0.000000000,0.000000000,0.000000000,0.000000000,0.000000000,0.000000000,0.000000000,0.000000000,0.000000000,0.000000000,0.000000000,-0.016384236,0.014532089,-0.063903093,-0.050773621,0.004772127,0.010568051,-0.015729154,0.015414205,0.009251615,0.003868353,0.004490086,0.012168940
4.129710197,1.960649490,-1.031426430,-1.408408165,-0.027420998,0.690493584,0.026653290,-0.113468170,-0.017395020,-0.014099121,-0.063781738,-0.016616821,0.039779663,1.960649490,-1.031043053,-1.408408165,-0.027420998,0.690876961,0.026653290,0.000042073,17.502519608,-3.763075590,-1.229900360,0.308190405,0.000753970,0.006484985,17.485923767,-3.820753098,-1.259403229,0.356541634,0.013885498,0.000042073,17.502519608,-3.763075590,-1.229900360,0.308190405,0.000753970,0.000000000,0.000000000,0.000000000,0.000000000,0.000000000,0.000000000,0.000000000,0.000000000,0.000000000,0.000000000,0.000000000,0.000000000,0.000000000,0.000000000,0.000000000,0.000000000,0.000000000,0.000000000,0.006442912,-0.016595840,-0.057677507,-0.029502869,0.048351228,0.013131528,0.007097994,-0.015713725,0.015477201,0.025139105,0.048069187,0.014732416
4.139710903,1.960649490,-1.031043053,-1.408408165,-0.027420998,0.690876961,0.026653290,0.002014160,-0.036315918,-0.066467285,-0.120182037,0.034744263,-0.047836304,1.960649490,-1.031426430,-1.408024788,-0.027420998,0.690876961,0.026653290,0.000042065,17.499300003,-3.757081747,-1.228958964,0.307638764,0.000752485,-0.010116577,17.485923767,-3.795331001,-1.291568756,0.322789192,-0.014739990,0.000042065,17.499300003,-3.757081747,-1.228958964,0.307638764,0.000752485,0.000000000,0.000000000,0.000000000,0.000000000,0.000000000,0.000000000,0.000000000,0.000000000,0.000000000,0.000000000,0.000000000,0.000000000,0.000000000,0.000000000,0.000000000,0.000000000,0.000000000,0.000000000,-0.010158642,-0.013376236,-0.038249254,-0.062609792,0.015150428,-0.015492475,-0.009503560,-0.012494120,0.034905454,-0.007967818,0.014868387,-0.013891587
4.149726629,1.960649490,-1.031043053,-1.408408165,-0.027420998,0.690876961,0.026653290,-0.120182037,0.081483841,0.016784668,0.040954590,0.080062866,0.038772583,1.960649490,-1.031043053,-1.408408165,-0.027420998,0.690876961,0.026653290,0.000042073,17.502519608,-3.763075590,-1.229900360,0.308190405,0.000753970,0.010116577,17.473106384,-3.838911057,-1.231388092,0.309117317,-0.002349854,0.000042073,17.502519608,-3.763075590,-1.229900360,0.308190405,0.000753970,0.000000000,0.000000000,0.000000000,0.000000000,0.000000000,0.000000000,0.000000000,0.000000000,0.000000000,0.000000000,0.000000000,0.000000000,0.000000000,0.000000000,0.000000000,0.000000000,0.000000000,0.000000000,0.010074504,-0.029413223,-0.075835466,-0.001487732,0.000926912,-0.003103824,0.010729586,-0.028531108,-0.002680758,0.053154242,0.000644871,-0.001502935
4.159749746,1.960649490,-1.031426430,-1.408408165,-0.027420998,0.690876961,0.026653290,0.066467285,0.026550293,-0.014099121,0.066467285,-0.027694702,0.054885864,1.960649490,-1.031426430,-1.408408165,-0.027420998,0.690876961,0.026653290,0.000042073,17.502464294,-3.760078907,-1.229429722,0.307914615,0.000753228,-0.014785767,17.476768494,-3.847211838,-1.289493561,0.300572395,-0.006622314,0.000042073,17.502464294,-3.760078907,-1.229429722,0.307914615,0.000753228,0.000000000,0.000000000,0.000000000,0.000000000,0.000000000,0.000000000,0.000000000,0.000000000,0.000000000,0.000000000,0.000000000,0.000000000,0.000000000,0.000000000,0.000000000,0.000000000,0.000000000,0.000000000,-0.014827840,-0.025695801,-0.087132931,-0.060063839,-0.007342219,-0.007375542,-0.014172757,-0.024813685,-0.013978223,-0.005421865,-0.007624261,-0.005774654
4.169710398,1.960649490,-1.031043053,-1.408024788,-0.027420998,0.690876961,0.026653290,-0.098697662,0.001525879,0.129577637,-0.020812988,-0.034744263,0.037765503,1.960649490,-1.031426430,-1.408408165,-0.027420998,0.690876961,0.026653290,0.000042073,17.502464294,-3.760078907,-1.229429722,0.307914615,0.000753228,-0.011154175,17.491416931,-3.836317062,-1.276523590,0.321080208,-0.009613037,0.000042073,17.502464294,-3.760078907,-1.229429722,0.307914615,0.000753228,0.000000000,0.000000000,0.000000000,0.000000000,0.000000000,0.000000000,0.000000000,0.000000000,0.000000000,0.000000000,0.000000000,0.000000000,0.000000000,0.000000000,0.000000000,0.000000000,0.000000000,0.000000000,-0.011196248,-0.011047363,-0.076238155,-0.047093868,0.013165593,-0.010366265,-0.010541166,-0.010165248,-0.003083447,0.007548106,0.012883552,-0.008765376
4.179741621,1.960649490,-1.031426430,-1.408408165,-0.027420998,0.690876961,0.026653290,-0.036926270,0.006408691,-0.136295319,0.061096191,0.067977905,-0.019638062,1.960649490,-1.031426430,-1.408408165,-0.027420998,0.690876961,0.026653290,0.000042073,17.502464294,-3.760078907,-1.229429722,0.307914615,0.000753228,0.007003784,17.504234314,-3.858625412,-1.282230377,0.334324837,-0.009613037,0.000042073,17.502464294,-3.760078907,-1.229429722,0.307914615,0.000753228,0.000000000,0.000000000,0.000000000,0.000000000,0.000000000,0.000000000,0.000000000,0.000000000,0.000000000,0.000000000,0.000000000,0.000000000,0.000000000,0.000000000,0.000000000,0.000000000,0.000000000,0.000000000,0.006961711,0.001770020,-0.098546505,-0.052800655,0.026410222,-0.010366265,0.007616793,0.002652135,-0.025391797,0.001841319,0.026128181,-0.008765376
4.189747810,1.960649490,-1.031426430,-1.408408165,-0.027420998,0.690876961,0.026653290,0.028869629,-0.035705566,0.051696777,0.026184082,0.062942505,-0.015609741,1.960649490,-1.031043053,-1.408408165,-0.027420998,0.690876961,0.026653290,0.000042073,17.502519608,-3.763075590,-1.229900360,0.308190405,0.000753970,-0.001296997,17.517051697,-3.830610275,-1.294681549,0.301854134,-0.002777100,0.000042073,17.502519608,-3.763075590,-1.229900360,0.308190405,0.000753970,0.000000000,0.000000000,0.000000000,0.000000000,0.000000000,0.000000000,0.000000000,0.000000000,0.000000000,0.000000000,0.000000000,0.000000000,0.000000000,0.000000000,0.000000000,0.000000000,0.000000000,0.000000000,-0.001339070,0.014532089,-0.067534685,-0.064781189,-0.006336272,-0.003531070,-0.000683988,0.015414205,0.005620023,-0.010139215,-0.006618313,-0.001930181
4.199708700,1.960649490,-1.031043053,-1.408408165,-0.027420998,0.690876961,0.026653290,-0.090641022,-0.082094193,-0.222232819,0.043640137,-0.045822144,-0.025680542,1.960649490,-1.031043053,-1.408408165,-0.027420998,0.690876961,0.026653290,0.000042073,17.502519608,-3.763075590,-1.229900360,0.308190405,0.000753970,0.009597778,17.528038025,-3.904280663,-1.274448395,0.314671516,0.001495361,0.000042073,17.502519608,-3.763075590,-1.229900360,0.308190405,0.000753970,0.000000000,0.000000000,0.000000000,0.000000000,0.000000000,0.000000000,0.000000000,0.000000000,0.000000000,0.000000000,0.000000000,0.000000000,0.000000000,0.000000000,0.000000000,0.000000000,0.000000000,0.000000000,0.009555705,0.025518417,-0.141205072,-0.044548035,0.006481111,0.000741391,0.010210787,0.026400533,-0.068050364,0.010093939,0.006199070,0.002342279
4.209709883,1.960649490,-1.031043053,-1.408408165,-0.027420998,0.690876961,0.026653290,-0.006042480,0.027160645,0.130920410,-0.022155762,-0.056900024,-0.006546021,1.960649490,-1.031043053,-1.408024788,-0.027420998,0.690876961,0.026653290,0.000042065,17.499357224,-3.760078907,-1.229429722,0.307914615,0.000753228,0.007003784,17.500572205,-3.837873459,-1.293125153,0.301854134,0.013031006,0.000042065,17.499357224,-3.760078907,-1.229429722,0.307914615,0.000753228,0.000000000,0.000000000,0.000000000,0.000000000,0.000000000,0.000000000,0.000000000,0.000000000,0.000000000,0.000000000,0.000000000,0.000000000,0.000000000,0.000000000,0.000000000,0.000000000,0.000000000,0.000000000,0.006961719,0.001214981,-0.077794552,-0.063695431,-0.006060481,0.012277778,0.007616801,0.002097097,-0.004639844,-0.009053457,-0.006342522,0.013878667
4.219707727,1.960649490,-1.031043053,-1.408408165,-0.027420998,0.690493584,0.026653290,0.118835449,0.054016113,0.061096191,-0.049011230,-0.068988800,0.007553101,1.960649490,-1.031426430,-1.408408165,-0.027420998,0.690876961,0.026653290,0.000042073,17.502464294,-3.760078907,-1.229429722,0.307914615,0.000753228,0.015823364,17.502403259,-3.849805832,-1.293643951,0.329197884,-0.012176514,0.000042073,17.502464294,-3.760078907,-1.229429722,0.307914615,0.000753228,0.000000000,0.000000000,0.000000000,0.000000000,0.000000000,0.000000000,0.000000000,0.000000000,0.000000000,0.000000000,0.000000000,0.000000000,0.000000000,0.000000000,0.000000000,0.000000000,0.000000000,0.000000000,0.015781291,-0.000061035,-0.089726925,-0.064214230,0.021283269,-0.012929741,0.016436373,0.000821080,-0.016572217,-0.009572256,0.021001228,-0.011328853
4.229710340,1.960649490,-1.031426430,-1.408408165,-0.027420998,0.690493584,0.026653290,0.031555176,-0.009460449,0.061096191,-0.070495605,-0.042800903,-0.004531860,1.960649490,-1.031426430,-1.408408165,-0.027420998,0.690876961,0.026653290,0.000042073,17.502464294,-3.760078907,-1.229429722,0.307914615,0.000753228,0.007003784,17.529869080,-3.850324631,-1.291568756,0.317662239,-0.001068115,0.000042073,17.502464294,-3.760078907,-1.229429722,0.307914615,0.000753228,0.000000000,0.000000000,0.000000000,0.000000000,0.000000000,0.000000000,0.000000000,0.000000000,0.000000000,0.000000000,0.000000000,0.000000000,0.000000000,0.000000000,0.000000000,0.000000000,0.000000000,0.000000000,0.006961711,0.027404785,-0.090245724,-0.062139034,0.009747624,-0.001821343,0.007616793,0.028286901,-0.017091016,-0.007497060,0.009465583,-0.000220454
4.239742517,1.960649490,-1.031043053,-1.408408165,-0.027420998,0.690493584,0.026653290,0.046325684,-0.046083450,0.016784668,0.069152832,0.011581421,-0.007553101,1.960649490,-1.031426430,-1.408408165,-0.027420998,0.690493584,0.026653290,0.000042072,17.502201080,-3.759830713,-1.229153872,0.308012217,0.000753487,0.007003784,17.504234314,-3.849287033,-1.294681549,0.291172981,0.007049561,0.000042072,17.502201080,-3.759830713,-1.229153872,0.308012217,0.000753487,0.000000000,0.000000000,0.000000000,0.000000000,0.000000000,0.000000000,0.000000000,0.000000000,0.000000000,0.000000000,0.000000000,0.000000000,0.000000000,0.000000000,0.000000000,0.000000000,0.000000000,0.000000000,0.006961712,0.002033234,-0.089456320,-0.065527678,-0.016839236,0.006296074,0.007616794,0.002915349,-0.016301612,-0.010885704,-0.017121277,0.007896962
4.249708176,1.960649490,-1.031043053,-1.408408165,-0.027420998,0.690876961,0.026653290,0.051696777,0.111391068,0.010070801,-0.194034576,0.059921265,-0.004531860,1.960649490,-1.031043053,-1.408024788,-0.027420998,0.690876961,0.026653290,0.000042065,17.499357224,-3.760078907,-1.229429722,0.307914615,0.000753228,0.016860962,17.482261658,-3.819715500,-1.278079987,0.293736458,-0.007049561,0.000042065,17.499357224,-3.760078907,-1.229429722,0.307914615,0.000753228,0.000000000,0.000000000,0.000000000,0.000000000,0.000000000,0.000000000,0.000000000,0.000000000,0.000000000,0.000000000,0.000000000,0.000000000,0.000000000,0.000000000,0.000000000,0.000000000,0.000000000,0.000000000,0.016818897,-0.017095566,-0.059636593,-0.048650265,-0.014178157,-0.007802788,0.017473979,-0.016213450,0.013518115,0.005991709,-0.014460198,-0.006201900
4.259720802,1.960649490,-1.031043053,-1.408408165,-0.027420998,0.690493584,0.026653290,0.051696777,0.190126419,-0.074523926,-0.044982910,-0.026687622,-0.058914185,1.960649490,-1.031043053,-1.408408165,-0.027420998,0.690493584,0.026653290,0.000042072,17.502258301,-3.762827396,-1.229624629,0.308288097,0.000754230,-0.011154175,17.473106384,-3.834241867,-1.286899567,0.309117317,-0.021148682,0.000042072,17.502258301,-3.762827396,-1.229624629,0.308288097,0.000754230,0.000000000,0.000000000,0.000000000,0.000000000,0.000000000,0.000000000,0.000000000,0.000000000,0.000000000,0.000000000,0.000000000,0.000000000,0.000000000,0.000000000,0.000000000,0.000000000,0.000000000,0.000000000,-0.011196247,-0.029151917,-0.071414471,-0.057274938,0.000829220,-0.021902911,-0.010541165,-0.028269801,0.001740237,-0.002632964,0.000547179,-0.020302023
4.269752979,1.960649490,-1.031043053,-1.408408165,-0.027420998,0.690876961,0.026653290,-0.070495605,-0.055849075,0.014099121,-0.091983795,0.003524780,0.036758423,1.960649490,-1.031043053,-1.408408165,-0.027420998,0.690876961,0.026653290,0.000042073,17.502519608,-3.763075590,-1.229900360,0.308190405,0.000753970,0.010635376,17.507896423,-3.844099045,-1.314915657,0.334324837,0.002349854,0.000042073,17.502519608,-3.763075590,-1.229900360,0.308190405,0.000753970,0.000000000,0.000000000,0.000000000,0.000000000,0.000000000,0.000000000,0.000000000,0.000000000,0.000000000,0.000000000,0.000000000,0.000000000,0.000000000,0.000000000,0.000000000,0.000000000,0.000000000,0.000000000,0.010593303,0.005376816,-0.081023455,-0.085015297,0.026134431,0.001595883,0.011248385,0.006258931,-0.007868747,-0.030373323,0.025852390,0.003196772
4.279653311,1.960649490,-1.031043053,-1.408408165,-0.027420998,0.690876961,0.026653290,0.022155762,0.082704544,0.100036621,0.024841309,0.048843384,0.028701782,1.960649490,-1.031043053,-1.408408165,-0.027420998,0.690876961,0.026653290,0.000042073,17.502519608,-3.763075590,-1.229900360,0.308190405,0.000753970,-0.007522583,17.478599548,-3.837354660,-1.293643951,0.327061653,0.003204346,0.000042073,17.502519608,-3.763075590,-1.229900360,0.308190405,0.000753970,0.000000000,0.000000000,0.000000000,0.000000000,0.000000000,0.000000000,0.000000000,0.000000000,0.000000000,0.000000000,0.000000000,0.000000000,0.000000000,0.000000000,0.000000000,0.000000000,0.000000000,0.000000000,-0.007564656,-0.023920059,-0.074279070,-0.063743591,0.018871248,0.002450375,-0.006909574,-0.023037944,-0.001124362,-0.009101617,0.018589207,0.004051264
4.289737940,1.960649490,-1.031043053,-1.408408165,-0.027420998,0.690876961,0.026653290,0.061096191,0.017395020,-0.091983795,-0.044982910,0.064956665,-0.042800903,1.960649490,-1.031426430,-1.408408165,-0.027420998,0.690876961,0.026653290,0.000042073,17.502464294,-3.760078907,-1.229429722,0.307914615,0.000753228,0.010635376,17.513389587,-3.834241867,-1.282749176,0.295445442,0.012176514,0.000042073,17.502464294,-3.760078907,-1.229429722,0.307914615,0.000753228,0.000000000,0.000000000,0.000000000,0.000000000,0.000000000,0.000000000,0.000000000,0.000000000,0.000000000,0.000000000,0.000000000,0.000000000,0.000000000,0.000000000,0.000000000,0.000000000,0.000000000,0.000000000,0.010593303,0.010925293,-0.074162960,-0.053319454,-0.012469172,0.011423286,0.011248385,0.011807408,-0.001008252,0.001322520,-0.012751214,0.013024175
4.299742937,1.960266113,-1.031426430,-1.408408165,-0.027420998,0.690493584,0.026653290,-0.077209473,0.003967285,-0.100040436,0.043640137,-0.042800903,0.029708862,1.960649490,-1.031043053,-1.408408165,-0.027420998,0.690493584,0.026653290,0.000042072,17.502258301,-3.762827396,-1.229624629,0.308288097,0.000754230,0.002334595,17.520713806,-3.817120552,-1.279636383,0.311680794,-0.005767822,0.000042072,17.502258301,-3.762827396,-1.229624629,0.308288097,0.000754230,0.000000000,0.000000000,0.000000000,0.000000000,0.000000000,0.000000000,0.000000000,0.000000000,0.000000000,0.000000000,0.000000000,0.000000000,0.000000000,0.000000000,0.000000000,0.000000000,0.000000000,0.000000000,0.002292523,0.018455505,-0.054293156,-0.050011754,0.003392696,-0.006522052,0.002947605,0.019337621,0.018861552,0.004630220,0.003110655,-0.004921163
4.309712410,1.960649490,-1.031043053,-1.408408165,-0.027420998,0.690876961,0.026653290,-0.121524811,-0.004577637,-0.046325684,0.020812988,0.016616821,0.004531860,1.960649490,-1.031043053,-1.408408165,-0.027420998,0.690493584,0.026653290,0.000042072,17.502258301,-3.762827396,-1.229624629,0.308288097,0.000754230,0.003890991,17.485923767,-3.818677902,-1.283267975,0.274083138,0.005767822,0.000042072,17.502258301,-3.762827396,-1.229624629,0.308288097,0.000754230,0.000000000,0.000000000,0.000000000,0.000000000,0.000000000,0.000000000,0.000000000,0.000000000,0.000000000,0.000000000,0.000000000,0.000000000,0.000000000,0.000000000,0.000000000,0.000000000,0.000000000,0.000000000,0.003848919,-0.016334534,-0.055850506,-0.053643346,-0.034204960,0.005013593,0.004504001,-0.015452418,0.017304202,0.000998628,-0.034487001,0.006614481
4.319733620,1.960649490,-1.031043053,-1.408408165,-0.027420998,0.690493584,0.026653290,-0.104068756,0.077819824,0.018127441,0.091979980,0.019638062,0.007553101,1.960649490,-1.031043053,-1.408408165,-0.027420998,0.690493584,0.026653290,0.000042072,17.502258301,-3.762827396,-1.229624629,0.308288097,0.000754230,0.002334595,17.491416931,-3.840467453,-1.356419563,0.303990364,0.004486084,0.000042072,17.502258301,-3.762827396,-1.229624629,0.308288097,0.000754230,0.000000000,0.000000000,0.000000000,0.000000000,0.000000000,0.000000000,0.000000000,0.000000000,0.000000000,0.000000000,0.000000000,0.000000000,0.000000000,0.000000000,0.000000000,0.000000000,0.000000000,0.000000000,0.002292523,-0.010841370,-0.077640057,-0.126794934,-0.004297733,0.003731854,0.002947605,-0.009959254,-0.004485349,-0.072152960,-0.004579774,0.005332743
4.329740524,1.960649490,-1.031426430,-1.408408165,-0.027420998,0.690493584,0.026653290,0.010070801,-0.009460449,0.100036621,0.112121582,-0.021652222,0.035751343,1.960649490,-1.031043053,-1.408408165,-0.027420998,0.690876961,0.026653290,0.000042073,17.502519608,-3.763075590,-1.229900360,0.308190405,0.000753970,0.014266968,17.511558533,-3.825941086,-1.284305573,0.324925423,0.006622314,0.000042073,17.502519608,-3.763075590,-1.229900360,0.308190405,0.000753970,0.000000000,0.000000000,0.000000000,0.000000000,0.000000000,0.000000000,0.000000000,0.000000000,0.000000000,0.000000000,0.000000000,0.000000000,0.000000000,0.000000000,0.000000000,0.000000000,0.000000000,0.000000000,0.014224895,0.009038925,-0.062865496,-0.054405212,0.016735017,0.005868344,0.014879977,0.009921041,0.010289212,0.000236762,0.016452976,0.007469233
4.339689493,1.960649490,-1.031426430,-1.408408165,-0.027420998,0.690876961,0.026653290,0.077209473,-0.047304153,0.027526855,0.010070801,0.015609741,0.013595581,1.960266113,-1.031043053,-1.408408165,-0.027420998,0.690493584,0.026653290,0.000042082,17.502258301,-3.762827396,-1.229624629,0.308288097,0.000754230,0.005447388,17.489585876,-3.839948654,-1.274448395,0.258274078,-0.000640869,0.000042082,17.502258301,-3.762827396,-1.229624629,0.308288097,0.000754230,0.000000000,0.000000000,0.000000000,0.000000000,0.000000000,0.000000000,0.000000000,0.000000000,0.000000000,0.000000000,0.000000000,0.000000000,0.000000000,0.000000000,0.000000000,0.000000000,0.000000000,0.000000000,0.005405305,-0.012672424,-0.077121258,-0.044823766,-0.050014019,-0.001395099,0.006060388,-0.011790309,-0.003966550,0.009818208,-0.050296060,0.000205790
4.349741459,1.960649490,-1.031043053,-1.408408165,-0.027420998,0.690493584,0.026653290,-0.027526855,0.008239746,0.058410645,0.036926270,-0.011581421,0.054885864,1.960649490,-1.031043053,-1.408408165,-0.027420998,0.690493584,0.026653290,0.000042072,17.502258301,-3.762827396,-1.229624629,0.308288097,0.000754230,0.007003784,17.529869080,-3.840986252,-1.301945686,0.312108040,-0.003631592,0.000042072,17.502258301,-3.762827396,-1.229624629,0.308288097,0.000754230,0.000000000,0.000000000,0.000000000,0.000000000,0.000000000,0.000000000,0.000000000,0.000000000,0.000000000,0.000000000,0.000000000,0.000000000,0.000000000,0.000000000,0.000000000,0.000000000,0.000000000,0.000000000,0.006961712,0.027610779,-0.078158855,-0.072321057,0.003819942,-0.004385821,0.007616794,0.028492894,-0.005004147,-0.017679083,0.003537901,-0.002784933
4.359745979,1.960649490,-1.031043053,-1.408408165,-0.027037621,0.690493584,0.026653290,-0.000671387,-0.105897903,-0.019470215,-0.046325684,0.000503540,0.006546021,1.960649490,-1.031426430,-1.408408165,-0.027037621,0.690493584,0.026653290,0.000042071,17.501754761,-3.759406805,-1.228682995,0.307736278,0.000752744,0.000778198,17.484092712,-3.841505051,-1.313878059,0.303990364,-0.003631592,0.000042071,17.501754761,-3.759406805,-1.228682995,0.307736278,0.000752744,0.000000000,0.000000000,0.000000000,0.000000000,0.000000000,0.000000000,0.000000000,0.000000000,0.000000000,0.000000000,0.000000000,0.000000000,0.000000000,0.000000000,0.000000000,0.000000000,0.000000000,0.000000000,0.000736127,-0.017662048,-0.082098246,-0.085195065,-0.003745914,-0.004384335,0.001391210,-0.016779933,-0.008943538,-0.030553091,-0.004027955,-0.002783447
4.369708300,1.960649490,-1.031426430,-1.408408165,-0.027420998,0.690493584,0.026653290,-0.109439850,-0.097963333,-0.012756348,0.058410645,-0.017623901,0.003524780,1.960649490,-1.031043053,-1.408408165,-0.027420998,0.690876961,0.026653290,0.000042073,17.502519608,-3.763075590,-1.229900360,0.308190405,0.000753970,-0.013229370,17.485923767,-3.797924995,-1.288974762,0.317662239,0.007904053,0.000042073,17.502519608,-3.763075590,-1.229900360,0.308190405,0.000753970,0.000000000,0.000000000,0.000000000,0.000000000,0.000000000,0.000000000,0.000000000,0.000000000,0.000000000,0.000000000,0.000000000,0.000000000,0.000000000,0.000000000,0.000000000,0.000000000,0.000000000,0.000000000,-0.013271443,-0.016595840,-0.034849405,-0.059074402,0.009471834,0.007150082,-0.012616361,-0.015713725,0.038305303,-0.004432428,0.009189793,0.008750971
4.379708767,1.960649490,-1.031426430,-1.408408165,-0.027420998,0.690493584,0.026653290,-0.096012115,-0.107728958,0.008728027,0.000671387,0.041793823,-0.026687622,1.960649490,-1.031043053,-1.408408165,-0.027420998,0.690876961,0.026653290,0.000042073,17.502519608,-3.763075590,-1.229900360,0.308190405,0.000753970,0.001296997,17.454795837,-3.843061447,-1.350712776,0.279210091,-0.008758545,0.000042073,17.502519608,-3.763075590,-1.229900360,0.308190405,0.000753970,0.000000000,0.000000000,0.000000000,0.000000000,0.000000000,0.000000000,0.000000000,0.000000000,0.000000000,0.000000000,0.000000000,0.000000000,0.000000000,0.000000000,0.000000000,0.000000000,0.000000000,0.000000000,0.001254924,-0.047723770,-0.079985857,-0.120812416,-0.028980315,-0.009512515,0.001910006,-0.046841655,-0.006831149,-0.066170442,-0.029262356,-0.007911627
4.389707804,1.960649490,-1.031426430,-1.408408165,-0.027420998,0.690876961,0.026653290,-0.040954590,-0.020446777,-0.023498535,0.044982910,-0.038772583,0.015609741,1.960649490,-1.031043053,-1.408408165,-0.027420998,0.690493584,0.026653290,0.000042072,17.502258301,-3.762827396,-1.229624629,0.308288097,0.000754230,0.006484985,17.507896423,-3.840467453,-1.284305573,0.315953255,-0.009613037,0.000042072,17.502258301,-3.762827396,-1.229624629,0.308288097,0.000754230,0.000000000,0.000000000,0.000000000,0.000000000,0.000000000,0.000000000,0.000000000,0.000000000,0.000000000,0.000000000,0.000000000,0.000000000,0.000000000,0.000000000,0.000000000,0.000000000,0.000000000,0.000000000,0.006442913,0.005638123,-0.077640057,-0.054680943,0.007665157,-0.010367267,0.007097995,0.006520238,-0.004485349,-0.000038970,0.007383116,-0.008766378
4.399745464,1.960649490,-1.031043053,-1.408408165,-0.027420998,0.690493584,0.026653290,0.073181152,0.085756302,-0.121524811,-0.004699707,-0.022659302,0.016616821,1.960649490,-1.031426430,-1.408408165,-0.027420998,0.690493584,0.026653290,0.000042072,17.502201080,-3.759830713,-1.229153872,0.308012217,0.000753487,-0.026199341,17.515220642,-3.815564156,-1.279636383,0.316380501,-0.002777100,0.000042072,17.502201080,-3.759830713,-1.229153872,0.308012217,0.000753487,0.000000000,0.000000000,0.000000000,0.000000000,0.000000000,0.000000000,0.000000000,0.000000000,0.000000000,0.000000000,0.000000000,0.000000000,0.000000000,0.000000000,0.000000000,0.000000000,0.000000000,0.000000000,-0.026241413,0.013019562,-0.055733442,-0.050482512,0.008368284,-0.003530586,-0.025586331,0.013901677,0.017421266,0.004159462,0.008086242,-0.001929698
4.409740925,1.960649490,-1.031426430,-1.408408165,-0.027420998,0.690876961,0.026653290,0.073181152,0.034484863,-0.006042480,0.007385254,0.012588501,0.046829224,1.960649490,-1.031426430,-1.408408165,-0.027420998,0.690493584,0.026653290,0.000042072,17.502201080,-3.759830713,-1.229153872,0.308012217,0.000753487,0.007003784,17.485923767,-3.821790695,-1.291568756,0.321080208,-0.008758545,0.000042072,17.502201080,-3.759830713,-1.229153872,0.308012217,0.000753487,0.000000000,0.000000000,0.000000000,0.000000000,0.000000000,0.000000000,0.000000000,0.000000000,0.000000000,0.000000000,0.000000000,0.000000000,0.000000000,0.000000000,0.000000000,0.000000000,0.000000000,0.000000000,0.006961712,-0.016277313,-0.061959982,-0.062414885,0.013067991,-0.009512032,0.007616794,-0.015395198,0.011194726,-0.007772911,0.012785949,-0.007911143
4.419708967,1.960649490,-1.031043053,-1.408408165,-0.027420998,0.690876961,0.026653290,0.053039551,0.117494583,-0.002014160,-0.014099121,0.081069946,0.015609741,1.960649490,-1.031043053,-1.408408165,-0.027420998,0.690876961,0.026653290,0.000042073,17.502519608,-3.763075590,-1.229900360,0.308190405,0.000753970,-0.004928589,17.506065369,-3.820753098,-1.272891998,0.303990364,0.010894775,0.000042073,17.502519608,-3.763075590,-1.229900360,0.308190405,0.000753970,0.000000000,0.000000000,0.000000000,0.000000000,0.000000000,0.000000000,0.000000000,0.000000000,0.000000000,0.000000000,0.000000000,0.000000000,0.000000000,0.000000000,0.000000000,0.000000000,0.000000000,0.000000000,-0.004970662,0.003545761,-0.057677507,-0.042991638,-0.004200041,0.010140805,-0.004315580,0.004427877,0.015477201,0.011650336,-0.004482082,0.011741694
4.429709673,1.960649490,-1.031043053,-1.408408165,-0.027420998,0.690876961,0.026653290,0.015441895,0.062561035,-0.108097076,0.031555176,-0.025680542,-0.004531860,1.960649490,-1.031043053,-1.408408165,-0.027420998,0.690493584,0.026653290,0.000042072,17.502258301,-3.762827396,-1.229624629,0.308288097,0.000754230,0.012710571,17.487754822,-3.820753098,-1.280673981,0.309117317,-0.003631592,0.000042072,17.502258301,-3.762827396,-1.229624629,0.308288097,0.000754230,0.000000000,0.000000000,0.000000000,0.000000000,0.000000000,0.000000000,0.000000000,0.000000000,0.000000000,0.000000000,0.000000000,0.000000000,0.000000000,0.000000000,0.000000000,0.000000000,0.000000000,0.000000000,0.012668499,-0.014503479,-0.057925701,-0.051049352,0.000829220,-0.004385821,0.013323581,-0.013621363,0.015229007,0.003592622,0.000547179,-0.002784933
4.439727783,1.960649490,-1.031043053,-1.408408165,-0.027420998,0.690493584,0.026653290,0.051696777,-0.044862747,0.065124512,0.062438965,0.008560181,0.030715942,1.960649490,-1.031426430,-1.408408165,-0.027420998,0.690493584,0.026653290,0.000042072,17.502201080,-3.759830713,-1.229153872,0.308012217,0.000753487,0.004409790,17.517051697,-3.833204269,-1.281192780,0.310826302,0.019439697,0.000042072,17.502201080,-3.759830713,-1.229153872,0.308012217,0.000753487,0.000000000,0.000000000,0.000000000,0.000000000,0.000000000,0.000000000,0.000000000,0.000000000,0.000000000,0.000000000,0.000000000,0.000000000,0.000000000,0.000000000,0.000000000,0.000000000,0.000000000,0.000000000,0.004367718,0.014850616,-0.073373556,-0.052038908,0.002814084,0.018686211,0.005022800,0.015732732,-0.000218848,0.002603066,0.002532043,0.020287099
4.449719906,1.960649490,-1.031426430,-1.408408165,-0.027420998,0.690876961,0.026653290,0.077209473,-0.071718216,0.031555176,0.100036621,0.023666382,0.009567261,1.960649490,-1.031426430,-1.408024788,-0.027420998,0.690493584,0.026653290,0.000042064,17.499036789,-3.756833315,-1.228682995,0.307736278,0.000752744,-0.007522583,17.511558533,-3.829572678,-1.276004791,0.303990364,-0.001068115,0.000042064,17.499036789,-3.756833315,-1.228682995,0.307736278,0.000752744,0.000000000,0.000000000,0.000000000,0.000000000,0.000000000,0.000000000,0.000000000,0.000000000,0.000000000,0.000000000,0.000000000,0.000000000,0.000000000,0.000000000,0.000000000,0.000000000,0.000000000,0.000000000,-0.007564647,0.012521744,-0.072739363,-0.047321796,-0.003745914,-0.001820859,-0.006909565,0.013403859,0.000415345,0.007320177,-0.004027955,-0.000219970
4.459792376,1.960649490,-1.031426430,-1.408408165,-0.027420998,0.690493584,0.026653290,-0.073181152,-0.059511185,-0.026184082,0.069152832,0.020645142,0.026687622,1.960649490,-1.031426430,-1.408408165,-0.027420998,0.690493584,0.026653290,0.000042072,17.502201080,-3.759830713,-1.229153872,0.308012217,0.000753487,0.016342163,17.485923767,-3.814007759,-1.286380768,0.299290657,-0.001068115,0.000042072,17.502201080,-3.759830713,-1.229153872,0.308012217,0.000753487,0.000000000,0.000000000,0.000000000,0.000000000,0.000000000,0.000000000,0.000000000,0.000000000,0.000000000,0.000000000,0.000000000,0.000000000,0.000000000,0.000000000,0.000000000,0.000000000,0.000000000,0.000000000,0.016300091,-0.016277313,-0.054177046,-0.057226896,-0.008721560,-0.001821602,0.016955173,-0.015395198,0.018977662,-0.002584922,-0.009003601,-0.000220713
4.469708443,1.960649490,-1.031043053,-1.408408165,-0.027420998,0.690493584,0.026653290,-0.073181152,0.014343262,0.034240723,-0.007385254,-0.030715942,0.079055786,1.960649490,-1.031043053,-1.408024788,-0.027420998,0.690493584,0.026653290,0.000042064,17.499094009,-3.759830713,-1.229153872,0.308012217,0.000753487,0.005966187,17.502403259,-3.888197899,-1.286899567,0.310826302,0.004058838,0.000042064,17.499094009,-3.759830713,-1.229153872,0.308012217,0.000753487,0.000000000,0.000000000,0.000000000,0.000000000,0.000000000,0.000000000,0.000000000,0.000000000,0.000000000,0.000000000,0.000000000,0.000000000,0.000000000,0.000000000,0.000000000,0.000000000,0.000000000,0.000000000,0.005924123,0.003309250,-0.128367186,-0.057745695,0.002814084,0.003305351,0.006579205,0.004191365,-0.055212478,-0.003103721,0.002532043,0.004906240
4.479755402,1.960649490,-1.031043053,-1.408408165,-0.027420998,0.690493584,0.026653290,-0.024841309,-0.088808060,0.165832520,-0.073181152,0.000503540,0.004531860,1.960649490,-1.031043053,-1.408408165,-0.027420998,0.690876961,0.026653290,0.000042073,17.502519608,-3.763075590,-1.229900360,0.308190405,0.000753970,0.006484985,17.520713806,-3.827497482,-1.265628815,0.332188606,-0.001068115,0.000042073,17.502519608,-3.763075590,-1.229900360,0.308190405,0.000753970,0.000000000,0.000000000,0.000000000,0.000000000,0.000000000,0.000000000,0.000000000,0.000000000,0.000000000,0.000000000,0.000000000,0.000000000,0.000000000,0.000000000,0.000000000,0.000000000,0.000000000,0.000000000,0.006442912,0.018194199,-0.064421892,-0.035728455,0.023998201,-0.001822086,0.007097994,0.019076314,0.008732816,0.018913519,0.023716160,-0.000221197
4.489711046,1.960649490,-1.031043053,-1.408408165,-0.027420998,0.690493584,0.026653290,0.251773834,0.083925247,-0.085266113,-0.003356934,0.017623901,0.003524780,1.960649490,-1.031043053,-1.408408165,-0.027420998,0.690493584,0.026653290,0.000042072,17.502258301,-3.762827396,-1.229624629,0.308288097,0.000754230,-0.009078979,17.520713806,-3.820234299,-1.273410797,0.306126595,-0.010894775,0.000042072,17.502258301,-3.762827396,-1.229624629,0.308288097,0.000754230,0.000000000,0.000000000,0.000000000,0.000000000,0.000000000,0.000000000,0.000000000,0.000000000,0.000000000,0.000000000,0.000000000,0.000000000,0.000000000,0.000000000,0.000000000,0.000000000,0.000000000,0.000000000,-0.009121052,0.018455505,-0.057406902,-0.043786168,-0.002161503,-0.011649005,-0.008465970,0.019337621,0.015747806,0.010855806,-0.002443544,-0.010048117
4.499971151,1.960649490,-1.031426430,-1.408408165,-0.027420998,0.690876961,0.026653290,-0.117496490,-0.082094193,0.079895020,-0.022155762,0.068984985,-0.010574341,1.960649490,-1.031426430,-1.408408165,-0.027420998,0.690876961,0.026653290,0.000042073,17.502464294,-3.760078907,-1.229429722,0.307914615,0.000753228,-0.007003784,17.513389587,-3.845136642,-1.294681549,0.319371223,0.015167236,0.000042073,17.502464294,-3.760078907,-1.229429722,0.307914615,0.000753228,0.000000000,0.000000000,0.000000000,0.000000000,0.000000000,0.000000000,0.000000000,0.000000000,0.000000000,0.000000000,0.000000000,0.000000000,0.000000000,0.000000000,0.000000000,0.000000000,0.000000000,0.000000000,-0.007045857,0.010925293,-0.085057735,-0.065251827,0.011456609,0.014414009,-0.006390775,0.011807408,-0.011903027,-0.010609853,0.011174568,0.016014897
4.509709835,1.960649490,-1.031426430,-1.408408165,-0.027420998,0.690493584,0.026653290,-0.034240723,0.015563965,0.008728027,0.032897949,-0.004531860,0.066970825,1.960649490,-1.031426430,-1.408408165,-0.027420998,0.690493584,0.026653290,0.000042072,17.502201080,-3.759830713,-1.229153872,0.308012217,0.000753487,-0.002334595,17.500572205,-3.822828293,-1.295720100,0.289463997,0.007049561,0.000042072,17.502201080,-3.759830713,-1.229153872,0.308012217,0.000753487,0.000000000,0.000000000,0.000000000,0.000000000,0.000000000,0.000000000,0.000000000,0.000000000,0.000000000,0.000000000,0.000000000,0.000000000,0.000000000,0.000000000,0.000000000,0.000000000,0.000000000,0.000000000,-0.002376667,-0.001628876,-0.062997580,-0.066566229,-0.018548220,0.006296074,-0.001721585,-0.000746760,0.010157128,-0.011924255,-0.018830262,0.007896962
4.519745588,1.960649490,-1.031426430,-1.408408165,-0.027420998,0.690876961,0.026653290,-0.053039551,-0.020446777,-0.014099121,-0.066467285,0.027694702,0.043807983,1.960649490,-1.031043053,-1.408408165,-0.027420998,0.690876961,0.026653290,0.000042073,17.502519608,-3.763075590,-1.229900360,0.308190405,0.000753970,-0.016860962,17.511558533,-3.868482590,-1.277042389,0.295872688,0.010894775,0.000042073,17.502519608,-3.763075590,-1.229900360,0.308190405,0.000753970,0.000000000,0.000000000,0.000000000,0.000000000,0.000000000,0.000000000,0.000000000,0.000000000,0.000000000,0.000000000,0.000000000,0.000000000,0.000000000,0.000000000,0.000000000,0.000000000,0.000000000,0.000000000,-0.016903035,0.009038925,-0.105407000,-0.047142029,-0.012317717,0.010140805,-0.016247953,0.009921041,-0.032252292,0.007499945,-0.012599758,0.011741694
4.529751301,1.960649490,-1.031043053,-1.408408165,-0.027420998,0.690493584,0.026653290,-0.090641022,0.041198730,-0.035583496,-0.054382324,-0.038772583,-0.012588501,1.960649490,-1.031426430,-1.408408165,-0.027420998,0.690493584,0.026653290,0.000042072,17.502201080,-3.759830713,-1.229153872,0.308012217,0.000753487,0.010116577,17.493247986,-3.817120552,-1.290012360,0.312108040,0.011749268,0.000042072,17.502201080,-3.759830713,-1.229153872,0.308012217,0.000753487,0.000000000,0.000000000,0.000000000,0.000000000,0.000000000,0.000000000,0.000000000,0.000000000,0.000000000,0.000000000,0.000000000,0.000000000,0.000000000,0.000000000,0.000000000,0.000000000,0.000000000,0.000000000,0.010074505,-0.008953094,-0.057289839,-0.060858488,0.004095823,0.010995781,0.010729587,-0.008070979,0.015864869,-0.006216514,0.003813781,0.012596669
4.539743185,1.960649490,-1.031043053,-1.408408165,-0.027420998,0.690493584,0.026653290,-0.070495605,-0.044862747,-0.073181152,0.077209473,-0.011581421,0.019638062,1.960649490,-1.031043053,-1.408408165,-0.027420998,0.690876961,0.026653290,0.000042073,17.502519608,-3.763075590,-1.229900360,0.308190405,0.000753970,-0.014266968,17.485923767,-3.838392258,-1.273929596,0.300999641,-0.004486084,0.000042073,17.502519608,-3.763075590,-1.229900360,0.308190405,0.000753970,0.000000000,0.000000000,0.000000000,0.000000000,0.000000000,0.000000000,0.000000000,0.000000000,0.000000000,0.000000000,0.000000000,0.000000000,0.000000000,0.000000000,0.000000000,0.000000000,0.000000000,0.000000000,-0.014309041,-0.016595840,-0.075316668,-0.044029236,-0.007190764,-0.005240054,-0.013653959,-0.015713725,-0.002161960,0.010612738,-0.007472805,-0.003639166
4.549710989,1.960649490,-1.031043053,-1.408408165,-0.027420998,0.690876961,0.026653290,-0.108097076,-0.043642044,-0.149723053,-0.149723053,-0.002517700,0.002517700,1.960649490,-1.031043053,-1.408024788,-0.027420998,0.690493584,0.026653290,0.000042064,17.499094009,-3.759830713,-1.229153872,0.308012217,0.000753487,0.001815796,17.528038025,-3.824384689,-1.281711578,0.300999641,0.007049561,0.000042064,17.499094009,-3.759830713,-1.229153872,0.308012217,0.000753487,0.000000000,0.000000000,0.000000000,0.000000000,0.000000000,0.000000000,0.000000000,0.000000000,0.000000000,0.000000000,0.000000000,0.000000000,0.000000000,0.000000000,0.000000000,0.000000000,0.000000000,0.000000000,0.001773732,0.028944016,-0.064553976,-0.052557707,-0.007012576,0.006296074,0.002428814,0.029826131,0.008600732,0.002084267,-0.007294617,0.007896962
4.559691668,1.960649490,-1.031043053,-1.408408165,-0.027420998,0.690876961,0.026268959,-0.015441895,0.015563965,0.042297363,-0.022155762,0.034744263,0.009567261,1.960649490,-1.031043053,-1.408408165,-0.027420998,0.690493584,0.026268959,0.000042072,17.502256393,-3.762826681,-1.229623795,0.308288366,0.000755190,-0.014266968,17.504234314,-3.794812202,-1.281711578,0.314244270,-0.007904053,0.000042072,17.502256393,-3.762826681,-1.229623795,0.308288366,0.000755190,0.000000000,0.000000000,0.000000000,0.000000000,0.000000000,0.000000000,0.000000000,0.000000000,0.000000000,0.000000000,0.000000000,0.000000000,0.000000000,0.000000000,0.000000000,0.000000000,0.000000000,0.000000000,-0.014309040,0.001977921,-0.031985521,-0.052087784,0.005955905,-0.008659243,-0.013653958,0.002860036,0.041169187,0.002554190,0.005673864,-0.007058354
4.569794416,1.960649490,-1.031043053,-1.408408165,-0.027420998,0.690493584,0.026268959,0.030212402,0.027770996,-0.007385254,-0.031555176,-0.035751343,-0.016616821,1.960649490,-1.031043053,-1.408408165,-0.027037621,0.690493584,0.026653290,0.000042071,17.501810074,-3.762403727,-1.229153872,0.308012217,0.000753487,0.014785767,17.496910095,-3.818158150,-1.268222809,0.290745735,0.007904053,0.000042071,17.501810074,-3.762403727,-1.229153872,0.308012217,0.000753487,0.000000000,0.000000000,0.000000000,0.000000000,0.000000000,0.000000000,0.000000000,0.000000000,0.000000000,0.000000000,0.000000000,0.000000000,0.000000000,0.000000000,0.000000000,0.000000000,0.000000000,0.000000000,0.014743696,-0.004899979,-0.055754423,-0.039068937,-0.017266482,0.007150566,0.015398778,-0.004017863,0.017400285,0.015573037,-0.017548523,0.008751455
4.579709768,1.960649490,-1.031426430,-1.408408165,-0.027420998,0.690493584,0.026653290,-0.018127441,0.026550293,-0.083923340,0.089294434,-0.041793823,0.017623901,1.960649490,-1.031426430,-1.408408165,-0.027420998,0.690876961,0.026653290,0.000042073,17.502464294,-3.760078907,-1.229429722,0.307914615,0.000753228,0.001815796,17.491416931,-3.834760666,-1.271854401,0.312108040,0.000213623,0.000042073,17.502464294,-3.760078907,-1.229429722,0.307914615,0.000753228,0.000000000,0.000000000,0.000000000,0.000000000,0.000000000,0.000000000,0.000000000,0.000000000,0.000000000,0.000000000,0.000000000,0.000000000,0.000000000,0.000000000,0.000000000,0.000000000,0.000000000,0.000000000,0.001773723,-0.011047363,-0.074681759,-0.042424679,0.004193425,-0.000539605,0.002428805,-0.010165248,-0.001527051,0.012217295,0.003911384,0.001061284
4.589709997,1.960649490,-1.031426430,-1.408408165,-0.027420998,0.690876961,0.026653290,-0.058410645,-0.078432083,-0.049011230,-0.053039551,0.016616821,0.012588501,1.960649490,-1.031426430,-1.408408165,-0.027420998,0.690876961,0.026653290,0.000042073,17.502464294,-3.760078907,-1.229429722,0.307914615,0.000753228,-0.015304565,17.458457947,-3.823347092,-1.266147614,0.289891243,0.002777100,0.000042073,17.502464294,-3.760078907,-1.229429722,0.307914615,0.000753228,0.000000000,0.000000000,0.000000000,0.000000000,0.000000000,0.000000000,0.000000000,0.000000000,0.000000000,0.000000000,0.000000000,0.000000000,0.000000000,0.000000000,0.000000000,0.000000000,0.000000000,0.000000000,-0.015346638,-0.044006348,-0.063268185,-0.036717892,-0.018023372,0.002023872,-0.014691556,-0.043124232,0.009886523,0.017924082,-0.018305413,0.003624760
4.599683762,1.960649490,-1.031043053,-1.408408165,-0.027420998,0.690493584,0.026653290,0.049011230,-0.094911575,0.087951660,0.014099121,0.001510620,-0.008560181,1.960649490,-1.031426430,-1.408408165,-0.027420998,0.690493584,0.026653290,0.000042072,17.502201080,-3.759830713,-1.229153872,0.308012217,0.000753487,0.008041382,17.502403259,-3.834241867,-1.295201302,0.304417610,0.007049561,0.000042072,17.502201080,-3.759830713,-1.229153872,0.308012217,0.000753487,0.000000000,0.000000000,0.000000000,0.000000000,0.000000000,0.000000000,0.000000000,0.000000000,0.000000000,0.000000000,0.000000000,0.000000000,0.000000000,0.000000000,0.000000000,0.000000000,0.000000000,0.000000000,0.007999310,0.000202179,-0.074411154,-0.066047430,-0.003594607,0.006296074,0.008654392,0.001084294,-0.001256446,-0.011405456,-0.003876648,0.007896962
4.609736919,1.960649490,-1.031043053,-1.408408165,-0.027420998,0.690876961,0.026653290,-0.097354889,0.048522949,0.079895020,-0.000671387,-0.013595581,0.042800903,1.960649490,-1.031426430,-1.408408165,-0.027420998,0.690493584,0.026653290,0.000042072,17.502201080,-3.759830713,-1.229153872,0.308012217,0.000753487,0.001296997,17.474937439,-3.822309494,-1.266147614,0.313817024,0.004486084,0.000042072,17.502201080,-3.759830713,-1.229153872,0.308012217,0.000753487,0.000000000,0.000000000,0.000000000,0.000000000,0.000000000,0.000000000,0.000000000,0.000000000,0.000000000,0.000000000,0.000000000,0.000000000,0.000000000,0.000000000,0.000000000,0.000000000,0.000000000,0.000000000,0.001254925,-0.027263641,-0.062478781,-0.036993742,0.005804807,0.003732597,0.001910007,-0.026381526,0.010675927,0.017648232,0.005522766,0.005333486
4.619712830,1.960649490,-1.031043053,-1.408408165,-0.027420998,0.690876961,0.026653290,0.011413574,0.054016113,0.027526855,0.062438965,0.006546021,0.042800903,1.960649490,-1.031426430,-1.408408165,-0.027420998,0.690876961,0.026653290,0.000042073,17.502464294,-3.760078907,-1.229429722,0.307914615,0.000753228,0.015823364,17.518882751,-3.828535080,-1.277561188,0.301426888,0.010467529,0.000042073,17.502464294,-3.760078907,-1.229429722,0.307914615,0.000753228,0.000000000,0.000000000,0.000000000,0.000000000,0.000000000,0.000000000,0.000000000,0.000000000,0.000000000,0.000000000,0.000000000,0.000000000,0.000000000,0.000000000,0.000000000,0.000000000,0.000000000,0.000000000,0.015781291,0.016418457,-0.068456173,-0.048131466,-0.006487727,0.009714302,0.016436373,0.017300573,0.004698535,0.006510508,-0.006769768,0.011315190
4.629785776,1.960649490,-1.031426430,-1.408408165,-0.027420998,0.690876961,0.026653290,0.042297363,0.055236816,-0.183292389,-0.019470215,0.007553101,-0.020645142,1.960649490,-1.031426430,-1.408408165,-0.027420998,0.690493584,0.026653290,0.000042072,17.502201080,-3.759830713,-1.229153872,0.308012217,0.000753487,-0.009078979,17.495079041,-3.857069016,-1.278079987,0.330052376,0.011749268,0.000042072,17.502201080,-3.759830713,-1.229153872,0.308012217,0.000753487,0.000000000,0.000000000,0.000000000,0.000000000,0.000000000,0.000000000,0.000000000,0.000000000,0.000000000,0.000000000,0.000000000,0.000000000,0.000000000,0.000000000,0.000000000,0.000000000,0.000000000,0.000000000,-0.009121052,-0.007122040,-0.097238302,-0.048926115,0.022040159,0.010995781,-0.008465969,-0.006239924,-0.024083594,0.005715859,0.021758117,0.012596669
4.639765501,1.960649490,-1.031426430,-1.408408165,-0.027420998,0.690876961,0.026653290,0.132263184,0.086977005,-0.065124512,-0.003356934,0.009567261,-0.006546021,1.960649490,-1.031426430,-1.408024788,-0.027420998,0.690876961,0.026653290,0.000042065,17.499300003,-3.757081747,-1.228958964,0.307638764,0.000752485,0.003890991,17.509727478,-3.820753098,-1.290012360,0.320652962,0.000213623,0.000042065,17.499300003,-3.757081747,-1.228958964,0.307638764,0.000752485,0.000000000,0.000000000,0.000000000,0.000000000,0.000000000,0.000000000,0.000000000,0.000000000,0.000000000,0.000000000,0.000000000,0.000000000,0.000000000,0.000000000,0.000000000,0.000000000,0.000000000,0.000000000,0.003848926,0.010427475,-0.063671350,-0.061053395,0.013014197,-0.000538862,0.004504009,0.011309591,0.009483358,-0.006411421,0.012732156,0.001062027
4.649721384,1.960649490,-1.031043053,-1.408408165,-0.027420998,0.690493584,0.026653290,0.161804199,0.043029785,-0.129581451,0.137634277,-0.038772583,0.041793823,1.960649490,-1.031043053,-1.408408165,-0.027420998,0.690876961,0.026653290,0.000042073,17.502519608,-3.763075590,-1.229900360,0.308190405,0.000753970,-0.002853394,17.502403259,-3.861738205,-1.253696442,0.293736458,-0.001068115,0.000042073,17.502519608,-3.763075590,-1.229900360,0.308190405,0.000753970,0.000000000,0.000000000,0.000000000,0.000000000,0.000000000,0.000000000,0.000000000,0.000000000,0.000000000,0.000000000,0.000000000,0.000000000,0.000000000,0.000000000,0.000000000,0.000000000,0.000000000,0.000000000,-0.002895467,-0.000116348,-0.098662615,-0.023796082,-0.014453948,-0.001822086,-0.002240384,0.000765767,-0.025507907,0.030845892,-0.014735989,-0.000221197
4.659777403,1.960649490,-1.031426430,-1.408408165,-0.027420998,0.690493584,0.026653290,0.032897949,0.054016113,0.151062012,0.014099121,0.000503540,-0.006546021,1.960649490,-1.031426430,-1.408408165,-0.027420998,0.690876961,0.026653290,0.000042073,17.502464294,-3.760078907,-1.229429722,0.307914615,0.000753228,0.003372192,17.513389587,-3.849805832,-1.268222809,0.301426888,-0.006195068,0.000042073,17.502464294,-3.760078907,-1.229429722,0.307914615,0.000753228,0.000000000,0.000000000,0.000000000,0.000000000,0.000000000,0.000000000,0.000000000,0.000000000,0.000000000,0.000000000,0.000000000,0.000000000,0.000000000,0.000000000,0.000000000,0.000000000,0.000000000,0.000000000,0.003330119,0.010925293,-0.089726925,-0.038793087,-0.006487727,-0.006948296,0.003985202,0.011807408,-0.016572217,0.015848887,-0.006769768,-0.005347407
4.669788837,1.960649490,-1.031043053,-1.408408165,-0.027420998,0.690493584,0.026653290,0.073181152,0.065002441,0.019470215,-0.093326569,-0.022659302,0.060928345,1.960649490,-1.031043053,-1.408408165,-0.027420998,0.690493584,0.026268959,0.000042072,17.502256393,-3.762826681,-1.229623795,0.308288366,0.000755190,-0.021530151,17.500572205,-3.810894966,-1.285343170,0.292881966,-0.004913330,0.000042072,17.502256393,-3.762826681,-1.229623795,0.308288366,0.000755190,0.000000000,0.000000000,0.000000000,0.000000000,0.000000000,0.000000000,0.000000000,0.000000000,0.000000000,0.000000000,0.000000000,0.000000000,0.000000000,0.000000000,0.000000000,0.000000000,0.000000000,0.000000000,-0.021572224,-0.001684189,-0.048068285,-0.055719376,-0.015406400,-0.005668520,-0.020917141,-0.000802073,0.025086423,-0.001077402,-0.015688441,-0.004067632
4.679692030,1.960649490,-1.031426430,-1.408408165,-0.027420998,0.690493584,0.026653290,-0.000671387,-0.088808060,-0.059753418,0.075866699,0.042800903,0.034744263,1.960649490,-1.031043053,-1.408408165,-0.027420998,0.690493584,0.026653290,0.000042072,17.502258301,-3.762827396,-1.229624629,0.308288097,0.000754230,0.008560181,17.491416931,-3.851362228,-1.296757698,0.309117317,-0.012176514,0.000042072,17.502258301,-3.762827396,-1.229624629,0.308288097,0.000754230,0.000000000,0.000000000,0.000000000,0.000000000,0.000000000,0.000000000,0.000000000,0.000000000,0.000000000,0.000000000,0.000000000,0.000000000,0.000000000,0.000000000,0.000000000,0.000000000,0.000000000,0.000000000,0.008518108,-0.010841370,-0.088534832,-0.067133069,0.000829220,-0.012930743,0.009173191,-0.009959254,-0.015380124,-0.012491095,0.000547179,-0.011329855
4.689744711,1.960649490,-1.031043053,-1.408408165,-0.027420998,0.690876961,0.026653290,-0.057067871,0.063171387,0.169860840,-0.074523926,-0.009567261,0.011581421,1.960649490,-1.031426430,-1.408408165,-0.027420998,0.690493584,0.026653290,0.000042072,17.502201080,-3.759830713,-1.229153872,0.308012217,0.000753487,-0.020492554,17.460289001,-3.820234299,-1.255252838,0.304417610,0.003204346,0.000042072,17.502201080,-3.759830713,-1.229153872,0.308012217,0.000753487,0.000000000,0.000000000,0.000000000,0.000000000,0.000000000,0.000000000,0.000000000,0.000000000,0.000000000,0.000000000,0.000000000,0.000000000,0.000000000,0.000000000,0.000000000,0.000000000,0.000000000,0.000000000,-0.020534626,-0.041912079,-0.060403585,-0.026098967,-0.003594607,0.002450859,-0.019879544,-0.041029963,0.012751123,0.028543007,-0.003876648,0.004051747
4.699784517,1.960649490,-1.031426430,-1.408408165,-0.027420998,0.690876961,0.026653290,-0.040954590,-0.061342239,-0.003356934,-0.055725098,0.024673462,0.020645142,1.960649490,-1.031043053,-1.408408165,-0.027420998,0.690876961,0.026653290,0.000042073,17.502519608,-3.763075590,-1.229900360,0.308190405,0.000753970,-0.021530151,17.524375916,-3.858625412,-1.292087555,0.299290657,-0.014312744,0.000042073,17.502519608,-3.763075590,-1.229900360,0.308190405,0.000753970,0.000000000,0.000000000,0.000000000,0.000000000,0.000000000,0.000000000,0.000000000,0.000000000,0.000000000,0.000000000,0.000000000,0.000000000,0.000000000,0.000000000,0.000000000,0.000000000,0.000000000,0.000000000,-0.021572224,0.021856308,-0.095549822,-0.062187195,-0.008899748,-0.015066714,-0.020917142,0.022738424,-0.022395114,-0.007545221,-0.009181789,-0.013465826
4.709742785,1.960649490,-1.031043053,-1.408408165,-0.027420998,0.690493584,0.026653290,-0.098697662,-0.018005371,0.014099121,-0.038269043,-0.031723022,-0.035751343,1.960649490,-1.031043053,-1.408024788,-0.027420998,0.690493584,0.026653290,0.000042064,17.499094009,-3.759830713,-1.229153872,0.308012217,0.000753487,0.002853394,17.487754822,-3.863294601,-1.276523590,0.295445442,0.016876221,0.000042064,17.499094009,-3.759830713,-1.229153872,0.308012217,0.000753487,0.000000000,0.000000000,0.000000000,0.000000000,0.000000000,0.000000000,0.000000000,0.000000000,0.000000000,0.000000000,0.000000000,0.000000000,0.000000000,0.000000000,0.000000000,0.000000000,0.000000000,0.000000000,0.002811330,-0.011339188,-0.103463888,-0.047369719,-0.012566775,0.016122734,0.003466412,-0.010457072,-0.030309180,0.007272255,-0.012848816,0.017723622
4.719810009,1.960649490,-1.031043053,-1.408408165,-0.027420998,0.690493584,0.026653290,-0.043640137,-0.038146973,0.124206543,-0.034240723,0.038772583,0.021652222,1.960649490,-1.031043053,-1.408408165,-0.027420998,0.690493584,0.026653290,0.000042072,17.502258301,-3.762827396,-1.229624629,0.308288097,0.000754230,0.005966187,17.506065369,-3.828535080,-1.279117584,0.315526009,-0.002777100,0.000042072,17.502258301,-3.762827396,-1.229624629,0.308288097,0.000754230,0.000000000,0.000000000,0.000000000,0.000000000,0.000000000,0.000000000,0.000000000,0.000000000,0.000000000,0.000000000,0.000000000,0.000000000,0.000000000,0.000000000,0.000000000,0.000000000,0.000000000,0.000000000,0.005924114,0.003807068,-0.065707684,-0.049492955,0.007237911,-0.003531329,0.006579197,0.004689183,0.007447024,0.005149019,0.006955870,-0.001930441
4.729710102,1.960649490,-1.031426430,-1.408408165,-0.027420998,0.690876961,0.026653290,-0.112125397,-0.000305176,-0.110782623,0.067810059,-0.018630981,-0.031723022,1.960649490,-1.031426430,-1.408408165,-0.027420998,0.690876961,0.026653290,0.000042073,17.502464294,-3.760078907,-1.229429722,0.307914615,0.000753228,-0.002334595,17.491416931,-3.834241867,-1.290012360,0.285618782,-0.004058838,0.000042073,17.502464294,-3.760078907,-1.229429722,0.307914615,0.000753228,0.000000000,0.000000000,0.000000000,0.000000000,0.000000000,0.000000000,0.000000000,0.000000000,0.000000000,0.000000000,0.000000000,0.000000000,0.000000000,0.000000000,0.000000000,0.000000000,0.000000000,0.000000000,-0.002376668,-0.011047363,-0.074162960,-0.060582638,-0.022295833,-0.004812066,-0.001721586,-0.010165248,-0.001008252,-0.005940664,-0.022577874,-0.003211177
4.739660501,1.960649490,-1.031043053,-1.408408165,-0.027420998,0.690876961,0.026653290,-0.049011230,-0.022888184,-0.043640137,0.012756348,-0.033737183,0.014602661,1.960649490,-1.031043053,-1.408408165,-0.027420998,0.690493584,0.026653290,0.000042072,17.502258301,-3.762827396,-1.229624629,0.308288097,0.000754230,0.001296997,17.484092712,-3.824384689,-1.286380768,0.298863411,0.010894775,0.000042072,17.502258301,-3.762827396,-1.229624629,0.308288097,0.000754230,0.000000000,0.000000000,0.000000000,0.000000000,0.000000000,0.000000000,0.000000000,0.000000000,0.000000000,0.000000000,0.000000000,0.000000000,0.000000000,0.000000000,0.000000000,0.000000000,0.000000000,0.000000000,0.001254925,-0.018165588,-0.061557293,-0.056756139,-0.009424686,0.010140546,0.001910007,-0.017283473,0.011597415,-0.002114165,-0.009706728,0.011741434
4.749709368,1.960266113,-1.031043053,-1.408408165,-0.027420998,0.690493584,0.026653290,-0.040954590,-0.014343262,-0.075866699,0.065124512,0.016616821,0.016616821,1.960266113,-1.031043053,-1.408408165,-0.027420998,0.690876961,0.026653290,0.000042083,17.502519608,-3.763075590,-1.229900360,0.308190405,0.000753970,-0.009597778,17.522544861,-3.835798264,-1.279117584,0.331761360,0.016021729,0.000042083,17.502519608,-3.763075590,-1.229900360,0.308190405,0.000753970,0.000000000,0.000000000,0.000000000,0.000000000,0.000000000,0.000000000,0.000000000,0.000000000,0.000000000,0.000000000,0.000000000,0.000000000,0.000000000,0.000000000,0.000000000,0.000000000,0.000000000,0.000000000,-0.009639861,0.020025253,-0.072722673,-0.049217224,0.023570955,0.015267758,-0.008984779,0.020907369,0.000432035,0.005424750,0.023288914,0.016868647
4.759751320,1.960649490,-1.031043053,-1.408408165,-0.027420998,0.690493584,0.026653290,-0.075866699,0.034484863,-0.161808014,-0.022155762,-0.101215363,-0.004531860,1.960649490,-1.031043053,-1.408408165,-0.027420998,0.690493584,0.026653290,0.000042072,17.502258301,-3.762827396,-1.229624629,0.308288097,0.000754230,0.005447388,17.498741150,-3.880933762,-1.277042389,0.303990364,-0.007904053,0.000042072,17.502258301,-3.762827396,-1.229624629,0.308288097,0.000754230,0.000000000,0.000000000,0.000000000,0.000000000,0.000000000,0.000000000,0.000000000,0.000000000,0.000000000,0.000000000,0.000000000,0.000000000,0.000000000,0.000000000,0.000000000,0.000000000,0.000000000,0.000000000,0.005405316,-0.003517151,-0.118106365,-0.047417760,-0.004297733,-0.008658282,0.006060398,-0.002635035,-0.044951657,0.007224214,-0.004579774,-0.007057394
4.769710541,1.960649490,-1.031043053,-1.408408165,-0.027420998,0.690493584,0.026653290,-0.062438965,-0.037536621,0.012756348,0.036926270,-0.010574341,-0.003524780,1.960649490,-1.031426430,-1.408408165,-0.027420998,0.690876961,0.026653290,0.000042073,17.502464294,-3.760078907,-1.229429722,0.307914615,0.000753228,-0.004409790,17.452964783,-3.858106613,-1.300389290,0.311253548,0.006622314,0.000042073,17.502464294,-3.760078907,-1.229429722,0.307914615,0.000753228,0.000000000,0.000000000,0.000000000,0.000000000,0.000000000,0.000000000,0.000000000,0.000000000,0.000000000,0.000000000,0.000000000,0.000000000,0.000000000,0.000000000,0.000000000,0.000000000,0.000000000,0.000000000,-0.004451863,-0.049499512,-0.098027706,-0.070959568,0.003338933,0.005869087,-0.003796781,-0.048617396,-0.024872998,-0.016317594,0.003056892,0.007469975
4.779742718,1.960649490,-1.031426430,-1.408408165,-0.027420998,0.690493584,0.026653290,0.079895020,-0.040590286,-0.008728027,-0.121524811,0.018630981,-0.029708862,1.960649490,-1.031043053,-1.408408165,-0.027420998,0.690493584,0.026653290,0.000042072,17.502258301,-3.762827396,-1.229624629,0.308288097,0.000754230,0.001296997,17.515220642,-3.833204269,-1.277561188,0.300572395,-0.014312744,0.000042072,17.502258301,-3.762827396,-1.229624629,0.308288097,0.000754230,0.000000000,0.000000000,0.000000000,0.000000000,0.000000000,0.000000000,0.000000000,0.000000000,0.000000000,0.000000000,0.000000000,0.000000000,0.000000000,0.000000000,0.000000000,0.000000000,0.000000000,0.000000000,0.001254925,0.012962341,-0.070376873,-0.047936559,-0.007715702,-0.015066974,0.001910007,0.013844457,0.002777835,0.006705415,-0.007997743,-0.013466085
4.789741516,1.960649490,-1.031043053,-1.408408165,-0.027420998,0.690493584,0.026653290,0.036926270,0.035705566,0.108093262,-0.003356934,-0.091144562,0.014602661,1.960649490,-1.031426430,-1.408408165,-0.027420998,0.690876961,0.026653290,0.000042073,17.502464294,-3.760078907,-1.229429722,0.307914615,0.000753228,0.011672974,17.485923767,-3.850843430,-1.281711578,0.298863411,-0.002349854,0.000042073,17.502464294,-3.760078907,-1.229429722,0.307914615,0.000753228,0.000000000,0.000000000,0.000000000,0.000000000,0.000000000,0.000000000,0.000000000,0.000000000,0.000000000,0.000000000,0.000000000,0.000000000,0.000000000,0.000000000,0.000000000,0.000000000,0.000000000,0.000000000,0.011630901,-0.016540527,-0.090764523,-0.052281857,-0.009051204,-0.003103081,0.012285983,-0.015658412,-0.017609815,0.002360117,-0.009333245,-0.001502193
4.799715042,1.960649490,-1.031043053,-1.408408165,-0.027420998,0.690876961,0.026653290,-0.015441895,0.043029785,-0.057067871,-0.113468170,-0.016616821,0.026687622,1.960649490,-1.031426430,-1.408408165,-0.027420998,0.690876961,0.026653290,0.000042073,17.502464294,-3.760078907,-1.229429722,0.307914615,0.000753228,-0.004928589,17.506065369,-3.821790695,-1.292087555,0.281773567,-0.004486084,0.000042073,17.502464294,-3.760078907,-1.229429722,0.307914615,0.000753228,0.000000000,0.000000000,0.000000000,0.000000000,0.000000000,0.000000000,0.000000000,0.000000000,0.000000000,0.000000000,0.000000000,0.000000000,0.000000000,0.000000000,0.000000000,0.000000000,0.000000000,0.000000000,-0.004970662,0.003601074,-0.061711788,-0.062657833,-0.026141047,-0.005239312,-0.004315580,0.004483190,0.011442920,-0.008015859,-0.026423089,-0.003638423
4.809716225,1.960649490,-1.031043053,-1.408408165,-0.027420998,0.690876961,0.026653290,-0.054382324,-0.105287552,0.152404785,0.044982910,0.002517700,-0.027694702,1.960649490,-1.031043053,-1.408408165,-0.027420998,0.690876961,0.026653290,0.000042073,17.502519608,-3.763075590,-1.229900360,0.308190405,0.000753970,0.014785767,17.484092712,-3.849287033,-1.278079987,0.337742805,-0.007904053,0.000042073,17.502519608,-3.763075590,-1.229900360,0.308190405,0.000753970,0.000000000,0.000000000,0.000000000,0.000000000,0.000000000,0.000000000,0.000000000,0.000000000,0.000000000,0.000000000,0.000000000,0.000000000,0.000000000,0.000000000,0.000000000,0.000000000,0.000000000,0.000000000,0.014743693,-0.018426895,-0.086211443,-0.048179626,0.029552400,-0.008658023,0.015398776,-0.017544780,-0.013056735,0.006462347,0.029270359,-0.007057135
4.819704056,1.960649490,-1.031043053,-1.408408165,-0.027420998,0.690493584,0.026653290,-0.002014160,0.043029785,-0.173892975,0.085266113,-0.045822144,-0.009567261,1.960649490,-1.031043053,-1.408408165,-0.027420998,0.690493584,0.026653290,0.000042072,17.502258301,-3.762827396,-1.229624629,0.308288097,0.000754230,-0.004409790,17.507896423,-3.762127876,-1.277042389,0.317234993,-0.012603760,0.000042072,17.502258301,-3.762827396,-1.229624629,0.308288097,0.000754230,0.000000000,0.000000000,0.000000000,0.000000000,0.000000000,0.000000000,0.000000000,0.000000000,0.000000000,0.000000000,0.000000000,0.000000000,0.000000000,0.000000000,0.000000000,0.000000000,0.000000000,0.000000000,-0.004451862,0.005638123,0.000699520,-0.047417760,0.008946896,-0.013357989,-0.003796780,0.006520238,0.073854228,0.007224214,0.008664854,-0.011757101
4.829711437,1.960266113,-1.031043053,-1.408408165,-0.027420998,0.690876961,0.026653290,0.006042480,0.017395020,-0.050354004,0.070495605,0.027694702,-0.024673462,1.960649490,-1.031043053,-1.408408165,-0.027420998,0.690876961,0.026653290,0.000042073,17.502519608,-3.763075590,-1.229900360,0.308190405,0.000753970,0.000778198,17.502403259,-3.850843430,-1.259922028,0.365086555,0.001922607,0.000042073,17.502519608,-3.763075590,-1.229900360,0.308190405,0.000753970,0.000000000,0.000000000,0.000000000,0.000000000,0.000000000,0.000000000,0.000000000,0.000000000,0.000000000,0.000000000,0.000000000,0.000000000,0.000000000,0.000000000,0.000000000,0.000000000,0.000000000,0.000000000,0.000736125,-0.000116348,-0.087767839,-0.030021667,0.056896150,0.001168637,0.001391207,0.000765767,-0.014613131,0.024620306,0.056614109,0.002769526
4.839710236,1.960649490,-1.031043053,-1.408408165,-0.027420998,0.690493584,0.026653290,-0.101383209,-0.049135208,-0.109439850,-0.051696777,0.062942505,0.005538940,1.960649490,-1.031043053,-1.408408165,-0.027037621,0.690493584,0.026653290,0.000042071,17.501810074,-3.762403727,-1.229153872,0.308012217,0.000753487,-0.005447388,17.518882751,-3.851362228,-1.272891998,0.308262825,0.015167236,0.000042071,17.501810074,-3.762403727,-1.229153872,0.308012217,0.000753487,0.000000000,0.000000000,0.000000000,0.000000000,0.000000000,0.000000000,0.000000000,0.000000000,0.000000000,0.000000000,0.000000000,0.000000000,0.000000000,0.000000000,0.000000000,0.000000000,0.000000000,0.000000000,-0.005489459,0.017072678,-0.088958502,-0.043738127,0.000250608,0.014413750,-0.004834377,0.017954793,-0.015803794,0.010903847,-0.000031433,0.016014638
4.849766970,1.960649490,-1.031043053,-1.408408165,-0.027420998,0.690493584,0.026653290,0.038269043,0.166933060,0.027526855,-0.038269043,-0.013595581,-0.026687622,1.960649490,-1.031043053,-1.408408165,-0.027420998,0.690876961,0.026653290,0.000042073,17.502519608,-3.763075590,-1.229900360,0.308190405,0.000753970,-0.023086548,17.491416931,-3.829572678,-1.281192780,0.307408333,0.006622314,0.000042073,17.502519608,-3.763075590,-1.229900360,0.308190405,0.000753970,0.000000000,0.000000000,0.000000000,0.000000000,0.000000000,0.000000000,0.000000000,0.000000000,0.000000000,0.000000000,0.000000000,0.000000000,0.000000000,0.000000000,0.000000000,0.000000000,0.000000000,0.000000000,-0.023128621,-0.011102676,-0.066497087,-0.051292419,-0.000782073,0.005868344,-0.022473539,-0.010220561,0.006657621,0.003349554,-0.001064114,0.007469233
4.859715223,1.960649490,-1.031043053,-1.408408165,-0.027420998,0.690493584,0.026653290,0.044982910,0.024719238,0.069152832,-0.031555176,0.006546021,-0.019638062,1.960649490,-1.031043053,-1.408024788,-0.027420998,0.690493584,0.026653290,0.000042064,17.499094009,-3.759830713,-1.229153872,0.308012217,0.000753487,-0.000259399,17.487754822,-3.828535080,-1.297795296,0.316380501,-0.004058838,0.000042064,17.499094009,-3.759830713,-1.229153872,0.308012217,0.000753487,0.000000000,0.000000000,0.000000000,0.000000000,0.000000000,0.000000000,0.000000000,0.000000000,0.000000000,0.000000000,0.000000000,0.000000000,0.000000000,0.000000000,0.000000000,0.000000000,0.000000000,0.000000000,-0.000301463,-0.011339188,-0.068704367,-0.068641424,0.008368284,-0.004812325,0.000353619,-0.010457072,0.004450341,-0.013999450,0.008086242,-0.003211436
4.869709969,1.960649490,-1.031043053,-1.408408165,-0.027420998,0.690493584,0.026653290,-0.023498535,0.053405762,0.007385254,0.049011230,0.040786743,-0.000503540,1.960649490,-1.031043053,-1.408408165,-0.027420998,0.690876961,0.026653290,0.000042073,17.502519608,-3.763075590,-1.229900360,0.308190405,0.000753970,-0.007522583,17.489585876,-3.838911057,-1.287418365,0.303563118,0.022857666,0.000042073,17.502519608,-3.763075590,-1.229900360,0.308190405,0.000753970,0.000000000,0.000000000,0.000000000,0.000000000,0.000000000,0.000000000,0.000000000,0.000000000,0.000000000,0.000000000,0.000000000,0.000000000,0.000000000,0.000000000,0.000000000,0.000000000,0.000000000,0.000000000,-0.007564656,-0.012933731,-0.075835466,-0.057518005,-0.004627287,0.022103696,-0.006909574,-0.012051616,-0.002680758,-0.002876031,-0.004909329,0.023704584
4.879811525,1.960649490,-1.031043053,-1.408408165,-0.027420998,0.690493584,0.026653290,0.039611816,-0.063783646,0.199405670,-0.012756348,-0.068988800,-0.072010040,1.960649490,-1.031043053,-1.408408165,-0.027420998,0.690493584,0.026653290,0.000042072,17.502258301,-3.762827396,-1.229624629,0.308288097,0.000754230,0.007003784,17.529869080,-3.854475021,-1.274448395,0.318089485,0.003631592,0.000042072,17.502258301,-3.762827396,-1.229624629,0.308288097,0.000754230,0.000000000,0.000000000,0.000000000,0.000000000,0.000000000,0.000000000,0.000000000,0.000000000,0.000000000,0.000000000,0.000000000,0.000000000,0.000000000,0.000000000,0.000000000,0.000000000,0.000000000,0.000000000,0.006961712,0.027610779,-0.091647625,-0.044823766,0.009801388,0.002877362,0.007616794,0.028492894,-0.018492917,0.009818208,0.009519347,0.004478251
4.889810085,1.960649490,-1.031426430,-1.408408165,-0.027420998,0.690876961,0.026653290,-0.010070801,0.028991699,-0.083923340,-0.030212402,0.011581421,-0.015609741,1.960649490,-1.031426430,-1.408024788,-0.027420998,0.690493584,0.026653290,0.000042064,17.499036789,-3.756833315,-1.228682995,0.307736278,0.000752744,0.006484985,17.496910095,-3.818677902,-1.278079987,0.309117317,-0.006622314,0.000042064,17.499036789,-3.756833315,-1.228682995,0.307736278,0.000752744,0.000000000,0.000000000,0.000000000,0.000000000,0.000000000,0.000000000,0.000000000,0.000000000,0.000000000,0.000000000,0.000000000,0.000000000,0.000000000,0.000000000,0.000000000,0.000000000,0.000000000,0.000000000,0.006442921,-0.002126694,-0.061844587,-0.049396992,0.001381040,-0.007375058,0.007098004,-0.001244578,0.011310121,0.005244982,0.001098998,-0.005774170
4.900038004,1.960649490,-1.031043053,-1.408408165,-0.027420998,0.690493584,0.026653290,0.015441895,0.085145950,0.006042480,0.031555176,0.010574341,-0.011581421,1.960649490,-1.031043053,-1.408408165,-0.027420998,0.690493584,0.026653290,0.000042072,17.502258301,-3.762827396,-1.229624629,0.308288097,0.000754230,0.031387329,17.491416931,-3.823865891,-1.270298004,0.331334114,-0.000213623,0.000042072,17.502258301,-3.762827396,-1.229624629,0.308288097,0.000754230,0.000000000,0.000000000,0.000000000,0.000000000,0.000000000,0.000000000,0.000000000,0.000000000,0.000000000,0.000000000,0.000000000,0.000000000,0.000000000,0.000000000,0.000000000,0.000000000,0.000000000,0.000000000,0.031345257,-0.010841370,-0.061038494,-0.040673375,0.023046017,-0.000967853,0.032000339,-0.009959254,0.012116214,0.013968599,0.022763976,0.000633036
4.909745455,1.960649490,-1.031043053,-1.408408165,-0.027420998,0.690493584,0.026653290,-0.003356934,0.007019043,0.031555176,0.130920410,0.021652222,0.026687622,1.960649490,-1.031043053,-1.408408165,-0.027420998,0.690493584,0.026653290,0.000042072,17.502258301,-3.762827396,-1.229624629,0.308288097,0.000754230,0.003372192,17.509727478,-3.847730637,-1.286899567,0.309544563,0.002349854,0.000042072,17.502258301,-3.762827396,-1.229624629,0.308288097,0.000754230,0.000000000,0.000000000,0.000000000,0.000000000,0.000000000,0.000000000,0.000000000,0.000000000,0.000000000,0.000000000,0.000000000,0.000000000,0.000000000,0.000000000,0.000000000,0.000000000,0.000000000,0.000000000,0.003330120,0.007469177,-0.084903240,-0.057274938,0.001256466,0.001595624,0.003985202,0.008351293,-0.011748532,-0.002632964,0.000974425,0.003196512
4.919800282,1.960649490,-1.031043053,-1.408408165,-0.027420998,0.690493584,0.026653290,-0.062438965,-0.010681152,0.159118652,-0.070495605,0.020645142,-0.001510620,1.960649490,-1.031043053,-1.408408165,-0.027420998,0.690876961,0.026653290,0.000042073,17.502519608,-3.763075590,-1.229900360,0.308190405,0.000753970,0.009597778,17.474937439,-3.842023849,-1.285861969,0.304417610,0.008758545,0.000042073,17.502519608,-3.763075590,-1.229900360,0.308190405,0.000753970,0.000000000,0.000000000,0.000000000,0.000000000,0.000000000,0.000000000,0.000000000,0.000000000,0.000000000,0.000000000,0.000000000,0.000000000,0.000000000,0.000000000,0.000000000,0.000000000,0.000000000,0.000000000,0.009555705,-0.027582169,-0.078948259,-0.055961609,-0.003772795,0.008004575,0.010210787,-0.026700053,-0.005793551,-0.001319635,-0.004054836,0.009605463
4.929744482,1.960649490,-1.031043053,-1.408408165,-0.027420998,0.690493584,0.026653290,0.057067871,-0.025329590,0.047668457,-0.026184082,-0.002517700,0.004531860,1.960649490,-1.031043053,-1.408408165,-0.027420998,0.690876961,0.026653290,0.000042073,17.502519608,-3.763075590,-1.229900360,0.308190405,0.000753970,0.011154175,17.478599548,-3.834760666,-1.288455963,0.310826302,-0.012176514,0.000042073,17.502519608,-3.763075590,-1.229900360,0.308190405,0.000753970,0.000000000,0.000000000,0.000000000,0.000000000,0.000000000,0.000000000,0.000000000,0.000000000,0.000000000,0.000000000,0.000000000,0.000000000,0.000000000,0.000000000,0.000000000,0.000000000,0.000000000,0.000000000,0.011112102,-0.023920059,-0.071685076,-0.058555603,0.002635896,-0.012930484,0.011767184,-0.023037944,0.001469632,-0.003913629,0.002353855,-0.011329596
4.939770222,1.960649490,-1.031043053,-1.408408165,-0.027420998,0.690876961,0.026653290,0.128234863,-0.034484863,0.078552246,0.038269043,0.026687622,0.010574341,1.960649490,-1.031043053,-1.408408165,-0.027420998,0.690876961,0.026653290,0.000042073,17.502519608,-3.763075590,-1.229900360,0.308190405,0.000753970,-0.001815796,17.535362244,-3.816082954,-1.279636383,0.300999641,0.006622314,0.000042073,17.502519608,-3.763075590,-1.229900360,0.308190405,0.000753970,0.000000000,0.000000000,0.000000000,0.000000000,0.000000000,0.000000000,0.000000000,0.000000000,0.000000000,0.000000000,0.000000000,0.000000000,0.000000000,0.000000000,0.000000000,0.000000000,0.000000000,0.000000000,-0.001857869,0.032842636,-0.053007364,-0.049736023,-0.007190764,0.005868344,-0.001202787,0.033724752,0.020147344,0.004905951,-0.007472805,0.007469233
4.949774027,1.960649490,-1.031043053,-1.408408165,-0.027420998,0.690493584,0.026653290,0.008728027,0.011291504,-0.036926270,-0.014099121,0.027694702,0.013595581,1.960649490,-1.031043053,-1.408408165,-0.027420998,0.690876961,0.026653290,0.000042073,17.502519608,-3.763075590,-1.229900360,0.308190405,0.000753970,0.008560181,17.517051697,-3.834760666,-1.284824371,0.296727180,0.002349854,0.000042073,17.502519608,-3.763075590,-1.229900360,0.308190405,0.000753970,0.000000000,0.000000000,0.000000000,0.000000000,0.000000000,0.000000000,0.000000000,0.000000000,0.000000000,0.000000000,0.000000000,0.000000000,0.000000000,0.000000000,0.000000000,0.000000000,0.000000000,0.000000000,0.008518108,0.014532089,-0.071685076,-0.054924011,-0.011463225,0.001595883,0.009173190,0.015414205,0.001469632,-0.000282037,-0.011745266,0.003196772
4.959753990,1.960649490,-1.031043053,-1.408408165,-0.027420998,0.690493584,0.026653290,0.028869629,0.099184036,-0.061096191,0.028869629,-0.041793823,-0.058914185,1.960649490,-1.031426430,-1.408408165,-0.027420998,0.690493584,0.026653290,0.000042072,17.502201080,-3.759830713,-1.229153872,0.308012217,0.000753487,-0.007003784,17.476768494,-3.828535080,-1.286380768,0.342015266,0.003204346,0.000042072,17.502201080,-3.759830713,-1.229153872,0.308012217,0.000753487,0.000000000,0.000000000,0.000000000,0.000000000,0.000000000,0.000000000,0.000000000,0.000000000,0.000000000,0.000000000,0.000000000,0.000000000,0.000000000,0.000000000,0.000000000,0.000000000,0.000000000,0.000000000,-0.007045856,-0.025432587,-0.068704367,-0.057226896,0.034003049,0.002450859,-0.006390774,-0.024550471,0.004450341,-0.002584922,0.033721008,0.004051747
4.969755173,1.960649490,-1.031043053,-1.408408165,-0.027420998,0.690493584,0.026653290,-0.018127441,0.018615723,-0.038269043,-0.050354004,-0.025680542,0.004531860,1.960649490,-1.031043053,-1.408408165,-0.027420998,0.690493584,0.026653290,0.000042072,17.502258301,-3.762827396,-1.229624629,0.308288097,0.000754230,-0.015304565,17.493247986,-3.793255806,-1.281711578,0.293309212,-0.002777100,0.000042072,17.502258301,-3.762827396,-1.229624629,0.308288097,0.000754230,0.000000000,0.000000000,0.000000000,0.000000000,0.000000000,0.000000000,0.000000000,0.000000000,0.000000000,0.000000000,0.000000000,0.000000000,0.000000000,0.000000000,0.000000000,0.000000000,0.000000000,0.000000000,-0.015346638,-0.009010315,-0.030428410,-0.052086949,-0.014978886,-0.003531329,-0.014691555,-0.008128199,0.042726298,0.002555025,-0.015260927,-0.001930441
4.979799986,1.960649490,-1.031426430,-1.408408165,-0.027420998,0.690493584,0.026653290,-0.000671387,-0.092470169,-0.066467285,-0.128238678,0.016616821,-0.035751343,1.960649490,-1.031043053,-1.408408165,-0.027420998,0.690493584,0.026653290,0.000042072,17.502258301,-3.762827396,-1.229624629,0.308288097,0.000754230,0.015823364,17.473106384,-3.827497482,-1.281711578,0.306981087,-0.010467529,0.000042072,17.502258301,-3.762827396,-1.229624629,0.308288097,0.000754230,0.000000000,0.000000000,0.000000000,0.000000000,0.000000000,0.000000000,0.000000000,0.000000000,0.000000000,0.000000000,0.000000000,0.000000000,0.000000000,0.000000000,0.000000000,0.000000000,0.000000000,0.000000000,0.015781292,-0.029151917,-0.064670086,-0.052086949,-0.001307011,-0.011221759,0.016436374,-0.028269801,0.008484622,0.002555025,-0.001589052,-0.009620870
4.989708662,1.960649490,-1.031043053,-1.408408165,-0.027420998,0.690493584,0.026653290,-0.097354889,0.024719238,0.014099121,-0.179264069,-0.044815063,-0.019638062,1.960649490,-1.031043053,-1.408408165,-0.027420998,0.690493584,0.026268959,0.000042072,17.502256393,-3.762826681,-1.229623795,0.308288366,0.000755190,-0.002334595,17.509727478,-3.875745773,-1.288974762,0.310826302,-0.018157959,0.000042072,17.502256393,-3.762826681,-1.229623795,0.308288366,0.000755190,0.000000000,0.000000000,0.000000000,0.000000000,0.000000000,0.000000000,0.000000000,0.000000000,0.000000000,0.000000000,0.000000000,0.000000000,0.000000000,0.000000000,0.000000000,0.000000000,0.000000000,0.000000000,-0.002376667,0.007471085,-0.112919092,-0.059350967,0.002537936,-0.018913149,-0.001721585,0.008353200,-0.039764384,-0.004708993,0.002255895,-0.017312261
4.999742985,1.960649490,-1.031043053,-1.408408165,-0.027420998,0.690493584,0.026653290,0.137634277,-0.063173294,0.036926270,-0.152408600,0.014602661,0.028701782,1.960649490,-1.031426430,-1.408408165,-0.027420998,0.690493584,0.026653290,0.000042072,17.502201080,-3.759830713,-1.229153872,0.308012217,0.000753487,0.005447388,17.544517517,-3.863294601,-1.309727669,0.302708626,-0.015167236,0.000042072,17.502201080,-3.759830713,-1.229153872,0.308012217,0.000753487,0.000000000,0.000000000,0.000000000,0.000000000,0.000000000,0.000000000,0.000000000,0.000000000,0.000000000,0.000000000,0.000000000,0.000000000,0.000000000,0.000000000,0.000000000,0.000000000,0.000000000,0.000000000,0.005405316,0.042316437,-0.103463888,-0.080573797,-0.005303591,-0.015920723,0.006060398,0.043198552,-0.030309180,-0.025931823,-0.005585633,-0.014319835
5.009708881,1.960649490,-1.031043053,-1.408408165,-0.027420998,0.690493584,0.026653290,0.128234863,0.097352982,-0.032897949,-0.207462311,0.042800903,0.037765503,1.960649490,-1.031426430,-1.408408165,-0.027420998,0.690876961,0.026653290,0.000042073,17.502464294,-3.760078907,-1.229429722,0.307914615,0.000753228,-0.018936157,17.462120056,-3.827497482,-1.278598785,0.318516731,-0.007476807,0.000042073,17.502464294,-3.760078907,-1.229429722,0.307914615,0.000753228,0.000000000,0.000000000,0.000000000,0.000000000,0.000000000,0.000000000,0.000000000,0.000000000,0.000000000,0.000000000,0.000000000,0.000000000,0.000000000,0.000000000,0.000000000,0.000000000,0.000000000,0.000000000,-0.018978230,-0.040344238,-0.067418575,-0.049169064,0.010602117,-0.008230034,-0.018323148,-0.039462123,0.005736133,0.005472910,0.010320075,-0.006629146
5.019708395,1.960649490,-1.031426430,-1.408408165,-0.027420998,0.690493584,0.026653290,0.003356934,-0.076601028,0.018127441,-0.054382324,0.008560181,0.026687622,1.960649490,-1.031426430,-1.408408165,-0.027420998,0.690876961,0.026653290,0.000042073,17.502464294,-3.760078907,-1.229429722,0.307914615,0.000753228,-0.007522583,17.493247986,-3.785992622,-1.279117584,0.310826302,-0.014312744,0.000042073,17.502464294,-3.760078907,-1.229429722,0.307914615,0.000753228,0.000000000,0.000000000,0.000000000,0.000000000,0.000000000,0.000000000,0.000000000,0.000000000,0.000000000,0.000000000,0.000000000,0.000000000,0.000000000,0.000000000,0.000000000,0.000000000,0.000000000,0.000000000,-0.007564656,-0.009216309,-0.025913715,-0.049687862,0.002911687,-0.015065972,-0.006909574,-0.008334193,0.047240993,0.004954112,0.002629646,-0.013465083
5.029709101,1.960649490,-1.031043053,-1.408408165,-0.027420998,0.690493584,0.026653290,-0.004699707,0.037536621,0.002014160,0.054382324,-0.011581421,-0.007553101,1.960649490,-1.031426430,-1.408408165,-0.027420998,0.690493584,0.026653290,0.000042072,17.502201080,-3.759830713,-1.229153872,0.308012217,0.000753487,-0.016860962,17.467613220,-3.764721870,-1.286899567,0.300572395,0.005340576,0.000042072,17.502201080,-3.759830713,-1.229153872,0.308012217,0.000753487,0.000000000,0.000000000,0.000000000,0.000000000,0.000000000,0.000000000,0.000000000,0.000000000,0.000000000,0.000000000,0.000000000,0.000000000,0.000000000,0.000000000,0.000000000,0.000000000,0.000000000,0.000000000,-0.016903034,-0.034587860,-0.004891157,-0.057745695,-0.007439822,0.004587089,-0.016247952,-0.033705745,0.068263551,-0.003103721,-0.007721863,0.006187978
5.039708614,1.960649490,-1.031043053,-1.408408165,-0.027420998,0.690493584,0.026653290,-0.082580566,0.144350052,0.010070801,0.067810059,-0.053878784,-0.081073761,1.960649490,-1.031043053,-1.408408165,-0.027420998,0.690493584,0.026653290,0.000042072,17.502258301,-3.762827396,-1.229624629,0.308288097,0.000754230,0.014785767,17.467613220,-3.873151779,-1.287937164,0.290318489,-0.005767822,0.000042072,17.502258301,-3.762827396,-1.229624629,0.308288097,0.000754230,0.000000000,0.000000000,0.000000000,0.000000000,0.000000000,0.000000000,0.000000000,0.000000000,0.000000000,0.000000000,0.000000000,0.000000000,0.000000000,0.000000000,0.000000000,0.000000000,0.000000000,0.000000000,0.014743694,-0.034645081,-0.110324383,-0.058312535,-0.017969608,-0.006522052,0.015398777,-0.033762965,-0.037169675,-0.003670561,-0.018251649,-0.004921163
5.049708128,1.960649490,-1.031426430,-1.408408165,-0.027420998,0.690876961,0.026653290,-0.089298248,-0.010681152,-0.102725983,0.113464355,0.009567261,0.008560181,1.960649490,-1.031426430,-1.408408165,-0.027420998,0.690876961,0.026653290,0.000042073,17.502464294,-3.760078907,-1.229429722,0.307914615,0.000753228,-0.012710571,17.487754822,-3.831647873,-1.285343170,0.332188606,0.006195068,0.000042073,17.502464294,-3.760078907,-1.229429722,0.307914615,0.000753228,0.000000000,0.000000000,0.000000000,0.000000000,0.000000000,0.000000000,0.000000000,0.000000000,0.000000000,0.000000000,0.000000000,0.000000000,0.000000000,0.000000000,0.000000000,0.000000000,0.000000000,0.000000000,-0.012752644,-0.014709473,-0.071568966,-0.055913448,0.024273992,0.005441841,-0.012097562,-0.013827357,0.001585742,-0.001271474,0.023991950,0.007042729
5.059658289,1.960649490,-1.031043053,-1.408408165,-0.027420998,0.690493584,0.026653290,-0.011413574,0.058288574,0.044982910,-0.039611816,-0.012588501,-0.027694702,1.960649490,-1.031043053,-1.408408165,-0.027420998,0.690876961,0.026653290,0.000042073,17.502519608,-3.763075590,-1.229900360,0.308190405,0.000753970,-0.008560181,17.498741150,-3.845655441,-1.263553619,0.321507454,-0.013885498,0.000042073,17.502519608,-3.763075590,-1.229900360,0.308190405,0.000753970,0.000000000,0.000000000,0.000000000,0.000000000,0.000000000,0.000000000,0.000000000,0.000000000,0.000000000,0.000000000,0.000000000,0.000000000,0.000000000,0.000000000,0.000000000,0.000000000,0.000000000,0.000000000,-0.008602254,-0.003778458,-0.082579851,-0.033653259,0.013317049,-0.014639468,-0.007947172,-0.002896342,-0.009425143,0.020988715,0.013035007,-0.013038580
5.069748640,1.960649490,-1.031043053,-1.408408165,-0.027420998,0.690493584,0.026653290,-0.003356934,-0.005798340,0.007385254,-0.054382324,0.022659302,0.056900024,1.960649490,-1.031043053,-1.408408165,-0.027420998,0.690493584,0.026653290,0.000042072,17.502258301,-3.762827396,-1.229624629,0.308288097,0.000754230,0.003890991,17.513389587,-3.823347092,-1.279117584,0.299290657,0.012176514,0.000042072,17.502258301,-3.762827396,-1.229624629,0.308288097,0.000754230,0.000000000,0.000000000,0.000000000,0.000000000,0.000000000,0.000000000,0.000000000,0.000000000,0.000000000,0.000000000,0.000000000,0.000000000,0.000000000,0.000000000,0.000000000,0.000000000,0.000000000,0.000000000,0.003848919,0.011131287,-0.060519695,-0.049492955,-0.008997440,0.011422284,0.004504001,0.012013402,0.012635013,0.005149019,-0.009279482,0.013023173
5.079755306,1.960649490,-1.031043053,-1.408408165,-0.027420998,0.690493584,0.026653290,-0.014099121,0.079652786,-0.035583496,-0.039611816,0.031723022,-0.036758423,1.960649490,-1.031043053,-1.408408165,-0.027420998,0.690493584,0.026653290,0.000042072,17.502258301,-3.762827396,-1.229624629,0.308288097,0.000754230,-0.016860962,17.502403259,-3.810894966,-1.274967194,0.303990364,0.004058838,0.000042072,17.502258301,-3.762827396,-1.229624629,0.308288097,0.000754230,0.000000000,0.000000000,0.000000000,0.000000000,0.000000000,0.000000000,0.000000000,0.000000000,0.000000000,0.000000000,0.000000000,0.000000000,0.000000000,0.000000000,0.000000000,0.000000000,0.000000000,0.000000000,-0.016903034,0.000144958,-0.048067570,-0.045342565,-0.004297733,0.003304608,-0.016247952,0.001027074,0.025087138,0.009299409,-0.004579774,0.004905497
5.089708567,1.960649490,-1.031426430,-1.408408165,-0.027420998,0.690493584,0.026653290,0.086608887,-0.042421341,0.093322754,-0.113468170,-0.010574341,-0.029708862,1.960649490,-1.031426430,-1.408408165,-0.027420998,0.690493584,0.026653290,0.000042072,17.502201080,-3.759830713,-1.229153872,0.308012217,0.000753487,0.010116577,17.482261658,-3.832166672,-1.288455963,0.318089485,-0.004913330,0.000042072,17.502201080,-3.759830713,-1.229153872,0.308012217,0.000753487,0.000000000,0.000000000,0.000000000,0.000000000,0.000000000,0.000000000,0.000000000,0.000000000,0.000000000,0.000000000,0.000000000,0.000000000,0.000000000,0.000000000,0.000000000,0.000000000,0.000000000,0.000000000,0.010074505,-0.019939423,-0.072335958,-0.059302092,0.010077268,-0.005666817,0.010729587,-0.019057307,0.000818750,-0.004660118,0.009795227,-0.004065928
5.099708319,1.960266113,-1.031426430,-1.408408165,-0.027420998,0.690876961,0.026653290,0.007385254,-0.024719238,0.066467285,-0.066467285,0.017623901,0.022659302,1.960266113,-1.031426430,-1.408408165,-0.027420998,0.690493584,0.026653290,0.000042082,17.502201080,-3.759830713,-1.229153872,0.308012217,0.000753487,-0.009078979,17.462120056,-3.856550217,-1.282749176,0.303990364,0.005767822,0.000042082,17.502201080,-3.759830713,-1.229153872,0.308012217,0.000753487,0.000000000,0.000000000,0.000000000,0.000000000,0.000000000,0.000000000,0.000000000,0.000000000,0.000000000,0.000000000,0.000000000,0.000000000,0.000000000,0.000000000,0.000000000,0.000000000,0.000000000,0.000000000,-0.009121062,-0.040081024,-0.096719503,-0.053595304,-0.004021853,0.005014336,-0.008465979,-0.039198909,-0.023564795,0.001046669,-0.004303894,0.006615224
5.109760761,1.960649490,-1.031426430,-1.408408165,-0.027420998,0.690876961,0.026653290,-0.101383209,-0.124818802,0.047668457,-0.024841309,0.010574341,-0.020645142,1.960649490,-1.031043053,-1.408408165,-0.027420998,0.690493584,0.026653290,0.000042072,17.502258301,-3.762827396,-1.229624629,0.308288097,0.000754230,-0.019454956,17.443809509,-3.829572678,-1.306096077,0.298008919,-0.007904053,0.000042072,17.502258301,-3.762827396,-1.229624629,0.308288097,0.000754230,0.000000000,0.000000000,0.000000000,0.000000000,0.000000000,0.000000000,0.000000000,0.000000000,0.000000000,0.000000000,0.000000000,0.000000000,0.000000000,0.000000000,0.000000000,0.000000000,0.000000000,0.000000000,-0.019497028,-0.058448792,-0.066745281,-0.076471448,-0.010279179,-0.008658282,-0.018841946,-0.057566676,0.006409427,-0.021829474,-0.010561220,-0.007057394
5.119709969,1.960649490,-1.031426430,-1.408408165,-0.027420998,0.690876961,0.026653290,-0.050354004,-0.015563965,0.054382324,-0.078552246,0.037765503,0.064956665,1.960649490,-1.031426430,-1.408408165,-0.027420998,0.690876961,0.026653290,0.000042073,17.502464294,-3.760078907,-1.229429722,0.307914615,0.000753228,0.008560181,17.476768494,-3.803112984,-1.282749176,0.302708626,0.002349854,0.000042073,17.502464294,-3.760078907,-1.229429722,0.307914615,0.000753228,0.000000000,0.000000000,0.000000000,0.000000000,0.000000000,0.000000000,0.000000000,0.000000000,0.000000000,0.000000000,0.000000000,0.000000000,0.000000000,0.000000000,0.000000000,0.000000000,0.000000000,0.000000000,0.008518108,-0.025695801,-0.043034077,-0.053319454,-0.005205989,0.001596626,0.009173190,-0.024813685,0.030120631,0.001322520,-0.005488030,0.003197514
5.129745960,1.960649490,-1.031426430,-1.408408165,-0.027420998,0.690493584,0.026653290,-0.082580566,-0.068056107,0.062438965,-0.097354889,-0.033737183,0.008560181,1.960649490,-1.031043053,-1.408408165,-0.027420998,0.690876961,0.026653290,0.000042073,17.502519608,-3.763075590,-1.229900360,0.308190405,0.000753970,0.007522583,17.473106384,-3.821271896,-1.279117584,0.306981087,0.008331299,0.000042073,17.502519608,-3.763075590,-1.229900360,0.308190405,0.000753970,0.000000000,0.000000000,0.000000000,0.000000000,0.000000000,0.000000000,0.000000000,0.000000000,0.000000000,0.000000000,0.000000000,0.000000000,0.000000000,0.000000000,0.000000000,0.000000000,0.000000000,0.000000000,0.007480510,-0.029413223,-0.058196306,-0.049217224,-0.001209319,0.007577328,0.008135592,-0.028531108,0.014958402,0.005424750,-0.001491360,0.009178217
5.139719248,1.960649490,-1.031043053,-1.408408165,-0.027420998,0.690493584,0.026653290,-0.032897949,0.039978027,0.016784668,-0.047668457,0.000503540,-0.047836304,1.960649490,-1.031043053,-1.408408165,-0.027420998,0.690876961,0.026653290,0.000042073,17.502519608,-3.763075590,-1.229900360,0.308190405,0.000753970,0.009597778,17.517051697,-3.844099045,-1.293125153,0.299717903,-0.003204346,0.000042073,17.502519608,-3.763075590,-1.229900360,0.308190405,0.000753970,0.000000000,0.000000000,0.000000000,0.000000000,0.000000000,0.000000000,0.000000000,0.000000000,0.000000000,0.000000000,0.000000000,0.000000000,0.000000000,0.000000000,0.000000000,0.000000000,0.000000000,0.000000000,0.009555705,0.014532089,-0.081023455,-0.063224792,-0.008472502,-0.003958316,0.010210787,0.015414205,-0.007868747,-0.008582819,-0.008754543,-0.002357428
5.149721146,1.960649490,-1.031043053,-1.408408165,-0.027420998,0.690876961,0.026653290,-0.027526855,0.041198730,0.006042480,0.023498535,-0.023666382,-0.035751343,1.960649490,-1.031426430,-1.408408165,-0.027420998,0.690493584,0.026653290,0.000042072,17.502201080,-3.759830713,-1.229153872,0.308012217,0.000753487,0.010116577,17.507896423,-3.864850998,-1.241764069,0.308262825,0.016876221,0.000042072,17.502201080,-3.759830713,-1.229153872,0.308012217,0.000753487,0.000000000,0.000000000,0.000000000,0.000000000,0.000000000,0.000000000,0.000000000,0.000000000,0.000000000,0.000000000,0.000000000,0.000000000,0.000000000,0.000000000,0.000000000,0.000000000,0.000000000,0.000000000,0.010074505,0.005695343,-0.105020285,-0.012610197,0.000250608,0.016122734,0.010729587,0.006577459,-0.031865577,0.042031777,-0.000031433,0.017723622
5.160031080,1.960649490,-1.031043053,-1.408408165,-0.027420998,0.690493584,0.026653290,-0.062438965,0.013732910,-0.007385254,0.007385254,-0.007553101,-0.012588501,1.960649490,-1.031426430,-1.408408165,-0.027420998,0.690876961,0.026653290,0.000042073,17.502464294,-3.760078907,-1.229429722,0.307914615,0.000753228,-0.007003784,17.491416931,-3.839429855,-1.283786774,0.311253548,0.001922607,0.000042073,17.502464294,-3.760078907,-1.229429722,0.307914615,0.000753228,0.000000000,0.000000000,0.000000000,0.000000000,0.000000000,0.000000000,0.000000000,0.000000000,0.000000000,0.000000000,0.000000000,0.000000000,0.000000000,0.000000000,0.000000000,0.000000000,0.000000000,0.000000000,-0.007045857,-0.011047363,-0.079350948,-0.054357052,0.003338933,0.001169380,-0.006390775,-0.010165248,-0.006196240,0.000284922,0.003056892,0.002770268
5.169711351,1.960649490,-1.031043053,-1.408024788,-0.027420998,0.690876961,0.026653290,0.004699707,0.061950684,0.087951660,-0.075866699,0.005538940,0.005538940,1.960649490,-1.031043053,-1.408408165,-0.027420998,0.690876961,0.026653290,0.000042073,17.502519608,-3.763075590,-1.229900360,0.308190405,0.000753970,-0.003890991,17.511558533,-3.864332199,-1.286380768,0.301426888,0.000213623,0.000042073,17.502519608,-3.763075590,-1.229900360,0.308190405,0.000753970,0.000000000,0.000000000,0.000000000,0.000000000,0.000000000,0.000000000,0.000000000,0.000000000,0.000000000,0.000000000,0.000000000,0.000000000,0.000000000,0.000000000,0.000000000,0.000000000,0.000000000,0.000000000,-0.003933064,0.009038925,-0.101256609,-0.056480408,-0.006763518,-0.000540347,-0.003277982,0.009921041,-0.028101901,-0.001838434,-0.007045559,0.001060541
5.179719448,1.960649490,-1.031043053,-1.408408165,-0.027420998,0.690493584,0.026653290,-0.113468170,0.061950684,-0.023498535,0.008728027,-0.040786743,-0.040786743,1.960649490,-1.031043053,-1.408408165,-0.027420998,0.690493584,0.026653290,0.000042072,17.502258301,-3.762827396,-1.229624629,0.308288097,0.000754230,0.027755737,17.542686462,-3.823347092,-1.274448395,0.326207161,0.006622314,0.000042072,17.502258301,-3.762827396,-1.229624629,0.308288097,0.000754230,0.000000000,0.000000000,0.000000000,0.000000000,0.000000000,0.000000000,0.000000000,0.000000000,0.000000000,0.000000000,0.000000000,0.000000000,0.000000000,0.000000000,0.000000000,0.000000000,0.000000000,0.000000000,0.027713665,0.040428162,-0.060519695,-0.044823766,0.017919064,0.005868085,0.028368747,0.041310277,0.012635013,0.009818208,0.017637022,0.007468973
5.189714193,1.960649490,-1.031426430,-1.408408165,-0.027420998,0.690493584,0.026653290,-0.097354889,0.056457520,0.016784668,-0.061096191,-0.001510620,0.021652222,1.960649490,-1.031043053,-1.408408165,-0.027420998,0.690493584,0.026653290,0.000042072,17.502258301,-3.762827396,-1.229624629,0.308288097,0.000754230,0.010635376,17.489585876,-3.844099045,-1.285861969,0.330906868,0.009613037,0.000042072,17.502258301,-3.762827396,-1.229624629,0.308288097,0.000754230,0.000000000,0.000000000,0.000000000,0.000000000,0.000000000,0.000000000,0.000000000,0.000000000,0.000000000,0.000000000,0.000000000,0.000000000,0.000000000,0.000000000,0.000000000,0.000000000,0.000000000,0.000000000,0.010593304,-0.012672424,-0.081271648,-0.056237340,0.022618771,0.008858807,0.011248386,-0.011790309,-0.008116940,-0.001595366,0.022336729,0.010459696
5.199708939,1.960649490,-1.031043053,-1.408408165,-0.027420998,0.690493584,0.026653290,0.038269043,0.057678223,-0.148380280,0.046325684,-0.037765503,-0.002517700,1.960649490,-1.031426430,-1.408408165,-0.027420998,0.690493584,0.026653290,0.000042072,17.502201080,-3.759830713,-1.229153872,0.308012217,0.000753487,-0.007522583,17.504234314,-3.820753098,-1.292606354,0.302708626,0.001922607,0.000042072,17.502201080,-3.759830713,-1.229153872,0.308012217,0.000753487,0.000000000,0.000000000,0.000000000,0.000000000,0.000000000,0.000000000,0.000000000,0.000000000,0.000000000,0.000000000,0.000000000,0.000000000,0.000000000,0.000000000,0.000000000,0.000000000,0.000000000,0.000000000,-0.007564655,0.002033234,-0.060922384,-0.063452482,-0.005303591,0.001169121,-0.006909573,0.002915349,0.012232324,-0.008810508,-0.005585633,0.002770009
5.209711075,1.960649490,-1.031043053,-1.408408165,-0.027420998,0.690493584,0.026653290,0.014099121,0.009460449,0.027526855,0.010070801,-0.003524780,0.016616821,1.960649490,-1.031043053,-1.408408165,-0.027420998,0.690876961,0.026653290,0.000042073,17.502519608,-3.763075590,-1.229900360,0.308190405,0.000753970,-0.008041382,17.513389587,-3.820234299,-1.288974762,0.297154427,0.010467529,0.000042073,17.502519608,-3.763075590,-1.229900360,0.308190405,0.000753970,0.000000000,0.000000000,0.000000000,0.000000000,0.000000000,0.000000000,0.000000000,0.000000000,0.000000000,0.000000000,0.000000000,0.000000000,0.000000000,0.000000000,0.000000000,0.000000000,0.000000000,0.000000000,-0.008083455,0.010869980,-0.057158709,-0.059074402,-0.011035979,0.009713559,-0.007428373,0.011752095,0.015995999,-0.004432428,-0.011318020,0.011314447
5.219718218,1.960649490,-1.031426430,-1.408408165,-0.027420998,0.690493584,0.026653290,0.012756348,-0.144350052,-0.053039551,-0.086612701,-0.008560181,-0.012588501,1.960649490,-1.031426430,-1.408408165,-0.027420998,0.690493584,0.026653290,0.000042072,17.502201080,-3.759830713,-1.229153872,0.308012217,0.000753487,-0.009078979,17.500572205,-3.835279465,-1.280673981,0.306126595,-0.000640869,0.000042072,17.502201080,-3.759830713,-1.229153872,0.308012217,0.000753487,0.000000000,0.000000000,0.000000000,0.000000000,0.000000000,0.000000000,0.000000000,0.000000000,0.000000000,0.000000000,0.000000000,0.000000000,0.000000000,0.000000000,0.000000000,0.000000000,0.000000000,0.000000000,-0.009121052,-0.001628876,-0.075448751,-0.051520109,-0.001885623,-0.001394356,-0.008465969,-0.000746760,-0.002294043,0.003121865,-0.002167664,0.000206533
5.229712248,1.960649490,-1.031426430,-1.408408165,-0.027420998,0.690493584,0.026653290,0.022155762,-0.087587357,-0.101383209,-0.053039551,-0.030715942,-0.004531860,1.960649490,-1.031043053,-1.408408165,-0.027420998,0.690876961,0.026653290,0.000042073,17.502519608,-3.763075590,-1.229900360,0.308190405,0.000753970,0.003372192,17.515220642,-3.838911057,-1.284305573,0.293736458,0.006195068,0.000042073,17.502519608,-3.763075590,-1.229900360,0.308190405,0.000753970,0.000000000,0.000000000,0.000000000,0.000000000,0.000000000,0.000000000,0.000000000,0.000000000,0.000000000,0.000000000,0.000000000,0.000000000,0.000000000,0.000000000,0.000000000,0.000000000,0.000000000,0.000000000,0.003330119,0.012701035,-0.075835466,-0.054405212,-0.014453948,0.005441098,0.003985201,0.013583150,-0.002680758,0.000236762,-0.014735989,0.007041987
5.239712000,1.960649490,-1.031426430,-1.408408165,-0.027420998,0.690876961,0.026653290,-0.090641022,-0.057680130,-0.024841309,-0.081237793,0.024673462,-0.052871704,1.960649490,-1.031043053,-1.408408165,-0.027420998,0.690876961,0.026653290,0.000042073,17.502519608,-3.763075590,-1.229900360,0.308190405,0.000753970,-0.009078979,17.502403259,-3.845136642,-1.282230377,0.321507454,-0.005767822,0.000042073,17.502519608,-3.763075590,-1.229900360,0.308190405,0.000753970,0.000000000,0.000000000,0.000000000,0.000000000,0.000000000,0.000000000,0.000000000,0.000000000,0.000000000,0.000000000,0.000000000,0.000000000,0.000000000,0.000000000,0.000000000,0.000000000,0.000000000,0.000000000,-0.009121053,-0.000116348,-0.082061052,-0.052330017,0.013317049,-0.006521793,-0.008465970,0.000765767,-0.008906344,0.002311957,0.013035007,-0.004920904
5.249743700,1.960266113,-1.031426430,-1.408408165,-0.027420998,0.690876961,0.026653290,-0.132266998,-0.054018021,0.129577637,-0.108097076,-0.009567261,-0.031723022,1.960649490,-1.031043053,-1.408024788,-0.027420998,0.690876961,0.026653290,0.000042065,17.499357224,-3.760078907,-1.229429722,0.307914615,0.000753228,-0.009597778,17.500572205,-3.859663010,-1.278598785,0.311680794,0.005340576,0.000042065,17.499357224,-3.760078907,-1.229429722,0.307914615,0.000753228,0.000000000,0.000000000,0.000000000,0.000000000,0.000000000,0.000000000,0.000000000,0.000000000,0.000000000,0.000000000,0.000000000,0.000000000,0.000000000,0.000000000,0.000000000,0.000000000,0.000000000,0.000000000,-0.009639843,0.001214981,-0.099584103,-0.049169064,0.003766179,0.004587349,-0.008984761,0.002097097,-0.026429395,0.005472910,0.003484138,0.006188237
5.259710789,1.960649490,-1.031426430,-1.408408165,-0.027420998,0.690876961,0.026653290,0.057067871,-0.017395020,-0.074523926,0.089294434,-0.035751343,-0.016616821,1.960649490,-1.031426430,-1.408408165,-0.027420998,0.690876961,0.026653290,0.000042073,17.502464294,-3.760078907,-1.229429722,0.307914615,0.000753228,0.004409790,17.495079041,-3.842023849,-1.298314095,0.295018196,0.008758545,0.000042073,17.502464294,-3.760078907,-1.229429722,0.307914615,0.000753228,0.000000000,0.000000000,0.000000000,0.000000000,0.000000000,0.000000000,0.000000000,0.000000000,0.000000000,0.000000000,0.000000000,0.000000000,0.000000000,0.000000000,0.000000000,0.000000000,0.000000000,0.000000000,0.004367717,-0.007385254,-0.081944942,-0.068884373,-0.012896419,0.008005317,0.005022799,-0.006503138,-0.008790234,-0.014242399,-0.013178460,0.009606206
5.269708395,1.960649490,-1.031043053,-1.408024788,-0.027420998,0.690876961,0.026653290,-0.026184082,0.024108887,0.094665527,0.145690918,-0.027694702,-0.004531860,1.960649490,-1.031043053,-1.408408165,-0.027420998,0.690493584,0.026653290,0.000042072,17.502258301,-3.762827396,-1.229624629,0.308288097,0.000754230,-0.011154175,17.471275330,-3.835798264,-1.278079987,0.309117317,-0.016448975,0.000042072,17.502258301,-3.762827396,-1.229624629,0.308288097,0.000754230,0.000000000,0.000000000,0.000000000,0.000000000,0.000000000,0.000000000,0.000000000,0.000000000,0.000000000,0.000000000,0.000000000,0.000000000,0.000000000,0.000000000,0.000000000,0.000000000,0.000000000,0.000000000,-0.011196247,-0.030982971,-0.072970867,-0.048455358,0.000829220,-0.017203204,-0.010541165,-0.030100856,0.000183841,0.006186616,0.000547179,-0.015602316
5.279707909,1.960649490,-1.031043053,-1.408408165,-0.027420998,0.690876961,0.026653290,-0.004699707,0.101015091,0.062438965,0.016784668,0.034744263,0.066970825,1.960649490,-1.031426430,-1.408408165,-0.027420998,0.690876961,0.026653290,0.000042073,17.502464294,-3.760078907,-1.229429722,0.307914615,0.000753228,0.001296997,17.500572205,-3.829572678,-1.288974762,0.286900520,0.001922607,0.000042073,17.502464294,-3.760078907,-1.229429722,0.307914615,0.000753228,0.000000000,0.000000000,0.000000000,0.000000000,0.000000000,0.000000000,0.000000000,0.000000000,0.000000000,0.000000000,0.000000000,0.000000000,0.000000000,0.000000000,0.000000000,0.000000000,0.000000000,0.000000000,0.001254924,-0.001892090,-0.069493771,-0.059545040,-0.021014094,0.001169380,0.001910006,-0.001009974,0.003660937,-0.004903066,-0.021296136,0.002770268
5.289708853,1.960649490,-1.031426430,-1.408408165,-0.027420998,0.690876961,0.026653290,0.049011230,-0.098573685,0.031555176,0.078552246,0.023666382,-0.048843384,1.960649490,-1.031043053,-1.408408165,-0.027420998,0.690876961,0.026653290,0.000042073,17.502519608,-3.763075590,-1.229900360,0.308190405,0.000753970,0.014785767,17.463951111,-3.819715500,-1.280155182,0.312962532,0.007904053,0.000042073,17.502519608,-3.763075590,-1.229900360,0.308190405,0.000753970,0.000000000,0.000000000,0.000000000,0.000000000,0.000000000,0.000000000,0.000000000,0.000000000,0.000000000,0.000000000,0.000000000,0.000000000,0.000000000,0.000000000,0.000000000,0.000000000,0.000000000,0.000000000,0.014743693,-0.038568497,-0.056639910,-0.050254822,0.004772127,0.007150082,0.015398776,-0.037686381,0.016514798,0.004387152,0.004490086,0.008750971
5.299708366,1.960649490,-1.031043053,-1.408408165,-0.027420998,0.690876961,0.026653290,0.044982910,-0.011291504,-0.006042480,0.007385254,0.023666382,-0.057907104,1.960649490,-1.031043053,-1.408408165,-0.027420998,0.690876961,0.026653290,0.000042073,17.502519608,-3.763075590,-1.229900360,0.308190405,0.000753970,-0.015304565,17.502403259,-3.813488960,-1.278079987,0.235202789,-0.008331299,0.000042073,17.502519608,-3.763075590,-1.229900360,0.308190405,0.000753970,0.000000000,0.000000000,0.000000000,0.000000000,0.000000000,0.000000000,0.000000000,0.000000000,0.000000000,0.000000000,0.000000000,0.000000000,0.000000000,0.000000000,0.000000000,0.000000000,0.000000000,0.000000000,-0.015346639,-0.000116348,-0.050413370,-0.048179626,-0.072987616,-0.009085269,-0.014691556,0.000765767,0.022741338,0.006462347,-0.073269657,-0.007484381
5.309746742,1.960649490,-1.031426430,-1.408408165,-0.027420998,0.690493584,0.026653290,-0.034240723,-0.003967285,-0.083923340,0.078552246,-0.075031281,-0.038772583,1.960649490,-1.031426430,-1.408408165,-0.027420998,0.690876961,0.026653290,0.000042073,17.502464294,-3.760078907,-1.229429722,0.307914615,0.000753228,-0.012710571,17.493247986,-3.806744576,-1.272891998,0.300999641,-0.001068115,0.000042073,17.502464294,-3.760078907,-1.229429722,0.307914615,0.000753228,0.000000000,0.000000000,0.000000000,0.000000000,0.000000000,0.000000000,0.000000000,0.000000000,0.000000000,0.000000000,0.000000000,0.000000000,0.000000000,0.000000000,0.000000000,0.000000000,0.000000000,0.000000000,-0.012752644,-0.009216309,-0.046665668,-0.043462276,-0.006914973,-0.001821343,-0.012097562,-0.008334193,0.026489040,0.011179697,-0.007197014,-0.000220454
5.319708586,1.960649490,-1.031426430,-1.408408165,-0.027420998,0.690876961,0.026653290,0.079895020,0.063781738,-0.058410645,-0.049011230,-0.008560181,0.005538940,1.960649490,-1.031043053,-1.408408165,-0.027420998,0.690876961,0.026653290,0.000042073,17.502519608,-3.763075590,-1.229900360,0.308190405,0.000753970,-0.003372192,17.502403259,-3.815045357,-1.282749176,0.335179329,-0.006622314,0.000042073,17.502519608,-3.763075590,-1.229900360,0.308190405,0.000753970,0.000000000,0.000000000,0.000000000,0.000000000,0.000000000,0.000000000,0.000000000,0.000000000,0.000000000,0.000000000,0.000000000,0.000000000,0.000000000,0.000000000,0.000000000,0.000000000,0.000000000,0.000000000,-0.003414265,-0.000116348,-0.051969767,-0.052848816,0.026988924,-0.007376285,-0.002759183,0.000765767,0.021184941,0.001793158,0.026706882,-0.005775396
5.329748392,1.960649490,-1.031426430,-1.408408165,-0.027420998,0.690876961,0.026653290,0.050354004,0.050964355,-0.066467285,-0.102725983,0.022659302,-0.032730103,1.960649490,-1.031426430,-1.408024788,-0.027420998,0.690876961,0.026653290,0.000042065,17.499300003,-3.757081747,-1.228958964,0.307638764,0.000752485,-0.010635376,17.496910095,-3.857069016,-1.259403229,0.303135872,-0.002777100,0.000042065,17.499300003,-3.757081747,-1.228958964,0.307638764,0.000752485,0.000000000,0.000000000,0.000000000,0.000000000,0.000000000,0.000000000,0.000000000,0.000000000,0.000000000,0.000000000,0.000000000,0.000000000,0.000000000,0.000000000,0.000000000,0.000000000,0.000000000,0.000000000,-0.010677441,-0.002389908,-0.099987268,-0.030444264,-0.004502892,-0.003529584,-0.010022359,-0.001507792,-0.026832560,0.024197710,-0.004784934,-0.001928696
5.339711189,1.960649490,-1.031043053,-1.408408165,-0.027420998,0.690876961,0.026653290,-0.022155762,-0.000915527,-0.026184082,-0.069152832,0.022659302,0.031723022,1.960649490,-1.031043053,-1.408408165,-0.027420998,0.690876961,0.026653290,0.000042073,17.502519608,-3.763075590,-1.229900360,0.308190405,0.000753970,0.000259399,17.529869080,-3.825941086,-1.291049957,0.288609505,-0.001922607,0.000042073,17.502519608,-3.763075590,-1.229900360,0.308190405,0.000753970,0.000000000,0.000000000,0.000000000,0.000000000,0.000000000,0.000000000,0.000000000,0.000000000,0.000000000,0.000000000,0.000000000,0.000000000,0.000000000,0.000000000,0.000000000,0.000000000,0.000000000,0.000000000,0.000217326,0.027349472,-0.062865496,-0.061149597,-0.019580901,-0.002676578,0.000872408,0.028231588,0.010289212,-0.006507623,-0.019862942,-0.001075689
5.349731207,1.960649490,-1.031043053,-1.408408165,-0.027420998,0.690876961,0.026653290,0.022155762,0.129701614,-0.188663483,-0.003356934,-0.006546021,-0.045822144,1.960649490,-1.031043053,-1.408408165,-0.027420998,0.690876961,0.026653290,0.000042073,17.502519608,-3.763075590,-1.229900360,0.308190405,0.000753970,0.000778198,17.518882751,-3.815045357,-1.294162750,0.295445442,0.008331299,0.000042073,17.502519608,-3.763075590,-1.229900360,0.308190405,0.000753970,0.000000000,0.000000000,0.000000000,0.000000000,0.000000000,0.000000000,0.000000000,0.000000000,0.000000000,0.000000000,0.000000000,0.000000000,0.000000000,0.000000000,0.000000000,0.000000000,0.000000000,0.000000000,0.000736125,0.016363144,-0.051969767,-0.064262390,-0.012744963,0.007577328,0.001391207,0.017245259,0.021184941,-0.009620416,-0.013027004,0.009178217
5.359752417,1.960649490,-1.031043053,-1.408408165,-0.027420998,0.690876961,0.026653290,-0.016784668,0.037536621,-0.040954590,-0.024841309,0.014602661,0.081069946,1.960649490,-1.031426430,-1.408408165,-0.027420998,0.690876961,0.026653290,0.000042073,17.502464294,-3.760078907,-1.229429722,0.307914615,0.000753228,-0.005966187,17.507896423,-3.838392258,-1.286899567,0.304417610,-0.002777100,0.000042073,17.502464294,-3.760078907,-1.229429722,0.307914615,0.000753228,0.000000000,0.000000000,0.000000000,0.000000000,0.000000000,0.000000000,0.000000000,0.000000000,0.000000000,0.000000000,0.000000000,0.000000000,0.000000000,0.000000000,0.000000000,0.000000000,0.000000000,0.000000000,-0.006008259,0.005432129,-0.078313351,-0.057469845,-0.003497005,-0.003530327,-0.005353177,0.006314244,-0.005158643,-0.002827871,-0.003779046,-0.001929439
5.369712591,1.960649490,-1.031043053,-1.408408165,-0.027420998,0.690876961,0.026268959,0.079895020,-0.001525879,0.089294434,0.015441895,-0.000503540,-0.008560181,1.960649490,-1.031426430,-1.408408165,-0.027420998,0.690493584,0.026653290,0.000042072,17.502201080,-3.759830713,-1.229153872,0.308012217,0.000753487,0.003372192,17.496910095,-3.828535080,-1.292087555,0.325779915,-0.011749268,0.000042072,17.502201080,-3.759830713,-1.229153872,0.308012217,0.000753487,0.000000000,0.000000000,0.000000000,0.000000000,0.000000000,0.000000000,0.000000000,0.000000000,0.000000000,0.000000000,0.000000000,0.000000000,0.000000000,0.000000000,0.000000000,0.000000000,0.000000000,0.000000000,0.003330120,-0.005290985,-0.068704367,-0.062933683,0.017767698,-0.012502754,0.003985203,-0.004408870,0.004450341,-0.008291709,0.017485656,-0.010901866
5.379739285,1.960649490,-1.031426430,-1.408408165,-0.027420998,0.690876961,0.026653290,0.124206543,0.002136230,0.087951660,-0.050354004,-0.024673462,0.033737183,1.960649490,-1.031043053,-1.408408165,-0.027420998,0.690876961,0.026653290,0.000042073,17.502519608,-3.763075590,-1.229900360,0.308190405,0.000753970,0.010116577,17.443809509,-3.812451363,-1.285861969,0.291172981,-0.000213623,0.000042073,17.502519608,-3.763075590,-1.229900360,0.308190405,0.000753970,0.000000000,0.000000000,0.000000000,0.000000000,0.000000000,0.000000000,0.000000000,0.000000000,0.000000000,0.000000000,0.000000000,0.000000000,0.000000000,0.000000000,0.000000000,0.000000000,0.000000000,0.000000000,0.010074504,-0.058710098,-0.049375772,-0.055961609,-0.017017424,-0.000967593,0.010729586,-0.057827983,0.023778936,-0.001319635,-0.017299465,0.000633295
5.389785528,1.960649490,-1.031043053,-1.408408165,-0.027420998,0.690876961,0.026653290,0.144348145,-0.066225052,-0.011413574,0.015441895,-0.002517700,0.078048706,1.960649490,-1.031043053,-1.408408165,-0.027420998,0.690493584,0.026653290,0.000042072,17.502258301,-3.762827396,-1.229624629,0.308288097,0.000754230,0.011672974,17.500572205,-3.833204269,-1.271854401,0.292881966,-0.002777100,0.000042072,17.502258301,-3.762827396,-1.229624629,0.308288097,0.000754230,0.000000000,0.000000000,0.000000000,0.000000000,0.000000000,0.000000000,0.000000000,0.000000000,0.000000000,0.000000000,0.000000000,0.000000000,0.000000000,0.000000000,0.000000000,0.000000000,0.000000000,0.000000000,0.011630901,-0.001686096,-0.070376873,-0.042229772,-0.015406132,-0.003531329,0.012285984,-0.000803981,0.002777835,0.012412202,-0.015688173,-0.001930441
5.399716139,1.960649490,-1.031426430,-1.408024788,-0.027420998,0.690876961,0.026653290,0.016784668,-0.068666458,0.028869629,-0.040954590,-0.009567261,0.020645142,1.960649490,-1.031426430,-1.408024788,-0.027420998,0.690493584,0.026653290,0.000042064,17.499036789,-3.756833315,-1.228682995,0.307736278,0.000752744,0.014266968,17.473106384,-3.862775803,-1.287418365,0.313389778,-0.008331299,0.000042064,17.499036789,-3.756833315,-1.228682995,0.307736278,0.000752744,0.000000000,0.000000000,0.000000000,0.000000000,0.000000000,0.000000000,0.000000000,0.000000000,0.000000000,0.000000000,0.000000000,0.000000000,0.000000000,0.000000000,0.000000000,0.000000000,0.000000000,0.000000000,0.014224904,-0.025930405,-0.105942488,-0.058735371,0.005653501,-0.009084043,0.014879986,-0.025048289,-0.032787780,-0.004093397,0.005371459,-0.007483154
5.409710169,1.960649490,-1.031043053,-1.408408165,-0.027420998,0.690876961,0.026653290,-0.089298248,0.000915527,-0.015441895,0.043640137,0.050857544,0.040786743,1.960649490,-1.031043053,-1.408408165,-0.027420998,0.690493584,0.026653290,0.000042072,17.502258301,-3.762827396,-1.229624629,0.308288097,0.000754230,-0.003890991,17.559165955,-3.833204269,-1.270298004,0.309117317,-0.001922607,0.000042072,17.502258301,-3.762827396,-1.229624629,0.308288097,0.000754230,0.000000000,0.000000000,0.000000000,0.000000000,0.000000000,0.000000000,0.000000000,0.000000000,0.000000000,0.000000000,0.000000000,0.000000000,0.000000000,0.000000000,0.000000000,0.000000000,0.000000000,0.000000000,-0.003933063,0.056907654,-0.070376873,-0.040673375,0.000829220,-0.002676837,-0.003277981,0.057789769,0.002777835,0.013968599,0.000547179,-0.001075949
5.419707775,1.960649490,-1.031043053,-1.408408165,-0.027420998,0.690876961,0.026653290,0.066467285,0.021057129,0.031555176,-0.117496490,0.005538940,-0.024673462,1.960649490,-1.031426430,-1.408408165,-0.027420998,0.690876961,0.026653290,0.000042073,17.502464294,-3.760078907,-1.229429722,0.307914615,0.000753228,0.014785767,17.493247986,-3.848768234,-1.286380768,0.338170052,-0.010467529,0.000042073,17.502464294,-3.760078907,-1.229429722,0.307914615,0.000753228,0.000000000,0.000000000,0.000000000,0.000000000,0.000000000,0.000000000,0.000000000,0.000000000,0.000000000,0.000000000,0.000000000,0.000000000,0.000000000,0.000000000,0.000000000,0.000000000,0.000000000,0.000000000,0.014743694,-0.009216309,-0.088689327,-0.056951046,0.030255437,-0.011220757,0.015398776,-0.008334193,-0.015534619,-0.002309072,0.029973396,-0.009619868
5.429737091,1.960649490,-1.031426430,-1.408408165,-0.027420998,0.690876961,0.026653290,-0.019470215,-0.110170364,-0.110782623,-0.044982910,0.003524780,0.009567261,1.960649490,-1.031043053,-1.408408165,-0.027420998,0.690876961,0.026653290,0.000042073,17.502519608,-3.763075590,-1.229900360,0.308190405,0.000753970,0.004409790,17.500572205,-3.831129074,-1.284824371,0.318943977,-0.011749268,0.000042073,17.502519608,-3.763075590,-1.229900360,0.308190405,0.000753970,0.000000000,0.000000000,0.000000000,0.000000000,0.000000000,0.000000000,0.000000000,0.000000000,0.000000000,0.000000000,0.000000000,0.000000000,0.000000000,0.000000000,0.000000000,0.000000000,0.000000000,0.000000000,0.004367717,-0.001947403,-0.068053484,-0.054924011,0.010753572,-0.012503238,0.005022799,-0.001065287,0.005101224,-0.000282037,0.010471531,-0.010902349
5.439713240,1.960649490,-1.031043053,-1.408408165,-0.027420998,0.690876961,0.026653290,-0.000671387,0.062561035,-0.046325684,0.063781738,0.009567261,-0.018630981,1.960649490,-1.031043053,-1.408408165,-0.027420998,0.690493584,0.026653290,0.000042072,17.502258301,-3.762827396,-1.229624629,0.308288097,0.000754230,-0.017898560,17.493247986,-3.879896164,-1.276523590,0.268527985,-0.010467529,0.000042072,17.502258301,-3.762827396,-1.229624629,0.308288097,0.000754230,0.000000000,0.000000000,0.000000000,0.000000000,0.000000000,0.000000000,0.000000000,0.000000000,0.000000000,0.000000000,0.000000000,0.000000000,0.000000000,0.000000000,0.000000000,0.000000000,0.000000000,0.000000000,-0.017940632,-0.009010315,-0.117068768,-0.046898961,-0.039760113,-0.011221759,-0.017285550,-0.008128199,-0.043914060,0.007743013,-0.040042154,-0.009620870
5.449709177,1.960649490,-1.031426430,-1.408408165,-0.027420998,0.690493584,0.026653290,-0.094669342,-0.072938919,0.090637207,-0.065124512,0.026687622,0.014602661,1.960649490,-1.031426430,-1.408408165,-0.027420998,0.690876961,0.026268959,0.000042073,17.502462387,-3.760078192,-1.229429007,0.307914883,0.000754188,-0.007003784,17.517051697,-3.842542648,-1.287418365,0.310826302,0.004913330,0.000042073,17.502462387,-3.760078192,-1.229429007,0.307914883,0.000754188,0.000000000,0.000000000,0.000000000,0.000000000,0.000000000,0.000000000,0.000000000,0.000000000,0.000000000,0.000000000,0.000000000,0.000000000,0.000000000,0.000000000,0.000000000,0.000000000,0.000000000,0.000000000,-0.007045857,0.014589310,-0.082464457,-0.057989359,0.002911419,0.004159142,-0.006390775,0.015471425,-0.009309749,-0.003347385,0.002629378,0.005760030
5.459709644,1.960649490,-1.031043053,-1.408408165,-0.027420998,0.690493584,0.026653290,-0.108097076,-0.016174316,-0.049011230,-0.036926270,-0.032730103,0.027694702,1.960649490,-1.031426430,-1.408408165,-0.027420998,0.690876961,0.026653290,0.000042073,17.502464294,-3.760078907,-1.229429722,0.307914615,0.000753228,0.004409790,17.509727478,-3.812970161,-1.268741608,0.324925423,-0.002777100,0.000042073,17.502464294,-3.760078907,-1.229429722,0.307914615,0.000753228,0.000000000,0.000000000,0.000000000,0.000000000,0.000000000,0.000000000,0.000000000,0.000000000,0.000000000,0.000000000,0.000000000,0.000000000,0.000000000,0.000000000,0.000000000,0.000000000,0.000000000,0.000000000,0.004367717,0.007263184,-0.052891254,-0.039311886,0.017010808,-0.003530327,0.005022799,0.008145299,0.020263454,0.015330088,0.016728767,-0.001929439
5.469766140,1.960649490,-1.031043053,-1.408408165,-0.027420998,0.690876961,0.026653290,0.020812988,-0.012512207,0.074523926,-0.144351959,-0.016616821,-0.028701782,1.960649490,-1.031043053,-1.408408165,-0.027420998,0.690876961,0.026653290,0.000042073,17.502519608,-3.763075590,-1.229900360,0.308190405,0.000753970,-0.001815796,17.485923767,-3.828016281,-1.272891998,0.306981087,-0.004913330,0.000042073,17.502519608,-3.763075590,-1.229900360,0.308190405,0.000753970,0.000000000,0.000000000,0.000000000,0.000000000,0.000000000,0.000000000,0.000000000,0.000000000,0.000000000,0.000000000,0.000000000,0.000000000,0.000000000,0.000000000,0.000000000,0.000000000,0.000000000,0.000000000,-0.001857869,-0.016595840,-0.064940691,-0.042991638,-0.001209319,-0.005667300,-0.001202787,-0.015713725,0.008214017,0.011650336,-0.001491360,-0.004066412
5.479699135,1.960266113,-1.031426430,-1.408408165,-0.027420998,0.690876961,0.026653290,-0.020812988,0.039367676,-0.126895905,0.053039551,0.028701782,-0.012588501,1.960649490,-1.031426430,-1.408408165,-0.027420998,0.690876961,0.026653290,0.000042073,17.502464294,-3.760078907,-1.229429722,0.307914615,0.000753228,0.009597778,17.506065369,-3.845655441,-1.272373199,0.315526009,0.011322021,0.000042073,17.502464294,-3.760078907,-1.229429722,0.307914615,0.000753228,0.000000000,0.000000000,0.000000000,0.000000000,0.000000000,0.000000000,0.000000000,0.000000000,0.000000000,0.000000000,0.000000000,0.000000000,0.000000000,0.000000000,0.000000000,0.000000000,0.000000000,0.000000000,0.009555705,0.003601074,-0.085576534,-0.042943478,0.007611394,0.010568794,0.010210788,0.004483190,-0.012421826,0.011698496,0.007329353,0.012169682
5.489727736,1.960649490,-1.031043053,-1.408024788,-0.027420998,0.690876961,0.026653290,0.094665527,0.067443848,0.070495605,-0.074523926,0.006546021,-0.023666382,1.960649490,-1.031043053,-1.408408165,-0.027420998,0.690876961,0.026653290,0.000042073,17.502519608,-3.763075590,-1.229900360,0.308190405,0.000753970,0.004409790,17.504234314,-3.824903488,-1.263034821,0.315953255,0.001922607,0.000042073,17.502519608,-3.763075590,-1.229900360,0.308190405,0.000753970,0.000000000,0.000000000,0.000000000,0.000000000,0.000000000,0.000000000,0.000000000,0.000000000,0.000000000,0.000000000,0.000000000,0.000000000,0.000000000,0.000000000,0.000000000,0.000000000,0.000000000,0.000000000,0.004367717,0.001714706,-0.061827898,-0.033134460,0.007762849,0.001168637,0.005022799,0.002596822,0.011326810,0.021507513,0.007480808,0.002769526
5.499710083,1.960649490,-1.031043053,-1.408408165,-0.027420998,0.690876961,0.026653290,0.016784668,0.169984818,-0.109439850,0.058410645,-0.001510620,0.014602661,1.960649490,-1.031043053,-1.408408165,-0.027420998,0.690876961,0.026653290,0.000042073,17.502519608,-3.763075590,-1.229900360,0.308190405,0.000753970,-0.004928589,17.496910095,-3.819196701,-1.254215240,0.301854134,0.010040283,0.000042073,17.502519608,-3.763075590,-1.229900360,0.308190405,0.000753970,0.000000000,0.000000000,0.000000000,0.000000000,0.000000000,0.000000000,0.000000000,0.000000000,0.000000000,0.000000000,0.000000000,0.000000000,0.000000000,0.000000000,0.000000000,0.000000000,0.000000000,0.000000000,-0.004970662,-0.005609512,-0.056121111,-0.024314880,-0.006336272,0.009286313,-0.004315580,-0.004727397,0.017033597,0.030327094,-0.006618313,0.010887201
5.509710789,1.960649490,-1.031426430,-1.408408165,-0.027420998,0.690876961,0.026653290,-0.165836334,-0.037536621,-0.020812988,0.172550201,-0.003524780,0.006546021,1.960649490,-1.031043053,-1.408408165,-0.027420998,0.690876961,0.026653290,0.000042073,17.502519608,-3.763075590,-1.229900360,0.308190405,0.000753970,0.015823364,17.517051697,-3.825422287,-1.282230377,0.328770638,-0.006622314,0.000042073,17.502519608,-3.763075590,-1.229900360,0.308190405,0.000753970,0.000000000,0.000000000,0.000000000,0.000000000,0.000000000,0.000000000,0.000000000,0.000000000,0.000000000,0.000000000,0.000000000,0.000000000,0.000000000,0.000000000,0.000000000,0.000000000,0.000000000,0.000000000,0.015781291,0.014532089,-0.062346697,-0.052330017,0.020580232,-0.007376285,0.016436373,0.015414205,0.010808011,0.002311957,0.020298191,-0.005775396
5.519709826,1.960266113,-1.031043053,-1.408408165,-0.027420998,0.690876961,0.026653290,-0.020812988,0.147401810,0.152404785,0.027526855,0.012588501,-0.020645142,1.960649490,-1.031426430,-1.408408165,-0.027420998,0.690493584,0.026653290,0.000042072,17.502201080,-3.759830713,-1.229153872,0.308012217,0.000753487,-0.012710571,17.456626892,-3.856550217,-1.291568756,0.298008919,-0.007904053,0.000042072,17.502201080,-3.759830713,-1.229153872,0.308012217,0.000753487,0.000000000,0.000000000,0.000000000,0.000000000,0.000000000,0.000000000,0.000000000,0.000000000,0.000000000,0.000000000,0.000000000,0.000000000,0.000000000,0.000000000,0.000000000,0.000000000,0.000000000,0.000000000,-0.012752643,-0.045574188,-0.096719503,-0.062414885,-0.010003299,-0.008657539,-0.012097561,-0.044692073,-0.023564795,-0.007772911,-0.010285340,-0.007056651
5.529741049,1.960649490,-1.031043053,-1.408408165,-0.027420998,0.690876961,0.026653290,0.003356934,-0.065004349,-0.081237793,-0.106754303,-0.005538940,-0.030715942,1.960649490,-1.031043053,-1.408408165,-0.027420998,0.690876961,0.026653290,0.000042073,17.502519608,-3.763075590,-1.229900360,0.308190405,0.000753970,0.004928589,17.511558533,-3.824903488,-1.292087555,0.298863411,0.003631592,0.000042073,17.502519608,-3.763075590,-1.229900360,0.308190405,0.000753970,0.000000000,0.000000000,0.000000000,0.000000000,0.000000000,0.000000000,0.000000000,0.000000000,0.000000000,0.000000000,0.000000000,0.000000000,0.000000000,0.000000000,0.000000000,0.000000000,0.000000000,0.000000000,0.004886516,0.009038925,-0.061827898,-0.062187195,-0.009326994,0.002877621,0.005541598,0.009921041,0.011326810,-0.007545221,-0.009609036,0.004478510
5.539709330,1.960649490,-1.031043053,-1.408408165,-0.027420998,0.690876961,0.026653290,-0.046325684,-0.021057129,-0.086612701,0.024841309,0.040786743,-0.086109161,1.960649490,-1.031043053,-1.408408165,-0.027420998,0.690876961,0.026653290,0.000042073,17.502519608,-3.763075590,-1.229900360,0.308190405,0.000753970,0.005447388,17.480430603,-3.817120552,-1.287418365,0.308262825,0.007904053,0.000042073,17.502519608,-3.763075590,-1.229900360,0.308190405,0.000753970,0.000000000,0.000000000,0.000000000,0.000000000,0.000000000,0.000000000,0.000000000,0.000000000,0.000000000,0.000000000,0.000000000,0.000000000,0.000000000,0.000000000,0.000000000,0.000000000,0.000000000,0.000000000,0.005405315,-0.022089005,-0.054044962,-0.057518005,0.000072420,0.007150082,0.006060397,-0.021206889,0.019109746,-0.002876031,-0.000209622,0.008750971
5.549707174,1.960649490,-1.031426430,-1.408408165,-0.027420998,0.690876961,0.026653290,0.008728027,-0.049135208,0.151062012,-0.227603912,0.018630981,0.029708862,1.960649490,-1.031043053,-1.408408165,-0.027420998,0.690876961,0.026653290,0.000042073,17.502519608,-3.763075590,-1.229900360,0.308190405,0.000753970,0.008560181,17.537193298,-3.841505051,-1.286380768,0.314244270,-0.000640869,0.000042073,17.502519608,-3.763075590,-1.229900360,0.308190405,0.000753970,0.000000000,0.000000000,0.000000000,0.000000000,0.000000000,0.000000000,0.000000000,0.000000000,0.000000000,0.000000000,0.000000000,0.000000000,0.000000000,0.000000000,0.000000000,0.000000000,0.000000000,0.000000000,0.008518108,0.034673691,-0.078429461,-0.056480408,0.006053865,-0.001394839,0.009173190,0.035555806,-0.005274752,-0.001838434,0.005771824,0.000206049
5.559788704,1.960649490,-1.031426430,-1.408408165,-0.027420998,0.690493584,0.026653290,0.046325684,0.072326660,-0.053039551,0.000671387,-0.055892944,0.018630981,1.960649490,-1.031043053,-1.408408165,-0.027420998,0.690876961,0.026653290,0.000042073,17.502519608,-3.763075590,-1.229900360,0.308190405,0.000753970,0.006484985,17.502403259,-3.826978683,-1.277042389,0.321934700,0.004913330,0.000042073,17.502519608,-3.763075590,-1.229900360,0.308190405,0.000753970,0.000000000,0.000000000,0.000000000,0.000000000,0.000000000,0.000000000,0.000000000,0.000000000,0.000000000,0.000000000,0.000000000,0.000000000,0.000000000,0.000000000,0.000000000,0.000000000,0.000000000,0.000000000,0.006442912,-0.000116348,-0.063903093,-0.047142029,0.013744295,0.004159360,0.007097994,0.000765767,0.009251615,0.007499945,0.013462253,0.005760248
5.569711447,1.960649490,-1.031426430,-1.408408165,-0.027420998,0.690493584,0.026653290,0.067810059,-0.148012161,0.124206543,-0.015441895,-0.038772583,-0.043807983,1.960649490,-1.031043053,-1.408408165,-0.027420998,0.690876961,0.026653290,0.000042073,17.502519608,-3.763075590,-1.229900360,0.308190405,0.000753970,-0.003890991,17.537193298,-3.823865891,-1.276523590,0.359105110,-0.004058838,0.000042073,17.502519608,-3.763075590,-1.229900360,0.308190405,0.000753970,0.000000000,0.000000000,0.000000000,0.000000000,0.000000000,0.000000000,0.000000000,0.000000000,0.000000000,0.000000000,0.000000000,0.000000000,0.000000000,0.000000000,0.000000000,0.000000000,0.000000000,0.000000000,-0.003933064,0.034673691,-0.060790300,-0.046623230,0.050914705,-0.004812808,-0.003277982,0.035555806,0.012364408,0.008018744,0.050632664,-0.003211920
5.579751015,1.960266113,-1.031043053,-1.408408165,-0.027420998,0.690876961,0.026653290,-0.054382324,0.054016113,-0.039611816,0.011413574,-0.016616821,-0.010574341,1.960266113,-1.031043053,-1.408408165,-0.027420998,0.690876961,0.026653290,0.000042083,17.502519608,-3.763075590,-1.229900360,0.308190405,0.000753970,0.001815796,17.520713806,-3.821271896,-1.366277695,0.269382477,-0.004058838,0.000042083,17.502519608,-3.763075590,-1.229900360,0.308190405,0.000753970,0.000000000,0.000000000,0.000000000,0.000000000,0.000000000,0.000000000,0.000000000,0.000000000,0.000000000,0.000000000,0.000000000,0.000000000,0.000000000,0.000000000,0.000000000,0.000000000,0.000000000,0.000000000,0.001773713,0.018194199,-0.058196306,-0.136377335,-0.038807929,-0.004812808,0.002428795,0.019076314,0.014958402,-0.081735361,-0.039089970,-0.003211920
5.589742422,1.960649490,-1.031426430,-1.408408165,-0.027420998,0.690876961,0.026653290,-0.008728027,0.037536621,0.129577637,-0.027526855,0.022659302,-0.015609741,1.960649490,-1.031043053,-1.408408165,-0.027420998,0.690876961,0.026653290,0.000042073,17.502519608,-3.763075590,-1.229900360,0.308190405,0.000753970,0.012710571,17.485923767,-3.818677902,-1.274967194,0.274937630,-0.007904053,0.000042073,17.502519608,-3.763075590,-1.229900360,0.308190405,0.000753970,0.000000000,0.000000000,0.000000000,0.000000000,0.000000000,0.000000000,0.000000000,0.000000000,0.000000000,0.000000000,0.000000000,0.000000000,0.000000000,0.000000000,0.000000000,0.000000000,0.000000000,0.000000000,0.012668498,-0.016595840,-0.055602312,-0.045066833,-0.033252776,-0.008658023,0.013323580,-0.015713725,0.017552396,0.009575140,-0.033534817,-0.007057135
5.599726915,1.960649490,-1.031426430,-1.408408165,-0.027420998,0.690493584,0.026653290,0.063781738,-0.212100983,0.077209473,0.014099121,-0.031723022,0.046829224,1.960649490,-1.031043053,-1.408024788,-0.027420998,0.690493584,0.026653290,0.000042064,17.499094009,-3.759830713,-1.229153872,0.308012217,0.000753487,-0.001815796,17.522544861,-3.840467453,-1.284305573,0.337315559,0.010040283,0.000042064,17.499094009,-3.759830713,-1.229153872,0.308012217,0.000753487,0.000000000,0.000000000,0.000000000,0.000000000,0.000000000,0.000000000,0.000000000,0.000000000,0.000000000,0.000000000,0.000000000,0.000000000,0.000000000,0.000000000,0.000000000,0.000000000,0.000000000,0.000000000,-0.001857860,0.023450851,-0.080636740,-0.055151701,0.029303342,0.009286796,-0.001202778,0.024332967,-0.007482032,-0.000509727,0.029021301,0.010887685
5.609729767,1.960649490,-1.031043053,-1.408408165,-0.027420998,0.690876961,0.026653290,-0.113468170,-0.016174316,0.105407715,0.133605957,-0.050857544,0.016616821,1.960649490,-1.031043053,-1.408408165,-0.027420998,0.690876961,0.026653290,0.000042073,17.502519608,-3.763075590,-1.229900360,0.308190405,0.000753970,-0.005447388,17.502403259,-3.846693039,-1.278079987,0.299290657,0.000640869,0.000042073,17.502519608,-3.763075590,-1.229900360,0.308190405,0.000753970,0.000000000,0.000000000,0.000000000,0.000000000,0.000000000,0.000000000,0.000000000,0.000000000,0.000000000,0.000000000,0.000000000,0.000000000,0.000000000,0.000000000,0.000000000,0.000000000,0.000000000,0.000000000,-0.005489461,-0.000116348,-0.083617449,-0.048179626,-0.008899748,-0.000113101,-0.004834379,0.000765767,-0.010462741,0.006462347,-0.009181789,0.001487787
5.619741201,1.960649490,-1.031426430,-1.408408165,-0.027420998,0.690493584,0.026653290,0.011413574,-0.026550293,0.030212402,0.191349030,-0.000503540,-0.019638062,1.960649490,-1.031043053,-1.408408165,-0.027420998,0.690493584,0.026653290,0.000042072,17.502258301,-3.762827396,-1.229624629,0.308288097,0.000754230,0.009597778,17.452964783,-3.841505051,-1.263034821,0.298008919,-0.004058838,0.000042072,17.502258301,-3.762827396,-1.229624629,0.308288097,0.000754230,0.000000000,0.000000000,0.000000000,0.000000000,0.000000000,0.000000000,0.000000000,0.000000000,0.000000000,0.000000000,0.000000000,0.000000000,0.000000000,0.000000000,0.000000000,0.000000000,0.000000000,0.000000000,0.009555706,-0.049293518,-0.078677654,-0.033410192,-0.010279179,-0.004813068,0.010210788,-0.048411403,-0.005522946,0.021231782,-0.010561220,-0.003212179
5.629742146,1.960266113,-1.031043053,-1.408408165,-0.027037621,0.690876961,0.026653290,-0.065124512,0.010070801,-0.031555176,0.081237793,0.021652222,-0.023666382,1.960649490,-1.031043053,-1.408408165,-0.027420998,0.690876961,0.026653290,0.000042073,17.502519608,-3.763075590,-1.229900360,0.308190405,0.000753970,0.012191772,17.495079041,-3.859663010,-1.290012360,0.286900520,-0.008758545,0.000042073,17.502519608,-3.763075590,-1.229900360,0.308190405,0.000753970,0.000000000,0.000000000,0.000000000,0.000000000,0.000000000,0.000000000,0.000000000,0.000000000,0.000000000,0.000000000,0.000000000,0.000000000,0.000000000,0.000000000,0.000000000,0.000000000,0.000000000,0.000000000,0.012149699,-0.007440567,-0.096587420,-0.060112000,-0.021289885,-0.009512515,0.012804782,-0.006558451,-0.023432711,-0.005470026,-0.021571926,-0.007911627
5.639708996,1.960649490,-1.031426430,-1.408408165,-0.027420998,0.690876961,0.026653290,0.026184082,-0.118104935,0.109436035,0.040954590,0.037765503,0.035751343,1.960649490,-1.031043053,-1.408408165,-0.027420998,0.690876961,0.026653290,0.000042073,17.502519608,-3.763075590,-1.229900360,0.308190405,0.000753970,-0.005966187,17.522544861,-3.836835861,-1.284305573,0.295445442,-0.012603760,0.000042073,17.502519608,-3.763075590,-1.229900360,0.308190405,0.000753970,0.000000000,0.000000000,0.000000000,0.000000000,0.000000000,0.000000000,0.000000000,0.000000000,0.000000000,0.000000000,0.000000000,0.000000000,0.000000000,0.000000000,0.000000000,0.000000000,0.000000000,0.000000000,-0.006008260,0.020025253,-0.073760271,-0.054405212,-0.012744963,-0.013357730,-0.005353177,0.020907369,-0.000605563,0.000236762,-0.013027004,-0.011756842
5.649740458,1.960649490,-1.031043053,-1.408408165,-0.027420998,0.690876961,0.026653290,0.077209473,-0.045473099,-0.012756348,0.034240723,-0.040786743,0.025680542,1.960649490,-1.031426430,-1.408408165,-0.027420998,0.690876961,0.026653290,0.000042073,17.502464294,-3.760078907,-1.229429722,0.307914615,0.000753228,0.001296997,17.491416931,-3.844617844,-1.285861969,0.317662239,0.000213623,0.000042073,17.502464294,-3.760078907,-1.229429722,0.307914615,0.000753228,0.000000000,0.000000000,0.000000000,0.000000000,0.000000000,0.000000000,0.000000000,0.000000000,0.000000000,0.000000000,0.000000000,0.000000000,0.000000000,0.000000000,0.000000000,0.000000000,0.000000000,0.000000000,0.001254924,-0.011047363,-0.084538937,-0.056432247,0.009747624,-0.000539605,0.001910006,-0.010165248,-0.011384229,-0.001790273,0.009465583,0.001061284
5.659707546,1.960649490,-1.031043053,-1.408408165,-0.027420998,0.690876961,0.026653290,0.032897949,0.121767044,-0.089298248,-0.010070801,0.022659302,0.001510620,1.960649490,-1.031426430,-1.408408165,-0.027420998,0.690493584,0.026653290,0.000042072,17.502201080,-3.759830713,-1.229153872,0.308012217,0.000753487,-0.005966187,17.540855408,-3.825422287,-1.328404427,0.301854134,-0.014312744,0.000042072,17.502201080,-3.759830713,-1.229153872,0.308012217,0.000753487,0.000000000,0.000000000,0.000000000,0.000000000,0.000000000,0.000000000,0.000000000,0.000000000,0.000000000,0.000000000,0.000000000,0.000000000,0.000000000,0.000000000,0.000000000,0.000000000,0.000000000,0.000000000,-0.006008259,0.038654327,-0.065591574,-0.099250555,-0.006158084,-0.015066231,-0.005353176,0.039536443,0.007563134,-0.044608581,-0.006440125,-0.013465342
5.669709444,1.960649490,-1.031426430,-1.408408165,-0.027420998,0.690493584,0.026653290,0.014099121,-0.052797318,-0.071838379,0.035583496,0.028701782,0.022659302,1.960649490,-1.031426430,-1.408408165,-0.027420998,0.690876961,0.026653290,0.000042073,17.502464294,-3.760078907,-1.229429722,0.307914615,0.000753228,-0.005447388,17.493247986,-3.831129074,-1.229831696,0.287327766,0.010894775,0.000042073,17.502464294,-3.760078907,-1.229429722,0.307914615,0.000753228,0.000000000,0.000000000,0.000000000,0.000000000,0.000000000,0.000000000,0.000000000,0.000000000,0.000000000,0.000000000,0.000000000,0.000000000,0.000000000,0.000000000,0.000000000,0.000000000,0.000000000,0.000000000,-0.005489461,-0.009216309,-0.071050167,-0.000401974,-0.020586848,0.010141548,-0.004834378,-0.008334193,0.002104541,0.054240000,-0.020868889,0.011742436
5.679742098,1.960649490,-1.031426430,-1.408408165,-0.027420998,0.690876961,0.026653290,0.011413574,0.025329590,0.024841309,-0.015441895,-0.022659302,0.013595581,1.960649490,-1.031426430,-1.408408165,-0.027420998,0.690876961,0.026653290,0.000042073,17.502464294,-3.760078907,-1.229429722,0.307914615,0.000753228,0.011154175,17.487754822,-3.834760666,-1.282230377,0.313817024,0.000640869,0.000042073,17.502464294,-3.760078907,-1.229429722,0.307914615,0.000753228,0.000000000,0.000000000,0.000000000,0.000000000,0.000000000,0.000000000,0.000000000,0.000000000,0.000000000,0.000000000,0.000000000,0.000000000,0.000000000,0.000000000,0.000000000,0.000000000,0.000000000,0.000000000,0.011112102,-0.014709473,-0.074681759,-0.052800655,0.005902410,-0.000112358,0.011767184,-0.013827357,-0.001527051,0.001841319,0.005620368,0.001488530
5.689708948,1.960649490,-1.031426430,-1.408408165,-0.027420998,0.690493584,0.026653290,-0.044982910,0.043640137,0.011413574,0.067810059,-0.042800903,-0.004531860,1.960649490,-1.031043053,-1.408408165,-0.027420998,0.690876961,0.026653290,0.000042073,17.502519608,-3.763075590,-1.229900360,0.308190405,0.000753970,0.013748169,17.484092712,-3.782361031,-1.278598785,0.303135872,0.012603760,0.000042073,17.502519608,-3.763075590,-1.229900360,0.308190405,0.000753970,0.000000000,0.000000000,0.000000000,0.000000000,0.000000000,0.000000000,0.000000000,0.000000000,0.000000000,0.000000000,0.000000000,0.000000000,0.000000000,0.000000000,0.000000000,0.000000000,0.000000000,0.000000000,0.013706096,-0.018426895,-0.019285440,-0.048698425,-0.005054533,0.011849789,0.014361178,-0.017544780,0.053869268,0.005943549,-0.005336575,0.013450678
5.699741840,1.960649490,-1.031043053,-1.408408165,-0.027420998,0.690493584,0.026653290,0.031555176,-0.005187988,0.101379395,0.007385254,-0.012588501,0.035751343,1.960649490,-1.031043053,-1.408408165,-0.027420998,0.690493584,0.026653290,0.000042072,17.502258301,-3.762827396,-1.229624629,0.308288097,0.000754230,0.000259399,17.469444275,-3.830610275,-1.275485992,0.294590950,0.007904053,0.000042072,17.502258301,-3.762827396,-1.229624629,0.308288097,0.000754230,0.000000000,0.000000000,0.000000000,0.000000000,0.000000000,0.000000000,0.000000000,0.000000000,0.000000000,0.000000000,0.000000000,0.000000000,0.000000000,0.000000000,0.000000000,0.000000000,0.000000000,0.000000000,0.000217327,-0.032814026,-0.067782879,-0.045861363,-0.013697147,0.007149823,0.000872409,-0.031931910,0.005371829,0.008780611,-0.013979189,0.008750712
5.709756613,1.960649490,-1.031043053,-1.408408165,-0.027420998,0.690876961,0.026653290,0.042297363,0.011901855,0.012756348,-0.038269043,0.009567261,-0.019638062,1.960649490,-1.031043053,-1.408408165,-0.027420998,0.690876961,0.026653290,0.000042073,17.502519608,-3.763075590,-1.229900360,0.308190405,0.000753970,-0.001815796,17.528038025,-3.832685471,-1.345524788,0.285191536,-0.011322021,0.000042073,17.502519608,-3.763075590,-1.229900360,0.308190405,0.000753970,0.000000000,0.000000000,0.000000000,0.000000000,0.000000000,0.000000000,0.000000000,0.000000000,0.000000000,0.000000000,0.000000000,0.000000000,0.000000000,0.000000000,0.000000000,0.000000000,0.000000000,0.000000000,-0.001857869,0.025518417,-0.069609880,-0.115624428,-0.022998869,-0.012075992,-0.001202787,0.026400533,0.003544828,-0.060982454,-0.023280911,-0.010475103
5.719715118,1.960649490,-1.031426430,-1.408408165,-0.027420998,0.690876961,0.026653290,-0.031555176,-0.033874512,0.079895020,-0.098697662,-0.035751343,0.013595581,1.960649490,-1.031426430,-1.408408165,-0.027420998,0.690876961,0.026653290,0.000042073,17.502464294,-3.760078907,-1.229429722,0.307914615,0.000753228,0.001815796,17.511558533,-3.841505051,-1.269779205,0.338597298,-0.014312744,0.000042073,17.502464294,-3.760078907,-1.229429722,0.307914615,0.000753228,0.000000000,0.000000000,0.000000000,0.000000000,0.000000000,0.000000000,0.000000000,0.000000000,0.000000000,0.000000000,0.000000000,0.000000000,0.000000000,0.000000000,0.000000000,0.000000000,0.000000000,0.000000000,0.001773723,0.009094238,-0.081426144,-0.040349483,0.030682683,-0.015065972,0.002428805,0.009976354,-0.008271436,0.014292490,0.030400642,-0.013465083
5.729744196,1.960649490,-1.031043053,-1.408408165,-0.027420998,0.690493584,0.026653290,0.012756348,-0.000305176,-0.034240723,0.093322754,-0.064960480,-0.010574341,1.960649490,-1.031426430,-1.408408165,-0.027420998,0.690876961,0.026653290,0.000042073,17.502464294,-3.760078907,-1.229429722,0.307914615,0.000753228,-0.003372192,17.509727478,-3.832685471,-1.269779205,0.315098763,-0.009185791,0.000042073,17.502464294,-3.760078907,-1.229429722,0.307914615,0.000753228,0.000000000,0.000000000,0.000000000,0.000000000,0.000000000,0.000000000,0.000000000,0.000000000,0.000000000,0.000000000,0.000000000,0.000000000,0.000000000,0.000000000,0.000000000,0.000000000,0.000000000,0.000000000,-0.003414265,0.007263184,-0.072606564,-0.040349483,0.007184148,-0.009939019,-0.002759183,0.008145299,0.000548144,0.014292490,0.006902107,-0.008338130
5.739810944,1.960649490,-1.031426430,-1.408408165,-0.027420998,0.690876961,0.026653290,-0.113468170,0.011291504,0.007385254,0.148376465,0.015609741,0.041793823,1.960649490,-1.031426430,-1.408408165,-0.027420998,0.690876961,0.026653290,0.000042073,17.502464294,-3.760078907,-1.229429722,0.307914615,0.000753228,0.007522583,17.535362244,-3.834241867,-1.278598785,0.313389778,0.000213623,0.000042073,17.502464294,-3.760078907,-1.229429722,0.307914615,0.000753228,0.000000000,0.000000000,0.000000000,0.000000000,0.000000000,0.000000000,0.000000000,0.000000000,0.000000000,0.000000000,0.000000000,0.000000000,0.000000000,0.000000000,0.000000000,0.000000000,0.000000000,0.000000000,0.007480510,0.032897949,-0.074162960,-0.049169064,0.005475163,-0.000539605,0.008135592,0.033780065,-0.001008252,0.005472910,0.005193122,0.001061284
5.749716997,1.960649490,-1.031043053,-1.408408165,-0.027420998,0.690876961,0.026653290,0.089294434,-0.057680130,0.155090332,-0.018127441,0.051864624,-0.026687622,1.960649490,-1.031426430,-1.408408165,-0.027420998,0.690876961,0.026653290,0.000042073,17.502464294,-3.760078907,-1.229429722,0.307914615,0.000753228,0.010116577,17.513389587,-3.817120552,-1.283267975,0.320652962,0.009185791,0.000042073,17.502464294,-3.760078907,-1.229429722,0.307914615,0.000753228,0.000000000,0.000000000,0.000000000,0.000000000,0.000000000,0.000000000,0.000000000,0.000000000,0.000000000,0.000000000,0.000000000,0.000000000,0.000000000,0.000000000,0.000000000,0.000000000,0.000000000,0.000000000,0.010074504,0.010925293,-0.057041645,-0.053838253,0.012738347,0.008432563,0.010729586,0.011807408,0.016113063,0.000803721,0.012456306,0.010033452
5.759721041,1.960649490,-1.031043053,-1.408408165,-0.027420998,0.690493584,0.026653290,-0.062438965,0.035705566,-0.102725983,-0.121524811,-0.074024200,-0.002517700,1.960649490,-1.031426430,-1.408408165,-0.027420998,0.690876961,0.026653290,0.000042073,17.502464294,-3.760078907,-1.229429722,0.307914615,0.000753228,-0.030868530,17.517051697,-3.874708176,-1.287937164,0.296299934,-0.008331299,0.000042073,17.502464294,-3.760078907,-1.229429722,0.307914615,0.000753228,0.000000000,0.000000000,0.000000000,0.000000000,0.000000000,0.000000000,0.000000000,0.000000000,0.000000000,0.000000000,0.000000000,0.000000000,0.000000000,0.000000000,0.000000000,0.000000000,0.000000000,0.000000000,-0.030910603,0.014587402,-0.114629269,-0.058507442,-0.011614680,-0.009084526,-0.030255521,0.015469518,-0.041474561,-0.003865469,-0.011896721,-0.007483638
5.769755602,1.960649490,-1.031426430,-1.408408165,-0.027420998,0.690493584,0.026653290,0.007385254,-0.067445755,0.000671387,0.077209473,-0.016616821,0.019638062,1.960649490,-1.031043053,-1.408408165,-0.027420998,0.690876961,0.026653290,0.000042073,17.502519608,-3.763075590,-1.229900360,0.308190405,0.000753970,0.015304565,17.471275330,-3.871595383,-1.276523590,0.316807747,0.019439697,0.000042073,17.502519608,-3.763075590,-1.229900360,0.308190405,0.000753970,0.000000000,0.000000000,0.000000000,0.000000000,0.000000000,0.000000000,0.000000000,0.000000000,0.000000000,0.000000000,0.000000000,0.000000000,0.000000000,0.000000000,0.000000000,0.000000000,0.000000000,0.000000000,0.015262492,-0.031244278,-0.108519793,-0.046623230,0.008617342,0.018685727,0.015917574,-0.030362162,-0.035365085,0.008018744,0.008335300,0.020286615
5.779713631,1.960649490,-1.031043053,-1.408408165,-0.027420998,0.690876961,0.026653290,0.108093262,0.054016113,-0.019470215,0.129577637,0.027694702,0.022659302,1.960649490,-1.031043053,-1.408408165,-0.027420998,0.690876961,0.026653290,0.000042073,17.502519608,-3.763075590,-1.229900360,0.308190405,0.000753970,0.017898560,17.495079041,-3.839948654,-1.293125153,0.301426888,0.011749268,0.000042073,17.502519608,-3.763075590,-1.229900360,0.308190405,0.000753970,0.000000000,0.000000000,0.000000000,0.000000000,0.000000000,0.000000000,0.000000000,0.000000000,0.000000000,0.000000000,0.000000000,0.000000000,0.000000000,0.000000000,0.000000000,0.000000000,0.000000000,0.000000000,0.017856486,-0.007440567,-0.076873064,-0.063224792,-0.006763518,0.010995297,0.018511569,-0.006558451,-0.003718356,-0.008582819,-0.007045559,0.012596186
5.789732218,1.960649490,-1.031043053,-1.408408165,-0.027420998,0.690876961,0.026653290,0.140319824,-0.016174316,-0.000671387,0.078552246,-0.058914185,0.053878784,1.960649490,-1.031426430,-1.408408165,-0.027420998,0.690876961,0.026653290,0.000042073,17.502464294,-3.760078907,-1.229429722,0.307914615,0.000753228,0.005447388,17.491416931,-3.849805832,-1.295201302,0.314244270,0.012176514,0.000042073,17.502464294,-3.760078907,-1.229429722,0.307914615,0.000753228,0.000000000,0.000000000,0.000000000,0.000000000,0.000000000,0.000000000,0.000000000,0.000000000,0.000000000,0.000000000,0.000000000,0.000000000,0.000000000,0.000000000,0.000000000,0.000000000,0.000000000,0.000000000,0.005405315,-0.011047363,-0.089726925,-0.065771580,0.006329656,0.011423286,0.006060397,-0.010165248,-0.016572217,-0.011129606,0.006047614,0.013024175
5.799727201,1.960649490,-1.031426430,-1.408408165,-0.027420998,0.690876961,0.026653290,0.147033691,-0.079652786,-0.058410645,0.066467285,0.081069946,-0.006546021,1.960649490,-1.031043053,-1.408408165,-0.027420998,0.690493584,0.026653290,0.000042072,17.502258301,-3.762827396,-1.229624629,0.308288097,0.000754230,0.001815796,17.506065369,-3.835279465,-1.287418365,0.306981087,0.008758545,0.000042072,17.502258301,-3.762827396,-1.229624629,0.308288097,0.000754230,0.000000000,0.000000000,0.000000000,0.000000000,0.000000000,0.000000000,0.000000000,0.000000000,0.000000000,0.000000000,0.000000000,0.000000000,0.000000000,0.000000000,0.000000000,0.000000000,0.000000000,0.000000000,0.001773724,0.003807068,-0.072452068,-0.057793736,-0.001307011,0.008004315,0.002428806,0.004689183,0.000702640,-0.003151763,-0.001589052,0.009605204
5.809709072,1.960649490,-1.031043053,-1.408408165,-0.027420998,0.690876961,0.026653290,0.090637207,0.112001419,-0.078552246,0.086608887,0.047836304,-0.007553101,1.960649490,-1.031426430,-1.408408165,-0.027420998,0.690876961,0.026653290,0.000042073,17.502464294,-3.760078907,-1.229429722,0.307914615,0.000753228,0.000259399,17.474937439,-3.824384689,-1.310765266,0.301854134,-0.007476807,0.000042073,17.502464294,-3.760078907,-1.229429722,0.307914615,0.000753228,0.000000000,0.000000000,0.000000000,0.000000000,0.000000000,0.000000000,0.000000000,0.000000000,0.000000000,0.000000000,0.000000000,0.000000000,0.000000000,0.000000000,0.000000000,0.000000000,0.000000000,0.000000000,0.000217326,-0.027526855,-0.064305782,-0.081335545,-0.006060481,-0.008230034,0.000872409,-0.026644740,0.008848926,-0.026693571,-0.006342522,-0.006629146
5.819715261,1.960649490,-1.031426430,-1.408408165,-0.027420998,0.690493584,0.026653290,-0.046325684,-0.119935989,0.014099121,0.172550201,-0.000503540,0.043807983,1.960649490,-1.031426430,-1.408408165,-0.027420998,0.690876961,0.026653290,0.000042073,17.502464294,-3.760078907,-1.229429722,0.307914615,0.000753228,0.016342163,17.513389587,-3.831129074,-1.278598785,0.298436165,0.005767822,0.000042073,17.502464294,-3.760078907,-1.229429722,0.307914615,0.000753228,0.000000000,0.000000000,0.000000000,0.000000000,0.000000000,0.000000000,0.000000000,0.000000000,0.000000000,0.000000000,0.000000000,0.000000000,0.000000000,0.000000000,0.000000000,0.000000000,0.000000000,0.000000000,0.016300090,0.010925293,-0.071050167,-0.049169064,-0.009478450,0.005014595,0.016955172,0.011807408,0.002104541,0.005472910,-0.009760491,0.006615483
5.829709053,1.960649490,-1.031426430,-1.408408165,-0.027420998,0.690876961,0.026653290,-0.106754303,-0.000915527,-0.071838379,-0.082580566,0.010574341,0.035751343,1.960649490,-1.031426430,-1.408408165,-0.027420998,0.690876961,0.026653290,0.000042073,17.502464294,-3.760078907,-1.229429722,0.307914615,0.000753228,0.020492554,17.513389587,-3.835279465,-1.278079987,0.278355598,0.006195068,0.000042073,17.502464294,-3.760078907,-1.229429722,0.307914615,0.000753228,0.000000000,0.000000000,0.000000000,0.000000000,0.000000000,0.000000000,0.000000000,0.000000000,0.000000000,0.000000000,0.000000000,0.000000000,0.000000000,0.000000000,0.000000000,0.000000000,0.000000000,0.000000000,0.020450481,0.010925293,-0.075200558,-0.048650265,-0.029559016,0.005441841,0.021105563,0.011807408,-0.002045850,0.005991709,-0.029841057,0.007042729
5.839709520,1.960649490,-1.031426430,-1.408408165,-0.027420998,0.690876961,0.026653290,0.008728027,-0.035705566,0.046325684,-0.046325684,0.025680542,0.037765503,1.960649490,-1.031426430,-1.408408165,-0.027420998,0.690493584,0.026653290,0.000042072,17.502201080,-3.759830713,-1.229153872,0.308012217,0.000753487,0.010635376,17.482261658,-3.842542648,-1.225680351,0.327916145,-0.001922607,0.000042072,17.502201080,-3.759830713,-1.229153872,0.308012217,0.000753487,0.000000000,0.000000000,0.000000000,0.000000000,0.000000000,0.000000000,0.000000000,0.000000000,0.000000000,0.000000000,0.000000000,0.000000000,0.000000000,0.000000000,0.000000000,0.000000000,0.000000000,0.000000000,0.010593304,-0.019939423,-0.082711935,0.003473520,0.019903928,-0.002676094,0.011248386,-0.019057307,-0.009557227,0.058115494,0.019621887,-0.001075206
5.849747896,1.960649490,-1.031043053,-1.408408165,-0.027420998,0.690493584,0.026653290,-0.082580566,0.118715286,0.190006256,0.062438965,-0.042800903,0.021652222,1.960649490,-1.031043053,-1.408408165,-0.027420998,0.690876961,0.026653290,0.000042073,17.502519608,-3.763075590,-1.229900360,0.308190405,0.000753970,-0.016342163,17.487754822,-3.831129074,-1.268741608,0.300999641,0.001495361,0.000042073,17.502519608,-3.763075590,-1.229900360,0.308190405,0.000753970,0.000000000,0.000000000,0.000000000,0.000000000,0.000000000,0.000000000,0.000000000,0.000000000,0.000000000,0.000000000,0.000000000,0.000000000,0.000000000,0.000000000,0.000000000,0.000000000,0.000000000,0.000000000,-0.016384236,-0.014764786,-0.068053484,-0.038841248,-0.007190764,0.000741391,-0.015729154,-0.013882670,0.005101224,0.015800726,-0.007472805,0.002342279
5.859740496,1.960266113,-1.031043053,-1.408408165,-0.027420998,0.690876961,0.026653290,-0.082580566,0.021667480,-0.126895905,0.074523926,0.037765503,0.035751343,1.960266113,-1.031043053,-1.408408165,-0.027420998,0.690876961,0.026653290,0.000042083,17.502519608,-3.763075590,-1.229900360,0.308190405,0.000753970,0.004409790,17.498741150,-3.841505051,-1.290531158,0.309544563,-0.004913330,0.000042083,17.502519608,-3.763075590,-1.229900360,0.308190405,0.000753970,0.000000000,0.000000000,0.000000000,0.000000000,0.000000000,0.000000000,0.000000000,0.000000000,0.000000000,0.000000000,0.000000000,0.000000000,0.000000000,0.000000000,0.000000000,0.000000000,0.000000000,0.000000000,0.004367707,-0.003778458,-0.078429461,-0.060630798,0.001354158,-0.005667300,0.005022789,-0.002896342,-0.005274752,-0.005988824,0.001072117,-0.004066412
5.869707346,1.960649490,-1.031043053,-1.408408165,-0.027420998,0.690876961,0.026653290,0.040954590,-0.057680130,-0.057067871,0.104064941,-0.026687622,-0.000503540,1.960649490,-1.031426430,-1.408408165,-0.027420998,0.690876961,0.026653290,0.000042073,17.502464294,-3.760078907,-1.229429722,0.307914615,0.000753228,0.023086548,17.484092712,-3.831129074,-1.297276497,0.318516731,0.004486084,0.000042073,17.502464294,-3.760078907,-1.229429722,0.307914615,0.000753228,0.000000000,0.000000000,0.000000000,0.000000000,0.000000000,0.000000000,0.000000000,0.000000000,0.000000000,0.000000000,0.000000000,0.000000000,0.000000000,0.000000000,0.000000000,0.000000000,0.000000000,0.000000000,0.023044475,-0.018371582,-0.071050167,-0.067846775,0.010602117,0.003732856,0.023699557,-0.017489467,0.002104541,-0.013204801,0.010320075,0.005333745
5.879724741,1.960649490,-1.031043053,-1.408408165,-0.027420998,0.690493584,0.026653290,0.010070801,0.090639114,-0.134952545,-0.026184082,-0.060928345,0.032730103,1.960649490,-1.031043053,-1.408408165,-0.027420998,0.690876961,0.026653290,0.000042073,17.502519608,-3.763075590,-1.229900360,0.308190405,0.000753970,-0.010635376,17.495079041,-3.843580246,-1.279636383,0.322361946,-0.017303467,0.000042073,17.502519608,-3.763075590,-1.229900360,0.308190405,0.000753970,0.000000000,0.000000000,0.000000000,0.000000000,0.000000000,0.000000000,0.000000000,0.000000000,0.000000000,0.000000000,0.000000000,0.000000000,0.000000000,0.000000000,0.000000000,0.000000000,0.000000000,0.000000000,-0.010677449,-0.007440567,-0.080504656,-0.049736023,0.014171541,-0.018057437,-0.010022367,-0.006558451,-0.007349948,0.004905951,0.013889500,-0.016456549
5.889806509,1.960649490,-1.031043053,-1.408408165,-0.027420998,0.690493584,0.026653290,0.096008301,0.018005371,-0.003356934,0.002014160,-0.010574341,0.014602661,1.960649490,-1.031043053,-1.408408165,-0.027420998,0.690876961,0.026653290,0.000042073,17.502519608,-3.763075590,-1.229900360,0.308190405,0.000753970,-0.019454956,17.511558533,-3.796887398,-1.284305573,0.314244270,0.000640869,0.000042073,17.502519608,-3.763075590,-1.229900360,0.308190405,0.000753970,0.000000000,0.000000000,0.000000000,0.000000000,0.000000000,0.000000000,0.000000000,0.000000000,0.000000000,0.000000000,0.000000000,0.000000000,0.000000000,0.000000000,0.000000000,0.000000000,0.000000000,0.000000000,-0.019497029,0.009038925,-0.033811808,-0.054405212,0.006053865,-0.000113101,-0.018841947,0.009921041,0.039342900,0.000236762,0.005771824,0.001487787
5.899785280,1.960649490,-1.031043053,-1.408408165,-0.027420998,0.690876961,0.026653290,0.047668457,0.047302246,-0.077209473,0.063781738,-0.053878784,0.013595581,1.960649490,-1.031043053,-1.408408165,-0.027420998,0.690876961,0.026653290,0.000042073,17.502519608,-3.763075590,-1.229900360,0.308190405,0.000753970,-0.004928589,17.531700134,-3.842023849,-1.281711578,0.304844856,0.001495361,0.000042073,17.502519608,-3.763075590,-1.229900360,0.308190405,0.000753970,0.000000000,0.000000000,0.000000000,0.000000000,0.000000000,0.000000000,0.000000000,0.000000000,0.000000000,0.000000000,0.000000000,0.000000000,0.000000000,0.000000000,0.000000000,0.000000000,0.000000000,0.000000000,-0.004970662,0.029180527,-0.078948259,-0.051811218,-0.003345549,0.000741391,-0.004315580,0.030062642,-0.005793551,0.002830756,-0.003627590,0.002342279
5.909710884,1.960649490,-1.031426430,-1.408408165,-0.027420998,0.690876961,0.026653290,0.075866699,-0.090639114,0.008728027,-0.039611816,0.017623901,0.021652222,1.960649490,-1.031043053,-1.408408165,-0.027420998,0.690493584,0.026653290,0.000042072,17.502258301,-3.762827396,-1.229624629,0.308288097,0.000754230,-0.003372192,17.515220642,-3.842023849,-1.279117584,0.314244270,0.009185791,0.000042072,17.502258301,-3.762827396,-1.229624629,0.308288097,0.000754230,0.000000000,0.000000000,0.000000000,0.000000000,0.000000000,0.000000000,0.000000000,0.000000000,0.000000000,0.000000000,0.000000000,0.000000000,0.000000000,0.000000000,0.000000000,0.000000000,0.000000000,0.000000000,-0.003414265,0.012962341,-0.079196453,-0.049492955,0.005956173,0.008431561,-0.002759182,0.013844457,-0.006041745,0.005149019,0.005674132,0.010032450
5.919716835,1.960649490,-1.031426430,-1.408408165,-0.027420998,0.690876961,0.026653290,-0.042297363,-0.043031693,-0.030212402,-0.011413574,-0.005538940,0.005538940,1.960649490,-1.031043053,-1.408408165,-0.027420998,0.690876961,0.026653290,0.000042073,17.502519608,-3.763075590,-1.229900360,0.308190405,0.000753970,-0.019454956,17.498741150,-3.830610275,-1.274967194,0.310826302,0.003204346,0.000042073,17.502519608,-3.763075590,-1.229900360,0.308190405,0.000753970,0.000000000,0.000000000,0.000000000,0.000000000,0.000000000,0.000000000,0.000000000,0.000000000,0.000000000,0.000000000,0.000000000,0.000000000,0.000000000,0.000000000,0.000000000,0.000000000,0.000000000,0.000000000,-0.019497029,-0.003778458,-0.067534685,-0.045066833,0.002635896,0.002450375,-0.018841947,-0.002896342,0.005620023,0.009575140,0.002353855,0.004051264
5.929709196,1.960649490,-1.031426430,-1.408408165,-0.027420998,0.690876961,0.026653290,-0.026184082,-0.086366653,0.050354004,0.007385254,-0.063949585,-0.013595581,1.960649490,-1.031426430,-1.408408165,-0.027420998,0.690876961,0.026653290,0.000042073,17.502464294,-3.760078907,-1.229429722,0.307914615,0.000753228,0.006484985,17.478599548,-3.836835861,-1.300389290,0.301854134,-0.000640869,0.000042073,17.502464294,-3.760078907,-1.229429722,0.307914615,0.000753228,0.000000000,0.000000000,0.000000000,0.000000000,0.000000000,0.000000000,0.000000000,0.000000000,0.000000000,0.000000000,0.000000000,0.000000000,0.000000000,0.000000000,0.000000000,0.000000000,0.000000000,0.000000000,0.006442912,-0.023864746,-0.076756954,-0.070959568,-0.006060481,-0.001394097,0.007097995,-0.022982631,-0.003602246,-0.016317594,-0.006342522,0.000206792
5.939733267,1.960649490,-1.031043053,-1.408408165,-0.027420998,0.690493584,0.026653290,0.038269043,-0.033264160,-0.042297363,-0.053039551,-0.048843384,0.033737183,1.960649490,-1.031426430,-1.408408165,-0.027420998,0.690876961,0.026653290,0.000042073,17.502464294,-3.760078907,-1.229429722,0.307914615,0.000753228,0.002853394,17.478599548,-3.870557785,-1.323216438,0.321080208,0.004486084,0.000042073,17.502464294,-3.760078907,-1.229429722,0.307914615,0.000753228,0.000000000,0.000000000,0.000000000,0.000000000,0.000000000,0.000000000,0.000000000,0.000000000,0.000000000,0.000000000,0.000000000,0.000000000,0.000000000,0.000000000,0.000000000,0.000000000,0.000000000,0.000000000,0.002811321,-0.023864746,-0.110478878,-0.093786716,0.013165593,0.003732856,0.003466403,-0.022982631,-0.037324170,-0.039144743,0.012883552,0.005333745
5.949707508,1.960649490,-1.031426430,-1.408024788,-0.027420998,0.690876961,0.026653290,-0.040954590,-0.065004349,0.089294434,-0.024841309,-0.020645142,-0.048843384,1.960649490,-1.031043053,-1.408408165,-0.027420998,0.690876961,0.026653290,0.000042073,17.502519608,-3.763075590,-1.229900360,0.308190405,0.000753970,-0.005966187,17.485923767,-3.832166672,-1.307652473,0.278355598,0.011749268,0.000042073,17.502519608,-3.763075590,-1.229900360,0.308190405,0.000753970,0.000000000,0.000000000,0.000000000,0.000000000,0.000000000,0.000000000,0.000000000,0.000000000,0.000000000,0.000000000,0.000000000,0.000000000,0.000000000,0.000000000,0.000000000,0.000000000,0.000000000,0.000000000,-0.006008260,-0.016595840,-0.069091082,-0.077752113,-0.029834807,0.010995297,-0.005353177,-0.015713725,0.004063626,-0.023110139,-0.030116848,0.012596186
5.959779024,1.960649490,-1.031426430,-1.408408165,-0.027420998,0.690876961,0.026653290,0.024841309,-0.061952591,0.012756348,0.030212402,-0.040786743,-0.001510620,1.960649490,-1.031043053,-1.408408165,-0.027420998,0.690493584,0.026653290,0.000042072,17.502258301,-3.762827396,-1.229624629,0.308288097,0.000754230,0.014785767,17.513389587,-3.862257004,-1.257328033,0.340733528,-0.009613037,0.000042072,17.502258301,-3.762827396,-1.229624629,0.308288097,0.000754230,0.000000000,0.000000000,0.000000000,0.000000000,0.000000000,0.000000000,0.000000000,0.000000000,0.000000000,0.000000000,0.000000000,0.000000000,0.000000000,0.000000000,0.000000000,0.000000000,0.000000000,0.000000000,0.014743694,0.011131287,-0.099429607,-0.027703404,0.032445431,-0.010367267,0.015398777,0.012013402,-0.026274899,0.026938569,0.032163390,-0.008766378
5.969729185,1.960649490,-1.031043053,-1.408408165,-0.027420998,0.690493584,0.026653290,0.002014160,-0.049745560,-0.012756348,-0.032897949,-0.054885864,0.002517700,1.960649490,-1.031043053,-1.408408165,-0.027420998,0.690876961,0.026653290,0.000042073,17.502519608,-3.763075590,-1.229900360,0.308190405,0.000753970,0.002853394,17.517051697,-3.861738205,-1.277042389,0.319371223,-0.009613037,0.000042073,17.502519608,-3.763075590,-1.229900360,0.308190405,0.000753970,0.000000000,0.000000000,0.000000000,0.000000000,0.000000000,0.000000000,0.000000000,0.000000000,0.000000000,0.000000000,0.000000000,0.000000000,0.000000000,0.000000000,0.000000000,0.000000000,0.000000000,0.000000000,0.002811320,0.014532089,-0.098662615,-0.047142029,0.011180818,-0.010367007,0.003466403,0.015414205,-0.025507907,0.007499945,0.010898777,-0.008766119
5.979744434,1.960649490,-1.031043053,-1.408024788,-0.027420998,0.690493584,0.026653290,-0.108097076,0.024108887,0.220890045,0.081237793,-0.006546021,0.008560181,1.960649490,-1.031043053,-1.408024788,-0.027420998,0.690493584,0.026653290,0.000042064,17.499094009,-3.759830713,-1.229153872,0.308012217,0.000753487,0.010635376,17.498741150,-3.824384689,-1.299870491,0.298008919,0.015167236,0.000042064,17.499094009,-3.759830713,-1.229153872,0.308012217,0.000753487,0.000000000,0.000000000,0.000000000,0.000000000,0.000000000,0.000000000,0.000000000,0.000000000,0.000000000,0.000000000,0.000000000,0.000000000,0.000000000,0.000000000,0.000000000,0.000000000,0.000000000,0.000000000,0.010593312,-0.000352859,-0.064553976,-0.070716619,-0.010003299,0.014413750,0.011248394,0.000529256,0.008600732,-0.016074646,-0.010285340,0.016014638
5.989709854,1.960649490,-1.031426430,-1.408408165,-0.027420998,0.690493584,0.026653290,0.071838379,0.004577637,0.022155762,-0.091983795,-0.050857544,0.011581421,1.960649490,-1.031043053,-1.408408165,-0.027420998,0.690493584,0.026653290,0.000042072,17.502258301,-3.762827396,-1.229624629,0.308288097,0.000754230,-0.011154175,17.535362244,-3.816082954,-1.284305573,0.346714973,0.000640869,0.000042072,17.502258301,-3.762827396,-1.229624629,0.308288097,0.000754230,0.000000000,0.000000000,0.000000000,0.000000000,0.000000000,0.000000000,0.000000000,0.000000000,0.000000000,0.000000000,0.000000000,0.000000000,0.000000000,0.000000000,0.000000000,0.000000000,0.000000000,0.000000000,-0.011196247,0.033103943,-0.053255558,-0.054680943,0.038426876,-0.000113361,-0.010541165,0.033986058,0.019899150,-0.000038970,0.038144835,0.001487528
5.999726772,1.960649490,-1.031426430,-1.408408165,-0.027420998,0.690493584,0.026653290,-0.047668457,-0.004577637,-0.140323639,0.018127441,0.036758423,0.059921265,1.960266113,-1.031043053,-1.408408165,-0.027420998,0.690876961,0.026653290,0.000042083,17.502519608,-3.763075590,-1.229900360,0.308190405,0.000753970,0.004409790,17.507896423,-3.865888596,-1.292087555,0.297154427,0.005767822,0.000042083,17.502519608,-3.763075590,-1.229900360,0.308190405,0.000753970,0.000000000,0.000000000,0.000000000,0.000000000,0.000000000,0.000000000,0.000000000,0.000000000,0.000000000,0.000000000,0.000000000,0.000000000,0.000000000,0.000000000,0.000000000,0.000000000,0.000000000,0.000000000,0.004367707,0.005376816,-0.102813005,-0.062187195,-0.011035979,0.005013852,0.005022789,0.006258931,-0.029658297,-0.007545221,-0.011318020,0.006614740
6.009729385,1.960649490,-1.031043053,-1.408408165,-0.027420998,0.690876961,0.026653290,0.074523926,0.142518997,-0.030212402,-0.078552246,-0.001510620,0.024673462,1.960649490,-1.031043053,-1.408408165,-0.027420998,0.690876961,0.026653290,0.000042073,17.502519608,-3.763075590,-1.229900360,0.308190405,0.000753970,0.019973755,17.447471619,-3.881452560,-1.254215240,0.334752083,-0.005767822,0.000042073,17.502519608,-3.763075590,-1.229900360,0.308190405,0.000753970,0.000000000,0.000000000,0.000000000,0.000000000,0.000000000,0.000000000,0.000000000,0.000000000,0.000000000,0.000000000,0.000000000,0.000000000,0.000000000,0.000000000,0.000000000,0.000000000,0.000000000,0.000000000,0.019931682,-0.055047989,-0.118376970,-0.024314880,0.026561677,-0.006521793,0.020586764,-0.054165873,-0.045222262,0.030327094,0.026279636,-0.004920904
6.019739389,1.960649490,-1.031426430,-1.408408165,-0.027420998,0.690493584,0.026653290,0.106750488,-0.077821732,-0.069152832,-0.019470215,-0.003524780,0.033737183,1.960649490,-1.031426430,-1.408408165,-0.027420998,0.690493584,0.026653290,0.000042072,17.502201080,-3.759830713,-1.229153872,0.308012217,0.000753487,0.003890991,17.463951111,-3.840986252,-1.280155182,0.320652962,0.007476807,0.000042072,17.502201080,-3.759830713,-1.229153872,0.308012217,0.000753487,0.000000000,0.000000000,0.000000000,0.000000000,0.000000000,0.000000000,0.000000000,0.000000000,0.000000000,0.000000000,0.000000000,0.000000000,0.000000000,0.000000000,0.000000000,0.000000000,0.000000000,0.000000000,0.003848919,-0.038249969,-0.081155539,-0.051001310,0.012640744,0.006723320,0.004504001,-0.037367854,-0.008000831,0.003640664,0.012358703,0.008324208
6.029729128,1.960649490,-1.031426430,-1.408408165,-0.027420998,0.690493584,0.026653290,-0.035583496,-0.064393997,-0.034240723,0.008728027,-0.013595581,-0.012588501,1.960649490,-1.031426430,-1.408408165,-0.027420998,0.690493584,0.026653290,0.000042072,17.502201080,-3.759830713,-1.229153872,0.308012217,0.000753487,0.006484985,17.509727478,-3.834241867,-1.335667610,0.319798470,0.005767822,0.000042072,17.502201080,-3.759830713,-1.229153872,0.308012217,0.000753487,0.000000000,0.000000000,0.000000000,0.000000000,0.000000000,0.000000000,0.000000000,0.000000000,0.000000000,0.000000000,0.000000000,0.000000000,0.000000000,0.000000000,0.000000000,0.000000000,0.000000000,0.000000000,0.006442913,0.007526398,-0.074411154,-0.106513739,0.011786252,0.005014336,0.007097995,0.008408513,-0.001256446,-0.051871765,0.011504211,0.006615224
6.039717674,1.960649490,-1.031043053,-1.408408165,-0.027420998,0.690876961,0.026653290,0.073181152,-0.016174316,-0.039611816,-0.049011230,0.028701782,-0.000503540,1.960649490,-1.031043053,-1.408408165,-0.027420998,0.690493584,0.026653290,0.000042072,17.502258301,-3.762827396,-1.229624629,0.308288097,0.000754230,-0.005966187,17.506065369,-3.833723068,-1.285343170,0.302281380,0.007904053,0.000042072,17.502258301,-3.762827396,-1.229624629,0.308288097,0.000754230,0.000000000,0.000000000,0.000000000,0.000000000,0.000000000,0.000000000,0.000000000,0.000000000,0.000000000,0.000000000,0.000000000,0.000000000,0.000000000,0.000000000,0.000000000,0.000000000,0.000000000,0.000000000,-0.006008259,0.003807068,-0.070895672,-0.055718541,-0.006006718,0.007149823,-0.005353177,0.004689183,0.002259036,-0.001076567,-0.006288759,0.008750712
6.049740791,1.960649490,-1.031043053,-1.408408165,-0.027420998,0.690876961,0.026653290,-0.091983795,0.036315918,-0.049011230,-0.090641022,-0.008560181,-0.019638062,1.960649490,-1.031043053,-1.408408165,-0.027420998,0.690493584,0.026653290,0.000042072,17.502258301,-3.762827396,-1.229624629,0.308288097,0.000754230,-0.007003784,17.528038025,-3.824903488,-1.275485992,0.312962532,-0.006195068,0.000042072,17.502258301,-3.762827396,-1.229624629,0.308288097,0.000754230,0.000000000,0.000000000,0.000000000,0.000000000,0.000000000,0.000000000,0.000000000,0.000000000,0.000000000,0.000000000,0.000000000,0.000000000,0.000000000,0.000000000,0.000000000,0.000000000,0.000000000,0.000000000,-0.007045856,0.025779724,-0.062076092,-0.045861363,0.004674435,-0.006949298,-0.006390774,0.026661840,0.011078616,0.008780611,0.004392393,-0.005348410
6.059711456,1.960649490,-1.031043053,-1.408408165,-0.027420998,0.690493584,0.026653290,-0.151065826,0.035705566,0.046325684,0.024841309,0.007553101,0.016616821,1.960649490,-1.031043053,-1.408408165,-0.027420998,0.690493584,0.026653290,0.000042072,17.502258301,-3.762827396,-1.229624629,0.308288097,0.000754230,-0.016342163,17.485923767,-3.837873459,-1.297795296,0.315098763,0.003204346,0.000042072,17.502258301,-3.762827396,-1.229624629,0.308288097,0.000754230,0.000000000,0.000000000,0.000000000,0.000000000,0.000000000,0.000000000,0.000000000,0.000000000,0.000000000,0.000000000,0.000000000,0.000000000,0.000000000,0.000000000,0.000000000,0.000000000,0.000000000,0.000000000,-0.016384235,-0.016334534,-0.075046062,-0.068170667,0.006810665,0.002450116,-0.015729153,-0.015452418,-0.001891354,-0.013528693,0.006528624,0.004051005
6.069751978,1.960649490,-1.031043053,-1.408408165,-0.027420998,0.690493584,0.026653290,-0.067810059,-0.008239746,0.069152832,-0.027526855,-0.000503540,0.011581421,1.960266113,-1.031426430,-1.408408165,-0.027420998,0.690493584,0.026653290,0.000042082,17.502201080,-3.759830713,-1.229153872,0.308012217,0.000753487,0.004928589,17.487754822,-3.842023849,-1.291568756,0.287327766,-0.013458252,0.000042082,17.502201080,-3.759830713,-1.229153872,0.308012217,0.000753487,0.000000000,0.000000000,0.000000000,0.000000000,0.000000000,0.000000000,0.000000000,0.000000000,0.000000000,0.000000000,0.000000000,0.000000000,0.000000000,0.000000000,0.000000000,0.000000000,0.000000000,0.000000000,0.004886507,-0.014446259,-0.082193136,-0.062414885,-0.020684451,-0.014211739,0.005541589,-0.013564143,-0.009038428,-0.007772911,-0.020966492,-0.012610850
6.079773426,1.960649490,-1.031043053,-1.408408165,-0.027420998,0.690493584,0.026653290,-0.020812988,-0.072938919,0.050354004,-0.153751373,-0.071002960,0.015609741,1.960649490,-1.031043053,-1.408408165,-0.027420998,0.690493584,0.026653290,0.000042072,17.502258301,-3.762827396,-1.229624629,0.308288097,0.000754230,0.009078979,17.550010681,-3.828016281,-1.286899567,0.298436165,-0.001495361,0.000042072,17.502258301,-3.762827396,-1.229624629,0.308288097,0.000754230,0.000000000,0.000000000,0.000000000,0.000000000,0.000000000,0.000000000,0.000000000,0.000000000,0.000000000,0.000000000,0.000000000,0.000000000,0.000000000,0.000000000,0.000000000,0.000000000,0.000000000,0.000000000,0.009036907,0.047752380,-0.065188885,-0.057274938,-0.009851933,-0.002249591,0.009691989,0.048634496,0.007965823,-0.002632964,-0.010133974,-0.000648702
6.089709520,1.960649490,-1.031043053,-1.408408165,-0.027420998,0.690876961,0.026653290,-0.032897949,-0.007629395,0.120178223,-0.002014160,0.013595581,0.044815063,1.960649490,-1.031043053,-1.408408165,-0.027420998,0.690876961,0.026653290,0.000042073,17.502519608,-3.763075590,-1.229900360,0.308190405,0.000753970,-0.000259399,17.502403259,-3.845136642,-1.279117584,0.312962532,-0.009185791,0.000042073,17.502519608,-3.763075590,-1.229900360,0.308190405,0.000753970,0.000000000,0.000000000,0.000000000,0.000000000,0.000000000,0.000000000,0.000000000,0.000000000,0.000000000,0.000000000,0.000000000,0.000000000,0.000000000,0.000000000,0.000000000,0.000000000,0.000000000,0.000000000,-0.000301473,-0.000116348,-0.082061052,-0.049217224,0.004772127,-0.009939761,0.000353610,0.000765767,-0.008906344,0.005424750,0.004490086,-0.008338873
6.099711418,1.960649490,-1.031043053,-1.408408165,-0.027420998,0.690876961,0.026653290,0.148376465,0.030212402,0.180606842,0.034240723,0.031723022,0.005538940,1.960649490,-1.031043053,-1.408408165,-0.027420998,0.690876961,0.026653290,0.000042073,17.502519608,-3.763075590,-1.229900360,0.308190405,0.000753970,-0.021011353,17.502403259,-3.813488960,-1.283786774,0.324070930,-0.004913330,0.000042073,17.502519608,-3.763075590,-1.229900360,0.308190405,0.000753970,0.000000000,0.000000000,0.000000000,0.000000000,0.000000000,0.000000000,0.000000000,0.000000000,0.000000000,0.000000000,0.000000000,0.000000000,0.000000000,0.000000000,0.000000000,0.000000000,0.000000000,0.000000000,-0.021053426,-0.000116348,-0.050413370,-0.053886414,0.015880525,-0.005667300,-0.020398343,0.000765767,0.022741338,0.000755560,0.015598484,-0.004066412
6.109740257,1.960649490,-1.031426430,-1.408408165,-0.027420998,0.690876961,0.026653290,0.047668457,0.018005371,-0.062438965,-0.006042480,0.025680542,-0.025680542,1.960649490,-1.031043053,-1.408408165,-0.027420998,0.690493584,0.026653290,0.000042072,17.502258301,-3.762827396,-1.229624629,0.308288097,0.000754230,-0.003890991,17.445640564,-3.822309494,-1.289493561,0.288182259,0.003204346,0.000042072,17.502258301,-3.762827396,-1.229624629,0.308288097,0.000754230,0.000000000,0.000000000,0.000000000,0.000000000,0.000000000,0.000000000,0.000000000,0.000000000,0.000000000,0.000000000,0.000000000,0.000000000,0.000000000,0.000000000,0.000000000,0.000000000,0.000000000,0.000000000,-0.003933063,-0.056617737,-0.059482098,-0.059868932,-0.020105839,0.002450116,-0.003277981,-0.055735621,0.013672610,-0.005226958,-0.020387880,0.004051005
6.119769573,1.960649490,-1.031043053,-1.408408165,-0.027420998,0.690876961,0.026653290,0.190006256,0.056457520,-0.011413574,0.035583496,0.030715942,0.044815063,1.960649490,-1.031043053,-1.408408165,-0.027420998,0.690876961,0.026653290,0.000042073,17.502519608,-3.763075590,-1.229900360,0.308190405,0.000753970,0.005447388,17.471275330,-3.891310692,-1.279636383,0.300572395,0.002349854,0.000042073,17.502519608,-3.763075590,-1.229900360,0.308190405,0.000753970,0.000000000,0.000000000,0.000000000,0.000000000,0.000000000,0.000000000,0.000000000,0.000000000,0.000000000,0.000000000,0.000000000,0.000000000,0.000000000,0.000000000,0.000000000,0.000000000,0.000000000,0.000000000,0.005405315,-0.031244278,-0.128235102,-0.049736023,-0.007618010,0.001595883,0.006060397,-0.030362162,-0.055080394,0.004905951,-0.007900051,0.003196772
6.129743338,1.960649490,-1.031426430,-1.408408165,-0.027420998,0.690493584,0.026653290,0.012756348,-0.010681152,0.042297363,0.049011230,-0.014602661,-0.029708862,1.960266113,-1.031426430,-1.408408165,-0.027420998,0.690493584,0.026653290,0.000042082,17.502201080,-3.759830713,-1.229153872,0.308012217,0.000753487,0.016860962,17.526206970,-3.838392258,-1.312840462,0.301426888,-0.006622314,0.000042082,17.502201080,-3.759830713,-1.229153872,0.308012217,0.000753487,0.000000000,0.000000000,0.000000000,0.000000000,0.000000000,0.000000000,0.000000000,0.000000000,0.000000000,0.000000000,0.000000000,0.000000000,0.000000000,0.000000000,0.000000000,0.000000000,0.000000000,0.000000000,0.016818880,0.024005890,-0.078561544,-0.083686590,-0.006585330,-0.007375801,0.017473962,0.024888005,-0.005406836,-0.029044616,-0.006867371,-0.005774913
6.139709473,1.960649490,-1.031426430,-1.408408165,-0.027420998,0.690876961,0.026653290,0.073181152,-0.000305176,-0.155094147,0.011413574,0.024673462,0.011581421,1.960649490,-1.031426430,-1.408408165,-0.027420998,0.690493584,0.026653290,0.000042072,17.502201080,-3.759830713,-1.229153872,0.308012217,0.000753487,-0.019454956,17.524375916,-3.819196701,-1.294681549,0.338597298,0.012176514,0.000042072,17.502201080,-3.759830713,-1.229153872,0.308012217,0.000753487,0.000000000,0.000000000,0.000000000,0.000000000,0.000000000,0.000000000,0.000000000,0.000000000,0.000000000,0.000000000,0.000000000,0.000000000,0.000000000,0.000000000,0.000000000,0.000000000,0.000000000,0.000000000,-0.019497028,0.022174835,-0.059365988,-0.065527678,0.030585080,0.011423027,-0.018841946,0.023056951,0.013788720,-0.010885704,0.030303039,0.013023915
6.149740934,1.960649490,-1.031426430,-1.408408165,-0.027420998,0.690493584,0.026653290,-0.112125397,-0.088197708,0.049011230,0.086608887,-0.032730103,0.009567261,1.960649490,-1.031426430,-1.408408165,-0.027420998,0.690493584,0.026653290,0.000042072,17.502201080,-3.759830713,-1.229153872,0.308012217,0.000753487,0.000259399,17.507896423,-3.829572678,-1.308690071,0.277501106,0.002349854,0.000042072,17.502201080,-3.759830713,-1.229153872,0.308012217,0.000753487,0.000000000,0.000000000,0.000000000,0.000000000,0.000000000,0.000000000,0.000000000,0.000000000,0.000000000,0.000000000,0.000000000,0.000000000,0.000000000,0.000000000,0.000000000,0.000000000,0.000000000,0.000000000,0.000217327,0.005695343,-0.069741964,-0.079536200,-0.030511111,0.001596367,0.000872410,0.006577459,0.003412744,-0.024894226,-0.030793152,0.003197255
6.159743071,1.960649490,-1.031043053,-1.408024788,-0.027420998,0.690876961,0.026653290,0.022155762,0.022888184,0.141662598,-0.071838379,-0.003524780,-0.030715942,1.960649490,-1.031043053,-1.408024788,-0.027420998,0.690876961,0.026653290,0.000042065,17.499357224,-3.760078907,-1.229429722,0.307914615,0.000753228,-0.012710571,17.498741150,-3.828535080,-1.300389290,0.291172981,-0.016876221,0.000042065,17.499357224,-3.760078907,-1.229429722,0.307914615,0.000753228,0.000000000,0.000000000,0.000000000,0.000000000,0.000000000,0.000000000,0.000000000,0.000000000,0.000000000,0.000000000,0.000000000,0.000000000,0.000000000,0.000000000,0.000000000,0.000000000,0.000000000,0.000000000,-0.012752636,-0.000616074,-0.068456173,-0.070959568,-0.016741633,-0.017629448,-0.012097554,0.000266042,0.004698535,-0.016317594,-0.017023675,-0.016028560
6.169708014,1.960649490,-1.031426430,-1.408408165,-0.027420998,0.690876961,0.026653290,0.008728027,-0.091249466,0.038269043,-0.040954590,0.006546021,0.026687622,1.960649490,-1.031426430,-1.408408165,-0.027420998,0.690876961,0.026653290,0.000042073,17.502464294,-3.760078907,-1.229429722,0.307914615,0.000753228,0.017898560,17.526206970,-3.837354660,-1.282230377,0.339024544,0.002777100,0.000042073,17.502464294,-3.760078907,-1.229429722,0.307914615,0.000753228,0.000000000,0.000000000,0.000000000,0.000000000,0.000000000,0.000000000,0.000000000,0.000000000,0.000000000,0.000000000,0.000000000,0.000000000,0.000000000,0.000000000,0.000000000,0.000000000,0.000000000,0.000000000,0.017856487,0.023742676,-0.077275753,-0.052800655,0.031109929,0.002023872,0.018511569,0.024624791,-0.004121045,0.001841319,0.030827888,0.003624760
6.179748297,1.960649490,-1.031043053,-1.408408165,-0.027420998,0.690493584,0.026653290,0.000671387,-0.079042435,0.004699707,-0.106754303,-0.012588501,0.023666382,1.960649490,-1.031043053,-1.408408165,-0.027420998,0.690493584,0.026653290,0.000042072,17.502258301,-3.762827396,-1.229624629,0.308288097,0.000754230,-0.011154175,17.529869080,-3.827497482,-1.285861969,0.283909798,-0.004486084,0.000042072,17.502258301,-3.762827396,-1.229624629,0.308288097,0.000754230,0.000000000,0.000000000,0.000000000,0.000000000,0.000000000,0.000000000,0.000000000,0.000000000,0.000000000,0.000000000,0.000000000,0.000000000,0.000000000,0.000000000,0.000000000,0.000000000,0.000000000,0.000000000,-0.011196247,0.027610779,-0.064670086,-0.056237340,-0.024378300,-0.005240314,-0.010541165,0.028492894,0.008484622,-0.001595366,-0.024660341,-0.003639425
6.189707994,1.960649490,-1.031043053,-1.408408165,-0.027420998,0.690876961,0.026653290,0.065124512,0.002746582,-0.089298248,0.085266113,0.033737183,-0.031723022,1.960649490,-1.031426430,-1.408408165,-0.027420998,0.690876961,0.026653290,0.000042073,17.502464294,-3.760078907,-1.229429722,0.307914615,0.000753228,0.014785767,17.531700134,-3.845136642,-1.275485992,0.297581673,0.007049561,0.000042073,17.502464294,-3.760078907,-1.229429722,0.307914615,0.000753228,0.000000000,0.000000000,0.000000000,0.000000000,0.000000000,0.000000000,0.000000000,0.000000000,0.000000000,0.000000000,0.000000000,0.000000000,0.000000000,0.000000000,0.000000000,0.000000000,0.000000000,0.000000000,0.014743694,0.029235840,-0.085057735,-0.046056271,-0.010332942,0.006296333,0.015398776,0.030117955,-0.011903027,0.008585703,-0.010614983,0.007897221
6.199743509,1.960649490,-1.031043053,-1.408408165,-0.027420998,0.690493584,0.026653290,-0.089298248,0.044250488,-0.134952545,-0.026184082,-0.042800903,-0.021652222,1.960649490,-1.031043053,-1.408408165,-0.027420998,0.690493584,0.026653290,0.000042072,17.502258301,-3.762827396,-1.229624629,0.308288097,0.000754230,0.001296997,17.465782166,-3.832685471,-1.260959625,0.289891243,-0.007904053,0.000042072,17.502258301,-3.762827396,-1.229624629,0.308288097,0.000754230,0.000000000,0.000000000,0.000000000,0.000000000,0.000000000,0.000000000,0.000000000,0.000000000,0.000000000,0.000000000,0.000000000,0.000000000,0.000000000,0.000000000,0.000000000,0.000000000,0.000000000,0.000000000,0.001254925,-0.036476135,-0.069858074,-0.031334996,-0.018396854,-0.008658282,0.001910007,-0.035594020,0.003296634,0.023306978,-0.018678896,-0.007057394
6.209741116,1.960649490,-1.031043053,-1.408408165,-0.027420998,0.690876961,0.026653290,0.070495605,0.127260208,0.054382324,0.134948730,0.026687622,0.020645142,1.960649490,-1.031426430,-1.408408165,-0.027420998,0.690493584,0.026653290,0.000042072,17.502201080,-3.759830713,-1.229153872,0.308012217,0.000753487,-0.014785767,17.482261658,-3.830610275,-1.279636383,0.307835579,0.002349854,0.000042072,17.502201080,-3.759830713,-1.229153872,0.308012217,0.000753487,0.000000000,0.000000000,0.000000000,0.000000000,0.000000000,0.000000000,0.000000000,0.000000000,0.000000000,0.000000000,0.000000000,0.000000000,0.000000000,0.000000000,0.000000000,0.000000000,0.000000000,0.000000000,-0.014827839,-0.019939423,-0.070779562,-0.050482512,-0.000176638,0.001596367,-0.014172756,-0.019057307,0.002375146,0.004159462,-0.000458680,0.003197255
6.219718695,1.960649490,-1.031043053,-1.408408165,-0.027420998,0.690876961,0.026653290,-0.152408600,-0.156557083,0.093322754,0.003356934,0.024673462,0.028701782,1.960649490,-1.031043053,-1.408408165,-0.027420998,0.690876961,0.026653290,0.000042073,17.502519608,-3.763075590,-1.229900360,0.308190405,0.000753970,-0.006484985,17.513389587,-3.831129074,-1.287418365,0.343297005,-0.005340576,0.000042073,17.502519608,-3.763075590,-1.229900360,0.308190405,0.000753970,0.000000000,0.000000000,0.000000000,0.000000000,0.000000000,0.000000000,0.000000000,0.000000000,0.000000000,0.000000000,0.000000000,0.000000000,0.000000000,0.000000000,0.000000000,0.000000000,0.000000000,0.000000000,-0.006527058,0.010869980,-0.068053484,-0.057518005,0.035106599,-0.006094547,-0.005871976,0.011752095,0.005101224,-0.002876031,0.034824558,-0.004493658
6.229752541,1.960649490,-1.031043053,-1.408408165,-0.027420998,0.690876961,0.026653290,-0.028869629,-0.025329590,-0.006042480,-0.143009186,0.025680542,-0.012588501,1.960649490,-1.031043053,-1.408408165,-0.027420998,0.690493584,0.026653290,0.000042072,17.502258301,-3.762827396,-1.229624629,0.308288097,0.000754230,0.004928589,17.489585876,-3.853437424,-1.325810432,0.320225716,0.004486084,0.000042072,17.502258301,-3.762827396,-1.229624629,0.308288097,0.000754230,0.000000000,0.000000000,0.000000000,0.000000000,0.000000000,0.000000000,0.000000000,0.000000000,0.000000000,0.000000000,0.000000000,0.000000000,0.000000000,0.000000000,0.000000000,0.000000000,0.000000000,0.000000000,0.004886517,-0.012672424,-0.090610027,-0.096185803,0.011937618,0.003731854,0.005541599,-0.011790309,-0.017455319,-0.041543830,0.011655577,0.005332743
6.239813089,1.960649490,-1.031043053,-1.408408165,-0.027420998,0.690493584,0.026653290,-0.036926270,-0.036315918,0.082580566,0.030212402,-0.026687622,0.046829224,1.960649490,-1.031043053,-1.408408165,-0.027420998,0.690876961,0.026653290,0.000042073,17.502519608,-3.763075590,-1.229900360,0.308190405,0.000753970,-0.014785767,17.487754822,-3.832166672,-1.265628815,0.318089485,0.002349854,0.000042073,17.502519608,-3.763075590,-1.229900360,0.308190405,0.000753970,0.000000000,0.000000000,0.000000000,0.000000000,0.000000000,0.000000000,0.000000000,0.000000000,0.000000000,0.000000000,0.000000000,0.000000000,0.000000000,0.000000000,0.000000000,0.000000000,0.000000000,0.000000000,-0.014827840,-0.014764786,-0.069091082,-0.035728455,0.009899080,0.001595883,-0.014172758,-0.013882670,0.004063626,0.018913519,0.009617039,0.003196772
6.249709606,1.960649490,-1.031043053,-1.408408165,-0.027420998,0.690876961,0.026653290,0.003356934,0.097352982,0.074523926,-0.065124512,-0.025680542,0.022659302,1.960649490,-1.031426430,-1.408408165,-0.027420998,0.690493584,0.026653290,0.000042072,17.502201080,-3.759830713,-1.229153872,0.308012217,0.000753487,0.000259399,17.528038025,-3.835279465,-1.272891998,0.306126595,0.008758545,0.000042072,17.502201080,-3.759830713,-1.229153872,0.308012217,0.000753487,0.000000000,0.000000000,0.000000000,0.000000000,0.000000000,0.000000000,0.000000000,0.000000000,0.000000000,0.000000000,0.000000000,0.000000000,0.000000000,0.000000000,0.000000000,0.000000000,0.000000000,0.000000000,0.000217327,0.025836945,-0.075448751,-0.043738127,-0.001885623,0.008005058,0.000872410,0.026719060,-0.002294043,0.010903847,-0.002167664,0.009605947
6.259746313,1.960649490,-1.031426430,-1.408408165,-0.027420998,0.690493584,0.026653290,-0.117496490,-0.003356934,0.086608887,0.050354004,-0.009567261,0.020645142,1.960649490,-1.031426430,-1.408408165,-0.027420998,0.690493584,0.026653290,0.000042072,17.502201080,-3.759830713,-1.229153872,0.308012217,0.000753487,-0.001815796,17.487754822,-3.850843430,-1.288974762,0.312535286,0.001922607,0.000042072,17.502201080,-3.759830713,-1.229153872,0.308012217,0.000753487,0.000000000,0.000000000,0.000000000,0.000000000,0.000000000,0.000000000,0.000000000,0.000000000,0.000000000,0.000000000,0.000000000,0.000000000,0.000000000,0.000000000,0.000000000,0.000000000,0.000000000,0.000000000,-0.001857868,-0.014446259,-0.091012716,-0.059820890,0.004523069,0.001169121,-0.001202786,-0.013564143,-0.017858008,-0.005178917,0.004241027,0.002770009
6.269709587,1.960649490,-1.031426430,-1.408408165,-0.027420998,0.690493584,0.026653290,0.031555176,-0.079042435,-0.058410645,-0.110782623,-0.080066681,0.029708862,1.960649490,-1.031043053,-1.408408165,-0.027420998,0.690876961,0.026653290,0.000042073,17.502519608,-3.763075590,-1.229900360,0.308190405,0.000753970,0.009597778,17.463951111,-3.793774605,-1.290531158,0.329625130,-0.003204346,0.000042073,17.502519608,-3.763075590,-1.229900360,0.308190405,0.000753970,0.000000000,0.000000000,0.000000000,0.000000000,0.000000000,0.000000000,0.000000000,0.000000000,0.000000000,0.000000000,0.000000000,0.000000000,0.000000000,0.000000000,0.000000000,0.000000000,0.000000000,0.000000000,0.009555705,-0.038568497,-0.030699015,-0.060630798,0.021434724,-0.003958316,0.010210787,-0.037686381,0.042455693,-0.005988824,0.021152683,-0.002357428
6.279850245,1.960266113,-1.031043053,-1.408408165,-0.027420998,0.690876961,0.026653290,-0.089298248,-0.072328568,-0.109439850,-0.015441895,0.015609741,-0.042800903,1.960649490,-1.031426430,-1.408408165,-0.027420998,0.690493584,0.026653290,0.000042072,17.502201080,-3.759830713,-1.229153872,0.308012217,0.000753487,0.000778198,17.458457947,-3.829053879,-1.280673981,0.312535286,0.003204346,0.000042072,17.502201080,-3.759830713,-1.229153872,0.308012217,0.000753487,0.000000000,0.000000000,0.000000000,0.000000000,0.000000000,0.000000000,0.000000000,0.000000000,0.000000000,0.000000000,0.000000000,0.000000000,0.000000000,0.000000000,0.000000000,0.000000000,0.000000000,0.000000000,0.000736126,-0.043743134,-0.069223166,-0.051520109,0.004523069,0.002450859,0.001391208,-0.042861018,0.003931543,0.003121865,0.004241027,0.004051747
6.289705753,1.960649490,-1.031043053,-1.408408165,-0.027420998,0.690876961,0.026653290,-0.036926270,-0.008239746,0.004699707,-0.011413574,0.021652222,0.035751343,1.960649490,-1.031426430,-1.408408165,-0.027420998,0.690876961,0.026653290,0.000042073,17.502464294,-3.760078907,-1.229429722,0.307914615,0.000753228,0.000259399,17.511558533,-3.828535080,-1.284305573,0.301426888,-0.001922607,0.000042073,17.502464294,-3.760078907,-1.229429722,0.307914615,0.000753228,0.000000000,0.000000000,0.000000000,0.000000000,0.000000000,0.000000000,0.000000000,0.000000000,0.000000000,0.000000000,0.000000000,0.000000000,0.000000000,0.000000000,0.000000000,0.000000000,0.000000000,0.000000000,0.000217326,0.009094238,-0.068456173,-0.054875851,-0.006487727,-0.002675835,0.000872409,0.009976354,0.004698535,-0.000233877,-0.006769768,-0.001074947
6.299791813,1.960649490,-1.031043053,-1.408408165,-0.027420998,0.690493584,0.026653290,0.008728027,0.107728958,-0.074523926,0.022155762,-0.012588501,-0.017623901,1.960649490,-1.031043053,-1.408408165,-0.027420998,0.690493584,0.026653290,0.000042072,17.502258301,-3.762827396,-1.229624629,0.308288097,0.000754230,0.011154175,17.533531189,-3.824384689,-1.293125153,0.302281380,-0.005767822,0.000042072,17.502258301,-3.762827396,-1.229624629,0.308288097,0.000754230,0.000000000,0.000000000,0.000000000,0.000000000,0.000000000,0.000000000,0.000000000,0.000000000,0.000000000,0.000000000,0.000000000,0.000000000,0.000000000,0.000000000,0.000000000,0.000000000,0.000000000,0.000000000,0.011112103,0.031272888,-0.061557293,-0.063500524,-0.006006718,-0.006522052,0.011767185,0.032155004,0.011597415,-0.008858550,-0.006288759,-0.004921163
6.309766054,1.960649490,-1.031043053,-1.408408165,-0.027420998,0.690876961,0.026653290,-0.109439850,0.016784668,-0.016784668,-0.046325684,-0.011581421,-0.030715942,1.960649490,-1.031043053,-1.408408165,-0.027420998,0.690876961,0.026653290,0.000042073,17.502519608,-3.763075590,-1.229900360,0.308190405,0.000753970,0.002853394,17.506065369,-3.827497482,-1.293125153,0.318089485,0.008758545,0.000042073,17.502519608,-3.763075590,-1.229900360,0.308190405,0.000753970,0.000000000,0.000000000,0.000000000,0.000000000,0.000000000,0.000000000,0.000000000,0.000000000,0.000000000,0.000000000,0.000000000,0.000000000,0.000000000,0.000000000,0.000000000,0.000000000,0.000000000,0.000000000,0.002811320,0.003545761,-0.064421892,-0.063224792,0.009899080,0.008004575,0.003466403,0.004427877,0.008732816,-0.008582819,0.009617039,0.009605463
6.319747686,1.960649490,-1.031426430,-1.408408165,-0.027420998,0.690876961,0.026653290,0.015441895,-0.024719238,-0.049011230,0.000671387,-0.005538940,0.007553101,1.960649490,-1.031426430,-1.408408165,-0.027420998,0.690876961,0.026653290,0.000042073,17.502464294,-3.760078907,-1.229429722,0.307914615,0.000753228,-0.001296997,17.469444275,-3.852918625,-1.285343170,0.324498177,-0.006622314,0.000042073,17.502464294,-3.760078907,-1.229429722,0.307914615,0.000753228,0.000000000,0.000000000,0.000000000,0.000000000,0.000000000,0.000000000,0.000000000,0.000000000,0.000000000,0.000000000,0.000000000,0.000000000,0.000000000,0.000000000,0.000000000,0.000000000,0.000000000,0.000000000,-0.001339070,-0.033020020,-0.092839718,-0.055913448,0.016583562,-0.007375542,-0.000683988,-0.032137904,-0.019685010,-0.001271474,0.016301521,-0.005774654
6.329743147,1.960266113,-1.031043053,-1.408408165,-0.027420998,0.690876961,0.026653290,-0.195377350,-0.083314896,-0.034240723,0.163146973,-0.039779663,-0.000503540,1.960649490,-1.031426430,-1.408408165,-0.027420998,0.690493584,0.026653290,0.000042072,17.502201080,-3.759830713,-1.229153872,0.308012217,0.000753487,-0.012191772,17.513389587,-3.827497482,-1.277561188,0.318089485,0.013031006,0.000042072,17.502201080,-3.759830713,-1.229153872,0.308012217,0.000753487,0.000000000,0.000000000,0.000000000,0.000000000,0.000000000,0.000000000,0.000000000,0.000000000,0.000000000,0.000000000,0.000000000,0.000000000,0.000000000,0.000000000,0.000000000,0.000000000,0.000000000,0.000000000,-0.012233844,0.011188507,-0.067666769,-0.048407316,0.010077268,0.012277519,-0.011578762,0.012070623,0.005487939,0.006234658,0.009795227,0.013878408
6.339748383,1.960649490,-1.031043053,-1.408408165,-0.027420998,0.690876961,0.026653290,0.023498535,0.068054199,-0.032897949,0.026184082,0.007553101,-0.019638062,1.960649490,-1.031043053,-1.408408165,-0.027420998,0.690876961,0.026653290,0.000042073,17.502519608,-3.763075590,-1.229900360,0.308190405,0.000753970,-0.008560181,17.500572205,-3.856550217,-1.286380768,0.313389778,0.007476807,0.000042073,17.502519608,-3.763075590,-1.229900360,0.308190405,0.000753970,0.000000000,0.000000000,0.000000000,0.000000000,0.000000000,0.000000000,0.000000000,0.000000000,0.000000000,0.000000000,0.000000000,0.000000000,0.000000000,0.000000000,0.000000000,0.000000000,0.000000000,0.000000000,-0.008602254,-0.001947403,-0.093474627,-0.056480408,0.005199373,0.006722836,-0.007947172,-0.001065287,-0.020319918,-0.001838434,0.004917332,0.008323725
6.349752665,1.960649490,-1.031426430,-1.408408165,-0.027420998,0.690876961,0.026653290,0.008728027,-0.026550293,0.153747559,-0.069152832,0.034744263,-0.034744263,1.960649490,-1.031043053,-1.408408165,-0.027420998,0.690493584,0.026653290,0.000042072,17.502258301,-3.762827396,-1.229624629,0.308288097,0.000754230,0.007003784,17.496910095,-3.830091476,-1.346562386,0.306553841,-0.008758545,0.000042072,17.502258301,-3.762827396,-1.229624629,0.308288097,0.000754230,0.000000000,0.000000000,0.000000000,0.000000000,0.000000000,0.000000000,0.000000000,0.000000000,0.000000000,0.000000000,0.000000000,0.000000000,0.000000000,0.000000000,0.000000000,0.000000000,0.000000000,0.000000000,0.006961712,-0.005348206,-0.067264080,-0.116937757,-0.001734257,-0.009512775,0.007616794,-0.004466090,0.005890628,-0.062295783,-0.002016298,-0.007911886
6.359710217,1.960649490,-1.031043053,-1.408408165,-0.027420998,0.690876961,0.026653290,0.106750488,0.070495605,-0.054382324,0.100036621,0.019638062,0.005538940,1.960266113,-1.031043053,-1.408408165,-0.027420998,0.690493584,0.026653290,0.000042082,17.502258301,-3.762827396,-1.229624629,0.308288097,0.000754230,0.009078979,17.462120056,-3.836317062,-1.293643951,0.299290657,0.007476807,0.000042082,17.502258301,-3.762827396,-1.229624629,0.308288097,0.000754230,0.000000000,0.000000000,0.000000000,0.000000000,0.000000000,0.000000000,0.000000000,0.000000000,0.000000000,0.000000000,0.000000000,0.000000000,0.000000000,0.000000000,0.000000000,0.000000000,0.000000000,0.000000000,0.009036897,-0.040138245,-0.073489666,-0.064019322,-0.008997440,0.006722577,0.009691979,-0.039256129,-0.000334958,-0.009377348,-0.009279482,0.008323466
6.369819164,1.960649490,-1.031043053,-1.408408165,-0.027420998,0.690493584,0.026653290,0.036926270,0.101015091,0.073181152,-0.050354004,0.034744263,0.041793823,1.960649490,-1.031426430,-1.408408165,-0.027420998,0.690876961,0.026653290,0.000042073,17.502464294,-3.760078907,-1.229429722,0.307914615,0.000753228,0.014266968,17.493247986,-3.826459885,-1.270298004,0.321507454,-0.008758545,0.000042073,17.502464294,-3.760078907,-1.229429722,0.307914615,0.000753228,0.000000000,0.000000000,0.000000000,0.000000000,0.000000000,0.000000000,0.000000000,0.000000000,0.000000000,0.000000000,0.000000000,0.000000000,0.000000000,0.000000000,0.000000000,0.000000000,0.000000000,0.000000000,0.014224895,-0.009216309,-0.066380978,-0.040868282,0.013592839,-0.009511773,0.014879977,-0.008334193,0.006773730,0.013773692,0.013310798,-0.007910884
6.379740715,1.960649490,-1.031426430,-1.408408165,-0.027420998,0.690493584,0.026653290,0.066467285,-0.016174316,0.006042480,0.066467285,-0.000503540,-0.015609741,1.960649490,-1.031426430,-1.408024788,-0.027420998,0.690876961,0.026653290,0.000042065,17.499300003,-3.757081747,-1.228958964,0.307638764,0.000752485,0.013748169,17.511558533,-3.840986252,-1.300908089,0.339451790,-0.003204346,0.000042065,17.499300003,-3.757081747,-1.228958964,0.307638764,0.000752485,0.000000000,0.000000000,0.000000000,0.000000000,0.000000000,0.000000000,0.000000000,0.000000000,0.000000000,0.000000000,0.000000000,0.000000000,0.000000000,0.000000000,0.000000000,0.000000000,0.000000000,0.000000000,0.013706104,0.012258530,-0.083904505,-0.071949124,0.031813025,-0.003956831,0.014361186,0.013140645,-0.010749797,-0.017307150,0.031530984,-0.002355942
6.389741659,1.960649490,-1.031043053,-1.408408165,-0.027420998,0.690493584,0.026653290,0.059753418,0.025939941,-0.019470215,0.043640137,-0.019638062,0.013595581,1.960649490,-1.031043053,-1.408408165,-0.027420998,0.690493584,0.026653290,0.000042072,17.502258301,-3.762827396,-1.229624629,0.308288097,0.000754230,0.006484985,17.539024353,-3.830610275,-1.273929596,0.330052376,0.001922607,0.000042072,17.502258301,-3.762827396,-1.229624629,0.308288097,0.000754230,0.000000000,0.000000000,0.000000000,0.000000000,0.000000000,0.000000000,0.000000000,0.000000000,0.000000000,0.000000000,0.000000000,0.000000000,0.000000000,0.000000000,0.000000000,0.000000000,0.000000000,0.000000000,0.006442913,0.036766052,-0.067782879,-0.044304967,0.021764278,0.001168378,0.007097995,0.037648168,0.005371829,0.010337007,0.021482237,0.002769266
6.399707556,1.960649490,-1.031426430,-1.408408165,-0.027420998,0.690493584,0.026653290,-0.011413574,-0.050355911,0.038269043,0.016784668,-0.061935425,0.043807983,1.960649490,-1.031043053,-1.408408165,-0.027420998,0.690493584,0.026653290,0.000042072,17.502258301,-3.762827396,-1.229624629,0.308288097,0.000754230,0.009597778,17.502403259,-3.859144211,-1.267185211,0.304417610,0.003204346,0.000042072,17.502258301,-3.762827396,-1.229624629,0.308288097,0.000754230,0.000000000,0.000000000,0.000000000,0.000000000,0.000000000,0.000000000,0.000000000,0.000000000,0.000000000,0.000000000,0.000000000,0.000000000,0.000000000,0.000000000,0.000000000,0.000000000,0.000000000,0.000000000,0.009555706,0.000144958,-0.096316814,-0.037560582,-0.003870487,0.002450116,0.010210788,0.001027074,-0.023162106,0.017081392,-0.004152528,0.004051005
6.409711599,1.960649490,-1.031426430,-1.408408165,-0.027420998,0.690493584,0.026653290,0.004699707,-0.054018021,0.024841309,0.051696777,0.032730103,-0.022659302,1.960649490,-1.031043053,-1.408408165,-0.027420998,0.690493584,0.026653290,0.000042072,17.502258301,-3.762827396,-1.229624629,0.308288097,0.000754230,0.016860962,17.528038025,-3.818158150,-1.295201302,0.314244270,0.020294189,0.000042072,17.502258301,-3.762827396,-1.229624629,0.308288097,0.000754230,0.000000000,0.000000000,0.000000000,0.000000000,0.000000000,0.000000000,0.000000000,0.000000000,0.000000000,0.000000000,0.000000000,0.000000000,0.000000000,0.000000000,0.000000000,0.000000000,0.000000000,0.000000000,0.016818890,0.025779724,-0.055330753,-0.065576673,0.005956173,0.019539960,0.017473972,0.026661840,0.017823955,-0.010934699,0.005674132,0.021140848
6.419717550,1.960649490,-1.031043053,-1.408408165,-0.027420998,0.690493584,0.026653290,-0.054382324,-0.069887161,-0.083923340,0.028869629,-0.017623901,0.034744263,1.960649490,-1.031043053,-1.408408165,-0.027420998,0.690493584,0.026653290,0.000042072,17.502258301,-3.762827396,-1.229624629,0.308288097,0.000754230,-0.015823364,17.518882751,-3.791180611,-1.335148811,0.300145149,-0.010467529,0.000042072,17.502258301,-3.762827396,-1.229624629,0.308288097,0.000754230,0.000000000,0.000000000,0.000000000,0.000000000,0.000000000,0.000000000,0.000000000,0.000000000,0.000000000,0.000000000,0.000000000,0.000000000,0.000000000,0.000000000,0.000000000,0.000000000,0.000000000,0.000000000,-0.015865436,0.016624451,-0.028353214,-0.105524182,-0.008142948,-0.011221759,-0.015210354,0.017506566,0.044801494,-0.050882208,-0.008424989,-0.009620870
6.429741621,1.960649490,-1.031043053,-1.408024788,-0.027420998,0.690493584,0.026653290,-0.015441895,-0.086977005,0.075866699,-0.133609772,-0.051864624,-0.036758423,1.960649490,-1.031043053,-1.408408165,-0.027420998,0.690876961,0.026653290,0.000042073,17.502519608,-3.763075590,-1.229900360,0.308190405,0.000753970,-0.022048950,17.484092712,-3.831129074,-1.257846832,0.351841927,-0.007476807,0.000042073,17.502519608,-3.763075590,-1.229900360,0.308190405,0.000753970,0.000000000,0.000000000,0.000000000,0.000000000,0.000000000,0.000000000,0.000000000,0.000000000,0.000000000,0.000000000,0.000000000,0.000000000,0.000000000,0.000000000,0.000000000,0.000000000,0.000000000,0.000000000,-0.022091023,-0.018426895,-0.068053484,-0.027946472,0.043651521,-0.008230777,-0.021435941,-0.017544780,0.005101224,0.026695502,0.043369480,-0.006629888
6.439844131,1.960266113,-1.031043053,-1.408408165,-0.027420998,0.690876961,0.026653290,-0.122867584,-0.060731888,-0.066467285,0.030212402,0.049850464,-0.029708862,1.960649490,-1.031043053,-1.408408165,-0.027420998,0.690876961,0.026653290,0.000042073,17.502519608,-3.763075590,-1.229900360,0.308190405,0.000753970,0.016342163,17.474937439,-3.811413765,-1.287418365,0.301426888,-0.015594482,0.000042073,17.502519608,-3.763075590,-1.229900360,0.308190405,0.000753970,0.000000000,0.000000000,0.000000000,0.000000000,0.000000000,0.000000000,0.000000000,0.000000000,0.000000000,0.000000000,0.000000000,0.000000000,0.000000000,0.000000000,0.000000000,0.000000000,0.000000000,0.000000000,0.016300090,-0.027582169,-0.048338175,-0.057518005,-0.006763518,-0.016348453,0.016955172,-0.026700053,0.024816533,-0.002876031,-0.007045559,-0.014747564
6.449769735,1.960649490,-1.031426430,-1.408408165,-0.027420998,0.690493584,0.026653290,0.026184082,-0.198673248,-0.008728027,0.035583496,-0.007553101,-0.043807983,1.960649490,-1.031426430,-1.408408165,-0.027420998,0.690493584,0.026653290,0.000042072,17.502201080,-3.759830713,-1.229153872,0.308012217,0.000753487,-0.013748169,17.511558533,-3.858106613,-1.280673981,0.312108040,0.000640869,0.000042072,17.502201080,-3.759830713,-1.229153872,0.308012217,0.000753487,0.000000000,0.000000000,0.000000000,0.000000000,0.000000000,0.000000000,0.000000000,0.000000000,0.000000000,0.000000000,0.000000000,0.000000000,0.000000000,0.000000000,0.000000000,0.000000000,0.000000000,0.000000000,-0.013790241,0.009357452,-0.098275900,-0.051520109,0.004095823,-0.000112618,-0.013135159,0.010239568,-0.025121192,0.003121865,0.003813781,0.001488271
6.459747314,1.960649490,-1.031043053,-1.408408165,-0.027420998,0.690876961,0.026653290,-0.031555176,-0.004577637,0.042297363,0.000671387,-0.001510620,-0.011581421,1.960649490,-1.031426430,-1.408408165,-0.027420998,0.690876961,0.026653290,0.000042073,17.502464294,-3.760078907,-1.229429722,0.307914615,0.000753228,-0.011672974,17.517051697,-3.834760666,-1.284824371,0.368504524,-0.000213623,0.000042073,17.502464294,-3.760078907,-1.229429722,0.307914615,0.000753228,0.000000000,0.000000000,0.000000000,0.000000000,0.000000000,0.000000000,0.000000000,0.000000000,0.000000000,0.000000000,0.000000000,0.000000000,0.000000000,0.000000000,0.000000000,0.000000000,0.000000000,0.000000000,-0.011715047,0.014587402,-0.074681759,-0.055394650,0.060589910,-0.000966851,-0.011059964,0.015469518,-0.001527051,-0.000752676,0.060307868,0.000634038
6.469749451,1.960266113,-1.031043053,-1.408408165,-0.027420998,0.690493584,0.026653290,-0.164493561,-0.039369583,-0.006042480,-0.053039551,-0.020645142,-0.005538940,1.960649490,-1.031426430,-1.408408165,-0.027420998,0.690876961,0.026653290,0.000042073,17.502464294,-3.760078907,-1.229429722,0.307914615,0.000753228,-0.008041382,17.515220642,-3.822828293,-1.284824371,0.313817024,0.003204346,0.000042073,17.502464294,-3.760078907,-1.229429722,0.307914615,0.000753228,0.000000000,0.000000000,0.000000000,0.000000000,0.000000000,0.000000000,0.000000000,0.000000000,0.000000000,0.000000000,0.000000000,0.000000000,0.000000000,0.000000000,0.000000000,0.000000000,0.000000000,0.000000000,-0.008083455,0.012756348,-0.062749386,-0.055394650,0.005902410,0.002451118,-0.007428373,0.013638463,0.010405322,-0.000752676,0.005620368,0.004052007
6.479671717,1.960649490,-1.031043053,-1.408408165,-0.027420998,0.690493584,0.026653290,0.054382324,0.013732910,0.002014160,0.015441895,-0.051864624,0.088119507,1.960649490,-1.031043053,-1.408408165,-0.027420998,0.690493584,0.026653290,0.000042072,17.502258301,-3.762827396,-1.229624629,0.308288097,0.000754230,-0.005966187,17.465782166,-3.845136642,-1.280673981,0.300999641,-0.010894775,0.000042072,17.502258301,-3.762827396,-1.229624629,0.308288097,0.000754230,0.000000000,0.000000000,0.000000000,0.000000000,0.000000000,0.000000000,0.000000000,0.000000000,0.000000000,0.000000000,0.000000000,0.000000000,0.000000000,0.000000000,0.000000000,0.000000000,0.000000000,0.000000000,-0.006008259,-0.036476135,-0.082309246,-0.051049352,-0.007288456,-0.011649005,-0.005353177,-0.035594020,-0.009154538,0.003592622,-0.007570497,-0.010048117
6.489714861,1.960649490,-1.031043053,-1.408408165,-0.027420998,0.690493584,0.026653290,-0.030212402,0.082704544,-0.075866699,-0.163150787,0.044815063,-0.071002960,1.960649490,-1.031043053,-1.408408165,-0.027420998,0.690493584,0.026653290,0.000042072,17.502258301,-3.762827396,-1.229624629,0.308288097,0.000754230,0.008560181,17.513389587,-3.829572678,-1.324772835,0.325779915,0.010467529,0.000042072,17.502258301,-3.762827396,-1.229624629,0.308288097,0.000754230,0.000000000,0.000000000,0.000000000,0.000000000,0.000000000,0.000000000,0.000000000,0.000000000,0.000000000,0.000000000,0.000000000,0.000000000,0.000000000,0.000000000,0.000000000,0.000000000,0.000000000,0.000000000,0.008518108,0.011131287,-0.066745281,-0.095148206,0.017491817,0.009713300,0.009173191,0.012013402,0.006409427,-0.040506232,0.017209776,0.011314188
6.499740839,1.960649490,-1.031426430,-1.408408165,-0.027420998,0.690493584,0.026653290,0.003356934,-0.054628372,-0.130924225,-0.061096191,-0.045822144,0.078048706,1.960649490,-1.031043053,-1.408408165,-0.027420998,0.690493584,0.026653290,0.000042072,17.502258301,-3.762827396,-1.229624629,0.308288097,0.000754230,-0.001296997,17.515220642,-3.833204269,-1.280673981,0.326207161,0.007049561,0.000042072,17.502258301,-3.762827396,-1.229624629,0.308288097,0.000754230,0.000000000,0.000000000,0.000000000,0.000000000,0.000000000,0.000000000,0.000000000,0.000000000,0.000000000,0.000000000,0.000000000,0.000000000,0.000000000,0.000000000,0.000000000,0.000000000,0.000000000,0.000000000,-0.001339069,0.012962341,-0.070376873,-0.051049352,0.017919064,0.006295331,-0.000683987,0.013844457,0.002777835,0.003592622,0.017637022,0.007896219
6.509739161,1.960649490,-1.031043053,-1.408408165,-0.027420998,0.690493584,0.026653290,0.102722168,-0.049135208,0.087951660,-0.026184082,-0.053878784,0.013595581,1.960649490,-1.031426430,-1.408408165,-0.027420998,0.690493584,0.026653290,0.000042072,17.502201080,-3.759830713,-1.229153872,0.308012217,0.000753487,0.026199341,17.482261658,-3.821790695,-1.277561188,0.295872688,-0.003631592,0.000042072,17.502201080,-3.759830713,-1.229153872,0.308012217,0.000753487,0.000000000,0.000000000,0.000000000,0.000000000,0.000000000,0.000000000,0.000000000,0.000000000,0.000000000,0.000000000,0.000000000,0.000000000,0.000000000,0.000000000,0.000000000,0.000000000,0.000000000,0.000000000,0.026157269,-0.019939423,-0.061959982,-0.048407316,-0.012139529,-0.004385079,0.026812351,-0.019057307,0.011194726,0.006234658,-0.012421570,-0.002784190
6.519706011,1.960649490,-1.031043053,-1.408408165,-0.027420998,0.690493584,0.026653290,0.070495605,0.072326660,-0.122867584,0.138977051,-0.012588501,0.001510620,1.960649490,-1.031043053,-1.408408165,-0.027420998,0.690493584,0.026653290,0.000042072,17.502258301,-3.762827396,-1.229624629,0.308288097,0.000754230,-0.008041382,17.480430603,-3.864850998,-1.281711578,0.307408333,-0.011749268,0.000042072,17.502258301,-3.762827396,-1.229624629,0.308288097,0.000754230,0.000000000,0.000000000,0.000000000,0.000000000,0.000000000,0.000000000,0.000000000,0.000000000,0.000000000,0.000000000,0.000000000,0.000000000,0.000000000,0.000000000,0.000000000,0.000000000,0.000000000,0.000000000,-0.008083454,-0.021827698,-0.102023602,-0.052086949,-0.000879765,-0.012503497,-0.007428372,-0.020945582,-0.028868893,0.002555025,-0.001161806,-0.010902609
6.529713392,1.960266113,-1.031426430,-1.408408165,-0.027420998,0.690876961,0.026653290,-0.206119537,0.054626465,0.078552246,-0.022155762,0.017623901,-0.011581421,1.960649490,-1.031426430,-1.408408165,-0.027420998,0.690493584,0.026653290,0.000042072,17.502201080,-3.759830713,-1.229153872,0.308012217,0.000753487,-0.009597778,17.515220642,-3.835798264,-1.281711578,0.312108040,-0.007049561,0.000042072,17.502201080,-3.759830713,-1.229153872,0.308012217,0.000753487,0.000000000,0.000000000,0.000000000,0.000000000,0.000000000,0.000000000,0.000000000,0.000000000,0.000000000,0.000000000,0.000000000,0.000000000,0.000000000,0.000000000,0.000000000,0.000000000,0.000000000,0.000000000,-0.009639850,0.013019562,-0.075967550,-0.052557707,0.004095823,-0.007803047,-0.008984768,0.013901677,-0.002812842,0.002084267,0.003813781,-0.006202159
6.539708853,1.960649490,-1.031426430,-1.408408165,-0.027420998,0.690493584,0.026653290,-0.091983795,-0.126039505,0.019470215,-0.090641022,-0.028701782,0.006546021,1.960649490,-1.031426430,-1.408408165,-0.027420998,0.690876961,0.026653290,0.000042073,17.502464294,-3.760078907,-1.229429722,0.307914615,0.000753228,0.010635376,17.482261658,-3.835798264,-1.258884430,0.296727180,0.015167236,0.000042073,17.502464294,-3.760078907,-1.229429722,0.307914615,0.000753228,0.000000000,0.000000000,0.000000000,0.000000000,0.000000000,0.000000000,0.000000000,0.000000000,0.000000000,0.000000000,0.000000000,0.000000000,0.000000000,0.000000000,0.000000000,0.000000000,0.000000000,0.000000000,0.010593303,-0.020202637,-0.075719357,-0.029454708,-0.011187434,0.014414009,0.011248385,-0.019320521,-0.002564648,0.025187266,-0.011469475,0.016014897
6.549742222,1.960649490,-1.031043053,-1.408408165,-0.027420998,0.690493584,0.026653290,-0.094669342,0.009460449,-0.049011230,-0.039611816,-0.023666382,-0.054885864,1.960649490,-1.031426430,-1.408408165,-0.027420998,0.690876961,0.026653290,0.000042073,17.502464294,-3.760078907,-1.229429722,0.307914615,0.000753228,-0.006484985,17.539024353,-3.862775803,-1.278598785,0.312108040,0.018585205,0.000042073,17.502464294,-3.760078907,-1.229429722,0.307914615,0.000753228,0.000000000,0.000000000,0.000000000,0.000000000,0.000000000,0.000000000,0.000000000,0.000000000,0.000000000,0.000000000,0.000000000,0.000000000,0.000000000,0.000000000,0.000000000,0.000000000,0.000000000,0.000000000,-0.006527058,0.036560059,-0.102696896,-0.049169064,0.004193425,0.017831977,-0.005871976,0.037442174,-0.029542188,0.005472910,0.003911384,0.019432866
6.559709072,1.960649490,-1.031043053,-1.408408165,-0.027420998,0.690493584,0.026653290,-0.126895905,0.093690872,0.015441895,-0.096012115,0.005538940,0.013595581,1.960649490,-1.031043053,-1.408408165,-0.027420998,0.690493584,0.026268959,0.000042072,17.502256393,-3.762826681,-1.229623795,0.308288366,0.000755190,0.002853394,17.509727478,-3.821271896,-1.281711578,0.325779915,0.001922607,0.000042072,17.502256393,-3.762826681,-1.229623795,0.308288366,0.000755190,0.000000000,0.000000000,0.000000000,0.000000000,0.000000000,0.000000000,0.000000000,0.000000000,0.000000000,0.000000000,0.000000000,0.000000000,0.000000000,0.000000000,0.000000000,0.000000000,0.000000000,0.000000000,0.002811321,0.007471085,-0.058445215,-0.052087784,0.017491549,0.001167417,0.003466404,0.008353200,0.014709493,0.002554190,0.017209508,0.002768306
6.569711447,1.960649490,-1.031043053,-1.408408165,-0.027420998,0.690876961,0.026268959,-0.090641022,0.105897903,0.058410645,-0.096012115,0.032730103,-0.055892944,1.960649490,-1.031426430,-1.408408165,-0.027420998,0.690493584,0.026653290,0.000042072,17.502201080,-3.759830713,-1.229153872,0.308012217,0.000753487,0.000259399,17.489585876,-3.835279465,-1.348118782,0.318516731,-0.002777100,0.000042072,17.502201080,-3.759830713,-1.229153872,0.308012217,0.000753487,0.000000000,0.000000000,0.000000000,0.000000000,0.000000000,0.000000000,0.000000000,0.000000000,0.000000000,0.000000000,0.000000000,0.000000000,0.000000000,0.000000000,0.000000000,0.000000000,0.000000000,0.000000000,0.000217327,-0.012615204,-0.075448751,-0.118964911,0.010504514,-0.003530586,0.000872410,-0.011733088,-0.002294043,-0.064322937,0.010222473,-0.001929698
6.579748154,1.960649490,-1.031043053,-1.408408165,-0.027420998,0.690876961,0.026653290,0.057067871,0.094911575,-0.082580566,0.097351074,0.030715942,0.082077026,1.960649490,-1.031043053,-1.408408165,-0.027420998,0.690876961,0.026653290,0.000042073,17.502519608,-3.763075590,-1.229900360,0.308190405,0.000753970,0.012191772,17.522544861,-3.818158150,-1.284824371,0.316807747,-0.008758545,0.000042073,17.502519608,-3.763075590,-1.229900360,0.308190405,0.000753970,0.000000000,0.000000000,0.000000000,0.000000000,0.000000000,0.000000000,0.000000000,0.000000000,0.000000000,0.000000000,0.000000000,0.000000000,0.000000000,0.000000000,0.000000000,0.000000000,0.000000000,0.000000000,0.012149699,0.020025253,-0.055082560,-0.054924011,0.008617342,-0.009512515,0.012804782,0.020907369,0.018072148,-0.000282037,0.008335300,-0.007911627
6.589709044,1.960649490,-1.031043053,-1.408408165,-0.027420998,0.690493584,0.026653290,-0.010070801,0.025939941,-0.171207428,-0.030212402,0.014602661,0.037765503,1.960649490,-1.031426430,-1.408408165,-0.027420998,0.690493584,0.026653290,0.000042072,17.502201080,-3.759830713,-1.229153872,0.308012217,0.000753487,-0.014266968,17.513389587,-3.830610275,-1.295201302,0.286473274,-0.005340576,0.000042072,17.502201080,-3.759830713,-1.229153872,0.308012217,0.000753487,0.000000000,0.000000000,0.000000000,0.000000000,0.000000000,0.000000000,0.000000000,0.000000000,0.000000000,0.000000000,0.000000000,0.000000000,0.000000000,0.000000000,0.000000000,0.000000000,0.000000000,0.000000000,-0.014309040,0.011188507,-0.070779562,-0.066047430,-0.021538943,-0.006094063,-0.013653958,0.012070623,0.002375146,-0.011405456,-0.021820984,-0.004493174
6.599738598,1.960649490,-1.031043053,-1.408408165,-0.027420998,0.690493584,0.026653290,0.051696777,0.055236816,-0.019470215,-0.163150787,0.024673462,-0.033737183,1.960649490,-1.031043053,-1.408408165,-0.027420998,0.690493584,0.026653290,0.000042072,17.502258301,-3.762827396,-1.229624629,0.308288097,0.000754230,-0.006484985,17.480430603,-3.846693039,-1.294681549,0.323643684,-0.007904053,0.000042072,17.502258301,-3.762827396,-1.229624629,0.308288097,0.000754230,0.000000000,0.000000000,0.000000000,0.000000000,0.000000000,0.000000000,0.000000000,0.000000000,0.000000000,0.000000000,0.000000000,0.000000000,0.000000000,0.000000000,0.000000000,0.000000000,0.000000000,0.000000000,-0.006527058,-0.021827698,-0.083865643,-0.065056920,0.015355587,-0.008658282,-0.005871975,-0.020945582,-0.010710935,-0.010414946,0.015073546,-0.007057394
6.609742403,1.960649490,-1.031426430,-1.408024788,-0.027420998,0.690493584,0.026653290,-0.022155762,-0.101625443,0.161804199,0.019470215,-0.028701782,-0.020645142,1.960649490,-1.031043053,-1.408024788,-0.027420998,0.690493584,0.026653290,0.000042064,17.499094009,-3.759830713,-1.229153872,0.308012217,0.000753487,0.010635376,17.502403259,-3.846174240,-1.279117584,0.316807747,-0.010040283,0.000042064,17.499094009,-3.759830713,-1.229153872,0.308012217,0.000753487,0.000000000,0.000000000,0.000000000,0.000000000,0.000000000,0.000000000,0.000000000,0.000000000,0.000000000,0.000000000,0.000000000,0.000000000,0.000000000,0.000000000,0.000000000,0.000000000,0.000000000,0.000000000,0.010593312,0.003309250,-0.086343527,-0.049963713,0.008795530,-0.010793770,0.011248394,0.004191365,-0.013188819,0.004678261,0.008513488,-0.009192881
6.619709492,1.960649490,-1.031426430,-1.408408165,-0.027420998,0.690876961,0.026653290,-0.069152832,-0.035095215,-0.078552246,-0.039611816,0.028701782,-0.041793823,1.960649490,-1.031043053,-1.408408165,-0.027420998,0.690493584,0.026653290,0.000042072,17.502258301,-3.762827396,-1.229624629,0.308288097,0.000754230,-0.005447388,17.491416931,-3.816601753,-1.284824371,0.334752083,0.005767822,0.000042072,17.502258301,-3.762827396,-1.229624629,0.308288097,0.000754230,0.000000000,0.000000000,0.000000000,0.000000000,0.000000000,0.000000000,0.000000000,0.000000000,0.000000000,0.000000000,0.000000000,0.000000000,0.000000000,0.000000000,0.000000000,0.000000000,0.000000000,0.000000000,-0.005489460,-0.010841370,-0.053774357,-0.055199742,0.026463985,0.005013593,-0.004834378,-0.009959254,0.019380351,-0.000557768,0.026181944,0.006614481
6.629747629,1.960649490,-1.031043053,-1.408408165,-0.027420998,0.690493584,0.026653290,0.073181152,0.071105957,-0.059753418,-0.066467285,-0.023666382,0.002517700,1.960649490,-1.031043053,-1.408024788,-0.027420998,0.690493584,0.026653290,0.000042064,17.499094009,-3.759830713,-1.229153872,0.308012217,0.000753487,-0.004928589,17.537193298,-3.831129074,-1.283267975,0.290318489,0.010467529,0.000042064,17.499094009,-3.759830713,-1.229153872,0.308012217,0.000753487,0.000000000,0.000000000,0.000000000,0.000000000,0.000000000,0.000000000,0.000000000,0.000000000,0.000000000,0.000000000,0.000000000,0.000000000,0.000000000,0.000000000,0.000000000,0.000000000,0.000000000,0.000000000,-0.004970653,0.038099289,-0.071298361,-0.054114103,-0.017693728,0.009714043,-0.004315571,0.038981404,0.001856347,0.000527871,-0.017975769,0.011314931
6.639708757,1.960649490,-1.031426430,-1.408408165,-0.027420998,0.690493584,0.026653290,-0.149723053,-0.112001419,0.075866699,0.051696777,-0.037765503,0.010574341,1.960649490,-1.031426430,-1.408408165,-0.027420998,0.690493584,0.026653290,0.000042072,17.502201080,-3.759830713,-1.229153872,0.308012217,0.000753487,-0.006484985,17.520713806,-3.829053879,-1.274448395,0.298436165,0.000640869,0.000042072,17.502201080,-3.759830713,-1.229153872,0.308012217,0.000753487,0.000000000,0.000000000,0.000000000,0.000000000,0.000000000,0.000000000,0.000000000,0.000000000,0.000000000,0.000000000,0.000000000,0.000000000,0.000000000,0.000000000,0.000000000,0.000000000,0.000000000,0.000000000,-0.006527057,0.018512726,-0.069223166,-0.045294523,-0.009576052,-0.000112618,-0.005871975,0.019394841,0.003931543,0.009347451,-0.009858094,0.001488271
6.649708271,1.960649490,-1.031043053,-1.408408165,-0.027420998,0.690876961,0.026653290,-0.061096191,0.116884232,-0.040954590,-0.074523926,0.067977905,-0.026687622,1.960649490,-1.031043053,-1.408408165,-0.027420998,0.690493584,0.026653290,0.000042072,17.502258301,-3.762827396,-1.229624629,0.308288097,0.000754230,0.021011353,17.498741150,-3.811932564,-1.291049957,0.306553841,0.006622314,0.000042072,17.502258301,-3.762827396,-1.229624629,0.308288097,0.000754230,0.000000000,0.000000000,0.000000000,0.000000000,0.000000000,0.000000000,0.000000000,0.000000000,0.000000000,0.000000000,0.000000000,0.000000000,0.000000000,0.000000000,0.000000000,0.000000000,0.000000000,0.000000000,0.020969280,-0.003517151,-0.049105167,-0.061425328,-0.001734257,0.005868085,0.021624363,-0.002635035,0.024049541,-0.006783354,-0.002016298,0.007468973
6.659801483,1.960649490,-1.031043053,-1.408408165,-0.027420998,0.690493584,0.026653290,0.168518066,0.031433105,-0.132266998,0.028869629,0.014602661,0.004531860,1.960649490,-1.031426430,-1.408408165,-0.027420998,0.690876961,0.026653290,0.000042073,17.502464294,-3.760078907,-1.229429722,0.307914615,0.000753228,0.006484985,17.480430603,-3.826459885,-1.285861969,0.278782845,0.006195068,0.000042073,17.502464294,-3.760078907,-1.229429722,0.307914615,0.000753228,0.000000000,0.000000000,0.000000000,0.000000000,0.000000000,0.000000000,0.000000000,0.000000000,0.000000000,0.000000000,0.000000000,0.000000000,0.000000000,0.000000000,0.000000000,0.000000000,0.000000000,0.000000000,0.006442912,-0.022033691,-0.066380978,-0.056432247,-0.029131770,0.005441841,0.007097995,-0.021151576,0.006773730,-0.001790273,-0.029413811,0.007042729
6.669743538,1.960649490,-1.031043053,-1.408408165,-0.027420998,0.690493584,0.026653290,0.120178223,0.166322708,0.043640137,-0.032897949,-0.008560181,0.053878784,1.960649490,-1.031043053,-1.408408165,-0.027420998,0.690493584,0.026653290,0.000042072,17.502258301,-3.762827396,-1.229624629,0.308288097,0.000754230,0.003372192,17.471275330,-3.815045357,-1.280155182,0.319798470,-0.013458252,0.000042072,17.502258301,-3.762827396,-1.229624629,0.308288097,0.000754230,0.000000000,0.000000000,0.000000000,0.000000000,0.000000000,0.000000000,0.000000000,0.000000000,0.000000000,0.000000000,0.000000000,0.000000000,0.000000000,0.000000000,0.000000000,0.000000000,0.000000000,0.000000000,0.003330120,-0.030982971,-0.052217960,-0.050530553,0.011510372,-0.014212482,0.003985202,-0.030100856,0.020936748,0.004111421,0.011228331,-0.012611593
6.679764986,1.960649490,-1.031043053,-1.408408165,-0.027420998,0.690876961,0.026653290,0.054382324,0.032653809,0.089294434,-0.028869629,0.018630981,0.019638062,1.960649490,-1.031043053,-1.408408165,-0.027420998,0.690876961,0.026653290,0.000042073,17.502519608,-3.763075590,-1.229900360,0.308190405,0.000753970,0.003372192,17.473106384,-3.840986252,-1.277561188,0.309544563,-0.007904053,0.000042073,17.502519608,-3.763075590,-1.229900360,0.308190405,0.000753970,0.000000000,0.000000000,0.000000000,0.000000000,0.000000000,0.000000000,0.000000000,0.000000000,0.000000000,0.000000000,0.000000000,0.000000000,0.000000000,0.000000000,0.000000000,0.000000000,0.000000000,0.000000000,0.003330119,-0.029413223,-0.077910662,-0.047660828,0.001354158,-0.008658023,0.003985201,-0.028531108,-0.004755954,0.006981146,0.001072117,-0.007057135
6.689710617,1.960649490,-1.031043053,-1.408408165,-0.027420998,0.690493584,0.026653290,-0.081237793,-0.046693802,-0.093326569,-0.100040436,0.000503540,0.023666382,1.960649490,-1.031043053,-1.408408165,-0.027420998,0.690493584,0.026653290,0.000042072,17.502258301,-3.762827396,-1.229624629,0.308288097,0.000754230,-0.012710571,17.502403259,-3.827497482,-1.303502083,0.308262825,-0.004058838,0.000042072,17.502258301,-3.762827396,-1.229624629,0.308288097,0.000754230,0.000000000,0.000000000,0.000000000,0.000000000,0.000000000,0.000000000,0.000000000,0.000000000,0.000000000,0.000000000,0.000000000,0.000000000,0.000000000,0.000000000,0.000000000,0.000000000,0.000000000,0.000000000,-0.012752643,0.000144958,-0.064670086,-0.073877454,-0.000025272,-0.004813068,-0.012097561,0.001027074,0.008484622,-0.019235480,-0.000307314,-0.003212179
6.699710131,1.960649490,-1.031426430,-1.408408165,-0.027420998,0.690876961,0.026653290,-0.096012115,-0.092470169,-0.075866699,-0.089298248,0.054885864,-0.036758423,1.960649490,-1.031426430,-1.408408165,-0.027420998,0.690876961,0.026653290,0.000042073,17.502464294,-3.760078907,-1.229429722,0.307914615,0.000753228,0.002853394,17.506065369,-3.818677902,-1.296238899,0.322789192,-0.005340576,0.000042073,17.502464294,-3.760078907,-1.229429722,0.307914615,0.000753228,0.000000000,0.000000000,0.000000000,0.000000000,0.000000000,0.000000000,0.000000000,0.000000000,0.000000000,0.000000000,0.000000000,0.000000000,0.000000000,0.000000000,0.000000000,0.000000000,0.000000000,0.000000000,0.002811321,0.003601074,-0.058598995,-0.066809177,0.014874578,-0.006093804,0.003466403,0.004483190,0.014555713,-0.012167203,0.014592536,-0.004492915
6.709720373,1.960649490,-1.031043053,-1.408408165,-0.027420998,0.690876961,0.026653290,-0.027526855,0.077209473,-0.016784668,0.016784668,0.049850464,0.012588501,1.960649490,-1.031043053,-1.408408165,-0.027420998,0.690493584,0.026653290,0.000042072,17.502258301,-3.762827396,-1.229624629,0.308288097,0.000754230,0.043838501,17.513389587,-3.849805832,-1.287418365,0.297154427,-0.000640869,0.000042072,17.502258301,-3.762827396,-1.229624629,0.308288097,0.000754230,0.000000000,0.000000000,0.000000000,0.000000000,0.000000000,0.000000000,0.000000000,0.000000000,0.000000000,0.000000000,0.000000000,0.000000000,0.000000000,0.000000000,0.000000000,0.000000000,0.000000000,0.000000000,0.043796429,0.011131287,-0.086978436,-0.057793736,-0.011133671,-0.001395099,0.044451511,0.012013402,-0.013823727,-0.003151763,-0.011415712,0.000205790
6.719710112,1.960649490,-1.031043053,-1.408408165,-0.027420998,0.690493584,0.026653290,0.118835449,0.063781738,-0.053039551,0.105407715,0.040786743,-0.007553101,1.960649490,-1.031043053,-1.408408165,-0.027420998,0.690876961,0.026653290,0.000042073,17.502519608,-3.763075590,-1.229900360,0.308190405,0.000753970,-0.009078979,17.462120056,-3.822828293,-1.284824371,0.303990364,-0.009185791,0.000042073,17.502519608,-3.763075590,-1.229900360,0.308190405,0.000753970,0.000000000,0.000000000,0.000000000,0.000000000,0.000000000,0.000000000,0.000000000,0.000000000,0.000000000,0.000000000,0.000000000,0.000000000,0.000000000,0.000000000,0.000000000,0.000000000,0.000000000,0.000000000,-0.009121053,-0.040399551,-0.059752703,-0.054924011,-0.004200041,-0.009939761,-0.008465970,-0.039517436,0.013402005,-0.000282037,-0.004482082,-0.008338873
6.729760408,1.960649490,-1.031043053,-1.408408165,-0.027420998,0.690876961,0.026653290,0.140319824,0.057678223,0.020812988,0.018127441,0.023666382,-0.065967560,1.960649490,-1.031043053,-1.408408165,-0.027420998,0.690493584,0.026653290,0.000042072,17.502258301,-3.762827396,-1.229624629,0.308288097,0.000754230,-0.000778198,17.496910095,-3.844617844,-1.274967194,0.282200813,0.003631592,0.000042072,17.502258301,-3.762827396,-1.229624629,0.308288097,0.000754230,0.000000000,0.000000000,0.000000000,0.000000000,0.000000000,0.000000000,0.000000000,0.000000000,0.000000000,0.000000000,0.000000000,0.000000000,0.000000000,0.000000000,0.000000000,0.000000000,0.000000000,0.000000000,-0.000820270,-0.005348206,-0.081790447,-0.045342565,-0.026087284,0.002877362,-0.000165188,-0.004466090,-0.008635739,0.009299409,-0.026369325,0.004478251
6.739750147,1.960649490,-1.031043053,-1.408408165,-0.027420998,0.690876961,0.026653290,0.079895020,0.051574707,0.038269043,-0.028869629,-0.014602661,-0.063949585,1.960649490,-1.031043053,-1.408408165,-0.027420998,0.690876961,0.026653290,0.000042073,17.502519608,-3.763075590,-1.229900360,0.308190405,0.000753970,-0.003890991,17.485923767,-3.840986252,-1.286380768,0.321080208,0.001068115,0.000042073,17.502519608,-3.763075590,-1.229900360,0.308190405,0.000753970,0.000000000,0.000000000,0.000000000,0.000000000,0.000000000,0.000000000,0.000000000,0.000000000,0.000000000,0.000000000,0.000000000,0.000000000,0.000000000,0.000000000,0.000000000,0.000000000,0.000000000,0.000000000,-0.003933064,-0.016595840,-0.077910662,-0.056480408,0.012889802,0.000314145,-0.003277982,-0.015713725,-0.004755954,-0.001838434,0.012607761,0.001915033
6.749709368,1.960649490,-1.031426430,-1.408408165,-0.027420998,0.690493584,0.026653290,-0.004699707,0.012512207,-0.234317780,-0.028869629,0.011581421,0.006546021,1.960649490,-1.031426430,-1.408408165,-0.027420998,0.690876961,0.026653290,0.000042073,17.502464294,-3.760078907,-1.229429722,0.307914615,0.000753228,-0.003890991,17.502403259,-3.897536278,-1.271854401,0.324070930,-0.003631592,0.000042073,17.502464294,-3.760078907,-1.229429722,0.307914615,0.000753228,0.000000000,0.000000000,0.000000000,0.000000000,0.000000000,0.000000000,0.000000000,0.000000000,0.000000000,0.000000000,0.000000000,0.000000000,0.000000000,0.000000000,0.000000000,0.000000000,0.000000000,0.000000000,-0.003933064,-0.000061035,-0.137457371,-0.042424679,0.016156316,-0.004384819,-0.003277982,0.000821080,-0.064302663,0.012217295,0.015874275,-0.002783931
6.759716511,1.960649490,-1.031043053,-1.408408165,-0.027420998,0.690493584,0.026653290,-0.097354889,-0.109560013,-0.066467285,-0.102725983,-0.016616821,-0.000503540,1.960649490,-1.031043053,-1.408408165,-0.027420998,0.690493584,0.026653290,0.000042072,17.502258301,-3.762827396,-1.229624629,0.308288097,0.000754230,-0.013748169,17.500572205,-3.875226974,-1.278079987,0.304844856,0.001922607,0.000042072,17.502258301,-3.762827396,-1.229624629,0.308288097,0.000754230,0.000000000,0.000000000,0.000000000,0.000000000,0.000000000,0.000000000,0.000000000,0.000000000,0.000000000,0.000000000,0.000000000,0.000000000,0.000000000,0.000000000,0.000000000,0.000000000,0.000000000,0.000000000,-0.013790241,-0.001686096,-0.112399578,-0.048455358,-0.003443241,0.001168378,-0.013135159,-0.000803981,-0.039244870,0.006186616,-0.003725282,0.002769266
6.769721031,1.960649490,-1.031043053,-1.408408165,-0.027420998,0.690493584,0.026653290,-0.065124512,-0.075990677,-0.069152832,0.117492676,-0.038772583,-0.046829224,1.960649490,-1.031043053,-1.408408165,-0.027420998,0.690493584,0.026653290,0.000042072,17.502258301,-3.762827396,-1.229624629,0.308288097,0.000754230,0.008560181,17.526206970,-3.811413765,-1.278079987,0.308262825,-0.011749268,0.000042072,17.502258301,-3.762827396,-1.229624629,0.308288097,0.000754230,0.000000000,0.000000000,0.000000000,0.000000000,0.000000000,0.000000000,0.000000000,0.000000000,0.000000000,0.000000000,0.000000000,0.000000000,0.000000000,0.000000000,0.000000000,0.000000000,0.000000000,0.000000000,0.008518108,0.023948669,-0.048586369,-0.048455358,-0.000025272,-0.012503497,0.009173191,0.024830785,0.024568339,0.006186616,-0.000307314,-0.010902609
6.779706717,1.960649490,-1.031043053,-1.408408165,-0.027037621,0.690876961,0.026653290,0.051696777,-0.083925247,0.053039551,0.204776764,-0.042800903,-0.000503540,1.960649490,-1.031043053,-1.408408165,-0.027420998,0.690493584,0.026653290,0.000042072,17.502258301,-3.762827396,-1.229624629,0.308288097,0.000754230,-0.018936157,17.506065369,-3.809338570,-1.284824371,0.272373199,0.001068115,0.000042072,17.502258301,-3.762827396,-1.229624629,0.308288097,0.000754230,0.000000000,0.000000000,0.000000000,0.000000000,0.000000000,0.000000000,0.000000000,0.000000000,0.000000000,0.000000000,0.000000000,0.000000000,0.000000000,0.000000000,0.000000000,0.000000000,0.000000000,0.000000000,-0.018978229,0.003807068,-0.046511173,-0.055199742,-0.035914898,0.000313886,-0.018323147,0.004689183,0.026643535,-0.000557768,-0.036196939,0.001914774
6.789711714,1.960649490,-1.031043053,-1.408408165,-0.027420998,0.690493584,0.026653290,0.059753418,-0.080263138,-0.136295319,-0.044982910,-0.002517700,-0.033737183,1.960649490,-1.031043053,-1.408408165,-0.027420998,0.690493584,0.026653290,0.000042072,17.502258301,-3.762827396,-1.229624629,0.308288097,0.000754230,0.002334595,17.489585876,-3.828535080,-1.287418365,0.315953255,0.009613037,0.000042072,17.502258301,-3.762827396,-1.229624629,0.308288097,0.000754230,0.000000000,0.000000000,0.000000000,0.000000000,0.000000000,0.000000000,0.000000000,0.000000000,0.000000000,0.000000000,0.000000000,0.000000000,0.000000000,0.000000000,0.000000000,0.000000000,0.000000000,0.000000000,0.002292523,-0.012672424,-0.065707684,-0.057793736,0.007665157,0.008858807,0.002947605,-0.011790309,0.007447024,-0.003151763,0.007383116,0.010459696
6.799741983,1.960649490,-1.031043053,-1.408408165,-0.027420998,0.690493584,0.026653290,0.022155762,0.021667480,-0.027526855,-0.090641022,0.019638062,-0.004531860,1.960649490,-1.031043053,-1.408024788,-0.027420998,0.690876961,0.026653290,0.000042065,17.499357224,-3.760078907,-1.229429722,0.307914615,0.000753228,-0.013748169,17.500572205,-3.830091476,-1.227755547,0.309544563,-0.000640869,0.000042065,17.499357224,-3.760078907,-1.229429722,0.307914615,0.000753228,0.000000000,0.000000000,0.000000000,0.000000000,0.000000000,0.000000000,0.000000000,0.000000000,0.000000000,0.000000000,0.000000000,0.000000000,0.000000000,0.000000000,0.000000000,0.000000000,0.000000000,0.000000000,-0.013790234,0.001214981,-0.070012569,0.001674175,0.001629949,-0.001394097,-0.013135152,0.002097097,0.003142139,0.056316149,0.001347907,0.000206792
6.809762239,1.960649490,-1.031043053,-1.408408165,-0.027420998,0.690493584,0.026653290,-0.144351959,-0.054018021,0.050354004,-0.011413574,-0.016616821,-0.041793823,1.960649490,-1.031043053,-1.408408165,-0.027420998,0.690876961,0.026653290,0.000042073,17.502519608,-3.763075590,-1.229900360,0.308190405,0.000753970,0.022567749,17.502403259,-3.817639351,-1.294162750,0.348851204,0.007049561,0.000042073,17.502519608,-3.763075590,-1.229900360,0.308190405,0.000753970,0.000000000,0.000000000,0.000000000,0.000000000,0.000000000,0.000000000,0.000000000,0.000000000,0.000000000,0.000000000,0.000000000,0.000000000,0.000000000,0.000000000,0.000000000,0.000000000,0.000000000,0.000000000,0.022525676,-0.000116348,-0.054563761,-0.064262390,0.040660799,0.006295590,0.023180758,0.000765767,0.018590947,-0.009620416,0.040378757,0.007896479
6.819749832,1.960649490,-1.031426430,-1.408408165,-0.027420998,0.690493584,0.026653290,-0.097354889,-0.052186966,-0.114810944,0.024841309,0.028701782,-0.005538940,1.960649490,-1.031043053,-1.408408165,-0.027420998,0.690493584,0.026653290,0.000042072,17.502258301,-3.762827396,-1.229624629,0.308288097,0.000754230,-0.004928589,17.495079041,-3.778210640,-1.263034821,0.304417610,0.001068115,0.000042072,17.502258301,-3.762827396,-1.229624629,0.308288097,0.000754230,0.000000000,0.000000000,0.000000000,0.000000000,0.000000000,0.000000000,0.000000000,0.000000000,0.000000000,0.000000000,0.000000000,0.000000000,0.000000000,0.000000000,0.000000000,0.000000000,0.000000000,0.000000000,-0.004970661,-0.007179260,-0.015383244,-0.033410192,-0.003870487,0.000313886,-0.004315579,-0.006297145,0.057771464,0.021231782,-0.004152528,0.001914774
6.829746962,1.960649490,-1.031426430,-1.408408165,-0.027420998,0.690493584,0.026653290,0.061096191,0.003967285,-0.102725983,0.081237793,-0.008560181,-0.072010040,1.960649490,-1.031043053,-1.408408165,-0.027420998,0.690493584,0.026653290,0.000042072,17.502258301,-3.762827396,-1.229624629,0.308288097,0.000754230,-0.005447388,17.502403259,-3.840467453,-1.290012360,0.279637337,-0.009613037,0.000042072,17.502258301,-3.762827396,-1.229624629,0.308288097,0.000754230,0.000000000,0.000000000,0.000000000,0.000000000,0.000000000,0.000000000,0.000000000,0.000000000,0.000000000,0.000000000,0.000000000,0.000000000,0.000000000,0.000000000,0.000000000,0.000000000,0.000000000,0.000000000,-0.005489460,0.000144958,-0.077640057,-0.060387731,-0.028650761,-0.010367267,-0.004834378,0.001027074,-0.004485349,-0.005745757,-0.028932802,-0.008766378
6.839721918,1.960649490,-1.031426430,-1.408408165,-0.027420998,0.690876961,0.026653290,-0.176578522,0.012512207,-0.016784668,0.159118652,0.067977905,0.051864624,1.960649490,-1.031043053,-1.408408165,-0.027420998,0.690493584,0.026653290,0.000042072,17.502258301,-3.762827396,-1.229624629,0.308288097,0.000754230,-0.004928589,17.504234314,-3.868482590,-1.292606354,0.331334114,-0.008758545,0.000042072,17.502258301,-3.762827396,-1.229624629,0.308288097,0.000754230,0.000000000,0.000000000,0.000000000,0.000000000,0.000000000,0.000000000,0.000000000,0.000000000,0.000000000,0.000000000,0.000000000,0.000000000,0.000000000,0.000000000,0.000000000,0.000000000,0.000000000,0.000000000,-0.004970661,0.001976013,-0.105655193,-0.062981725,0.023046017,-0.009512775,-0.004315579,0.002858129,-0.032500485,-0.008339751,0.022763976,-0.007911886
6.849713564,1.960649490,-1.031426430,-1.408408165,-0.027420998,0.690493584,0.026653290,0.011413574,0.008239746,-0.071838379,-0.047668457,0.057907104,-0.002517700,1.960649490,-1.031043053,-1.408408165,-0.027420998,0.690493584,0.026653290,0.000042072,17.502258301,-3.762827396,-1.229624629,0.308288097,0.000754230,0.008560181,17.485923767,-3.835798264,-1.292606354,0.321934700,0.000213623,0.000042072,17.502258301,-3.762827396,-1.229624629,0.308288097,0.000754230,0.000000000,0.000000000,0.000000000,0.000000000,0.000000000,0.000000000,0.000000000,0.000000000,0.000000000,0.000000000,0.000000000,0.000000000,0.000000000,0.000000000,0.000000000,0.000000000,0.000000000,0.000000000,0.008518108,-0.016334534,-0.072970867,-0.062981725,0.013646603,-0.000540607,0.009173191,-0.015452418,0.000183841,-0.008339751,0.013364561,0.001060282
6.859744072,1.960649490,-1.031043053,-1.408408165,-0.027420998,0.690876961,0.026653290,0.035583496,0.136415482,0.027526855,0.057067871,0.014602661,-0.061935425,1.960649490,-1.031043053,-1.408408165,-0.027420998,0.690876961,0.026653290,0.000042073,17.502519608,-3.763075590,-1.229900360,0.308190405,0.000753970,0.009078979,17.506065369,-3.876783371,-1.290531158,0.304844856,-0.010467529,0.000042073,17.502519608,-3.763075590,-1.229900360,0.308190405,0.000753970,0.000000000,0.000000000,0.000000000,0.000000000,0.000000000,0.000000000,0.000000000,0.000000000,0.000000000,0.000000000,0.000000000,0.000000000,0.000000000,0.000000000,0.000000000,0.000000000,0.000000000,0.000000000,0.009036906,0.003545761,-0.113707781,-0.060630798,-0.003345549,-0.011221500,0.009691989,0.004427877,-0.040553073,-0.005988824,-0.003627590,-0.009620611
6.869717598,1.960649490,-1.031426430,-1.408408165,-0.027420998,0.690493584,0.026653290,-0.104068756,0.025939941,-0.019470215,0.008728027,-0.088123322,0.001510620,1.960649490,-1.031426430,-1.408408165,-0.027420998,0.690876961,0.026653290,0.000042073,17.502464294,-3.760078907,-1.229429722,0.307914615,0.000753228,0.003890991,17.498741150,-3.798962593,-1.230869293,0.316380501,0.006622314,0.000042073,17.502464294,-3.760078907,-1.229429722,0.307914615,0.000753228,0.000000000,0.000000000,0.000000000,0.000000000,0.000000000,0.000000000,0.000000000,0.000000000,0.000000000,0.000000000,0.000000000,0.000000000,0.000000000,0.000000000,0.000000000,0.000000000,0.000000000,0.000000000,0.003848918,-0.003723145,-0.038883686,-0.001439571,0.008465886,0.005869087,0.004504000,-0.002841029,0.034271022,0.053202403,0.008183845,0.007469975
6.879749775,1.960649490,-1.031426430,-1.408408165,-0.027420998,0.690493584,0.026653290,-0.000671387,0.024108887,0.028869629,0.075866699,-0.058914185,-0.075031281,1.960649490,-1.031426430,-1.408408165,-0.027420998,0.690493584,0.026653290,0.000042072,17.502201080,-3.759830713,-1.229153872,0.308012217,0.000753487,0.015304565,17.467613220,-3.789624214,-1.286380768,0.337315559,0.010040283,0.000042072,17.502201080,-3.759830713,-1.229153872,0.308012217,0.000753487,0.000000000,0.000000000,0.000000000,0.000000000,0.000000000,0.000000000,0.000000000,0.000000000,0.000000000,0.000000000,0.000000000,0.000000000,0.000000000,0.000000000,0.000000000,0.000000000,0.000000000,0.000000000,0.015262493,-0.034587860,-0.029793501,-0.057226896,0.029303342,0.009286796,0.015917576,-0.033705745,0.043361207,-0.002584922,0.029021301,0.010887685
6.889714003,1.960649490,-1.031426430,-1.408408165,-0.027420998,0.690493584,0.026653290,-0.000671387,-0.099184036,-0.004699707,-0.250431061,-0.006546021,-0.005538940,1.960649490,-1.031043053,-1.408408165,-0.027420998,0.690876961,0.026653290,0.000042073,17.502519608,-3.763075590,-1.229900360,0.308190405,0.000753970,-0.002853394,17.485923767,-3.881452560,-1.269260406,0.309971809,0.003204346,0.000042073,17.502519608,-3.763075590,-1.229900360,0.308190405,0.000753970,0.000000000,0.000000000,0.000000000,0.000000000,0.000000000,0.000000000,0.000000000,0.000000000,0.000000000,0.000000000,0.000000000,0.000000000,0.000000000,0.000000000,0.000000000,0.000000000,0.000000000,0.000000000,-0.002895467,-0.016595840,-0.118376970,-0.039360046,0.001781404,0.002450375,-0.002240384,-0.015713725,-0.045222262,0.015281928,0.001499363,0.004051264
6.899711609,1.960649490,-1.031426430,-1.408408165,-0.027420998,0.690493584,0.026653290,0.176578522,0.016174316,-0.011413574,-0.128238678,-0.028701782,-0.009567261,1.960649490,-1.031426430,-1.408408165,-0.027420998,0.690493584,0.026653290,0.000042072,17.502201080,-3.759830713,-1.229153872,0.308012217,0.000753487,-0.006484985,17.509727478,-3.845655441,-1.281192780,0.316807747,-0.010894775,0.000042072,17.502201080,-3.759830713,-1.229153872,0.308012217,0.000753487,0.000000000,0.000000000,0.000000000,0.000000000,0.000000000,0.000000000,0.000000000,0.000000000,0.000000000,0.000000000,0.000000000,0.000000000,0.000000000,0.000000000,0.000000000,0.000000000,0.000000000,0.000000000,-0.006527057,0.007526398,-0.085824728,-0.052038908,0.008795530,-0.011648262,-0.005871975,0.008408513,-0.012670020,0.002603066,0.008513488,-0.010047374
6.909739494,1.960649490,-1.031043053,-1.408408165,-0.027420998,0.690493584,0.026653290,0.110778809,0.051574707,-0.134952545,-0.008728027,-0.051864624,-0.027694702,1.960649490,-1.031426430,-1.408408165,-0.027420998,0.690876961,0.026653290,0.000042073,17.502464294,-3.760078907,-1.229429722,0.307914615,0.000753228,0.015304565,17.491416931,-3.841505051,-1.294681549,0.272800446,0.014739990,0.000042073,17.502464294,-3.760078907,-1.229429722,0.307914615,0.000753228,0.000000000,0.000000000,0.000000000,0.000000000,0.000000000,0.000000000,0.000000000,0.000000000,0.000000000,0.000000000,0.000000000,0.000000000,0.000000000,0.000000000,0.000000000,0.000000000,0.000000000,0.000000000,0.015262492,-0.011047363,-0.081426144,-0.065251827,-0.035114169,0.013986763,0.015917575,-0.010165248,-0.008271436,-0.010609853,-0.035396210,0.015587651
6.919709206,1.960649490,-1.031043053,-1.408408165,-0.027420998,0.690876961,0.026653290,-0.227603912,0.024108887,0.116149902,0.034240723,-0.035751343,0.042800903,1.960649490,-1.031043053,-1.408408165,-0.027420998,0.690876961,0.026653290,0.000042073,17.502519608,-3.763075590,-1.229900360,0.308190405,0.000753970,0.017898560,17.471275330,-3.876783371,-1.261997223,0.329197884,0.007476807,0.000042073,17.502519608,-3.763075590,-1.229900360,0.308190405,0.000753970,0.000000000,0.000000000,0.000000000,0.000000000,0.000000000,0.000000000,0.000000000,0.000000000,0.000000000,0.000000000,0.000000000,0.000000000,0.000000000,0.000000000,0.000000000,0.000000000,0.000000000,0.000000000,0.017856486,-0.031244278,-0.113707781,-0.032096863,0.021007478,0.006722836,0.018511569,-0.030362162,-0.040553073,0.022545111,0.020725437,0.008323725
6.929774046,1.960649490,-1.031043053,-1.408408165,-0.027420998,0.690493584,0.026653290,-0.069152832,-0.002746582,0.018127441,-0.063781738,-0.027694702,0.015609741,1.960649490,-1.031426430,-1.408408165,-0.027420998,0.690876961,0.026653290,0.000042073,17.502464294,-3.760078907,-1.229429722,0.307914615,0.000753228,-0.010635376,17.535362244,-3.828535080,-1.295201302,0.313389778,-0.007049561,0.000042073,17.502464294,-3.760078907,-1.229429722,0.307914615,0.000753228,0.000000000,0.000000000,0.000000000,0.000000000,0.000000000,0.000000000,0.000000000,0.000000000,0.000000000,0.000000000,0.000000000,0.000000000,0.000000000,0.000000000,0.000000000,0.000000000,0.000000000,0.000000000,-0.010677449,0.032897949,-0.068456173,-0.065771580,0.005475163,-0.007802788,-0.010022367,0.033780065,0.004698535,-0.011129606,0.005193122,-0.006201900
6.939742327,1.960649490,-1.031043053,-1.408408165,-0.027420998,0.690493584,0.026653290,0.049011230,-0.029602051,-0.070495605,0.019470215,-0.031723022,0.038772583,1.960649490,-1.031043053,-1.408408165,-0.027420998,0.690493584,0.026653290,0.000042072,17.502258301,-3.762827396,-1.229624629,0.308288097,0.000754230,0.000259399,17.502403259,-3.848249435,-1.308690071,0.300572395,-0.002349854,0.000042072,17.502258301,-3.762827396,-1.229624629,0.308288097,0.000754230,0.000000000,0.000000000,0.000000000,0.000000000,0.000000000,0.000000000,0.000000000,0.000000000,0.000000000,0.000000000,0.000000000,0.000000000,0.000000000,0.000000000,0.000000000,0.000000000,0.000000000,0.000000000,0.000217327,0.000144958,-0.085422039,-0.079065442,-0.007715702,-0.003104083,0.000872409,0.001027074,-0.012267331,-0.024423468,-0.007997743,-0.001503195
6.949712992,1.960649490,-1.031043053,-1.408408165,-0.027420998,0.690876961,0.026653290,-0.094669342,0.118104935,-0.003356934,-0.083923340,0.035751343,0.001510620,1.960649490,-1.031426430,-1.408408165,-0.027420998,0.690493584,0.026653290,0.000042072,17.502201080,-3.759830713,-1.229153872,0.308012217,0.000753487,-0.003890991,17.493247986,-3.836317062,-1.298314095,0.302708626,-0.001495361,0.000042072,17.502201080,-3.759830713,-1.229153872,0.308012217,0.000753487,0.000000000,0.000000000,0.000000000,0.000000000,0.000000000,0.000000000,0.000000000,0.000000000,0.000000000,0.000000000,0.000000000,0.000000000,0.000000000,0.000000000,0.000000000,0.000000000,0.000000000,0.000000000,-0.003933063,-0.008953094,-0.076486349,-0.069160223,-0.005303591,-0.002248848,-0.003277981,-0.008070979,-0.003331641,-0.014518249,-0.005585633,-0.000647960
6.959722757,1.960649490,-1.031043053,-1.408408165,-0.027420998,0.690493584,0.026653290,0.118835449,0.037536621,-0.061096191,0.082580566,-0.052871704,0.045822144,1.960649490,-1.031426430,-1.408408165,-0.027420998,0.690876961,0.026653290,0.000042073,17.502464294,-3.760078907,-1.229429722,0.307914615,0.000753228,0.015823364,17.518882751,-3.858106613,-1.283786774,0.356541634,-0.003204346,0.000042073,17.502464294,-3.760078907,-1.229429722,0.307914615,0.000753228,0.000000000,0.000000000,0.000000000,0.000000000,0.000000000,0.000000000,0.000000000,0.000000000,0.000000000,0.000000000,0.000000000,0.000000000,0.000000000,0.000000000,0.000000000,0.000000000,0.000000000,0.000000000,0.015781291,0.016418457,-0.098027706,-0.054357052,0.048627019,-0.003957573,0.016436373,0.017300573,-0.024872998,0.000284922,0.048344978,-0.002356685
6.969742537,1.960649490,-1.031043053,-1.408408165,-0.027420998,0.690493584,0.026653290,0.077209473,0.063171387,0.016784668,0.040954590,-0.031723022,0.022659302,1.960649490,-1.031426430,-1.408408165,-0.027420998,0.690493584,0.026653290,0.000042072,17.502201080,-3.759830713,-1.229153872,0.308012217,0.000753487,0.001296997,17.485923767,-3.836835861,-1.234500885,0.326634407,-0.001495361,0.000042072,17.502201080,-3.759830713,-1.229153872,0.308012217,0.000753487,0.000000000,0.000000000,0.000000000,0.000000000,0.000000000,0.000000000,0.000000000,0.000000000,0.000000000,0.000000000,0.000000000,0.000000000,0.000000000,0.000000000,0.000000000,0.000000000,0.000000000,0.000000000,0.001254925,-0.016277313,-0.077005148,-0.005347013,0.018622190,-0.002248848,0.001910007,-0.015395198,-0.003850440,0.049294960,0.018340149,-0.000647960
6.979744434,1.960649490,-1.031426430,-1.408408165,-0.027420998,0.690876961,0.026653290,0.035583496,-0.076601028,-0.011413574,-0.043640137,-0.016616821,0.070999146,1.960649490,-1.031043053,-1.408408165,-0.027420998,0.690876961,0.026653290,0.000042073,17.502519608,-3.763075590,-1.229900360,0.308190405,0.000753970,-0.002853394,17.529869080,-3.833204269,-1.284305573,0.286900520,-0.018157959,0.000042073,17.502519608,-3.763075590,-1.229900360,0.308190405,0.000753970,0.000000000,0.000000000,0.000000000,0.000000000,0.000000000,0.000000000,0.000000000,0.000000000,0.000000000,0.000000000,0.000000000,0.000000000,0.000000000,0.000000000,0.000000000,0.000000000,0.000000000,0.000000000,-0.002895467,0.027349472,-0.070128679,-0.054405212,-0.021289885,-0.018911929,-0.002240384,0.028231588,0.003026029,0.000236762,-0.021571926,-0.017311041
6.989708424,1.960649490,-1.031043053,-1.408408165,-0.027037621,0.690876961,0.026653290,0.015441895,0.027160645,-0.007385254,0.082580566,0.024673462,-0.043807983,1.960649490,-1.031043053,-1.408408165,-0.027420998,0.690493584,0.026653290,0.000042072,17.502258301,-3.762827396,-1.229624629,0.308288097,0.000754230,-0.025161743,17.432823181,-3.800000191,-1.320103645,0.339451790,-0.003631592,0.000042072,17.502258301,-3.762827396,-1.229624629,0.308288097,0.000754230,0.000000000,0.000000000,0.000000000,0.000000000,0.000000000,0.000000000,0.000000000,0.000000000,0.000000000,0.000000000,0.000000000,0.000000000,0.000000000,0.000000000,0.000000000,0.000000000,0.000000000,0.000000000,-0.025203815,-0.069435120,-0.037172794,-0.090479016,0.031163692,-0.004385821,-0.024548733,-0.068553004,0.035981914,-0.035837042,0.030881651,-0.002784933
6.999710321,1.960649490,-1.031426430,-1.408408165,-0.027420998,0.690493584,0.026653290,0.143005371,-0.035095215,-0.094669342,-0.022155762,-0.014602661,-0.008560181,1.960649490,-1.031043053,-1.408024788,-0.027420998,0.690493584,0.026653290,0.000042064,17.499094009,-3.759830713,-1.229153872,0.308012217,0.000753487,-0.010116577,17.480430603,-3.824384689,-1.293643951,0.312535286,-0.003631592,0.000042064,17.499094009,-3.759830713,-1.229153872,0.308012217,0.000753487,0.000000000,0.000000000,0.000000000,0.000000000,0.000000000,0.000000000,0.000000000,0.000000000,0.000000000,0.000000000,0.000000000,0.000000000,0.000000000,0.000000000,0.000000000,0.000000000,0.000000000,0.000000000,-0.010158641,-0.018663406,-0.064553976,-0.064490080,0.004523069,-0.004385079,-0.009503559,-0.017781291,0.008600732,-0.009848106,0.004241027,-0.002784190
7.009714842,1.960266113,-1.031043053,-1.408408165,-0.027420998,0.690493584,0.026653290,-0.104068756,0.041809082,0.061096191,-0.105411530,-0.085102081,-0.027694702,1.960649490,-1.031043053,-1.408408165,-0.027420998,0.690876961,0.026653290,0.000042073,17.502519608,-3.763075590,-1.229900360,0.308190405,0.000753970,-0.001815796,17.513389587,-3.863813400,-1.290531158,0.306126595,0.001068115,0.000042073,17.502519608,-3.763075590,-1.229900360,0.308190405,0.000753970,0.000000000,0.000000000,0.000000000,0.000000000,0.000000000,0.000000000,0.000000000,0.000000000,0.000000000,0.000000000,0.000000000,0.000000000,0.000000000,0.000000000,0.000000000,0.000000000,0.000000000,0.000000000,-0.001857869,0.010869980,-0.100737810,-0.060630798,-0.002063811,0.000314145,-0.001202787,0.011752095,-0.027583102,-0.005988824,-0.002345852,0.001915033
7.020021677,1.960649490,-1.031043053,-1.408408165,-0.027420998,0.690493584,0.026653290,-0.024841309,-0.114442825,-0.015441895,0.040954590,-0.006546021,0.026687622,1.960649490,-1.031043053,-1.408408165,-0.027420998,0.690493584,0.026653290,0.000042072,17.502258301,-3.762827396,-1.229624629,0.308288097,0.000754230,0.003372192,17.491416931,-3.774060249,-1.270816803,0.309544563,0.022003174,0.000042072,17.502258301,-3.762827396,-1.229624629,0.308288097,0.000754230,0.000000000,0.000000000,0.000000000,0.000000000,0.000000000,0.000000000,0.000000000,0.000000000,0.000000000,0.000000000,0.000000000,0.000000000,0.000000000,0.000000000,0.000000000,0.000000000,0.000000000,0.000000000,0.003330120,-0.010841370,-0.011232853,-0.041192174,0.001256466,0.021248944,0.003985202,-0.009959254,0.061921855,0.013449800,0.000974425,0.022849833
7.029742241,1.960649490,-1.031043053,-1.408408165,-0.027420998,0.690493584,0.026653290,-0.000671387,-0.047914505,-0.096012115,0.026184082,0.003524780,0.009567261,1.960649490,-1.031043053,-1.408408165,-0.027420998,0.690493584,0.026653290,0.000042072,17.502258301,-3.762827396,-1.229624629,0.308288097,0.000754230,-0.002334595,17.515220642,-3.834760666,-1.274448395,0.322361946,-0.002777100,0.000042072,17.502258301,-3.762827396,-1.229624629,0.308288097,0.000754230,0.000000000,0.000000000,0.000000000,0.000000000,0.000000000,0.000000000,0.000000000,0.000000000,0.000000000,0.000000000,0.000000000,0.000000000,0.000000000,0.000000000,0.000000000,0.000000000,0.000000000,0.000000000,-0.002376667,0.012962341,-0.071933270,-0.044823766,0.014073849,-0.003531329,-0.001721585,0.013844457,0.001221439,0.009818208,0.013791808,-0.001930441
7.039687872,1.960649490,-1.031426430,-1.408408165,-0.027037621,0.690876961,0.026653290,0.073181152,-0.038757324,0.112121582,0.039611816,0.005538940,0.003524780,1.960649490,-1.031043053,-1.408408165,-0.027420998,0.690493584,0.026653290,0.000042072,17.502258301,-3.762827396,-1.229624629,0.308288097,0.000754230,0.006484985,17.504234314,-3.832685471,-1.293125153,0.330479622,0.003631592,0.000042072,17.502258301,-3.762827396,-1.229624629,0.308288097,0.000754230,0.000000000,0.000000000,0.000000000,0.000000000,0.000000000,0.000000000,0.000000000,0.000000000,0.000000000,0.000000000,0.000000000,0.000000000,0.000000000,0.000000000,0.000000000,0.000000000,0.000000000,0.000000000,0.006442913,0.001976013,-0.069858074,-0.063500524,0.022191525,0.002877362,0.007097995,0.002858129,0.003296634,-0.008858550,0.021909483,0.004478251
7.049741983,1.960649490,-1.031426430,-1.408408165,-0.027420998,0.690493584,0.026653290,-0.043640137,-0.047914505,-0.110782623,-0.011413574,-0.056900024,-0.075031281,1.960649490,-1.031043053,-1.408408165,-0.027420998,0.690876961,0.026653290,0.000042073,17.502519608,-3.763075590,-1.229900360,0.308190405,0.000753970,0.005966187,17.533531189,-3.872114182,-1.281711578,0.293736458,0.001068115,0.000042073,17.502519608,-3.763075590,-1.229900360,0.308190405,0.000753970,0.000000000,0.000000000,0.000000000,0.000000000,0.000000000,0.000000000,0.000000000,0.000000000,0.000000000,0.000000000,0.000000000,0.000000000,0.000000000,0.000000000,0.000000000,0.000000000,0.000000000,0.000000000,0.005924113,0.031011581,-0.109038591,-0.051811218,-0.014453948,0.000314145,0.006579196,0.031893697,-0.035883883,0.002830756,-0.014735989,0.001915033
7.059752941,1.960649490,-1.031426430,-1.408408165,-0.027420998,0.690493584,0.026653290,-0.010070801,-0.002746582,0.044982910,0.015441895,0.009567261,0.039779663,1.960649490,-1.031426430,-1.408408165,-0.027420998,0.690493584,0.026653290,0.000042072,17.502201080,-3.759830713,-1.229153872,0.308012217,0.000753487,-0.009597778,17.496910095,-3.850324631,-1.285343170,0.287755013,-0.006622314,0.000042072,17.502201080,-3.759830713,-1.229153872,0.308012217,0.000753487,0.000000000,0.000000000,0.000000000,0.000000000,0.000000000,0.000000000,0.000000000,0.000000000,0.000000000,0.000000000,0.000000000,0.000000000,0.000000000,0.000000000,0.000000000,0.000000000,0.000000000,0.000000000,-0.009639850,-0.005290985,-0.090493917,-0.056189299,-0.020257205,-0.007375801,-0.008984768,-0.004408870,-0.017339209,-0.001547325,-0.020539246,-0.005774913
7.069728136,1.960649490,-1.031043053,-1.408408165,-0.027420998,0.690493584,0.026268959,-0.118839264,0.046081543,-0.061096191,-0.087955475,0.011581421,-0.026687622,1.960649490,-1.031426430,-1.408408165,-0.027420998,0.690876961,0.026653290,0.000042073,17.502464294,-3.760078907,-1.229429722,0.307914615,0.000753228,0.016342163,17.539024353,-3.839429855,-1.237613678,0.315098763,-0.001495361,0.000042073,17.502464294,-3.760078907,-1.229429722,0.307914615,0.000753228,0.000000000,0.000000000,0.000000000,0.000000000,0.000000000,0.000000000,0.000000000,0.000000000,0.000000000,0.000000000,0.000000000,0.000000000,0.000000000,0.000000000,0.000000000,0.000000000,0.000000000,0.000000000,0.016300090,0.036560059,-0.079350948,-0.008183956,0.007184148,-0.002248589,0.016955172,0.037442174,-0.006196240,0.046458018,0.006902107,-0.000647700
7.079807043,1.960649490,-1.031043053,-1.408408165,-0.027420998,0.690876961,0.026653290,0.061096191,0.070495605,0.047668457,-0.014099121,0.031723022,0.030715942,1.960649490,-1.031043053,-1.408408165,-0.027420998,0.690493584,0.026653290,0.000042072,17.502258301,-3.762827396,-1.229624629,0.308288097,0.000754230,-0.002853394,17.506065369,-3.827497482,-1.287937164,0.311680794,-0.004913330,0.000042072,17.502258301,-3.762827396,-1.229624629,0.308288097,0.000754230,0.000000000,0.000000000,0.000000000,0.000000000,0.000000000,0.000000000,0.000000000,0.000000000,0.000000000,0.000000000,0.000000000,0.000000000,0.000000000,0.000000000,0.000000000,0.000000000,0.000000000,0.000000000,-0.002895466,0.003807068,-0.064670086,-0.058312535,0.003392696,-0.005667560,-0.002240384,0.004689183,0.008484622,-0.003670561,0.003110655,-0.004066671
7.089740753,1.960649490,-1.031043053,-1.408024788,-0.027420998,0.690876961,0.026653290,0.032897949,0.015563965,0.058410645,-0.124210358,0.066970825,0.028701782,1.960649490,-1.031426430,-1.408408165,-0.027420998,0.690493584,0.026653290,0.000042072,17.502201080,-3.759830713,-1.229153872,0.308012217,0.000753487,0.022048950,17.529869080,-3.851881027,-1.284824371,0.283055305,0.004058838,0.000042072,17.502201080,-3.759830713,-1.229153872,0.308012217,0.000753487,0.000000000,0.000000000,0.000000000,0.000000000,0.000000000,0.000000000,0.000000000,0.000000000,0.000000000,0.000000000,0.000000000,0.000000000,0.000000000,0.000000000,0.000000000,0.000000000,0.000000000,0.000000000,0.022006878,0.027667999,-0.092050314,-0.055670500,-0.024956912,0.003305351,0.022661960,0.028550115,-0.018895606,-0.001028526,-0.025238953,0.004906240
7.099741936,1.960649490,-1.031043053,-1.408408165,-0.027420998,0.690493584,0.026653290,0.086608887,0.072937012,0.032897949,0.051696777,-0.005538940,-0.004531860,1.960649490,-1.031426430,-1.408408165,-0.027420998,0.690493584,0.026653290,0.000042072,17.502201080,-3.759830713,-1.229153872,0.308012217,0.000753487,-0.002334595,17.496910095,-3.793255806,-1.291049957,0.312962532,-0.010040283,0.000042072,17.502201080,-3.759830713,-1.229153872,0.308012217,0.000753487,0.000000000,0.000000000,0.000000000,0.000000000,0.000000000,0.000000000,0.000000000,0.000000000,0.000000000,0.000000000,0.000000000,0.000000000,0.000000000,0.000000000,0.000000000,0.000000000,0.000000000,0.000000000,-0.002376667,-0.005290985,-0.033425093,-0.061896086,0.004950315,-0.010793770,-0.001721585,-0.004408870,0.039729615,-0.007254112,0.004668274,-0.009192881
7.109809399,1.960649490,-1.031043053,-1.408408165,-0.027420998,0.690493584,0.026653290,-0.163150787,-0.031433105,-0.011413574,0.024841309,0.057907104,-0.016616821,1.960649490,-1.031043053,-1.408408165,-0.027420998,0.690876961,0.026653290,0.000042073,17.502519608,-3.763075590,-1.229900360,0.308190405,0.000753970,-0.012191772,17.522544861,-3.824384689,-1.262516022,0.327916145,0.005340576,0.000042073,17.502519608,-3.763075590,-1.229900360,0.308190405,0.000753970,0.000000000,0.000000000,0.000000000,0.000000000,0.000000000,0.000000000,0.000000000,0.000000000,0.000000000,0.000000000,0.000000000,0.000000000,0.000000000,0.000000000,0.000000000,0.000000000,0.000000000,0.000000000,-0.012233846,0.020025253,-0.061309099,-0.032615662,0.019725740,0.004586606,-0.011578763,0.020907369,0.011845609,0.022026312,0.019443699,0.006187494
7.119745970,1.960649490,-1.031043053,-1.408408165,-0.027420998,0.690493584,0.026653290,0.044982910,-0.032043457,-0.101383209,-0.043640137,0.032730103,-0.019638062,1.960649490,-1.031043053,-1.408408165,-0.027420998,0.690493584,0.026653290,0.000042072,17.502258301,-3.762827396,-1.229624629,0.308288097,0.000754230,-0.008041382,17.500572205,-3.843061447,-1.298314095,0.297154427,0.002777100,0.000042072,17.502258301,-3.762827396,-1.229624629,0.308288097,0.000754230,0.000000000,0.000000000,0.000000000,0.000000000,0.000000000,0.000000000,0.000000000,0.000000000,0.000000000,0.000000000,0.000000000,0.000000000,0.000000000,0.000000000,0.000000000,0.000000000,0.000000000,0.000000000,-0.008083454,-0.001686096,-0.080234051,-0.068689466,-0.011133671,0.002022870,-0.007428372,-0.000803981,-0.007079343,-0.014047492,-0.011415712,0.003623758
7.129710913,1.960649490,-1.031043053,-1.408408165,-0.027420998,0.690493584,0.026653290,0.133605957,0.052185059,-0.040954590,-0.179264069,0.009567261,0.051864624,1.960649490,-1.031043053,-1.408408165,-0.027420998,0.690493584,0.026653290,0.000042072,17.502258301,-3.762827396,-1.229624629,0.308288097,0.000754230,0.002853394,17.487754822,-3.780804634,-1.288455963,0.302708626,0.003631592,0.000042072,17.502258301,-3.762827396,-1.229624629,0.308288097,0.000754230,0.000000000,0.000000000,0.000000000,0.000000000,0.000000000,0.000000000,0.000000000,0.000000000,0.000000000,0.000000000,0.000000000,0.000000000,0.000000000,0.000000000,0.000000000,0.000000000,0.000000000,0.000000000,0.002811321,-0.014503479,-0.017977238,-0.058831334,-0.005579472,0.002877362,0.003466404,-0.013621363,0.055177470,-0.004189360,-0.005861513,0.004478251
7.139708281,1.960649490,-1.031043053,-1.408408165,-0.027420998,0.690493584,0.026653290,-0.155094147,0.034484863,0.113464355,0.106750488,0.011581421,-0.058914185,1.960649490,-1.031426430,-1.408408165,-0.027420998,0.690493584,0.026653290,0.000042072,17.502201080,-3.759830713,-1.229153872,0.308012217,0.000753487,0.014785767,17.531700134,-3.856031418,-1.244358063,0.351841927,0.003204346,0.000042072,17.502201080,-3.759830713,-1.229153872,0.308012217,0.000753487,0.000000000,0.000000000,0.000000000,0.000000000,0.000000000,0.000000000,0.000000000,0.000000000,0.000000000,0.000000000,0.000000000,0.000000000,0.000000000,0.000000000,0.000000000,0.000000000,0.000000000,0.000000000,0.014743695,0.029499054,-0.096200705,-0.015204191,0.043829709,0.002450859,0.015398777,0.030381169,-0.023045997,0.039437783,0.043547668,0.004051747
7.149709940,1.960649490,-1.031043053,-1.408024788,-0.027420998,0.690493584,0.026653290,0.004699707,-0.112611771,0.106750488,-0.046325684,-0.012588501,-0.010574341,1.960266113,-1.031043053,-1.408408165,-0.027420998,0.690493584,0.026653290,0.000042082,17.502258301,-3.762827396,-1.229624629,0.308288097,0.000754230,-0.012191772,17.522544861,-3.845655441,-1.290012360,0.298008919,0.012603760,0.000042082,17.502258301,-3.762827396,-1.229624629,0.308288097,0.000754230,0.000000000,0.000000000,0.000000000,0.000000000,0.000000000,0.000000000,0.000000000,0.000000000,0.000000000,0.000000000,0.000000000,0.000000000,0.000000000,0.000000000,0.000000000,0.000000000,0.000000000,0.000000000,-0.012233855,0.020286560,-0.082828045,-0.060387731,-0.010279179,0.011849530,-0.011578773,0.021168676,-0.009673337,-0.005745757,-0.010561220,0.013450419
7.159742355,1.960649490,-1.031043053,-1.408408165,-0.027420998,0.690493584,0.026653290,0.011413574,-0.115053177,0.035583496,-0.003356934,-0.004531860,-0.024673462,1.960649490,-1.031043053,-1.408408165,-0.027420998,0.690493584,0.026653290,0.000042072,17.502258301,-3.762827396,-1.229624629,0.308288097,0.000754230,-0.007522583,17.495079041,-3.820753098,-1.295201302,0.318943977,0.009613037,0.000042072,17.502258301,-3.762827396,-1.229624629,0.308288097,0.000754230,0.000000000,0.000000000,0.000000000,0.000000000,0.000000000,0.000000000,0.000000000,0.000000000,0.000000000,0.000000000,0.000000000,0.000000000,0.000000000,0.000000000,0.000000000,0.000000000,0.000000000,0.000000000,-0.007564655,-0.007179260,-0.057925701,-0.065576673,0.010655880,0.008858807,-0.006909573,-0.006297145,0.015229007,-0.010934699,0.010373839,0.010459696
7.169708252,1.960649490,-1.031426430,-1.408408165,-0.027420998,0.690493584,0.026653290,0.024841309,-0.115053177,-0.069152832,-0.109439850,0.004531860,-0.026687622,1.960649490,-1.031043053,-1.408408165,-0.027420998,0.690493584,0.026653290,0.000042072,17.502258301,-3.762827396,-1.229624629,0.308288097,0.000754230,-0.004928589,17.509727478,-3.827497482,-1.285343170,0.292027473,0.013458252,0.000042072,17.502258301,-3.762827396,-1.229624629,0.308288097,0.000754230,0.000000000,0.000000000,0.000000000,0.000000000,0.000000000,0.000000000,0.000000000,0.000000000,0.000000000,0.000000000,0.000000000,0.000000000,0.000000000,0.000000000,0.000000000,0.000000000,0.000000000,0.000000000,-0.004970661,0.007469177,-0.064670086,-0.055718541,-0.016260624,0.012704022,-0.004315579,0.008351293,0.008484622,-0.001076567,-0.016542665,0.014304911
7.179734468,1.960649490,-1.031043053,-1.408408165,-0.027420998,0.690493584,0.026653290,-0.116153717,0.007019043,0.000671387,0.000671387,-0.056900024,-0.023666382,1.960649490,-1.031426430,-1.408408165,-0.027420998,0.690876961,0.026653290,0.000042073,17.502464294,-3.760078907,-1.229429722,0.307914615,0.000753228,0.003372192,17.513389587,-3.829053879,-1.263034821,0.316380501,-0.004486084,0.000042073,17.502464294,-3.760078907,-1.229429722,0.307914615,0.000753228,0.000000000,0.000000000,0.000000000,0.000000000,0.000000000,0.000000000,0.000000000,0.000000000,0.000000000,0.000000000,0.000000000,0.000000000,0.000000000,0.000000000,0.000000000,0.000000000,0.000000000,0.000000000,0.003330119,0.010925293,-0.068974972,-0.033605099,0.008465886,-0.005239312,0.003985202,0.011807408,0.004179736,0.021036875,0.008183845,-0.003638423
7.189709425,1.960649490,-1.031043053,-1.408408165,-0.027420998,0.690493584,0.026653290,0.091979980,0.045471191,-0.042297363,0.047668457,-0.034744263,0.014602661,1.960649490,-1.031043053,-1.408408165,-0.027420998,0.690876961,0.026653290,0.000042073,17.502519608,-3.763075590,-1.229900360,0.308190405,0.000753970,0.000778198,17.531700134,-3.822828293,-1.283786774,0.342015266,-0.008331299,0.000042073,17.502519608,-3.763075590,-1.229900360,0.308190405,0.000753970,0.000000000,0.000000000,0.000000000,0.000000000,0.000000000,0.000000000,0.000000000,0.000000000,0.000000000,0.000000000,0.000000000,0.000000000,0.000000000,0.000000000,0.000000000,0.000000000,0.000000000,0.000000000,0.000736125,0.029180527,-0.059752703,-0.053886414,0.033824861,-0.009085269,0.001391207,0.030062642,0.013402005,0.000755560,0.033542820,-0.007484381
7.199672222,1.960649490,-1.031426430,-1.408024788,-0.027420998,0.690493584,0.026653290,0.004699707,-0.108339310,0.038269043,-0.120182037,0.038772583,-0.050857544,1.960649490,-1.031426430,-1.408024788,-0.027420998,0.690493584,0.026653290,0.000042064,17.499036789,-3.756833315,-1.228682995,0.307736278,0.000752744,0.010116577,17.507896423,-3.821790695,-1.287937164,0.310399055,-0.004486084,0.000042064,17.499036789,-3.756833315,-1.228682995,0.307736278,0.000752744,0.000000000,0.000000000,0.000000000,0.000000000,0.000000000,0.000000000,0.000000000,0.000000000,0.000000000,0.000000000,0.000000000,0.000000000,0.000000000,0.000000000,0.000000000,0.000000000,0.000000000,0.000000000,0.010074513,0.008859634,-0.064957380,-0.059254169,0.002662778,-0.005238828,0.010729595,0.009741750,0.008197328,-0.004612196,0.002380737,-0.003637939
7.209742308,1.960649490,-1.031426430,-1.408408165,-0.027420998,0.690493584,0.026653290,0.019470215,0.003967285,-0.108097076,0.106750488,-0.008560181,0.067977905,1.960649490,-1.031043053,-1.408408165,-0.027420998,0.690493584,0.026653290,0.000042072,17.502258301,-3.762827396,-1.229624629,0.308288097,0.000754230,0.016342163,17.518882751,-3.813488960,-1.268741608,0.315953255,-0.005767822,0.000042072,17.502258301,-3.762827396,-1.229624629,0.308288097,0.000754230,0.000000000,0.000000000,0.000000000,0.000000000,0.000000000,0.000000000,0.000000000,0.000000000,0.000000000,0.000000000,0.000000000,0.000000000,0.000000000,0.000000000,0.000000000,0.000000000,0.000000000,0.000000000,0.016300091,0.016624451,-0.050661564,-0.039116979,0.007665157,-0.006522052,0.016955173,0.017506566,0.022493144,0.015524995,0.007383116,-0.004921163
7.219718933,1.960649490,-1.031426430,-1.408408165,-0.027420998,0.690493584,0.026653290,-0.086612701,0.009460449,0.148376465,-0.011413574,0.038772583,-0.052871704,1.960649490,-1.031043053,-1.408408165,-0.027420998,0.690493584,0.026653290,0.000042072,17.502258301,-3.762827396,-1.229624629,0.308288097,0.000754230,0.001296997,17.443809509,-3.878339767,-1.266147614,0.286900520,0.001495361,0.000042072,17.502258301,-3.762827396,-1.229624629,0.308288097,0.000754230,0.000000000,0.000000000,0.000000000,0.000000000,0.000000000,0.000000000,0.000000000,0.000000000,0.000000000,0.000000000,0.000000000,0.000000000,0.000000000,0.000000000,0.000000000,0.000000000,0.000000000,0.000000000,0.001254925,-0.058448792,-0.115512371,-0.036522985,-0.021387577,0.000741132,0.001910007,-0.057566676,-0.042357663,0.018118989,-0.021669618,0.002342020
7.229742289,1.960649490,-1.031043053,-1.408408165,-0.027420998,0.690493584,0.026653290,0.026184082,-0.062562943,-0.075866699,-0.014099121,0.029708862,-0.007553101,1.960649490,-1.031043053,-1.408024788,-0.027420998,0.690493584,0.026653290,0.000042064,17.499094009,-3.759830713,-1.229153872,0.308012217,0.000753487,-0.014785767,17.526206970,-3.832685471,-1.347081184,0.318516731,0.015167236,0.000042064,17.499094009,-3.759830713,-1.229153872,0.308012217,0.000753487,0.000000000,0.000000000,0.000000000,0.000000000,0.000000000,0.000000000,0.000000000,0.000000000,0.000000000,0.000000000,0.000000000,0.000000000,0.000000000,0.000000000,0.000000000,0.000000000,0.000000000,0.000000000,-0.014827831,0.027112961,-0.072854757,-0.117927313,0.010504514,0.014413750,-0.014172748,0.027995076,0.000299951,-0.063285339,0.010222473,0.016014638
7.239707708,1.960649490,-1.031426430,-1.408408165,-0.027420998,0.690493584,0.026653290,0.012756348,-0.018005371,0.044982910,-0.016784668,0.017623901,0.014602661,1.960649490,-1.031426430,-1.408408165,-0.027420998,0.690493584,0.026653290,0.000042072,17.502201080,-3.759830713,-1.229153872,0.308012217,0.000753487,-0.010116577,17.511558533,-3.830610275,-1.300389290,0.294590950,-0.005340576,0.000042072,17.502201080,-3.759830713,-1.229153872,0.308012217,0.000753487,0.000000000,0.000000000,0.000000000,0.000000000,0.000000000,0.000000000,0.000000000,0.000000000,0.000000000,0.000000000,0.000000000,0.000000000,0.000000000,0.000000000,0.000000000,0.000000000,0.000000000,0.000000000,-0.010158649,0.009357452,-0.070779562,-0.071235418,-0.013421267,-0.006094063,-0.009503567,0.010239568,0.002375146,-0.016593444,-0.013703308,-0.004493174
7.249709845,1.960649490,-1.031426430,-1.408408165,-0.027420998,0.690876961,0.026653290,-0.034240723,-0.018615723,-0.003356934,0.097351074,0.040786743,0.018630981,1.960649490,-1.031426430,-1.408408165,-0.027420998,0.690493584,0.026653290,0.000042072,17.502201080,-3.759830713,-1.229153872,0.308012217,0.000753487,-0.000778198,17.495079041,-3.847730637,-1.271854401,0.254428864,0.011749268,0.000042072,17.502201080,-3.759830713,-1.229153872,0.308012217,0.000753487,0.000000000,0.000000000,0.000000000,0.000000000,0.000000000,0.000000000,0.000000000,0.000000000,0.000000000,0.000000000,0.000000000,0.000000000,0.000000000,0.000000000,0.000000000,0.000000000,0.000000000,0.000000000,-0.000820270,-0.007122040,-0.087899923,-0.042700529,-0.053583354,0.010995781,-0.000165188,-0.006239924,-0.014745215,0.011941445,-0.053865395,0.012596669
7.259733200,1.960649490,-1.031043053,-1.408408165,-0.027420998,0.690493584,0.026653290,-0.098697662,0.028991699,0.049011230,0.059753418,-0.013595581,-0.024673462,1.960266113,-1.031043053,-1.408408165,-0.027420998,0.690876961,0.026653290,0.000042083,17.502519608,-3.763075590,-1.229900360,0.308190405,0.000753970,0.007522583,17.509727478,-3.850324631,-1.290531158,0.293736458,0.003631592,0.000042083,17.502519608,-3.763075590,-1.229900360,0.308190405,0.000753970,0.000000000,0.000000000,0.000000000,0.000000000,0.000000000,0.000000000,0.000000000,0.000000000,0.000000000,0.000000000,0.000000000,0.000000000,0.000000000,0.000000000,0.000000000,0.000000000,0.000000000,0.000000000,0.007480500,0.007207870,-0.087249041,-0.060630798,-0.014453948,0.002877621,0.008135582,0.008089986,-0.014094333,-0.005988824,-0.014735989,0.004478510
7.269748211,1.960649490,-1.031426430,-1.408408165,-0.027420998,0.690493584,0.026653290,0.040954590,0.033264160,0.008728027,-0.011413574,-0.027694702,0.026687622,1.960649490,-1.031043053,-1.408024788,-0.027420998,0.690876961,0.026653290,0.000042065,17.499357224,-3.760078907,-1.229429722,0.307914615,0.000753228,0.006484985,17.524375916,-3.828016281,-1.293643951,0.288182259,-0.001922607,0.000042065,17.499357224,-3.760078907,-1.229429722,0.307914615,0.000753228,0.000000000,0.000000000,0.000000000,0.000000000,0.000000000,0.000000000,0.000000000,0.000000000,0.000000000,0.000000000,0.000000000,0.000000000,0.000000000,0.000000000,0.000000000,0.000000000,0.000000000,0.000000000,0.006442920,0.025018692,-0.067937374,-0.064214230,-0.019732356,-0.002675835,0.007098003,0.025900808,0.005217334,-0.009572256,-0.020014397,-0.001074947
7.279709339,1.960649490,-1.031043053,-1.408408165,-0.027420998,0.690876961,0.026653290,0.024841309,-0.080263138,-0.006042480,-0.000671387,0.025680542,0.027694702,1.960649490,-1.031043053,-1.408408165,-0.027420998,0.690876961,0.026653290,0.000042073,17.502519608,-3.763075590,-1.229900360,0.308190405,0.000753970,0.003890991,17.524375916,-3.815564156,-1.288455963,0.323643684,0.014739990,0.000042073,17.502519608,-3.763075590,-1.229900360,0.308190405,0.000753970,0.000000000,0.000000000,0.000000000,0.000000000,0.000000000,0.000000000,0.000000000,0.000000000,0.000000000,0.000000000,0.000000000,0.000000000,0.000000000,0.000000000,0.000000000,0.000000000,0.000000000,0.000000000,0.003848918,0.021856308,-0.052488565,-0.058555603,0.015453279,0.013986020,0.004504000,0.022738424,0.020666143,-0.003913629,0.015171238,0.015586908
7.289710045,1.960266113,-1.031043053,-1.408408165,-0.027420998,0.690493584,0.026653290,-0.116153717,0.045471191,-0.062438965,0.019470215,-0.021652222,-0.051864624,1.960649490,-1.031426430,-1.408408165,-0.027420998,0.690493584,0.026653290,0.000042072,17.502201080,-3.759830713,-1.229153872,0.308012217,0.000753487,0.013748169,17.456626892,-3.818158150,-1.280673981,0.325352669,-0.010467529,0.000042072,17.502201080,-3.759830713,-1.229153872,0.308012217,0.000753487,0.000000000,0.000000000,0.000000000,0.000000000,0.000000000,0.000000000,0.000000000,0.000000000,0.000000000,0.000000000,0.000000000,0.000000000,0.000000000,0.000000000,0.000000000,0.000000000,0.000000000,0.000000000,0.013706097,-0.045574188,-0.058327436,-0.051520109,0.017340451,-0.011221016,0.014361179,-0.044692073,0.014827272,0.003121865,0.017058410,-0.009620128
7.299686909,1.960649490,-1.031043053,-1.408408165,-0.027037621,0.690493584,0.026653290,0.020812988,0.004577637,-0.081237793,0.298770905,0.044815063,-0.035751343,1.960649490,-1.031043053,-1.408408165,-0.027420998,0.690493584,0.026653290,0.000042072,17.502258301,-3.762827396,-1.229624629,0.308288097,0.000754230,0.011154175,17.485923767,-3.836835861,-1.285343170,0.302281380,-0.001068115,0.000042072,17.502258301,-3.762827396,-1.229624629,0.308288097,0.000754230,0.000000000,0.000000000,0.000000000,0.000000000,0.000000000,0.000000000,0.000000000,0.000000000,0.000000000,0.000000000,0.000000000,0.000000000,0.000000000,0.000000000,0.000000000,0.000000000,0.000000000,0.000000000,0.011112103,-0.016334534,-0.074008465,-0.055718541,-0.006006718,-0.001822345,0.011767185,-0.015452418,-0.000853757,-0.001076567,-0.006288759,-0.000221456
7.309708357,1.960649490,-1.031426430,-1.408408165,-0.027420998,0.690493584,0.026653290,0.014099121,-0.013732910,0.059753418,0.151062012,0.001510620,-0.016616821,1.960649490,-1.031043053,-1.408408165,-0.027420998,0.690493584,0.026653290,0.000042072,17.502258301,-3.762827396,-1.229624629,0.308288097,0.000754230,-0.016860962,17.511558533,-3.836317062,-1.287418365,0.307408333,-0.003204346,0.000042072,17.502258301,-3.762827396,-1.229624629,0.308288097,0.000754230,0.000000000,0.000000000,0.000000000,0.000000000,0.000000000,0.000000000,0.000000000,0.000000000,0.000000000,0.000000000,0.000000000,0.000000000,0.000000000,0.000000000,0.000000000,0.000000000,0.000000000,0.000000000,-0.016903034,0.009300232,-0.073489666,-0.057793736,-0.000879765,-0.003958575,-0.016247952,0.010182347,-0.000334958,-0.003151763,-0.001161806,-0.002357687
7.319718599,1.960649490,-1.031043053,-1.408408165,-0.027420998,0.690493584,0.026653290,0.106750488,0.128480911,-0.079895020,-0.042297363,0.018630981,0.040786743,1.960649490,-1.031043053,-1.408408165,-0.027420998,0.690493584,0.026653290,0.000042072,17.502258301,-3.762827396,-1.229624629,0.308288097,0.000754230,-0.007003784,17.498741150,-3.836317062,-1.301945686,0.306553841,0.002777100,0.000042072,17.502258301,-3.762827396,-1.229624629,0.308288097,0.000754230,0.000000000,0.000000000,0.000000000,0.000000000,0.000000000,0.000000000,0.000000000,0.000000000,0.000000000,0.000000000,0.000000000,0.000000000,0.000000000,0.000000000,0.000000000,0.000000000,0.000000000,0.000000000,-0.007045856,-0.003517151,-0.073489666,-0.072321057,-0.001734257,0.002022870,-0.006390774,-0.002635035,-0.000334958,-0.017679083,-0.002016298,0.003623758
7.329741240,1.960649490,-1.031043053,-1.408024788,-0.027420998,0.690493584,0.026653290,-0.003356934,-0.030822754,0.224918365,-0.059753418,-0.036758423,0.017623901,1.960649490,-1.031426430,-1.408024788,-0.027420998,0.690876961,0.026653290,0.000042065,17.499300003,-3.757081747,-1.228958964,0.307638764,0.000752485,-0.000259399,17.487754822,-3.848249435,-1.285861969,0.300999641,-0.002349854,0.000042065,17.499300003,-3.757081747,-1.228958964,0.307638764,0.000752485,0.000000000,0.000000000,0.000000000,0.000000000,0.000000000,0.000000000,0.000000000,0.000000000,0.000000000,0.000000000,0.000000000,0.000000000,0.000000000,0.000000000,0.000000000,0.000000000,0.000000000,0.000000000,-0.000301464,-0.011545181,-0.091167688,-0.056903005,-0.006639123,-0.003102338,0.000353618,-0.010663066,-0.018012980,-0.002261031,-0.006921164,-0.001501450
7.339708328,1.960649490,-1.031426430,-1.408408165,-0.027420998,0.690493584,0.026653290,-0.002014160,-0.008850098,-0.024841309,-0.085266113,-0.077045441,0.041793823,1.960649490,-1.031426430,-1.408408165,-0.027420998,0.690876961,0.026653290,0.000042073,17.502464294,-3.760078907,-1.229429722,0.307914615,0.000753228,-0.000778198,17.502403259,-3.813488960,-1.272891998,0.292881966,0.006622314,0.000042073,17.502464294,-3.760078907,-1.229429722,0.307914615,0.000753228,0.000000000,0.000000000,0.000000000,0.000000000,0.000000000,0.000000000,0.000000000,0.000000000,0.000000000,0.000000000,0.000000000,0.000000000,0.000000000,0.000000000,0.000000000,0.000000000,0.000000000,0.000000000,-0.000820271,-0.000061035,-0.053410053,-0.043462276,-0.015032649,0.005869087,-0.000165189,0.000821080,0.019744655,0.011179697,-0.015314690,0.007469975
7.349737644,1.960649490,-1.031043053,-1.408408165,-0.027420998,0.690493584,0.026653290,0.011413574,0.074157715,-0.102725983,-0.054382324,-0.002517700,0.006546021,1.960649490,-1.031043053,-1.408024788,-0.027420998,0.690493584,0.026653290,0.000042064,17.499094009,-3.759830713,-1.229153872,0.308012217,0.000753487,-0.014266968,17.487754822,-3.825941086,-1.282230377,0.312962532,-0.004058838,0.000042064,17.499094009,-3.759830713,-1.229153872,0.308012217,0.000753487,0.000000000,0.000000000,0.000000000,0.000000000,0.000000000,0.000000000,0.000000000,0.000000000,0.000000000,0.000000000,0.000000000,0.000000000,0.000000000,0.000000000,0.000000000,0.000000000,0.000000000,0.000000000,-0.014309032,-0.011339188,-0.066110373,-0.053076506,0.004950315,-0.004812325,-0.013653950,-0.010457072,0.007044336,0.001565468,0.004668274,-0.003211436
7.359713554,1.960649490,-1.031426430,-1.408408165,-0.027420998,0.690493584,0.026653290,-0.036926270,-0.048524857,-0.185977936,0.069152832,0.032730103,0.026687622,1.960649490,-1.031426430,-1.408408165,-0.027420998,0.690493584,0.026653290,0.000042072,17.502201080,-3.759830713,-1.229153872,0.308012217,0.000753487,-0.005447388,17.467613220,-3.826978683,-1.276004791,0.313817024,-0.003204346,0.000042072,17.502201080,-3.759830713,-1.229153872,0.308012217,0.000753487,0.000000000,0.000000000,0.000000000,0.000000000,0.000000000,0.000000000,0.000000000,0.000000000,0.000000000,0.000000000,0.000000000,0.000000000,0.000000000,0.000000000,0.000000000,0.000000000,0.000000000,0.000000000,-0.005489460,-0.034587860,-0.067147970,-0.046850920,0.005804807,-0.003957832,-0.004834378,-0.033705745,0.006006738,0.007791054,0.005522766,-0.002356944
7.369709492,1.960649490,-1.031426430,-1.408408165,-0.027420998,0.690493584,0.026653290,-0.069152832,-0.000915527,0.070495605,0.074523926,0.012588501,0.006546021,1.960649490,-1.031426430,-1.408408165,-0.027420998,0.690876961,0.026653290,0.000042073,17.502464294,-3.760078907,-1.229429722,0.307914615,0.000753228,0.005966187,17.485923767,-3.822828293,-1.284305573,0.297154427,0.013885498,0.000042073,17.502464294,-3.760078907,-1.229429722,0.307914615,0.000753228,0.000000000,0.000000000,0.000000000,0.000000000,0.000000000,0.000000000,0.000000000,0.000000000,0.000000000,0.000000000,0.000000000,0.000000000,0.000000000,0.000000000,0.000000000,0.000000000,0.000000000,0.000000000,0.005924114,-0.016540527,-0.062749386,-0.054875851,-0.010760188,0.013132270,0.006579196,-0.015658412,0.010405322,-0.000233877,-0.011042229,0.014733159
7.379812479,1.960649490,-1.031426430,-1.408408165,-0.027420998,0.690493584,0.026653290,0.079895020,-0.060121536,-0.010070801,-0.012756348,-0.027694702,0.062942505,1.960649490,-1.031426430,-1.408408165,-0.027420998,0.690493584,0.026653290,0.000042072,17.502201080,-3.759830713,-1.229153872,0.308012217,0.000753487,-0.000778198,17.504234314,-3.811932564,-1.285861969,0.293309212,0.003631592,0.000042072,17.502201080,-3.759830713,-1.229153872,0.308012217,0.000753487,0.000000000,0.000000000,0.000000000,0.000000000,0.000000000,0.000000000,0.000000000,0.000000000,0.000000000,0.000000000,0.000000000,0.000000000,0.000000000,0.000000000,0.000000000,0.000000000,0.000000000,0.000000000,-0.000820270,0.002033234,-0.052101851,-0.056708097,-0.014703006,0.002878105,-0.000165188,0.002915349,0.021052858,-0.002066124,-0.014985047,0.004478994
7.389778137,1.960649490,-1.031426430,-1.408408165,-0.027420998,0.690493584,0.026653290,-0.071838379,-0.089418411,-0.049011230,-0.012756348,-0.045822144,0.015609741,1.960649490,-1.031426430,-1.408408165,-0.027420998,0.690493584,0.026653290,0.000042072,17.502201080,-3.759830713,-1.229153872,0.308012217,0.000753487,0.007522583,17.507896423,-3.839429855,-1.299870491,0.319798470,-0.016876221,0.000042072,17.502201080,-3.759830713,-1.229153872,0.308012217,0.000753487,0.000000000,0.000000000,0.000000000,0.000000000,0.000000000,0.000000000,0.000000000,0.000000000,0.000000000,0.000000000,0.000000000,0.000000000,0.000000000,0.000000000,0.000000000,0.000000000,0.000000000,0.000000000,0.007480511,0.005695343,-0.079599142,-0.070716619,0.011786252,-0.017629707,0.008135593,0.006577459,-0.006444434,-0.016074646,0.011504211,-0.016028819
7.399741888,1.960649490,-1.031043053,-1.408408165,-0.027420998,0.690876961,0.026653290,0.050354004,-0.001525879,0.049011230,-0.152408600,0.056900024,0.014602661,1.960649490,-1.031043053,-1.408408165,-0.027420998,0.690493584,0.026653290,0.000042072,17.502258301,-3.762827396,-1.229624629,0.308288097,0.000754230,-0.019973755,17.504234314,-3.846174240,-1.281711578,0.337742805,0.001922607,0.000042072,17.502258301,-3.762827396,-1.229624629,0.308288097,0.000754230,0.000000000,0.000000000,0.000000000,0.000000000,0.000000000,0.000000000,0.000000000,0.000000000,0.000000000,0.000000000,0.000000000,0.000000000,0.000000000,0.000000000,0.000000000,0.000000000,0.000000000,0.000000000,-0.020015827,0.001976013,-0.083346844,-0.052086949,0.029454708,0.001168378,-0.019360745,0.002858129,-0.010192136,0.002555025,0.029172667,0.002769266
7.409735203,1.960649490,-1.031426430,-1.408408165,-0.027420998,0.690876961,0.026653290,-0.102725983,-0.032043457,-0.028869629,-0.015441895,0.016616821,0.016616821,1.960649490,-1.031426430,-1.408408165,-0.027420998,0.690493584,0.026653290,0.000042072,17.502201080,-3.759830713,-1.229153872,0.308012217,0.000753487,-0.004409790,17.517051697,-3.802594185,-1.288455963,0.299290657,0.001068115,0.000042072,17.502201080,-3.759830713,-1.229153872,0.308012217,0.000753487,0.000000000,0.000000000,0.000000000,0.000000000,0.000000000,0.000000000,0.000000000,0.000000000,0.000000000,0.000000000,0.000000000,0.000000000,0.000000000,0.000000000,0.000000000,0.000000000,0.000000000,0.000000000,-0.004451862,0.014850616,-0.042763472,-0.059302092,-0.008721560,0.000314629,-0.003796780,0.015732732,0.030391236,-0.004660118,-0.009003601,0.001915517
7.419709921,1.960649490,-1.031043053,-1.408408165,-0.027420998,0.690493584,0.026653290,-0.000671387,0.024719238,-0.073181152,-0.026184082,-0.014602661,0.073013306,1.960649490,-1.031043053,-1.408408165,-0.027420998,0.690493584,0.026653290,0.000042072,17.502258301,-3.762827396,-1.229624629,0.308288097,0.000754230,0.005966187,17.498741150,-3.820753098,-1.280673981,0.286900520,0.004058838,0.000042072,17.502258301,-3.762827396,-1.229624629,0.308288097,0.000754230,0.000000000,0.000000000,0.000000000,0.000000000,0.000000000,0.000000000,0.000000000,0.000000000,0.000000000,0.000000000,0.000000000,0.000000000,0.000000000,0.000000000,0.000000000,0.000000000,0.000000000,0.000000000,0.005924114,-0.003517151,-0.057925701,-0.051049352,-0.021387577,0.003304608,0.006579197,-0.002635035,0.015229007,0.003592622,-0.021669618,0.004905497
7.429751873,1.960649490,-1.031426430,-1.408408165,-0.027420998,0.690493584,0.026653290,0.101379395,-0.080873489,0.015441895,0.212833405,0.034744263,-0.026687622,1.960649490,-1.031043053,-1.408408165,-0.027420998,0.690876961,0.026653290,0.000042073,17.502519608,-3.763075590,-1.229900360,0.308190405,0.000753970,-0.000778198,17.520713806,-3.816082954,-1.280673981,0.328343391,0.007476807,0.000042073,17.502519608,-3.763075590,-1.229900360,0.308190405,0.000753970,0.000000000,0.000000000,0.000000000,0.000000000,0.000000000,0.000000000,0.000000000,0.000000000,0.000000000,0.000000000,0.000000000,0.000000000,0.000000000,0.000000000,0.000000000,0.000000000,0.000000000,0.000000000,-0.000820271,0.018194199,-0.053007364,-0.050773621,0.020152986,0.006722836,-0.000165189,0.019076314,0.020147344,0.003868353,0.019870945,0.008323725
7.439710855,1.960649490,-1.031426430,-1.408408165,-0.027420998,0.690876961,0.026653290,0.122863770,-0.124818802,0.038269043,-0.062438965,0.013595581,-0.019638062,1.960649490,-1.031043053,-1.408408165,-0.027420998,0.690876961,0.026653290,0.000042073,17.502519608,-3.763075590,-1.229900360,0.308190405,0.000753970,-0.000778198,17.548179626,-3.817120552,-1.287418365,0.275364876,-0.012176514,0.000042073,17.502519608,-3.763075590,-1.229900360,0.308190405,0.000753970,0.000000000,0.000000000,0.000000000,0.000000000,0.000000000,0.000000000,0.000000000,0.000000000,0.000000000,0.000000000,0.000000000,0.000000000,0.000000000,0.000000000,0.000000000,0.000000000,0.000000000,0.000000000,-0.000820271,0.045660019,-0.054044962,-0.057518005,-0.032825530,-0.012930484,-0.000165189,0.046542134,0.019109746,-0.002876031,-0.033107571,-0.011329596
7.449752331,1.960649490,-1.031426430,-1.408408165,-0.027420998,0.690493584,0.026653290,0.055725098,-0.124818802,-0.023498535,0.122863770,-0.025680542,-0.023666382,1.960649490,-1.031043053,-1.408408165,-0.027420998,0.690876961,0.026653290,0.000042073,17.502519608,-3.763075590,-1.229900360,0.308190405,0.000753970,0.003890991,17.526206970,-3.837354660,-1.286380768,0.295018196,0.003204346,0.000042073,17.502519608,-3.763075590,-1.229900360,0.308190405,0.000753970,0.000000000,0.000000000,0.000000000,0.000000000,0.000000000,0.000000000,0.000000000,0.000000000,0.000000000,0.000000000,0.000000000,0.000000000,0.000000000,0.000000000,0.000000000,0.000000000,0.000000000,0.000000000,0.003848918,0.023687363,-0.074279070,-0.056480408,-0.013172209,0.002450375,0.004504000,0.024569478,-0.001124362,-0.001838434,-0.013454250,0.004051264
7.459744692,1.960266113,-1.031043053,-1.408408165,-0.027420998,0.690876961,0.026653290,-0.101383209,-0.024108887,0.010070801,-0.015441895,0.061935425,0.003524780,1.960266113,-1.031043053,-1.408408165,-0.027420998,0.690876961,0.026653290,0.000042083,17.502519608,-3.763075590,-1.229900360,0.308190405,0.000753970,0.012710571,17.564659119,-3.811413765,-1.290012360,0.268955231,-0.006195068,0.000042083,17.502519608,-3.763075590,-1.229900360,0.308190405,0.000753970,0.000000000,0.000000000,0.000000000,0.000000000,0.000000000,0.000000000,0.000000000,0.000000000,0.000000000,0.000000000,0.000000000,0.000000000,0.000000000,0.000000000,0.000000000,0.000000000,0.000000000,0.000000000,0.012668488,0.062139511,-0.048338175,-0.060112000,-0.039235175,-0.006949039,0.013323570,0.063021627,0.024816533,-0.005470026,-0.039517216,-0.005348150
7.469734192,1.960649490,-1.031426430,-1.408408165,-0.027420998,0.690493584,0.026653290,-0.073181152,-0.058290482,0.087951660,-0.003356934,0.015609741,0.031723022,1.960649490,-1.031043053,-1.408408165,-0.027420998,0.690493584,0.026653290,0.000042072,17.502258301,-3.762827396,-1.229624629,0.308288097,0.000754230,0.004928589,17.484092712,-3.836317062,-1.292087555,0.330906868,0.000640869,0.000042072,17.502258301,-3.762827396,-1.229624629,0.308288097,0.000754230,0.000000000,0.000000000,0.000000000,0.000000000,0.000000000,0.000000000,0.000000000,0.000000000,0.000000000,0.000000000,0.000000000,0.000000000,0.000000000,0.000000000,0.000000000,0.000000000,0.000000000,0.000000000,0.004886517,-0.018165588,-0.073489666,-0.062462926,0.022618771,-0.000113361,0.005541599,-0.017283473,-0.000334958,-0.007820952,0.022336729,0.001487528
7.479710340,1.960649490,-1.031043053,-1.408408165,-0.027420998,0.690493584,0.026653290,-0.039611816,-0.002136230,0.179264069,-0.010070801,-0.000503540,-0.029708862,1.960649490,-1.031426430,-1.408408165,-0.027420998,0.690493584,0.026653290,0.000042072,17.502201080,-3.759830713,-1.229153872,0.308012217,0.000753487,0.009597778,17.500572205,-3.830610275,-1.287937164,0.343297005,-0.001068115,0.000042072,17.502201080,-3.759830713,-1.229153872,0.308012217,0.000753487,0.000000000,0.000000000,0.000000000,0.000000000,0.000000000,0.000000000,0.000000000,0.000000000,0.000000000,0.000000000,0.000000000,0.000000000,0.000000000,0.000000000,0.000000000,0.000000000,0.000000000,0.000000000,0.009555706,-0.001628876,-0.070779562,-0.058783293,0.035284787,-0.001821602,0.010210788,-0.000746760,0.002375146,-0.004141319,0.035002746,-0.000220713
7.489729404,1.960649490,-1.031043053,-1.408024788,-0.027420998,0.690493584,0.026653290,0.047668457,0.014953613,0.133605957,-0.003356934,0.015609741,0.005538940,1.960649490,-1.031426430,-1.408408165,-0.027420998,0.690493584,0.026653290,0.000042072,17.502201080,-3.759830713,-1.229153872,0.308012217,0.000753487,0.000259399,17.487754822,-3.816082954,-1.230869293,0.295445442,0.007904053,0.000042072,17.502201080,-3.759830713,-1.229153872,0.308012217,0.000753487,0.000000000,0.000000000,0.000000000,0.000000000,0.000000000,0.000000000,0.000000000,0.000000000,0.000000000,0.000000000,0.000000000,0.000000000,0.000000000,0.000000000,0.000000000,0.000000000,0.000000000,0.000000000,0.000217327,-0.014446259,-0.056252241,-0.001715422,-0.012566775,0.007150566,0.000872410,-0.013564143,0.016902467,0.052926552,-0.012848816,0.008751455
7.499709129,1.960266113,-1.031426430,-1.408408165,-0.027420998,0.690493584,0.026653290,-0.024841309,-0.005187988,0.077209473,-0.026184082,0.063949585,0.011581421,1.960649490,-1.031426430,-1.408408165,-0.027420998,0.690876961,0.026653290,0.000042073,17.502464294,-3.760078907,-1.229429722,0.307914615,0.000753228,0.002853394,17.504234314,-3.803112984,-1.286380768,0.302708626,-0.019866943,0.000042073,17.502464294,-3.760078907,-1.229429722,0.307914615,0.000753228,0.000000000,0.000000000,0.000000000,0.000000000,0.000000000,0.000000000,0.000000000,0.000000000,0.000000000,0.000000000,0.000000000,0.000000000,0.000000000,0.000000000,0.000000000,0.000000000,0.000000000,0.000000000,0.002811321,0.001770020,-0.043034077,-0.056951046,-0.005205989,-0.020620171,0.003466403,0.002652135,0.030120631,-0.002309072,-0.005488030,-0.019019282
7.509752274,1.960649490,-1.031043053,-1.408408165,-0.027420998,0.690876961,0.026653290,-0.036926270,-0.003356934,-0.022155762,-0.094669342,0.033737183,-0.036758423,1.960649490,-1.031043053,-1.408408165,-0.027420998,0.690876961,0.026653290,0.000042073,17.502519608,-3.763075590,-1.229900360,0.308190405,0.000753970,-0.020492554,17.520713806,-3.831129074,-1.229312897,0.277073860,-0.012603760,0.000042073,17.502519608,-3.763075590,-1.229900360,0.308190405,0.000753970,0.000000000,0.000000000,0.000000000,0.000000000,0.000000000,0.000000000,0.000000000,0.000000000,0.000000000,0.000000000,0.000000000,0.000000000,0.000000000,0.000000000,0.000000000,0.000000000,0.000000000,0.000000000,-0.020534627,0.018194199,-0.068053484,0.000587463,-0.031116545,-0.013357730,-0.019879545,0.019076314,0.005101224,0.055229437,-0.031398586,-0.011756842
7.519745350,1.960649490,-1.031426430,-1.408408165,-0.027420998,0.690876961,0.026653290,-0.031555176,-0.030212402,0.053039551,0.106750488,0.010574341,-0.050857544,1.960649490,-1.031426430,-1.408408165,-0.027420998,0.690876961,0.026653290,0.000042073,17.502464294,-3.760078907,-1.229429722,0.307914615,0.000753228,-0.017898560,17.478599548,-3.825941086,-1.277042389,0.313389778,0.002777100,0.000042073,17.502464294,-3.760078907,-1.229429722,0.307914615,0.000753228,0.000000000,0.000000000,0.000000000,0.000000000,0.000000000,0.000000000,0.000000000,0.000000000,0.000000000,0.000000000,0.000000000,0.000000000,0.000000000,0.000000000,0.000000000,0.000000000,0.000000000,0.000000000,-0.017940633,-0.023864746,-0.065862179,-0.047612667,0.005475163,0.002023872,-0.017285550,-0.022982631,0.007292529,0.007029307,0.005193122,0.003624760
7.529715538,1.960649490,-1.031043053,-1.408408165,-0.027420998,0.690493584,0.026653290,-0.019470215,-0.014953613,-0.074523926,0.078552246,-0.021652222,-0.044815063,1.960649490,-1.031426430,-1.408408165,-0.027420998,0.690493584,0.026653290,0.000042072,17.502201080,-3.759830713,-1.229153872,0.308012217,0.000753487,0.001815796,17.504234314,-3.857069016,-1.270816803,0.294590950,-0.009185791,0.000042072,17.502201080,-3.759830713,-1.229153872,0.308012217,0.000753487,0.000000000,0.000000000,0.000000000,0.000000000,0.000000000,0.000000000,0.000000000,0.000000000,0.000000000,0.000000000,0.000000000,0.000000000,0.000000000,0.000000000,0.000000000,0.000000000,0.000000000,0.000000000,0.001773724,0.002033234,-0.097238302,-0.041662931,-0.013421267,-0.009939278,0.002428806,0.002915349,-0.024083594,0.012979042,-0.013703308,-0.008338389
7.539711714,1.960649490,-1.031043053,-1.408408165,-0.027420998,0.690493584,0.026653290,-0.087955475,0.080263138,-0.110782623,0.023498535,0.027694702,0.015609741,1.960649490,-1.031043053,-1.408408165,-0.027420998,0.690876961,0.026653290,0.000042073,17.502519608,-3.763075590,-1.229900360,0.308190405,0.000753970,-0.002853394,17.507896423,-3.823865891,-1.254215240,0.283055305,0.021148682,0.000042073,17.502519608,-3.763075590,-1.229900360,0.308190405,0.000753970,0.000000000,0.000000000,0.000000000,0.000000000,0.000000000,0.000000000,0.000000000,0.000000000,0.000000000,0.000000000,0.000000000,0.000000000,0.000000000,0.000000000,0.000000000,0.000000000,0.000000000,0.000000000,-0.002895467,0.005376816,-0.060790300,-0.024314880,-0.025135100,0.020394711,-0.002240384,0.006258931,0.012364408,0.030327094,-0.025417141,0.021995600
7.549712181,1.960649490,-1.031426430,-1.408408165,-0.027420998,0.690493584,0.026653290,-0.087955475,-0.033874512,-0.083923340,0.105407715,-0.071002960,-0.055892944,1.960649490,-1.031043053,-1.408408165,-0.027420998,0.690493584,0.026653290,0.000042072,17.502258301,-3.762827396,-1.229624629,0.308288097,0.000754230,-0.004409790,17.528038025,-3.894423485,-1.280155182,0.311680794,-0.011749268,0.000042072,17.502258301,-3.762827396,-1.229624629,0.308288097,0.000754230,0.000000000,0.000000000,0.000000000,0.000000000,0.000000000,0.000000000,0.000000000,0.000000000,0.000000000,0.000000000,0.000000000,0.000000000,0.000000000,0.000000000,0.000000000,0.000000000,0.000000000,0.000000000,-0.004451862,0.025779724,-0.131596088,-0.050530553,0.003392696,-0.012503497,-0.003796780,0.026661840,-0.058441380,0.004111421,0.003110655,-0.010902609
7.559763908,1.960649490,-1.031043053,-1.408408165,-0.027420998,0.690493584,0.026653290,-0.051696777,0.060729980,0.000671387,0.044982910,-0.021652222,-0.015609741,1.960649490,-1.031426430,-1.408408165,-0.027420998,0.690493584,0.026653290,0.000042072,17.502201080,-3.759830713,-1.229153872,0.308012217,0.000753487,0.007003784,17.498741150,-3.834760666,-1.268222809,0.311253548,0.001495361,0.000042072,17.502201080,-3.759830713,-1.229153872,0.308012217,0.000753487,0.000000000,0.000000000,0.000000000,0.000000000,0.000000000,0.000000000,0.000000000,0.000000000,0.000000000,0.000000000,0.000000000,0.000000000,0.000000000,0.000000000,0.000000000,0.000000000,0.000000000,0.000000000,0.006961712,-0.003459930,-0.074929953,-0.039068937,0.003241330,0.000741875,0.007616794,-0.002577815,-0.001775245,0.015573037,0.002959289,0.002342763
7.569712639,1.960649490,-1.031426430,-1.408408165,-0.027420998,0.690493584,0.026653290,0.022155762,-0.127260208,0.145690918,-0.074523926,-0.000503540,-0.020645142,1.960649490,-1.031426430,-1.408408165,-0.027420998,0.690876961,0.026653290,0.000042073,17.502464294,-3.760078907,-1.229429722,0.307914615,0.000753228,0.003372192,17.440147400,-3.828535080,-1.298832893,0.315953255,0.003204346,0.000042073,17.502464294,-3.760078907,-1.229429722,0.307914615,0.000753228,0.000000000,0.000000000,0.000000000,0.000000000,0.000000000,0.000000000,0.000000000,0.000000000,0.000000000,0.000000000,0.000000000,0.000000000,0.000000000,0.000000000,0.000000000,0.000000000,0.000000000,0.000000000,0.003330119,-0.062316895,-0.068456173,-0.069403172,0.008038640,0.002451118,0.003985202,-0.061434779,0.004698535,-0.014761198,0.007756599,0.004052007
7.579710007,1.960649490,-1.031043053,-1.408408165,-0.027420998,0.690493584,0.026653290,0.049011230,-0.009460449,0.066467285,0.062438965,-0.010574341,0.028701782,1.960649490,-1.031043053,-1.408408165,-0.027420998,0.690876961,0.026653290,0.000042073,17.502519608,-3.763075590,-1.229900360,0.308190405,0.000753970,0.002853394,17.496910095,-3.812970161,-1.288455963,0.306553841,0.010467529,0.000042073,17.502519608,-3.763075590,-1.229900360,0.308190405,0.000753970,0.000000000,0.000000000,0.000000000,0.000000000,0.000000000,0.000000000,0.000000000,0.000000000,0.000000000,0.000000000,0.000000000,0.000000000,0.000000000,0.000000000,0.000000000,0.000000000,0.000000000,0.000000000,0.002811320,-0.005609512,-0.049894571,-0.058555603,-0.001636565,0.009713559,0.003466403,-0.004727397,0.023260137,-0.003913629,-0.001918606,0.011314447
7.589712858,1.960649490,-1.031043053,-1.408408165,-0.027420998,0.690493584,0.026653290,0.015441895,0.080263138,0.032897949,0.220890045,-0.032730103,0.007553101,1.960649490,-1.031043053,-1.408408165,-0.027420998,0.690493584,0.026653290,0.000042072,17.502258301,-3.762827396,-1.229624629,0.308288097,0.000754230,-0.004928589,17.509727478,-3.835798264,-1.294162750,0.306126595,-0.006195068,0.000042072,17.502258301,-3.762827396,-1.229624629,0.308288097,0.000754230,0.000000000,0.000000000,0.000000000,0.000000000,0.000000000,0.000000000,0.000000000,0.000000000,0.000000000,0.000000000,0.000000000,0.000000000,0.000000000,0.000000000,0.000000000,0.000000000,0.000000000,0.000000000,-0.004970661,0.007469177,-0.072970867,-0.064538121,-0.002161503,-0.006949298,-0.004315579,0.008351293,0.000183841,-0.009896147,-0.002443544,-0.005348410
7.599789143,1.960649490,-1.031426430,-1.408408165,-0.027420998,0.690876961,0.026653290,-0.051696777,-0.088808060,-0.018127441,0.024841309,0.048843384,0.040786743,1.960649490,-1.031426430,-1.408408165,-0.027420998,0.690493584,0.026653290,0.000042072,17.502201080,-3.759830713,-1.229153872,0.308012217,0.000753487,0.022048950,17.513389587,-3.840986252,-1.313359261,0.309544563,0.002349854,0.000042072,17.502201080,-3.759830713,-1.229153872,0.308012217,0.000753487,0.000000000,0.000000000,0.000000000,0.000000000,0.000000000,0.000000000,0.000000000,0.000000000,0.000000000,0.000000000,0.000000000,0.000000000,0.000000000,0.000000000,0.000000000,0.000000000,0.000000000,0.000000000,0.022006878,0.011188507,-0.081155539,-0.084205389,0.001532346,0.001596367,0.022661960,0.012070623,-0.008000831,-0.029563415,0.001250305,0.003197255
7.609714746,1.960649490,-1.031426430,-1.408408165,-0.027420998,0.690493584,0.026653290,0.104064941,-0.046083450,-0.036926270,0.151062012,0.010574341,-0.039779663,1.960649490,-1.031043053,-1.408408165,-0.027420998,0.690493584,0.026653290,0.000042072,17.502258301,-3.762827396,-1.229624629,0.308288097,0.000754230,-0.016342163,17.465782166,-3.863294601,-1.286899567,0.326207161,-0.013885498,0.000042072,17.502258301,-3.762827396,-1.229624629,0.308288097,0.000754230,0.000000000,0.000000000,0.000000000,0.000000000,0.000000000,0.000000000,0.000000000,0.000000000,0.000000000,0.000000000,0.000000000,0.000000000,0.000000000,0.000000000,0.000000000,0.000000000,0.000000000,0.000000000,-0.016384235,-0.036476135,-0.100467205,-0.057274938,0.017919064,-0.014639728,-0.015729153,-0.035594020,-0.027312497,-0.002632964,0.017637022,-0.013038839
7.619726419,1.960649490,-1.031043053,-1.408408165,-0.027420998,0.690876961,0.026653290,0.038269043,0.084535599,0.026184082,-0.003356934,0.037765503,0.033737183,1.960649490,-1.031043053,-1.408408165,-0.027420998,0.690876961,0.026653290,0.000042073,17.502519608,-3.763075590,-1.229900360,0.308190405,0.000753970,0.005447388,17.528038025,-3.840986252,-1.283267975,0.318943977,-0.000213623,0.000042073,17.502519608,-3.763075590,-1.229900360,0.308190405,0.000753970,0.000000000,0.000000000,0.000000000,0.000000000,0.000000000,0.000000000,0.000000000,0.000000000,0.000000000,0.000000000,0.000000000,0.000000000,0.000000000,0.000000000,0.000000000,0.000000000,0.000000000,0.000000000,0.005405315,0.025518417,-0.077910662,-0.053367615,0.010753572,-0.000967593,0.006060397,0.026400533,-0.004755954,0.001274359,0.010471531,0.000633295
7.629740238,1.960649490,-1.031426430,-1.408408165,-0.027420998,0.690493584,0.026653290,-0.063781738,-0.161439896,-0.147037506,0.039611816,0.017623901,-0.091144562,1.960649490,-1.031426430,-1.408408165,-0.027420998,0.690493584,0.026653290,0.000042072,17.502201080,-3.759830713,-1.229153872,0.308012217,0.000753487,0.004928589,17.498741150,-3.838911057,-1.274967194,0.298863411,0.001922607,0.000042072,17.502201080,-3.759830713,-1.229153872,0.308012217,0.000753487,0.000000000,0.000000000,0.000000000,0.000000000,0.000000000,0.000000000,0.000000000,0.000000000,0.000000000,0.000000000,0.000000000,0.000000000,0.000000000,0.000000000,0.000000000,0.000000000,0.000000000,0.000000000,0.004886517,-0.003459930,-0.079080343,-0.045813322,-0.009148806,0.001169121,0.005541599,-0.002577815,-0.005925635,0.008828652,-0.009430848,0.002770009
7.639707565,1.960649490,-1.031426430,-1.408408165,-0.027420998,0.690493584,0.026653290,-0.047668457,0.013732910,-0.006042480,0.016784668,0.046829224,-0.066974640,1.960649490,-1.031043053,-1.408408165,-0.027420998,0.690493584,0.026653290,0.000042072,17.502258301,-3.762827396,-1.229624629,0.308288097,0.000754230,-0.004409790,17.498741150,-3.810376167,-1.293643951,0.315953255,0.026702881,0.000042072,17.502258301,-3.762827396,-1.229624629,0.308288097,0.000754230,0.000000000,0.000000000,0.000000000,0.000000000,0.000000000,0.000000000,0.000000000,0.000000000,0.000000000,0.000000000,0.000000000,0.000000000,0.000000000,0.000000000,0.000000000,0.000000000,0.000000000,0.000000000,-0.004451862,-0.003517151,-0.047548771,-0.064019322,0.007665157,0.025948651,-0.003796780,-0.002635035,0.025605937,-0.009377348,0.007383116,0.027549540
7.649709225,1.960266113,-1.031043053,-1.408408165,-0.027420998,0.690493584,0.026653290,-0.066467285,-0.062562943,0.015441895,0.108093262,-0.049850464,0.018630981,1.960649490,-1.031426430,-1.408408165,-0.027420998,0.690493584,0.026653290,0.000042072,17.502201080,-3.759830713,-1.229153872,0.308012217,0.000753487,0.007003784,17.515220642,-3.865369797,-1.279117584,0.334324837,-0.012603760,0.000042072,17.502201080,-3.759830713,-1.229153872,0.308012217,0.000753487,0.000000000,0.000000000,0.000000000,0.000000000,0.000000000,0.000000000,0.000000000,0.000000000,0.000000000,0.000000000,0.000000000,0.000000000,0.000000000,0.000000000,0.000000000,0.000000000,0.000000000,0.000000000,0.006961712,0.013019562,-0.105539083,-0.049963713,0.026312619,-0.013357246,0.007616794,0.013901677,-0.032384375,0.004678261,0.026030578,-0.011756358
7.659708738,1.960649490,-1.031043053,-1.408408165,-0.027420998,0.690493584,0.026653290,-0.007385254,-0.007019043,0.058410645,0.149719238,-0.026687622,0.012588501,1.960649490,-1.031043053,-1.408408165,-0.027420998,0.690493584,0.026653290,0.000042072,17.502258301,-3.762827396,-1.229624629,0.308288097,0.000754230,0.010116577,17.518882751,-3.809338570,-1.296757698,0.274937630,-0.008331299,0.000042072,17.502258301,-3.762827396,-1.229624629,0.308288097,0.000754230,0.000000000,0.000000000,0.000000000,0.000000000,0.000000000,0.000000000,0.000000000,0.000000000,0.000000000,0.000000000,0.000000000,0.000000000,0.000000000,0.000000000,0.000000000,0.000000000,0.000000000,0.000000000,0.010074505,0.016624451,-0.046511173,-0.067133069,-0.033350468,-0.009085528,0.010729587,0.017506566,0.026643535,-0.012491095,-0.033632509,-0.007484640
7.669717073,1.960649490,-1.031043053,-1.408408165,-0.027420998,0.690876961,0.026653290,0.036926270,0.061950684,-0.057067871,-0.140323639,0.007553101,0.022659302,1.960649490,-1.031043053,-1.408408165,-0.027420998,0.690493584,0.026653290,0.000042072,17.502258301,-3.762827396,-1.229624629,0.308288097,0.000754230,-0.003890991,17.537193298,-3.860181808,-1.245914459,0.315526009,-0.008758545,0.000042072,17.502258301,-3.762827396,-1.229624629,0.308288097,0.000754230,0.000000000,0.000000000,0.000000000,0.000000000,0.000000000,0.000000000,0.000000000,0.000000000,0.000000000,0.000000000,0.000000000,0.000000000,0.000000000,0.000000000,0.000000000,0.000000000,0.000000000,0.000000000,-0.003933063,0.034934998,-0.097354412,-0.016289830,0.007237911,-0.009512775,-0.003277981,0.035817113,-0.024199704,0.038352144,0.006955870,-0.007911886
7.679985523,1.960649490,-1.031426430,-1.408408165,-0.027420998,0.690493584,0.026653290,0.023498535,-0.079652786,0.030212402,-0.006042480,0.001510620,0.012588501,1.960649490,-1.031043053,-1.408408165,-0.027420998,0.690493584,0.026653290,0.000042072,17.502258301,-3.762827396,-1.229624629,0.308288097,0.000754230,-0.002853394,17.535362244,-3.823347092,-1.274967194,0.311680794,0.006622314,0.000042072,17.502258301,-3.762827396,-1.229624629,0.308288097,0.000754230,0.000000000,0.000000000,0.000000000,0.000000000,0.000000000,0.000000000,0.000000000,0.000000000,0.000000000,0.000000000,0.000000000,0.000000000,0.000000000,0.000000000,0.000000000,0.000000000,0.000000000,0.000000000,-0.002895466,0.033103943,-0.060519695,-0.045342565,0.003392696,0.005868085,-0.002240384,0.033986058,0.012635013,0.009299409,0.003110655,0.007468973
7.689761162,1.960649490,-1.031043053,-1.408024788,-0.027420998,0.690493584,0.026653290,-0.020812988,-0.091859818,0.020812988,0.065124512,-0.028701782,0.013595581,1.960649490,-1.031043053,-1.408408165,-0.027420998,0.690493584,0.026653290,0.000042072,17.502258301,-3.762827396,-1.229624629,0.308288097,0.000754230,-0.010635376,17.513389587,-3.832685471,-1.278079987,0.308690071,-0.013458252,0.000042072,17.502258301,-3.762827396,-1.229624629,0.308288097,0.000754230,0.000000000,0.000000000,0.000000000,0.000000000,0.000000000,0.000000000,0.000000000,0.000000000,0.000000000,0.000000000,0.000000000,0.000000000,0.000000000,0.000000000,0.000000000,0.000000000,0.000000000,0.000000000,-0.010677448,0.011131287,-0.069858074,-0.048455358,0.000401974,-0.014212482,-0.010022366,0.012013402,0.003296634,0.006186616,0.000119933,-0.012611593
7.699741364,1.960649490,-1.031043053,-1.408408165,-0.027420998,0.690493584,0.026653290,0.070495605,-0.032653809,0.042297363,-0.113468170,0.062942505,0.015609741,1.960649490,-1.031426430,-1.408408165,-0.027420998,0.690876961,0.026653290,0.000042073,17.502464294,-3.760078907,-1.229429722,0.307914615,0.000753228,-0.007522583,17.498741150,-3.856550217,-1.284305573,0.283909798,0.001922607,0.000042073,17.502464294,-3.760078907,-1.229429722,0.307914615,0.000753228,0.000000000,0.000000000,0.000000000,0.000000000,0.000000000,0.000000000,0.000000000,0.000000000,0.000000000,0.000000000,0.000000000,0.000000000,0.000000000,0.000000000,0.000000000,0.000000000,0.000000000,0.000000000,-0.007564656,-0.003723145,-0.096471310,-0.054875851,-0.024004817,0.001169380,-0.006909574,-0.002841029,-0.023316602,-0.000233877,-0.024286858,0.002770268
7.709738016,1.960649490,-1.031426430,-1.408408165,-0.027420998,0.690493584,0.026653290,0.027526855,-0.140687943,-0.098697662,0.008728027,0.015609741,0.003524780,1.960649490,-1.031043053,-1.408408165,-0.027037621,0.690493584,0.026653290,0.000042071,17.501810074,-3.762403727,-1.229153872,0.308012217,0.000753487,0.008560181,17.454795837,-3.800000191,-1.267185211,0.317234993,-0.011749268,0.000042071,17.501810074,-3.762403727,-1.229153872,0.308012217,0.000753487,0.000000000,0.000000000,0.000000000,0.000000000,0.000000000,0.000000000,0.000000000,0.000000000,0.000000000,0.000000000,0.000000000,0.000000000,0.000000000,0.000000000,0.000000000,0.000000000,0.000000000,0.000000000,0.008518110,-0.047014236,-0.037596464,-0.038031340,0.009222776,-0.012502754,0.009173192,-0.046132121,0.035558244,0.016610634,0.008940735,-0.010901866
7.719722986,1.960649490,-1.031043053,-1.408408165,-0.027420998,0.690493584,0.026653290,-0.042297363,-0.033874512,0.047668457,-0.011413574,0.007553101,-0.041793823,1.960649490,-1.031426430,-1.408408165,-0.027420998,0.690493584,0.026653290,0.000042072,17.502201080,-3.759830713,-1.229153872,0.308012217,0.000753487,0.005966187,17.515220642,-3.872632980,-1.280155182,0.292027473,0.004486084,0.000042072,17.502201080,-3.759830713,-1.229153872,0.308012217,0.000753487,0.000000000,0.000000000,0.000000000,0.000000000,0.000000000,0.000000000,0.000000000,0.000000000,0.000000000,0.000000000,0.000000000,0.000000000,0.000000000,0.000000000,0.000000000,0.000000000,0.000000000,0.000000000,0.005924114,0.013019562,-0.112802267,-0.051001310,-0.015984744,0.003732597,0.006579197,0.013901677,-0.039647559,0.003640664,-0.016266785,0.005333486
7.729711771,1.960649490,-1.031043053,-1.408408165,-0.027420998,0.690493584,0.026653290,0.214176178,0.003967285,-0.030212402,0.093322754,-0.008560181,0.030715942,1.960649490,-1.031426430,-1.408408165,-0.027420998,0.690493584,0.026653290,0.000042072,17.502201080,-3.759830713,-1.229153872,0.308012217,0.000753487,-0.001815796,17.528038025,-3.827497482,-1.291049957,0.325779915,0.010040283,0.000042072,17.502201080,-3.759830713,-1.229153872,0.308012217,0.000753487,0.000000000,0.000000000,0.000000000,0.000000000,0.000000000,0.000000000,0.000000000,0.000000000,0.000000000,0.000000000,0.000000000,0.000000000,0.000000000,0.000000000,0.000000000,0.000000000,0.000000000,0.000000000,-0.001857868,0.025836945,-0.067666769,-0.061896086,0.017767698,0.009286796,-0.001202786,0.026719060,0.005487939,-0.007254112,0.017485656,0.010887685
7.739755154,1.960649490,-1.031043053,-1.408408165,-0.027420998,0.690876961,0.026653290,-0.030212402,0.047302246,-0.026184082,-0.152408600,0.046829224,-0.075031281,1.960649490,-1.031043053,-1.408408165,-0.027420998,0.690493584,0.026653290,0.000042072,17.502258301,-3.762827396,-1.229624629,0.308288097,0.000754230,-0.017898560,17.513389587,-3.815045357,-1.348637581,0.305699348,0.015167236,0.000042072,17.502258301,-3.762827396,-1.229624629,0.308288097,0.000754230,0.000000000,0.000000000,0.000000000,0.000000000,0.000000000,0.000000000,0.000000000,0.000000000,0.000000000,0.000000000,0.000000000,0.000000000,0.000000000,0.000000000,0.000000000,0.000000000,0.000000000,0.000000000,-0.017940632,0.011131287,-0.052217960,-0.119012952,-0.002588749,0.014413007,-0.017285550,0.012013402,0.020936748,-0.064370978,-0.002870790,0.016013895
7.749739647,1.960649490,-1.031426430,-1.408408165,-0.027420998,0.690493584,0.026653290,0.031555176,0.022277832,0.044982910,0.138977051,0.037765503,-0.004531860,1.960649490,-1.031043053,-1.408408165,-0.027420998,0.690493584,0.026653290,0.000042072,17.502258301,-3.762827396,-1.229624629,0.308288097,0.000754230,0.014785767,17.498741150,-3.851362228,-1.284305573,0.311253548,0.012176514,0.000042072,17.502258301,-3.762827396,-1.229624629,0.308288097,0.000754230,0.000000000,0.000000000,0.000000000,0.000000000,0.000000000,0.000000000,0.000000000,0.000000000,0.000000000,0.000000000,0.000000000,0.000000000,0.000000000,0.000000000,0.000000000,0.000000000,0.000000000,0.000000000,0.014743694,-0.003517151,-0.088534832,-0.054680943,0.002965450,0.011422284,0.015398777,-0.002635035,-0.015380124,-0.000038970,0.002683409,0.013023173
7.759747028,1.960649490,-1.031043053,-1.408408165,-0.027420998,0.690493584,0.026653290,0.156433105,-0.014343262,-0.067810059,-0.002014160,0.005538940,0.021652222,1.960649490,-1.031426430,-1.408408165,-0.027420998,0.690493584,0.026653290,0.000042072,17.502201080,-3.759830713,-1.229153872,0.308012217,0.000753487,-0.002853394,17.526206970,-3.835798264,-1.291049957,0.301426888,-0.004486084,0.000042072,17.502201080,-3.759830713,-1.229153872,0.308012217,0.000753487,0.000000000,0.000000000,0.000000000,0.000000000,0.000000000,0.000000000,0.000000000,0.000000000,0.000000000,0.000000000,0.000000000,0.000000000,0.000000000,0.000000000,0.000000000,0.000000000,0.000000000,0.000000000,-0.002895466,0.024005890,-0.075967550,-0.061896086,-0.006585330,-0.005239571,-0.002240383,0.024888005,-0.002812842,-0.007254112,-0.006867371,-0.003638682
7.769737720,1.960649490,-1.031426430,-1.408408165,-0.027420998,0.690493584,0.026653290,0.086608887,-0.003967285,-0.101383209,0.124206543,-0.029708862,0.048843384,1.960649490,-1.031043053,-1.408408165,-0.027420998,0.690493584,0.026653290,0.000042072,17.502258301,-3.762827396,-1.229624629,0.308288097,0.000754230,0.007522583,17.476768494,-3.843061447,-1.271335602,0.315526009,-0.007476807,0.000042072,17.502258301,-3.762827396,-1.229624629,0.308288097,0.000754230,0.000000000,0.000000000,0.000000000,0.000000000,0.000000000,0.000000000,0.000000000,0.000000000,0.000000000,0.000000000,0.000000000,0.000000000,0.000000000,0.000000000,0.000000000,0.000000000,0.000000000,0.000000000,0.007480511,-0.025489807,-0.080234051,-0.041710973,0.007237911,-0.008231036,0.008135593,-0.024607692,-0.007079343,0.012931001,0.006955870,-0.006630148
7.779710293,1.960649490,-1.031043053,-1.408024788,-0.027420998,0.690493584,0.026653290,0.118835449,0.106508255,0.104064941,-0.047668457,-0.009567261,-0.022659302,1.960649490,-1.031043053,-1.408408165,-0.027420998,0.690493584,0.026653290,0.000042072,17.502258301,-3.762827396,-1.229624629,0.308288097,0.000754230,-0.000259399,17.507896423,-3.828535080,-1.232944489,0.300999641,-0.001922607,0.000042072,17.502258301,-3.762827396,-1.229624629,0.308288097,0.000754230,0.000000000,0.000000000,0.000000000,0.000000000,0.000000000,0.000000000,0.000000000,0.000000000,0.000000000,0.000000000,0.000000000,0.000000000,0.000000000,0.000000000,0.000000000,0.000000000,0.000000000,0.000000000,-0.000301472,0.005638123,-0.065707684,-0.003319860,-0.007288456,-0.002676837,0.000353611,0.006520238,0.007447024,0.051322114,-0.007570497,-0.001075949
7.789709806,1.960649490,-1.031426430,-1.408408165,-0.027420998,0.690493584,0.026653290,-0.108097076,-0.044252396,-0.130924225,0.015441895,-0.018630981,-0.000503540,1.960649490,-1.031043053,-1.408408165,-0.027420998,0.690876961,0.026653290,0.000042073,17.502519608,-3.763075590,-1.229900360,0.308190405,0.000753970,0.012191772,17.520713806,-3.833204269,-1.326329231,0.338597298,0.011322021,0.000042073,17.502519608,-3.763075590,-1.229900360,0.308190405,0.000753970,0.000000000,0.000000000,0.000000000,0.000000000,0.000000000,0.000000000,0.000000000,0.000000000,0.000000000,0.000000000,0.000000000,0.000000000,0.000000000,0.000000000,0.000000000,0.000000000,0.000000000,0.000000000,0.012149699,0.018194199,-0.070128679,-0.096428871,0.030406892,0.010568051,0.012804782,0.019076314,0.003026029,-0.041786897,0.030124851,0.012168940
7.799720287,1.960649490,-1.031426430,-1.408408165,-0.027420998,0.690493584,0.026653290,0.018127441,-0.202335358,-0.049011230,0.040954590,-0.018630981,-0.009567261,1.960266113,-1.031426430,-1.408408165,-0.027420998,0.690493584,0.026653290,0.000042082,17.502201080,-3.759830713,-1.229153872,0.308012217,0.000753487,0.001815796,17.504234314,-3.866926193,-1.284824371,0.287327766,0.001922607,0.000042082,17.502201080,-3.759830713,-1.229153872,0.308012217,0.000753487,0.000000000,0.000000000,0.000000000,0.000000000,0.000000000,0.000000000,0.000000000,0.000000000,0.000000000,0.000000000,0.000000000,0.000000000,0.000000000,0.000000000,0.000000000,0.000000000,0.000000000,0.000000000,0.001773714,0.002033234,-0.107095480,-0.055670500,-0.020684451,0.001169121,0.002428796,0.002915349,-0.033940772,-0.001028526,-0.020966492,0.002770009
7.809751987,1.960649490,-1.031043053,-1.408408165,-0.027420998,0.690493584,0.026653290,-0.128238678,-0.120546341,0.038269043,0.043640137,-0.014602661,0.038772583,1.960649490,-1.031043053,-1.408408165,-0.027420998,0.690493584,0.026653290,0.000042072,17.502258301,-3.762827396,-1.229624629,0.308288097,0.000754230,0.003372192,17.531700134,-3.848768234,-1.291568756,0.340306282,-0.003631592,0.000042072,17.502258301,-3.762827396,-1.229624629,0.308288097,0.000754230,0.000000000,0.000000000,0.000000000,0.000000000,0.000000000,0.000000000,0.000000000,0.000000000,0.000000000,0.000000000,0.000000000,0.000000000,0.000000000,0.000000000,0.000000000,0.000000000,0.000000000,0.000000000,0.003330120,0.029441833,-0.085940838,-0.061944127,0.032018185,-0.004385821,0.003985202,0.030323949,-0.012786130,-0.007302153,0.031736143,-0.002784933
7.819710732,1.960649490,-1.031426430,-1.408408165,-0.027420998,0.690876961,0.026653290,0.093322754,-0.048524857,0.087951660,0.022155762,0.039779663,-0.012588501,1.960649490,-1.031426430,-1.408408165,-0.027420998,0.690876961,0.026653290,0.000042073,17.502464294,-3.760078907,-1.229429722,0.307914615,0.000753228,-0.014785767,17.513389587,-3.836835861,-1.275485992,0.327916145,0.008758545,0.000042073,17.502464294,-3.760078907,-1.229429722,0.307914615,0.000753228,0.000000000,0.000000000,0.000000000,0.000000000,0.000000000,0.000000000,0.000000000,0.000000000,0.000000000,0.000000000,0.000000000,0.000000000,0.000000000,0.000000000,0.000000000,0.000000000,0.000000000,0.000000000,-0.014827840,0.010925293,-0.076756954,-0.046056271,0.020001531,0.008005317,-0.014172757,0.011807408,-0.003602246,0.008585703,0.019719489,0.009606206
7.829773903,1.960649490,-1.031043053,-1.408408165,-0.027420998,0.690493584,0.026653290,-0.089298248,-0.087587357,0.073181152,0.067810059,-0.007553101,-0.007553101,1.960649490,-1.031043053,-1.408408165,-0.027420998,0.690493584,0.026653290,0.000042072,17.502258301,-3.762827396,-1.229624629,0.308288097,0.000754230,0.000778198,17.480430603,-3.827497482,-1.286380768,0.335179329,0.007476807,0.000042072,17.502258301,-3.762827396,-1.229624629,0.308288097,0.000754230,0.000000000,0.000000000,0.000000000,0.000000000,0.000000000,0.000000000,0.000000000,0.000000000,0.000000000,0.000000000,0.000000000,0.000000000,0.000000000,0.000000000,0.000000000,0.000000000,0.000000000,0.000000000,0.000736126,-0.021827698,-0.064670086,-0.056756139,0.026891232,0.006722577,0.001391208,-0.020945582,0.008484622,-0.002114165,0.026609190,0.008323465
7.839767456,1.960649490,-1.031043053,-1.408408165,-0.027420998,0.690493584,0.026653290,0.083923340,-0.004577637,0.043640137,-0.010070801,0.020645142,0.024673462,1.960649490,-1.031426430,-1.408408165,-0.027420998,0.690493584,0.026653290,0.000042072,17.502201080,-3.759830713,-1.229153872,0.308012217,0.000753487,0.003890991,17.445640564,-3.861219406,-1.285343170,0.302708626,0.008331299,0.000042072,17.502201080,-3.759830713,-1.229153872,0.308012217,0.000753487,0.000000000,0.000000000,0.000000000,0.000000000,0.000000000,0.000000000,0.000000000,0.000000000,0.000000000,0.000000000,0.000000000,0.000000000,0.000000000,0.000000000,0.000000000,0.000000000,0.000000000,0.000000000,0.003848919,-0.056560516,-0.101388693,-0.056189299,-0.005303591,0.007577812,0.004504001,-0.055678401,-0.028233985,-0.001547325,-0.005585633,0.009178701
7.849748135,1.960649490,-1.031426430,-1.408024788,-0.027420998,0.690876961,0.026653290,-0.110782623,-0.076601028,0.147033691,-0.026184082,0.072006226,-0.007553101,1.960649490,-1.031043053,-1.408024788,-0.027420998,0.690493584,0.026653290,0.000042064,17.499094009,-3.759830713,-1.229153872,0.308012217,0.000753487,-0.000259399,17.460289001,-3.826459885,-1.291049957,0.345433235,0.004913330,0.000042064,17.499094009,-3.759830713,-1.229153872,0.308012217,0.000753487,0.000000000,0.000000000,0.000000000,0.000000000,0.000000000,0.000000000,0.000000000,0.000000000,0.000000000,0.000000000,0.000000000,0.000000000,0.000000000,0.000000000,0.000000000,0.000000000,0.000000000,0.000000000,-0.000301463,-0.038805008,-0.066629171,-0.061896086,0.037421018,0.004159843,0.000353619,-0.037922892,0.006525537,-0.007254112,0.037138977,0.005760732
7.859727383,1.960649490,-1.031043053,-1.408408165,-0.027420998,0.690493584,0.026653290,0.040954590,0.025329590,-0.031555176,-0.137638092,0.006546021,-0.042800903,1.960649490,-1.031043053,-1.408408165,-0.027420998,0.690493584,0.026653290,0.000042072,17.502258301,-3.762827396,-1.229624629,0.308288097,0.000754230,0.015823364,17.467613220,-3.839948654,-1.289493561,0.307835579,0.001068115,0.000042072,17.502258301,-3.762827396,-1.229624629,0.308288097,0.000754230,0.000000000,0.000000000,0.000000000,0.000000000,0.000000000,0.000000000,0.000000000,0.000000000,0.000000000,0.000000000,0.000000000,0.000000000,0.000000000,0.000000000,0.000000000,0.000000000,0.000000000,0.000000000,0.015781292,-0.034645081,-0.077121258,-0.059868932,-0.000452518,0.000313886,0.016436374,-0.033762965,-0.003966550,-0.005226958,-0.000734560,0.001914774
7.869713783,1.960649490,-1.031043053,-1.408408165,-0.027420998,0.690493584,0.026653290,0.087951660,0.054626465,0.031555176,-0.058410645,-0.046829224,0.014602661,1.960649490,-1.031043053,-1.408408165,-0.027420998,0.690493584,0.026653290,0.000042072,17.502258301,-3.762827396,-1.229624629,0.308288097,0.000754230,-0.007522583,17.476768494,-3.817120552,-1.278598785,0.300145149,0.003204346,0.000042072,17.502258301,-3.762827396,-1.229624629,0.308288097,0.000754230,0.000000000,0.000000000,0.000000000,0.000000000,0.000000000,0.000000000,0.000000000,0.000000000,0.000000000,0.000000000,0.000000000,0.000000000,0.000000000,0.000000000,0.000000000,0.000000000,0.000000000,0.000000000,-0.007564655,-0.025489807,-0.054293156,-0.048974156,-0.008142948,0.002450116,-0.006909573,-0.024607692,0.018861552,0.005667818,-0.008424989,0.004051005
7.879771709,1.960649490,-1.031043053,-1.408408165,-0.027420998,0.690493584,0.026653290,-0.008728027,-0.013732910,0.055725098,0.153747559,0.014602661,-0.022659302,1.960649490,-1.031043053,-1.408408165,-0.027420998,0.690876961,0.026653290,0.000042073,17.502519608,-3.763075590,-1.229900360,0.308190405,0.000753970,-0.009597778,17.480430603,-3.818158150,-1.260959625,0.303990364,0.016021729,0.000042073,17.502519608,-3.763075590,-1.229900360,0.308190405,0.000753970,0.000000000,0.000000000,0.000000000,0.000000000,0.000000000,0.000000000,0.000000000,0.000000000,0.000000000,0.000000000,0.000000000,0.000000000,0.000000000,0.000000000,0.000000000,0.000000000,0.000000000,0.000000000,-0.009639851,-0.022089005,-0.055082560,-0.031059265,-0.004200041,0.015267758,-0.008984769,-0.021206889,0.018072148,0.023582709,-0.004482082,0.016868647
7.889787436,1.960649490,-1.031043053,-1.408408165,-0.027420998,0.690493584,0.026653290,0.079895020,0.003356934,-0.039611816,0.000671387,-0.050857544,0.075027466,1.960649490,-1.031426430,-1.408408165,-0.027420998,0.690493584,0.026653290,0.000042072,17.502201080,-3.759830713,-1.229153872,0.308012217,0.000753487,0.008560181,17.469444275,-3.849805832,-1.299351692,0.302708626,-0.007049561,0.000042072,17.502201080,-3.759830713,-1.229153872,0.308012217,0.000753487,0.000000000,0.000000000,0.000000000,0.000000000,0.000000000,0.000000000,0.000000000,0.000000000,0.000000000,0.000000000,0.000000000,0.000000000,0.000000000,0.000000000,0.000000000,0.000000000,0.000000000,0.000000000,0.008518109,-0.032756805,-0.089975119,-0.070197821,-0.005303591,-0.007803047,0.009173191,-0.031874690,-0.016820411,-0.015555847,-0.005585633,-0.006202159
7.899885416,1.960649490,-1.031043053,-1.408408165,-0.027420998,0.690493584,0.026653290,0.047668457,0.072937012,0.024841309,0.042297363,-0.068988800,-0.016616821,1.960649490,-1.031426430,-1.408408165,-0.027420998,0.690493584,0.026653290,0.000042072,17.502201080,-3.759830713,-1.229153872,0.308012217,0.000753487,0.010116577,17.517051697,-3.824903488,-1.280155182,0.288182259,0.007476807,0.000042072,17.502201080,-3.759830713,-1.229153872,0.308012217,0.000753487,0.000000000,0.000000000,0.000000000,0.000000000,0.000000000,0.000000000,0.000000000,0.000000000,0.000000000,0.000000000,0.000000000,0.000000000,0.000000000,0.000000000,0.000000000,0.000000000,0.000000000,0.000000000,0.010074505,0.014850616,-0.065072775,-0.051001310,-0.019829959,0.006723320,0.010729587,0.015732732,0.008081933,0.003640664,-0.020112000,0.008324208
7.909713984,1.960649490,-1.031426430,-1.408024788,-0.027420998,0.690876961,0.026653290,-0.044982910,-0.026550293,0.104064941,0.147033691,0.026687622,-0.029708862,1.960649490,-1.031043053,-1.408408165,-0.027420998,0.690493584,0.026653290,0.000042072,17.502258301,-3.762827396,-1.229624629,0.308288097,0.000754230,0.008041382,17.474937439,-3.850324631,-1.260440826,0.324498177,0.004913330,0.000042072,17.502258301,-3.762827396,-1.229624629,0.308288097,0.000754230,0.000000000,0.000000000,0.000000000,0.000000000,0.000000000,0.000000000,0.000000000,0.000000000,0.000000000,0.000000000,0.000000000,0.000000000,0.000000000,0.000000000,0.000000000,0.000000000,0.000000000,0.000000000,0.007999310,-0.027320862,-0.087497234,-0.030816197,0.016210079,0.004159100,0.008654392,-0.026438746,-0.014342526,0.023825777,0.015928038,0.005759989
7.919744492,1.960649490,-1.031426430,-1.408408165,-0.027420998,0.690493584,0.026653290,0.110778809,0.046691895,0.024841309,0.018127441,0.001510620,0.011581421,1.960649490,-1.031426430,-1.408408165,-0.027420998,0.690493584,0.026653290,0.000042072,17.502201080,-3.759830713,-1.229153872,0.308012217,0.000753487,0.012191772,17.551841736,-3.812451363,-1.284824371,0.311253548,0.001922607,0.000042072,17.502201080,-3.759830713,-1.229153872,0.308012217,0.000753487,0.000000000,0.000000000,0.000000000,0.000000000,0.000000000,0.000000000,0.000000000,0.000000000,0.000000000,0.000000000,0.000000000,0.000000000,0.000000000,0.000000000,0.000000000,0.000000000,0.000000000,0.000000000,0.012149700,0.049640656,-0.052620649,-0.055670500,0.003241330,0.001169121,0.012804783,0.050522771,0.020534059,-0.001028526,0.002959289,0.002770009
7.929758549,1.960649490,-1.031426430,-1.408408165,-0.027420998,0.690493584,0.026653290,-0.046325684,0.063781738,-0.086612701,-0.077209473,0.026687622,-0.059921265,1.960649490,-1.031043053,-1.408408165,-0.027420998,0.690493584,0.026653290,0.000042072,17.502258301,-3.762827396,-1.229624629,0.308288097,0.000754230,-0.000778198,17.509727478,-3.857587814,-1.281192780,0.291600227,0.010040283,0.000042072,17.502258301,-3.762827396,-1.229624629,0.308288097,0.000754230,0.000000000,0.000000000,0.000000000,0.000000000,0.000000000,0.000000000,0.000000000,0.000000000,0.000000000,0.000000000,0.000000000,0.000000000,0.000000000,0.000000000,0.000000000,0.000000000,0.000000000,0.000000000,-0.000820270,0.007469177,-0.094760418,-0.051568151,-0.016687870,0.009286054,-0.000165188,0.008351293,-0.021605710,0.003073823,-0.016969911,0.010886942
7.939763546,1.960649490,-1.031043053,-1.408408165,-0.027420998,0.690493584,0.026653290,-0.004699707,0.096132278,0.063781738,-0.058410645,-0.006546021,0.027694702,1.960649490,-1.031043053,-1.408408165,-0.027420998,0.690493584,0.026653290,0.000042072,17.502258301,-3.762827396,-1.229624629,0.308288097,0.000754230,0.005447388,17.507896423,-3.843061447,-1.285861969,0.324925423,-0.014739990,0.000042072,17.502258301,-3.762827396,-1.229624629,0.308288097,0.000754230,0.000000000,0.000000000,0.000000000,0.000000000,0.000000000,0.000000000,0.000000000,0.000000000,0.000000000,0.000000000,0.000000000,0.000000000,0.000000000,0.000000000,0.000000000,0.000000000,0.000000000,0.000000000,0.005405316,0.005638123,-0.080234051,-0.056237340,0.016637325,-0.015494220,0.006060398,0.006520238,-0.007079343,-0.001595366,0.016355284,-0.013893331
7.949712515,1.960649490,-1.031043053,-1.408408165,-0.027420998,0.690493584,0.026653290,-0.034240723,0.068054199,0.012756348,-0.047668457,-0.028701782,0.064956665,1.960649490,-1.031043053,-1.408408165,-0.027420998,0.690876961,0.026653290,0.000042073,17.502519608,-3.763075590,-1.229900360,0.308190405,0.000753970,-0.022048950,17.517051697,-3.831647873,-1.285861969,0.313817024,0.004486084,0.000042073,17.502519608,-3.763075590,-1.229900360,0.308190405,0.000753970,0.000000000,0.000000000,0.000000000,0.000000000,0.000000000,0.000000000,0.000000000,0.000000000,0.000000000,0.000000000,0.000000000,0.000000000,0.000000000,0.000000000,0.000000000,0.000000000,0.000000000,0.000000000,-0.022091023,0.014532089,-0.068572283,-0.055961609,0.005626619,0.003732114,-0.021435941,0.015414205,0.004582425,-0.001319635,0.005344578,0.005333002
7.959708452,1.960649490,-1.031426430,-1.408408165,-0.027420998,0.690493584,0.026653290,0.026184082,-0.025329590,-0.069152832,-0.034240723,-0.082080841,-0.034744263,1.960649490,-1.031043053,-1.408408165,-0.027420998,0.690493584,0.026653290,0.000042072,17.502258301,-3.762827396,-1.229624629,0.308288097,0.000754230,-0.009597778,17.491416931,-3.795331001,-1.294162750,0.306126595,-0.016448975,0.000042072,17.502258301,-3.762827396,-1.229624629,0.308288097,0.000754230,0.000000000,0.000000000,0.000000000,0.000000000,0.000000000,0.000000000,0.000000000,0.000000000,0.000000000,0.000000000,0.000000000,0.000000000,0.000000000,0.000000000,0.000000000,0.000000000,0.000000000,0.000000000,-0.009639851,-0.010841370,-0.032503605,-0.064538121,-0.002161503,-0.017203204,-0.008984768,-0.009959254,0.040651103,-0.009896147,-0.002443544,-0.015602316
7.969719887,1.960649490,-1.031426430,-1.408408165,-0.027420998,0.690493584,0.026653290,-0.003356934,-0.019226074,0.040954590,0.058410645,-0.035751343,0.001510620,1.960649490,-1.031043053,-1.408408165,-0.027420998,0.690876961,0.026653290,0.000042073,17.502519608,-3.763075590,-1.229900360,0.308190405,0.000753970,0.001296997,17.478599548,-3.823347092,-1.261478424,0.314244270,0.003631592,0.000042073,17.502519608,-3.763075590,-1.229900360,0.308190405,0.000753970,0.000000000,0.000000000,0.000000000,0.000000000,0.000000000,0.000000000,0.000000000,0.000000000,0.000000000,0.000000000,0.000000000,0.000000000,0.000000000,0.000000000,0.000000000,0.000000000,0.000000000,0.000000000,0.001254924,-0.023920059,-0.060271502,-0.031578064,0.006053865,0.002877621,0.001910006,-0.023037944,0.012883207,0.023063910,0.005771824,0.004478510
7.979716301,1.960649490,-1.031043053,-1.408024788,-0.027420998,0.690493584,0.026653290,-0.114810944,-0.068666458,0.106750488,0.039611816,-0.004531860,-0.035751343,1.960649490,-1.031426430,-1.408024788,-0.027420998,0.690493584,0.026653290,0.000042064,17.499036789,-3.756833315,-1.228682995,0.307736278,0.000752744,-0.014785767,17.498741150,-3.830610275,-1.281711578,0.313389778,0.003204346,0.000042064,17.499036789,-3.756833315,-1.228682995,0.307736278,0.000752744,0.000000000,0.000000000,0.000000000,0.000000000,0.000000000,0.000000000,0.000000000,0.000000000,0.000000000,0.000000000,0.000000000,0.000000000,0.000000000,0.000000000,0.000000000,0.000000000,0.000000000,0.000000000,-0.014827830,-0.000295639,-0.073776960,-0.053028584,0.005653501,0.002451602,-0.014172748,0.000586476,-0.000622252,0.001613390,0.005371459,0.004052491
7.989752054,1.960649490,-1.031043053,-1.408408165,-0.027420998,0.690876961,0.026653290,-0.011413574,0.013122559,0.104064941,-0.002014160,-0.011581421,0.012588501,1.960649490,-1.031043053,-1.408408165,-0.027420998,0.690493584,0.026653290,0.000042072,17.502258301,-3.762827396,-1.229624629,0.308288097,0.000754230,0.003890991,17.460289001,-3.807263374,-1.277561188,0.295018196,0.013031006,0.000042072,17.502258301,-3.762827396,-1.229624629,0.308288097,0.000754230,0.000000000,0.000000000,0.000000000,0.000000000,0.000000000,0.000000000,0.000000000,0.000000000,0.000000000,0.000000000,0.000000000,0.000000000,0.000000000,0.000000000,0.000000000,0.000000000,0.000000000,0.000000000,0.003848919,-0.041969299,-0.044435978,-0.047936559,-0.013269901,0.012276776,0.004504001,-0.041087184,0.028718730,0.006705415,-0.013551942,0.013877665
7.999712467,1.960649490,-1.031043053,-1.408408165,-0.027420998,0.690493584,0.026653290,-0.065124512,0.014343262,-0.016784668,-0.007385254,-0.043807983,-0.010574341,1.960649490,-1.031043053,-1.408408165,-0.027420998,0.690876961,0.026653290,0.000042073,17.502519608,-3.763075590,-1.229900360,0.308190405,0.000753970,0.003890991,17.502403259,-3.845136642,-1.278079987,0.343724251,0.006195068,0.000042073,17.502519608,-3.763075590,-1.229900360,0.308190405,0.000753970,0.000000000,0.000000000,0.000000000,0.000000000,0.000000000,0.000000000,0.000000000,0.000000000,0.000000000,0.000000000,0.000000000,0.000000000,0.000000000,0.000000000,0.000000000,0.000000000,0.000000000,0.000000000,0.003848918,-0.000116348,-0.082061052,-0.048179626,0.035533845,0.005441098,0.004504000,0.000765767,-0.008906344,0.006462347,0.035251804,0.007041987
8.009771824,1.960649490,-1.031043053,-1.408408165,-0.027420998,0.690493584,0.026653290,0.105407715,-0.010070801,0.008728027,-0.062438965,0.020645142,-0.001510620,1.960649490,-1.031043053,-1.408408165,-0.027420998,0.690493584,0.026653290,0.000042072,17.502258301,-3.762827396,-1.229624629,0.308288097,0.000754230,-0.003890991,17.480430603,-3.829053879,-1.252658844,0.303990364,-0.005340576,0.000042072,17.502258301,-3.762827396,-1.229624629,0.308288097,0.000754230,0.000000000,0.000000000,0.000000000,0.000000000,0.000000000,0.000000000,0.000000000,0.000000000,0.000000000,0.000000000,0.000000000,0.000000000,0.000000000,0.000000000,0.000000000,0.000000000,0.000000000,0.000000000,-0.003933063,-0.021827698,-0.066226482,-0.023034215,-0.004297733,-0.006094806,-0.003277981,-0.020945582,0.006928226,0.031607759,-0.004579774,-0.004493917
8.019753456,1.960266113,-1.031043053,-1.408408165,-0.027420998,0.690876961,0.026653290,-0.011413574,-0.030212402,0.067810059,-0.083923340,0.001510620,-0.025680542,1.960649490,-1.031426430,-1.408408165,-0.027420998,0.690876961,0.026653290,0.000042073,17.502464294,-3.760078907,-1.229429722,0.307914615,0.000753228,-0.003372192,17.491416931,-3.863294601,-1.283267975,0.293736458,0.004058838,0.000042073,17.502464294,-3.760078907,-1.229429722,0.307914615,0.000753228,0.000000000,0.000000000,0.000000000,0.000000000,0.000000000,0.000000000,0.000000000,0.000000000,0.000000000,0.000000000,0.000000000,0.000000000,0.000000000,0.000000000,0.000000000,0.000000000,0.000000000,0.000000000,-0.003414265,-0.011047363,-0.103215694,-0.053838253,-0.014178157,0.003305610,-0.002759183,-0.010165248,-0.030060986,0.000803721,-0.014460198,0.004906499
8.029718637,1.960649490,-1.031426430,-1.408408165,-0.027420998,0.690493584,0.026653290,-0.066467285,-0.082704544,0.008728027,0.188663483,0.003524780,-0.009567261,1.960649490,-1.031043053,-1.408408165,-0.027420998,0.690876961,0.026653290,0.000042073,17.502519608,-3.763075590,-1.229900360,0.308190405,0.000753970,-0.010635376,17.548179626,-3.814526558,-1.274967194,0.312962532,-0.001068115,0.000042073,17.502519608,-3.763075590,-1.229900360,0.308190405,0.000753970,0.000000000,0.000000000,0.000000000,0.000000000,0.000000000,0.000000000,0.000000000,0.000000000,0.000000000,0.000000000,0.000000000,0.000000000,0.000000000,0.000000000,0.000000000,0.000000000,0.000000000,0.000000000,-0.010677449,0.045660019,-0.051450968,-0.045066833,0.004772127,-0.001822086,-0.010022367,0.046542134,0.021703740,0.009575140,0.004490086,-0.000221197
8.039792538,1.960649490,-1.031426430,-1.408408165,-0.027420998,0.690876961,0.026653290,-0.070495605,-0.030822754,-0.059753418,0.050354004,0.069992065,0.034744263,1.960649490,-1.031426430,-1.408408165,-0.027420998,0.690493584,0.026653290,0.000042072,17.502201080,-3.759830713,-1.229153872,0.308012217,0.000753487,-0.022048950,17.517051697,-3.804669380,-1.270816803,0.283055305,-0.002777100,0.000042072,17.502201080,-3.759830713,-1.229153872,0.308012217,0.000753487,0.000000000,0.000000000,0.000000000,0.000000000,0.000000000,0.000000000,0.000000000,0.000000000,0.000000000,0.000000000,0.000000000,0.000000000,0.000000000,0.000000000,0.000000000,0.000000000,0.000000000,0.000000000,-0.022091022,0.014850616,-0.044838667,-0.041662931,-0.024956912,-0.003530586,-0.021435940,0.015732732,0.028316041,0.012979042,-0.025238953,-0.001929698
8.049741030,1.960649490,-1.031043053,-1.408408165,-0.027420998,0.690493584,0.026653290,0.102722168,0.173036575,0.000671387,-0.069152832,0.006546021,-0.009567261,1.960649490,-1.031043053,-1.408408165,-0.027420998,0.690493584,0.026653290,0.000042072,17.502258301,-3.762827396,-1.229624629,0.308288097,0.000754230,-0.013229370,17.491416931,-3.831129074,-1.276004791,0.327488899,0.002349854,0.000042072,17.502258301,-3.762827396,-1.229624629,0.308288097,0.000754230,0.000000000,0.000000000,0.000000000,0.000000000,0.000000000,0.000000000,0.000000000,0.000000000,0.000000000,0.000000000,0.000000000,0.000000000,0.000000000,0.000000000,0.000000000,0.000000000,0.000000000,0.000000000,-0.013271442,-0.010841370,-0.068301678,-0.046380162,0.019200802,0.001595624,-0.012616360,-0.009959254,0.004853030,0.008261812,0.018918761,0.003196512
8.059748888,1.960649490,-1.031043053,-1.408408165,-0.027420998,0.690493584,0.026653290,-0.031555176,0.045471191,-0.081237793,-0.167179108,0.019638062,-0.055892944,1.960649490,-1.031426430,-1.408408165,-0.027420998,0.690493584,0.026653290,0.000042072,17.502201080,-3.759830713,-1.229153872,0.308012217,0.000753487,-0.004928589,17.507896423,-3.860181808,-1.279117584,0.329625130,-0.007904053,0.000042072,17.502201080,-3.759830713,-1.229153872,0.308012217,0.000753487,0.000000000,0.000000000,0.000000000,0.000000000,0.000000000,0.000000000,0.000000000,0.000000000,0.000000000,0.000000000,0.000000000,0.000000000,0.000000000,0.000000000,0.000000000,0.000000000,0.000000000,0.000000000,-0.004970661,0.005695343,-0.100351095,-0.049963713,0.021612912,-0.008657539,-0.004315579,0.006577459,-0.027196387,0.004678261,0.021330871,-0.007056651
8.069743156,1.960649490,-1.031426430,-1.408408165,-0.027420998,0.690493584,0.026653290,0.016784668,-0.201114655,-0.122867584,-0.015441895,-0.002517700,-0.052871704,1.960649490,-1.031426430,-1.408408165,-0.027420998,0.690493584,0.026653290,0.000042072,17.502201080,-3.759830713,-1.229153872,0.308012217,0.000753487,0.014266968,17.387046814,-3.838392258,-1.276004791,0.307408333,0.002349854,0.000042072,17.502201080,-3.759830713,-1.229153872,0.308012217,0.000753487,0.000000000,0.000000000,0.000000000,0.000000000,0.000000000,0.000000000,0.000000000,0.000000000,0.000000000,0.000000000,0.000000000,0.000000000,0.000000000,0.000000000,0.000000000,0.000000000,0.000000000,0.000000000,0.014224896,-0.115154266,-0.078561544,-0.046850920,-0.000603884,0.001596367,0.014879978,-0.114272151,-0.005406836,0.007791054,-0.000885926,0.003197255
8.079744577,1.960649490,-1.031043053,-1.408408165,-0.027420998,0.690876961,0.026653290,0.091979980,-0.089418411,-0.110782623,-0.050354004,0.045822144,-0.002517700,1.960649490,-1.031043053,-1.408408165,-0.027420998,0.690876961,0.026653290,0.000042073,17.502519608,-3.763075590,-1.229900360,0.308190405,0.000753970,0.022567749,17.482261658,-3.820753098,-1.273410797,0.283482552,0.012176514,0.000042073,17.502519608,-3.763075590,-1.229900360,0.308190405,0.000753970,0.000000000,0.000000000,0.000000000,0.000000000,0.000000000,0.000000000,0.000000000,0.000000000,0.000000000,0.000000000,0.000000000,0.000000000,0.000000000,0.000000000,0.000000000,0.000000000,0.000000000,0.000000000,0.022525676,-0.020257950,-0.057677507,-0.043510437,-0.024707854,0.011422543,0.023180758,-0.019375834,0.015477201,0.011131537,-0.024989895,0.013023432
8.089708090,1.960649490,-1.031426430,-1.408408165,-0.027420998,0.690876961,0.026653290,0.038269043,0.019836426,0.032897949,0.055725098,0.036758423,0.018630981,1.960649490,-1.031426430,-1.408408165,-0.027420998,0.690493584,0.026653290,0.000042072,17.502201080,-3.759830713,-1.229153872,0.308012217,0.000753487,0.002334595,17.484092712,-3.828535080,-1.281711578,0.300999641,-0.009613037,0.000042072,17.502201080,-3.759830713,-1.229153872,0.308012217,0.000753487,0.000000000,0.000000000,0.000000000,0.000000000,0.000000000,0.000000000,0.000000000,0.000000000,0.000000000,0.000000000,0.000000000,0.000000000,0.000000000,0.000000000,0.000000000,0.000000000,0.000000000,0.000000000,0.002292523,-0.018108368,-0.068704367,-0.052557707,-0.007012576,-0.010366524,0.002947605,-0.017226252,0.004450341,0.002084267,-0.007294617,-0.008765635
8.099708319,1.960649490,-1.031043053,-1.408408165,-0.027420998,0.690493584,0.026653290,-0.132266998,-0.035705566,-0.014099121,0.018127441,-0.046829224,0.003524780,1.960649490,-1.031043053,-1.408408165,-0.027420998,0.690493584,0.026653290,0.000042072,17.502258301,-3.762827396,-1.229624629,0.308288097,0.000754230,0.005966187,17.467613220,-3.815045357,-1.280673981,0.345005989,-0.001068115,0.000042072,17.502258301,-3.762827396,-1.229624629,0.308288097,0.000754230,0.000000000,0.000000000,0.000000000,0.000000000,0.000000000,0.000000000,0.000000000,0.000000000,0.000000000,0.000000000,0.000000000,0.000000000,0.000000000,0.000000000,0.000000000,0.000000000,0.000000000,0.000000000,0.005924114,-0.034645081,-0.052217960,-0.051049352,0.036717892,-0.001822345,0.006579197,-0.033762965,0.020936748,0.003592622,0.036435851,-0.000221456
8.109749079,1.960649490,-1.031426430,-1.408408165,-0.027420998,0.690876961,0.026653290,0.002014160,-0.051576614,-0.030212402,0.055725098,-0.028701782,0.010574341,1.960649490,-1.031043053,-1.408408165,-0.027420998,0.690876961,0.026653290,0.000042073,17.502519608,-3.763075590,-1.229900360,0.308190405,0.000753970,0.002853394,17.465782166,-3.866407394,-1.314396858,0.346287727,0.004913330,0.000042073,17.502519608,-3.763075590,-1.229900360,0.308190405,0.000753970,0.000000000,0.000000000,0.000000000,0.000000000,0.000000000,0.000000000,0.000000000,0.000000000,0.000000000,0.000000000,0.000000000,0.000000000,0.000000000,0.000000000,0.000000000,0.000000000,0.000000000,0.000000000,0.002811320,-0.036737442,-0.103331804,-0.084496498,0.038097322,0.004159360,0.003466403,-0.035855326,-0.030177096,-0.029854524,0.037815281,0.005760248
8.119742632,1.960649490,-1.031043053,-1.408024788,-0.027420998,0.690493584,0.026653290,0.047668457,-0.084535599,0.086608887,-0.047668457,-0.049850464,0.027694702,1.960649490,-1.031043053,-1.408024788,-0.027420998,0.690493584,0.026653290,0.000042064,17.499094009,-3.759830713,-1.229153872,0.308012217,0.000753487,-0.009078979,17.524375916,-3.857069016,-1.283267975,0.302708626,0.006622314,0.000042064,17.499094009,-3.759830713,-1.229153872,0.308012217,0.000753487,0.000000000,0.000000000,0.000000000,0.000000000,0.000000000,0.000000000,0.000000000,0.000000000,0.000000000,0.000000000,0.000000000,0.000000000,0.000000000,0.000000000,0.000000000,0.000000000,0.000000000,0.000000000,-0.009121044,0.025281906,-0.097238302,-0.054114103,-0.005303591,0.005868828,-0.008465961,0.026164022,-0.024083594,0.000527871,-0.005585633,0.007469716
8.129727840,1.960266113,-1.031426430,-1.408408165,-0.027420998,0.690876961,0.026653290,-0.101383209,-0.068056107,-0.067810059,-0.094669342,0.035751343,0.019638062,1.960649490,-1.031043053,-1.408408165,-0.027420998,0.690493584,0.026653290,0.000042072,17.502258301,-3.762827396,-1.229624629,0.308288097,0.000754230,-0.009078979,17.513389587,-3.868482590,-1.277561188,0.333043098,-0.007904053,0.000042072,17.502258301,-3.762827396,-1.229624629,0.308288097,0.000754230,0.000000000,0.000000000,0.000000000,0.000000000,0.000000000,0.000000000,0.000000000,0.000000000,0.000000000,0.000000000,0.000000000,0.000000000,0.000000000,0.000000000,0.000000000,0.000000000,0.000000000,0.000000000,-0.009121052,0.011131287,-0.105655193,-0.047936559,0.024755001,-0.008658282,-0.008465970,0.012013402,-0.032500485,0.006705415,0.024472960,-0.007057394
8.139747620,1.960649490,-1.031043053,-1.408408165,-0.027420998,0.690493584,0.026653290,-0.024841309,0.044860840,-0.114810944,0.006042480,-0.017623901,-0.008560181,1.960649490,-1.031043053,-1.408408165,-0.027420998,0.690876961,0.026653290,0.000042073,17.502519608,-3.763075590,-1.229900360,0.308190405,0.000753970,-0.013748169,17.520713806,-3.841505051,-1.270816803,0.328770638,0.004486084,0.000042073,17.502519608,-3.763075590,-1.229900360,0.308190405,0.000753970,0.000000000,0.000000000,0.000000000,0.000000000,0.000000000,0.000000000,0.000000000,0.000000000,0.000000000,0.000000000,0.000000000,0.000000000,0.000000000,0.000000000,0.000000000,0.000000000,0.000000000,0.000000000,-0.013790242,0.018194199,-0.078429461,-0.040916443,0.020580232,0.003732114,-0.013135160,0.019076314,-0.005274752,0.013725531,0.020298191,0.005333002
8.149708033,1.960649490,-1.031426430,-1.408408165,-0.027420998,0.690876961,0.026653290,0.042297363,-0.004577637,-0.007385254,0.031555176,0.014602661,-0.027694702,1.960649490,-1.031043053,-1.408408165,-0.027420998,0.690493584,0.026653290,0.000042072,17.502258301,-3.762827396,-1.229624629,0.308288097,0.000754230,-0.022567749,17.495079041,-3.842542648,-1.317509651,0.292881966,0.021575928,0.000042072,17.502258301,-3.762827396,-1.229624629,0.308288097,0.000754230,0.000000000,0.000000000,0.000000000,0.000000000,0.000000000,0.000000000,0.000000000,0.000000000,0.000000000,0.000000000,0.000000000,0.000000000,0.000000000,0.000000000,0.000000000,0.000000000,0.000000000,0.000000000,-0.022609821,-0.007179260,-0.079715252,-0.087885022,-0.015406132,0.020821698,-0.021954739,-0.006297145,-0.006560544,-0.033243048,-0.015688173,0.022422587
8.159708261,1.960649490,-1.031426430,-1.408408165,-0.027420998,0.690493584,0.026653290,-0.019470215,-0.111391068,0.020812988,-0.049011230,-0.058914185,0.004531860,1.960649490,-1.031426430,-1.408408165,-0.027420998,0.690493584,0.026653290,0.000042072,17.502201080,-3.759830713,-1.229153872,0.308012217,0.000753487,-0.007003784,17.496910095,-3.836835861,-1.295201302,0.309544563,-0.007049561,0.000042072,17.502201080,-3.759830713,-1.229153872,0.308012217,0.000753487,0.000000000,0.000000000,0.000000000,0.000000000,0.000000000,0.000000000,0.000000000,0.000000000,0.000000000,0.000000000,0.000000000,0.000000000,0.000000000,0.000000000,0.000000000,0.000000000,0.000000000,0.000000000,-0.007045856,-0.005290985,-0.077005148,-0.066047430,0.001532346,-0.007803047,-0.006390774,-0.004408870,-0.003850440,-0.011405456,0.001250305,-0.006202159
8.169735193,1.960649490,-1.031043053,-1.408408165,-0.027420998,0.690493584,0.026653290,0.109436035,-0.069887161,0.180606842,-0.238346100,-0.021652222,-0.053878784,1.960649490,-1.031043053,-1.408408165,-0.027420998,0.690493584,0.026653290,0.000042072,17.502258301,-3.762827396,-1.229624629,0.308288097,0.000754230,0.001296997,17.500572205,-3.832166672,-1.287937164,0.279210091,-0.011749268,0.000042072,17.502258301,-3.762827396,-1.229624629,0.308288097,0.000754230,0.000000000,0.000000000,0.000000000,0.000000000,0.000000000,0.000000000,0.000000000,0.000000000,0.000000000,0.000000000,0.000000000,0.000000000,0.000000000,0.000000000,0.000000000,0.000000000,0.000000000,0.000000000,0.001254925,-0.001686096,-0.069339275,-0.058312535,-0.029078007,-0.012503497,0.001910007,-0.000803981,0.003815433,-0.003670561,-0.029360048,-0.010902609
8.179712772,1.960649490,-1.031043053,-1.408408165,-0.027037621,0.690493584,0.026653290,-0.028869629,-0.033874512,-0.163150787,0.132263184,-0.024673462,-0.057907104,1.960649490,-1.031043053,-1.408408165,-0.027420998,0.690493584,0.026653290,0.000042072,17.502258301,-3.762827396,-1.229624629,0.308288097,0.000754230,-0.015823364,17.489585876,-3.828016281,-1.300389290,0.336461067,-0.010894775,0.000042072,17.502258301,-3.762827396,-1.229624629,0.308288097,0.000754230,0.000000000,0.000000000,0.000000000,0.000000000,0.000000000,0.000000000,0.000000000,0.000000000,0.000000000,0.000000000,0.000000000,0.000000000,0.000000000,0.000000000,0.000000000,0.000000000,0.000000000,0.000000000,-0.015865436,-0.012672424,-0.065188885,-0.070764661,0.028172970,-0.011649005,-0.015210354,-0.011790309,0.007965823,-0.016122687,0.027890929,-0.010048117
8.189738750,1.960649490,-1.031043053,-1.408408165,-0.027420998,0.690876961,0.026653290,0.063781738,0.073547363,-0.066467285,-0.031555176,0.021652222,0.004531860,1.960649490,-1.031426430,-1.408408165,-0.027420998,0.690876961,0.026653290,0.000042073,17.502464294,-3.760078907,-1.229429722,0.307914615,0.000753228,0.020492554,17.484092712,-3.841505051,-1.284824371,0.312108040,0.007049561,0.000042073,17.502464294,-3.760078907,-1.229429722,0.307914615,0.000753228,0.000000000,0.000000000,0.000000000,0.000000000,0.000000000,0.000000000,0.000000000,0.000000000,0.000000000,0.000000000,0.000000000,0.000000000,0.000000000,0.000000000,0.000000000,0.000000000,0.000000000,0.000000000,0.020450481,-0.018371582,-0.081426144,-0.055394650,0.004193425,0.006296333,0.021105563,-0.017489467,-0.008271436,-0.000752676,0.003911384,0.007897221
8.199781895,1.960649490,-1.031043053,-1.408408165,-0.027420998,0.690493584,0.026268959,-0.121524811,-0.016784668,-0.002014160,0.147033691,0.021652222,-0.092151642,1.960649490,-1.031043053,-1.408408165,-0.027420998,0.690493584,0.026653290,0.000042072,17.502258301,-3.762827396,-1.229624629,0.308288097,0.000754230,0.021530151,17.537193298,-3.909468651,-1.270816803,0.318516731,-0.004058838,0.000042072,17.502258301,-3.762827396,-1.229624629,0.308288097,0.000754230,0.000000000,0.000000000,0.000000000,0.000000000,0.000000000,0.000000000,0.000000000,0.000000000,0.000000000,0.000000000,0.000000000,0.000000000,0.000000000,0.000000000,0.000000000,0.000000000,0.000000000,0.000000000,0.021488079,0.034934998,-0.146641254,-0.041192174,0.010228634,-0.004813068,0.022143161,0.035817113,-0.073486546,0.013449800,0.009946593,-0.003212179
8.209741592,1.960649490,-1.031426430,-1.408408165,-0.027420998,0.690876961,0.026653290,0.015441895,-0.056459427,-0.043640137,-0.038269043,0.056900024,0.033737183,1.960649490,-1.031043053,-1.408408165,-0.027037621,0.690493584,0.026653290,0.000042071,17.501810074,-3.762403727,-1.229153872,0.308012217,0.000753487,0.007003784,17.482261658,-3.840986252,-1.286899567,0.318089485,-0.007049561,0.000042071,17.501810074,-3.762403727,-1.229153872,0.308012217,0.000753487,0.000000000,0.000000000,0.000000000,0.000000000,0.000000000,0.000000000,0.000000000,0.000000000,0.000000000,0.000000000,0.000000000,0.000000000,0.000000000,0.000000000,0.000000000,0.000000000,0.000000000,0.000000000,0.006961713,-0.019548416,-0.078582525,-0.057745695,0.010077268,-0.007803047,0.007616795,-0.018666301,-0.005427817,-0.003103721,0.009795227,-0.006202159
8.219734669,1.960649490,-1.031426430,-1.408408165,-0.027420998,0.690876961,0.026653290,-0.023498535,-0.091249466,0.089294434,-0.019470215,0.060928345,-0.005538940,1.960649490,-1.031426430,-1.408408165,-0.027420998,0.690493584,0.026653290,0.000042072,17.502201080,-3.759830713,-1.229153872,0.308012217,0.000753487,0.000778198,17.463951111,-3.815564156,-1.284824371,0.321934700,-0.017303467,0.000042072,17.502201080,-3.759830713,-1.229153872,0.308012217,0.000753487,0.000000000,0.000000000,0.000000000,0.000000000,0.000000000,0.000000000,0.000000000,0.000000000,0.000000000,0.000000000,0.000000000,0.000000000,0.000000000,0.000000000,0.000000000,0.000000000,0.000000000,0.000000000,0.000736126,-0.038249969,-0.055733442,-0.055670500,0.013922483,-0.018056954,0.001391208,-0.037367854,0.017421266,-0.001028526,0.013640442,-0.016456065
8.229711533,1.960649490,-1.031043053,-1.408408165,-0.027420998,0.690493584,0.026653290,0.000671387,0.076599121,-0.047668457,0.054382324,0.034744263,-0.041793823,1.960649490,-1.031043053,-1.408408165,-0.027420998,0.690493584,0.026653290,0.000042072,17.502258301,-3.762827396,-1.229624629,0.308288097,0.000754230,0.000259399,17.515220642,-3.877302170,-1.282749176,0.300572395,-0.010894775,0.000042072,17.502258301,-3.762827396,-1.229624629,0.308288097,0.000754230,0.000000000,0.000000000,0.000000000,0.000000000,0.000000000,0.000000000,0.000000000,0.000000000,0.000000000,0.000000000,0.000000000,0.000000000,0.000000000,0.000000000,0.000000000,0.000000000,0.000000000,0.000000000,0.000217327,0.012962341,-0.114474773,-0.053124547,-0.007715702,-0.011649005,0.000872409,0.013844457,-0.041320065,0.001517427,-0.007997743,-0.010048117
8.239743948,1.960649490,-1.031043053,-1.408408165,-0.027420998,0.690493584,0.026653290,0.016784668,0.075378418,0.075866699,0.010070801,-0.034744263,0.033737183,1.960649490,-1.031043053,-1.408408165,-0.027420998,0.690493584,0.026653290,0.000042072,17.502258301,-3.762827396,-1.229624629,0.308288097,0.000754230,0.004409790,17.562828064,-3.813488960,-1.291049957,0.278355598,0.005340576,0.000042072,17.502258301,-3.762827396,-1.229624629,0.308288097,0.000754230,0.000000000,0.000000000,0.000000000,0.000000000,0.000000000,0.000000000,0.000000000,0.000000000,0.000000000,0.000000000,0.000000000,0.000000000,0.000000000,0.000000000,0.000000000,0.000000000,0.000000000,0.000000000,0.004367718,0.060569763,-0.050661564,-0.061425328,-0.029932499,0.004586347,0.005022800,0.061451879,0.022493144,-0.006783354,-0.030214540,0.006187235
8.249732733,1.960649490,-1.031426430,-1.408408165,-0.027420998,0.690493584,0.026653290,-0.019470215,-0.072938919,0.083923340,0.026184082,-0.034744263,0.053878784,1.960649490,-1.031043053,-1.408408165,-0.027420998,0.690493584,0.026653290,0.000042072,17.502258301,-3.762827396,-1.229624629,0.308288097,0.000754230,-0.004409790,17.473106384,-3.851362228,-1.285861969,0.305272102,-0.004486084,0.000042072,17.502258301,-3.762827396,-1.229624629,0.308288097,0.000754230,0.000000000,0.000000000,0.000000000,0.000000000,0.000000000,0.000000000,0.000000000,0.000000000,0.000000000,0.000000000,0.000000000,0.000000000,0.000000000,0.000000000,0.000000000,0.000000000,0.000000000,0.000000000,-0.004451862,-0.029151917,-0.088534832,-0.056237340,-0.003015995,-0.005240314,-0.003796780,-0.028269801,-0.015380124,-0.001595366,-0.003298036,-0.003639425
8.259707689,1.960649490,-1.031426430,-1.408408165,-0.027420998,0.690493584,0.026653290,-0.010070801,-0.102235794,0.125549316,0.046325684,-0.022659302,0.034744263,1.960649490,-1.031043053,-1.408024788,-0.027420998,0.690493584,0.026653290,0.000042064,17.499094009,-3.759830713,-1.229153872,0.308012217,0.000753487,-0.000259399,17.465782166,-3.822828293,-1.282749176,0.311680794,0.003631592,0.000042064,17.499094009,-3.759830713,-1.229153872,0.308012217,0.000753487,0.000000000,0.000000000,0.000000000,0.000000000,0.000000000,0.000000000,0.000000000,0.000000000,0.000000000,0.000000000,0.000000000,0.000000000,0.000000000,0.000000000,0.000000000,0.000000000,0.000000000,0.000000000,-0.000301463,-0.033311844,-0.062997580,-0.053595304,0.003668576,0.002878105,0.000353619,-0.032429728,0.010157128,0.001046669,0.003386535,0.004478994
8.269713163,1.960649490,-1.031043053,-1.408408165,-0.027420998,0.690493584,0.026653290,-0.062438965,0.007019043,0.053039551,-0.082580566,-0.009567261,-0.004531860,1.960649490,-1.031426430,-1.408408165,-0.027420998,0.690493584,0.026653290,0.000042072,17.502201080,-3.759830713,-1.229153872,0.308012217,0.000753487,-0.000259399,17.515220642,-3.814007759,-1.309208870,0.295445442,0.010467529,0.000042072,17.502201080,-3.759830713,-1.229153872,0.308012217,0.000753487,0.000000000,0.000000000,0.000000000,0.000000000,0.000000000,0.000000000,0.000000000,0.000000000,0.000000000,0.000000000,0.000000000,0.000000000,0.000000000,0.000000000,0.000000000,0.000000000,0.000000000,0.000000000,-0.000301471,0.013019562,-0.054177046,-0.080054998,-0.012566775,0.009714043,0.000353611,0.013901677,0.018977662,-0.025413024,-0.012848816,0.011314931
8.279801369,1.960649490,-1.031043053,-1.408408165,-0.027420998,0.690493584,0.026653290,0.003356934,0.203554153,-0.062438965,0.051696777,0.008560181,-0.007553101,1.960649490,-1.031043053,-1.408408165,-0.027420998,0.690493584,0.026653290,0.000042072,17.502258301,-3.762827396,-1.229624629,0.308288097,0.000754230,0.011672974,17.509727478,-3.851881027,-1.273929596,0.292027473,-0.003631592,0.000042072,17.502258301,-3.762827396,-1.229624629,0.308288097,0.000754230,0.000000000,0.000000000,0.000000000,0.000000000,0.000000000,0.000000000,0.000000000,0.000000000,0.000000000,0.000000000,0.000000000,0.000000000,0.000000000,0.000000000,0.000000000,0.000000000,0.000000000,0.000000000,0.011630901,0.007469177,-0.089053631,-0.044304967,-0.016260624,-0.004385821,0.012285984,0.008351293,-0.015898923,0.010337007,-0.016542665,-0.002784933
8.289792299,1.960649490,-1.031043053,-1.408408165,-0.027420998,0.690493584,0.026653290,-0.097354889,-0.013122559,-0.130924225,0.104064941,0.003524780,0.014602661,1.960266113,-1.031043053,-1.408408165,-0.027420998,0.690493584,0.026653290,0.000042082,17.502258301,-3.762827396,-1.229624629,0.308288097,0.000754230,0.003890991,17.504234314,-3.811932564,-1.290531158,0.315953255,-0.020294189,0.000042082,17.502258301,-3.762827396,-1.229624629,0.308288097,0.000754230,0.000000000,0.000000000,0.000000000,0.000000000,0.000000000,0.000000000,0.000000000,0.000000000,0.000000000,0.000000000,0.000000000,0.000000000,0.000000000,0.000000000,0.000000000,0.000000000,0.000000000,0.000000000,0.003848909,0.001976013,-0.049105167,-0.060906529,0.007665157,-0.021048419,0.004503991,0.002858129,0.024049541,-0.006264556,0.007383116,-0.019447531
8.299711466,1.960649490,-1.031043053,-1.408408165,-0.027420998,0.690493584,0.026653290,0.050354004,0.112611771,0.055725098,0.032897949,-0.029708862,0.026687622,1.960649490,-1.031043053,-1.408408165,-0.027420998,0.690493584,0.026653290,0.000042072,17.502258301,-3.762827396,-1.229624629,0.308288097,0.000754230,-0.005447388,17.502403259,-3.848249435,-1.287937164,0.319371223,-0.008331299,0.000042072,17.502258301,-3.762827396,-1.229624629,0.308288097,0.000754230,0.000000000,0.000000000,0.000000000,0.000000000,0.000000000,0.000000000,0.000000000,0.000000000,0.000000000,0.000000000,0.000000000,0.000000000,0.000000000,0.000000000,0.000000000,0.000000000,0.000000000,0.000000000,-0.005489460,0.000144958,-0.085422039,-0.058312535,0.011083126,-0.009085528,-0.004834378,0.001027074,-0.012267331,-0.003670561,0.010801085,-0.007484640
8.309743166,1.960649490,-1.031426430,-1.408408165,-0.027420998,0.690876961,0.026653290,-0.031555176,-0.069276810,0.019470215,0.071838379,0.034744263,-0.015609741,1.960649490,-1.031426430,-1.408408165,-0.027420998,0.690493584,0.026653290,0.000042072,17.502201080,-3.759830713,-1.229153872,0.308012217,0.000753487,-0.011672974,17.471275330,-3.843061447,-1.276004791,0.298436165,-0.001922607,0.000042072,17.502201080,-3.759830713,-1.229153872,0.308012217,0.000753487,0.000000000,0.000000000,0.000000000,0.000000000,0.000000000,0.000000000,0.000000000,0.000000000,0.000000000,0.000000000,0.000000000,0.000000000,0.000000000,0.000000000,0.000000000,0.000000000,0.000000000,0.000000000,-0.011715046,-0.030925751,-0.083230734,-0.046850920,-0.009576052,-0.002676094,-0.011059964,-0.030043635,-0.010076026,0.007791054,-0.009858094,-0.001075206
8.319747925,1.960649490,-1.031043053,-1.408408165,-0.027420998,0.690493584,0.026653290,0.003356934,-0.024108887,-0.004699707,-0.027526855,0.021652222,0.068984985,1.960649490,-1.031043053,-1.408408165,-0.027420998,0.690876961,0.026653290,0.000042073,17.502519608,-3.763075590,-1.229900360,0.308190405,0.000753970,-0.000778198,17.491416931,-3.852918625,-1.277042389,0.300145149,-0.013885498,0.000042073,17.502519608,-3.763075590,-1.229900360,0.308190405,0.000753970,0.000000000,0.000000000,0.000000000,0.000000000,0.000000000,0.000000000,0.000000000,0.000000000,0.000000000,0.000000000,0.000000000,0.000000000,0.000000000,0.000000000,0.000000000,0.000000000,0.000000000,0.000000000,-0.000820271,-0.011102676,-0.089843035,-0.047142029,-0.008045256,-0.014639468,-0.000165189,-0.010220561,-0.016688327,0.007499945,-0.008327297,-0.013038580
8.329745531,1.960649490,-1.031043053,-1.408408165,-0.027420998,0.690493584,0.026653290,0.039611816,-0.149843216,-0.000671387,-0.022155762,-0.039779663,-0.044815063,1.960649490,-1.031043053,-1.408408165,-0.027420998,0.690493584,0.026653290,0.000042072,17.502258301,-3.762827396,-1.229624629,0.308288097,0.000754230,-0.004928589,17.504234314,-3.818677902,-1.253696442,0.283482552,0.008331299,0.000042072,17.502258301,-3.762827396,-1.229624629,0.308288097,0.000754230,0.000000000,0.000000000,0.000000000,0.000000000,0.000000000,0.000000000,0.000000000,0.000000000,0.000000000,0.000000000,0.000000000,0.000000000,0.000000000,0.000000000,0.000000000,0.000000000,0.000000000,0.000000000,-0.004970661,0.001976013,-0.055850506,-0.024071813,-0.024805546,0.007577069,-0.004315579,0.002858129,0.017304202,0.030570161,-0.025087587,0.009177958
8.339743376,1.960649490,-1.031043053,-1.408408165,-0.027420998,0.690493584,0.026653290,0.089294434,0.046691895,0.159118652,0.071838379,-0.053878784,0.007553101,1.960649490,-1.031426430,-1.408408165,-0.027420998,0.690493584,0.026653290,0.000042072,17.502201080,-3.759830713,-1.229153872,0.308012217,0.000753487,-0.012191772,17.478599548,-3.837873459,-1.292087555,0.321080208,-0.004058838,0.000042072,17.502201080,-3.759830713,-1.229153872,0.308012217,0.000753487,0.000000000,0.000000000,0.000000000,0.000000000,0.000000000,0.000000000,0.000000000,0.000000000,0.000000000,0.000000000,0.000000000,0.000000000,0.000000000,0.000000000,0.000000000,0.000000000,0.000000000,0.000000000,-0.012233844,-0.023601532,-0.078042746,-0.062933683,0.013067991,-0.004812325,-0.011578762,-0.022719416,-0.004888038,-0.008291709,0.012785949,-0.003211436
8.349788904,1.960649490,-1.031043053,-1.408024788,-0.027420998,0.690876961,0.026653290,0.047668457,-0.048524857,0.104064941,-0.038269043,0.060928345,0.021652222,1.960649490,-1.031043053,-1.408408165,-0.027420998,0.690493584,0.026653290,0.000042072,17.502258301,-3.762827396,-1.229624629,0.308288097,0.000754230,0.012710571,17.484092712,-3.868482590,-1.296757698,0.299717903,0.019012451,0.000042072,17.502258301,-3.762827396,-1.229624629,0.308288097,0.000754230,0.000000000,0.000000000,0.000000000,0.000000000,0.000000000,0.000000000,0.000000000,0.000000000,0.000000000,0.000000000,0.000000000,0.000000000,0.000000000,0.000000000,0.000000000,0.000000000,0.000000000,0.000000000,0.012668499,-0.018165588,-0.105655193,-0.067133069,-0.008570194,0.018258222,0.013323581,-0.017283473,-0.032500485,-0.012491095,-0.008852235,0.019859110
8.359710932,1.960649490,-1.031426430,-1.408024788,-0.027420998,0.690876961,0.026653290,-0.035583496,-0.206607819,-0.053039551,-0.035583496,0.017623901,0.044815063,1.960649490,-1.031043053,-1.408408165,-0.027420998,0.690876961,0.026653290,0.000042073,17.502519608,-3.763075590,-1.229900360,0.308190405,0.000753970,-0.003372192,17.500572205,-3.841505051,-1.291049957,0.340306282,-0.001495361,0.000042073,17.502519608,-3.763075590,-1.229900360,0.308190405,0.000753970,0.000000000,0.000000000,0.000000000,0.000000000,0.000000000,0.000000000,0.000000000,0.000000000,0.000000000,0.000000000,0.000000000,0.000000000,0.000000000,0.000000000,0.000000000,0.000000000,0.000000000,0.000000000,-0.003414265,-0.001947403,-0.078429461,-0.061149597,0.032115877,-0.002249332,-0.002759183,-0.001065287,-0.005274752,-0.006507623,0.031833836,-0.000648443
8.369711876,1.960649490,-1.031043053,-1.408408165,-0.027420998,0.690493584,0.026653290,-0.020812988,0.184022903,0.066467285,0.164489746,-0.011581421,0.022659302,1.960649490,-1.031043053,-1.408408165,-0.027420998,0.690493584,0.026653290,0.000042072,17.502258301,-3.762827396,-1.229624629,0.308288097,0.000754230,-0.006484985,17.480430603,-3.830610275,-1.293643951,0.298008919,-0.001922607,0.000042072,17.502258301,-3.762827396,-1.229624629,0.308288097,0.000754230,0.000000000,0.000000000,0.000000000,0.000000000,0.000000000,0.000000000,0.000000000,0.000000000,0.000000000,0.000000000,0.000000000,0.000000000,0.000000000,0.000000000,0.000000000,0.000000000,0.000000000,0.000000000,-0.006527058,-0.021827698,-0.067782879,-0.064019322,-0.010279179,-0.002676837,-0.005871975,-0.020945582,0.005371829,-0.009377348,-0.010561220,-0.001075949
8.379743338,1.960649490,-1.031043053,-1.408408165,-0.027420998,0.690876961,0.026653290,0.044982910,0.080263138,0.022155762,-0.002014160,0.031723022,0.054885864,1.960649490,-1.031043053,-1.408408165,-0.027420998,0.690876961,0.026653290,0.000042073,17.502519608,-3.763075590,-1.229900360,0.308190405,0.000753970,-0.000259399,17.498741150,-3.871076584,-1.284824371,0.305272102,0.015167236,0.000042073,17.502519608,-3.763075590,-1.229900360,0.308190405,0.000753970,0.000000000,0.000000000,0.000000000,0.000000000,0.000000000,0.000000000,0.000000000,0.000000000,0.000000000,0.000000000,0.000000000,0.000000000,0.000000000,0.000000000,0.000000000,0.000000000,0.000000000,0.000000000,-0.000301473,-0.003778458,-0.108000994,-0.054924011,-0.002918303,0.014413266,0.000353610,-0.002896342,-0.034846286,-0.000282037,-0.003200344,0.016014154
8.389708757,1.960649490,-1.031043053,-1.408408165,-0.027420998,0.690493584,0.026653290,0.078552246,0.019226074,0.027526855,0.071838379,-0.065967560,0.004531860,1.960649490,-1.031043053,-1.408408165,-0.027420998,0.690876961,0.026653290,0.000042073,17.502519608,-3.763075590,-1.229900360,0.308190405,0.000753970,0.005447388,17.526206970,-3.835798264,-1.285861969,0.323216438,-0.001922607,0.000042073,17.502519608,-3.763075590,-1.229900360,0.308190405,0.000753970,0.000000000,0.000000000,0.000000000,0.000000000,0.000000000,0.000000000,0.000000000,0.000000000,0.000000000,0.000000000,0.000000000,0.000000000,0.000000000,0.000000000,0.000000000,0.000000000,0.000000000,0.000000000,0.005405315,0.023687363,-0.072722673,-0.055961609,0.015026033,-0.002676578,0.006060397,0.024569478,0.000432035,-0.001319635,0.014743992,-0.001075689
8.399728775,1.960649490,-1.031043053,-1.408408165,-0.027420998,0.690493584,0.026653290,0.073181152,0.086366653,-0.094669342,0.003356934,0.007553101,-0.002517700,1.960649490,-1.031043053,-1.408408165,-0.027420998,0.690493584,0.026653290,0.000042072,17.502258301,-3.762827396,-1.229624629,0.308288097,0.000754230,-0.004928589,17.491416931,-3.869520187,-1.278598785,0.311253548,0.011749268,0.000042072,17.502258301,-3.762827396,-1.229624629,0.308288097,0.000754230,0.000000000,0.000000000,0.000000000,0.000000000,0.000000000,0.000000000,0.000000000,0.000000000,0.000000000,0.000000000,0.000000000,0.000000000,0.000000000,0.000000000,0.000000000,0.000000000,0.000000000,0.000000000,-0.004970661,-0.010841370,-0.106692791,-0.048974156,0.002965450,0.010995038,-0.004315579,-0.009959254,-0.033538083,0.005667818,0.002683409,0.012595926
8.409739017,1.960649490,-1.031043053,-1.408408165,-0.027420998,0.690493584,0.026653290,-0.066467285,-0.053407669,0.022155762,-0.159122467,-0.021652222,0.028701782,1.960649490,-1.031043053,-1.408408165,-0.027420998,0.690493584,0.026653290,0.000042072,17.502258301,-3.762827396,-1.229624629,0.308288097,0.000754230,-0.000259399,17.506065369,-3.822828293,-1.232425690,0.311253548,0.005767822,0.000042072,17.502258301,-3.762827396,-1.229624629,0.308288097,0.000754230,0.000000000,0.000000000,0.000000000,0.000000000,0.000000000,0.000000000,0.000000000,0.000000000,0.000000000,0.000000000,0.000000000,0.000000000,0.000000000,0.000000000,0.000000000,0.000000000,0.000000000,0.000000000,-0.000301472,0.003807068,-0.060000896,-0.002801061,0.002965450,0.005013593,0.000353611,0.004689183,0.013153812,0.051840913,0.002683409,0.006614481
8.419748068,1.960649490,-1.031043053,-1.408408165,-0.027420998,0.690493584,0.026653290,-0.114810944,-0.002136230,-0.024841309,0.173892975,0.010574341,-0.071002960,1.960649490,-1.031043053,-1.408408165,-0.027420998,0.690493584,0.026653290,0.000042072,17.502258301,-3.762827396,-1.229624629,0.308288097,0.000754230,0.003890991,17.465782166,-3.822309494,-1.277042389,0.327488899,-0.008758545,0.000042072,17.502258301,-3.762827396,-1.229624629,0.308288097,0.000754230,0.000000000,0.000000000,0.000000000,0.000000000,0.000000000,0.000000000,0.000000000,0.000000000,0.000000000,0.000000000,0.000000000,0.000000000,0.000000000,0.000000000,0.000000000,0.000000000,0.000000000,0.000000000,0.003848919,-0.036476135,-0.059482098,-0.047417760,0.019200802,-0.009512775,0.004504001,-0.035594020,0.013672610,0.007224214,0.018918761,-0.007911886
8.429708242,1.960649490,-1.031043053,-1.408408165,-0.027420998,0.690493584,0.026653290,0.010070801,0.024108887,0.125549316,-0.061096191,-0.038772583,-0.030715942,1.960649490,-1.031043053,-1.408408165,-0.027420998,0.690493584,0.026653290,0.000042072,17.502258301,-3.762827396,-1.229624629,0.308288097,0.000754230,-0.006484985,17.507896423,-3.836317062,-1.284824371,0.312962532,0.004913330,0.000042072,17.502258301,-3.762827396,-1.229624629,0.308288097,0.000754230,0.000000000,0.000000000,0.000000000,0.000000000,0.000000000,0.000000000,0.000000000,0.000000000,0.000000000,0.000000000,0.000000000,0.000000000,0.000000000,0.000000000,0.000000000,0.000000000,0.000000000,0.000000000,-0.006527058,0.005638123,-0.073489666,-0.055199742,0.004674435,0.004159100,-0.005871975,0.006520238,-0.000334958,-0.000557768,0.004392393,0.005759989
8.439707994,1.960649490,-1.031043053,-1.408408165,-0.027037621,0.690493584,0.026653290,-0.054382324,0.005187988,0.147033691,0.104064941,0.017623901,-0.045822144,1.960649490,-1.031043053,-1.408408165,-0.027420998,0.690876961,0.026653290,0.000042073,17.502519608,-3.763075590,-1.229900360,0.308190405,0.000753970,0.002853394,17.493247986,-3.804150581,-1.287937164,0.325352669,0.007049561,0.000042073,17.502519608,-3.763075590,-1.229900360,0.308190405,0.000753970,0.000000000,0.000000000,0.000000000,0.000000000,0.000000000,0.000000000,0.000000000,0.000000000,0.000000000,0.000000000,0.000000000,0.000000000,0.000000000,0.000000000,0.000000000,0.000000000,0.000000000,0.000000000,0.002811320,-0.009271622,-0.041074991,-0.058036804,0.017162263,0.006295590,0.003466403,-0.008389506,0.032079717,-0.003394830,0.016880222,0.007896479
8.449739933,1.960649490,-1.031043053,-1.408024788,-0.027420998,0.690493584,0.026653290,-0.003356934,-0.007019043,-0.023498535,-0.007385254,0.037765503,0.029708862,1.960649490,-1.031043053,-1.408408165,-0.027420998,0.690493584,0.026653290,0.000042072,17.502258301,-3.762827396,-1.229624629,0.308288097,0.000754230,-0.005966187,17.465782166,-3.854993820,-1.243320465,0.295872688,-0.020721436,0.000042072,17.502258301,-3.762827396,-1.229624629,0.308288097,0.000754230,0.000000000,0.000000000,0.000000000,0.000000000,0.000000000,0.000000000,0.000000000,0.000000000,0.000000000,0.000000000,0.000000000,0.000000000,0.000000000,0.000000000,0.000000000,0.000000000,0.000000000,0.000000000,-0.006008259,-0.036476135,-0.092166424,-0.013695836,-0.012415409,-0.021475665,-0.005353177,-0.035594020,-0.019011716,0.040946138,-0.012697450,-0.019874777
8.459732294,1.960649490,-1.031043053,-1.408408165,-0.027420998,0.690493584,0.026653290,-0.010070801,0.041809082,-0.059753418,-0.082580566,-0.013595581,-0.017623901,1.960649490,-1.031043053,-1.408408165,-0.027420998,0.690493584,0.026653290,0.000042072,17.502258301,-3.762827396,-1.229624629,0.308288097,0.000754230,0.003890991,17.506065369,-3.820753098,-1.286899567,0.292454720,0.013458252,0.000042072,17.502258301,-3.762827396,-1.229624629,0.308288097,0.000754230,0.000000000,0.000000000,0.000000000,0.000000000,0.000000000,0.000000000,0.000000000,0.000000000,0.000000000,0.000000000,0.000000000,0.000000000,0.000000000,0.000000000,0.000000000,0.000000000,0.000000000,0.000000000,0.003848919,0.003807068,-0.057925701,-0.057274938,-0.015833378,0.012704022,0.004504001,0.004689183,0.015229007,-0.002632964,-0.016115419,0.014304911
8.469741821,1.960649490,-1.031043053,-1.408408165,-0.027420998,0.690493584,0.026653290,0.027526855,-0.144350052,0.047668457,-0.036926270,0.000503540,0.061935425,1.960649490,-1.031426430,-1.408408165,-0.027420998,0.690493584,0.026653290,0.000042072,17.502201080,-3.759830713,-1.229153872,0.308012217,0.000753487,-0.013748169,17.484092712,-3.846693039,-1.285343170,0.312962532,0.010894775,0.000042072,17.502201080,-3.759830713,-1.229153872,0.308012217,0.000753487,0.000000000,0.000000000,0.000000000,0.000000000,0.000000000,0.000000000,0.000000000,0.000000000,0.000000000,0.000000000,0.000000000,0.000000000,0.000000000,0.000000000,0.000000000,0.000000000,0.000000000,0.000000000,-0.013790241,-0.018108368,-0.086862326,-0.056189299,0.004950315,0.010141289,-0.013135159,-0.017226252,-0.013707618,-0.001547325,0.004668274,0.011742177
8.479702234,1.960649490,-1.031426430,-1.408408165,-0.027420998,0.690876961,0.026653290,0.117492676,-0.118104935,-0.007385254,-0.073181152,-0.042800903,-0.004531860,1.960649490,-1.031426430,-1.408024788,-0.027420998,0.690493584,0.026653290,0.000042064,17.499036789,-3.756833315,-1.228682995,0.307736278,0.000752744,-0.007522583,17.484092712,-3.844099045,-1.284305573,0.309117317,0.010040283,0.000042064,17.499036789,-3.756833315,-1.228682995,0.307736278,0.000752744,0.000000000,0.000000000,0.000000000,0.000000000,0.000000000,0.000000000,0.000000000,0.000000000,0.000000000,0.000000000,0.000000000,0.000000000,0.000000000,0.000000000,0.000000000,0.000000000,0.000000000,0.000000000,-0.007564647,-0.014944077,-0.087265730,-0.055622578,0.001381040,0.009287540,-0.006909565,-0.014061961,-0.014111022,-0.000980604,0.001098998,0.010888428
8.489765644,1.960649490,-1.031043053,-1.408408165,-0.027420998,0.690493584,0.026653290,-0.044982910,0.010681152,0.040954590,-0.114810944,0.044815063,-0.074024200,1.960649490,-1.031426430,-1.408408165,-0.027420998,0.690876961,0.026653290,0.000042073,17.502464294,-3.760078907,-1.229429722,0.307914615,0.000753228,0.009597778,17.513389587,-3.848249435,-1.288974762,0.332188606,-0.004058838,0.000042073,17.502464294,-3.760078907,-1.229429722,0.307914615,0.000753228,0.000000000,0.000000000,0.000000000,0.000000000,0.000000000,0.000000000,0.000000000,0.000000000,0.000000000,0.000000000,0.000000000,0.000000000,0.000000000,0.000000000,0.000000000,0.000000000,0.000000000,0.000000000,0.009555705,0.010925293,-0.088170528,-0.059545040,0.024273992,-0.004812066,0.010210788,0.011807408,-0.015015820,-0.004903066,0.023991950,-0.003211177
8.499739647,1.960649490,-1.031043053,-1.408408165,-0.027420998,0.690876961,0.026653290,-0.112125397,0.001525879,0.002014160,-0.059753418,-0.020645142,0.050857544,1.960649490,-1.031043053,-1.408408165,-0.027420998,0.690493584,0.026653290,0.000042072,17.502258301,-3.762827396,-1.229624629,0.308288097,0.000754230,0.012710571,17.458457947,-3.830610275,-1.355900764,0.329625130,-0.006622314,0.000042072,17.502258301,-3.762827396,-1.229624629,0.308288097,0.000754230,0.000000000,0.000000000,0.000000000,0.000000000,0.000000000,0.000000000,0.000000000,0.000000000,0.000000000,0.000000000,0.000000000,0.000000000,0.000000000,0.000000000,0.000000000,0.000000000,0.000000000,0.000000000,0.012668499,-0.043800354,-0.067782879,-0.126276135,0.021337032,-0.007376544,0.013323581,-0.042918238,0.005371829,-0.071634162,0.021054991,-0.005775656
8.509709358,1.960649490,-1.031043053,-1.408408165,-0.027420998,0.690876961,0.026653290,0.065124512,0.068054199,-0.106754303,0.055725098,-0.027694702,0.011581421,1.960649490,-1.031043053,-1.408408165,-0.027420998,0.690493584,0.026653290,0.000042072,17.502258301,-3.762827396,-1.229624629,0.308288097,0.000754230,-0.021011353,17.506065369,-3.833204269,-1.252658844,0.309544563,0.010894775,0.000042072,17.502258301,-3.762827396,-1.229624629,0.308288097,0.000754230,0.000000000,0.000000000,0.000000000,0.000000000,0.000000000,0.000000000,0.000000000,0.000000000,0.000000000,0.000000000,0.000000000,0.000000000,0.000000000,0.000000000,0.000000000,0.000000000,0.000000000,0.000000000,-0.021053425,0.003807068,-0.070376873,-0.023034215,0.001256466,0.010140546,-0.020398343,0.004689183,0.002777835,0.031607759,0.000974425,0.011741434
8.519723177,1.960649490,-1.031043053,-1.408408165,-0.027420998,0.690876961,0.026653290,0.008728027,-0.023498535,0.079895020,-0.039611816,-0.021652222,-0.041793823,1.960649490,-1.031043053,-1.408408165,-0.027420998,0.690493584,0.026653290,0.000042072,17.502258301,-3.762827396,-1.229624629,0.308288097,0.000754230,0.014785767,17.484092712,-3.828535080,-1.291568756,0.283482552,0.009613037,0.000042072,17.502258301,-3.762827396,-1.229624629,0.308288097,0.000754230,0.000000000,0.000000000,0.000000000,0.000000000,0.000000000,0.000000000,0.000000000,0.000000000,0.000000000,0.000000000,0.000000000,0.000000000,0.000000000,0.000000000,0.000000000,0.000000000,0.000000000,0.000000000,0.014743694,-0.018165588,-0.065707684,-0.061944127,-0.024805546,0.008858807,0.015398777,-0.017283473,0.007447024,-0.007302153,-0.025087587,0.010459696
8.529710531,1.960649490,-1.031043053,-1.408408165,-0.027420998,0.690493584,0.026653290,0.003356934,0.074157715,-0.024841309,-0.067810059,-0.035751343,0.051864624,1.960649490,-1.031426430,-1.408408165,-0.027420998,0.690493584,0.026653290,0.000042072,17.502201080,-3.759830713,-1.229153872,0.308012217,0.000753487,0.008560181,17.454795837,-3.899611473,-1.281711578,0.299717903,-0.001495361,0.000042072,17.502201080,-3.759830713,-1.229153872,0.308012217,0.000753487,0.000000000,0.000000000,0.000000000,0.000000000,0.000000000,0.000000000,0.000000000,0.000000000,0.000000000,0.000000000,0.000000000,0.000000000,0.000000000,0.000000000,0.000000000,0.000000000,0.000000000,0.000000000,0.008518109,-0.047405243,-0.139780760,-0.052557707,-0.008294314,-0.002248848,0.009173191,-0.046523127,-0.066626052,0.002084267,-0.008576355,-0.000647960
8.539743185,1.960649490,-1.031426430,-1.408408165,-0.027420998,0.690493584,0.026653290,-0.011413574,-0.096132278,0.067810059,-0.106754303,-0.025680542,-0.021652222,1.960649490,-1.031043053,-1.408408165,-0.027420998,0.690493584,0.026653290,0.000042072,17.502258301,-3.762827396,-1.229624629,0.308288097,0.000754230,-0.013748169,17.487754822,-3.833723068,-1.267704010,0.306126595,-0.021148682,0.000042072,17.502258301,-3.762827396,-1.229624629,0.308288097,0.000754230,0.000000000,0.000000000,0.000000000,0.000000000,0.000000000,0.000000000,0.000000000,0.000000000,0.000000000,0.000000000,0.000000000,0.000000000,0.000000000,0.000000000,0.000000000,0.000000000,0.000000000,0.000000000,-0.013790241,-0.014503479,-0.070895672,-0.038079381,-0.002161503,-0.021902911,-0.013135159,-0.013621363,0.002259036,0.016562593,-0.002443544,-0.020302023
8.549708843,1.960649490,-1.031043053,-1.408408165,-0.027420998,0.690493584,0.026653290,0.050354004,-0.046693802,0.138977051,-0.006042480,0.024673462,-0.040786743,1.960649490,-1.031043053,-1.408408165,-0.027420998,0.690876961,0.026653290,0.000042073,17.502519608,-3.763075590,-1.229900360,0.308190405,0.000753970,-0.000778198,17.484092712,-3.743450165,-1.282749176,0.309117317,-0.007904053,0.000042073,17.502519608,-3.763075590,-1.229900360,0.308190405,0.000753970,0.000000000,0.000000000,0.000000000,0.000000000,0.000000000,0.000000000,0.000000000,0.000000000,0.000000000,0.000000000,0.000000000,0.000000000,0.000000000,0.000000000,0.000000000,0.000000000,0.000000000,0.000000000,-0.000820271,-0.018426895,0.019625425,-0.052848816,0.000926912,-0.008658023,-0.000165189,-0.017544780,0.092780133,0.001793158,0.000644871,-0.007057135
8.559712648,1.960649490,-1.031043053,-1.408408165,-0.027420998,0.690876961,0.026653290,-0.136295319,0.132753372,0.036926270,-0.024841309,0.035751343,0.011581421,1.960649490,-1.031043053,-1.408408165,-0.027420998,0.690876961,0.026653290,0.000042073,17.502519608,-3.763075590,-1.229900360,0.308190405,0.000753970,0.002853394,17.562828064,-3.840986252,-1.301426888,0.297581673,0.001922607,0.000042073,17.502519608,-3.763075590,-1.229900360,0.308190405,0.000753970,0.000000000,0.000000000,0.000000000,0.000000000,0.000000000,0.000000000,0.000000000,0.000000000,0.000000000,0.000000000,0.000000000,0.000000000,0.000000000,0.000000000,0.000000000,0.000000000,0.000000000,0.000000000,0.002811320,0.060308456,-0.077910662,-0.071526527,-0.010608733,0.001168637,0.003466403,0.061190572,-0.004755954,-0.016884553,-0.010890774,0.002769526
8.569727659,1.960649490,-1.031043053,-1.408408165,-0.027420998,0.690493584,0.026653290,0.121520996,-0.107118607,-0.063781738,0.081237793,0.024673462,-0.041793823,1.960649490,-1.031043053,-1.408408165,-0.027420998,0.690493584,0.026653290,0.000042072,17.502258301,-3.762827396,-1.229624629,0.308288097,0.000754230,-0.011672974,17.517051697,-3.871076584,-1.295201302,0.318516731,0.001495361,0.000042072,17.502258301,-3.762827396,-1.229624629,0.308288097,0.000754230,0.000000000,0.000000000,0.000000000,0.000000000,0.000000000,0.000000000,0.000000000,0.000000000,0.000000000,0.000000000,0.000000000,0.000000000,0.000000000,0.000000000,0.000000000,0.000000000,0.000000000,0.000000000,-0.011715046,0.014793396,-0.108249187,-0.065576673,0.010228634,0.000741132,-0.011059964,0.015675512,-0.035094479,-0.010934699,0.009946593,0.002342020
8.579731464,1.960649490,-1.031043053,-1.408408165,-0.027420998,0.690493584,0.026653290,0.090637207,-0.014953613,-0.026184082,-0.153751373,0.040786743,0.010574341,1.960649490,-1.031043053,-1.408408165,-0.027420998,0.690493584,0.026653290,0.000042072,17.502258301,-3.762827396,-1.229624629,0.308288097,0.000754230,-0.015304565,17.480430603,-3.849805832,-1.332036018,0.298008919,-0.003631592,0.000042072,17.502258301,-3.762827396,-1.229624629,0.308288097,0.000754230,0.000000000,0.000000000,0.000000000,0.000000000,0.000000000,0.000000000,0.000000000,0.000000000,0.000000000,0.000000000,0.000000000,0.000000000,0.000000000,0.000000000,0.000000000,0.000000000,0.000000000,0.000000000,-0.015346638,-0.021827698,-0.086978436,-0.102411389,-0.010279179,-0.004385821,-0.014691555,-0.020945582,-0.013823727,-0.047769415,-0.010561220,-0.002784933
8.589730501,1.960649490,-1.031043053,-1.408408165,-0.027420998,0.690493584,0.026653290,-0.070495605,0.056457520,-0.018127441,0.086608887,-0.043807983,0.025680542,1.960649490,-1.031043053,-1.408408165,-0.027420998,0.690876961,0.026653290,0.000042073,17.502519608,-3.763075590,-1.229900360,0.308190405,0.000753970,0.002334595,17.517051697,-3.821790695,-1.308690071,0.300999641,0.005340576,0.000042073,17.502519608,-3.763075590,-1.229900360,0.308190405,0.000753970,0.000000000,0.000000000,0.000000000,0.000000000,0.000000000,0.000000000,0.000000000,0.000000000,0.000000000,0.000000000,0.000000000,0.000000000,0.000000000,0.000000000,0.000000000,0.000000000,0.000000000,0.000000000,0.002292522,0.014532089,-0.058715105,-0.078789711,-0.007190764,0.004586606,0.002947604,0.015414205,0.014439603,-0.024147737,-0.007472805,0.006187494
8.599714994,1.960649490,-1.031043053,-1.408408165,-0.027420998,0.690493584,0.026653290,-0.063781738,0.065612793,-0.108097076,-0.078552246,-0.032730103,-0.042800903,1.960649490,-1.031043053,-1.408408165,-0.027420998,0.690493584,0.026653290,0.000042072,17.502258301,-3.762827396,-1.229624629,0.308288097,0.000754230,0.000259399,17.513389587,-3.821790695,-1.285861969,0.282200813,-0.006195068,0.000042072,17.502258301,-3.762827396,-1.229624629,0.308288097,0.000754230,0.000000000,0.000000000,0.000000000,0.000000000,0.000000000,0.000000000,0.000000000,0.000000000,0.000000000,0.000000000,0.000000000,0.000000000,0.000000000,0.000000000,0.000000000,0.000000000,0.000000000,0.000000000,0.000217327,0.011131287,-0.058963299,-0.056237340,-0.026087284,-0.006949298,0.000872409,0.012013402,0.014191409,-0.001595366,-0.026369325,-0.005348410
8.609711409,1.960649490,-1.031043053,-1.408408165,-0.027420998,0.690493584,0.026653290,-0.012756348,-0.075990677,0.212833405,0.034240723,-0.011581421,0.000503540,1.960649490,-1.031043053,-1.408408165,-0.027420998,0.690493584,0.026653290,0.000042072,17.502258301,-3.762827396,-1.229624629,0.308288097,0.000754230,0.007003784,17.515220642,-3.853437424,-1.294162750,0.333897591,-0.003204346,0.000042072,17.502258301,-3.762827396,-1.229624629,0.308288097,0.000754230,0.000000000,0.000000000,0.000000000,0.000000000,0.000000000,0.000000000,0.000000000,0.000000000,0.000000000,0.000000000,0.000000000,0.000000000,0.000000000,0.000000000,0.000000000,0.000000000,0.000000000,0.000000000,0.006961712,0.012962341,-0.090610027,-0.064538121,0.025609493,-0.003958575,0.007616794,0.013844457,-0.017455319,-0.009896147,0.025327452,-0.002357687
8.619751930,1.960649490,-1.031043053,-1.408408165,-0.027420998,0.690493584,0.026653290,0.028869629,0.045471191,0.020812988,-0.006042480,0.070999146,0.053878784,1.960649490,-1.031043053,-1.408408165,-0.027420998,0.690876961,0.026653290,0.000042073,17.502519608,-3.763075590,-1.229900360,0.308190405,0.000753970,0.003890991,17.469444275,-3.850324631,-1.288974762,0.315526009,-0.000640869,0.000042073,17.502519608,-3.763075590,-1.229900360,0.308190405,0.000753970,0.000000000,0.000000000,0.000000000,0.000000000,0.000000000,0.000000000,0.000000000,0.000000000,0.000000000,0.000000000,0.000000000,0.000000000,0.000000000,0.000000000,0.000000000,0.000000000,0.000000000,0.000000000,0.003848918,-0.033075333,-0.087249041,-0.059074402,0.007335603,-0.001394839,0.004504000,-0.032193217,-0.014094333,-0.004432428,0.007053562,0.000206049
8.629709482,1.960649490,-1.031043053,-1.408408165,-0.027420998,0.690493584,0.026653290,-0.012756348,-0.101625443,0.117492676,0.082580566,-0.032730103,-0.043807983,1.960649490,-1.031426430,-1.408408165,-0.027420998,0.690876961,0.026653290,0.000042073,17.502464294,-3.760078907,-1.229429722,0.307914615,0.000753228,-0.003372192,17.522544861,-3.811932564,-1.283786774,0.304844856,0.008331299,0.000042073,17.502464294,-3.760078907,-1.229429722,0.307914615,0.000753228,0.000000000,0.000000000,0.000000000,0.000000000,0.000000000,0.000000000,0.000000000,0.000000000,0.000000000,0.000000000,0.000000000,0.000000000,0.000000000,0.000000000,0.000000000,0.000000000,0.000000000,0.000000000,-0.003414265,0.020080566,-0.051853657,-0.054357052,-0.003069758,0.007578071,-0.002759183,0.020962682,0.021301051,0.000284922,-0.003351800,0.009178960
8.639720201,1.960649490,-1.031043053,-1.408408165,-0.027420998,0.690493584,0.026653290,-0.105411530,0.049133301,-0.091983795,0.075866699,-0.033737183,0.001510620,1.960649490,-1.031043053,-1.408408165,-0.027420998,0.690876961,0.026653290,0.000042073,17.502519608,-3.763075590,-1.229900360,0.308190405,0.000753970,-0.001296997,17.511558533,-3.826978683,-1.287418365,0.315098763,0.009613037,0.000042073,17.502519608,-3.763075590,-1.229900360,0.308190405,0.000753970,0.000000000,0.000000000,0.000000000,0.000000000,0.000000000,0.000000000,0.000000000,0.000000000,0.000000000,0.000000000,0.000000000,0.000000000,0.000000000,0.000000000,0.000000000,0.000000000,0.000000000,0.000000000,-0.001339070,0.009038925,-0.063903093,-0.057518005,0.006908357,0.008859067,-0.000683988,0.009921041,0.009251615,-0.002876031,0.006626316,0.010459955
8.649750710,1.960649490,-1.031426430,-1.408408165,-0.027420998,0.690876961,0.026653290,0.113464355,-0.182191849,0.148376465,-0.149723053,0.026687622,-0.015609741,1.960649490,-1.031043053,-1.408408165,-0.027420998,0.690493584,0.026653290,0.000042072,17.502258301,-3.762827396,-1.229624629,0.308288097,0.000754230,0.008560181,17.498741150,-3.775097847,-1.327366829,0.333043098,-0.004913330,0.000042072,17.502258301,-3.762827396,-1.229624629,0.308288097,0.000754230,0.000000000,0.000000000,0.000000000,0.000000000,0.000000000,0.000000000,0.000000000,0.000000000,0.000000000,0.000000000,0.000000000,0.000000000,0.000000000,0.000000000,0.000000000,0.000000000,0.000000000,0.000000000,0.008518108,-0.003517151,-0.012270451,-0.097742200,0.024755001,-0.005667560,0.009173191,-0.002635035,0.060884257,-0.043100226,0.024472960,-0.004066671
8.659766436,1.960649490,-1.031043053,-1.408408165,-0.027420998,0.690493584,0.026653290,0.007385254,0.082704544,0.010070801,0.014099121,0.043807983,-0.001510620,1.960649490,-1.031043053,-1.408408165,-0.027420998,0.690493584,0.026653290,0.000042072,17.502258301,-3.762827396,-1.229624629,0.308288097,0.000754230,-0.005447388,17.469444275,-3.805188179,-1.288455963,0.289891243,-0.005767822,0.000042072,17.502258301,-3.762827396,-1.229624629,0.308288097,0.000754230,0.000000000,0.000000000,0.000000000,0.000000000,0.000000000,0.000000000,0.000000000,0.000000000,0.000000000,0.000000000,0.000000000,0.000000000,0.000000000,0.000000000,0.000000000,0.000000000,0.000000000,0.000000000,-0.005489460,-0.032814026,-0.042360783,-0.058831334,-0.018396854,-0.006522052,-0.004834378,-0.031931910,0.030793925,-0.004189360,-0.018678896,-0.004921163
8.669710159,1.960266113,-1.031043053,-1.408408165,-0.027420998,0.690876961,0.026653290,-0.071838379,0.067443848,-0.015441895,-0.116153717,-0.015609741,-0.040786743,1.960649490,-1.031043053,-1.408408165,-0.027420998,0.690493584,0.026653290,0.000042072,17.502258301,-3.762827396,-1.229624629,0.308288097,0.000754230,0.014266968,17.471275330,-3.860700607,-1.291049957,0.304844856,0.012176514,0.000042072,17.502258301,-3.762827396,-1.229624629,0.308288097,0.000754230,0.000000000,0.000000000,0.000000000,0.000000000,0.000000000,0.000000000,0.000000000,0.000000000,0.000000000,0.000000000,0.000000000,0.000000000,0.000000000,0.000000000,0.000000000,0.000000000,0.000000000,0.000000000,0.014224896,-0.030982971,-0.097873211,-0.061425328,-0.003443241,0.011422284,0.014879978,-0.030100856,-0.024718503,-0.006783354,-0.003725282,0.013023173
8.679749012,1.960649490,-1.031043053,-1.408408165,-0.027420998,0.690876961,0.026653290,-0.039611816,0.040588379,-0.085266113,-0.137638092,0.057907104,0.017623901,1.960649490,-1.031043053,-1.408408165,-0.027420998,0.690493584,0.026653290,0.000042072,17.502258301,-3.762827396,-1.229624629,0.308288097,0.000754230,-0.004409790,17.487754822,-3.830091476,-1.281192780,0.305272102,0.004913330,0.000042072,17.502258301,-3.762827396,-1.229624629,0.308288097,0.000754230,0.000000000,0.000000000,0.000000000,0.000000000,0.000000000,0.000000000,0.000000000,0.000000000,0.000000000,0.000000000,0.000000000,0.000000000,0.000000000,0.000000000,0.000000000,0.000000000,0.000000000,0.000000000,-0.004451862,-0.014503479,-0.067264080,-0.051568151,-0.003015995,0.004159100,-0.003796780,-0.013621363,0.005890628,0.003073823,-0.003298036,0.005759989
8.689712048,1.960649490,-1.031043053,-1.408408165,-0.027420998,0.690493584,0.026653290,0.075866699,-0.013122559,0.046325684,0.036926270,0.017623901,-0.011581421,1.960649490,-1.031043053,-1.408408165,-0.027420998,0.690493584,0.026653290,0.000042072,17.502258301,-3.762827396,-1.229624629,0.308288097,0.000754230,-0.017379761,17.500572205,-3.841505051,-1.295201302,0.289036751,-0.000213623,0.000042072,17.502258301,-3.762827396,-1.229624629,0.308288097,0.000754230,0.000000000,0.000000000,0.000000000,0.000000000,0.000000000,0.000000000,0.000000000,0.000000000,0.000000000,0.000000000,0.000000000,0.000000000,0.000000000,0.000000000,0.000000000,0.000000000,0.000000000,0.000000000,-0.017421833,-0.001686096,-0.078677654,-0.065576673,-0.019251347,-0.000967853,-0.016766751,-0.000803981,-0.005522946,-0.010934699,-0.019533388,0.000633036
8.699825048,1.960266113,-1.031043053,-1.408408165,-0.027420998,0.690876961,0.026653290,0.006042480,0.104677200,0.043640137,0.019470215,-0.041793823,-0.016616821,1.960649490,-1.031043053,-1.408408165,-0.027420998,0.690876961,0.026653290,0.000042073,17.502519608,-3.763075590,-1.229900360,0.308190405,0.000753970,0.006484985,17.509727478,-3.839948654,-1.258365631,0.288609505,-0.001068115,0.000042073,17.502519608,-3.763075590,-1.229900360,0.308190405,0.000753970,0.000000000,0.000000000,0.000000000,0.000000000,0.000000000,0.000000000,0.000000000,0.000000000,0.000000000,0.000000000,0.000000000,0.000000000,0.000000000,0.000000000,0.000000000,0.000000000,0.000000000,0.000000000,0.006442912,0.007207870,-0.076873064,-0.028465271,-0.019580901,-0.001822086,0.007097994,0.008089986,-0.003718356,0.026176703,-0.019862942,-0.000221197
8.709756136,1.960649490,-1.031043053,-1.408408165,-0.027420998,0.690876961,0.026653290,-0.022155762,-0.101625443,0.019470215,0.087951660,0.015609741,0.016616821,1.960649490,-1.031043053,-1.408408165,-0.027420998,0.690493584,0.026653290,0.000042072,17.502258301,-3.762827396,-1.229624629,0.308288097,0.000754230,0.021530151,17.485923767,-3.850843430,-1.282749176,0.300999641,0.004058838,0.000042072,17.502258301,-3.762827396,-1.229624629,0.308288097,0.000754230,0.000000000,0.000000000,0.000000000,0.000000000,0.000000000,0.000000000,0.000000000,0.000000000,0.000000000,0.000000000,0.000000000,0.000000000,0.000000000,0.000000000,0.000000000,0.000000000,0.000000000,0.000000000,0.021488079,-0.016334534,-0.088016033,-0.053124547,-0.007288456,0.003304608,0.022143161,-0.015452418,-0.014861325,0.001517427,-0.007570497,0.004905497
8.719712734,1.960649490,-1.031043053,-1.408408165,-0.027420998,0.690876961,0.026653290,-0.124210358,0.099794388,0.058410645,-0.051696777,0.020645142,0.022659302,1.960649490,-1.031043053,-1.408408165,-0.027420998,0.690493584,0.026653290,0.000042072,17.502258301,-3.762827396,-1.229624629,0.308288097,0.000754230,-0.001815796,17.542686462,-3.831647873,-1.366277695,0.315953255,-0.005340576,0.000042072,17.502258301,-3.762827396,-1.229624629,0.308288097,0.000754230,0.000000000,0.000000000,0.000000000,0.000000000,0.000000000,0.000000000,0.000000000,0.000000000,0.000000000,0.000000000,0.000000000,0.000000000,0.000000000,0.000000000,0.000000000,0.000000000,0.000000000,0.000000000,-0.001857868,0.040428162,-0.068820477,-0.136653066,0.007665157,-0.006094806,-0.001202786,0.041310277,0.004334232,-0.082011092,0.007383116,-0.004493917
8.729740143,1.960649490,-1.031043053,-1.408408165,-0.027420998,0.690493584,0.026653290,-0.066467285,0.174867630,0.074523926,-0.028869629,-0.012588501,0.004531860,1.960649490,-1.031043053,-1.408408165,-0.027420998,0.690876961,0.026653290,0.000042073,17.502519608,-3.763075590,-1.229900360,0.308190405,0.000753970,-0.002334595,17.524375916,-3.822828293,-1.284824371,0.317234993,-0.012603760,0.000042073,17.502519608,-3.763075590,-1.229900360,0.308190405,0.000753970,0.000000000,0.000000000,0.000000000,0.000000000,0.000000000,0.000000000,0.000000000,0.000000000,0.000000000,0.000000000,0.000000000,0.000000000,0.000000000,0.000000000,0.000000000,0.000000000,0.000000000,0.000000000,-0.002376668,0.021856308,-0.059752703,-0.054924011,0.009044588,-0.013357730,-0.001721586,0.022738424,0.013402005,-0.000282037,0.008762546,-0.011756842
8.739712000,1.960649490,-1.031043053,-1.408408165,-0.027420998,0.690493584,0.026653290,-0.071838379,-0.005798340,0.039611816,0.010070801,-0.002517700,0.039779663,1.960649490,-1.031043053,-1.408408165,-0.027420998,0.690493584,0.026653290,0.000042072,17.502258301,-3.762827396,-1.229624629,0.308288097,0.000754230,0.018417358,17.495079041,-3.842542648,-1.288974762,0.315098763,-0.018157959,0.000042072,17.502258301,-3.762827396,-1.229624629,0.308288097,0.000754230,0.000000000,0.000000000,0.000000000,0.000000000,0.000000000,0.000000000,0.000000000,0.000000000,0.000000000,0.000000000,0.000000000,0.000000000,0.000000000,0.000000000,0.000000000,0.000000000,0.000000000,0.000000000,0.018375286,-0.007179260,-0.079715252,-0.059350133,0.006810665,-0.018912189,0.019030368,-0.006297145,-0.006560544,-0.004708159,0.006528624,-0.017311300
8.749707937,1.960649490,-1.031043053,-1.408408165,-0.027420998,0.690876961,0.026653290,0.067810059,-0.050966263,-0.134952545,0.173892975,0.000503540,0.048843384,1.960649490,-1.031043053,-1.408408165,-0.027420998,0.690493584,0.026653290,0.000042072,17.502258301,-3.762827396,-1.229624629,0.308288097,0.000754230,-0.002334595,17.524375916,-3.814526558,-1.282230377,0.307408333,-0.001922607,0.000042072,17.502258301,-3.762827396,-1.229624629,0.308288097,0.000754230,0.000000000,0.000000000,0.000000000,0.000000000,0.000000000,0.000000000,0.000000000,0.000000000,0.000000000,0.000000000,0.000000000,0.000000000,0.000000000,0.000000000,0.000000000,0.000000000,0.000000000,0.000000000,-0.002376667,0.022117615,-0.051699162,-0.052605748,-0.000879765,-0.002676837,-0.001721585,0.022999730,0.021455547,0.002036226,-0.001161806,-0.001075949
8.759803057,1.960649490,-1.031043053,-1.408408165,-0.027420998,0.690493584,0.026653290,-0.035583496,-0.036315918,-0.044982910,0.098693848,-0.011581421,0.023666382,1.960649490,-1.031426430,-1.408408165,-0.027420998,0.690876961,0.026653290,0.000042073,17.502464294,-3.760078907,-1.229429722,0.307914615,0.000753228,-0.000259399,17.493247986,-3.836835861,-1.282749176,0.303135872,-0.000640869,0.000042073,17.502464294,-3.760078907,-1.229429722,0.307914615,0.000753228,0.000000000,0.000000000,0.000000000,0.000000000,0.000000000,0.000000000,0.000000000,0.000000000,0.000000000,0.000000000,0.000000000,0.000000000,0.000000000,0.000000000,0.000000000,0.000000000,0.000000000,0.000000000,-0.000301472,-0.009216309,-0.076756954,-0.053319454,-0.004778743,-0.001394097,0.000353610,-0.008334193,-0.003602246,0.001322520,-0.005060784,0.000206792
8.769740820,1.960266113,-1.031043053,-1.408408165,-0.027420998,0.690493584,0.026653290,-0.143009186,-0.022277832,0.113464355,0.036926270,-0.020645142,-0.023666382,1.960649490,-1.031043053,-1.408408165,-0.027420998,0.690876961,0.026653290,0.000042073,17.502519608,-3.763075590,-1.229900360,0.308190405,0.000753970,-0.007003784,17.515220642,-3.838392258,-1.277042389,0.306126595,-0.012176514,0.000042073,17.502519608,-3.763075590,-1.229900360,0.308190405,0.000753970,0.000000000,0.000000000,0.000000000,0.000000000,0.000000000,0.000000000,0.000000000,0.000000000,0.000000000,0.000000000,0.000000000,0.000000000,0.000000000,0.000000000,0.000000000,0.000000000,0.000000000,0.000000000,-0.007045857,0.012701035,-0.075316668,-0.047142029,-0.002063811,-0.012930484,-0.006390775,0.013583150,-0.002161960,0.007499945,-0.002345852,-0.011329596
8.779742479,1.960649490,-1.031426430,-1.408408165,-0.027420998,0.690493584,0.026653290,-0.110782623,-0.127260208,-0.028869629,0.075866699,0.025680542,-0.032730103,1.960649490,-1.031426430,-1.408408165,-0.027420998,0.690493584,0.026653290,0.000042072,17.502201080,-3.759830713,-1.229153872,0.308012217,0.000753487,-0.022048950,17.495079041,-3.862775803,-1.278598785,0.302708626,0.006195068,0.000042072,17.502201080,-3.759830713,-1.229153872,0.308012217,0.000753487,0.000000000,0.000000000,0.000000000,0.000000000,0.000000000,0.000000000,0.000000000,0.000000000,0.000000000,0.000000000,0.000000000,0.000000000,0.000000000,0.000000000,0.000000000,0.000000000,0.000000000,0.000000000,-0.022091022,-0.007122040,-0.102945089,-0.049444914,-0.005303591,0.005441582,-0.021435940,-0.006239924,-0.029790381,0.005197060,-0.005585633,0.007042470
8.789707661,1.960649490,-1.031043053,-1.408408165,-0.027420998,0.690493584,0.026653290,0.053039551,-0.039979935,-0.050354004,0.177921295,-0.023666382,0.043807983,1.960649490,-1.031043053,-1.408408165,-0.027420998,0.690493584,0.026653290,0.000042072,17.502258301,-3.762827396,-1.229624629,0.308288097,0.000754230,0.012191772,17.498741150,-3.808300972,-1.277561188,0.333470345,-0.001922607,0.000042072,17.502258301,-3.762827396,-1.229624629,0.308288097,0.000754230,0.000000000,0.000000000,0.000000000,0.000000000,0.000000000,0.000000000,0.000000000,0.000000000,0.000000000,0.000000000,0.000000000,0.000000000,0.000000000,0.000000000,0.000000000,0.000000000,0.000000000,0.000000000,0.012149700,-0.003517151,-0.045473576,-0.047936559,0.025182247,-0.002676837,0.012804782,-0.002635035,0.027681132,0.006705415,0.024900206,-0.001075949
8.799706936,1.960649490,-1.031043053,-1.408408165,-0.027420998,0.690493584,0.026653290,0.026184082,-0.036315918,0.062438965,0.011413574,-0.005538940,0.002517700,1.960649490,-1.031043053,-1.408408165,-0.027420998,0.690493584,0.026653290,0.000042072,17.502258301,-3.762827396,-1.229624629,0.308288097,0.000754230,-0.013748169,17.495079041,-3.808300972,-1.298314095,0.306553841,-0.001495361,0.000042072,17.502258301,-3.762827396,-1.229624629,0.308288097,0.000754230,0.000000000,0.000000000,0.000000000,0.000000000,0.000000000,0.000000000,0.000000000,0.000000000,0.000000000,0.000000000,0.000000000,0.000000000,0.000000000,0.000000000,0.000000000,0.000000000,0.000000000,0.000000000,-0.013790241,-0.007179260,-0.045473576,-0.068689466,-0.001734257,-0.002249591,-0.013135159,-0.006297145,0.027681132,-0.014047492,-0.002016298,-0.000648702
8.809708834,1.960649490,-1.031043053,-1.408408165,-0.027420998,0.690493584,0.026653290,-0.120182037,-0.057680130,0.089294434,0.117492676,-0.004531860,0.030715942,1.960649490,-1.031043053,-1.408408165,-0.027420998,0.690876961,0.026653290,0.000042073,17.502519608,-3.763075590,-1.229900360,0.308190405,0.000753970,-0.008041382,17.487754822,-3.806225777,-1.242282867,0.293736458,0.013458252,0.000042073,17.502519608,-3.763075590,-1.229900360,0.308190405,0.000753970,0.000000000,0.000000000,0.000000000,0.000000000,0.000000000,0.000000000,0.000000000,0.000000000,0.000000000,0.000000000,0.000000000,0.000000000,0.000000000,0.000000000,0.000000000,0.000000000,0.000000000,0.000000000,-0.008083455,-0.014764786,-0.043150187,-0.012382507,-0.014453948,0.012704282,-0.007428373,-0.013882670,0.030004522,0.042259467,-0.014735989,0.014305170
8.819707870,1.960649490,-1.031426430,-1.408408165,-0.027420998,0.690493584,0.026653290,0.079895020,-0.093080521,0.173892975,-0.035583496,-0.018630981,-0.018630981,1.960649490,-1.031043053,-1.408408165,-0.027420998,0.690493584,0.026653290,0.000042072,17.502258301,-3.762827396,-1.229624629,0.308288097,0.000754230,0.005447388,17.517051697,-3.815045357,-1.291049957,0.296727180,0.006195068,0.000042072,17.502258301,-3.762827396,-1.229624629,0.308288097,0.000754230,0.000000000,0.000000000,0.000000000,0.000000000,0.000000000,0.000000000,0.000000000,0.000000000,0.000000000,0.000000000,0.000000000,0.000000000,0.000000000,0.000000000,0.000000000,0.000000000,0.000000000,0.000000000,0.005405316,0.014793396,-0.052217960,-0.061425328,-0.011560917,0.005440839,0.006060398,0.015675512,0.020936748,-0.006783354,-0.011842958,0.007041727
8.829740047,1.960649490,-1.031043053,-1.408408165,-0.027420998,0.690493584,0.026653290,-0.044982910,0.020446777,0.012756348,-0.028869629,-0.008560181,0.013595581,1.960649490,-1.031043053,-1.408408165,-0.027420998,0.690876961,0.026653290,0.000042073,17.502519608,-3.763075590,-1.229900360,0.308190405,0.000753970,0.013229370,17.524375916,-3.859663010,-1.276523590,0.305699348,-0.003631592,0.000042073,17.502519608,-3.763075590,-1.229900360,0.308190405,0.000753970,0.000000000,0.000000000,0.000000000,0.000000000,0.000000000,0.000000000,0.000000000,0.000000000,0.000000000,0.000000000,0.000000000,0.000000000,0.000000000,0.000000000,0.000000000,0.000000000,0.000000000,0.000000000,0.013187297,0.021856308,-0.096587420,-0.046623230,-0.002491057,-0.004385562,0.013842379,0.022738424,-0.023432711,0.008018744,-0.002773098,-0.002784674
8.839708567,1.960649490,-1.031043053,-1.408408165,-0.027420998,0.690493584,0.026653290,-0.047668457,-0.039369583,-0.027526855,0.078552246,0.019638062,0.033737183,1.960649490,-1.031043053,-1.408408165,-0.027420998,0.690876961,0.026653290,0.000042073,17.502519608,-3.763075590,-1.229900360,0.308190405,0.000753970,-0.019973755,17.507896423,-3.828016281,-1.286380768,0.289036751,0.006195068,0.000042073,17.502519608,-3.763075590,-1.229900360,0.308190405,0.000753970,0.000000000,0.000000000,0.000000000,0.000000000,0.000000000,0.000000000,0.000000000,0.000000000,0.000000000,0.000000000,0.000000000,0.000000000,0.000000000,0.000000000,0.000000000,0.000000000,0.000000000,0.000000000,-0.020015828,0.005376816,-0.064940691,-0.056480408,-0.019153655,0.005441098,-0.019360746,0.006258931,0.008214017,-0.001838434,-0.019435696,0.007041987
8.849726677,1.960266113,-1.031426430,-1.408408165,-0.027420998,0.690876961,0.026653290,0.012756348,-0.093080521,-0.100040436,0.100036621,0.020645142,0.007553101,1.960649490,-1.031043053,-1.408408165,-0.027420998,0.690876961,0.026653290,0.000042073,17.502519608,-3.763075590,-1.229900360,0.308190405,0.000753970,0.003372192,17.493247986,-3.820753098,-1.272891998,0.315953255,-0.010040283,0.000042073,17.502519608,-3.763075590,-1.229900360,0.308190405,0.000753970,0.000000000,0.000000000,0.000000000,0.000000000,0.000000000,0.000000000,0.000000000,0.000000000,0.000000000,0.000000000,0.000000000,0.000000000,0.000000000,0.000000000,0.000000000,0.000000000,0.000000000,0.000000000,0.003330119,-0.009271622,-0.057677507,-0.042991638,0.007762849,-0.010794254,0.003985201,-0.008389506,0.015477201,0.011650336,0.007480808,-0.009193365
8.859812260,1.960649490,-1.031043053,-1.408408165,-0.027420998,0.690493584,0.026653290,0.022155762,0.030822754,0.063781738,-0.006042480,-0.029708862,0.024673462,1.960649490,-1.031043053,-1.408408165,-0.027420998,0.690493584,0.026653290,0.000042072,17.502258301,-3.762827396,-1.229624629,0.308288097,0.000754230,0.003372192,17.495079041,-3.887160301,-1.310765266,0.299290657,-0.002777100,0.000042072,17.502258301,-3.762827396,-1.229624629,0.308288097,0.000754230,0.000000000,0.000000000,0.000000000,0.000000000,0.000000000,0.000000000,0.000000000,0.000000000,0.000000000,0.000000000,0.000000000,0.000000000,0.000000000,0.000000000,0.000000000,0.000000000,0.000000000,0.000000000,0.003330120,-0.007179260,-0.124332905,-0.081140637,-0.008997440,-0.003531329,0.003985202,-0.006297145,-0.051178197,-0.026498663,-0.009279482,-0.001930441
8.869749308,1.960649490,-1.031043053,-1.408408165,-0.027420998,0.690493584,0.026653290,0.004699707,0.049743652,-0.097354889,0.008728027,-0.032730103,-0.018630981,1.960649490,-1.031043053,-1.408408165,-0.027420998,0.690876961,0.026653290,0.000042073,17.502519608,-3.763075590,-1.229900360,0.308190405,0.000753970,-0.001296997,17.524375916,-3.870557785,-1.284305573,0.317662239,-0.010894775,0.000042073,17.502519608,-3.763075590,-1.229900360,0.308190405,0.000753970,0.000000000,0.000000000,0.000000000,0.000000000,0.000000000,0.000000000,0.000000000,0.000000000,0.000000000,0.000000000,0.000000000,0.000000000,0.000000000,0.000000000,0.000000000,0.000000000,0.000000000,0.000000000,-0.001339070,0.021856308,-0.107482195,-0.054405212,0.009471834,-0.011648746,-0.000683988,0.022738424,-0.034327487,0.000236762,0.009189793,-0.010047857
8.879828930,1.960649490,-1.031043053,-1.408408165,-0.027420998,0.690876961,0.026653290,0.040954590,0.071716309,0.075866699,-0.067810059,0.024673462,-0.012588501,1.960649490,-1.031043053,-1.408408165,-0.027420998,0.690493584,0.026653290,0.000042072,17.502258301,-3.762827396,-1.229624629,0.308288097,0.000754230,0.002334595,17.526206970,-3.781842232,-1.279117584,0.280919075,0.004058838,0.000042072,17.502258301,-3.762827396,-1.229624629,0.308288097,0.000754230,0.000000000,0.000000000,0.000000000,0.000000000,0.000000000,0.000000000,0.000000000,0.000000000,0.000000000,0.000000000,0.000000000,0.000000000,0.000000000,0.000000000,0.000000000,0.000000000,0.000000000,0.000000000,0.002292523,0.023948669,-0.019014835,-0.049492955,-0.027369022,0.003304608,0.002947605,0.024830785,0.054139873,0.005149019,-0.027651064,0.004905497
8.889710903,1.960649490,-1.031043053,-1.408024788,-0.027420998,0.690876961,0.026653290,-0.031555176,0.116273880,0.129577637,-0.136295319,0.019638062,0.059921265,1.960649490,-1.031043053,-1.408408165,-0.027420998,0.690876961,0.026653290,0.000042073,17.502519608,-3.763075590,-1.229900360,0.308190405,0.000753970,0.005447388,17.524375916,-3.856031418,-1.285343170,0.301854134,0.001068115,0.000042073,17.502519608,-3.763075590,-1.229900360,0.308190405,0.000753970,0.000000000,0.000000000,0.000000000,0.000000000,0.000000000,0.000000000,0.000000000,0.000000000,0.000000000,0.000000000,0.000000000,0.000000000,0.000000000,0.000000000,0.000000000,0.000000000,0.000000000,0.000000000,0.005405315,0.021856308,-0.092955828,-0.055442810,-0.006336272,0.000314145,0.006060397,0.022738424,-0.019801120,-0.000800836,-0.006618313,0.001915033
8.899740934,1.960266113,-1.031043053,-1.408408165,-0.027420998,0.690876961,0.026653290,-0.087955475,0.047912598,0.032897949,0.144348145,0.018630981,0.009567261,1.960649490,-1.031043053,-1.408408165,-0.027420998,0.690876961,0.026653290,0.000042073,17.502519608,-3.763075590,-1.229900360,0.308190405,0.000753970,0.001296997,17.533531189,-3.890791893,-1.278079987,0.316807747,0.001068115,0.000042073,17.502519608,-3.763075590,-1.229900360,0.308190405,0.000753970,0.000000000,0.000000000,0.000000000,0.000000000,0.000000000,0.000000000,0.000000000,0.000000000,0.000000000,0.000000000,0.000000000,0.000000000,0.000000000,0.000000000,0.000000000,0.000000000,0.000000000,0.000000000,0.001254924,0.031011581,-0.127716303,-0.048179626,0.008617342,0.000314145,0.001910006,0.031893697,-0.054561595,0.006462347,0.008335300,0.001915033
8.909725666,1.960266113,-1.031043053,-1.408408165,-0.027420998,0.690876961,0.026653290,-0.093326569,-0.021667480,-0.047668457,-0.039611816,0.076034546,-0.001510620,1.960649490,-1.031043053,-1.408408165,-0.027420998,0.690493584,0.026653290,0.000042072,17.502258301,-3.762827396,-1.229624629,0.308288097,0.000754230,0.001815796,17.496910095,-3.862257004,-1.281711578,0.314671516,-0.010467529,0.000042072,17.502258301,-3.762827396,-1.229624629,0.308288097,0.000754230,0.000000000,0.000000000,0.000000000,0.000000000,0.000000000,0.000000000,0.000000000,0.000000000,0.000000000,0.000000000,0.000000000,0.000000000,0.000000000,0.000000000,0.000000000,0.000000000,0.000000000,0.000000000,0.001773724,-0.005348206,-0.099429607,-0.052086949,0.006383419,-0.011221759,0.002428806,-0.004466090,-0.026274899,0.002555025,0.006101378,-0.009620870
8.919743776,1.960649490,-1.031043053,-1.408408165,-0.027420998,0.690493584,0.026653290,-0.006042480,0.083925247,0.066467285,0.028869629,-0.025680542,-0.011581421,1.960649490,-1.031426430,-1.408408165,-0.027420998,0.690493584,0.026653290,0.000042072,17.502201080,-3.759830713,-1.229153872,0.308012217,0.000753487,0.011154175,17.506065369,-3.822309494,-1.282749176,0.305272102,-0.003631592,0.000042072,17.502201080,-3.759830713,-1.229153872,0.308012217,0.000753487,0.000000000,0.000000000,0.000000000,0.000000000,0.000000000,0.000000000,0.000000000,0.000000000,0.000000000,0.000000000,0.000000000,0.000000000,0.000000000,0.000000000,0.000000000,0.000000000,0.000000000,0.000000000,0.011112103,0.003864288,-0.062478781,-0.053595304,-0.002740115,-0.004385079,0.011767185,0.004746404,0.010675927,0.001046669,-0.003022156,-0.002784190
8.929710150,1.960649490,-1.031043053,-1.408408165,-0.027420998,0.690493584,0.026653290,-0.058410645,0.112001419,0.051696777,0.011413574,-0.021652222,-0.047836304,1.960649490,-1.031043053,-1.408408165,-0.027037621,0.690876961,0.026653290,0.000042072,17.502073288,-3.762652159,-1.229429722,0.307914615,0.000753228,-0.022048950,17.517051697,-3.888197899,-1.287418365,0.334752083,-0.002777100,0.000042072,17.502073288,-3.762652159,-1.229429722,0.307914615,0.000753228,0.000000000,0.000000000,0.000000000,0.000000000,0.000000000,0.000000000,0.000000000,0.000000000,0.000000000,0.000000000,0.000000000,0.000000000,0.000000000,0.000000000,0.000000000,0.000000000,0.000000000,0.000000000,-0.022091022,0.014978409,-0.125545740,-0.057988644,0.026837468,-0.003530327,-0.021435940,0.015860524,-0.052391032,-0.003346670,0.026555427,-0.001929439
8.939687014,1.960649490,-1.031426430,-1.408408165,-0.027420998,0.690876961,0.026653290,0.010070801,0.032043457,0.031555176,0.108093262,0.027694702,0.043807983,1.960649490,-1.031043053,-1.408408165,-0.027420998,0.690876961,0.026653290,0.000042073,17.502519608,-3.763075590,-1.229900360,0.308190405,0.000753970,-0.017898560,17.484092712,-3.819196701,-1.275485992,0.307835579,-0.001495361,0.000042073,17.502519608,-3.763075590,-1.229900360,0.308190405,0.000753970,0.000000000,0.000000000,0.000000000,0.000000000,0.000000000,0.000000000,0.000000000,0.000000000,0.000000000,0.000000000,0.000000000,0.000000000,0.000000000,0.000000000,0.000000000,0.000000000,0.000000000,0.000000000,-0.017940633,-0.018426895,-0.056121111,-0.045585632,-0.000354826,-0.002249332,-0.017285551,-0.017544780,0.017033597,0.009056342,-0.000636868,-0.000648443
8.949746847,1.960649490,-1.031043053,-1.408408165,-0.027420998,0.690493584,0.026653290,-0.181949615,-0.112001419,-0.055725098,-0.050354004,-0.001510620,-0.002517700,1.960649490,-1.031043053,-1.408408165,-0.027420998,0.690493584,0.026653290,0.000042072,17.502258301,-3.762827396,-1.229624629,0.308288097,0.000754230,-0.015304565,17.539024353,-3.828535080,-1.296238899,0.305699348,0.005340576,0.000042072,17.502258301,-3.762827396,-1.229624629,0.308288097,0.000754230,0.000000000,0.000000000,0.000000000,0.000000000,0.000000000,0.000000000,0.000000000,0.000000000,0.000000000,0.000000000,0.000000000,0.000000000,0.000000000,0.000000000,0.000000000,0.000000000,0.000000000,0.000000000,-0.015346638,0.036766052,-0.065707684,-0.066614270,-0.002588749,0.004586347,-0.014691555,0.037648168,0.007447024,-0.011972296,-0.002870790,0.006187235
8.959707975,1.960649490,-1.031043053,-1.408408165,-0.027420998,0.690493584,0.026653290,-0.016784668,0.125429153,0.030212402,-0.044982910,-0.050857544,-0.006546021,1.960649490,-1.031043053,-1.408408165,-0.027420998,0.690493584,0.026653290,0.000042072,17.502258301,-3.762827396,-1.229624629,0.308288097,0.000754230,-0.021530151,17.480430603,-3.845136642,-1.280673981,0.298436165,0.000640869,0.000042072,17.502258301,-3.762827396,-1.229624629,0.308288097,0.000754230,0.000000000,0.000000000,0.000000000,0.000000000,0.000000000,0.000000000,0.000000000,0.000000000,0.000000000,0.000000000,0.000000000,0.000000000,0.000000000,0.000000000,0.000000000,0.000000000,0.000000000,0.000000000,-0.021572224,-0.021827698,-0.082309246,-0.051049352,-0.009851933,-0.000113361,-0.020917141,-0.020945582,-0.009154538,0.003592622,-0.010133974,0.001487528
8.969776869,1.960649490,-1.031043053,-1.408408165,-0.027420998,0.690493584,0.026653290,0.019470215,0.007019043,0.034240723,0.011413574,-0.011581421,0.018630981,1.960649490,-1.031043053,-1.408408165,-0.027420998,0.690876961,0.026653290,0.000042073,17.502519608,-3.763075590,-1.229900360,0.308190405,0.000753970,-0.000259399,17.493247986,-3.837873459,-1.276004791,0.355259895,0.001922607,0.000042073,17.502519608,-3.763075590,-1.229900360,0.308190405,0.000753970,0.000000000,0.000000000,0.000000000,0.000000000,0.000000000,0.000000000,0.000000000,0.000000000,0.000000000,0.000000000,0.000000000,0.000000000,0.000000000,0.000000000,0.000000000,0.000000000,0.000000000,0.000000000,-0.000301473,-0.009271622,-0.074797869,-0.046104431,0.047069490,0.001168637,0.000353610,-0.008389506,-0.001643161,0.008537543,0.046787449,0.002769526
8.979742765,1.960649490,-1.031043053,-1.408408165,-0.027037621,0.690876961,0.026653290,-0.008728027,-0.019836426,-0.039611816,0.152404785,-0.008560181,0.042800903,1.960649490,-1.031043053,-1.408408165,-0.027037621,0.690876961,0.026653290,0.000042072,17.502073288,-3.762652159,-1.229429722,0.307914615,0.000753228,-0.007522583,17.504234314,-3.852918625,-1.279117584,0.311680794,0.021148682,0.000042072,17.502073288,-3.762652159,-1.229429722,0.307914615,0.000753228,0.000000000,0.000000000,0.000000000,0.000000000,0.000000000,0.000000000,0.000000000,0.000000000,0.000000000,0.000000000,0.000000000,0.000000000,0.000000000,0.000000000,0.000000000,0.000000000,0.000000000,0.000000000,-0.007564655,0.002161026,-0.090266466,-0.049687862,0.003766179,0.020395454,-0.006909573,0.003043142,-0.017111758,0.004954112,0.003484138,0.021996343
8.989716291,1.960649490,-1.031043053,-1.408024788,-0.027420998,0.690876961,0.026653290,-0.109439850,0.063781738,0.044982910,0.073181152,0.049850464,-0.047836304,1.960649490,-1.031043053,-1.408408165,-0.027420998,0.690876961,0.026653290,0.000042073,17.502519608,-3.763075590,-1.229900360,0.308190405,0.000753970,0.001296997,17.520713806,-3.850324631,-1.279117584,0.292881966,-0.006195068,0.000042073,17.502519608,-3.763075590,-1.229900360,0.308190405,0.000753970,0.000000000,0.000000000,0.000000000,0.000000000,0.000000000,0.000000000,0.000000000,0.000000000,0.000000000,0.000000000,0.000000000,0.000000000,0.000000000,0.000000000,0.000000000,0.000000000,0.000000000,0.000000000,0.001254924,0.018194199,-0.087249041,-0.049217224,-0.015308440,-0.006949039,0.001910006,0.019076314,-0.014094333,0.005424750,-0.015590481,-0.005348150
8.999686241,1.960649490,-1.031043053,-1.408408165,-0.027420998,0.690876961,0.026653290,-0.075866699,-0.036315918,-0.012756348,-0.006042480,0.007553101,-0.003524780,1.960649490,-1.031043053,-1.408408165,-0.027420998,0.690493584,0.026653290,0.000042072,17.502258301,-3.762827396,-1.229624629,0.308288097,0.000754230,0.006484985,17.495079041,-3.851362228,-1.296757698,0.283055305,0.001068115,0.000042072,17.502258301,-3.762827396,-1.229624629,0.308288097,0.000754230,0.000000000,0.000000000,0.000000000,0.000000000,0.000000000,0.000000000,0.000000000,0.000000000,0.000000000,0.000000000,0.000000000,0.000000000,0.000000000,0.000000000,0.000000000,0.000000000,0.000000000,0.000000000,0.006442913,-0.007179260,-0.088534832,-0.067133069,-0.025232792,0.000313886,0.007097995,-0.006297145,-0.015380124,-0.012491095,-0.025514833,0.001914774
9.009708881,1.960649490,-1.031043053,-1.408408165,-0.027420998,0.690876961,0.026653290,0.019470215,-0.030212402,0.066467285,0.172550201,0.058914185,0.021652222,1.960649490,-1.031426430,-1.408024788,-0.027420998,0.690876961,0.026653290,0.000042065,17.499300003,-3.757081747,-1.228958964,0.307638764,0.000752485,0.003890991,17.524375916,-3.826459885,-1.260959625,0.298863411,-0.007476807,0.000042065,17.499300003,-3.757081747,-1.228958964,0.307638764,0.000752485,0.000000000,0.000000000,0.000000000,0.000000000,0.000000000,0.000000000,0.000000000,0.000000000,0.000000000,0.000000000,0.000000000,0.000000000,0.000000000,0.000000000,0.000000000,0.000000000,0.000000000,0.000000000,0.003848926,0.025075912,-0.069378138,-0.032000661,-0.008775353,-0.008229291,0.004504009,0.025958028,0.003776570,0.022641313,-0.009057395,-0.006628403
9.019742250,1.960649490,-1.031043053,-1.408408165,-0.027420998,0.690876961,0.026653290,0.046325684,0.009460449,0.106750488,-0.002014160,-0.001510620,0.033737183,1.960649490,-1.031043053,-1.408408165,-0.027420998,0.690876961,0.026653290,0.000042073,17.502519608,-3.763075590,-1.229900360,0.308190405,0.000753970,0.004409790,17.478599548,-3.848249435,-1.283786774,0.303563118,0.014312744,0.000042073,17.502519608,-3.763075590,-1.229900360,0.308190405,0.000753970,0.000000000,0.000000000,0.000000000,0.000000000,0.000000000,0.000000000,0.000000000,0.000000000,0.000000000,0.000000000,0.000000000,0.000000000,0.000000000,0.000000000,0.000000000,0.000000000,0.000000000,0.000000000,0.004367717,-0.023920059,-0.085173845,-0.053886414,-0.004627287,0.013558774,0.005022799,-0.023037944,-0.012019137,0.000755560,-0.004909329,0.015159662
9.029708385,1.960649490,-1.031043053,-1.408408165,-0.027420998,0.690876961,0.026653290,0.058410645,0.115053177,-0.133609772,-0.078552246,0.019638062,0.041793823,1.960266113,-1.031043053,-1.408408165,-0.027420998,0.690876961,0.026653290,0.000042083,17.502519608,-3.763075590,-1.229900360,0.308190405,0.000753970,0.020492554,17.485923767,-3.830091476,-1.289493561,0.292027473,-0.006195068,0.000042083,17.502519608,-3.763075590,-1.229900360,0.308190405,0.000753970,0.000000000,0.000000000,0.000000000,0.000000000,0.000000000,0.000000000,0.000000000,0.000000000,0.000000000,0.000000000,0.000000000,0.000000000,0.000000000,0.000000000,0.000000000,0.000000000,0.000000000,0.000000000,0.020450471,-0.016595840,-0.067015886,-0.059593201,-0.016162932,-0.006949039,0.021105553,-0.015713725,0.006138822,-0.004951227,-0.016444973,-0.005348150
9.039741278,1.960649490,-1.031043053,-1.408408165,-0.027420998,0.690493584,0.026653290,-0.043640137,-0.077821732,0.176578522,-0.079895020,0.030715942,-0.034744263,1.960649490,-1.031043053,-1.408408165,-0.027420998,0.690876961,0.026653290,0.000042073,17.502519608,-3.763075590,-1.229900360,0.308190405,0.000753970,-0.007003784,17.520713806,-3.855512619,-1.280673981,0.305699348,-0.002777100,0.000042073,17.502519608,-3.763075590,-1.229900360,0.308190405,0.000753970,0.000000000,0.000000000,0.000000000,0.000000000,0.000000000,0.000000000,0.000000000,0.000000000,0.000000000,0.000000000,0.000000000,0.000000000,0.000000000,0.000000000,0.000000000,0.000000000,0.000000000,0.000000000,-0.007045857,0.018194199,-0.092437029,-0.050773621,-0.002491057,-0.003531070,-0.006390775,0.019076314,-0.019282321,0.003868353,-0.002773098,-0.001930181
9.049707651,1.960649490,-1.031043053,-1.408024788,-0.027420998,0.690876961,0.026653290,0.181949615,-0.025939941,0.161804199,0.002014160,-0.064960480,-0.048843384,1.960266113,-1.031043053,-1.408408165,-0.027420998,0.690876961,0.026653290,0.000042083,17.502519608,-3.763075590,-1.229900360,0.308190405,0.000753970,0.005447388,17.484092712,-3.843580246,-1.298832893,0.402258873,0.003631592,0.000042083,17.502519608,-3.763075590,-1.229900360,0.308190405,0.000753970,0.000000000,0.000000000,0.000000000,0.000000000,0.000000000,0.000000000,0.000000000,0.000000000,0.000000000,0.000000000,0.000000000,0.000000000,0.000000000,0.000000000,0.000000000,0.000000000,0.000000000,0.000000000,0.005405305,-0.018426895,-0.080504656,-0.068932533,0.094068468,0.002877621,0.006060387,-0.017544780,-0.007349948,-0.014290559,0.093786426,0.004478510
9.059751034,1.960649490,-1.031043053,-1.408408165,-0.027420998,0.690876961,0.026653290,0.008728027,0.050354004,0.058410645,-0.133609772,0.003524780,-0.007553101,1.960649490,-1.031043053,-1.408408165,-0.027420998,0.690876961,0.026653290,0.000042073,17.502519608,-3.763075590,-1.229900360,0.308190405,0.000753970,-0.017898560,17.509727478,-3.838911057,-1.289493561,0.296727180,-0.004058838,0.000042073,17.502519608,-3.763075590,-1.229900360,0.308190405,0.000753970,0.000000000,0.000000000,0.000000000,0.000000000,0.000000000,0.000000000,0.000000000,0.000000000,0.000000000,0.000000000,0.000000000,0.000000000,0.000000000,0.000000000,0.000000000,0.000000000,0.000000000,0.000000000,-0.017940633,0.007207870,-0.075835466,-0.059593201,-0.011463225,-0.004812808,-0.017285551,0.008089986,-0.002680758,-0.004951227,-0.011745266,-0.003211920
9.069739342,1.960649490,-1.031043053,-1.408408165,-0.027420998,0.690876961,0.026653290,-0.165836334,-0.001525879,-0.181949615,-0.108097076,0.052871704,-0.031723022,1.960649490,-1.031043053,-1.408408165,-0.027420998,0.690493584,0.026653290,0.000042072,17.502258301,-3.762827396,-1.229624629,0.308288097,0.000754230,-0.004409790,17.515220642,-3.820753098,-1.272373199,0.298436165,-0.001068115,0.000042072,17.502258301,-3.762827396,-1.229624629,0.308288097,0.000754230,0.000000000,0.000000000,0.000000000,0.000000000,0.000000000,0.000000000,0.000000000,0.000000000,0.000000000,0.000000000,0.000000000,0.000000000,0.000000000,0.000000000,0.000000000,0.000000000,0.000000000,0.000000000,-0.004451862,0.012962341,-0.057925701,-0.042748570,-0.009851933,-0.001822345,-0.003796780,0.013844457,0.015229007,0.011893403,-0.010133974,-0.000221456
9.079708099,1.960649490,-1.031043053,-1.408408165,-0.027420998,0.690876961,0.026653290,-0.042297363,0.105897903,-0.040954590,-0.134952545,0.033737183,0.023666382,1.960649490,-1.031043053,-1.408408165,-0.027420998,0.690876961,0.026653290,0.000042073,17.502519608,-3.763075590,-1.229900360,0.308190405,0.000753970,0.003890991,17.476768494,-3.838911057,-1.296238899,0.314244270,0.004913330,0.000042073,17.502519608,-3.763075590,-1.229900360,0.308190405,0.000753970,0.000000000,0.000000000,0.000000000,0.000000000,0.000000000,0.000000000,0.000000000,0.000000000,0.000000000,0.000000000,0.000000000,0.000000000,0.000000000,0.000000000,0.000000000,0.000000000,0.000000000,0.000000000,0.003848918,-0.025751114,-0.075835466,-0.066338539,0.006053865,0.004159360,0.004504000,-0.024868998,-0.002680758,-0.011696565,0.005771824,0.005760248
9.089723587,1.960649490,-1.031043053,-1.408408165,-0.027420998,0.690493584,0.026653290,-0.044982910,0.102235794,-0.035583496,0.032897949,-0.039779663,-0.001510620,1.960649490,-1.031043053,-1.408024788,-0.027420998,0.690876961,0.026653290,0.000042065,17.499357224,-3.760078907,-1.229429722,0.307914615,0.000753228,0.001296997,17.502403259,-3.835798264,-1.233463287,0.302281380,-0.007476807,0.000042065,17.499357224,-3.760078907,-1.229429722,0.307914615,0.000753228,0.000000000,0.000000000,0.000000000,0.000000000,0.000000000,0.000000000,0.000000000,0.000000000,0.000000000,0.000000000,0.000000000,0.000000000,0.000000000,0.000000000,0.000000000,0.000000000,0.000000000,0.000000000,0.001254932,0.003046036,-0.075719357,-0.004033566,-0.005633235,-0.008230034,0.001910014,0.003928151,-0.002564648,0.050608408,-0.005915276,-0.006629146
9.099730015,1.960649490,-1.031043053,-1.408408165,-0.027420998,0.690876961,0.026653290,-0.018127441,0.052185059,-0.077209473,0.044982910,0.045822144,0.002517700,1.960649490,-1.031043053,-1.408408165,-0.027420998,0.690876961,0.026653290,0.000042073,17.502519608,-3.763075590,-1.229900360,0.308190405,0.000753970,-0.001296997,17.502403259,-3.847211838,-1.294162750,0.308690071,0.010040283,0.000042073,17.502519608,-3.763075590,-1.229900360,0.308190405,0.000753970,0.000000000,0.000000000,0.000000000,0.000000000,0.000000000,0.000000000,0.000000000,0.000000000,0.000000000,0.000000000,0.000000000,0.000000000,0.000000000,0.000000000,0.000000000,0.000000000,0.000000000,0.000000000,-0.001339070,-0.000116348,-0.084136248,-0.064262390,0.000499666,0.009286313,-0.000683988,0.000765767,-0.010981540,-0.009620416,0.000217625,0.010887201
9.109730959,1.960649490,-1.031043053,-1.408408165,-0.027420998,0.690876961,0.026653290,0.082580566,0.005187988,0.215518951,-0.096012115,0.035751343,-0.006546021,1.960649490,-1.031043053,-1.408408165,-0.027420998,0.690493584,0.026653290,0.000042072,17.502258301,-3.762827396,-1.229624629,0.308288097,0.000754230,0.012710571,17.482261658,-3.811413765,-1.284824371,0.322361946,-0.021575928,0.000042072,17.502258301,-3.762827396,-1.229624629,0.308288097,0.000754230,0.000000000,0.000000000,0.000000000,0.000000000,0.000000000,0.000000000,0.000000000,0.000000000,0.000000000,0.000000000,0.000000000,0.000000000,0.000000000,0.000000000,0.000000000,0.000000000,0.000000000,0.000000000,0.012668499,-0.019996643,-0.048586369,-0.055199742,0.014073849,-0.022330157,0.013323581,-0.019114528,0.024568339,-0.000557768,0.013791808,-0.020729269
9.119690418,1.960649490,-1.031043053,-1.408408165,-0.027420998,0.690876961,0.026653290,0.015441895,0.015563965,0.112121582,0.066467285,0.032730103,0.032730103,1.960266113,-1.031426430,-1.408408165,-0.027420998,0.690493584,0.026653290,0.000042082,17.502201080,-3.759830713,-1.229153872,0.308012217,0.000753487,0.006484985,17.498741150,-3.772503853,-1.284824371,0.310399055,-0.004058838,0.000042082,17.502201080,-3.759830713,-1.229153872,0.308012217,0.000753487,0.000000000,0.000000000,0.000000000,0.000000000,0.000000000,0.000000000,0.000000000,0.000000000,0.000000000,0.000000000,0.000000000,0.000000000,0.000000000,0.000000000,0.000000000,0.000000000,0.000000000,0.000000000,0.006442903,-0.003459930,-0.012673140,-0.055670500,0.002386838,-0.004812325,0.007097985,-0.002577815,0.060481568,-0.001028526,0.002104797,-0.003211436
9.129726171,1.960649490,-1.031043053,-1.408408165,-0.027420998,0.690876961,0.026653290,-0.097354889,0.032043457,-0.000671387,-0.157779694,0.040786743,0.023666382,1.960649490,-1.031043053,-1.408408165,-0.027420998,0.690876961,0.026653290,0.000042073,17.502519608,-3.763075590,-1.229900360,0.308190405,0.000753970,-0.009597778,17.471275330,-3.837354660,-1.281192780,0.318089485,0.001495361,0.000042073,17.502519608,-3.763075590,-1.229900360,0.308190405,0.000753970,0.000000000,0.000000000,0.000000000,0.000000000,0.000000000,0.000000000,0.000000000,0.000000000,0.000000000,0.000000000,0.000000000,0.000000000,0.000000000,0.000000000,0.000000000,0.000000000,0.000000000,0.000000000,-0.009639851,-0.031244278,-0.074279070,-0.051292419,0.009899080,0.000741391,-0.008984769,-0.030362162,-0.001124362,0.003349554,0.009617039,0.002342279
9.139743090,1.960649490,-1.031043053,-1.408408165,-0.027420998,0.690493584,0.026653290,0.063781738,0.000915527,-0.073181152,0.003356934,0.030715942,0.022659302,1.960649490,-1.031043053,-1.408408165,-0.027420998,0.690493584,0.026653290,0.000042072,17.502258301,-3.762827396,-1.229624629,0.308288097,0.000754230,0.001815796,17.529869080,-3.830610275,-1.292087555,0.287755013,0.006195068,0.000042072,17.502258301,-3.762827396,-1.229624629,0.308288097,0.000754230,0.000000000,0.000000000,0.000000000,0.000000000,0.000000000,0.000000000,0.000000000,0.000000000,0.000000000,0.000000000,0.000000000,0.000000000,0.000000000,0.000000000,0.000000000,0.000000000,0.000000000,0.000000000,0.001773724,0.027610779,-0.067782879,-0.062462926,-0.020533085,0.005440839,0.002428806,0.028492894,0.005371829,-0.007820952,-0.020815126,0.007041727
9.149711132,1.960649490,-1.031043053,-1.408408165,-0.027420998,0.690493584,0.026653290,0.149719238,0.060119629,-0.026184082,0.100036621,0.008560181,0.000503540,1.960649490,-1.031043053,-1.408408165,-0.027420998,0.690493584,0.026653290,0.000042072,17.502258301,-3.762827396,-1.229624629,0.308288097,0.000754230,-0.013229370,17.482261658,-3.803631783,-1.283267975,0.279210091,-0.005767822,0.000042072,17.502258301,-3.762827396,-1.229624629,0.308288097,0.000754230,0.000000000,0.000000000,0.000000000,0.000000000,0.000000000,0.000000000,0.000000000,0.000000000,0.000000000,0.000000000,0.000000000,0.000000000,0.000000000,0.000000000,0.000000000,0.000000000,0.000000000,0.000000000,-0.013271442,-0.019996643,-0.040804386,-0.053643346,-0.029078007,-0.006522052,-0.012616360,-0.019114528,0.032350322,0.000998628,-0.029360048,-0.004921163
9.159708977,1.960649490,-1.031043053,-1.408408165,-0.027420998,0.690876961,0.026653290,-0.031555176,0.016174316,0.031555176,-0.039611816,-0.005538940,0.003524780,1.960649490,-1.031043053,-1.408408165,-0.027420998,0.690493584,0.026653290,0.000042072,17.502258301,-3.762827396,-1.229624629,0.308288097,0.000754230,0.008560181,17.507896423,-3.827497482,-1.275485992,0.307835579,0.002777100,0.000042072,17.502258301,-3.762827396,-1.229624629,0.308288097,0.000754230,0.000000000,0.000000000,0.000000000,0.000000000,0.000000000,0.000000000,0.000000000,0.000000000,0.000000000,0.000000000,0.000000000,0.000000000,0.000000000,0.000000000,0.000000000,0.000000000,0.000000000,0.000000000,0.008518108,0.005638123,-0.064670086,-0.045861363,-0.000452518,0.002022870,0.009173191,0.006520238,0.008484622,0.008780611,-0.000734560,0.003623758
9.169708252,1.960649490,-1.031043053,-1.408408165,-0.027420998,0.690876961,0.026653290,0.004699707,0.050354004,0.018127441,-0.181949615,0.047836304,-0.022659302,1.960649490,-1.031043053,-1.408408165,-0.027420998,0.690876961,0.026653290,0.000042073,17.502519608,-3.763075590,-1.229900360,0.308190405,0.000753970,-0.007522583,17.520713806,-3.831129074,-1.293643951,0.325779915,0.003631592,0.000042073,17.502519608,-3.763075590,-1.229900360,0.308190405,0.000753970,0.000000000,0.000000000,0.000000000,0.000000000,0.000000000,0.000000000,0.000000000,0.000000000,0.000000000,0.000000000,0.000000000,0.000000000,0.000000000,0.000000000,0.000000000,0.000000000,0.000000000,0.000000000,-0.007564656,0.018194199,-0.068053484,-0.063743591,0.017589509,0.002877621,-0.006909574,0.019076314,0.005101224,-0.009101617,0.017307468,0.004478510
9.179733276,1.960649490,-1.031043053,-1.408408165,-0.027420998,0.690876961,0.026653290,-0.038269043,-0.056459427,-0.101383209,-0.097354889,-0.015609741,0.027694702,1.960649490,-1.031043053,-1.408408165,-0.027420998,0.690876961,0.026653290,0.000042073,17.502519608,-3.763075590,-1.229900360,0.308190405,0.000753970,-0.000778198,17.533531189,-3.917769432,-1.282749176,0.327916145,-0.011322021,0.000042073,17.502519608,-3.763075590,-1.229900360,0.308190405,0.000753970,0.000000000,0.000000000,0.000000000,0.000000000,0.000000000,0.000000000,0.000000000,0.000000000,0.000000000,0.000000000,0.000000000,0.000000000,0.000000000,0.000000000,0.000000000,0.000000000,0.000000000,0.000000000,-0.000820271,0.031011581,-0.154693842,-0.052848816,0.019725740,-0.012075992,-0.000165189,0.031893697,-0.081539134,0.001793158,0.019443699,-0.010475103
9.189717293,1.960649490,-1.031043053,-1.408408165,-0.027420998,0.690493584,0.026653290,-0.044982910,-0.048524857,-0.046325684,0.050354004,-0.018630981,-0.010574341,1.960649490,-1.031043053,-1.408408165,-0.027420998,0.690876961,0.026653290,0.000042073,17.502519608,-3.763075590,-1.229900360,0.308190405,0.000753970,0.005447388,17.522544861,-3.872114182,-1.274967194,0.311253548,0.000640869,0.000042073,17.502519608,-3.763075590,-1.229900360,0.308190405,0.000753970,0.000000000,0.000000000,0.000000000,0.000000000,0.000000000,0.000000000,0.000000000,0.000000000,0.000000000,0.000000000,0.000000000,0.000000000,0.000000000,0.000000000,0.000000000,0.000000000,0.000000000,0.000000000,0.005405315,0.020025253,-0.109038591,-0.045066833,0.003063142,-0.000113101,0.006060397,0.020907369,-0.035883883,0.009575140,0.002781101,0.001487787
9.199709177,1.960266113,-1.031043053,-1.408408165,-0.027420998,0.690493584,0.026653290,-0.147037506,0.054016113,-0.081237793,0.108093262,-0.069995880,-0.025680542,1.960649490,-1.031043053,-1.408408165,-0.027420998,0.690493584,0.026653290,0.000042072,17.502258301,-3.762827396,-1.229624629,0.308288097,0.000754230,-0.013748169,17.482261658,-3.792737007,-1.281192780,0.306981087,0.007049561,0.000042072,17.502258301,-3.762827396,-1.229624629,0.308288097,0.000754230,0.000000000,0.000000000,0.000000000,0.000000000,0.000000000,0.000000000,0.000000000,0.000000000,0.000000000,0.000000000,0.000000000,0.000000000,0.000000000,0.000000000,0.000000000,0.000000000,0.000000000,0.000000000,-0.013790241,-0.019996643,-0.029909611,-0.051568151,-0.001307011,0.006295331,-0.013135159,-0.019114528,0.043245097,0.003073823,-0.001589052,0.007896219
9.209726334,1.960649490,-1.031043053,-1.408408165,-0.027420998,0.690876961,0.026653290,-0.038269043,0.066223145,0.046325684,0.004699707,0.025680542,0.009567261,1.960649490,-1.031043053,-1.408408165,-0.027420998,0.690493584,0.026653290,0.000042072,17.502258301,-3.762827396,-1.229624629,0.308288097,0.000754230,0.014785767,17.529869080,-3.848249435,-1.289493561,0.306981087,-0.014739990,0.000042072,17.502258301,-3.762827396,-1.229624629,0.308288097,0.000754230,0.000000000,0.000000000,0.000000000,0.000000000,0.000000000,0.000000000,0.000000000,0.000000000,0.000000000,0.000000000,0.000000000,0.000000000,0.000000000,0.000000000,0.000000000,0.000000000,0.000000000,0.000000000,0.014743694,0.027610779,-0.085422039,-0.059868932,-0.001307011,-0.015494220,0.015398777,0.028492894,-0.012267331,-0.005226958,-0.001589052,-0.013893331
9.219711065,1.960649490,-1.031043053,-1.408408165,-0.027420998,0.690493584,0.026653290,0.125549316,0.075988770,-0.034240723,0.014099121,-0.041793823,0.010574341,1.960649490,-1.031043053,-1.408408165,-0.027420998,0.690876961,0.026653290,0.000042073,17.502519608,-3.763075590,-1.229900360,0.308190405,0.000753970,0.006484985,17.469444275,-3.812970161,-1.275485992,0.307408333,-0.008331299,0.000042073,17.502519608,-3.763075590,-1.229900360,0.308190405,0.000753970,0.000000000,0.000000000,0.000000000,0.000000000,0.000000000,0.000000000,0.000000000,0.000000000,0.000000000,0.000000000,0.000000000,0.000000000,0.000000000,0.000000000,0.000000000,0.000000000,0.000000000,0.000000000,0.006442912,-0.033075333,-0.049894571,-0.045585632,-0.000782073,-0.009085269,0.007097994,-0.032193217,0.023260137,0.009056342,-0.001064114,-0.007484381
9.229741812,1.960649490,-1.031043053,-1.408408165,-0.027420998,0.690876961,0.026653290,-0.051696777,-0.050355911,0.002014160,0.129577637,-0.047836304,-0.024673462,1.960266113,-1.031043053,-1.408408165,-0.027420998,0.690876961,0.026653290,0.000042083,17.502519608,-3.763075590,-1.229900360,0.308190405,0.000753970,-0.006484985,17.515220642,-3.827497482,-1.286899567,0.286900520,0.004486084,0.000042083,17.502519608,-3.763075590,-1.229900360,0.308190405,0.000753970,0.000000000,0.000000000,0.000000000,0.000000000,0.000000000,0.000000000,0.000000000,0.000000000,0.000000000,0.000000000,0.000000000,0.000000000,0.000000000,0.000000000,0.000000000,0.000000000,0.000000000,0.000000000,-0.006527069,0.012701035,-0.064421892,-0.056999207,-0.021289885,0.003732114,-0.005871986,0.013583150,0.008732816,-0.002357233,-0.021571926,0.005333002
9.239741564,1.960649490,-1.031043053,-1.408408165,-0.027420998,0.690493584,0.026653290,-0.054382324,0.038146973,0.049011230,-0.044982910,-0.036758423,0.038772583,1.960649490,-1.031043053,-1.408408165,-0.027420998,0.690493584,0.026653290,0.000042072,17.502258301,-3.762827396,-1.229624629,0.308288097,0.000754230,-0.004409790,17.474937439,-3.832166672,-1.251102448,0.305272102,0.010467529,0.000042072,17.502258301,-3.762827396,-1.229624629,0.308288097,0.000754230,0.000000000,0.000000000,0.000000000,0.000000000,0.000000000,0.000000000,0.000000000,0.000000000,0.000000000,0.000000000,0.000000000,0.000000000,0.000000000,0.000000000,0.000000000,0.000000000,0.000000000,0.000000000,-0.004451862,-0.027320862,-0.069339275,-0.021477818,-0.003015995,0.009713300,-0.003796780,-0.026438746,0.003815433,0.033164155,-0.003298036,0.011314188
9.249773502,1.960649490,-1.031043053,-1.408408165,-0.027420998,0.690493584,0.026653290,-0.069152832,-0.011291504,0.038269043,-0.015441895,-0.032730103,-0.025680542,1.960649490,-1.031043053,-1.408408165,-0.027420998,0.690876961,0.026653290,0.000042073,17.502519608,-3.763075590,-1.229900360,0.308190405,0.000753970,-0.002853394,17.524375916,-3.809857368,-1.286380768,0.313389778,-0.001922607,0.000042073,17.502519608,-3.763075590,-1.229900360,0.308190405,0.000753970,0.000000000,0.000000000,0.000000000,0.000000000,0.000000000,0.000000000,0.000000000,0.000000000,0.000000000,0.000000000,0.000000000,0.000000000,0.000000000,0.000000000,0.000000000,0.000000000,0.000000000,0.000000000,-0.002895467,0.021856308,-0.046781778,-0.056480408,0.005199373,-0.002676578,-0.002240384,0.022738424,0.026372930,-0.001838434,0.004917332,-0.001075689
9.259708405,1.960649490,-1.031043053,-1.408408165,-0.027420998,0.690493584,0.026653290,0.141662598,-0.108949661,-0.083923340,-0.074523926,-0.005538940,0.045822144,1.960649490,-1.031043053,-1.408408165,-0.027420998,0.690493584,0.026653290,0.000042072,17.502258301,-3.762827396,-1.229624629,0.308288097,0.000754230,0.004409790,17.482261658,-3.826978683,-1.284824371,0.313389778,0.007049561,0.000042072,17.502258301,-3.762827396,-1.229624629,0.308288097,0.000754230,0.000000000,0.000000000,0.000000000,0.000000000,0.000000000,0.000000000,0.000000000,0.000000000,0.000000000,0.000000000,0.000000000,0.000000000,0.000000000,0.000000000,0.000000000,0.000000000,0.000000000,0.000000000,0.004367718,-0.019996643,-0.064151287,-0.055199742,0.005101681,0.006295331,0.005022800,-0.019114528,0.009003421,-0.000557768,0.004819640,0.007896219
9.269710779,1.960649490,-1.031043053,-1.408408165,-0.027420998,0.690876961,0.026653290,0.008728027,0.054016113,0.138977051,0.067810059,-0.005538940,-0.051864624,1.960649490,-1.031043053,-1.408408165,-0.027420998,0.690876961,0.026653290,0.000042073,17.502519608,-3.763075590,-1.229900360,0.308190405,0.000753970,-0.006484985,17.522544861,-3.860700607,-1.286380768,0.315526009,0.002777100,0.000042073,17.502519608,-3.763075590,-1.229900360,0.308190405,0.000753970,0.000000000,0.000000000,0.000000000,0.000000000,0.000000000,0.000000000,0.000000000,0.000000000,0.000000000,0.000000000,0.000000000,0.000000000,0.000000000,0.000000000,0.000000000,0.000000000,0.000000000,0.000000000,-0.006527058,0.020025253,-0.097625017,-0.056480408,0.007335603,0.002023129,-0.005871976,0.020907369,-0.024470309,-0.001838434,0.007053562,0.003624018
9.279694796,1.960266113,-1.031043053,-1.408408165,-0.027420998,0.690876961,0.026653290,-0.113468170,0.028381348,-0.003356934,-0.083923340,-0.003524780,0.017623901,1.960266113,-1.031043053,-1.408408165,-0.027420998,0.690876961,0.026653290,0.000042083,17.502519608,-3.763075590,-1.229900360,0.308190405,0.000753970,0.002334595,17.482261658,-3.845655441,-1.278079987,0.314244270,0.007049561,0.000042083,17.502519608,-3.763075590,-1.229900360,0.308190405,0.000753970,0.000000000,0.000000000,0.000000000,0.000000000,0.000000000,0.000000000,0.000000000,0.000000000,0.000000000,0.000000000,0.000000000,0.000000000,0.000000000,0.000000000,0.000000000,0.000000000,0.000000000,0.000000000,0.002292512,-0.020257950,-0.082579851,-0.048179626,0.006053865,0.006295590,0.002947594,-0.019375834,-0.009425143,0.006462347,0.005771824,0.007896479
9.289707661,1.960649490,-1.031043053,-1.408408165,-0.027420998,0.690876961,0.026653290,0.054382324,0.086366653,-0.012756348,-0.002014160,0.046829224,-0.049850464,1.960649490,-1.031043053,-1.408408165,-0.027420998,0.690493584,0.026653290,0.000042072,17.502258301,-3.762827396,-1.229624629,0.308288097,0.000754230,-0.004409790,17.504234314,-3.821271896,-1.292087555,0.283055305,-0.004058838,0.000042072,17.502258301,-3.762827396,-1.229624629,0.308288097,0.000754230,0.000000000,0.000000000,0.000000000,0.000000000,0.000000000,0.000000000,0.000000000,0.000000000,0.000000000,0.000000000,0.000000000,0.000000000,0.000000000,0.000000000,0.000000000,0.000000000,0.000000000,0.000000000,-0.004451862,0.001976013,-0.058444500,-0.062462926,-0.025232792,-0.004813068,-0.003796780,0.002858129,0.014710208,-0.007820952,-0.025514833,-0.003212179
9.299736977,1.960649490,-1.031043053,-1.408408165,-0.027420998,0.690493584,0.026653290,0.022155762,-0.003967285,0.067810059,-0.108097076,0.001510620,-0.016616821,1.960649490,-1.031426430,-1.408408165,-0.027420998,0.690493584,0.026653290,0.000042072,17.502201080,-3.759830713,-1.229153872,0.308012217,0.000753487,0.015304565,17.476768494,-3.842542648,-1.296757698,0.316380501,-0.015594482,0.000042072,17.502201080,-3.759830713,-1.229153872,0.308012217,0.000753487,0.000000000,0.000000000,0.000000000,0.000000000,0.000000000,0.000000000,0.000000000,0.000000000,0.000000000,0.000000000,0.000000000,0.000000000,0.000000000,0.000000000,0.000000000,0.000000000,0.000000000,0.000000000,0.015262493,-0.025432587,-0.082711935,-0.067603827,0.008368284,-0.016347969,0.015917576,-0.024550471,-0.009557227,-0.012961853,0.008086242,-0.014747081
9.309755087,1.960649490,-1.031043053,-1.408408165,-0.027420998,0.690493584,0.026653290,-0.019470215,0.020446777,0.051696777,0.061096191,-0.035751343,-0.006546021,1.960649490,-1.031043053,-1.408024788,-0.027420998,0.690876961,0.026653290,0.000042065,17.499357224,-3.760078907,-1.229429722,0.307914615,0.000753228,-0.001296997,17.487754822,-3.831647873,-1.309208870,0.259983063,-0.013885498,0.000042065,17.499357224,-3.760078907,-1.229429722,0.307914615,0.000753228,0.000000000,0.000000000,0.000000000,0.000000000,0.000000000,0.000000000,0.000000000,0.000000000,0.000000000,0.000000000,0.000000000,0.000000000,0.000000000,0.000000000,0.000000000,0.000000000,0.000000000,0.000000000,-0.001339062,-0.011602402,-0.071568966,-0.079779148,-0.047931552,-0.014638726,-0.000683980,-0.010720286,0.001585742,-0.025137174,-0.048213593,-0.013037837
9.319740295,1.960649490,-1.031043053,-1.408408165,-0.027420998,0.690876961,0.026653290,0.000671387,-0.069887161,0.070495605,-0.113468170,0.032730103,-0.002517700,1.960649490,-1.031043053,-1.408408165,-0.027420998,0.690876961,0.026653290,0.000042073,17.502519608,-3.763075590,-1.229900360,0.308190405,0.000753970,-0.021530151,17.511558533,-3.828535080,-1.274967194,0.283055305,-0.001495361,0.000042073,17.502519608,-3.763075590,-1.229900360,0.308190405,0.000753970,0.000000000,0.000000000,0.000000000,0.000000000,0.000000000,0.000000000,0.000000000,0.000000000,0.000000000,0.000000000,0.000000000,0.000000000,0.000000000,0.000000000,0.000000000,0.000000000,0.000000000,0.000000000,-0.021572224,0.009038925,-0.065459490,-0.045066833,-0.025135100,-0.002249332,-0.020917142,0.009921041,0.007695218,0.009575140,-0.025417141,-0.000648443
9.329710960,1.960649490,-1.031426430,-1.408408165,-0.027420998,0.690876961,0.026653290,-0.018127441,-0.116884232,-0.105411530,-0.043640137,-0.003524780,-0.020645142,1.960649490,-1.031043053,-1.408408165,-0.027420998,0.690876961,0.026653290,0.000042073,17.502519608,-3.763075590,-1.229900360,0.308190405,0.000753970,0.002853394,17.480430603,-3.834760666,-1.280673981,0.320652962,-0.000640869,0.000042073,17.502519608,-3.763075590,-1.229900360,0.308190405,0.000753970,0.000000000,0.000000000,0.000000000,0.000000000,0.000000000,0.000000000,0.000000000,0.000000000,0.000000000,0.000000000,0.000000000,0.000000000,0.000000000,0.000000000,0.000000000,0.000000000,0.000000000,0.000000000,0.002811320,-0.022089005,-0.071685076,-0.050773621,0.012462556,-0.001394839,0.003466403,-0.021206889,0.001469632,0.003868353,0.012180515,0.000206049
9.339708805,1.960649490,-1.031426430,-1.408408165,-0.027420998,0.690876961,0.026653290,-0.145694733,0.043640137,0.075866699,0.055725098,0.044815063,0.069992065,1.960649490,-1.031426430,-1.408408165,-0.027420998,0.690876961,0.026653290,0.000042073,17.502464294,-3.760078907,-1.229429722,0.307914615,0.000753228,-0.011154175,17.511558533,-3.807782173,-1.285343170,0.314671516,0.001495361,0.000042073,17.502464294,-3.760078907,-1.229429722,0.307914615,0.000753228,0.000000000,0.000000000,0.000000000,0.000000000,0.000000000,0.000000000,0.000000000,0.000000000,0.000000000,0.000000000,0.000000000,0.000000000,0.000000000,0.000000000,0.000000000,0.000000000,0.000000000,0.000000000,-0.011196248,0.009094238,-0.047703266,-0.055913448,0.006756902,0.000742134,-0.010541166,0.009976354,0.025451442,-0.001271474,0.006474861,0.002343022
9.349709988,1.960649490,-1.031043053,-1.408408165,-0.027420998,0.690876961,0.026653290,-0.074523926,0.035095215,-0.027526855,0.073181152,0.021652222,-0.035751343,1.960649490,-1.031426430,-1.408408165,-0.027420998,0.690876961,0.026653290,0.000042073,17.502464294,-3.760078907,-1.229429722,0.307914615,0.000753228,-0.000259399,17.513389587,-3.813488960,-1.279117584,0.302708626,0.010894775,0.000042073,17.502464294,-3.760078907,-1.229429722,0.307914615,0.000753228,0.000000000,0.000000000,0.000000000,0.000000000,0.000000000,0.000000000,0.000000000,0.000000000,0.000000000,0.000000000,0.000000000,0.000000000,0.000000000,0.000000000,0.000000000,0.000000000,0.000000000,0.000000000,-0.000301472,0.010925293,-0.053410053,-0.049687862,-0.005205989,0.010141548,0.000353610,0.011807408,0.019744655,0.004954112,-0.005488030,0.011742436
9.359750748,1.960649490,-1.031426430,-1.408408165,-0.027420998,0.690876961,0.026653290,-0.108097076,-0.036926270,-0.018127441,-0.059753418,-0.000503540,-0.007553101,1.960649490,-1.031043053,-1.408408165,-0.027420998,0.690876961,0.026653290,0.000042073,17.502519608,-3.763075590,-1.229900360,0.308190405,0.000753970,-0.022048950,17.496910095,-3.858625412,-1.292606354,0.311253548,-0.008758545,0.000042073,17.502519608,-3.763075590,-1.229900360,0.308190405,0.000753970,0.000000000,0.000000000,0.000000000,0.000000000,0.000000000,0.000000000,0.000000000,0.000000000,0.000000000,0.000000000,0.000000000,0.000000000,0.000000000,0.000000000,0.000000000,0.000000000,0.000000000,0.000000000,-0.022091023,-0.005609512,-0.095549822,-0.062705994,0.003063142,-0.009512515,-0.021435941,-0.004727397,-0.022395114,-0.008064020,0.002781101,-0.007911627
9.369765282,1.960649490,-1.031426430,-1.408408165,-0.027420998,0.690876961,0.026653290,0.061096191,-0.122377396,0.022155762,0.094665527,-0.033737183,0.043807983,1.960649490,-1.031043053,-1.408408165,-0.027420998,0.690876961,0.026653290,0.000042073,17.502519608,-3.763075590,-1.229900360,0.308190405,0.000753970,-0.011672974,17.474937439,-3.819196701,-1.264591217,0.284764290,-0.003631592,0.000042073,17.502519608,-3.763075590,-1.229900360,0.308190405,0.000753970,0.000000000,0.000000000,0.000000000,0.000000000,0.000000000,0.000000000,0.000000000,0.000000000,0.000000000,0.000000000,0.000000000,0.000000000,0.000000000,0.000000000,0.000000000,0.000000000,0.000000000,0.000000000,-0.011715047,-0.027582169,-0.056121111,-0.034690857,-0.023426116,-0.004385562,-0.011059965,-0.026700053,0.017033597,0.019951117,-0.023708157,-0.002784674
9.379745960,1.960649490,-1.031043053,-1.408408165,-0.027420998,0.690876961,0.026653290,0.078552246,-0.032653809,-0.035583496,0.108093262,-0.031723022,-0.022659302,1.960649490,-1.031043053,-1.408408165,-0.027420998,0.690876961,0.026653290,0.000042073,17.502519608,-3.763075590,-1.229900360,0.308190405,0.000753970,0.012191772,17.500572205,-3.814526558,-1.281711578,0.311253548,0.002349854,0.000042073,17.502519608,-3.763075590,-1.229900360,0.308190405,0.000753970,0.000000000,0.000000000,0.000000000,0.000000000,0.000000000,0.000000000,0.000000000,0.000000000,0.000000000,0.000000000,0.000000000,0.000000000,0.000000000,0.000000000,0.000000000,0.000000000,0.000000000,0.000000000,0.012149699,-0.001947403,-0.051450968,-0.051811218,0.003063142,0.001595883,0.012804782,-0.001065287,0.021703740,0.002830756,0.002781101,0.003196772
9.389709473,1.960649490,-1.031043053,-1.408408165,-0.027420998,0.690876961,0.026653290,-0.086612701,-0.119935989,0.073181152,-0.102725983,-0.016616821,0.005538940,1.960649490,-1.031043053,-1.408408165,-0.027420998,0.690493584,0.026653290,0.000042072,17.502258301,-3.762827396,-1.229624629,0.308288097,0.000754230,-0.001296997,17.533531189,-3.871076584,-1.246433258,0.315098763,0.020294189,0.000042072,17.502258301,-3.762827396,-1.229624629,0.308288097,0.000754230,0.000000000,0.000000000,0.000000000,0.000000000,0.000000000,0.000000000,0.000000000,0.000000000,0.000000000,0.000000000,0.000000000,0.000000000,0.000000000,0.000000000,0.000000000,0.000000000,0.000000000,0.000000000,-0.001339069,0.031272888,-0.108249187,-0.016808629,0.006810665,0.019539960,-0.000683987,0.032155004,-0.035094479,0.037833345,0.006528624,0.021140848
9.399712563,1.960649490,-1.031043053,-1.408408165,-0.027420998,0.690493584,0.026653290,-0.085266113,-0.057680130,0.053039551,-0.089298248,0.012588501,0.007553101,1.960649490,-1.031043053,-1.408408165,-0.027420998,0.690876961,0.026653290,0.000042073,17.502519608,-3.763075590,-1.229900360,0.308190405,0.000753970,-0.010635376,17.506065369,-3.830610275,-1.327885628,0.303563118,0.007049561,0.000042073,17.502519608,-3.763075590,-1.229900360,0.308190405,0.000753970,0.000000000,0.000000000,0.000000000,0.000000000,0.000000000,0.000000000,0.000000000,0.000000000,0.000000000,0.000000000,0.000000000,0.000000000,0.000000000,0.000000000,0.000000000,0.000000000,0.000000000,0.000000000,-0.010677449,0.003545761,-0.067534685,-0.097985268,-0.004627287,0.006295590,-0.010022367,0.004427877,0.005620023,-0.043343294,-0.004909329,0.007896479
9.409716129,1.960649490,-1.031043053,-1.408408165,-0.027420998,0.690493584,0.026653290,-0.024841309,0.142518997,-0.160465240,-0.156436920,-0.056900024,-0.016616821,1.960649490,-1.031043053,-1.408408165,-0.027420998,0.690876961,0.026653290,0.000042073,17.502519608,-3.763075590,-1.229900360,0.308190405,0.000753970,0.007003784,17.517051697,-3.829053879,-1.286899567,0.298008919,-0.003204346,0.000042073,17.502519608,-3.763075590,-1.229900360,0.308190405,0.000753970,0.000000000,0.000000000,0.000000000,0.000000000,0.000000000,0.000000000,0.000000000,0.000000000,0.000000000,0.000000000,0.000000000,0.000000000,0.000000000,0.000000000,0.000000000,0.000000000,0.000000000,0.000000000,0.006961711,0.014532089,-0.065978289,-0.056999207,-0.010181487,-0.003958316,0.007616793,0.015414205,0.007176419,-0.002357233,-0.010463528,-0.002357428
9.419860840,1.960649490,-1.031043053,-1.408408165,-0.027420998,0.690493584,0.026653290,0.042297363,0.033874512,0.073181152,0.035583496,-0.050857544,-0.046829224,1.960649490,-1.031043053,-1.408408165,-0.027420998,0.690493584,0.026653290,0.000042072,17.502258301,-3.762827396,-1.229624629,0.308288097,0.000754230,-0.003890991,17.496910095,-3.852918625,-1.287937164,0.307835579,0.001068115,0.000042072,17.502258301,-3.762827396,-1.229624629,0.308288097,0.000754230,0.000000000,0.000000000,0.000000000,0.000000000,0.000000000,0.000000000,0.000000000,0.000000000,0.000000000,0.000000000,0.000000000,0.000000000,0.000000000,0.000000000,0.000000000,0.000000000,0.000000000,0.000000000,-0.003933063,-0.005348206,-0.090091228,-0.058312535,-0.000452518,0.000313886,-0.003277981,-0.004466090,-0.016936520,-0.003670561,-0.000734560,0.001914774
9.429713011,1.960649490,-1.031043053,-1.408408165,-0.027420998,0.690876961,0.026653290,0.002014160,-0.151674271,-0.039611816,0.075866699,0.006546021,-0.002517700,1.960649490,-1.031043053,-1.408408165,-0.027420998,0.690876961,0.026653290,0.000042073,17.502519608,-3.763075590,-1.229900360,0.308190405,0.000753970,-0.021011353,17.493247986,-3.816601753,-1.273929596,0.314244270,-0.013885498,0.000042073,17.502519608,-3.763075590,-1.229900360,0.308190405,0.000753970,0.000000000,0.000000000,0.000000000,0.000000000,0.000000000,0.000000000,0.000000000,0.000000000,0.000000000,0.000000000,0.000000000,0.000000000,0.000000000,0.000000000,0.000000000,0.000000000,0.000000000,0.000000000,-0.021053426,-0.009271622,-0.053526163,-0.044029236,0.006053865,-0.014639468,-0.020398343,-0.008389506,0.019628545,0.010612738,0.005771824,-0.013038580
9.439711571,1.960649490,-1.031043053,-1.408408165,-0.027420998,0.690876961,0.026653290,0.006042480,0.013122559,-0.047668457,0.145690918,0.024673462,-0.008560181,1.960649490,-1.031043053,-1.408408165,-0.027420998,0.690493584,0.026653290,0.000042072,17.502258301,-3.762827396,-1.229624629,0.308288097,0.000754230,0.024642944,17.524375916,-3.825422287,-1.281192780,0.312108040,-0.001068115,0.000042072,17.502258301,-3.762827396,-1.229624629,0.308288097,0.000754230,0.000000000,0.000000000,0.000000000,0.000000000,0.000000000,0.000000000,0.000000000,0.000000000,0.000000000,0.000000000,0.000000000,0.000000000,0.000000000,0.000000000,0.000000000,0.000000000,0.000000000,0.000000000,0.024600872,0.022117615,-0.062594891,-0.051568151,0.003819942,-0.001822345,0.025255954,0.022999730,0.010559817,0.003073823,0.003537901,-0.000221456
9.449713469,1.960649490,-1.031043053,-1.408408165,-0.027420998,0.690876961,0.026653290,-0.047668457,0.032043457,-0.046325684,-0.034240723,0.025680542,0.037765503,1.960649490,-1.031043053,-1.408408165,-0.027420998,0.690876961,0.026653290,0.000042073,17.502519608,-3.763075590,-1.229900360,0.308190405,0.000753970,0.005966187,17.474937439,-3.823865891,-1.296238899,0.328343391,0.003631592,0.000042073,17.502519608,-3.763075590,-1.229900360,0.308190405,0.000753970,0.000000000,0.000000000,0.000000000,0.000000000,0.000000000,0.000000000,0.000000000,0.000000000,0.000000000,0.000000000,0.000000000,0.000000000,0.000000000,0.000000000,0.000000000,0.000000000,0.000000000,0.000000000,0.005924113,-0.027582169,-0.060790300,-0.066338539,0.020152986,0.002877621,0.006579196,-0.026700053,0.012364408,-0.011696565,0.019870945,0.004478510
9.459746122,1.960649490,-1.031043053,-1.408408165,-0.027420998,0.690876961,0.026653290,0.040954590,0.126039505,-0.070495605,0.006042480,0.009567261,-0.048843384,1.960649490,-1.031043053,-1.408408165,-0.027420998,0.690876961,0.026653290,0.000042073,17.502519608,-3.763075590,-1.229900360,0.308190405,0.000753970,-0.008560181,17.478599548,-3.821271896,-1.277042389,0.295872688,0.009613037,0.000042073,17.502519608,-3.763075590,-1.229900360,0.308190405,0.000753970,0.000000000,0.000000000,0.000000000,0.000000000,0.000000000,0.000000000,0.000000000,0.000000000,0.000000000,0.000000000,0.000000000,0.000000000,0.000000000,0.000000000,0.000000000,0.000000000,0.000000000,0.000000000,-0.008602254,-0.023920059,-0.058196306,-0.047142029,-0.012317717,0.008859067,-0.007947172,-0.023037944,0.014958402,0.007499945,-0.012599758,0.010459955
9.469713211,1.960649490,-1.031043053,-1.408408165,-0.027420998,0.690876961,0.026653290,-0.014099121,-0.026550293,0.109436035,-0.126895905,0.007553101,0.032730103,1.960649490,-1.031426430,-1.408408165,-0.027420998,0.690876961,0.026653290,0.000042073,17.502464294,-3.760078907,-1.229429722,0.307914615,0.000753228,0.005447388,17.509727478,-3.846174240,-1.290012360,0.342015266,-0.000640869,0.000042073,17.502464294,-3.760078907,-1.229429722,0.307914615,0.000753228,0.000000000,0.000000000,0.000000000,0.000000000,0.000000000,0.000000000,0.000000000,0.000000000,0.000000000,0.000000000,0.000000000,0.000000000,0.000000000,0.000000000,0.000000000,0.000000000,0.000000000,0.000000000,0.005405315,0.007263184,-0.086095333,-0.060582638,0.034100652,-0.001394097,0.006060397,0.008145299,-0.012940625,-0.005940664,0.033818611,0.000206792
9.479741335,1.960649490,-1.031043053,-1.408408165,-0.027420998,0.690876961,0.026653290,0.024841309,0.110170364,-0.109439850,0.055725098,0.045822144,-0.011581421,1.960649490,-1.031043053,-1.408408165,-0.027420998,0.690876961,0.026653290,0.000042073,17.502519608,-3.763075590,-1.229900360,0.308190405,0.000753970,-0.000778198,17.467613220,-3.847211838,-1.275485992,0.309117317,-0.006195068,0.000042073,17.502519608,-3.763075590,-1.229900360,0.308190405,0.000753970,0.000000000,0.000000000,0.000000000,0.000000000,0.000000000,0.000000000,0.000000000,0.000000000,0.000000000,0.000000000,0.000000000,0.000000000,0.000000000,0.000000000,0.000000000,0.000000000,0.000000000,0.000000000,-0.000820271,-0.034906387,-0.084136248,-0.045585632,0.000926912,-0.006949039,-0.000165189,-0.034024272,-0.010981540,0.009056342,0.000644871,-0.005348150
9.489710331,1.960649490,-1.031043053,-1.408408165,-0.027420998,0.690493584,0.026653290,0.007385254,0.154115677,-0.181949615,-0.070495605,-0.040786743,-0.020645142,1.960649490,-1.031043053,-1.408408165,-0.027420998,0.690493584,0.026653290,0.000042072,17.502258301,-3.762827396,-1.229624629,0.308288097,0.000754230,0.005447388,17.522544861,-3.830091476,-1.277042389,0.295018196,-0.013458252,0.000042072,17.502258301,-3.762827396,-1.229624629,0.308288097,0.000754230,0.000000000,0.000000000,0.000000000,0.000000000,0.000000000,0.000000000,0.000000000,0.000000000,0.000000000,0.000000000,0.000000000,0.000000000,0.000000000,0.000000000,0.000000000,0.000000000,0.000000000,0.000000000,0.005405316,0.020286560,-0.067264080,-0.047417760,-0.013269901,-0.014212482,0.006060398,0.021168676,0.005890628,0.007224214,-0.013551942,-0.012611593
9.499710083,1.960649490,-1.031043053,-1.408408165,-0.027420998,0.690876961,0.026653290,0.022155762,-0.116884232,-0.105411530,-0.038269043,-0.058914185,0.001510620,1.960649490,-1.031043053,-1.408024788,-0.027420998,0.690876961,0.026653290,0.000042065,17.499357224,-3.760078907,-1.229429722,0.307914615,0.000753228,-0.003372192,17.529869080,-3.821271896,-1.295720100,0.303563118,-0.005767822,0.000042065,17.499357224,-3.760078907,-1.229429722,0.307914615,0.000753228,0.000000000,0.000000000,0.000000000,0.000000000,0.000000000,0.000000000,0.000000000,0.000000000,0.000000000,0.000000000,0.000000000,0.000000000,0.000000000,0.000000000,0.000000000,0.000000000,0.000000000,0.000000000,-0.003414257,0.030511856,-0.061192989,-0.066290379,-0.004351497,-0.006521050,-0.002759175,0.031393972,0.011961719,-0.011648405,-0.004633538,-0.004920161
9.509708166,1.960649490,-1.031043053,-1.408408165,-0.027420998,0.690493584,0.026653290,0.026184082,-0.032043457,0.089294434,0.179264069,-0.002517700,-0.033737183,1.960649490,-1.031043053,-1.408408165,-0.027420998,0.690876961,0.026653290,0.000042073,17.502519608,-3.763075590,-1.229900360,0.308190405,0.000753970,-0.000778198,17.539024353,-3.816601753,-1.283267975,0.297581673,-0.008758545,0.000042073,17.502519608,-3.763075590,-1.229900360,0.308190405,0.000753970,0.000000000,0.000000000,0.000000000,0.000000000,0.000000000,0.000000000,0.000000000,0.000000000,0.000000000,0.000000000,0.000000000,0.000000000,0.000000000,0.000000000,0.000000000,0.000000000,0.000000000,0.000000000,-0.000820271,0.036504745,-0.053526163,-0.053367615,-0.010608733,-0.009512515,-0.000165189,0.037386861,0.019628545,0.001274359,-0.010890774,-0.007911627
9.519717932,1.960649490,-1.031043053,-1.408024788,-0.027420998,0.690876961,0.026653290,0.112121582,0.061340332,0.030212402,0.058410645,0.018630981,-0.031723022,1.960649490,-1.031043053,-1.408408165,-0.027420998,0.690876961,0.026653290,0.000042073,17.502519608,-3.763075590,-1.229900360,0.308190405,0.000753970,-0.001296997,17.528038025,-3.836835861,-1.287418365,0.309544563,0.003204346,0.000042073,17.502519608,-3.763075590,-1.229900360,0.308190405,0.000753970,0.000000000,0.000000000,0.000000000,0.000000000,0.000000000,0.000000000,0.000000000,0.000000000,0.000000000,0.000000000,0.000000000,0.000000000,0.000000000,0.000000000,0.000000000,0.000000000,0.000000000,0.000000000,-0.001339070,0.025518417,-0.073760271,-0.057518005,0.001354158,0.002450375,-0.000683988,0.026400533,-0.000605563,-0.002876031,0.001072117,0.004051264
9.529721975,1.960649490,-1.031426430,-1.408408165,-0.027420998,0.690876961,0.026653290,-0.047668457,0.049133301,-0.014099121,0.114807129,-0.042800903,-0.009567261,1.960649490,-1.031043053,-1.408408165,-0.027420998,0.690876961,0.026653290,0.000042073,17.502519608,-3.763075590,-1.229900360,0.308190405,0.000753970,0.009078979,17.465782166,-3.880414963,-1.292087555,0.291172981,0.007049561,0.000042073,17.502519608,-3.763075590,-1.229900360,0.308190405,0.000753970,0.000000000,0.000000000,0.000000000,0.000000000,0.000000000,0.000000000,0.000000000,0.000000000,0.000000000,0.000000000,0.000000000,0.000000000,0.000000000,0.000000000,0.000000000,0.000000000,0.000000000,0.000000000,0.009036906,-0.036737442,-0.117339373,-0.062187195,-0.017017424,0.006295590,0.009691989,-0.035855326,-0.044184665,-0.007545221,-0.017299465,0.007896479
9.539859772,1.960649490,-1.031043053,-1.408408165,-0.027420998,0.690876961,0.026653290,-0.032897949,0.027160645,0.049011230,-0.067810059,0.052871704,0.075027466,1.960649490,-1.031043053,-1.408408165,-0.027420998,0.690876961,0.026653290,0.000042073,17.502519608,-3.763075590,-1.229900360,0.308190405,0.000753970,0.000259399,17.484092712,-3.777173042,-1.285343170,0.305272102,0.001922607,0.000042073,17.502519608,-3.763075590,-1.229900360,0.308190405,0.000753970,0.000000000,0.000000000,0.000000000,0.000000000,0.000000000,0.000000000,0.000000000,0.000000000,0.000000000,0.000000000,0.000000000,0.000000000,0.000000000,0.000000000,0.000000000,0.000000000,0.000000000,0.000000000,0.000217326,-0.018426895,-0.014097452,-0.055442810,-0.002918303,0.001168637,0.000872408,-0.017544780,0.059057256,-0.000800836,-0.003200344,0.002769526
9.549707174,1.960649490,-1.031426430,-1.408408165,-0.027420998,0.690876961,0.026653290,0.077209473,-0.008239746,-0.058410645,0.106750488,0.009567261,0.031723022,1.960649490,-1.031043053,-1.408408165,-0.027420998,0.690876961,0.026653290,0.000042073,17.502519608,-3.763075590,-1.229900360,0.308190405,0.000753970,0.002334595,17.502403259,-3.881971359,-1.316472054,0.305699348,0.002349854,0.000042073,17.502519608,-3.763075590,-1.229900360,0.308190405,0.000753970,0.000000000,0.000000000,0.000000000,0.000000000,0.000000000,0.000000000,0.000000000,0.000000000,0.000000000,0.000000000,0.000000000,0.000000000,0.000000000,0.000000000,0.000000000,0.000000000,0.000000000,0.000000000,0.002292522,-0.000116348,-0.118895769,-0.086571693,-0.002491057,0.001595883,0.002947604,0.000765767,-0.045741061,-0.031929720,-0.002773098,0.003196772
9.559757710,1.960649490,-1.031043053,-1.408408165,-0.027420998,0.690876961,0.026653290,-0.077209473,0.025329590,0.000671387,0.014099121,0.024673462,0.028701782,1.960649490,-1.031043053,-1.408408165,-0.027420998,0.690876961,0.026653290,0.000042073,17.502519608,-3.763075590,-1.229900360,0.308190405,0.000753970,-0.006484985,17.520713806,-3.830610275,-1.221011162,0.282200813,0.002349854,0.000042073,17.502519608,-3.763075590,-1.229900360,0.308190405,0.000753970,0.000000000,0.000000000,0.000000000,0.000000000,0.000000000,0.000000000,0.000000000,0.000000000,0.000000000,0.000000000,0.000000000,0.000000000,0.000000000,0.000000000,0.000000000,0.000000000,0.000000000,0.000000000,-0.006527058,0.018194199,-0.067534685,0.008889198,-0.025989592,0.001595883,-0.005871976,0.019076314,0.005620023,0.063531172,-0.026271633,0.003196772
9.569719315,1.960649490,-1.031043053,-1.408408165,-0.027420998,0.690876961,0.026653290,0.073181152,0.035095215,-0.019470215,-0.120182037,0.012588501,-0.015609741,1.960649490,-1.031043053,-1.408024788,-0.027420998,0.690493584,0.026653290,0.000042064,17.499094009,-3.759830713,-1.229153872,0.308012217,0.000753487,0.005447388,17.504234314,-3.832166672,-1.237613678,0.318943977,0.005340576,0.000042064,17.499094009,-3.759830713,-1.229153872,0.308012217,0.000753487,0.000000000,0.000000000,0.000000000,0.000000000,0.000000000,0.000000000,0.000000000,0.000000000,0.000000000,0.000000000,0.000000000,0.000000000,0.000000000,0.000000000,0.000000000,0.000000000,0.000000000,0.000000000,0.005405324,0.005140305,-0.072335958,-0.008459806,0.010931760,0.004587089,0.006060406,0.006022420,0.000818750,0.046182167,0.010649719,0.006187978
9.579708576,1.960649490,-1.031043053,-1.408408165,-0.027420998,0.690876961,0.026653290,-0.007385254,0.012512207,-0.116153717,0.071838379,0.044815063,-0.049850464,1.960649490,-1.031043053,-1.408408165,-0.027420998,0.690876961,0.026653290,0.000042073,17.502519608,-3.763075590,-1.229900360,0.308190405,0.000753970,-0.017379761,17.487754822,-3.906874657,-1.297795296,0.291600227,0.007476807,0.000042073,17.502519608,-3.763075590,-1.229900360,0.308190405,0.000753970,0.000000000,0.000000000,0.000000000,0.000000000,0.000000000,0.000000000,0.000000000,0.000000000,0.000000000,0.000000000,0.000000000,0.000000000,0.000000000,0.000000000,0.000000000,0.000000000,0.000000000,0.000000000,-0.017421834,-0.014764786,-0.143799067,-0.067894936,-0.016590178,0.006722836,-0.016766752,-0.013882670,-0.070644358,-0.013252962,-0.016872219,0.008323725
9.589712143,1.960649490,-1.031426430,-1.408408165,-0.027420998,0.690876961,0.026653290,-0.113468170,0.016174316,0.006042480,0.062438965,0.001510620,-0.009567261,1.960649490,-1.031043053,-1.408408165,-0.027420998,0.690876961,0.026653290,0.000042073,17.502519608,-3.763075590,-1.229900360,0.308190405,0.000753970,0.005447388,17.487754822,-3.843580246,-1.302983284,0.298008919,0.007904053,0.000042073,17.502519608,-3.763075590,-1.229900360,0.308190405,0.000753970,0.000000000,0.000000000,0.000000000,0.000000000,0.000000000,0.000000000,0.000000000,0.000000000,0.000000000,0.000000000,0.000000000,0.000000000,0.000000000,0.000000000,0.000000000,0.000000000,0.000000000,0.000000000,0.005405315,-0.014764786,-0.080504656,-0.073082924,-0.010181487,0.007150082,0.006060397,-0.013882670,-0.007349948,-0.018440950,-0.010463528,0.008750971
9.599653244,1.960649490,-1.031043053,-1.408408165,-0.027420998,0.690493584,0.026653290,0.147033691,-0.014343262,-0.026184082,0.018127441,-0.034744263,0.042800903,1.960649490,-1.031043053,-1.408408165,-0.027420998,0.690493584,0.026653290,0.000042072,17.502258301,-3.762827396,-1.229624629,0.308288097,0.000754230,-0.003372192,17.517051697,-3.828016281,-1.340855598,0.318516731,-0.008331299,0.000042072,17.502258301,-3.762827396,-1.229624629,0.308288097,0.000754230,0.000000000,0.000000000,0.000000000,0.000000000,0.000000000,0.000000000,0.000000000,0.000000000,0.000000000,0.000000000,0.000000000,0.000000000,0.000000000,0.000000000,0.000000000,0.000000000,0.000000000,0.000000000,-0.003414265,0.014793396,-0.065188885,-0.111230969,0.010228634,-0.009085528,-0.002759182,0.015675512,0.007965823,-0.056588996,0.009946593,-0.007484640
9.609740734,1.960649490,-1.031043053,-1.408408165,-0.027420998,0.690876961,0.026653290,-0.102725983,0.032043457,-0.081237793,0.147033691,-0.036758423,0.037765503,1.960649490,-1.031043053,-1.408408165,-0.027420998,0.690876961,0.026653290,0.000042073,17.502519608,-3.763075590,-1.229900360,0.308190405,0.000753970,0.015304565,17.500572205,-3.828016281,-1.350712776,0.301426888,-0.008758545,0.000042073,17.502519608,-3.763075590,-1.229900360,0.308190405,0.000753970,0.000000000,0.000000000,0.000000000,0.000000000,0.000000000,0.000000000,0.000000000,0.000000000,0.000000000,0.000000000,0.000000000,0.000000000,0.000000000,0.000000000,0.000000000,0.000000000,0.000000000,0.000000000,0.015262492,-0.001947403,-0.064940691,-0.120812416,-0.006763518,-0.009512515,0.015917574,-0.001065287,0.008214017,-0.066170442,-0.007045559,-0.007911627
9.619828939,1.960649490,-1.031043053,-1.408408165,-0.027420998,0.690876961,0.026653290,0.002014160,-0.127260208,-0.042297363,-0.096012115,0.027694702,0.015609741,1.960649490,-1.031043053,-1.408408165,-0.027420998,0.690876961,0.026653290,0.000042073,17.502519608,-3.763075590,-1.229900360,0.308190405,0.000753970,0.002334595,17.506065369,-3.849287033,-1.278598785,0.302281380,0.004486084,0.000042073,17.502519608,-3.763075590,-1.229900360,0.308190405,0.000753970,0.000000000,0.000000000,0.000000000,0.000000000,0.000000000,0.000000000,0.000000000,0.000000000,0.000000000,0.000000000,0.000000000,0.000000000,0.000000000,0.000000000,0.000000000,0.000000000,0.000000000,0.000000000,0.002292522,0.003545761,-0.086211443,-0.048698425,-0.005909026,0.003732114,0.002947604,0.004427877,-0.013056735,0.005943549,-0.006191067,0.005333002
9.629714727,1.960649490,-1.031043053,-1.408408165,-0.027420998,0.690876961,0.026653290,-0.085266113,0.002746582,0.006042480,-0.218204498,0.005538940,-0.015609741,1.960649490,-1.031043053,-1.408408165,-0.027420998,0.690876961,0.026653290,0.000042073,17.502519608,-3.763075590,-1.229900360,0.308190405,0.000753970,-0.007003784,17.540855408,-3.850324631,-1.279636383,0.325779915,0.004486084,0.000042073,17.502519608,-3.763075590,-1.229900360,0.308190405,0.000753970,0.000000000,0.000000000,0.000000000,0.000000000,0.000000000,0.000000000,0.000000000,0.000000000,0.000000000,0.000000000,0.000000000,0.000000000,0.000000000,0.000000000,0.000000000,0.000000000,0.000000000,0.000000000,-0.007045857,0.038335800,-0.087249041,-0.049736023,0.017589509,0.003732114,-0.006390775,0.039217916,-0.014094333,0.004905951,0.017307468,0.005333002
9.639709473,1.960649490,-1.031426430,-1.408408165,-0.027420998,0.690876961,0.026653290,0.023498535,-0.039369583,-0.028869629,0.071838379,0.006546021,-0.036758423,1.960649490,-1.031426430,-1.408408165,-0.027420998,0.690876961,0.026653290,0.000042073,17.502464294,-3.760078907,-1.229429722,0.307914615,0.000753228,0.008560181,17.473106384,-3.832166672,-1.283267975,0.308690071,-0.001495361,0.000042073,17.502464294,-3.760078907,-1.229429722,0.307914615,0.000753228,0.000000000,0.000000000,0.000000000,0.000000000,0.000000000,0.000000000,0.000000000,0.000000000,0.000000000,0.000000000,0.000000000,0.000000000,0.000000000,0.000000000,0.000000000,0.000000000,0.000000000,0.000000000,0.008518108,-0.029357910,-0.072087765,-0.053838253,0.000775456,-0.002248589,0.009173190,-0.028475795,0.001066943,0.000803721,0.000493415,-0.000647700
9.649709940,1.960649490,-1.031043053,-1.408408165,-0.027420998,0.690876961,0.026653290,-0.042297363,-0.053407669,0.016784668,0.047668457,0.007553101,-0.026687622,1.960649490,-1.031043053,-1.408408165,-0.027420998,0.690876961,0.026653290,0.000042073,17.502519608,-3.763075590,-1.229900360,0.308190405,0.000753970,0.000778198,17.560997009,-3.834760666,-1.175875664,0.306553841,0.002777100,0.000042073,17.502519608,-3.763075590,-1.229900360,0.308190405,0.000753970,0.000000000,0.000000000,0.000000000,0.000000000,0.000000000,0.000000000,0.000000000,0.000000000,0.000000000,0.000000000,0.000000000,0.000000000,0.000000000,0.000000000,0.000000000,0.000000000,0.000000000,0.000000000,0.000736125,0.058477402,-0.071685076,0.054024696,-0.001636565,0.002023129,0.001391207,0.059359517,0.001469632,0.108666670,-0.001918606,0.003624018
9.659753799,1.960649490,-1.031043053,-1.408408165,-0.027420998,0.690876961,0.026653290,-0.082580566,-0.022277832,-0.044982910,-0.097354889,0.034744263,-0.080066681,1.960649490,-1.031426430,-1.408408165,-0.027420998,0.690876961,0.026653290,0.000042073,17.502464294,-3.760078907,-1.229429722,0.307914615,0.000753228,-0.025161743,17.471275330,-3.809857368,-1.283786774,0.312535286,0.007476807,0.000042073,17.502464294,-3.760078907,-1.229429722,0.307914615,0.000753228,0.000000000,0.000000000,0.000000000,0.000000000,0.000000000,0.000000000,0.000000000,0.000000000,0.000000000,0.000000000,0.000000000,0.000000000,0.000000000,0.000000000,0.000000000,0.000000000,0.000000000,0.000000000,-0.025203816,-0.031188965,-0.049778461,-0.054357052,0.004620671,0.006723579,-0.024548734,-0.030306849,0.023376247,0.000284922,0.004338630,0.008324468
9.669711351,1.960649490,-1.031043053,-1.408408165,-0.027420998,0.690493584,0.026653290,-0.117496490,0.025329590,-0.085266113,-0.008728027,-0.025680542,-0.029708862,1.960266113,-1.031043053,-1.408408165,-0.027420998,0.690876961,0.026653290,0.000042083,17.502519608,-3.763075590,-1.229900360,0.308190405,0.000753970,-0.005447388,17.517051697,-3.800518990,-1.268741608,0.287327766,-0.006622314,0.000042083,17.502519608,-3.763075590,-1.229900360,0.308190405,0.000753970,0.000000000,0.000000000,0.000000000,0.000000000,0.000000000,0.000000000,0.000000000,0.000000000,0.000000000,0.000000000,0.000000000,0.000000000,0.000000000,0.000000000,0.000000000,0.000000000,0.000000000,0.000000000,-0.005489471,0.014532089,-0.037443399,-0.038841248,-0.020862639,-0.007376285,-0.004834389,0.015414205,0.035711309,0.015800726,-0.021144680,-0.005775396
9.679710150,1.960649490,-1.031426430,-1.408408165,-0.027420998,0.690876961,0.026653290,-0.036926270,-0.035705566,0.143005371,-0.097354889,0.005538940,-0.001510620,1.960649490,-1.031043053,-1.408408165,-0.027420998,0.690876961,0.026653290,0.000042073,17.502519608,-3.763075590,-1.229900360,0.308190405,0.000753970,-0.013229370,17.476768494,-3.790143013,-1.277042389,0.314671516,-0.004058838,0.000042073,17.502519608,-3.763075590,-1.229900360,0.308190405,0.000753970,0.000000000,0.000000000,0.000000000,0.000000000,0.000000000,0.000000000,0.000000000,0.000000000,0.000000000,0.000000000,0.000000000,0.000000000,0.000000000,0.000000000,0.000000000,0.000000000,0.000000000,0.000000000,-0.013271443,-0.025751114,-0.027067423,-0.047142029,0.006481111,-0.004812808,-0.012616361,-0.024868998,0.046087285,0.007499945,0.006199070,-0.003211920
9.689715862,1.960649490,-1.031043053,-1.408408165,-0.027420998,0.690876961,0.026653290,-0.008728027,-0.032653809,0.026184082,-0.051696777,0.009567261,0.001510620,1.960649490,-1.031043053,-1.408024788,-0.027420998,0.690876961,0.026653290,0.000042065,17.499357224,-3.760078907,-1.229429722,0.307914615,0.000753228,0.001296997,17.465782166,-3.828016281,-1.289493561,0.303563118,-0.006622314,0.000042065,17.499357224,-3.760078907,-1.229429722,0.307914615,0.000753228,0.000000000,0.000000000,0.000000000,0.000000000,0.000000000,0.000000000,0.000000000,0.000000000,0.000000000,0.000000000,0.000000000,0.000000000,0.000000000,0.000000000,0.000000000,0.000000000,0.000000000,0.000000000,0.001254932,-0.033575058,-0.067937374,-0.060063839,-0.004351497,-0.007375542,0.001910014,-0.032692942,0.005217334,-0.005421865,-0.004633538,-0.005774654
9.699859858,1.960649490,-1.031043053,-1.408024788,-0.027420998,0.690493584,0.026653290,-0.010070801,0.025329590,0.132263184,-0.120182037,0.018630981,-0.037765503,1.960649490,-1.031043053,-1.408024788,-0.027420998,0.690493584,0.026653290,0.000042064,17.499094009,-3.759830713,-1.229153872,0.308012217,0.000753487,0.003372192,17.465782166,-3.810376167,-1.286380768,0.300145149,-0.001495361,0.000042064,17.499094009,-3.759830713,-1.229153872,0.308012217,0.000753487,0.000000000,0.000000000,0.000000000,0.000000000,0.000000000,0.000000000,0.000000000,0.000000000,0.000000000,0.000000000,0.000000000,0.000000000,0.000000000,0.000000000,0.000000000,0.000000000,0.000000000,0.000000000,0.003330128,-0.033311844,-0.050545454,-0.057226896,-0.007867068,-0.002248848,0.003985211,-0.032429728,0.022609254,-0.002584922,-0.008149109,-0.000647960
9.709708691,1.960649490,-1.031043053,-1.408408165,-0.027420998,0.690876961,0.026653290,0.078552246,0.138856888,-0.063781738,0.057067871,0.038772583,0.041793823,1.960649490,-1.031426430,-1.408408165,-0.027420998,0.690876961,0.026653290,0.000042073,17.502464294,-3.760078907,-1.229429722,0.307914615,0.000753228,-0.001815796,17.493247986,-3.846693039,-1.285343170,0.313389778,-0.004058838,0.000042073,17.502464294,-3.760078907,-1.229429722,0.307914615,0.000753228,0.000000000,0.000000000,0.000000000,0.000000000,0.000000000,0.000000000,0.000000000,0.000000000,0.000000000,0.000000000,0.000000000,0.000000000,0.000000000,0.000000000,0.000000000,0.000000000,0.000000000,0.000000000,-0.001857869,-0.009216309,-0.086614132,-0.055913448,0.005475163,-0.004812066,-0.001202787,-0.008334193,-0.013459424,-0.001271474,0.005193122,-0.003211177
9.719709873,1.960649490,-1.031043053,-1.408408165,-0.027420998,0.690876961,0.026653290,0.038269043,-0.032653809,0.010070801,0.008728027,0.007553101,-0.004531860,1.960649490,-1.031426430,-1.408408165,-0.027420998,0.690876961,0.026653290,0.000042073,17.502464294,-3.760078907,-1.229429722,0.307914615,0.000753228,-0.007003784,17.513389587,-3.817120552,-1.291568756,0.298863411,0.002349854,0.000042073,17.502464294,-3.760078907,-1.229429722,0.307914615,0.000753228,0.000000000,0.000000000,0.000000000,0.000000000,0.000000000,0.000000000,0.000000000,0.000000000,0.000000000,0.000000000,0.000000000,0.000000000,0.000000000,0.000000000,0.000000000,0.000000000,0.000000000,0.000000000,-0.007045857,0.010925293,-0.057041645,-0.062139034,-0.009051204,0.001596626,-0.006390775,0.011807408,0.016113063,-0.007497060,-0.009333245,0.003197514
9.729741812,1.960649490,-1.031043053,-1.408408165,-0.027420998,0.690493584,0.026653290,0.104064941,0.077209473,0.000671387,0.015441895,0.031723022,0.002517700,1.960649490,-1.031043053,-1.408408165,-0.027420998,0.690876961,0.026653290,0.000042073,17.502519608,-3.763075590,-1.229900360,0.308190405,0.000753970,-0.014785767,17.458457947,-3.863294601,-1.336186409,0.323216438,0.012176514,0.000042073,17.502519608,-3.763075590,-1.229900360,0.308190405,0.000753970,0.000000000,0.000000000,0.000000000,0.000000000,0.000000000,0.000000000,0.000000000,0.000000000,0.000000000,0.000000000,0.000000000,0.000000000,0.000000000,0.000000000,0.000000000,0.000000000,0.000000000,0.000000000,-0.014827840,-0.044061661,-0.100219011,-0.106286049,0.015026033,0.011422543,-0.014172758,-0.043179545,-0.027064303,-0.051644075,0.014743992,0.013023432
9.739777565,1.960649490,-1.031043053,-1.408408165,-0.027420998,0.690876961,0.026653290,-0.085266113,0.069885254,0.039611816,0.022155762,-0.045822144,0.008560181,1.960649490,-1.031043053,-1.408408165,-0.027420998,0.690876961,0.026653290,0.000042073,17.502519608,-3.763075590,-1.229900360,0.308190405,0.000753970,0.009078979,17.539024353,-3.829053879,-1.285861969,0.325779915,0.016876221,0.000042073,17.502519608,-3.763075590,-1.229900360,0.308190405,0.000753970,0.000000000,0.000000000,0.000000000,0.000000000,0.000000000,0.000000000,0.000000000,0.000000000,0.000000000,0.000000000,0.000000000,0.000000000,0.000000000,0.000000000,0.000000000,0.000000000,0.000000000,0.000000000,0.009036906,0.036504745,-0.065978289,-0.055961609,0.017589509,0.016122250,0.009691989,0.037386861,0.007176419,-0.001319635,0.017307468,0.017723139
9.749708891,1.960649490,-1.031043053,-1.408408165,-0.027420998,0.690876961,0.026653290,-0.093326569,-0.042421341,0.043640137,-0.022155762,-0.013595581,-0.011581421,1.960649490,-1.031043053,-1.408408165,-0.027420998,0.690493584,0.026653290,0.000042072,17.502258301,-3.762827396,-1.229624629,0.308288097,0.000754230,-0.006484985,17.553672791,-3.865369797,-1.284824371,0.327916145,0.001495361,0.000042072,17.502258301,-3.762827396,-1.229624629,0.308288097,0.000754230,0.000000000,0.000000000,0.000000000,0.000000000,0.000000000,0.000000000,0.000000000,0.000000000,0.000000000,0.000000000,0.000000000,0.000000000,0.000000000,0.000000000,0.000000000,0.000000000,0.000000000,0.000000000,-0.006527058,0.051414490,-0.102542400,-0.055199742,0.019628048,0.000741132,-0.005871975,0.052296605,-0.029387692,-0.000557768,0.019346007,0.002342020
9.759710789,1.960649490,-1.031043053,-1.408024788,-0.027420998,0.690876961,0.026653290,-0.044982910,-0.055849075,0.083923340,-0.147037506,-0.015609741,0.032730103,1.960649490,-1.031426430,-1.408024788,-0.027420998,0.690876961,0.026653290,0.000042065,17.499300003,-3.757081747,-1.228958964,0.307638764,0.000752485,0.004409790,17.507896423,-3.809338570,-1.289493561,0.293309212,-0.010040283,0.000042065,17.499300003,-3.757081747,-1.228958964,0.307638764,0.000752485,0.000000000,0.000000000,0.000000000,0.000000000,0.000000000,0.000000000,0.000000000,0.000000000,0.000000000,0.000000000,0.000000000,0.000000000,0.000000000,0.000000000,0.000000000,0.000000000,0.000000000,0.000000000,0.004367725,0.008596420,-0.052256823,-0.060534596,-0.014329553,-0.010792768,0.005022807,0.009478536,0.020897885,-0.005892623,-0.014611594,-0.009191880
9.769714832,1.960649490,-1.031043053,-1.408408165,-0.027420998,0.690876961,0.026653290,0.043640137,-0.036315918,0.136291504,-0.167179108,-0.014602661,0.008560181,1.960649490,-1.031043053,-1.408408165,-0.027420998,0.690876961,0.026653290,0.000042073,17.502519608,-3.763075590,-1.229900360,0.308190405,0.000753970,-0.017379761,17.500572205,-3.825941086,-1.288455963,0.315526009,0.001495361,0.000042073,17.502519608,-3.763075590,-1.229900360,0.308190405,0.000753970,0.000000000,0.000000000,0.000000000,0.000000000,0.000000000,0.000000000,0.000000000,0.000000000,0.000000000,0.000000000,0.000000000,0.000000000,0.000000000,0.000000000,0.000000000,0.000000000,0.000000000,0.000000000,-0.017421834,-0.001947403,-0.062865496,-0.058555603,0.007335603,0.000741391,-0.016766752,-0.001065287,0.010289212,-0.003913629,0.007053562,0.002342279
9.779842377,1.960649490,-1.031043053,-1.408408165,-0.027420998,0.690493584,0.026653290,-0.091983795,0.028381348,-0.019470215,-0.012756348,0.014602661,0.004531860,1.960649490,-1.031043053,-1.408408165,-0.027420998,0.690493584,0.026653290,0.000042072,17.502258301,-3.762827396,-1.229624629,0.308288097,0.000754230,-0.006484985,17.511558533,-3.808819771,-1.294162750,0.295872688,-0.002777100,0.000042072,17.502258301,-3.762827396,-1.229624629,0.308288097,0.000754230,0.000000000,0.000000000,0.000000000,0.000000000,0.000000000,0.000000000,0.000000000,0.000000000,0.000000000,0.000000000,0.000000000,0.000000000,0.000000000,0.000000000,0.000000000,0.000000000,0.000000000,0.000000000,-0.006527058,0.009300232,-0.045992374,-0.064538121,-0.012415409,-0.003531329,-0.005871975,0.010182347,0.027162334,-0.009896147,-0.012697450,-0.001930441
9.789748907,1.960649490,-1.031043053,-1.408408165,-0.027420998,0.690876961,0.026653290,0.129577637,0.008239746,-0.057067871,-0.018127441,-0.014602661,0.081069946,1.960649490,-1.031043053,-1.408408165,-0.027420998,0.690876961,0.026653290,0.000042073,17.502519608,-3.763075590,-1.229900360,0.308190405,0.000753970,0.012191772,17.520713806,-3.830091476,-1.335667610,0.312535286,0.015167236,0.000042073,17.502519608,-3.763075590,-1.229900360,0.308190405,0.000753970,0.000000000,0.000000000,0.000000000,0.000000000,0.000000000,0.000000000,0.000000000,0.000000000,0.000000000,0.000000000,0.000000000,0.000000000,0.000000000,0.000000000,0.000000000,0.000000000,0.000000000,0.000000000,0.012149699,0.018194199,-0.067015886,-0.105767250,0.004344881,0.014413266,0.012804782,0.019076314,0.006138822,-0.051125276,0.004062839,0.016014154
9.799712420,1.960649490,-1.031043053,-1.408024788,-0.027420998,0.690876961,0.026653290,-0.091983795,0.024108887,0.083923340,0.014099121,0.050857544,0.003524780,1.960649490,-1.031043053,-1.408408165,-0.027420998,0.690876961,0.026653290,0.000042073,17.502519608,-3.763075590,-1.229900360,0.308190405,0.000753970,-0.008560181,17.478599548,-3.862775803,-1.240207672,0.315953255,0.007904053,0.000042073,17.502519608,-3.763075590,-1.229900360,0.308190405,0.000753970,0.000000000,0.000000000,0.000000000,0.000000000,0.000000000,0.000000000,0.000000000,0.000000000,0.000000000,0.000000000,0.000000000,0.000000000,0.000000000,0.000000000,0.000000000,0.000000000,0.000000000,0.000000000,-0.008602254,-0.023920059,-0.099700212,-0.010307312,0.007762849,0.007150082,-0.007947172,-0.023037944,-0.026545504,0.044334662,0.007480808,0.008750971
9.809736729,1.960649490,-1.031043053,-1.408024788,-0.027037621,0.690876961,0.026653290,-0.011413574,-0.024719238,0.113464355,0.055725098,-0.043807983,0.012588501,1.960649490,-1.031043053,-1.408024788,-0.027420998,0.690493584,0.026653290,0.000042064,17.499094009,-3.759830713,-1.229153872,0.308012217,0.000753487,-0.001296997,17.509727478,-3.834241867,-1.264591217,0.301854134,-0.016876221,0.000042064,17.499094009,-3.759830713,-1.229153872,0.308012217,0.000753487,0.000000000,0.000000000,0.000000000,0.000000000,0.000000000,0.000000000,0.000000000,0.000000000,0.000000000,0.000000000,0.000000000,0.000000000,0.000000000,0.000000000,0.000000000,0.000000000,0.000000000,0.000000000,-0.001339061,0.010633469,-0.074411154,-0.035437346,-0.006158084,-0.017629707,-0.000683979,0.011515584,-0.001256446,0.019204628,-0.006440125,-0.016028819
9.819711924,1.960649490,-1.031043053,-1.408408165,-0.027420998,0.690876961,0.026653290,-0.039611816,0.005187988,-0.011413574,-0.075866699,0.030715942,-0.010574341,1.960649490,-1.031043053,-1.408408165,-0.027420998,0.690876961,0.026653290,0.000042073,17.502519608,-3.763075590,-1.229900360,0.308190405,0.000753970,0.013229370,17.502403259,-3.839948654,-1.325291634,0.300999641,-0.003631592,0.000042073,17.502519608,-3.763075590,-1.229900360,0.308190405,0.000753970,0.000000000,0.000000000,0.000000000,0.000000000,0.000000000,0.000000000,0.000000000,0.000000000,0.000000000,0.000000000,0.000000000,0.000000000,0.000000000,0.000000000,0.000000000,0.000000000,0.000000000,0.000000000,0.013187297,-0.000116348,-0.076873064,-0.095391273,-0.007190764,-0.004385562,0.013842379,0.000765767,-0.003718356,-0.040749300,-0.007472805,-0.002784674
9.829711676,1.960649490,-1.031043053,-1.408408165,-0.027420998,0.690876961,0.026653290,0.238346100,-0.020446777,0.078552246,0.035583496,0.067977905,-0.015609741,1.960649490,-1.031043053,-1.408408165,-0.027420998,0.690493584,0.026653290,0.000042072,17.502258301,-3.762827396,-1.229624629,0.308288097,0.000754230,-0.011154175,17.489585876,-3.840986252,-1.280155182,0.322361946,-0.006195068,0.000042072,17.502258301,-3.762827396,-1.229624629,0.308288097,0.000754230,0.000000000,0.000000000,0.000000000,0.000000000,0.000000000,0.000000000,0.000000000,0.000000000,0.000000000,0.000000000,0.000000000,0.000000000,0.000000000,0.000000000,0.000000000,0.000000000,0.000000000,0.000000000,-0.011196247,-0.012672424,-0.078158855,-0.050530553,0.014073849,-0.006949298,-0.010541165,-0.011790309,-0.005004147,0.004111421,0.013791808,-0.005348410
9.839743376,1.960649490,-1.031043053,-1.408408165,-0.027420998,0.690876961,0.026653290,-0.007385254,-0.011291504,-0.006042480,0.016784668,0.005538940,-0.020645142,1.960649490,-1.031043053,-1.408408165,-0.027420998,0.690876961,0.026653290,0.000042073,17.502519608,-3.763075590,-1.229900360,0.308190405,0.000753970,-0.018417358,17.548179626,-3.840986252,-1.277042389,0.292454720,0.007904053,0.000042073,17.502519608,-3.763075590,-1.229900360,0.308190405,0.000753970,0.000000000,0.000000000,0.000000000,0.000000000,0.000000000,0.000000000,0.000000000,0.000000000,0.000000000,0.000000000,0.000000000,0.000000000,0.000000000,0.000000000,0.000000000,0.000000000,0.000000000,0.000000000,-0.018459432,0.045660019,-0.077910662,-0.047142029,-0.015735686,0.007150082,-0.017804349,0.046542134,-0.004755954,0.007499945,-0.016017727,0.008750971
9.849714279,1.960649490,-1.031426430,-1.408408165,-0.027420998,0.690876961,0.026653290,0.086608887,-0.043031693,-0.116153717,0.010070801,0.102218628,-0.008560181,1.960649490,-1.031043053,-1.408408165,-0.027420998,0.690876961,0.026653290,0.000042073,17.502519608,-3.763075590,-1.229900360,0.308190405,0.000753970,-0.014266968,17.471275330,-3.833723068,-1.265628815,0.318943977,0.016448975,0.000042073,17.502519608,-3.763075590,-1.229900360,0.308190405,0.000753970,0.000000000,0.000000000,0.000000000,0.000000000,0.000000000,0.000000000,0.000000000,0.000000000,0.000000000,0.000000000,0.000000000,0.000000000,0.000000000,0.000000000,0.000000000,0.000000000,0.000000000,0.000000000,-0.014309041,-0.031244278,-0.070647478,-0.035728455,0.010753572,0.015695004,-0.013653959,-0.030362162,0.002507230,0.018913519,0.010471531,0.017295893
9.859742165,1.960649490,-1.031426430,-1.408408165,-0.027420998,0.690493584,0.026653290,-0.118839264,-0.032043457,-0.057067871,-0.085266113,0.009567261,0.074020386,1.960649490,-1.031426430,-1.408408165,-0.027420998,0.690493584,0.026653290,0.000042072,17.502201080,-3.759830713,-1.229153872,0.308012217,0.000753487,-0.013748169,17.478599548,-3.846693039,-1.279636383,0.310826302,-0.005767822,0.000042072,17.502201080,-3.759830713,-1.229153872,0.308012217,0.000753487,0.000000000,0.000000000,0.000000000,0.000000000,0.000000000,0.000000000,0.000000000,0.000000000,0.000000000,0.000000000,0.000000000,0.000000000,0.000000000,0.000000000,0.000000000,0.000000000,0.000000000,0.000000000,-0.013790241,-0.023601532,-0.086862326,-0.050482512,0.002814084,-0.006521309,-0.013135159,-0.022719416,-0.013707618,0.004159462,0.002532043,-0.004920420
9.869712591,1.960649490,-1.031043053,-1.408408165,-0.027420998,0.690876961,0.026653290,0.069152832,-0.035095215,-0.097354889,-0.117496490,0.049850464,-0.078052521,1.960649490,-1.031043053,-1.408408165,-0.027420998,0.690876961,0.026653290,0.000042073,17.502519608,-3.763075590,-1.229900360,0.308190405,0.000753970,-0.000778198,17.509727478,-3.833204269,-1.281711578,0.295445442,0.005767822,0.000042073,17.502519608,-3.763075590,-1.229900360,0.308190405,0.000753970,0.000000000,0.000000000,0.000000000,0.000000000,0.000000000,0.000000000,0.000000000,0.000000000,0.000000000,0.000000000,0.000000000,0.000000000,0.000000000,0.000000000,0.000000000,0.000000000,0.000000000,0.000000000,-0.000820271,0.007207870,-0.070128679,-0.051811218,-0.012744963,0.005013852,-0.000165189,0.008089986,0.003026029,0.002830756,-0.013027004,0.006614740
9.879710197,1.960649490,-1.031043053,-1.408408165,-0.027420998,0.690876961,0.026653290,-0.038269043,0.032043457,0.078552246,0.019470215,0.002517700,-0.016616821,1.960649490,-1.031426430,-1.408024788,-0.027420998,0.690493584,0.026653290,0.000042064,17.499036789,-3.756833315,-1.228682995,0.307736278,0.000752744,-0.007522583,17.496910095,-3.825422287,-1.287418365,0.293309212,-0.001068115,0.000042064,17.499036789,-3.756833315,-1.228682995,0.307736278,0.000752744,0.000000000,0.000000000,0.000000000,0.000000000,0.000000000,0.000000000,0.000000000,0.000000000,0.000000000,0.000000000,0.000000000,0.000000000,0.000000000,0.000000000,0.000000000,0.000000000,0.000000000,0.000000000,-0.007564647,-0.002126694,-0.068588972,-0.058735371,-0.014427066,-0.001820859,-0.006909565,-0.001244578,0.004565736,-0.004093397,-0.014709107,-0.000219970
9.889711380,1.960649490,-1.031043053,-1.408408165,-0.027420998,0.690876961,0.026653290,0.030212402,-0.025329590,0.057067871,-0.089298248,0.047836304,0.075027466,1.960649490,-1.031043053,-1.408408165,-0.027420998,0.690493584,0.026653290,0.000042072,17.502258301,-3.762827396,-1.229624629,0.308288097,0.000754230,0.014266968,17.502403259,-3.892867088,-1.279636383,0.318943977,-0.004486084,0.000042072,17.502258301,-3.762827396,-1.229624629,0.308288097,0.000754230,0.000000000,0.000000000,0.000000000,0.000000000,0.000000000,0.000000000,0.000000000,0.000000000,0.000000000,0.000000000,0.000000000,0.000000000,0.000000000,0.000000000,0.000000000,0.000000000,0.000000000,0.000000000,0.014224896,0.000144958,-0.130039692,-0.050011754,0.010655880,-0.005240314,0.014879978,0.001027074,-0.056884984,0.004630220,0.010373839,-0.003639425
9.899751902,1.960649490,-1.031043053,-1.408408165,-0.027420998,0.690493584,0.026653290,-0.062438965,0.020446777,-0.093326569,-0.087955475,-0.053878784,-0.050857544,1.960649490,-1.031043053,-1.408408165,-0.027420998,0.690493584,0.026653290,0.000042072,17.502258301,-3.762827396,-1.229624629,0.308288097,0.000754230,0.000259399,17.487754822,-3.843061447,-1.280673981,0.317234993,0.003631592,0.000042072,17.502258301,-3.762827396,-1.229624629,0.308288097,0.000754230,0.000000000,0.000000000,0.000000000,0.000000000,0.000000000,0.000000000,0.000000000,0.000000000,0.000000000,0.000000000,0.000000000,0.000000000,0.000000000,0.000000000,0.000000000,0.000000000,0.000000000,0.000000000,0.000217327,-0.014503479,-0.080234051,-0.051049352,0.008946896,0.002877362,0.000872409,-0.013621363,-0.007079343,0.003592622,0.008664854,0.004478251
9.909712315,1.960649490,-1.031426430,-1.408408165,-0.027420998,0.690876961,0.026653290,-0.015441895,-0.009460449,0.059753418,0.028869629,0.035751343,-0.006546021,1.960649490,-1.031426430,-1.408408165,-0.027420998,0.690876961,0.026653290,0.000042073,17.502464294,-3.760078907,-1.229429722,0.307914615,0.000753228,0.006484985,17.502403259,-3.826978683,-1.292087555,0.293309212,0.017303467,0.000042073,17.502464294,-3.760078907,-1.229429722,0.307914615,0.000753228,0.000000000,0.000000000,0.000000000,0.000000000,0.000000000,0.000000000,0.000000000,0.000000000,0.000000000,0.000000000,0.000000000,0.000000000,0.000000000,0.000000000,0.000000000,0.000000000,0.000000000,0.000000000,0.006442912,-0.000061035,-0.066899776,-0.062657833,-0.014605403,0.016550239,0.007097995,0.000821080,0.006254932,-0.008015859,-0.014887444,0.018151128
9.919748545,1.960649490,-1.031043053,-1.408408165,-0.027420998,0.690876961,0.026653290,-0.031555176,0.062561035,-0.026184082,-0.039611816,0.046829224,0.017623901,1.960649490,-1.031043053,-1.408408165,-0.027420998,0.690876961,0.026653290,0.000042073,17.502519608,-3.763075590,-1.229900360,0.308190405,0.000753970,-0.004409790,17.500572205,-3.815045357,-1.287418365,0.329197884,0.004486084,0.000042073,17.502519608,-3.763075590,-1.229900360,0.308190405,0.000753970,0.000000000,0.000000000,0.000000000,0.000000000,0.000000000,0.000000000,0.000000000,0.000000000,0.000000000,0.000000000,0.000000000,0.000000000,0.000000000,0.000000000,0.000000000,0.000000000,0.000000000,0.000000000,-0.004451863,-0.001947403,-0.051969767,-0.057518005,0.021007478,0.003732114,-0.003796781,-0.001065287,0.021184941,-0.002876031,0.020725437,0.005333002
9.929709911,1.960649490,-1.031426430,-1.408408165,-0.027420998,0.690493584,0.026653290,0.091979980,-0.032043457,-0.058410645,0.073181152,-0.055892944,-0.035751343,1.960266113,-1.031043053,-1.408408165,-0.027420998,0.690493584,0.026653290,0.000042082,17.502258301,-3.762827396,-1.229624629,0.308288097,0.000754230,0.008560181,17.462120056,-3.836317062,-1.277042389,0.303990364,0.002349854,0.000042082,17.502258301,-3.762827396,-1.229624629,0.308288097,0.000754230,0.000000000,0.000000000,0.000000000,0.000000000,0.000000000,0.000000000,0.000000000,0.000000000,0.000000000,0.000000000,0.000000000,0.000000000,0.000000000,0.000000000,0.000000000,0.000000000,0.000000000,0.000000000,0.008518098,-0.040138245,-0.073489666,-0.047417760,-0.004297733,0.001595624,0.009173181,-0.039256129,-0.000334958,0.007224214,-0.004579774,0.003196512
9.939743042,1.960649490,-1.031043053,-1.408408165,-0.027420998,0.690493584,0.026653290,-0.031555176,0.191347122,-0.132266998,-0.006042480,-0.049850464,0.028701782,1.960649490,-1.031043053,-1.408408165,-0.027420998,0.690493584,0.026653290,0.000042072,17.502258301,-3.762827396,-1.229624629,0.308288097,0.000754230,-0.001296997,17.507896423,-3.838911057,-1.290531158,0.283055305,0.007049561,0.000042072,17.502258301,-3.762827396,-1.229624629,0.308288097,0.000754230,0.000000000,0.000000000,0.000000000,0.000000000,0.000000000,0.000000000,0.000000000,0.000000000,0.000000000,0.000000000,0.000000000,0.000000000,0.000000000,0.000000000,0.000000000,0.000000000,0.000000000,0.000000000,-0.001339069,0.005638123,-0.076083660,-0.060906529,-0.025232792,0.006295331,-0.000683987,0.006520238,-0.002928952,-0.006264556,-0.025514833,0.007896219
9.949761629,1.960649490,-1.031043053,-1.408408165,-0.027420998,0.690876961,0.026653290,-0.000671387,0.011901855,0.002014160,0.167175293,-0.008560181,0.021652222,1.960649490,-1.031043053,-1.408408165,-0.027420998,0.690876961,0.026653290,0.000042073,17.502519608,-3.763075590,-1.229900360,0.308190405,0.000753970,-0.004409790,17.498741150,-3.845136642,-1.285861969,0.327488899,-0.012603760,0.000042073,17.502519608,-3.763075590,-1.229900360,0.308190405,0.000753970,0.000000000,0.000000000,0.000000000,0.000000000,0.000000000,0.000000000,0.000000000,0.000000000,0.000000000,0.000000000,0.000000000,0.000000000,0.000000000,0.000000000,0.000000000,0.000000000,0.000000000,0.000000000,-0.004451863,-0.003778458,-0.082061052,-0.055961609,0.019298494,-0.013357730,-0.003796781,-0.002896342,-0.008906344,-0.001319635,0.019016453,-0.011756842
9.959709644,1.960266113,-1.031043053,-1.408408165,-0.027420998,0.690876961,0.026653290,-0.050354004,0.013732910,0.129577637,-0.057067871,-0.051864624,0.013595581,1.960649490,-1.031043053,-1.408408165,-0.027420998,0.690493584,0.026653290,0.000042072,17.502258301,-3.762827396,-1.229624629,0.308288097,0.000754230,0.016860962,17.507896423,-3.853956223,-1.282749176,0.315526009,0.000640869,0.000042072,17.502258301,-3.762827396,-1.229624629,0.308288097,0.000754230,0.000000000,0.000000000,0.000000000,0.000000000,0.000000000,0.000000000,0.000000000,0.000000000,0.000000000,0.000000000,0.000000000,0.000000000,0.000000000,0.000000000,0.000000000,0.000000000,0.000000000,0.000000000,0.016818890,0.005638123,-0.091128826,-0.053124547,0.007237911,-0.000113361,0.017473972,0.006520238,-0.017974118,0.001517427,0.006955870,0.001487528
9.969758749,1.960649490,-1.031043053,-1.408408165,-0.027420998,0.690876961,0.026653290,-0.079895020,0.041198730,-0.022155762,0.022155762,-0.011581421,0.015609741,1.960266113,-1.031043053,-1.408408165,-0.027420998,0.690493584,0.026653290,0.000042082,17.502258301,-3.762827396,-1.229624629,0.308288097,0.000754230,-0.014266968,17.502403259,-3.812970161,-1.308690071,0.288182259,-0.014739990,0.000042082,17.502258301,-3.762827396,-1.229624629,0.308288097,0.000754230,0.000000000,0.000000000,0.000000000,0.000000000,0.000000000,0.000000000,0.000000000,0.000000000,0.000000000,0.000000000,0.000000000,0.000000000,0.000000000,0.000000000,0.000000000,0.000000000,0.000000000,0.000000000,-0.014309050,0.000144958,-0.050142765,-0.079065442,-0.020105839,-0.015494220,-0.013653968,0.001027074,0.023011943,-0.024423468,-0.020387880,-0.013893331
9.979742289,1.960649490,-1.031043053,-1.408408165,-0.027420998,0.690876961,0.026653290,-0.102725983,0.019226074,-0.073181152,0.110778809,0.002517700,0.012588501,1.960649490,-1.031043053,-1.408408165,-0.027420998,0.690876961,0.026653290,0.000042073,17.502519608,-3.763075590,-1.229900360,0.308190405,0.000753970,-0.018417358,17.473106384,-3.870038986,-1.280155182,0.321507454,-0.004913330,0.000042073,17.502519608,-3.763075590,-1.229900360,0.308190405,0.000753970,0.000000000,0.000000000,0.000000000,0.000000000,0.000000000,0.000000000,0.000000000,0.000000000,0.000000000,0.000000000,0.000000000,0.000000000,0.000000000,0.000000000,0.000000000,0.000000000,0.000000000,0.000000000,-0.018459432,-0.029413223,-0.106963396,-0.050254822,0.013317049,-0.005667300,-0.017804349,-0.028531108,-0.033808688,0.004387152,0.013035007,-0.004066412
9.989742279,1.960649490,-1.031043053,-1.408408165,-0.027420998,0.690876961,0.026653290,0.083923340,-0.050966263,0.098693848,0.118835449,-0.004531860,-0.017623901,1.960649490,-1.031043053,-1.408408165,-0.027420998,0.690876961,0.027036667,0.000042073,17.502521515,-3.763076305,-1.229901195,0.308190167,0.000753012,0.005447388,17.493247986,-3.843061447,-1.237613678,0.284764290,-0.004486084,0.000042073,17.502521515,-3.763076305,-1.229901195,0.308190167,0.000753012,0.000000000,0.000000000,0.000000000,0.000000000,0.000000000,0.000000000,0.000000000,0.000000000,0.000000000,0.000000000,0.000000000,0.000000000,0.000000000,0.000000000,0.000000000,0.000000000,0.000000000,0.000000000,0.005405315,-0.009273529,-0.079985142,-0.007712483,-0.023425877,-0.005239096,0.006060397,-0.008391414,-0.006830434,0.046929491,-0.023707918,-0.003638208
9.999719381,1.960649490,-1.031043053,-1.408408165,-0.027420998,0.690493584,0.026653290,0.023498535,0.096742630,-0.044982910,0.000671387,0.051864624,0.062942505,1.960649490,-1.031043053,-1.408408165,-0.027420998,0.690876961,0.026653290,0.000042073,17.502519608,-3.763075590,-1.229900360,0.308190405,0.000753970,-0.000259399,17.506065369,-3.824384689,-1.296757698,0.313817024,0.002777100,0.000042073,17.502519608,-3.763075590,-1.229900360,0.308190405,0.000753970,0.000000000,0.000000000,0.000000000,0.000000000,0.000000000,0.000000000,0.000000000,0.000000000,0.000000000,0.000000000,0.000000000,0.000000000,0.000000000,0.000000000,0.000000000,0.000000000,0.000000000,0.000000000,-0.000301473,0.003545761,-0.061309099,-0.066857338,0.005626619,0.002023129,0.000353610,0.004427877,0.011845609,-0.012215364,0.005344578,0.003624018
