time,q1,q2,q3,q4,q5,q6,qdot1,qdot2,qdot3,qdot4,qdot5,qdot6,q_des1,q_des2,q_des3,q_des4,q_des5,q_des6,tau_cmd1,tau_cmd2,tau_cmd3,tau_cmd4,tau_cmd5,tau_cmd6,tau_meas1,tau_meas2,tau_meas3,tau_meas4,tau_meas5,tau_meas6,tau_ff1,tau_ff2,tau_ff3,tau_ff4,tau_ff5,tau_ff6,kp1,kp2,kp3,kp4,kp5,kp6,kd1,kd2,kd3,kd4,kd5,kd6,qdot_des1,qdot_des2,qdot_des3,qdot_des4,qdot_des5,qdot_des6,tau_residual1,tau_residual2,tau_residual3,tau_residual4,tau_residual5,tau_residual6,tau_residual_corrected1,tau_residual_corrected2,tau_residual_corrected3,tau_residual_corrected4,tau_residual_corrected5,tau_residual_corrected6
0.000000000,0.619161606,0.627982140,1.557589531,0.011313438,0.131348610,0.027803421,-0.022155762,0.060119629,0.102722168,-0.074523926,-0.033737183,-0.004531860,0.619161606,0.627982140,1.557589531,0.011313438,0.130965233,0.027803421,-0.000019580,-16.538076401,6.888732433,1.224937201,-0.813589752,-0.002202593,0.007522583,-16.553905487,6.898832321,1.222568512,-0.810711861,-0.008331299,-0.000019580,-16.538076401,6.888732433,1.224937201,-0.813589752,-0.002202593,0.000000000,0.000000000,0.000000000,0.000000000,0.000000000,0.000000000,0.000000000,0.000000000,0.000000000,0.000000000,0.000000000,0.000000000,0.000000000,0.000000000,0.000000000,0.000000000,0.000000000,0.000000000,0.007542163,-0.015829086,0.010099888,-0.002368689,0.002877891,-0.006128706,0.000000000,0.000000000,0.000000000,0.000000000,0.000000000,0.000000000
0.009380579,0.619161606,0.627982140,1.557589531,0.011313438,0.131348610,0.027803421,-0.065124512,0.101625443,-0.122867584,0.019470215,-0.008560181,0.010574341,0.619161606,0.627982140,1.557589531,0.011313438,0.131348610,0.027803421,-0.000019580,-16.537860870,6.888527870,1.224709868,-0.813548565,-0.002202483,0.005447388,-16.511787415,6.916471481,1.299871445,-0.832074165,0.002349854,-0.000019580,-16.537860870,6.888527870,1.224709868,-0.813548565,-0.002202483,0.000000000,0.000000000,0.000000000,0.000000000,0.000000000,0.000000000,0.000000000,0.000000000,0.000000000,0.000000000,0.000000000,0.000000000,0.000000000,0.000000000,0.000000000,0.000000000,0.000000000,0.000000000,0.005466968,0.026073456,0.027943611,0.075161576,-0.018525600,0.004552337,-0.001037598,0.020951271,0.008921862,0.038765132,-0.010701746,0.005340522
0.019414425,0.618778229,0.627982140,1.557589531,0.011313438,0.131348610,0.027803421,-0.210147858,0.103456497,-0.035583496,-0.024841309,-0.086109161,0.003524780,0.619161606,0.627982140,1.557589531,0.011313438,0.130965233,0.027803421,-0.000019580,-16.538076401,6.888732433,1.224937201,-0.813589752,-0.002202593,0.007003784,-16.520942688,6.914915085,1.255252838,-0.823101997,0.004486084,-0.000019580,-16.538076401,6.888732433,1.224937201,-0.813589752,-0.002202593,0.000000000,0.000000000,0.000000000,0.000000000,0.000000000,0.000000000,0.000000000,0.000000000,0.000000000,0.000000000,0.000000000,0.000000000,0.000000000,0.000000000,0.000000000,0.000000000,0.000000000,0.000000000,0.007023364,0.017133713,0.026182652,0.030315638,-0.009512246,0.006688677,0.000345866,0.008007685,0.004773935,-0.004053871,-0.001125594,0.004984574
0.029383183,0.619161606,0.627982140,1.557589531,0.011313438,0.131348610,0.027420044,0.032897949,-0.007629395,0.042297363,0.087951660,-0.022659302,-0.000503540,0.619161606,0.627982140,1.557589531,0.011313438,0.131348610,0.027420044,-0.000019580,-16.537860870,6.888528347,1.224710464,-0.813548684,-0.002201897,0.003372192,-16.539257050,6.913877487,1.308172226,-0.801739693,0.009613037,-0.000019580,-16.537860870,6.888528347,1.224710464,-0.813548684,-0.002201897,0.000000000,0.000000000,0.000000000,0.000000000,0.000000000,0.000000000,0.000000000,0.000000000,0.000000000,0.000000000,0.000000000,0.000000000,0.000000000,0.000000000,0.000000000,0.000000000,0.000000000,0.000000000,0.003391772,-0.001396179,0.025349140,0.083461761,0.011808991,0.011814934,-0.002464295,-0.007891655,0.002955317,0.036819190,0.015146732,0.007583124
0.039380074,0.619161606,0.627982140,1.557589531,0.011313438,0.131348610,0.027803421,-0.081237793,-0.037536621,0.109436035,-0.075866699,0.038772583,0.002517700,0.619161606,0.627982140,1.557589531,0.011313438,0.131348610,0.027803421,-0.000019580,-16.537860870,6.888527870,1.224709868,-0.813548565,-0.002202483,-0.000259399,-16.531932831,6.922178268,1.283788681,-0.798321724,0.006622314,-0.000019580,-16.537860870,6.888527870,1.224709868,-0.813548565,-0.002202483,0.000000000,0.000000000,0.000000000,0.000000000,0.000000000,0.000000000,0.000000000,0.000000000,0.000000000,0.000000000,0.000000000,0.000000000,0.000000000,0.000000000,0.000000000,0.000000000,0.000000000,0.000000000,-0.000239819,0.005928040,0.033650398,0.059078813,0.015226841,0.008824798,-0.004876709,-0.000453949,0.009005260,0.009948993,0.014851665,0.003674390
0.049379826,0.619161606,0.627982140,1.557589531,0.011313438,0.131348610,0.027420044,0.167175293,-0.107118607,0.087951660,-0.022155762,0.005538940,-0.011581421,0.619161606,0.627982140,1.557589531,0.011313438,0.131348610,0.027803421,-0.000019580,-16.537860870,6.888527870,1.224709868,-0.813548565,-0.002202483,0.013748169,-16.541088104,6.906095505,1.267705917,-0.818829536,-0.001068115,-0.000019580,-16.537860870,6.888527870,1.224709868,-0.813548565,-0.002202483,0.000000000,0.000000000,0.000000000,0.000000000,0.000000000,0.000000000,0.000000000,0.000000000,0.000000000,0.000000000,0.000000000,0.000000000,0.000000000,0.000000000,0.000000000,0.000000000,0.000000000,0.000000000,0.013767749,-0.003227234,0.017567635,0.042996049,-0.005280972,0.001134368,0.007609049,-0.008007685,-0.005897919,-0.005111476,-0.004713456,-0.003346700
0.059382677,0.619161606,0.627982140,1.557589531,0.011313438,0.131348610,0.027803421,-0.007385254,-0.012512207,-0.028869629,-0.075866699,-0.033737183,-0.008560181,0.619161606,0.627982140,1.557589531,0.011313438,0.131348610,0.027803421,-0.000019580,-16.537860870,6.888527870,1.224709868,-0.813548565,-0.002202483,-0.001815796,-16.572216034,6.911283493,1.276525497,-0.813702583,-0.008758545,-0.000019580,-16.537860870,6.888527870,1.224709868,-0.813548565,-0.002202483,0.000000000,0.000000000,0.000000000,0.000000000,0.000000000,0.000000000,0.000000000,0.000000000,0.000000000,0.000000000,0.000000000,0.000000000,0.000000000,0.000000000,0.000000000,0.000000000,0.000000000,0.000000000,-0.001796216,-0.034355164,0.022755623,0.051815629,-0.000154018,-0.006556062,-0.006818499,-0.033544813,-0.000608512,0.003178375,0.000354426,-0.009460397
0.069379807,0.619161606,0.627982140,1.557589531,0.011313438,0.131348610,0.027803421,0.031555176,-0.108949661,0.058410645,-0.008728027,-0.043807983,0.015609741,0.619161606,0.627982140,1.557589531,0.011313438,0.131348610,0.027803421,-0.000019580,-16.537860870,6.888527870,1.224709868,-0.813548565,-0.002202483,0.019454956,-16.583202362,6.915952682,1.272893906,-0.792766571,0.004486084,-0.000019580,-16.537860870,6.888527870,1.224709868,-0.813548565,-0.002202483,0.000000000,0.000000000,0.000000000,0.000000000,0.000000000,0.000000000,0.000000000,0.000000000,0.000000000,0.000000000,0.000000000,0.000000000,0.000000000,0.000000000,0.000000000,0.000000000,0.000000000,0.000000000,0.019474536,-0.045341492,0.027424812,0.048184037,0.020781994,0.006688567,0.012645721,-0.038964748,0.003553092,-0.000396565,0.018629134,0.003311203
0.079457045,0.619161606,0.627982140,1.557589531,0.011313438,0.131348610,0.027420044,-0.128238678,-0.055238724,0.010070801,0.101379395,0.007553101,-0.062942505,0.619161606,0.627982140,1.557589531,0.011313438,0.131348610,0.027803421,-0.000019580,-16.537860870,6.888527870,1.224709868,-0.813548565,-0.002202483,-0.010635376,-16.557567596,6.906095505,1.253177643,-0.817547798,0.002777100,-0.000019580,-16.537860870,6.888527870,1.224709868,-0.813548565,-0.002202483,0.000000000,0.000000000,0.000000000,0.000000000,0.000000000,0.000000000,0.000000000,0.000000000,0.000000000,0.000000000,0.000000000,0.000000000,0.000000000,0.000000000,0.000000000,0.000000000,0.000000000,0.000000000,-0.010615796,-0.019706726,0.017567635,0.028467774,-0.003999233,0.004979583,-0.015506321,-0.011848874,-0.005603631,-0.017878069,-0.005468527,0.001424195
0.089385509,0.618778229,0.627982140,1.557589531,0.011313438,0.131348610,0.027803421,-0.057067871,-0.014953613,-0.011413574,0.074523926,-0.069995880,-0.028701782,0.618778229,0.627982140,1.557589531,0.011313438,0.131348610,0.027803421,-0.000019564,-16.537860870,6.888527870,1.224709868,-0.813548565,-0.002202483,0.009078979,-16.572216034,6.929441452,1.262517929,-0.791484833,0.006622314,-0.000019564,-16.537860870,6.888527870,1.224709868,-0.813548565,-0.002202483,0.000000000,0.000000000,0.000000000,0.000000000,0.000000000,0.000000000,0.000000000,0.000000000,0.000000000,0.000000000,0.000000000,0.000000000,0.000000000,0.000000000,0.000000000,0.000000000,0.000000000,0.000000000,0.009098543,-0.034355164,0.040913582,0.037808061,0.022063732,0.008824798,0.003787217,-0.023847580,0.015968084,-0.007684004,0.018534994,0.004742468
0.099378586,0.619161606,0.627982140,1.557589531,0.011313438,0.131348610,0.027803421,-0.026184082,0.014953613,-0.034240723,0.138977051,0.026687622,0.024673462,0.619161606,0.627982140,1.557589531,0.011313438,0.131348610,0.027803421,-0.000019580,-16.537860870,6.888527870,1.224709868,-0.813548565,-0.002202483,0.011154175,-16.524608612,6.895719528,1.242801666,-0.827374458,-0.013031006,-0.000019580,-16.537860870,6.888527870,1.224709868,-0.813548565,-0.002202483,0.000000000,0.000000000,0.000000000,0.000000000,0.000000000,0.000000000,0.000000000,0.000000000,0.000000000,0.000000000,0.000000000,0.000000000,0.000000000,0.000000000,0.000000000,0.000000000,0.000000000,0.000000000,0.011173755,0.013252258,0.007191658,0.018091798,-0.013825893,-0.010828522,0.005329480,0.021599856,-0.016139854,-0.024909334,-0.015776938,-0.013555320
0.109380722,0.619161606,0.627982140,1.557589531,0.011313438,0.131348610,0.027420044,-0.077209473,-0.057069778,-0.087955475,0.008728027,0.029708862,-0.065967560,0.619161606,0.627982140,1.557589531,0.011313438,0.131348610,0.027803421,-0.000019580,-16.537860870,6.888527870,1.224709868,-0.813548565,-0.002202483,0.021011353,-16.537425995,6.907651901,1.280157089,-0.793194771,-0.001068115,-0.000019580,-16.537860870,6.888527870,1.224709868,-0.813548565,-0.002202483,0.000000000,0.000000000,0.000000000,0.000000000,0.000000000,0.000000000,0.000000000,0.000000000,0.000000000,0.000000000,0.000000000,0.000000000,0.000000000,0.000000000,0.000000000,0.000000000,0.000000000,0.000000000,0.021030933,0.000434875,0.019124031,0.055447221,0.020353794,0.001134368,0.013921103,0.008050601,-0.003856858,0.011408915,0.016869187,-0.001459727
0.119397640,0.618778229,0.627982140,1.557589531,0.011313438,0.131348610,0.027803421,-0.151065826,-0.049135208,0.063781738,0.083923340,-0.066974640,-0.026687622,0.619161606,0.627982140,1.557589531,0.011313438,0.130965233,0.027420044,-0.000019580,-16.538078308,6.888732910,1.224937797,-0.813589871,-0.002202006,-0.000778198,-16.559398651,6.941373825,1.250064850,-0.820538521,-0.000213623,-0.000019580,-16.538078308,6.888732910,1.224937797,-0.813589871,-0.002202006,0.000000000,0.000000000,0.000000000,0.000000000,0.000000000,0.000000000,0.000000000,0.000000000,0.000000000,0.000000000,0.000000000,0.000000000,0.000000000,0.000000000,0.000000000,0.000000000,0.000000000,0.000000000,-0.000758618,-0.021320343,0.052640915,0.025127053,-0.006948650,0.001988383,-0.007263182,-0.012650416,0.027378486,-0.017456541,-0.009630698,-0.000559119
0.129399538,0.619161606,0.627982140,1.557589531,0.011313438,0.130965233,0.027420044,-0.047668457,-0.043031693,-0.093326569,0.003356934,-0.023666382,-0.000503540,0.619161606,0.627982140,1.557589531,0.011313438,0.131348610,0.027803421,-0.000019580,-16.537860870,6.888527870,1.224709868,-0.813548565,-0.002202483,-0.027755737,-16.502632141,6.912839890,1.338781357,-0.823529243,-0.013458252,-0.000019580,-16.537860870,6.888527870,1.224709868,-0.813548565,-0.002202483,0.000000000,0.000000000,0.000000000,0.000000000,0.000000000,0.000000000,0.000000000,0.000000000,0.000000000,0.000000000,0.000000000,0.000000000,0.000000000,0.000000000,0.000000000,0.000000000,0.000000000,0.000000000,-0.027736157,0.035228729,0.024312019,0.114071488,-0.009980679,-0.011255769,-0.031794956,0.040763038,-0.000882523,0.066381616,-0.011758247,-0.012817322
0.139424324,0.619161606,0.627982140,1.557589531,0.011313438,0.131348610,0.027803421,-0.012756348,-0.079652786,-0.086612701,0.057067871,-0.004531860,-0.013595581,0.619161606,0.627982140,1.557589531,0.011313438,0.131348610,0.027803421,-0.000019580,-16.537860870,6.888527870,1.224709868,-0.813548565,-0.002202483,0.014266968,-16.506294250,6.912321091,1.249027252,-0.784221649,0.007049561,-0.000019580,-16.537860870,6.888527870,1.224709868,-0.813548565,-0.002202483,0.000000000,0.000000000,0.000000000,0.000000000,0.000000000,0.000000000,0.000000000,0.000000000,0.000000000,0.000000000,0.000000000,0.000000000,0.000000000,0.000000000,0.000000000,0.000000000,0.000000000,0.000000000,0.014286548,0.031566620,0.023793221,0.024317384,0.029326916,0.009252044,0.009545899,0.034627533,-0.001307901,-0.021814322,0.025712725,0.007177791
0.149412870,0.619161606,0.627982140,1.557589531,0.011313438,0.131348610,0.027803421,0.054382324,0.077209473,0.044982910,-0.057067871,0.005538940,-0.036758423,0.619161606,0.627982140,1.557589531,0.011313438,0.131348610,0.027803421,-0.000019580,-16.537860870,6.888527870,1.224709868,-0.813548565,-0.002202483,0.028793335,-16.531932831,6.904020309,1.285863876,-0.798748970,0.012603760,-0.000019580,-16.537860870,6.888527870,1.224709868,-0.813548565,-0.002202483,0.000000000,0.000000000,0.000000000,0.000000000,0.000000000,0.000000000,0.000000000,0.000000000,0.000000000,0.000000000,0.000000000,0.000000000,0.000000000,0.000000000,0.000000000,0.000000000,0.000000000,0.000000000,0.028812915,0.005928040,0.015492439,0.061154008,0.014799595,0.014806243,0.022567750,0.008427143,-0.009008139,0.014083408,0.010486316,0.011936241
0.159374714,0.619161606,0.627982140,1.557589531,0.011313438,0.130965233,0.027420044,-0.032897949,-0.007629395,-0.046325684,-0.016784668,0.044815063,-0.050857544,0.619161606,0.627598763,1.557589531,0.011313438,0.130965233,0.027420044,-0.000019576,-16.535314560,6.890751362,1.225342989,-0.813817143,-0.002202587,-0.028793335,-16.568553925,6.938261032,1.278600693,-0.817975044,-0.029267311,-0.000019576,-16.535314560,6.890751362,1.225342989,-0.813817143,-0.002202587,0.000000000,0.000000000,0.000000000,0.000000000,0.000000000,0.000000000,0.000000000,0.000000000,0.000000000,0.000000000,0.000000000,0.000000000,0.000000000,0.000000000,0.000000000,0.000000000,0.000000000,0.000000000,-0.028773759,-0.033239365,0.047509670,0.053257704,-0.004157901,-0.027064724,-0.032958987,-0.028932010,0.021655616,0.005823156,-0.007972875,-0.028173860
0.169381857,0.619161606,0.627982140,1.557589531,0.011313438,0.131348610,0.027803421,-0.019470215,0.046691895,-0.057067871,-0.152408600,-0.007553101,0.020645142,0.619161606,0.627982140,1.557589531,0.011313438,0.131348610,0.027803421,-0.000019580,-16.537860870,6.888527870,1.224709868,-0.813548565,-0.002202483,0.004409790,-16.509956360,6.885862350,1.256809235,-0.803875923,0.011322021,-0.000019580,-16.537860870,6.888527870,1.224709868,-0.813548565,-0.002202483,0.000000000,0.000000000,0.000000000,0.000000000,0.000000000,0.000000000,0.000000000,0.000000000,0.000000000,0.000000000,0.000000000,0.000000000,0.000000000,0.000000000,0.000000000,0.000000000,0.000000000,0.000000000,0.004429370,0.027904510,-0.002665520,0.032099366,0.009672642,0.013524505,0.000230578,0.030422317,-0.026935154,-0.014483227,0.005532242,0.011725626
0.179384947,0.619161606,0.627982140,1.557589531,0.011313438,0.131348610,0.027803421,-0.138980865,-0.080263138,-0.028869629,0.156433105,-0.013595581,0.005538940,0.619161606,0.627982140,1.557589531,0.011313438,0.131348610,0.027803421,-0.000019580,-16.537860870,6.888527870,1.224709868,-0.813548565,-0.002202483,-0.004409790,-16.592357635,6.910245895,1.262517929,-0.805584908,-0.008331299,-0.000019580,-16.537860870,6.888527870,1.224709868,-0.813548565,-0.002202483,0.000000000,0.000000000,0.000000000,0.000000000,0.000000000,0.000000000,0.000000000,0.000000000,0.000000000,0.000000000,0.000000000,0.000000000,0.000000000,0.000000000,0.000000000,0.000000000,0.000000000,0.000000000,-0.004390210,-0.054496765,0.021718025,0.037808061,0.007963657,-0.006128815,-0.008136949,-0.049243224,-0.002417313,-0.008312715,0.003622033,-0.007510447
0.189379930,0.619161606,0.627598763,1.557589531,0.011313438,0.131348610,0.027803421,-0.038269043,-0.081483841,-0.018127441,-0.093326569,0.038772583,-0.053878784,0.618778229,0.627982140,1.557589531,0.011313438,0.131348610,0.027803421,-0.000019564,-16.537860870,6.888527870,1.224709868,-0.813548565,-0.002202483,-0.007003784,-16.491645813,6.929960251,1.321660995,-0.805584908,0.002349854,-0.000019564,-16.537860870,6.888527870,1.224709868,-0.813548565,-0.002202483,0.000000000,0.000000000,0.000000000,0.000000000,0.000000000,0.000000000,0.000000000,0.000000000,0.000000000,0.000000000,0.000000000,0.000000000,0.000000000,0.000000000,0.000000000,0.000000000,0.000000000,0.000000000,-0.006984221,0.046215057,0.041432381,0.096951127,0.007963657,0.004552337,-0.010194412,0.048895168,0.016432190,0.048288834,0.003440931,0.003012170
0.199420929,0.618778229,0.627982140,1.557589531,0.011313438,0.131348610,0.027803421,-0.125553131,0.083925247,-0.022155762,-0.102725983,-0.008560181,0.019638062,0.619161606,0.627982140,1.557589531,0.011313438,0.131348610,0.027803421,-0.000019580,-16.537860870,6.888527870,1.224709868,-0.813548565,-0.002202483,-0.019454956,-16.570384979,6.912321091,1.283788681,-0.824383736,0.001495361,-0.000019580,-16.537860870,6.888527870,1.224709868,-0.813548565,-0.002202483,0.000000000,0.000000000,0.000000000,0.000000000,0.000000000,0.000000000,0.000000000,0.000000000,0.000000000,0.000000000,0.000000000,0.000000000,0.000000000,0.000000000,0.000000000,0.000000000,0.000000000,0.000000000,-0.019435376,-0.032524109,0.023793221,0.059078813,-0.010835171,0.003697845,-0.021567207,-0.028422855,-0.001149495,0.009920495,-0.014626568,0.002054931
0.209382534,0.619161606,0.627982140,1.557589531,0.011313438,0.131348610,0.027803421,0.132263184,0.032653809,0.047668457,-0.055725098,0.008560181,-0.025680542,0.619161606,0.627982140,1.557589531,0.011313438,0.131348610,0.027803421,-0.000019580,-16.537860870,6.888527870,1.224709868,-0.813548565,-0.002202483,0.026718140,-16.544750214,6.913877487,1.258884430,-0.778240204,0.006195068,-0.000019580,-16.537860870,6.888527870,1.224709868,-0.813548565,-0.002202483,0.000000000,0.000000000,0.000000000,0.000000000,0.000000000,0.000000000,0.000000000,0.000000000,0.000000000,0.000000000,0.000000000,0.000000000,0.000000000,0.000000000,0.000000000,0.000000000,0.000000000,0.000000000,0.026737720,-0.006889343,0.025349617,0.034174562,0.035308361,0.008397552,0.023487440,-0.002661358,0.000388406,-0.014302676,0.030084374,0.006447609
0.219381094,0.618778229,0.627598763,1.557589531,0.011313438,0.131348610,0.027803421,0.011413574,-0.142518997,-0.015441895,0.027526855,0.005538940,0.015609741,0.619161606,0.627982140,1.557589531,0.011313438,0.131348610,0.027803421,-0.000019580,-16.537860870,6.888527870,1.224709868,-0.813548565,-0.002202483,0.015823364,-16.530101776,6.909727097,1.279638290,-0.807293892,0.007476807,-0.000019580,-16.537860870,6.888527870,1.224709868,-0.813548565,-0.002202483,0.000000000,0.000000000,0.000000000,0.000000000,0.000000000,0.000000000,0.000000000,0.000000000,0.000000000,0.000000000,0.000000000,0.000000000,0.000000000,0.000000000,0.000000000,0.000000000,0.000000000,0.000000000,0.015842944,0.007759094,0.021199226,0.054928422,0.006254673,0.009679290,0.012045157,0.011465902,-0.003598421,0.006170698,0.000985874,0.007393289
0.229415178,0.618778229,0.627982140,1.557589531,0.011313438,0.131348610,0.027803421,-0.027526855,-0.068056107,-0.043640137,-0.034240723,0.008560181,-0.033737183,0.619161606,0.627982140,1.557589531,0.011313438,0.130965233,0.027420044,-0.000019580,-16.538078308,6.888732910,1.224937797,-0.813589871,-0.002202006,-0.005447388,-16.561229706,6.915433884,1.287420273,-0.810284615,-0.007476807,-0.000019580,-16.538078308,6.888732910,1.224937797,-0.813589871,-0.002202006,0.000000000,0.000000000,0.000000000,0.000000000,0.000000000,0.000000000,0.000000000,0.000000000,0.000000000,0.000000000,0.000000000,0.000000000,0.000000000,0.000000000,0.000000000,0.000000000,0.000000000,0.000000000,-0.005427807,-0.023151398,0.026700974,0.062482476,0.003305256,-0.005274801,-0.008841195,-0.018634399,0.001824021,0.013152887,-0.001881729,-0.007245768
0.239440441,0.618778229,0.627982140,1.557589531,0.011313438,0.131348610,0.027420044,-0.024841309,-0.042421341,0.024841309,0.102722168,0.004531860,-0.052871704,0.618778229,0.627982140,1.557589531,0.011313438,0.131348610,0.027803421,-0.000019564,-16.537860870,6.888527870,1.224709868,-0.813548565,-0.002202483,0.008560181,-16.557567596,6.912321091,1.358495712,-0.803448677,-0.008331299,-0.000019564,-16.537860870,6.888527870,1.224709868,-0.813548565,-0.002202483,0.000000000,0.000000000,0.000000000,0.000000000,0.000000000,0.000000000,0.000000000,0.000000000,0.000000000,0.000000000,0.000000000,0.000000000,0.000000000,0.000000000,0.000000000,0.000000000,0.000000000,0.000000000,0.008579744,-0.019706726,0.023793221,0.133785844,0.010099888,-0.006128815,0.004959702,-0.014582138,-0.001040382,0.081078005,0.004716387,-0.007775792
0.249378443,0.618778229,0.627982140,1.557972908,0.011313438,0.131348610,0.027803421,-0.065124512,-0.043031693,0.032897949,-0.004699707,-0.027694702,-0.007553101,0.619161606,0.627982140,1.557589531,0.011313438,0.131348610,0.027803421,-0.000019580,-16.537860870,6.888527870,1.224709868,-0.813548565,-0.002202483,-0.005966187,-16.561229706,6.912321091,1.272893906,-0.856855392,-0.001922607,-0.000019580,-16.537860870,6.888527870,1.224709868,-0.813548565,-0.002202483,0.000000000,0.000000000,0.000000000,0.000000000,0.000000000,0.000000000,0.000000000,0.000000000,0.000000000,0.000000000,0.000000000,0.000000000,0.000000000,0.000000000,0.000000000,0.000000000,0.000000000,0.000000000,-0.005946606,-0.023368835,0.023793221,0.048184037,-0.043306828,0.000279876,-0.009198700,-0.017542546,-0.001000368,-0.004349809,-0.046817624,-0.001314520
0.259380102,0.619161606,0.627982140,1.557589531,0.011313438,0.131348610,0.027420044,0.180606842,-0.039369583,0.078552246,0.078552246,0.036758423,0.040786743,0.619161606,0.627982140,1.557972908,0.011313438,0.131348610,0.027803421,-0.000019584,-16.539991379,6.890546322,1.225115061,-0.813775837,-0.002203064,-0.023605347,-16.541088104,6.926328659,1.302984238,-0.810284615,0.011322021,-0.000019584,-16.539991379,6.890546322,1.225115061,-0.813775837,-0.002203064,0.000000000,0.000000000,0.000000000,0.000000000,0.000000000,0.000000000,0.000000000,0.000000000,0.000000000,0.000000000,0.000000000,0.000000000,0.000000000,0.000000000,0.000000000,0.000000000,0.000000000,0.000000000,-0.023585763,-0.001096725,0.035782337,0.077869177,0.003491223,0.013525086,-0.025843862,0.004554395,0.010581758,0.024396985,-0.000018848,0.011488812
0.269415379,0.619161606,0.627982140,1.557589531,0.011313438,0.131348610,0.027420044,-0.038269043,-0.154726028,0.106750488,0.003356934,0.067977905,-0.019638062,0.619161606,0.627982140,1.557589531,0.011313438,0.131348610,0.027803421,-0.000019580,-16.537860870,6.888527870,1.224709868,-0.813548565,-0.002202483,0.018417358,-16.530101776,6.909208298,1.246433258,-0.809430122,0.009613037,-0.000019580,-16.537860870,6.888527870,1.224709868,-0.813548565,-0.002202483,0.000000000,0.000000000,0.000000000,0.000000000,0.000000000,0.000000000,0.000000000,0.000000000,0.000000000,0.000000000,0.000000000,0.000000000,0.000000000,0.000000000,0.000000000,0.000000000,0.000000000,0.000000000,0.018436938,0.007759094,0.020680428,0.021723390,0.004118443,0.011815520,0.015601024,0.012931279,-0.004358717,-0.030614917,0.000586644,0.009429988
0.279389143,0.619161606,0.627982140,1.557589531,0.011313438,0.131348610,0.027803421,0.066467285,-0.106508255,-0.062438965,0.016784668,0.048843384,0.039779663,0.619161606,0.627982140,1.557589531,0.011696815,0.131348610,0.027803421,-0.000019581,-16.538246155,6.888892651,1.225115061,-0.813775837,-0.002203064,0.005447388,-16.596019745,6.909727097,1.298315048,-0.820965767,-0.001068115,-0.000019581,-16.538246155,6.888892651,1.225115061,-0.813775837,-0.002203064,0.000000000,0.000000000,0.000000000,0.000000000,0.000000000,0.000000000,0.000000000,0.000000000,0.000000000,0.000000000,0.000000000,0.000000000,0.000000000,0.000000000,0.000000000,0.000000000,0.000000000,0.000000000,0.005466968,-0.057773590,0.020834446,0.073199987,-0.007189929,0.001134949,0.002540328,-0.050787564,-0.004059709,0.020142313,-0.010352013,-0.001207460
0.289411306,0.618778229,0.627982140,1.557589531,0.011313438,0.131348610,0.027803421,-0.096012115,0.079042435,-0.104068756,0.028869629,0.004531860,0.011581421,0.619161606,0.627598763,1.557589531,0.011313438,0.130965233,0.027803421,-0.000019576,-16.535314560,6.890750408,1.225342393,-0.813817024,-0.002203173,-0.006484985,-16.497138977,6.916990280,1.327367783,-0.853437424,0.011322021,-0.000019576,-16.535314560,6.890750408,1.225342393,-0.813817024,-0.002203173,0.000000000,0.000000000,0.000000000,0.000000000,0.000000000,0.000000000,0.000000000,0.000000000,0.000000000,0.000000000,0.000000000,0.000000000,0.000000000,0.000000000,0.000000000,0.000000000,0.000000000,0.000000000,-0.006465410,0.038175583,0.026239872,0.102025390,-0.039620399,0.013525195,-0.009078982,0.043656222,0.001300859,0.047335458,-0.041356401,0.010810027
0.299479485,0.619161606,0.627982140,1.557589531,0.011313438,0.131348610,0.027803421,0.082580566,0.000915527,-0.055725098,0.071838379,0.007553101,-0.052871704,0.619161606,0.627982140,1.557589531,0.011313438,0.131348610,0.027803421,-0.000019580,-16.537860870,6.888527870,1.224709868,-0.813548565,-0.002202483,-0.013748169,-16.511787415,6.904020309,1.260959625,-0.805157661,-0.006622314,-0.000019580,-16.537860870,6.888527870,1.224709868,-0.813548565,-0.002202483,0.000000000,0.000000000,0.000000000,0.000000000,0.000000000,0.000000000,0.000000000,0.000000000,0.000000000,0.000000000,0.000000000,0.000000000,0.000000000,0.000000000,0.000000000,0.000000000,0.000000000,0.000000000,-0.013728589,0.026073456,0.015492439,0.036249757,0.008390903,-0.004419831,-0.015814995,0.030536221,-0.009141845,-0.017845331,0.006440228,-0.006904838
0.309380531,0.619161606,0.627982140,1.557589531,0.011313438,0.131348610,0.027420044,-0.109439850,0.072937012,0.006042480,-0.000671387,-0.017623901,0.021652222,0.619161606,0.627982140,1.557589531,0.011313438,0.130965233,0.027420044,-0.000019580,-16.538078308,6.888732910,1.224937797,-0.813589871,-0.002202006,0.010116577,-16.519111633,6.915433884,1.285345078,-0.809002876,0.021575928,-0.000019580,-16.538078308,6.888732910,1.224937797,-0.813589871,-0.002202006,0.000000000,0.000000000,0.000000000,0.000000000,0.000000000,0.000000000,0.000000000,0.000000000,0.000000000,0.000000000,0.000000000,0.000000000,0.000000000,0.000000000,0.000000000,0.000000000,0.000000000,0.000000000,0.010136157,0.018966675,0.026700974,0.060407281,0.004586995,0.023777934,0.007798197,0.022697270,0.002002105,0.006114937,0.002553934,0.020627523
0.319415331,0.619161606,0.627982140,1.557589531,0.011313438,0.131348610,0.027803421,-0.012756348,0.005798340,0.091979980,0.030212402,0.006546021,0.006546021,0.619161606,0.627982140,1.557589531,0.011313438,0.130965233,0.027803421,-0.000019580,-16.538076401,6.888732433,1.224937201,-0.813589752,-0.002202593,0.023086548,-16.548412323,6.921140671,1.278081894,-0.791484833,-0.016876221,-0.000019580,-16.538076401,6.888732433,1.224937201,-0.813589752,-0.002202593,0.000000000,0.000000000,0.000000000,0.000000000,0.000000000,0.000000000,0.000000000,0.000000000,0.000000000,0.000000000,0.000000000,0.000000000,0.000000000,0.000000000,0.000000000,0.000000000,0.000000000,0.000000000,0.023106128,-0.010335922,0.032408237,0.053144693,0.022104919,-0.014673628,0.020138829,-0.006405166,0.007475752,-0.001112873,0.019463620,-0.017283916
0.329381466,0.619161606,0.627982140,1.557589531,0.011313438,0.131348610,0.027803421,0.069152832,0.140077591,-0.014099121,0.089294434,0.061935425,-0.032730103,0.619161606,0.627982140,1.557589531,0.011313438,0.131348610,0.027420044,-0.000019580,-16.537860870,6.888528347,1.224710464,-0.813548684,-0.002201897,0.009078979,-16.548412323,6.920103073,1.306097031,-0.818829536,0.004913330,-0.000019580,-16.537860870,6.888528347,1.224710464,-0.813548684,-0.002201897,0.000000000,0.000000000,0.000000000,0.000000000,0.000000000,0.000000000,0.000000000,0.000000000,0.000000000,0.000000000,0.000000000,0.000000000,0.000000000,0.000000000,0.000000000,0.000000000,0.000000000,0.000000000,0.009098560,-0.010551453,0.031574726,0.081386566,-0.005280852,0.007115227,0.005950929,-0.006425970,0.006446880,0.026331088,-0.007689146,0.004372440
0.339378357,0.619161606,0.627982140,1.557589531,0.011313438,0.130965233,0.027803421,-0.038269043,0.069274902,-0.007385254,-0.144351959,-0.046829224,-0.015609741,0.619161606,0.627982140,1.557589531,0.011313438,0.131348610,0.027420044,-0.000019580,-16.537860870,6.888528347,1.224710464,-0.813548684,-0.002201897,0.003890991,-16.537425995,6.881711960,1.336187363,-0.789348602,-0.030976295,-0.000019580,-16.537860870,6.888528347,1.224710464,-0.813548684,-0.002201897,0.000000000,0.000000000,0.000000000,0.000000000,0.000000000,0.000000000,0.000000000,0.000000000,0.000000000,0.000000000,0.000000000,0.000000000,0.000000000,0.000000000,0.000000000,0.000000000,0.000000000,0.000000000,0.003910571,0.000434875,-0.006816387,0.111476898,0.024200082,-0.028774399,0.000741143,0.004430062,-0.031031540,0.054809380,0.021169165,-0.030616694
0.349378586,0.619161606,0.627982140,1.557589531,0.011313438,0.131348610,0.027803421,0.096008301,-0.065004349,0.007385254,0.082580566,0.032730103,0.028701782,0.618778229,0.627982140,1.557589531,0.011313438,0.131348610,0.027803421,-0.000019564,-16.537860870,6.888527870,1.224709868,-0.813548565,-0.002202483,0.004409790,-16.590526581,6.915433884,1.290014267,-0.818829536,-0.000640869,-0.000019564,-16.537860870,6.888527870,1.224709868,-0.813548565,-0.002202483,0.000000000,0.000000000,0.000000000,0.000000000,0.000000000,0.000000000,0.000000000,0.000000000,0.000000000,0.000000000,0.000000000,0.000000000,0.000000000,0.000000000,0.000000000,0.000000000,0.000000000,0.000000000,0.004429354,-0.052665710,0.026906013,0.065304399,-0.005280972,0.001561614,0.001224927,-0.047318565,0.002616114,0.008396967,-0.008081002,-0.000272885
0.359445810,0.619161606,0.627982140,1.557589531,0.011313438,0.131348610,0.027803421,-0.054382324,0.029602051,0.101379395,-0.036926270,-0.010574341,0.049850464,0.619161606,0.627982140,1.557589531,0.011313438,0.131348610,0.027420044,-0.000019580,-16.537860870,6.888528347,1.224710464,-0.813548684,-0.002201897,0.002853394,-16.542919159,6.901945114,1.300390244,-0.812848091,-0.009185791,-0.000019580,-16.537860870,6.888528347,1.224710464,-0.813548684,-0.002201897,0.000000000,0.000000000,0.000000000,0.000000000,0.000000000,0.000000000,0.000000000,0.000000000,0.000000000,0.000000000,0.000000000,0.000000000,0.000000000,0.000000000,0.000000000,0.000000000,0.000000000,0.000000000,0.002872974,-0.005058289,0.013416767,0.075679779,0.000700593,-0.006983894,-0.000322495,0.000281050,-0.010579264,0.018264986,-0.002042696,-0.008580058
0.369377851,0.619161606,0.627982140,1.557589531,0.011313438,0.131348610,0.027803421,0.149719238,-0.077211380,-0.153751373,-0.007385254,0.067977905,-0.031723022,0.619161606,0.627982140,1.557589531,0.011313438,0.131348610,0.027803421,-0.000019580,-16.537860870,6.888527870,1.224709868,-0.813548565,-0.002202483,0.013229370,-16.531932831,6.921140671,1.284307480,-0.814557076,-0.004486084,-0.000019580,-16.537860870,6.888527870,1.224709868,-0.813548565,-0.002202483,0.000000000,0.000000000,0.000000000,0.000000000,0.000000000,0.000000000,0.000000000,0.000000000,0.000000000,0.000000000,0.000000000,0.000000000,0.000000000,0.000000000,0.000000000,0.000000000,0.000000000,0.000000000,0.013248950,0.005928040,0.032612801,0.059597611,-0.001008511,-0.002283601,0.009788917,0.010970869,0.008390013,0.002125376,-0.003653068,-0.003777665
0.379380226,0.619161606,0.627982140,1.557589531,0.011313438,0.131348610,0.027803421,0.074523926,-0.043642044,-0.008728027,-0.011413574,0.021652222,0.028701782,0.619161606,0.627982140,1.557589531,0.011313438,0.131348610,0.027803421,-0.000019580,-16.537860870,6.888527870,1.224709868,-0.813548565,-0.002202483,-0.013748169,-16.498970032,6.934110641,1.265630722,-0.817120552,0.000213623,-0.000019580,-16.537860870,6.888527870,1.224709868,-0.813548565,-0.002202483,0.000000000,0.000000000,0.000000000,0.000000000,0.000000000,0.000000000,0.000000000,0.000000000,0.000000000,0.000000000,0.000000000,0.000000000,0.000000000,0.000000000,0.000000000,0.000000000,0.000000000,0.000000000,-0.013728589,0.038890839,0.045582771,0.040920854,-0.003571987,0.002416106,-0.016747889,0.042807163,0.020812291,-0.016126987,-0.006057146,0.000898400
0.389381170,0.619161606,0.627982140,1.557589531,0.011313438,0.131348610,0.027803421,-0.054382324,-0.033874512,0.047668457,-0.069152832,-0.014602661,0.031723022,0.619161606,0.627982140,1.557589531,0.011313438,0.131348610,0.027803421,-0.000019580,-16.537860870,6.888527870,1.224709868,-0.813548565,-0.002202483,0.008041382,-16.500801086,6.908689499,1.304540634,-0.825238228,0.008758545,-0.000019580,-16.537860870,6.888527870,1.224709868,-0.813548565,-0.002202483,0.000000000,0.000000000,0.000000000,0.000000000,0.000000000,0.000000000,0.000000000,0.000000000,0.000000000,0.000000000,0.000000000,0.000000000,0.000000000,0.000000000,0.000000000,0.000000000,0.000000000,0.000000000,0.008060962,0.037059784,0.020161629,0.079830766,-0.011689663,0.010961028,0.004915621,0.039951706,-0.004493630,0.022213352,-0.013820451,0.009207238
0.399359941,0.619161606,0.627982140,1.557589531,0.011313438,0.131348610,0.027803421,-0.112125397,0.072326660,-0.078552246,-0.167179108,-0.046829224,0.032730103,0.619161606,0.627982140,1.557589531,0.011313438,0.131348610,0.027420044,-0.000019580,-16.537860870,6.888528347,1.224710464,-0.813548684,-0.002201897,0.003372192,-16.553905487,6.920621872,1.266668320,-0.823101997,0.000213623,-0.000019580,-16.537860870,6.888528347,1.224710464,-0.813548684,-0.002201897,0.000000000,0.000000000,0.000000000,0.000000000,0.000000000,0.000000000,0.000000000,0.000000000,0.000000000,0.000000000,0.000000000,0.000000000,0.000000000,0.000000000,0.000000000,0.000000000,0.000000000,0.000000000,0.003391772,-0.016044617,0.032093525,0.041957855,-0.009553313,0.002415520,0.000240421,-0.012831897,0.007256845,-0.015277618,-0.011399124,0.000645590
0.409381390,0.619161606,0.627982140,1.557589531,0.011313438,0.130965233,0.027420044,-0.081237793,-0.019836426,-0.124210358,0.087951660,-0.004531860,-0.017623901,0.619161606,0.627982140,1.557589531,0.011313438,0.131348610,0.027803421,-0.000019580,-16.537860870,6.888527870,1.224709868,-0.813548565,-0.002202483,-0.011154175,-16.564891815,6.909727097,1.281194687,-0.806866646,-0.006622314,-0.000019580,-16.537860870,6.888527870,1.224709868,-0.813548565,-0.002202483,0.000000000,0.000000000,0.000000000,0.000000000,0.000000000,0.000000000,0.000000000,0.000000000,0.000000000,0.000000000,0.000000000,0.000000000,0.000000000,0.000000000,0.000000000,0.000000000,0.000000000,0.000000000,-0.011134595,-0.027030945,0.021199226,0.056484818,0.006681919,-0.004419831,-0.013945805,-0.023251125,-0.003550847,-0.000732782,0.004720963,-0.006042385
0.419367075,0.619161606,0.627982140,1.557589531,0.011313438,0.131348610,0.027420044,-0.102725983,0.001525879,0.000671387,0.124206543,0.002517700,-0.014602661,0.619161606,0.627982140,1.557589531,0.011313438,0.131348610,0.027420044,-0.000019580,-16.537860870,6.888528347,1.224710464,-0.813548684,-0.002201897,-0.000259399,-16.575878143,6.929960251,1.302984238,-0.802594185,0.010467529,-0.000019580,-16.537860870,6.888528347,1.224710464,-0.813548684,-0.002201897,0.000000000,0.000000000,0.000000000,0.000000000,0.000000000,0.000000000,0.000000000,0.000000000,0.000000000,0.000000000,0.000000000,0.000000000,0.000000000,0.000000000,0.000000000,0.000000000,0.000000000,0.000000000,-0.000239819,-0.038017273,0.041431904,0.078273773,0.010954499,0.012669426,-0.002980075,-0.033441233,0.016293881,0.020566494,0.008784391,0.010789968
0.429382324,0.619161606,0.627982140,1.557589531,0.011313438,0.130965233,0.027803421,0.038269043,-0.061952591,-0.024841309,-0.101383209,-0.024673462,0.012588501,0.619161606,0.627982140,1.557589531,0.011313438,0.130965233,0.027803421,-0.000019580,-16.538076401,6.888732433,1.224937201,-0.813589752,-0.002202593,0.000259399,-16.531932831,6.916471481,1.247470856,-0.832928658,-0.007476807,-0.000019580,-16.538076401,6.888732433,1.224937201,-0.813589752,-0.002202593,0.000000000,0.000000000,0.000000000,0.000000000,0.000000000,0.000000000,0.000000000,0.000000000,0.000000000,0.000000000,0.000000000,0.000000000,0.000000000,0.000000000,0.000000000,0.000000000,0.000000000,0.000000000,0.000278980,0.006143570,0.027739048,0.022533655,-0.019338906,-0.005274214,-0.002405338,0.010475982,0.002541911,-0.034374224,-0.021020173,-0.006991089
0.439414740,0.619161606,0.627982140,1.557589531,0.011313438,0.131348610,0.027803421,-0.089298248,-0.098573685,0.002014160,-0.100040436,-0.012588501,0.035751343,0.619161606,0.627982140,1.557589531,0.011313438,0.131348610,0.027803421,-0.000019580,-16.537860870,6.888527870,1.224709868,-0.813548565,-0.002202483,-0.003372192,-16.552074432,6.952268600,1.297277451,-0.796612740,-0.004058838,-0.000019580,-16.537860870,6.888527870,1.224709868,-0.813548565,-0.002202483,0.000000000,0.000000000,0.000000000,0.000000000,0.000000000,0.000000000,0.000000000,0.000000000,0.000000000,0.000000000,0.000000000,0.000000000,0.000000000,0.000000000,0.000000000,0.000000000,0.000000000,0.000000000,-0.003352612,-0.014213562,0.063740730,0.072567582,0.016935825,-0.001856355,-0.005902776,-0.009661569,0.037687069,0.015311710,0.014915568,-0.003493824
0.449380398,0.619161606,0.627982140,1.557206154,0.011313438,0.131348610,0.027803421,-0.226261139,-0.016174316,-0.118839264,-0.061096191,-0.026687622,0.021652222,0.618778229,0.627982140,1.557589531,0.011313438,0.131348610,0.027803421,-0.000019564,-16.537860870,6.888527870,1.224709868,-0.813548565,-0.002202483,0.003372192,-16.528270721,6.858366013,1.231388092,-0.817975044,0.004486084,-0.000019564,-16.537860870,6.888527870,1.224709868,-0.813548565,-0.002202483,0.000000000,0.000000000,0.000000000,0.000000000,0.000000000,0.000000000,0.000000000,0.000000000,0.000000000,0.000000000,0.000000000,0.000000000,0.000000000,0.000000000,0.000000000,0.000000000,0.000000000,0.000000000,0.003391756,0.009590149,-0.030161858,0.006678224,-0.004426479,0.006688567,0.000823297,0.013834705,-0.054993443,-0.049478134,-0.006306590,0.004941291
0.459410429,0.619161606,0.627982140,1.557589531,0.011313438,0.131348610,0.027803421,0.105407715,-0.092470169,0.040954590,-0.026184082,0.002517700,-0.025680542,0.619161606,0.627982140,1.557589531,0.011313438,0.131348610,0.027803421,-0.000019580,-16.537860870,6.888527870,1.224709868,-0.813548565,-0.002202483,0.018417358,-16.531932831,6.915433884,1.304021835,-0.848310471,-0.011749268,-0.000019580,-16.537860870,6.888527870,1.224709868,-0.813548565,-0.002202483,0.000000000,0.000000000,0.000000000,0.000000000,0.000000000,0.000000000,0.000000000,0.000000000,0.000000000,0.000000000,0.000000000,0.000000000,0.000000000,0.000000000,0.000000000,0.000000000,0.000000000,0.000000000,0.018436938,0.005928040,0.026906013,0.079311967,-0.034761906,-0.009546784,0.015530852,0.009956157,0.002030291,0.022662936,-0.035862399,-0.011053761
0.469421625,0.619161606,0.627982140,1.557589531,0.011313438,0.131348610,0.027420044,0.091979980,-0.121156693,-0.113468170,0.086608887,-0.003524780,-0.021652222,0.619161606,0.627982140,1.557589531,0.011313438,0.131348610,0.027803421,-0.000019580,-16.537860870,6.888527870,1.224709868,-0.813548565,-0.002202483,-0.026199341,-16.515449524,6.933073044,1.301946640,-0.794476509,-0.007476807,-0.000019580,-16.537860870,6.888527870,1.224709868,-0.813548565,-0.002202483,0.000000000,0.000000000,0.000000000,0.000000000,0.000000000,0.000000000,0.000000000,0.000000000,0.000000000,0.000000000,0.000000000,0.000000000,0.000000000,0.000000000,0.000000000,0.000000000,0.000000000,0.000000000,-0.026179761,0.022411346,0.044545174,0.077236772,0.019072056,-0.005274323,-0.028479892,0.025888642,0.019259671,0.020158830,0.017597155,-0.006640023
0.479414463,0.619161606,0.627982140,1.557589531,0.011313438,0.131348610,0.027803421,-0.016784668,-0.024108887,-0.026184082,-0.101383209,0.017623901,0.030715942,0.619161606,0.627982140,1.557972908,0.011313438,0.131348610,0.027420044,-0.000019584,-16.539991379,6.890546799,1.225115657,-0.813775957,-0.002202478,-0.010635376,-16.546581268,6.926328659,1.308691025,-0.802166939,0.016021729,-0.000019584,-16.539991379,6.890546799,1.225115657,-0.813775957,-0.002202478,0.000000000,0.000000000,0.000000000,0.000000000,0.000000000,0.000000000,0.000000000,0.000000000,0.000000000,0.000000000,0.000000000,0.000000000,0.000000000,0.000000000,0.000000000,0.000000000,0.000000000,0.000000000,-0.010615792,-0.006589890,0.035781860,0.083575368,0.011609018,0.018224207,-0.012652334,-0.003049072,0.010282147,0.025956662,0.009927298,0.016514455
0.489383221,0.619161606,0.627982140,1.557589531,0.011313438,0.131348610,0.027803421,0.105407715,0.039978027,0.018127441,-0.027526855,0.051864624,0.027694702,0.619161606,0.627982140,1.557589531,0.011313438,0.131348610,0.027803421,-0.000019580,-16.537860870,6.888527870,1.224709868,-0.813548565,-0.002202483,0.014785767,-16.530101776,6.900907516,1.291570663,-0.821393013,-0.005767822,-0.000019580,-16.537860870,6.888527870,1.224709868,-0.813548565,-0.002202483,0.000000000,0.000000000,0.000000000,0.000000000,0.000000000,0.000000000,0.000000000,0.000000000,0.000000000,0.000000000,0.000000000,0.000000000,0.000000000,0.000000000,0.000000000,0.000000000,0.000000000,0.000000000,0.014805347,0.007759094,0.012379646,0.066860795,-0.007844448,-0.003565339,0.012513429,0.011073914,-0.012857666,0.009057248,-0.009335644,-0.005169588
0.499385357,0.619161606,0.627982140,1.557589531,0.011313438,0.131348610,0.027803421,-0.028869629,-0.014343262,-0.028869629,0.075866699,0.001510620,0.006546021,0.619161606,0.627982140,1.557589531,0.011313438,0.131348610,0.027803421,-0.000019580,-16.537860870,6.888527870,1.224709868,-0.813548565,-0.002202483,-0.026718140,-16.533763885,6.907133102,1.284826279,-0.804730415,0.005767822,-0.000019580,-16.537860870,6.888527870,1.224709868,-0.813548565,-0.002202483,0.000000000,0.000000000,0.000000000,0.000000000,0.000000000,0.000000000,0.000000000,0.000000000,0.000000000,0.000000000,0.000000000,0.000000000,0.000000000,0.000000000,0.000000000,0.000000000,0.000000000,0.000000000,-0.026698560,0.004096985,0.018605232,0.060116410,0.008818150,0.007970306,-0.028422036,0.007266475,-0.006502039,0.002267513,0.007183288,0.006241232
0.509379387,0.619161606,0.627982140,1.557589531,0.011313438,0.131348610,0.027803421,0.054382324,0.037536621,0.083923340,0.000671387,0.015609741,0.044815063,0.619161606,0.627982140,1.557589531,0.011313438,0.131348610,0.027803421,-0.000019580,-16.537860870,6.888527870,1.224709868,-0.813548565,-0.002202483,-0.014785767,-16.506294250,6.936704636,1.242282867,-0.795758247,-0.011322021,-0.000019580,-16.537860870,6.888527870,1.224709868,-0.813548565,-0.002202483,0.000000000,0.000000000,0.000000000,0.000000000,0.000000000,0.000000000,0.000000000,0.000000000,0.000000000,0.000000000,0.000000000,0.000000000,0.000000000,0.000000000,0.000000000,0.000000000,0.000000000,0.000000000,-0.014766187,0.031566620,0.048176765,0.017572999,0.017790318,-0.009119538,-0.016172554,0.034068108,0.022625850,-0.039501362,0.015844774,-0.010639985
0.519377470,0.619161606,0.627982140,1.557589531,0.011313438,0.131348610,0.027803421,-0.038269043,0.030822754,0.179264069,0.065124512,0.037765503,0.029708862,0.618778229,0.627982140,1.557589531,0.011313438,0.131348610,0.027803421,-0.000019564,-16.537860870,6.888527870,1.224709868,-0.813548565,-0.002202483,-0.006484985,-16.519111633,6.913358688,1.292608261,-0.829937935,-0.010894775,-0.000019564,-16.537860870,6.888527870,1.224709868,-0.813548565,-0.002202483,0.000000000,0.000000000,0.000000000,0.000000000,0.000000000,0.000000000,0.000000000,0.000000000,0.000000000,0.000000000,0.000000000,0.000000000,0.000000000,0.000000000,0.000000000,0.000000000,0.000000000,0.000000000,-0.006465422,0.018749237,0.024830818,0.067898393,-0.016389370,-0.008692292,-0.007723265,0.020849768,-0.000706511,0.010619805,-0.017988972,-0.010020046
0.529380322,0.619161606,0.627982140,1.557589531,0.011313438,0.131348610,0.027803421,0.027526855,0.028381348,-0.147037506,0.138977051,-0.010574341,0.012588501,0.619161606,0.627982140,1.557589531,0.011313438,0.131348610,0.027803421,-0.000019580,-16.537860870,6.888527870,1.224709868,-0.813548565,-0.002202483,0.030868530,-16.528270721,6.928403854,1.281194687,-0.829510689,0.000640869,-0.000019580,-16.537860870,6.888527870,1.224709868,-0.813548565,-0.002202483,0.000000000,0.000000000,0.000000000,0.000000000,0.000000000,0.000000000,0.000000000,0.000000000,0.000000000,0.000000000,0.000000000,0.000000000,0.000000000,0.000000000,0.000000000,0.000000000,0.000000000,0.000000000,0.030888110,0.009590149,0.039875984,0.056484818,-0.015962124,0.002843353,0.029081558,0.011474186,0.014073125,-0.000779070,-0.017236509,0.001487532
0.539380550,0.619161606,0.627598763,1.557589531,0.011313438,0.131348610,0.027803421,0.007385254,-0.132143021,-0.008728027,-0.094669342,-0.014602661,0.029708862,0.618778229,0.627982140,1.557589531,0.011313438,0.131348610,0.027803421,-0.000019564,-16.537860870,6.888527870,1.224709868,-0.813548565,-0.002202483,0.008560181,-16.594188690,6.919584274,1.279119492,-0.843182564,0.015167236,-0.000019564,-16.537860870,6.888527870,1.224709868,-0.813548565,-0.002202483,0.000000000,0.000000000,0.000000000,0.000000000,0.000000000,0.000000000,0.000000000,0.000000000,0.000000000,0.000000000,0.000000000,0.000000000,0.000000000,0.000000000,0.000000000,0.000000000,0.000000000,0.000000000,0.008579744,-0.056327820,0.031056404,0.054409623,-0.029633999,0.017369720,0.006650043,-0.053453896,0.005158026,-0.002802370,-0.030346413,0.015722738
0.549422503,0.619161606,0.627598763,1.557589531,0.011313438,0.131348610,0.027803421,0.042297363,-0.060121536,0.108093262,-0.073181152,0.035751343,0.029708862,0.619161606,0.627982140,1.557589531,0.011313438,0.131348610,0.027420044,-0.000019580,-16.537860870,6.888528347,1.224710464,-0.813548684,-0.002201897,-0.019454956,-16.506294250,6.910245895,1.278081894,-0.829937935,0.005340576,-0.000019580,-16.537860870,6.888528347,1.224710464,-0.813548684,-0.002201897,0.000000000,0.000000000,0.000000000,0.000000000,0.000000000,0.000000000,0.000000000,0.000000000,0.000000000,0.000000000,0.000000000,0.000000000,0.000000000,0.000000000,0.000000000,0.000000000,0.000000000,0.000000000,-0.019435376,0.031566620,0.021717548,0.053371429,-0.016389251,0.007542473,-0.020983558,0.033825534,-0.004106172,-0.003771982,-0.016796278,0.005790214
0.559464693,0.619161606,0.627982140,1.557206154,0.011313438,0.131348610,0.027420044,-0.138980865,-0.105287552,-0.026184082,-0.006042480,-0.046829224,-0.027694702,0.619161606,0.627982140,1.557589531,0.011313438,0.131348610,0.027803421,-0.000019580,-16.537860870,6.888527870,1.224709868,-0.813548565,-0.002202483,-0.007003784,-16.511787415,6.892087936,1.241245270,-0.814129829,0.002777100,-0.000019580,-16.537860870,6.888527870,1.224709868,-0.813548565,-0.002202483,0.000000000,0.000000000,0.000000000,0.000000000,0.000000000,0.000000000,0.000000000,0.000000000,0.000000000,0.000000000,0.000000000,0.000000000,0.000000000,0.000000000,0.000000000,0.000000000,0.000000000,0.000000000,-0.006984204,0.026073456,0.003560066,0.016535401,-0.000581264,0.004979583,-0.008382695,0.027835311,-0.021873064,-0.039895589,-0.000970953,0.003170704
0.569383621,0.619161606,0.627982140,1.557589531,0.011313438,0.131348610,0.027420044,-0.010070801,-0.082094193,0.094665527,0.116149902,0.047836304,-0.024673462,0.619161606,0.627982140,1.557589531,0.011313438,0.131348610,0.027420044,-0.000019580,-16.537860870,6.888528347,1.224710464,-0.813548684,-0.002201897,-0.015823364,-16.552074432,6.919584274,1.285345078,-0.814557076,-0.012176514,-0.000019580,-16.537860870,6.888528347,1.224710464,-0.813548684,-0.002201897,0.000000000,0.000000000,0.000000000,0.000000000,0.000000000,0.000000000,0.000000000,0.000000000,0.000000000,0.000000000,0.000000000,0.000000000,0.000000000,0.000000000,0.000000000,0.000000000,0.000000000,0.000000000,-0.015803784,-0.014213562,0.031055927,0.060634613,-0.001008391,-0.009974617,-0.016905684,-0.012237023,0.005525852,0.004131147,-0.001373975,-0.011580332
0.579378843,0.618778229,0.627598763,1.557589531,0.011313438,0.131348610,0.027803421,-0.055725098,-0.140687943,0.145690918,0.006042480,-0.065967560,0.068984985,0.619161606,0.627982140,1.557589531,0.011313438,0.130965233,0.027803421,-0.000019580,-16.538076401,6.888732433,1.224937201,-0.813589752,-0.002202593,0.000778198,-16.524608612,6.907133102,1.291570663,-0.815411568,0.004058838,-0.000019580,-16.538076401,6.888732433,1.224937201,-0.813589752,-0.002202593,0.000000000,0.000000000,0.000000000,0.000000000,0.000000000,0.000000000,0.000000000,0.000000000,0.000000000,0.000000000,0.000000000,0.000000000,0.000000000,0.000000000,0.000000000,0.000000000,0.000000000,0.000000000,0.000797779,0.013467789,0.018400669,0.066633463,-0.001821816,0.006261430,-0.000298967,0.015182560,-0.007008569,0.009958302,-0.002150325,0.004576805
0.589381456,0.618778229,0.627598763,1.557972908,0.011313438,0.131348610,0.027803421,-0.140323639,-0.066225052,0.030212402,-0.067810059,0.072006226,0.016616821,0.619161606,0.627982140,1.557589531,0.011313438,0.131348610,0.027803421,-0.000019580,-16.537860870,6.888527870,1.224709868,-0.813548565,-0.002202483,0.005966187,-16.585033417,6.898313522,1.260959625,-0.816266060,0.004486084,-0.000019580,-16.537860870,6.888527870,1.224709868,-0.813548565,-0.002202483,0.000000000,0.000000000,0.000000000,0.000000000,0.000000000,0.000000000,0.000000000,0.000000000,0.000000000,0.000000000,0.000000000,0.000000000,0.000000000,0.000000000,0.000000000,0.000000000,0.000000000,0.000000000,0.005985767,-0.047172546,0.009785652,0.036249757,-0.002717495,0.006688567,0.004807538,-0.044700146,-0.015363193,-0.020084981,-0.002995238,0.004920543
0.599470139,0.618778229,0.627982140,1.557589531,0.011313438,0.131348610,0.027803421,-0.082580566,-0.039979935,-0.141666412,0.120178223,-0.014602661,-0.054885864,0.619161606,0.627982140,1.557589531,0.011313438,0.131348610,0.027803421,-0.000019580,-16.537860870,6.888527870,1.224709868,-0.813548565,-0.002202483,-0.035539627,-16.517280579,6.930479050,1.291570663,-0.832074165,-0.013885498,-0.000019580,-16.537860870,6.888527870,1.224709868,-0.813548565,-0.002202483,0.000000000,0.000000000,0.000000000,0.000000000,0.000000000,0.000000000,0.000000000,0.000000000,0.000000000,0.000000000,0.000000000,0.000000000,0.000000000,0.000000000,0.000000000,0.000000000,0.000000000,0.000000000,-0.035520047,0.020580292,0.041951180,0.066860795,-0.018525600,-0.011683015,-0.036096665,0.022674779,0.016526887,0.010353499,-0.018495092,-0.013230530
0.609377623,0.619161606,0.627982140,1.557589531,0.011313438,0.130965233,0.027803421,-0.050354004,-0.002746582,0.148376465,-0.051696777,-0.075031281,0.028701782,0.619161606,0.627982140,1.557589531,0.011313438,0.131348610,0.027803421,-0.000019580,-16.537860870,6.888527870,1.224709868,-0.813548565,-0.002202483,0.001296997,-16.533763885,6.926847458,1.255252838,-0.832501411,0.014739990,-0.000019580,-16.537860870,6.888527870,1.224709868,-0.813548565,-0.002202483,0.000000000,0.000000000,0.000000000,0.000000000,0.000000000,0.000000000,0.000000000,0.000000000,0.000000000,0.000000000,0.000000000,0.000000000,0.000000000,0.000000000,0.000000000,0.000000000,0.000000000,0.000000000,0.001316577,0.004096985,0.038319588,0.030542970,-0.018952847,0.016942474,0.000728025,0.006091610,0.012687306,-0.025545547,-0.018617139,0.015146652
0.619391680,0.619161606,0.627982140,1.557589531,0.011313438,0.131348610,0.027803421,0.101379395,0.083925247,0.038269043,0.014099121,0.029708862,0.036758423,0.619161606,0.627982140,1.557589531,0.011313438,0.130965233,0.027803421,-0.000019580,-16.538076401,6.888732433,1.224937201,-0.813589752,-0.002202593,-0.015823364,-16.508125305,6.918546677,1.293645859,-0.792766571,0.017303467,-0.000019580,-16.538076401,6.888732433,1.224937201,-0.813589752,-0.002202593,0.000000000,0.000000000,0.000000000,0.000000000,0.000000000,0.000000000,0.000000000,0.000000000,0.000000000,0.000000000,0.000000000,0.000000000,0.000000000,0.000000000,0.000000000,0.000000000,0.000000000,0.000000000,-0.015803784,0.029951096,0.029814243,0.068708658,0.020823181,0.019506059,-0.016132141,0.031438646,0.004115582,0.012419822,0.020823033,0.017429123
0.629379749,0.619161606,0.627982140,1.557589531,0.011313438,0.131348610,0.027420044,-0.054382324,0.026550293,-0.015441895,-0.104068756,0.038772583,-0.048843384,0.619161606,0.627982140,1.557589531,0.011313438,0.131348610,0.027803421,-0.000019580,-16.537860870,6.888527870,1.224709868,-0.813548565,-0.002202483,-0.023605347,-16.520942688,6.916471481,1.303503036,-0.811566353,0.010894775,-0.000019580,-16.537860870,6.888527870,1.224709868,-0.813548565,-0.002202483,0.000000000,0.000000000,0.000000000,0.000000000,0.000000000,0.000000000,0.000000000,0.000000000,0.000000000,0.000000000,0.000000000,0.000000000,0.000000000,0.000000000,0.000000000,0.000000000,0.000000000,0.000000000,-0.023585767,0.016918182,0.027943611,0.078793168,0.001982212,0.013097259,-0.023540465,0.018118143,0.002209872,0.022152701,0.001951095,0.010848130
0.639422655,0.619161606,0.627982140,1.557589531,0.011313438,0.130965233,0.027803421,-0.007385254,-0.104066849,-0.090641022,-0.104068756,0.013595581,-0.038772583,0.619161606,0.627982140,1.557589531,0.011313438,0.131348610,0.027803421,-0.000019580,-16.537860870,6.888527870,1.224709868,-0.813548565,-0.002202483,-0.009597778,-16.555736542,6.918027878,1.316473007,-0.800457954,0.004486084,-0.000019580,-16.537860870,6.888527870,1.224709868,-0.813548565,-0.002202483,0.000000000,0.000000000,0.000000000,0.000000000,0.000000000,0.000000000,0.000000000,0.000000000,0.000000000,0.000000000,0.000000000,0.000000000,0.000000000,0.000000000,0.000000000,0.000000000,0.000000000,0.000000000,-0.009578198,-0.017875671,0.029500008,0.091763139,0.013090611,0.006688567,-0.009386237,-0.016419161,0.003708326,0.034582323,0.012858578,0.004371140
0.649378300,0.619161606,0.627982140,1.557589531,0.010930061,0.131348610,0.027420044,0.000671387,-0.074769974,0.016784668,-0.054382324,0.039779663,0.009567261,0.619161606,0.627982140,1.557589531,0.011313438,0.131348610,0.027420044,-0.000019580,-16.537860870,6.888528347,1.224710464,-0.813548684,-0.002201897,0.004928589,-16.542919159,6.926328659,1.252658844,-0.823529243,0.019439697,-0.000019580,-16.537860870,6.888528347,1.224710464,-0.813548684,-0.002201897,0.000000000,0.000000000,0.000000000,0.000000000,0.000000000,0.000000000,0.000000000,0.000000000,0.000000000,0.000000000,0.000000000,0.000000000,0.000000000,0.000000000,0.000000000,0.000000000,0.000000000,0.000000000,0.004948169,-0.005058289,0.037800312,0.027948380,-0.009980559,0.021641594,0.005062249,-0.003547206,0.011826681,-0.028789520,-0.010057856,0.019031376
0.659410715,0.619161606,0.627982140,1.557589531,0.011313438,0.131348610,0.027803421,-0.034240723,0.112611771,-0.028869629,-0.004699707,-0.013595581,-0.017623901,0.619161606,0.627982140,1.557589531,0.011313438,0.131348610,0.027803421,-0.000019580,-16.537860870,6.888527870,1.224709868,-0.813548565,-0.002202483,0.007003784,-16.533763885,6.944486618,1.297277451,-0.797894478,-0.000213623,-0.000019580,-16.537860870,6.888527870,1.224709868,-0.813548565,-0.002202483,0.000000000,0.000000000,0.000000000,0.000000000,0.000000000,0.000000000,0.000000000,0.000000000,0.000000000,0.000000000,0.000000000,0.000000000,0.000000000,0.000000000,0.000000000,0.000000000,0.000000000,0.000000000,0.007023364,0.004096985,0.055958748,0.072567582,0.015654087,0.001988860,0.007030916,0.005524365,0.029537578,0.015593418,0.015344301,-0.000612084
0.669378757,0.619161606,0.627982140,1.557589531,0.011313438,0.131348610,0.027803421,0.046325684,-0.046693802,0.126892090,-0.040954590,-0.009567261,0.011581421,0.619161606,0.627982140,1.557589531,0.011313438,0.131348610,0.027803421,-0.000019580,-16.537860870,6.888527870,1.224709868,-0.813548565,-0.002202483,-0.007522583,-16.566722870,6.919584274,1.291570663,-0.814984322,0.011322021,-0.000019580,-16.537860870,6.888527870,1.224709868,-0.813548565,-0.002202483,0.000000000,0.000000000,0.000000000,0.000000000,0.000000000,0.000000000,0.000000000,0.000000000,0.000000000,0.000000000,0.000000000,0.000000000,0.000000000,0.000000000,0.000000000,0.000000000,0.000000000,0.000000000,-0.007503003,-0.028862000,0.031056404,0.066860795,-0.001435757,0.013524505,-0.007385224,-0.027031169,0.004567069,0.009741240,-0.001719873,0.010762920
0.679352283,0.619161606,0.627982140,1.557589531,0.011313438,0.131348610,0.027803421,-0.038269043,-0.008850098,0.044982910,0.059753418,-0.069995880,0.016616821,0.619161606,0.627982140,1.557589531,0.011313438,0.131348610,0.027420044,-0.000019580,-16.537860870,6.888528347,1.224710464,-0.813548684,-0.002201897,-0.001296997,-16.524608612,6.907651901,1.357976913,-0.807293892,-0.007904053,-0.000019580,-16.537860870,6.888528347,1.224710464,-0.813548684,-0.002201897,0.000000000,0.000000000,0.000000000,0.000000000,0.000000000,0.000000000,0.000000000,0.000000000,0.000000000,0.000000000,0.000000000,0.000000000,0.000000000,0.000000000,0.000000000,0.000000000,0.000000000,0.000000000,-0.001277417,0.013252258,0.019123554,0.133266449,0.006254792,-0.005702156,-0.001142832,0.014864493,-0.007259030,0.075043315,0.005884145,-0.008341078
0.689377546,0.619161606,0.627982140,1.557589531,0.011313438,0.131348610,0.027803421,0.022155762,0.035705566,0.003356934,0.271915436,0.024673462,-0.022659302,0.619161606,0.627982140,1.557589531,0.011313438,0.131348610,0.027420044,-0.000019580,-16.537860870,6.888528347,1.224710464,-0.813548684,-0.002201897,0.001815796,-16.548412323,6.921140671,1.317510605,-0.811139107,-0.003204346,-0.000019580,-16.537860870,6.888528347,1.224710464,-0.813548684,-0.002201897,0.000000000,0.000000000,0.000000000,0.000000000,0.000000000,0.000000000,0.000000000,0.000000000,0.000000000,0.000000000,0.000000000,0.000000000,0.000000000,0.000000000,0.000000000,0.000000000,0.000000000,0.000000000,0.001835376,-0.010551453,0.032612324,0.092800140,0.002409577,-0.001002449,0.001941819,-0.008811515,0.006140743,0.034083050,0.002009802,-0.003589351
0.699382544,0.619161606,0.627982140,1.557589531,0.011313438,0.131348610,0.027803421,0.100036621,-0.088197708,0.036926270,0.012756348,0.052871704,0.031723022,0.619161606,0.627982140,1.557589531,0.011313438,0.131348610,0.027803421,-0.000019580,-16.537860870,6.888527870,1.224709868,-0.813548565,-0.002202483,-0.000259399,-16.524608612,6.937223434,1.287939072,-0.794049263,-0.008331299,-0.000019580,-16.537860870,6.888527870,1.224709868,-0.813548565,-0.002202483,0.000000000,0.000000000,0.000000000,0.000000000,0.000000000,0.000000000,0.000000000,0.000000000,0.000000000,0.000000000,0.000000000,0.000000000,0.000000000,0.000000000,0.000000000,0.000000000,0.000000000,0.000000000,-0.000239819,0.013252258,0.048695564,0.063229203,0.019499302,-0.006128815,-0.000131498,0.014781039,0.021910970,0.004448562,0.018830519,-0.008592961
0.709411383,0.619161606,0.627982140,1.557589531,0.011313438,0.131348610,0.027420044,0.065124512,-0.011901855,-0.065124512,0.102722168,0.005538940,-0.043807983,0.619161606,0.627982140,1.557589531,0.011313438,0.131348610,0.027420044,-0.000019580,-16.537860870,6.888528347,1.224710464,-0.813548684,-0.002201897,-0.026718140,-16.524608612,6.925809860,1.296758652,-0.800030708,-0.007049561,-0.000019580,-16.537860870,6.888528347,1.224710464,-0.813548684,-0.002201897,0.000000000,0.000000000,0.000000000,0.000000000,0.000000000,0.000000000,0.000000000,0.000000000,0.000000000,0.000000000,0.000000000,0.000000000,0.000000000,0.000000000,0.000000000,0.000000000,0.000000000,0.000000000,-0.026698560,0.013252258,0.037281513,0.072048187,0.013517976,-0.004847664,-0.026220929,0.014575746,0.010351128,0.013083274,0.012670732,-0.007210256
0.719469786,0.619161606,0.627982140,1.557206154,0.011313438,0.131348610,0.027420044,-0.014099121,0.007019043,-0.035583496,0.015441895,-0.001510620,0.006546021,0.619161606,0.627982140,1.557589531,0.011313438,0.131348610,0.027803421,-0.000019580,-16.537860870,6.888527870,1.224709868,-0.813548565,-0.002202483,-0.011154175,-16.577709198,6.902463913,1.267705917,-0.797467232,-0.001495361,-0.000019580,-16.537860870,6.888527870,1.224709868,-0.813548565,-0.002202483,0.000000000,0.000000000,0.000000000,0.000000000,0.000000000,0.000000000,0.000000000,0.000000000,0.000000000,0.000000000,0.000000000,0.000000000,0.000000000,0.000000000,0.000000000,0.000000000,0.000000000,0.000000000,-0.011134595,-0.039848328,0.013936043,0.042996049,0.016081333,0.000707122,-0.010510979,-0.037997102,-0.012816338,-0.015750113,0.015025403,-0.001632793
0.729381323,0.619161606,0.627982140,1.557589531,0.011313438,0.131348610,0.027803421,-0.117496490,-0.007019043,-0.073181152,-0.051696777,-0.040786743,0.001510620,0.619161606,0.627982140,1.557589531,0.011313438,0.130965233,0.027803421,-0.000019580,-16.538076401,6.888732433,1.224937201,-0.813589752,-0.002202593,-0.003890991,-16.524608612,6.896238327,1.270299911,-0.837201118,0.006622314,-0.000019580,-16.538076401,6.888732433,1.224937201,-0.813589752,-0.002202593,0.000000000,0.000000000,0.000000000,0.000000000,0.000000000,0.000000000,0.000000000,0.000000000,0.000000000,0.000000000,0.000000000,0.000000000,0.000000000,0.000000000,0.000000000,0.000000000,0.000000000,0.000000000,-0.003871411,0.013467789,0.007505894,0.045362711,-0.023611367,0.008824907,-0.003203906,0.015112001,-0.018986399,-0.013202593,-0.024333955,0.006397357
0.739381075,0.619161606,0.627982140,1.557589531,0.011313438,0.131348610,0.027803421,0.034240723,0.013732910,0.062438965,-0.028869629,0.011581421,0.062942505,0.619161606,0.627982140,1.557589531,0.011313438,0.131348610,0.027803421,-0.000019580,-16.537860870,6.888527870,1.224709868,-0.813548565,-0.002202483,0.000259399,-16.552074432,6.893125534,1.299352646,-0.814129829,0.002349854,-0.000019580,-16.537860870,6.888527870,1.224709868,-0.813548565,-0.002202483,0.000000000,0.000000000,0.000000000,0.000000000,0.000000000,0.000000000,0.000000000,0.000000000,0.000000000,0.000000000,0.000000000,0.000000000,0.000000000,0.000000000,0.000000000,0.000000000,0.000000000,0.000000000,0.000278979,-0.014213562,0.004597664,0.074642777,-0.000581264,0.004552337,0.000933865,-0.012401759,-0.021602701,0.015863107,-0.001286468,0.002096456
0.749377489,0.619161606,0.627982140,1.557589531,0.011313438,0.131348610,0.027803421,-0.128238678,0.009460449,-0.019470215,0.026184082,0.015609741,0.008560181,0.619161606,0.627982140,1.557589531,0.011313438,0.130965233,0.027803421,-0.000019580,-16.538076401,6.888732433,1.224937201,-0.813589752,-0.002202593,0.008041382,-16.552074432,6.919065475,1.292608261,-0.809857368,-0.019012451,-0.000019580,-16.538076401,6.888732433,1.224937201,-0.813589752,-0.002202593,0.000000000,0.000000000,0.000000000,0.000000000,0.000000000,0.000000000,0.000000000,0.000000000,0.000000000,0.000000000,0.000000000,0.000000000,0.000000000,0.000000000,0.000000000,0.000000000,0.000000000,0.000000000,0.008060962,-0.013998032,0.030333042,0.067671061,0.003732383,-0.016809859,0.008601165,-0.012025883,0.004078300,0.008774398,0.002987349,-0.019012243
0.759377003,0.619161606,0.627982140,1.557589531,0.011313438,0.131348610,0.027803421,-0.100040436,-0.011901855,0.082580566,0.004699707,-0.029708862,-0.036758423,0.619161606,0.627982140,1.557589531,0.011313438,0.131348610,0.027803421,-0.000019580,-16.537860870,6.888527870,1.224709868,-0.813548565,-0.002202483,-0.009597778,-16.542919159,6.911283493,1.284307480,-0.802166939,0.002349854,-0.000019580,-16.537860870,6.888527870,1.224709868,-0.813548565,-0.002202483,0.000000000,0.000000000,0.000000000,0.000000000,0.000000000,0.000000000,0.000000000,0.000000000,0.000000000,0.000000000,0.000000000,0.000000000,0.000000000,0.000000000,0.000000000,0.000000000,0.000000000,0.000000000,-0.009578198,-0.005058289,0.022755623,0.059597611,0.011381626,0.004552337,-0.008920619,-0.003046061,-0.003453676,0.000691846,0.010498454,0.002319434
0.769376755,0.619161606,0.627982140,1.557589531,0.011313438,0.131348610,0.027803421,0.093322754,0.073547363,-0.040954590,-0.054382324,-0.032730103,0.044815063,0.619161606,0.627982140,1.557589531,0.011313438,0.130965233,0.027803421,-0.000019580,-16.538076401,6.888732433,1.224937201,-0.813589752,-0.002202593,0.025680542,-16.526439667,6.912839890,1.274969101,-0.845318794,0.024993896,-0.000019580,-16.538076401,6.888732433,1.224937201,-0.813589752,-0.002202593,0.000000000,0.000000000,0.000000000,0.000000000,0.000000000,0.000000000,0.000000000,0.000000000,0.000000000,0.000000000,0.000000000,0.000000000,0.000000000,0.000000000,0.000000000,0.000000000,0.000000000,0.000000000,0.025700122,0.011636734,0.024107456,0.050031900,-0.031729043,0.027196489,0.026019783,0.013473975,-0.002074896,-0.008760098,-0.032194109,0.024643540
0.779435158,0.618778229,0.627982140,1.557589531,0.011313438,0.131348610,0.027803421,-0.062438965,-0.008239746,-0.075866699,-0.094669342,0.010574341,0.044815063,0.619161606,0.627982140,1.557589531,0.011313438,0.131348610,0.027803421,-0.000019580,-16.537860870,6.888527870,1.224709868,-0.813548565,-0.002202483,0.030349731,-16.498970032,6.951749802,1.227237701,-0.820965767,-0.021148682,-0.000019580,-16.537860870,6.888527870,1.224709868,-0.813548565,-0.002202483,0.000000000,0.000000000,0.000000000,0.000000000,0.000000000,0.000000000,0.000000000,0.000000000,0.000000000,0.000000000,0.000000000,0.000000000,0.000000000,0.000000000,0.000000000,0.000000000,0.000000000,0.000000000,0.030369311,0.038890839,0.063221931,0.002527833,-0.007417202,-0.018946198,0.030300504,0.040212535,0.036570724,-0.055551960,-0.007782493,-0.021227006
0.789383888,0.619161606,0.627982140,1.557589531,0.011313438,0.131348610,0.027420044,-0.055725098,0.044860840,-0.081237793,-0.012756348,0.029708862,-0.034744263,0.619161606,0.627982140,1.557589531,0.011313438,0.131348610,0.027420044,-0.000019580,-16.537860870,6.888528347,1.224710464,-0.813548684,-0.002201897,0.012191772,-16.546581268,6.910245895,1.285345078,-0.807293892,-0.004913330,-0.000019580,-16.537860870,6.888528347,1.224710464,-0.813548684,-0.002201897,0.000000000,0.000000000,0.000000000,0.000000000,0.000000000,0.000000000,0.000000000,0.000000000,0.000000000,0.000000000,0.000000000,0.000000000,0.000000000,0.000000000,0.000000000,0.000000000,0.000000000,0.000000000,0.012211353,-0.008720398,0.021717548,0.060634613,0.006254792,-0.002711433,0.011990763,-0.007306218,-0.004871988,0.002522884,0.005815882,-0.004929838
0.799493313,0.619161606,0.627982140,1.557589531,0.011313438,0.131348610,0.027803421,0.180606842,-0.069276810,0.022155762,0.129577637,-0.049850464,-0.018630981,0.619161606,0.627982140,1.557589531,0.011313438,0.131348610,0.027803421,-0.000019580,-16.537860870,6.888527870,1.224709868,-0.813548565,-0.002202483,-0.009078979,-16.546581268,6.926328659,1.292089462,-0.806439400,0.006622314,-0.000019580,-16.537860870,6.888527870,1.224709868,-0.813548565,-0.002202483,0.000000000,0.000000000,0.000000000,0.000000000,0.000000000,0.000000000,0.000000000,0.000000000,0.000000000,0.000000000,0.000000000,0.000000000,0.000000000,0.000000000,0.000000000,0.000000000,0.000000000,0.000000000,-0.009059399,-0.008720398,0.037800789,0.067379594,0.007109165,0.008824798,-0.009165421,-0.007216018,0.011072842,0.009153447,0.006587906,0.006524833
0.809378147,0.619161606,0.627982140,1.557589531,0.011313438,0.131348610,0.027803421,0.143005371,0.018005371,0.022155762,0.036926270,-0.011581421,-0.001510620,0.619161606,0.627982140,1.557589531,0.011313438,0.130965233,0.027803421,-0.000019580,-16.538076401,6.888732433,1.224937201,-0.813589752,-0.002202593,0.004409790,-16.500801086,6.900907516,1.274450302,-0.827801704,-0.003204346,-0.000019580,-16.538076401,6.888732433,1.224937201,-0.813589752,-0.002202593,0.000000000,0.000000000,0.000000000,0.000000000,0.000000000,0.000000000,0.000000000,0.000000000,0.000000000,0.000000000,0.000000000,0.000000000,0.000000000,0.000000000,0.000000000,0.000000000,0.000000000,0.000000000,0.004429370,0.037275314,0.012175083,0.049513102,-0.014211953,-0.001001753,0.004270625,0.038306771,-0.014375390,-0.008606789,-0.014553538,-0.003261453
0.819382429,0.619161606,0.627982140,1.557589531,0.011313438,0.131348610,0.027803421,-0.032897949,-0.085756302,0.015441895,-0.140323639,0.077041626,0.000503540,0.619161606,0.627982140,1.557589531,0.011313438,0.131348610,0.027420044,-0.000019580,-16.537860870,6.888528347,1.224710464,-0.813548684,-0.002201897,-0.008041382,-16.555736542,6.945524216,1.318029404,-0.810711861,0.007049561,-0.000019580,-16.537860870,6.888528347,1.224710464,-0.813548684,-0.002201897,0.000000000,0.000000000,0.000000000,0.000000000,0.000000000,0.000000000,0.000000000,0.000000000,0.000000000,0.000000000,0.000000000,0.000000000,0.000000000,0.000000000,0.000000000,0.000000000,0.000000000,0.000000000,-0.008021802,-0.017875671,0.056995869,0.093318939,0.002836823,0.009251457,-0.008081986,-0.016641272,0.030078583,0.034774964,0.002465175,0.006907519
0.829419374,0.619161606,0.627982140,1.557589531,0.011313438,0.131348610,0.027803421,0.101379395,-0.061952591,0.130920410,0.000671387,-0.028701782,-0.001510620,0.619161606,0.627982140,1.557589531,0.011313438,0.131348610,0.027803421,-0.000019580,-16.537860870,6.888527870,1.224709868,-0.813548565,-0.002202483,0.018417358,-16.539257050,6.924253464,1.311803818,-0.801312447,0.005767822,-0.000019580,-16.537860870,6.888527870,1.224709868,-0.813548565,-0.002202483,0.000000000,0.000000000,0.000000000,0.000000000,0.000000000,0.000000000,0.000000000,0.000000000,0.000000000,0.000000000,0.000000000,0.000000000,0.000000000,0.000000000,0.000000000,0.000000000,0.000000000,0.000000000,0.018436938,-0.001396179,0.035725594,0.087093949,0.012236118,0.007970306,0.018157983,-0.000159854,0.008703448,0.028210094,0.011723226,0.005559387
0.839411974,0.619161606,0.627982140,1.557589531,0.011313438,0.131348610,0.027803421,-0.032897949,-0.089418411,-0.057067871,-0.082580566,-0.034744263,0.042800903,0.619161606,0.627982140,1.557589531,0.011313438,0.131348610,0.027420044,-0.000019580,-16.537860870,6.888528347,1.224710464,-0.813548684,-0.002201897,0.002853394,-16.537425995,6.910245895,1.287939072,-0.837628365,0.001068115,-0.000019580,-16.537860870,6.888528347,1.224710464,-0.813548684,-0.002201897,0.000000000,0.000000000,0.000000000,0.000000000,0.000000000,0.000000000,0.000000000,0.000000000,0.000000000,0.000000000,0.000000000,0.000000000,0.000000000,0.000000000,0.000000000,0.000000000,0.000000000,0.000000000,0.002872974,0.000434875,0.021717548,0.063228607,-0.024079680,0.003270012,0.002563500,0.001651540,-0.005242191,0.004293637,-0.024303248,0.000848986
0.849422455,0.619161606,0.627982140,1.557589531,0.011313438,0.131348610,0.027420044,-0.015441895,-0.046693802,-0.159122467,0.113464355,-0.021652222,-0.046829224,0.619161606,0.627982140,1.557589531,0.011313438,0.130965233,0.027803421,-0.000019580,-16.538076401,6.888732433,1.224937201,-0.813589752,-0.002202593,-0.028793335,-16.533763885,6.920103073,1.267187119,-0.795758247,-0.007049561,-0.000019580,-16.538076401,6.888732433,1.224937201,-0.813589752,-0.002202593,0.000000000,0.000000000,0.000000000,0.000000000,0.000000000,0.000000000,0.000000000,0.000000000,0.000000000,0.000000000,0.000000000,0.000000000,0.000000000,0.000000000,0.000000000,0.000000000,0.000000000,0.000000000,-0.028773755,0.004312515,0.031370640,0.042249918,0.017831504,-0.004846968,-0.028745051,0.005464887,0.004359611,-0.016491040,0.017403193,-0.007183482
0.859412432,0.619161606,0.627982140,1.557589531,0.011313438,0.131348610,0.027803421,0.015441895,-0.075380325,0.015441895,0.007385254,0.025680542,0.024673462,0.619161606,0.627982140,1.557972908,0.011313438,0.131348610,0.027420044,-0.000019584,-16.539991379,6.890546799,1.225115657,-0.813775957,-0.002202478,0.013229370,-16.563060760,6.915433884,1.341894150,-0.823956490,-0.001068115,-0.000019584,-16.539991379,6.890546799,1.225115657,-0.813775957,-0.002202478,0.000000000,0.000000000,0.000000000,0.000000000,0.000000000,0.000000000,0.000000000,0.000000000,0.000000000,0.000000000,0.000000000,0.000000000,0.000000000,0.000000000,0.000000000,0.000000000,0.000000000,0.000000000,0.013248954,-0.023069382,0.024887085,0.116778493,-0.010180533,0.001134363,0.013125041,-0.021665091,-0.002099530,0.057370437,-0.010486904,-0.001188334
0.869411230,0.619161606,0.627982140,1.557589531,0.011313438,0.131348610,0.027420044,-0.015441895,0.080873489,-0.047668457,0.078552246,0.004531860,-0.011581421,0.619161606,0.627982140,1.557972908,0.011313438,0.131348610,0.027803421,-0.000019584,-16.539991379,6.890546322,1.225115061,-0.813775837,-0.002203064,-0.000259399,-16.535594940,6.928922653,1.264593124,-0.791912079,0.001922607,-0.000019584,-16.539991379,6.890546322,1.225115061,-0.813775837,-0.002203064,0.000000000,0.000000000,0.000000000,0.000000000,0.000000000,0.000000000,0.000000000,0.000000000,0.000000000,0.000000000,0.000000000,0.000000000,0.000000000,0.000000000,0.000000000,0.000000000,0.000000000,0.000000000,-0.000239816,0.004396439,0.038376331,0.039478064,0.021863759,0.004125671,-0.000359596,0.005734812,0.011260287,-0.019703516,0.021312418,0.001782487
0.879464388,0.619161606,0.627598763,1.557589531,0.011696815,0.131348610,0.027420044,-0.036926270,-0.074159622,0.130920410,0.105407715,0.017623901,-0.000503540,0.619161606,0.627982140,1.557589531,0.011313438,0.130965233,0.027803421,-0.000019580,-16.538076401,6.888732433,1.224937201,-0.813589752,-0.002202593,-0.003372192,-16.564891815,6.904539108,1.284826279,-0.841046333,-0.021148682,-0.000019580,-16.538076401,6.888732433,1.224937201,-0.813589752,-0.002202593,0.000000000,0.000000000,0.000000000,0.000000000,0.000000000,0.000000000,0.000000000,0.000000000,0.000000000,0.000000000,0.000000000,0.000000000,0.000000000,0.000000000,0.000000000,0.000000000,0.000000000,0.000000000,-0.003352612,-0.026815414,0.015806675,0.059889078,-0.027456582,-0.018946089,-0.003433376,-0.025190782,-0.011182297,0.000699550,-0.027693227,-0.021050069
0.889413595,0.619161606,0.627982140,1.557589531,0.011313438,0.131348610,0.027420044,0.168518066,0.027160645,-0.007385254,-0.035583496,0.036758423,-0.029708862,0.619161606,0.627598763,1.557589531,0.011313438,0.131348610,0.027803421,-0.000019576,-16.535097122,6.890546322,1.225115061,-0.813775837,-0.002203064,0.001815796,-16.520942688,6.911283493,1.295202255,-0.788066864,-0.001495361,-0.000019576,-16.535097122,6.890546322,1.225115061,-0.813775837,-0.002203064,0.000000000,0.000000000,0.000000000,0.000000000,0.000000000,0.000000000,0.000000000,0.000000000,0.000000000,0.000000000,0.000000000,0.000000000,0.000000000,0.000000000,0.000000000,0.000000000,0.000000000,0.000000000,0.001835371,0.014154434,0.020737171,0.070087194,0.025708973,0.000707703,0.001735112,0.015603744,-0.006182337,0.010776581,0.025189302,-0.001380763
0.899412632,0.619161606,0.627982140,1.557589531,0.011313438,0.131348610,0.027803421,0.050354004,-0.074769974,-0.144351959,-0.014099121,0.041793823,0.016616821,0.619161606,0.627982140,1.557972908,0.011313438,0.131348610,0.027803421,-0.000019584,-16.539991379,6.890546322,1.225115061,-0.813775837,-0.002203064,-0.008041382,-16.537425995,6.930997849,1.276525497,-0.822674751,-0.011322021,-0.000019584,-16.539991379,6.890546322,1.225115061,-0.813775837,-0.002203064,0.000000000,0.000000000,0.000000000,0.000000000,0.000000000,0.000000000,0.000000000,0.000000000,0.000000000,0.000000000,0.000000000,0.000000000,0.000000000,0.000000000,0.000000000,0.000000000,0.000000000,0.000000000,-0.008021798,0.002565384,0.040451527,0.051410437,-0.008898914,-0.009118957,-0.008032805,0.003970576,0.013383315,-0.007813362,-0.009315084,-0.011084264
0.909380913,0.619161606,0.627982140,1.557589531,0.011313438,0.131348610,0.027803421,0.030212402,-0.021667480,0.018127441,-0.042297363,-0.039779663,-0.051864624,0.619161606,0.627598763,1.557589531,0.011313438,0.130965233,0.027420044,-0.000019576,-16.535314560,6.890751362,1.225342989,-0.813817143,-0.002202587,0.006484985,-16.568553925,6.899351120,1.295721054,-0.796185493,0.007476807,-0.000019576,-16.535314560,6.890751362,1.225342989,-0.813817143,-0.002202587,0.000000000,0.000000000,0.000000000,0.000000000,0.000000000,0.000000000,0.000000000,0.000000000,0.000000000,0.000000000,0.000000000,0.000000000,0.000000000,0.000000000,0.000000000,0.000000000,0.000000000,0.000000000,0.006504561,-0.033239365,0.008599758,0.070378065,0.017631650,0.009679394,0.006422973,-0.031488149,-0.018267709,0.011033024,0.017028355,0.007630238
0.919413090,0.619161606,0.627982140,1.557589531,0.011313438,0.131348610,0.027803421,0.063781738,0.016174316,-0.032897949,-0.070495605,-0.038772583,-0.031723022,0.619161606,0.627982140,1.557589531,0.011313438,0.131348610,0.027803421,-0.000019580,-16.537860870,6.888527870,1.224709868,-0.813548565,-0.002202483,0.014785767,-16.500801086,6.905057907,1.289495468,-0.809857368,0.019866943,-0.000019580,-16.537860870,6.888527870,1.224709868,-0.813548565,-0.002202483,0.000000000,0.000000000,0.000000000,0.000000000,0.000000000,0.000000000,0.000000000,0.000000000,0.000000000,0.000000000,0.000000000,0.000000000,0.000000000,0.000000000,0.000000000,0.000000000,0.000000000,0.000000000,0.014805347,0.037059784,0.016530037,0.064785600,0.003691196,0.022069427,0.014565438,0.038393677,-0.010226275,0.005382058,0.003054698,0.019804999
0.929377794,0.619161606,0.627982140,1.557589531,0.011313438,0.131348610,0.027803421,0.066467285,-0.076601028,0.010070801,-0.000671387,0.083084106,0.002517700,0.619161606,0.627982140,1.557589531,0.011313438,0.131348610,0.027803421,-0.000019580,-16.537860870,6.888527870,1.224709868,-0.813548565,-0.002202483,-0.020492554,-16.530101776,6.915433884,1.276525497,-0.811566353,-0.005767822,-0.000019580,-16.537860870,6.888527870,1.224709868,-0.813548565,-0.002202483,0.000000000,0.000000000,0.000000000,0.000000000,0.000000000,0.000000000,0.000000000,0.000000000,0.000000000,0.000000000,0.000000000,0.000000000,0.000000000,0.000000000,0.000000000,0.000000000,0.000000000,0.000000000,-0.020472974,0.007759094,0.026906013,0.051815629,0.001982212,-0.003565339,-0.020492532,0.008996253,0.000148109,-0.007507190,0.001331398,-0.005767747
0.939411879,0.619161606,0.627982140,1.557589531,0.011313438,0.131348610,0.027420044,0.002014160,0.025329590,0.040954590,0.032897949,0.002517700,-0.043807983,0.619161606,0.627982140,1.557589531,0.011313438,0.131348610,0.027803421,-0.000019580,-16.537860870,6.888527870,1.224709868,-0.813548565,-0.002202483,-0.006484985,-16.535594940,6.919584274,1.279119492,-0.785076141,-0.010040283,-0.000019580,-16.537860870,6.888527870,1.224709868,-0.813548565,-0.002202483,0.000000000,0.000000000,0.000000000,0.000000000,0.000000000,0.000000000,0.000000000,0.000000000,0.000000000,0.000000000,0.000000000,0.000000000,0.000000000,0.000000000,0.000000000,0.000000000,0.000000000,0.000000000,-0.006465405,0.002265930,0.031056404,0.054409623,0.028472424,-0.007837800,-0.006416701,0.003466215,0.004253252,-0.004861478,0.027528750,-0.009934522
0.949380875,0.619161606,0.627982140,1.557589531,0.011313438,0.131348610,0.027420044,-0.163150787,0.005187988,0.140319824,-0.143009186,0.094161987,-0.007553101,0.618778229,0.627982140,1.557589531,0.011313438,0.131348610,0.027803421,-0.000019564,-16.537860870,6.888527870,1.224709868,-0.813548565,-0.002202483,-0.003890991,-16.550243378,6.904020309,1.268743515,-0.797894478,-0.009613037,-0.000019564,-16.537860870,6.888527870,1.224709868,-0.813548565,-0.002202483,0.000000000,0.000000000,0.000000000,0.000000000,0.000000000,0.000000000,0.000000000,0.000000000,0.000000000,0.000000000,0.000000000,0.000000000,0.000000000,0.000000000,0.000000000,0.000000000,0.000000000,0.000000000,-0.003871428,-0.012382507,0.015492439,0.044033647,0.015654087,-0.007410554,-0.003782903,-0.011065741,-0.011192893,-0.015078731,0.014557180,-0.009408242
0.959434271,0.619161606,0.627982140,1.557589531,0.011313438,0.130965233,0.027803421,0.022155762,0.000915527,0.040954590,0.026184082,-0.061935425,0.023666382,0.619161606,0.627982140,1.557589531,0.011313438,0.131348610,0.027803421,-0.000019580,-16.537860870,6.888527870,1.224709868,-0.813548565,-0.002202483,0.001815796,-16.550243378,6.910764694,1.305578232,-0.825665474,-0.000640869,-0.000019580,-16.537860870,6.888527870,1.224709868,-0.813548565,-0.002202483,0.000000000,0.000000000,0.000000000,0.000000000,0.000000000,0.000000000,0.000000000,0.000000000,0.000000000,0.000000000,0.000000000,0.000000000,0.000000000,0.000000000,0.000000000,0.000000000,0.000000000,0.000000000,0.001835376,-0.012382507,0.022236824,0.080868363,-0.012116909,0.001561614,0.001904066,-0.010951662,-0.004402647,0.021531697,-0.013077591,-0.000431578
0.969378471,0.619161606,0.627982140,1.557589531,0.011313438,0.130965233,0.027803421,-0.002014160,-0.006408691,-0.097354889,0.024841309,-0.052871704,-0.004531860,0.619161606,0.627982140,1.557589531,0.011313438,0.131348610,0.027803421,-0.000019580,-16.537860870,6.888527870,1.224709868,-0.813548565,-0.002202483,-0.014785767,-16.511787415,6.920621872,1.306615829,-0.797467232,-0.021575928,-0.000019580,-16.537860870,6.888527870,1.224709868,-0.813548565,-0.002202483,0.000000000,0.000000000,0.000000000,0.000000000,0.000000000,0.000000000,0.000000000,0.000000000,0.000000000,0.000000000,0.000000000,0.000000000,0.000000000,0.000000000,0.000000000,0.000000000,0.000000000,0.000000000,-0.014766187,0.026073456,0.032094002,0.081905961,0.016081333,-0.019373444,-0.014547522,0.027223645,0.005398872,0.022338996,0.014966359,-0.021148610
0.979378939,0.618778229,0.627982140,1.557589531,0.011313438,0.131348610,0.027803421,-0.120182037,0.071105957,-0.010070801,-0.083923340,0.036758423,0.043807983,0.619161606,0.627982140,1.557589531,0.011313438,0.130965233,0.027803421,-0.000019580,-16.538076401,6.888732433,1.224937201,-0.813589752,-0.002202593,-0.030349731,-16.542919159,6.896238327,1.294164658,-0.842328072,0.001922607,-0.000019580,-16.538076401,6.888732433,1.224937201,-0.813589752,-0.002202593,0.000000000,0.000000000,0.000000000,0.000000000,0.000000000,0.000000000,0.000000000,0.000000000,0.000000000,0.000000000,0.000000000,0.000000000,0.000000000,0.000000000,0.000000000,0.000000000,0.000000000,0.000000000,-0.030330151,-0.004842758,0.007505894,0.069227457,-0.028738320,0.004125200,-0.029807330,-0.003655270,-0.018995405,0.009562911,-0.029551746,0.002326297
0.989381552,0.619161606,0.627982140,1.557589531,0.011313438,0.131348610,0.027803421,0.018127441,-0.008239746,-0.066467285,-0.035583496,0.037765503,-0.007553101,0.619161606,0.627982140,1.557589531,0.011313438,0.131348610,0.027803421,-0.000019580,-16.537860870,6.888527870,1.224709868,-0.813548565,-0.002202483,-0.011672974,-16.487983704,6.914915085,1.327886581,-0.791912079,0.008758545,-0.000019580,-16.537860870,6.888527870,1.224709868,-0.813548565,-0.002202483,0.000000000,0.000000000,0.000000000,0.000000000,0.000000000,0.000000000,0.000000000,0.000000000,0.000000000,0.000000000,0.000000000,0.000000000,0.000000000,0.000000000,0.000000000,0.000000000,0.000000000,0.000000000,-0.011653394,0.049877167,0.026387215,0.103176713,0.021636486,0.010961028,-0.011019267,0.050554008,-0.000112944,0.043077046,0.020614830,0.009070504
0.999379158,0.619161606,0.627982140,1.557589531,0.011313438,0.131348610,0.027803421,0.038269043,-0.019836426,-0.061096191,-0.016784668,0.051864624,0.040786743,0.619161606,0.627982140,1.557589531,0.011313438,0.130965233,0.027803421,-0.000019580,-16.538076401,6.888732433,1.224937201,-0.813589752,-0.002202593,0.004409790,-16.575878143,6.907133102,1.270299911,-0.811139107,-0.005340576,-0.000019580,-16.538076401,6.888732433,1.224937201,-0.813589752,-0.002202593,0.000000000,0.000000000,0.000000000,0.000000000,0.000000000,0.000000000,0.000000000,0.000000000,0.000000000,0.000000000,0.000000000,0.000000000,0.000000000,0.000000000,0.000000000,0.000000000,0.000000000,0.000000000,0.004429370,-0.037801743,0.018400669,0.045362711,0.002450645,-0.003137984,0.005013364,-0.036757328,-0.008019296,-0.014591046,0.001414840,-0.004978721
1.009379148,0.619161606,0.627982140,1.557589531,0.011313438,0.130965233,0.027803421,0.057067871,-0.082094193,-0.054382324,-0.120182037,0.010574341,-0.002517700,0.619161606,0.627982140,1.557589531,0.011313438,0.130965233,0.027803421,-0.000019580,-16.538076401,6.888732433,1.224937201,-0.813589752,-0.002202593,0.025680542,-16.586864471,6.908170700,1.245395660,-0.798748970,0.003204346,-0.000019580,-16.538076401,6.888732433,1.224937201,-0.813589752,-0.002202593,0.000000000,0.000000000,0.000000000,0.000000000,0.000000000,0.000000000,0.000000000,0.000000000,0.000000000,0.000000000,0.000000000,0.000000000,0.000000000,0.000000000,0.000000000,0.000000000,0.000000000,0.000000000,0.025700122,-0.048788071,0.019438267,0.020458460,0.014840782,0.005406938,0.026026428,-0.047275581,-0.006913251,-0.039108088,0.013669634,0.003531238
1.019382954,0.619161606,0.627982140,1.557589531,0.011313438,0.131348610,0.027803421,0.007385254,-0.047304153,-0.061096191,-0.046325684,0.035751343,0.020645142,0.619161606,0.627982140,1.557589531,0.011313438,0.131348610,0.027803421,-0.000019580,-16.537860870,6.888527870,1.224709868,-0.813548565,-0.002202483,-0.019973755,-16.511787415,6.911802292,1.287939072,-0.806866646,-0.004486084,-0.000019580,-16.537860870,6.888527870,1.224709868,-0.813548565,-0.002202483,0.000000000,0.000000000,0.000000000,0.000000000,0.000000000,0.000000000,0.000000000,0.000000000,0.000000000,0.000000000,0.000000000,0.000000000,0.000000000,0.000000000,0.000000000,0.000000000,0.000000000,0.000000000,-0.019954175,0.026073456,0.023274422,0.063229203,0.006681919,-0.002283601,-0.019437307,0.027318121,-0.003047221,0.003627095,0.005457269,-0.004118919
1.029380798,0.619161606,0.627982140,1.557589531,0.011313438,0.131348610,0.027803421,0.022155762,0.026550293,0.074523926,-0.049011230,-0.087116241,-0.020645142,0.619161606,0.627982140,1.557589531,0.011313438,0.131348610,0.027803421,-0.000019580,-16.537860870,6.888527870,1.224709868,-0.813548565,-0.002202483,0.004928589,-16.506294250,6.905057907,1.264074326,-0.823529243,0.001922607,-0.000019580,-16.537860870,6.888527870,1.224709868,-0.813548565,-0.002202483,0.000000000,0.000000000,0.000000000,0.000000000,0.000000000,0.000000000,0.000000000,0.000000000,0.000000000,0.000000000,0.000000000,0.000000000,0.000000000,0.000000000,0.000000000,0.000000000,0.000000000,0.000000000,0.004948169,0.031566620,0.016530037,0.039364457,-0.009980679,0.004125091,0.005412488,0.032495792,-0.009697456,-0.020043058,-0.011097585,0.002267755
1.039413452,0.619161606,0.627982140,1.557589531,0.011313438,0.130965233,0.027803421,-0.069152832,-0.116273880,-0.054382324,0.062438965,-0.045822144,-0.009567261,0.619161606,0.627982140,1.557589531,0.011313438,0.131348610,0.027803421,-0.000019580,-16.537860870,6.888527870,1.224709868,-0.813548565,-0.002202483,0.007003784,-16.530101776,6.917509079,1.269781113,-0.802166939,-0.004486084,-0.000019580,-16.537860870,6.888527870,1.224709868,-0.813548565,-0.002202483,0.000000000,0.000000000,0.000000000,0.000000000,0.000000000,0.000000000,0.000000000,0.000000000,0.000000000,0.000000000,0.000000000,0.000000000,0.000000000,0.000000000,0.000000000,0.000000000,0.000000000,0.000000000,0.007023364,0.007759094,0.028981209,0.045071244,0.011381626,-0.002283601,0.007416372,0.008605521,0.002727490,-0.014199735,0.010166960,-0.004101499
1.049381018,0.619161606,0.627982140,1.557589531,0.011313438,0.131348610,0.027803421,0.026184082,-0.029602051,0.144348145,0.012756348,0.019638062,0.017623901,0.619161606,0.627982140,1.557589531,0.011313438,0.131348610,0.027803421,-0.000019580,-16.537860870,6.888527870,1.224709868,-0.813548565,-0.002202483,0.008560181,-16.542919159,6.915433884,1.260959625,-0.827801704,-0.010894775,-0.000019580,-16.537860870,6.888527870,1.224709868,-0.813548565,-0.002202483,0.000000000,0.000000000,0.000000000,0.000000000,0.000000000,0.000000000,0.000000000,0.000000000,0.000000000,0.000000000,0.000000000,0.000000000,0.000000000,0.000000000,0.000000000,0.000000000,0.000000000,0.000000000,0.008579761,-0.005058289,0.026906013,0.036249757,-0.014253139,-0.008692292,0.008888120,-0.004172127,0.000646141,-0.022804041,-0.015321883,-0.010411037
1.059443951,0.619161606,0.627598763,1.557589531,0.011313438,0.131348610,0.027803421,-0.008728027,-0.102235794,-0.073181152,-0.027526855,0.005538940,-0.010574341,0.619161606,0.627982140,1.557589531,0.011313438,0.131348610,0.027803421,-0.000019580,-16.537860870,6.888527870,1.224709868,-0.813548565,-0.002202483,-0.000259399,-16.530101776,6.910764694,1.267705917,-0.835492134,0.004058838,-0.000019580,-16.537860870,6.888527870,1.224709868,-0.813548565,-0.002202483,0.000000000,0.000000000,0.000000000,0.000000000,0.000000000,0.000000000,0.000000000,0.000000000,0.000000000,0.000000000,0.000000000,0.000000000,0.000000000,0.000000000,0.000000000,0.000000000,0.000000000,0.000000000,-0.000239819,0.007759094,0.022236824,0.042996049,-0.021943569,0.006261321,0.000067899,0.008564459,-0.003985450,-0.015907676,-0.022797244,0.004500122
1.069380283,0.619161606,0.627982140,1.557589531,0.011313438,0.131348610,0.027803421,0.012756348,-0.001525879,-0.143009186,0.042297363,0.014602661,-0.040786743,0.619161606,0.627982140,1.557589531,0.011313438,0.131348610,0.027803421,-0.000019580,-16.537860870,6.888527870,1.224709868,-0.813548565,-0.002202483,-0.014785767,-16.535594940,6.928403854,1.231906891,-0.832501411,0.020294189,-0.000019580,-16.537860870,6.888527870,1.224709868,-0.813548565,-0.002202483,0.000000000,0.000000000,0.000000000,0.000000000,0.000000000,0.000000000,0.000000000,0.000000000,0.000000000,0.000000000,0.000000000,0.000000000,0.000000000,0.000000000,0.000000000,0.000000000,0.000000000,0.000000000,-0.014766187,0.002265930,0.039875984,0.007197022,-0.018952847,0.022496673,-0.014324593,0.003042857,0.013527287,-0.051227937,-0.019623128,0.020543478
1.079380035,0.618778229,0.627982140,1.557589531,0.011313438,0.131348610,0.027803421,-0.173892975,0.021057129,0.018127441,-0.124210358,-0.017623901,-0.028701782,0.619161606,0.627982140,1.557589531,0.011313438,0.131348610,0.027803421,-0.000019580,-16.537860870,6.888527870,1.224709868,-0.813548565,-0.002202483,0.002334595,-16.504463196,6.918546677,1.204929352,-0.820111275,-0.002777100,-0.000019580,-16.537860870,6.888527870,1.224709868,-0.813548565,-0.002202483,0.000000000,0.000000000,0.000000000,0.000000000,0.000000000,0.000000000,0.000000000,0.000000000,0.000000000,0.000000000,0.000000000,0.000000000,0.000000000,0.000000000,0.000000000,0.000000000,0.000000000,0.000000000,0.002354175,0.033397675,0.030018806,-0.019780517,-0.006562710,-0.000574616,0.002770119,0.033861073,0.003636439,-0.077487995,-0.007166633,-0.002504620
1.089380264,0.619161606,0.627982140,1.557589531,0.011313438,0.130965233,0.027803421,0.130920410,0.093690872,-0.051696777,-0.032897949,-0.062942505,-0.037765503,0.619161606,0.627982140,1.557589531,0.011313438,0.131348610,0.027803421,-0.000019580,-16.537860870,6.888527870,1.224709868,-0.813548565,-0.002202483,-0.008560181,-16.574047089,6.913877487,1.284307480,-0.832074165,-0.010894775,-0.000019580,-16.537860870,6.888527870,1.224709868,-0.813548565,-0.002202483,0.000000000,0.000000000,0.000000000,0.000000000,0.000000000,0.000000000,0.000000000,0.000000000,0.000000000,0.000000000,0.000000000,0.000000000,0.000000000,0.000000000,0.000000000,0.000000000,0.000000000,0.000000000,-0.008540601,-0.036186218,0.025349617,0.059597611,-0.018525600,-0.008692292,-0.008050796,-0.035398067,-0.001023362,0.001872950,-0.018955619,-0.010525729
1.099379063,0.619161606,0.627982140,1.557589531,0.011313438,0.131348610,0.027803421,-0.112125397,0.082704544,-0.087955475,0.043640137,0.020645142,0.064956665,0.619161606,0.627982140,1.557589531,0.011313438,0.131348610,0.027803421,-0.000019580,-16.537860870,6.888527870,1.224709868,-0.813548565,-0.002202483,0.002853394,-16.546581268,6.910245895,1.310247421,-0.835919380,0.002349854,-0.000019580,-16.537860870,6.888527870,1.224709868,-0.813548565,-0.002202483,0.000000000,0.000000000,0.000000000,0.000000000,0.000000000,0.000000000,0.000000000,0.000000000,0.000000000,0.000000000,0.000000000,0.000000000,0.000000000,0.000000000,0.000000000,0.000000000,0.000000000,0.000000000,0.002872974,-0.008720398,0.021718025,0.085537553,-0.022370815,0.004552337,0.003332483,-0.007860785,-0.004613017,0.027562325,-0.022595421,0.002694405
1.109389782,0.619161606,0.627982140,1.557589531,0.011313438,0.131348610,0.027803421,0.016784668,0.133363724,0.050354004,0.040954590,0.020645142,0.004531860,0.619161606,0.627982140,1.557589531,0.011313438,0.130965233,0.027803421,-0.000019580,-16.538076401,6.888732433,1.224937201,-0.813589752,-0.002202593,0.024642944,-16.506294250,6.901945114,1.262517929,-0.821820259,0.013031006,-0.000019580,-16.538076401,6.888732433,1.224937201,-0.813589752,-0.002202593,0.000000000,0.000000000,0.000000000,0.000000000,0.000000000,0.000000000,0.000000000,0.000000000,0.000000000,0.000000000,0.000000000,0.000000000,0.000000000,0.000000000,0.000000000,0.000000000,0.000000000,0.000000000,0.024662525,0.031782150,0.013212681,0.037580729,-0.008230507,0.015233598,0.024897730,0.032350319,-0.013001233,-0.020212405,-0.008379621,0.013256241
1.119453669,0.619161606,0.627982140,1.557589531,0.011313438,0.131348610,0.027803421,-0.006042480,-0.089418411,-0.118839264,0.024841309,0.029708862,-0.019638062,0.619161606,0.627982140,1.557589531,0.011313438,0.131348610,0.027420044,-0.000019580,-16.537860870,6.888528347,1.224710464,-0.813548684,-0.002201897,-0.015304565,-16.548412323,6.945005417,1.229831696,-0.800457954,0.006195068,-0.000019580,-16.537860870,6.888528347,1.224710464,-0.813548684,-0.002201897,0.000000000,0.000000000,0.000000000,0.000000000,0.000000000,0.000000000,0.000000000,0.000000000,0.000000000,0.000000000,0.000000000,0.000000000,0.000000000,0.000000000,0.000000000,0.000000000,0.000000000,0.000000000,-0.015284985,-0.010551453,0.056477070,0.005121231,0.013090730,0.008396965,-0.014916596,-0.009894936,0.029995340,-0.052205780,0.012827088,0.006362797
1.129409313,0.619161606,0.627982140,1.557589531,0.011313438,0.131348610,0.027803421,0.046325684,0.061950684,-0.040954590,0.073181152,0.007553101,0.030715942,0.619161606,0.627982140,1.557589531,0.011313438,0.131348610,0.027803421,-0.000019580,-16.537860870,6.888527870,1.224709868,-0.813548565,-0.002202483,-0.007522583,-16.583202362,6.930479050,1.306097031,-0.838055611,0.009185791,-0.000019580,-16.537860870,6.888527870,1.224709868,-0.813548565,-0.002202483,0.000000000,0.000000000,0.000000000,0.000000000,0.000000000,0.000000000,0.000000000,0.000000000,0.000000000,0.000000000,0.000000000,0.000000000,0.000000000,0.000000000,0.000000000,0.000000000,0.000000000,0.000000000,-0.007503003,-0.045341492,0.041951180,0.081387162,-0.024507046,0.011388274,-0.007072029,-0.044293002,0.015333753,0.023849097,-0.024553400,0.009272053
1.139379263,0.619161606,0.627982140,1.557589531,0.011313438,0.131348610,0.027803421,0.067810059,0.025329590,-0.014099121,-0.015441895,-0.083087921,0.031723022,0.619161606,0.627982140,1.557589531,0.011313438,0.131348610,0.027803421,-0.000019580,-16.537860870,6.888527870,1.224709868,-0.813548565,-0.002202483,0.010116577,-16.517280579,6.911283493,1.273931503,-0.798748970,-0.001068115,-0.000019580,-16.537860870,6.888527870,1.224709868,-0.813548565,-0.002202483,0.000000000,0.000000000,0.000000000,0.000000000,0.000000000,0.000000000,0.000000000,0.000000000,0.000000000,0.000000000,0.000000000,0.000000000,0.000000000,0.000000000,0.000000000,0.000000000,0.000000000,0.000000000,0.010136157,0.020580292,0.022755623,0.049221635,0.014799595,0.001134368,0.010475243,0.021440705,-0.003828223,-0.008244113,0.014624951,-0.000973316
1.149502993,0.619161606,0.627982140,1.557589531,0.011313438,0.131348610,0.027803421,-0.023498535,0.003967285,-0.008728027,-0.000671387,-0.004531860,0.033737183,0.619161606,0.627982140,1.557589531,0.011313438,0.130965233,0.027803421,-0.000019580,-16.538076401,6.888732433,1.224937201,-0.813589752,-0.002202593,0.000778198,-16.535594940,6.911802292,1.295202255,-0.823956490,0.012176514,-0.000019580,-16.538076401,6.888732433,1.224937201,-0.813589752,-0.002202593,0.000000000,0.000000000,0.000000000,0.000000000,0.000000000,0.000000000,0.000000000,0.000000000,0.000000000,0.000000000,0.000000000,0.000000000,0.000000000,0.000000000,0.000000000,0.000000000,0.000000000,0.000000000,0.000797779,0.002481461,0.023069859,0.070265055,-0.010366738,0.014379106,0.001127063,0.003313065,-0.003483694,0.012688968,-0.010450508,0.012165634
1.159380436,0.618778229,0.627598763,1.557589531,0.011313438,0.131348610,0.027420044,-0.144351959,-0.081483841,-0.082580566,-0.032897949,0.029708862,-0.067981720,0.619161606,0.627982140,1.557589531,0.011313438,0.131348610,0.027803421,-0.000019580,-16.537860870,6.888527870,1.224709868,-0.813548565,-0.002202483,0.000259399,-16.508125305,6.926328659,1.385473251,-0.837628365,-0.003204346,-0.000019580,-16.537860870,6.888527870,1.224709868,-0.813548565,-0.002202483,0.000000000,0.000000000,0.000000000,0.000000000,0.000000000,0.000000000,0.000000000,0.000000000,0.000000000,0.000000000,0.000000000,0.000000000,0.000000000,0.000000000,0.000000000,0.000000000,0.000000000,0.000000000,0.000278979,0.029735565,0.037800789,0.160763383,-0.024079800,-0.001001862,0.000603066,0.030305911,0.011151106,0.102305353,-0.023957043,-0.003187853
1.169382095,0.619161606,0.627982140,1.557589531,0.011313438,0.131348610,0.027803421,0.062438965,-0.014343262,-0.042297363,0.062438965,0.020645142,-0.021652222,0.619161606,0.627982140,1.557589531,0.011313438,0.131348610,0.027803421,-0.000019580,-16.537860870,6.888527870,1.224709868,-0.813548565,-0.002202483,-0.025161743,-16.548412323,6.900907516,1.213230133,-0.826519966,0.021148682,-0.000019580,-16.537860870,6.888527870,1.224709868,-0.813548565,-0.002202483,0.000000000,0.000000000,0.000000000,0.000000000,0.000000000,0.000000000,0.000000000,0.000000000,0.000000000,0.000000000,0.000000000,0.000000000,0.000000000,0.000000000,0.000000000,0.000000000,0.000000000,0.000000000,-0.025142163,-0.010551453,0.012379646,-0.011479735,-0.012971401,0.023351165,-0.024607754,-0.009896521,-0.014149104,-0.069345072,-0.012739758,0.020985809
1.179383516,0.619161606,0.627982140,1.557589531,0.011313438,0.131348610,0.027803421,0.091979980,-0.045473099,0.075866699,0.011413574,0.058914185,0.009567261,0.619161606,0.627982140,1.557589531,0.011313438,0.131348610,0.027803421,-0.000019580,-16.537860870,6.888527870,1.224709868,-0.813548565,-0.002202483,-0.030868530,-16.552074432,6.939817429,1.284307480,-0.840191841,-0.010040283,-0.000019580,-16.537860870,6.888527870,1.224709868,-0.813548565,-0.002202483,0.000000000,0.000000000,0.000000000,0.000000000,0.000000000,0.000000000,0.000000000,0.000000000,0.000000000,0.000000000,0.000000000,0.000000000,0.000000000,0.000000000,0.000000000,0.000000000,0.000000000,0.000000000,-0.030848950,-0.014213562,0.051289558,0.059597611,-0.026643276,-0.007837800,-0.030059797,-0.013444692,0.024552734,0.001717718,-0.026189686,-0.010117415
1.189412117,0.619161606,0.627982140,1.557589531,0.011313438,0.131348610,0.027803421,-0.043640137,0.086977005,0.108093262,0.011413574,0.085098267,0.007553101,0.619161606,0.627982140,1.557589531,0.011313438,0.131348610,0.027803421,-0.000019580,-16.537860870,6.888527870,1.224709868,-0.813548565,-0.002202483,0.021530151,-16.592357635,6.916471481,1.235019684,-0.818402290,0.002349854,-0.000019580,-16.537860870,6.888527870,1.224709868,-0.813548565,-0.002202483,0.000000000,0.000000000,0.000000000,0.000000000,0.000000000,0.000000000,0.000000000,0.000000000,0.000000000,0.000000000,0.000000000,0.000000000,0.000000000,0.000000000,0.000000000,0.000000000,0.000000000,0.000000000,0.021549731,-0.054496765,0.027943611,0.010309815,-0.004853725,0.004552337,0.022152727,-0.053280163,0.001196730,-0.047173661,-0.004363468,0.002253782
1.199414730,0.619161606,0.627982140,1.557589531,0.011313438,0.131348610,0.027803421,0.042297363,0.051574707,0.043640137,0.062438965,-0.025680542,0.009567261,0.619161606,0.627982140,1.557589531,0.011313438,0.130965233,0.027803421,-0.000019580,-16.538076401,6.888732433,1.224937201,-0.813589752,-0.002202593,-0.047472000,-16.542919159,6.917509079,1.244876862,-0.814129829,-0.010467529,-0.000019580,-16.538076401,6.888732433,1.224937201,-0.813589752,-0.002202593,0.000000000,0.000000000,0.000000000,0.000000000,0.000000000,0.000000000,0.000000000,0.000000000,0.000000000,0.000000000,0.000000000,0.000000000,0.000000000,0.000000000,0.000000000,0.000000000,0.000000000,0.000000000,-0.047452420,-0.004842758,0.028776646,0.019939661,-0.000540078,-0.008264937,-0.046462239,-0.003596188,0.002012990,-0.037233536,-0.000049408,-0.010476190
1.209377527,0.618778229,0.627982140,1.557589531,0.011313438,0.131348610,0.027803421,-0.024841309,-0.088808060,-0.137638092,0.022155762,-0.036758423,0.004531860,0.618778229,0.627982140,1.557589531,0.011313438,0.131348610,0.027803421,-0.000019564,-16.537860870,6.888527870,1.224709868,-0.813548565,-0.002202483,-0.004409790,-16.553905487,6.895719528,1.305059433,-0.820111275,0.013458252,-0.000019564,-16.537860870,6.888527870,1.224709868,-0.813548565,-0.002202483,0.000000000,0.000000000,0.000000000,0.000000000,0.000000000,0.000000000,0.000000000,0.000000000,0.000000000,0.000000000,0.000000000,0.000000000,0.000000000,0.000000000,0.000000000,0.000000000,0.000000000,0.000000000,-0.004390226,-0.016044617,0.007191658,0.080349565,-0.006562710,0.015660735,-0.003372176,-0.014676751,-0.019411572,0.022986397,-0.006022270,0.013339240
1.219381809,0.619161606,0.627982140,1.557589531,0.011313438,0.131348610,0.027803421,0.010070801,0.060729980,0.108093262,0.050354004,-0.008560181,0.012588501,0.619161606,0.627598763,1.557589531,0.011313438,0.131348610,0.027803421,-0.000019576,-16.535097122,6.890546322,1.225115061,-0.813775837,-0.002203064,0.017379761,-16.597850800,6.918027878,1.263036728,-0.798748970,0.001068115,-0.000019576,-16.535097122,6.890546322,1.225115061,-0.813775837,-0.002203064,0.000000000,0.000000000,0.000000000,0.000000000,0.000000000,0.000000000,0.000000000,0.000000000,0.000000000,0.000000000,0.000000000,0.000000000,0.000000000,0.000000000,0.000000000,0.000000000,0.000000000,0.000000000,0.017399336,-0.062753677,0.027481556,0.037921667,0.015026867,0.003271179,0.018267652,-0.060886740,0.000871185,-0.019283439,0.015440744,0.000941963
1.229397058,0.619161606,0.627982140,1.557589531,0.011313438,0.130965233,0.027803421,0.043640137,0.005187988,0.121520996,-0.079895020,-0.049850464,-0.008560181,0.619161606,0.627982140,1.557589531,0.011313438,0.131348610,0.027803421,-0.000019580,-16.537860870,6.888527870,1.224709868,-0.813548565,-0.002202483,0.000259399,-16.486152649,6.896238327,1.306615829,-0.827374458,-0.007904053,-0.000019580,-16.537860870,6.888527870,1.224709868,-0.813548565,-0.002202483,0.000000000,0.000000000,0.000000000,0.000000000,0.000000000,0.000000000,0.000000000,0.000000000,0.000000000,0.000000000,0.000000000,0.000000000,0.000000000,0.000000000,0.000000000,0.000000000,0.000000000,0.000000000,0.000278979,0.051708221,0.007710457,0.081905961,-0.013825893,-0.005701569,0.001138042,0.053143101,-0.018747495,0.024501654,-0.013303855,-0.007966021
1.239441156,0.619161606,0.627982140,1.557589531,0.011313438,0.130965233,0.027803421,0.020812988,0.109560013,-0.173892975,0.008728027,-0.002517700,0.017623901,0.619161606,0.627982140,1.557589531,0.011313438,0.131348610,0.027420044,-0.000019580,-16.537860870,6.888528347,1.224710464,-0.813548684,-0.002201897,0.025680542,-16.550243378,6.912839890,1.312322617,-0.844891548,-0.010894775,-0.000019580,-16.537860870,6.888528347,1.224710464,-0.813548684,-0.002201897,0.000000000,0.000000000,0.000000000,0.000000000,0.000000000,0.000000000,0.000000000,0.000000000,0.000000000,0.000000000,0.000000000,0.000000000,0.000000000,0.000000000,0.000000000,0.000000000,0.000000000,0.000000000,0.025700122,-0.012382507,0.024311543,0.087612152,-0.031342864,-0.008692879,0.026346711,-0.010860046,-0.002129238,0.029966183,-0.030574259,-0.010869671
1.249377251,0.619161606,0.627982140,1.557589531,0.011313438,0.131348610,0.027803421,0.034240723,0.077209473,-0.028869629,0.034240723,0.021652222,-0.062942505,0.619161606,0.627982140,1.557589531,0.011313438,0.131348610,0.027420044,-0.000019580,-16.537860870,6.888528347,1.224710464,-0.813548684,-0.002201897,-0.014785767,-16.568553925,6.913877487,1.298315048,-0.798748970,-0.001495361,-0.000019580,-16.537860870,6.888528347,1.224710464,-0.813548684,-0.002201897,0.000000000,0.000000000,0.000000000,0.000000000,0.000000000,0.000000000,0.000000000,0.000000000,0.000000000,0.000000000,0.000000000,0.000000000,0.000000000,0.000000000,0.000000000,0.000000000,0.000000000,0.000000000,-0.014766187,-0.030693054,0.025349140,0.073604584,0.014799714,0.000706536,-0.014007537,-0.028939081,-0.001082977,0.015831959,0.015444761,-0.001458589
1.259380579,0.619161606,0.627982140,1.557589531,0.011313438,0.130965233,0.027803421,-0.085266113,0.029602051,-0.078552246,-0.000671387,0.014602661,0.019638062,0.619161606,0.627982140,1.557589531,0.011313438,0.131348610,0.027803421,-0.000019580,-16.537860870,6.888527870,1.224709868,-0.813548565,-0.002202483,-0.006484985,-16.574047089,6.918027878,1.282751083,-0.792766571,0.004486084,-0.000019580,-16.537860870,6.888527870,1.224709868,-0.813548565,-0.002202483,0.000000000,0.000000000,0.000000000,0.000000000,0.000000000,0.000000000,0.000000000,0.000000000,0.000000000,0.000000000,0.000000000,0.000000000,0.000000000,0.000000000,0.000000000,0.000000000,0.000000000,0.000000000,-0.006465405,-0.036186218,0.029500008,0.058041215,0.020781994,0.006688567,-0.005661821,-0.034161125,0.003043734,0.000266475,0.021258324,0.004487826
1.269382715,0.619161606,0.627982140,1.557589531,0.011313438,0.131348610,0.027803421,0.006042480,-0.006408691,0.015441895,0.050354004,-0.012588501,0.023666382,0.619161606,0.627982140,1.557589531,0.011313438,0.131348610,0.027803421,-0.000019580,-16.537860870,6.888527870,1.224709868,-0.813548565,-0.002202483,0.017379761,-16.522773743,6.919065475,1.251102448,-0.811139107,-0.014739990,-0.000019580,-16.537860870,6.888527870,1.224709868,-0.813548565,-0.002202483,0.000000000,0.000000000,0.000000000,0.000000000,0.000000000,0.000000000,0.000000000,0.000000000,0.000000000,0.000000000,0.000000000,0.000000000,0.000000000,0.000000000,0.000000000,0.000000000,0.000000000,0.000000000,0.017399341,0.015087128,0.030537605,0.026392579,0.002409458,-0.012537507,0.018060715,0.016978532,0.004049446,-0.031136988,0.002863243,-0.014623106
1.279425621,0.619161606,0.627982140,1.557589531,0.011313438,0.131348610,0.027803421,0.050354004,0.014953613,-0.101383209,-0.071838379,0.003524780,0.026687622,0.619161606,0.627982140,1.557589531,0.011313438,0.131348610,0.027803421,-0.000019580,-16.537860870,6.888527870,1.224709868,-0.813548565,-0.002202483,0.007522583,-16.542919159,6.902982712,1.261999130,-0.837628365,-0.002777100,-0.000019580,-16.537860870,6.888527870,1.224709868,-0.813548565,-0.002202483,0.000000000,0.000000000,0.000000000,0.000000000,0.000000000,0.000000000,0.000000000,0.000000000,0.000000000,0.000000000,0.000000000,0.000000000,0.000000000,0.000000000,0.000000000,0.000000000,0.000000000,0.000000000,0.007542163,-0.005058289,0.014454842,0.037289262,-0.024079800,-0.000574616,0.008139944,-0.003142335,-0.011940036,-0.020083403,-0.023442868,-0.002639594
1.289382935,0.619161606,0.627982140,1.557589531,0.011313438,0.131348610,0.027420044,0.069152832,0.007629395,0.065124512,0.078552246,-0.040786743,0.010574341,0.619161606,0.627982140,1.557589531,0.011313438,0.131348610,0.027803421,-0.000019580,-16.537860870,6.888527870,1.224709868,-0.813548565,-0.002202483,-0.009597778,-16.524608612,6.890531540,1.294164658,-0.806866646,0.000640869,-0.000019580,-16.537860870,6.888527870,1.224709868,-0.813548565,-0.002202483,0.000000000,0.000000000,0.000000000,0.000000000,0.000000000,0.000000000,0.000000000,0.000000000,0.000000000,0.000000000,0.000000000,0.000000000,0.000000000,0.000000000,0.000000000,0.000000000,0.000000000,0.000000000,-0.009578198,0.013252258,0.002003670,0.069454789,0.006681919,0.002843353,-0.008911337,0.015051534,-0.024203583,0.011989185,0.007262552,0.000772388
1.299350977,0.619161606,0.627982140,1.557589531,0.011313438,0.131348610,0.027803421,0.073181152,0.128480911,-0.015441895,-0.098697662,-0.014602661,0.012588501,0.619161606,0.627982140,1.557589531,0.011313438,0.130965233,0.027420044,-0.000019580,-16.538078308,6.888732910,1.224937797,-0.813589871,-0.002202006,-0.017898560,-16.500801086,6.911283493,1.274450302,-0.807721138,0.003631592,-0.000019580,-16.538078308,6.888732910,1.224937797,-0.813589871,-0.002202006,0.000000000,0.000000000,0.000000000,0.000000000,0.000000000,0.000000000,0.000000000,0.000000000,0.000000000,0.000000000,0.000000000,0.000000000,0.000000000,0.000000000,0.000000000,0.000000000,0.000000000,0.000000000,-0.017878979,0.037277222,0.022550583,0.049512506,0.005868733,0.005833598,-0.017080728,0.038778203,-0.003628756,-0.007892388,0.006400134,0.003733911
1.309379578,0.619161606,0.627982140,1.557589531,0.011313438,0.131348610,0.027803421,-0.000671387,-0.018615723,-0.114810944,-0.055725098,0.037765503,-0.023666382,0.619161606,0.627982140,1.557589531,0.011313438,0.131348610,0.027803421,-0.000019580,-16.537860870,6.888527870,1.224709868,-0.813548565,-0.002202483,0.006484985,-16.553905487,6.908170700,1.296239853,-0.834637642,-0.005767822,-0.000019580,-16.537860870,6.888527870,1.224709868,-0.813548565,-0.002202483,0.000000000,0.000000000,0.000000000,0.000000000,0.000000000,0.000000000,0.000000000,0.000000000,0.000000000,0.000000000,0.000000000,0.000000000,0.000000000,0.000000000,0.000000000,0.000000000,0.000000000,0.000000000,0.006504565,-0.016044617,0.019642830,0.071529984,-0.021089077,-0.003565339,0.007247492,-0.014433456,-0.006486990,0.014018082,-0.020401936,-0.005622109
1.319421291,0.619161606,0.627982140,1.557589531,0.011313438,0.131348610,0.027803421,0.004699707,0.035705566,0.110778809,-0.121524811,0.069992065,-0.053878784,0.619161606,0.627982140,1.557589531,0.011313438,0.130965233,0.027803421,-0.000019580,-16.538076401,6.888732433,1.224937201,-0.813589752,-0.002202593,-0.043840408,-16.541088104,6.905576706,1.261999130,-0.821393013,0.002777100,-0.000019580,-16.538076401,6.888732433,1.224937201,-0.813589752,-0.002202593,0.000000000,0.000000000,0.000000000,0.000000000,0.000000000,0.000000000,0.000000000,0.000000000,0.000000000,0.000000000,0.000000000,0.000000000,0.000000000,0.000000000,0.000000000,0.000000000,0.000000000,0.000000000,-0.043820828,-0.003011703,0.016844273,0.037061930,-0.007803261,0.004979692,-0.042754007,-0.001390013,-0.009215731,-0.020296213,-0.007062615,0.002900945
1.329380989,0.619161606,0.627982140,1.557972908,0.011313438,0.131348610,0.027420044,0.038269043,0.063781738,-0.023498535,-0.004699707,-0.040786743,-0.019638062,0.619161606,0.627982140,1.557589531,0.011313438,0.131348610,0.027803421,-0.000019580,-16.537860870,6.888527870,1.224709868,-0.813548565,-0.002202483,0.001815796,-16.520942688,6.922178268,1.288457870,-0.798321724,0.002777100,-0.000019580,-16.537860870,6.888527870,1.224709868,-0.813548565,-0.002202483,0.000000000,0.000000000,0.000000000,0.000000000,0.000000000,0.000000000,0.000000000,0.000000000,0.000000000,0.000000000,0.000000000,0.000000000,0.000000000,0.000000000,0.000000000,0.000000000,0.000000000,0.000000000,0.001835376,0.016918182,0.033650398,0.063748002,0.015226841,0.004979583,0.002880539,0.018401516,0.007533750,0.006342174,0.015848327,0.002879188
1.339410543,0.619161606,0.627982140,1.557589531,0.011313438,0.131348610,0.027420044,-0.066467285,0.032653809,0.081237793,-0.049011230,-0.052871704,0.002517700,0.619161606,0.627982140,1.557589531,0.011313438,0.131348610,0.027803421,-0.000019580,-16.537860870,6.888527870,1.224709868,-0.813548565,-0.002202483,-0.050065994,-16.471504211,6.908170700,1.277044296,-0.841473579,0.002349854,-0.000019580,-16.537860870,6.888527870,1.224709868,-0.813548565,-0.002202483,0.000000000,0.000000000,0.000000000,0.000000000,0.000000000,0.000000000,0.000000000,0.000000000,0.000000000,0.000000000,0.000000000,0.000000000,0.000000000,0.000000000,0.000000000,0.000000000,0.000000000,0.000000000,-0.050046414,0.066356659,0.019642830,0.052334428,-0.027925014,0.004552337,-0.048638279,0.067337474,-0.006425865,-0.005033835,-0.027101281,0.002433779
1.349412680,0.619161606,0.627982140,1.557589531,0.011313438,0.131348610,0.027803421,-0.075866699,0.056457520,-0.063781738,-0.015441895,0.103225708,0.016616821,0.619161606,0.627982140,1.557589531,0.011313438,0.131348610,0.027803421,-0.000019580,-16.537860870,6.888527870,1.224709868,-0.813548565,-0.002202483,0.001815796,-16.467842102,6.899869919,1.282751083,-0.785930634,-0.011322021,-0.000019580,-16.537860870,6.888527870,1.224709868,-0.813548565,-0.002202483,0.000000000,0.000000000,0.000000000,0.000000000,0.000000000,0.000000000,0.000000000,0.000000000,0.000000000,0.000000000,0.000000000,0.000000000,0.000000000,0.000000000,0.000000000,0.000000000,0.000000000,0.000000000,0.001835376,0.070018768,0.011342049,0.058041215,0.027617931,-0.009119538,0.003219662,0.070477528,-0.014618362,0.000668004,0.028232535,-0.011155463
1.359478474,0.619161606,0.627982140,1.557589531,0.011313438,0.130965233,0.027420044,-0.156436920,0.093690872,0.028869629,0.147033691,-0.037765503,-0.009567261,0.619161606,0.627982140,1.557589531,0.011313438,0.131348610,0.027420044,-0.000019580,-16.537860870,6.888528347,1.224710464,-0.813548684,-0.002201897,0.007522583,-16.520942688,6.922697067,1.282751083,-0.820111275,-0.013885498,-0.000019580,-16.537860870,6.888528347,1.224710464,-0.813548684,-0.002201897,0.000000000,0.000000000,0.000000000,0.000000000,0.000000000,0.000000000,0.000000000,0.000000000,0.000000000,0.000000000,0.000000000,0.000000000,0.000000000,0.000000000,0.000000000,0.000000000,0.000000000,0.000000000,0.007542163,0.016918182,0.034168720,0.058040619,-0.006562591,-0.011683601,0.008861292,0.017250103,0.008148395,0.000662537,-0.005904571,-0.013619383
1.369377851,0.619161606,0.627982140,1.557589531,0.011313438,0.131348610,0.027803421,0.105407715,-0.062562943,-0.024841309,0.008728027,0.051864624,-0.032730103,0.619161606,0.627982140,1.557206154,0.011313438,0.131348610,0.027420044,-0.000019577,-16.535730362,6.886508942,1.224304914,-0.813321292,-0.002201315,-0.008041382,-16.555736542,6.907133102,1.283269882,-0.797039986,-0.004913330,-0.000019577,-16.535730362,6.886508942,1.224304914,-0.813321292,-0.002201315,0.000000000,0.000000000,0.000000000,0.000000000,0.000000000,0.000000000,0.000000000,0.000000000,0.000000000,0.000000000,0.000000000,0.000000000,0.000000000,0.000000000,0.000000000,0.000000000,0.000000000,0.000000000,-0.008021805,-0.020006180,0.020624161,0.058964968,0.016281307,-0.002712015,-0.006654106,-0.019531692,-0.005357062,0.001575386,0.016816578,-0.004614117
1.379426718,0.619161606,0.627982140,1.557589531,0.011313438,0.131348610,0.027803421,0.023498535,0.018005371,-0.049011230,0.073181152,0.010574341,0.033737183,0.619161606,0.627982140,1.557589531,0.011313438,0.131348610,0.027803421,-0.000019580,-16.537860870,6.888527870,1.224709868,-0.813548565,-0.002202483,0.005447388,-16.577709198,6.925809860,1.272893906,-0.826092720,-0.006622314,-0.000019580,-16.537860870,6.888527870,1.224709868,-0.813548565,-0.002202483,0.000000000,0.000000000,0.000000000,0.000000000,0.000000000,0.000000000,0.000000000,0.000000000,0.000000000,0.000000000,0.000000000,0.000000000,0.000000000,0.000000000,0.000000000,0.000000000,0.000000000,0.000000000,0.005466968,-0.039848328,0.037281990,0.048184037,-0.012544155,-0.004419831,0.006785497,-0.039090575,0.011219467,-0.009139317,-0.011922489,-0.006276452
1.389378786,0.618778229,0.627982140,1.557589531,0.011313438,0.131348610,0.027803421,-0.039611816,0.031433105,0.171203613,0.026184082,-0.040786743,0.060928345,0.619161606,0.627982140,1.557589531,0.011313438,0.131348610,0.027803421,-0.000019580,-16.537860870,6.888527870,1.224709868,-0.813548565,-0.002202483,0.003372192,-16.544750214,6.892606735,1.267187119,-0.825238228,0.019012451,-0.000019580,-16.537860870,6.888527870,1.224709868,-0.813548565,-0.002202483,0.000000000,0.000000000,0.000000000,0.000000000,0.000000000,0.000000000,0.000000000,0.000000000,0.000000000,0.000000000,0.000000000,0.000000000,0.000000000,0.000000000,0.000000000,0.000000000,0.000000000,0.000000000,0.003391772,-0.006889343,0.004078865,0.042477250,-0.011689663,0.021214935,0.004676656,-0.006087794,-0.021826632,-0.014740061,-0.010988940,0.019220040
1.399377823,0.619161606,0.627982140,1.557589531,0.011313438,0.131348610,0.027803421,-0.105411530,0.089418411,0.083923340,-0.051696777,0.017623901,-0.032730103,0.619161606,0.627982140,1.557589531,0.011313438,0.131348610,0.027803421,-0.000019580,-16.537860870,6.888527870,1.224709868,-0.813548565,-0.002202483,-0.010635376,-16.564891815,6.876523972,1.255252838,-0.766277313,0.007904053,-0.000019580,-16.537860870,6.888527870,1.224709868,-0.813548565,-0.002202483,0.000000000,0.000000000,0.000000000,0.000000000,0.000000000,0.000000000,0.000000000,0.000000000,0.000000000,0.000000000,0.000000000,0.000000000,0.000000000,0.000000000,0.000000000,0.000000000,0.000000000,0.000000000,-0.010615796,-0.027030945,-0.012003899,0.030542970,0.047271252,0.010106536,-0.009264735,-0.026043371,-0.037640534,-0.026485162,0.047631748,0.008054112
1.409377575,0.619161606,0.627982140,1.557589531,0.011696815,0.131348610,0.027803421,-0.040954590,0.000305176,-0.144351959,0.004699707,-0.063949585,0.015609741,0.619161606,0.627982140,1.557589531,0.011313438,0.131348610,0.027803421,-0.000019580,-16.537860870,6.888527870,1.224709868,-0.813548565,-0.002202483,-0.027236938,-16.519111633,6.916471481,1.279638290,-0.845318794,0.000213623,-0.000019580,-16.537860870,6.888527870,1.224709868,-0.813548565,-0.002202483,0.000000000,0.000000000,0.000000000,0.000000000,0.000000000,0.000000000,0.000000000,0.000000000,0.000000000,0.000000000,0.000000000,0.000000000,0.000000000,0.000000000,0.000000000,0.000000000,0.000000000,0.000000000,-0.027217358,0.018749237,0.027943611,0.054928422,-0.031770229,0.002416106,-0.025684141,0.019597819,0.002290729,-0.002084923,-0.031188538,0.000361121
1.419379950,0.619161606,0.627982140,1.557589531,0.011313438,0.131348610,0.027803421,0.078552246,0.116273880,0.055725098,0.012756348,0.022659302,-0.019638062,0.619161606,0.627982140,1.557589531,0.011313438,0.131348610,0.027803421,-0.000019580,-16.537860870,6.888527870,1.224709868,-0.813548565,-0.002202483,0.017379761,-16.548412323,6.924772263,1.262517929,-0.804303169,0.000640869,-0.000019580,-16.537860870,6.888527870,1.224709868,-0.813548565,-0.002202483,0.000000000,0.000000000,0.000000000,0.000000000,0.000000000,0.000000000,0.000000000,0.000000000,0.000000000,0.000000000,0.000000000,0.000000000,0.000000000,0.000000000,0.000000000,0.000000000,0.000000000,0.000000000,0.017399341,-0.010551453,0.036244392,0.037808061,0.009245396,0.002843353,0.018800163,-0.009635018,0.010517444,-0.019070981,0.009758367,0.000782854
1.429377556,0.619161606,0.627982140,1.557589531,0.011313438,0.131348610,0.027803421,-0.012756348,-0.094911575,-0.086612701,0.187320709,0.000503540,-0.011581421,0.619161606,0.627982140,1.557589531,0.011313438,0.130965233,0.027803421,-0.000019580,-16.538076401,6.888732433,1.224937201,-0.813589752,-0.002202593,-0.003372192,-16.511787415,6.918546677,1.297796249,-0.807721138,-0.004058838,-0.000019580,-16.538076401,6.888732433,1.224937201,-0.813589752,-0.002202593,0.000000000,0.000000000,0.000000000,0.000000000,0.000000000,0.000000000,0.000000000,0.000000000,0.000000000,0.000000000,0.000000000,0.000000000,0.000000000,0.000000000,0.000000000,0.000000000,0.000000000,0.000000000,-0.003352612,0.026288986,0.029814243,0.072859049,0.005868614,-0.001856245,-0.001938236,0.027016494,0.004058911,0.015869035,0.006337268,-0.003889544
1.439412594,0.619161606,0.627982140,1.557589531,0.011313438,0.131348610,0.027803421,0.085266113,-0.020446777,-0.031555176,-0.137638092,0.078048706,-0.029708862,0.619161606,0.627982140,1.557589531,0.011313438,0.130965233,0.027803421,-0.000019580,-16.538076401,6.888732433,1.224937201,-0.813589752,-0.002202593,-0.020492554,-16.533763885,6.921140671,1.346563339,-0.821820259,-0.015167236,-0.000019580,-16.538076401,6.888732433,1.224937201,-0.813589752,-0.002202593,0.000000000,0.000000000,0.000000000,0.000000000,0.000000000,0.000000000,0.000000000,0.000000000,0.000000000,0.000000000,0.000000000,0.000000000,0.000000000,0.000000000,0.000000000,0.000000000,0.000000000,0.000000000,-0.020472973,0.004312515,0.032408237,0.121626139,-0.008230507,-0.012964644,-0.018927159,0.005005264,0.006607023,0.064190358,-0.007708323,-0.014894508
1.449411869,0.619161606,0.627982140,1.557589531,0.011313438,0.131348610,0.027803421,0.122863770,0.061950684,-0.116153717,0.081237793,-0.004531860,0.008560181,0.619161606,0.627982140,1.557589531,0.011313438,0.131348610,0.027803421,-0.000019580,-16.537860870,6.888527870,1.224709868,-0.813548565,-0.002202483,0.005966187,-16.575878143,6.897794724,1.328405380,-0.812420845,-0.007049561,-0.000019580,-16.537860870,6.888527870,1.224709868,-0.813548565,-0.002202483,0.000000000,0.000000000,0.000000000,0.000000000,0.000000000,0.000000000,0.000000000,0.000000000,0.000000000,0.000000000,0.000000000,0.000000000,0.000000000,0.000000000,0.000000000,0.000000000,0.000000000,0.000000000,0.005985767,-0.038017273,0.009266853,0.103695512,0.001127720,-0.004847077,0.007479995,-0.037068877,-0.016421112,0.045942884,0.001638604,-0.006730524
1.459417820,0.618778229,0.627982140,1.557589531,0.011313438,0.130965233,0.027803421,-0.023498535,0.090639114,0.061096191,0.010070801,-0.042800903,0.018630981,0.619161606,0.627982140,1.557589531,0.011313438,0.131348610,0.027803421,-0.000019580,-16.537860870,6.888527870,1.224709868,-0.813548565,-0.002202483,-0.002334595,-16.542919159,6.910764694,1.260959625,-0.785930634,-0.012603760,-0.000019580,-16.537860870,6.888527870,1.224709868,-0.813548565,-0.002202483,0.000000000,0.000000000,0.000000000,0.000000000,0.000000000,0.000000000,0.000000000,0.000000000,0.000000000,0.000000000,0.000000000,0.000000000,0.000000000,0.000000000,0.000000000,0.000000000,0.000000000,0.000000000,-0.002315015,-0.005058289,0.022236824,0.036249757,0.027617931,-0.010401276,-0.000815202,-0.004081934,-0.003427664,-0.021356593,0.027937463,-0.012201154
1.469411135,0.619161606,0.627982140,1.557589531,0.011313438,0.131348610,0.027803421,0.151062012,0.076599121,-0.141666412,0.094665527,0.017623901,-0.001510620,0.619161606,0.627982140,1.557589531,0.011313438,0.131348610,0.027803421,-0.000019580,-16.537860870,6.888527870,1.224709868,-0.813548565,-0.002202483,-0.001815796,-16.535594940,6.921659470,1.251621246,-0.808575630,-0.012603760,-0.000019580,-16.537860870,6.888527870,1.224709868,-0.813548565,-0.002202483,0.000000000,0.000000000,0.000000000,0.000000000,0.000000000,0.000000000,0.000000000,0.000000000,0.000000000,0.000000000,0.000000000,0.000000000,0.000000000,0.000000000,0.000000000,0.000000000,0.000000000,0.000000000,-0.001796216,0.002265930,0.033131599,0.026911378,0.004972935,-0.010401276,-0.000294401,0.003220378,0.007416657,-0.030487574,0.005256706,-0.012118714
1.479414463,0.619161606,0.627982140,1.557589531,0.011313438,0.131348610,0.027803421,0.078552246,0.014343262,0.004699707,0.043640137,0.017623901,-0.025680542,0.619161606,0.627598763,1.557589531,0.011313438,0.131348610,0.027803421,-0.000019576,-16.535097122,6.890546322,1.225115061,-0.813775837,-0.002203064,-0.024124146,-16.511787415,6.890531540,1.256809235,-0.826092720,0.004486084,-0.000019576,-16.535097122,6.890546322,1.225115061,-0.813775837,-0.002203064,0.000000000,0.000000000,0.000000000,0.000000000,0.000000000,0.000000000,0.000000000,0.000000000,0.000000000,0.000000000,0.000000000,0.000000000,0.000000000,0.000000000,0.000000000,0.000000000,0.000000000,0.000000000,-0.024104570,0.023309708,-0.000014782,0.031694174,-0.012316883,0.006689148,-0.022451059,0.024101309,-0.025557041,-0.025532262,-0.011952352,0.004938343
1.489421129,0.619161606,0.627982140,1.557589531,0.011313438,0.130965233,0.027420044,-0.110782623,-0.089418411,0.196720123,0.075866699,-0.003524780,-0.077045441,0.619161606,0.627982140,1.557589531,0.011313438,0.130965233,0.027803421,-0.000019580,-16.538076401,6.888732433,1.224937201,-0.813589752,-0.002202593,0.008560181,-16.541088104,6.920621872,1.246433258,-0.810711861,0.007476807,-0.000019580,-16.538076401,6.888732433,1.224937201,-0.813589752,-0.002202593,0.000000000,0.000000000,0.000000000,0.000000000,0.000000000,0.000000000,0.000000000,0.000000000,0.000000000,0.000000000,0.000000000,0.000000000,0.000000000,0.000000000,0.000000000,0.000000000,0.000000000,0.000000000,0.008579761,-0.003011703,0.031889439,0.021496058,0.002877891,0.009679399,0.010165050,-0.002205302,0.006304865,-0.035492176,0.003220805,0.007875737
1.499411583,0.619161606,0.627982140,1.557589531,0.011313438,0.131348610,0.027803421,-0.122867584,-0.032043457,0.042297363,-0.004699707,-0.096179962,0.006546021,0.619161606,0.627982140,1.557589531,0.011313438,0.130965233,0.027420044,-0.000019580,-16.538078308,6.888732910,1.224937797,-0.813589871,-0.002202006,-0.004928589,-16.559398651,6.902982712,1.260440826,-0.821393013,0.001922607,-0.000019580,-16.538078308,6.888732910,1.224937797,-0.813589871,-0.002202006,0.000000000,0.000000000,0.000000000,0.000000000,0.000000000,0.000000000,0.000000000,0.000000000,0.000000000,0.000000000,0.000000000,0.000000000,0.000000000,0.000000000,0.000000000,0.000000000,0.000000000,0.000000000,-0.004909009,-0.021320343,0.014249802,0.035503030,-0.007803142,0.004124613,-0.003301708,-0.020378088,-0.011259707,-0.021342918,-0.007410822,0.002305581
1.509383917,0.619161606,0.627982140,1.557589531,0.011313438,0.131348610,0.027803421,-0.075866699,-0.061342239,-0.024841309,0.042297363,-0.011581421,0.056900024,0.619161606,0.627982140,1.557589531,0.011313438,0.131348610,0.027803421,-0.000019580,-16.537860870,6.888527870,1.224709868,-0.813548565,-0.002202483,0.015823364,-16.596019745,6.923734665,1.294164658,-0.819256783,-0.010040283,-0.000019580,-16.537860870,6.888527870,1.224709868,-0.813548565,-0.002202483,0.000000000,0.000000000,0.000000000,0.000000000,0.000000000,0.000000000,0.000000000,0.000000000,0.000000000,0.000000000,0.000000000,0.000000000,0.000000000,0.000000000,0.000000000,0.000000000,0.000000000,0.000000000,0.015842944,-0.058158875,0.035206795,0.069454789,-0.005708218,-0.007837800,0.017335441,-0.056840194,0.009633488,0.012525889,-0.005280925,-0.009593300
1.519382000,0.619161606,0.627982140,1.557589531,0.011313438,0.131348610,0.027803421,0.093322754,-0.037536621,0.187320709,0.039611816,-0.012588501,-0.027694702,0.619161606,0.627982140,1.557589531,0.011313438,0.131348610,0.027420044,-0.000019580,-16.537860870,6.888528347,1.224710464,-0.813548684,-0.002201897,0.004409790,-16.546581268,6.899869919,1.287939072,-0.834637642,0.005767822,-0.000019580,-16.537860870,6.888528347,1.224710464,-0.813548684,-0.002201897,0.000000000,0.000000000,0.000000000,0.000000000,0.000000000,0.000000000,0.000000000,0.000000000,0.000000000,0.000000000,0.000000000,0.000000000,0.000000000,0.000000000,0.000000000,0.000000000,0.000000000,0.000000000,0.004429370,-0.008720398,0.011341572,0.063228607,-0.021088958,0.007969719,0.005883162,-0.007353340,-0.014138717,0.006258532,-0.020526621,0.006173603
1.529409170,0.619161606,0.627982140,1.557589531,0.011313438,0.130965233,0.027803421,0.044982910,-0.021667480,0.074523926,0.091979980,-0.038772583,0.008560181,0.619545937,0.627982140,1.557589531,0.011313438,0.131348610,0.027803421,-0.000019596,-16.537860870,6.888527870,1.224709868,-0.813548565,-0.002202483,-0.000778198,-16.544750214,6.897275925,1.261999130,-0.806012154,-0.007049561,-0.000019596,-16.537860870,6.888527870,1.224709868,-0.813548565,-0.002202483,0.000000000,0.000000000,0.000000000,0.000000000,0.000000000,0.000000000,0.000000000,0.000000000,0.000000000,0.000000000,0.000000000,0.000000000,0.000000000,0.000000000,0.000000000,0.000000000,0.000000000,0.000000000,-0.000758602,-0.006889343,0.008748055,0.037289262,0.007536411,-0.004847077,0.000690676,-0.005486426,-0.016623584,-0.019553016,0.008046158,-0.006600056
1.539433956,0.619161606,0.627982140,1.557589531,0.011313438,0.131348610,0.027803421,-0.070495605,-0.133974075,0.018127441,-0.002014160,0.046829224,0.051864624,0.619161606,0.627982140,1.557589531,0.011313438,0.131348610,0.027803421,-0.000019580,-16.537860870,6.888527870,1.224709868,-0.813548565,-0.002202483,-0.035539627,-16.552074432,6.920621872,1.294683456,-0.803448677,0.015167236,-0.000019580,-16.537860870,6.888527870,1.224709868,-0.813548565,-0.002202483,0.000000000,0.000000000,0.000000000,0.000000000,0.000000000,0.000000000,0.000000000,0.000000000,0.000000000,0.000000000,0.000000000,0.000000000,0.000000000,0.000000000,0.000000000,0.000000000,0.000000000,0.000000000,-0.035520047,-0.014213562,0.032094002,0.069973588,0.010099888,0.017369720,-0.033850958,-0.012727996,0.006678993,0.013046592,0.010541186,0.015515988
1.549380302,0.619161606,0.627982140,1.557589531,0.011313438,0.131348610,0.027803421,0.031555176,-0.019836426,0.065124512,-0.016784668,-0.002517700,0.028701782,0.619161606,0.627982140,1.557589531,0.011313438,0.130965233,0.027803421,-0.000019580,-16.538076401,6.888732433,1.224937201,-0.813589752,-0.002202593,0.026199341,-16.522773743,6.897275925,1.284307480,-0.828656197,-0.019439697,-0.000019580,-16.538076401,6.888732433,1.224937201,-0.813589752,-0.002202593,0.000000000,0.000000000,0.000000000,0.000000000,0.000000000,0.000000000,0.000000000,0.000000000,0.000000000,0.000000000,0.000000000,0.000000000,0.000000000,0.000000000,0.000000000,0.000000000,0.000000000,0.000000000,0.026218921,0.015302658,0.008543491,0.059370279,-0.015066445,-0.017237105,0.027709241,0.016680607,-0.016763366,0.002427622,-0.014531396,-0.018968459
1.559383631,0.619161606,0.627982140,1.557589531,0.011313438,0.130965233,0.027803421,-0.128238678,0.059509277,0.149719238,-0.053039551,-0.037765503,-0.011581421,0.619161606,0.627982140,1.557589531,0.011313438,0.130965233,0.027803421,-0.000019580,-16.538076401,6.888732433,1.224937201,-0.813589752,-0.002202593,-0.002853394,-16.541088104,6.907651901,1.327367783,-0.798321724,-0.001068115,-0.000019580,-16.538076401,6.888732433,1.224937201,-0.813589752,-0.002202593,0.000000000,0.000000000,0.000000000,0.000000000,0.000000000,0.000000000,0.000000000,0.000000000,0.000000000,0.000000000,0.000000000,0.000000000,0.000000000,0.000000000,0.000000000,0.000000000,0.000000000,0.000000000,-0.002833813,-0.003011703,0.018919468,0.102430582,0.015268028,0.001134477,-0.001334936,-0.001623348,-0.006346706,0.045198192,0.015702420,-0.000593076
1.569378138,0.619161606,0.627982140,1.557589531,0.011313438,0.131348610,0.027803421,-0.106754303,-0.015563965,-0.161808014,-0.049011230,-0.024673462,0.005538940,0.619161606,0.627982140,1.557589531,0.011313438,0.131348610,0.027803421,-0.000019580,-16.537860870,6.888527870,1.224709868,-0.813548565,-0.002202483,-0.001815796,-16.509956360,6.901945114,1.248508453,-0.811566353,0.013031006,-0.000019580,-16.537860870,6.888527870,1.224709868,-0.813548565,-0.002202483,0.000000000,0.000000000,0.000000000,0.000000000,0.000000000,0.000000000,0.000000000,0.000000000,0.000000000,0.000000000,0.000000000,0.000000000,0.000000000,0.000000000,0.000000000,0.000000000,0.000000000,0.000000000,-0.001796216,0.027904510,0.013417244,0.023798585,0.001982212,0.015233489,-0.000295457,0.029107468,-0.011773936,-0.033222198,0.002401309,0.013420456
1.579386711,0.619161606,0.627982140,1.557589531,0.011313438,0.131348610,0.027420044,0.190006256,0.112001419,-0.145694733,0.020812988,0.001510620,-0.007553101,0.619161606,0.627982140,1.557589531,0.011313438,0.131348610,0.027803421,-0.000019580,-16.537860870,6.888527870,1.224709868,-0.813548565,-0.002202483,-0.001296997,-16.535594940,6.922178268,1.275487900,-0.848310471,-0.000213623,-0.000019580,-16.537860870,6.888527870,1.224709868,-0.813548565,-0.002202483,0.000000000,0.000000000,0.000000000,0.000000000,0.000000000,0.000000000,0.000000000,0.000000000,0.000000000,0.000000000,0.000000000,0.000000000,0.000000000,0.000000000,0.000000000,0.000000000,0.000000000,0.000000000,-0.001277417,0.002265930,0.033650398,0.050778031,-0.034761906,0.001988860,0.000221937,0.003447071,0.008406015,-0.006203489,-0.034126816,0.000174721
1.589383841,0.619161606,0.627982140,1.557589531,0.011313438,0.131348610,0.027803421,-0.071838379,-0.082094193,0.096008301,-0.091983795,0.022659302,-0.014602661,0.619161606,0.627982140,1.557589531,0.011696815,0.131348610,0.027803421,-0.000019581,-16.538246155,6.888892651,1.225115061,-0.813775837,-0.002203064,-0.002334595,-16.508125305,6.924253464,1.266668320,-0.813275337,0.002349854,-0.000019581,-16.538246155,6.888892651,1.225115061,-0.813775837,-0.002203064,0.000000000,0.000000000,0.000000000,0.000000000,0.000000000,0.000000000,0.000000000,0.000000000,0.000000000,0.000000000,0.000000000,0.000000000,0.000000000,0.000000000,0.000000000,0.000000000,0.000000000,0.000000000,-0.002315014,0.030120850,0.035360813,0.041553259,0.000500500,0.004552918,-0.000810562,0.031106353,0.010053203,-0.015331835,0.001128493,0.002721661
1.599412918,0.619161606,0.627982140,1.557589531,0.011313438,0.130965233,0.027803421,-0.016784668,-0.031433105,0.100036621,0.003356934,-0.016616821,-0.000503540,0.619161606,0.627982140,1.557589531,0.011313438,0.131348610,0.027803421,-0.000019580,-16.537860870,6.888527870,1.224709868,-0.813548565,-0.002202483,-0.011154175,-16.495307922,6.899869919,1.258884430,-0.823101997,-0.009185791,-0.000019580,-16.537860870,6.888527870,1.224709868,-0.813548565,-0.002202483,0.000000000,0.000000000,0.000000000,0.000000000,0.000000000,0.000000000,0.000000000,0.000000000,0.000000000,0.000000000,0.000000000,0.000000000,0.000000000,0.000000000,0.000000000,0.000000000,0.000000000,0.000000000,-0.011134595,0.042552948,0.011342049,0.034174562,-0.009553432,-0.006983308,-0.009570328,0.043268026,-0.013878819,-0.022569473,-0.008870003,-0.008759816
1.609411955,0.619161606,0.627982140,1.557589531,0.011313438,0.131348610,0.027803421,0.075866699,-0.018005371,0.147033691,0.075866699,-0.006546021,-0.028701782,0.619161606,0.627982140,1.557589531,0.011313438,0.131348610,0.027803421,-0.000019580,-16.537860870,6.888527870,1.224709868,-0.813548565,-0.002202483,-0.004409790,-16.590526581,6.907651901,1.298833847,-0.816693306,0.008331299,-0.000019580,-16.537860870,6.888527870,1.224709868,-0.813548565,-0.002202483,0.000000000,0.000000000,0.000000000,0.000000000,0.000000000,0.000000000,0.000000000,0.000000000,0.000000000,0.000000000,0.000000000,0.000000000,0.000000000,0.000000000,0.000000000,0.000000000,0.000000000,0.000000000,-0.004390210,-0.052665710,0.019124031,0.074123979,-0.003144741,0.010533782,-0.002808499,-0.051629949,-0.006059202,0.017272660,-0.002446118,0.008703217
1.619411469,0.619161606,0.627982140,1.557589531,0.011313438,0.131348610,0.027803421,0.018127441,-0.079042435,-0.019470215,0.049011230,-0.026687622,-0.027694702,0.619161606,0.627982140,1.557589531,0.011313438,0.131348610,0.027803421,-0.000019580,-16.537860870,6.888527870,1.224709868,-0.813548565,-0.002202483,-0.021530151,-16.555736542,6.922697067,1.304021835,-0.806866646,0.003631592,-0.000019580,-16.537860870,6.888527870,1.224709868,-0.813548565,-0.002202483,0.000000000,0.000000000,0.000000000,0.000000000,0.000000000,0.000000000,0.000000000,0.000000000,0.000000000,0.000000000,0.000000000,0.000000000,0.000000000,0.000000000,0.000000000,0.000000000,0.000000000,0.000000000,-0.021510571,-0.017875671,0.034169197,0.079311967,0.006681919,0.005834075,-0.019806598,-0.016736598,0.008930835,0.022322853,0.007335263,0.003978949
1.629413605,0.619161606,0.627982140,1.557589531,0.011313438,0.131348610,0.027803421,-0.040954590,-0.085756302,0.145690918,0.023498535,0.026687622,-0.030715942,0.619161606,0.627982140,1.557589531,0.011313438,0.131348610,0.027803421,-0.000019580,-16.537860870,6.888527870,1.224709868,-0.813548565,-0.002202483,0.008560181,-16.476997375,6.911802292,1.257328033,-0.768413544,0.000640869,-0.000019580,-16.537860870,6.888527870,1.224709868,-0.813548565,-0.002202483,0.000000000,0.000000000,0.000000000,0.000000000,0.000000000,0.000000000,0.000000000,0.000000000,0.000000000,0.000000000,0.000000000,0.000000000,0.000000000,0.000000000,0.000000000,0.000000000,0.000000000,0.000000000,0.008579761,0.060863495,0.023274422,0.032618165,0.045135021,0.002843353,0.010221029,0.061624504,-0.001951965,-0.024222346,0.045509168,0.000982200
1.639401436,0.619161606,0.627982140,1.557589531,0.011313438,0.130965233,0.027803421,-0.000671387,-0.003356934,-0.061096191,-0.163150787,-0.071002960,-0.001510620,0.619161606,0.627982140,1.557589531,0.011313438,0.131348610,0.027803421,-0.000019580,-16.537860870,6.888527870,1.224709868,-0.813548565,-0.002202483,0.002853394,-16.550243378,6.911802292,1.272375107,-0.840191841,0.006622314,-0.000019580,-16.537860870,6.888527870,1.224709868,-0.813548565,-0.002202483,0.000000000,0.000000000,0.000000000,0.000000000,0.000000000,0.000000000,0.000000000,0.000000000,0.000000000,0.000000000,0.000000000,0.000000000,0.000000000,0.000000000,0.000000000,0.000000000,0.000000000,0.000000000,0.002872974,-0.012382507,0.023274422,0.047665238,-0.026643276,0.008824798,0.004486882,-0.011551065,-0.001940135,-0.009119665,-0.026109923,0.006921441
1.649378300,0.619161606,0.627982140,1.557589531,0.011313438,0.131348610,0.027803421,-0.067810059,0.082094193,-0.069152832,-0.113468170,-0.015609741,-0.022659302,0.619161606,0.627982140,1.557589531,0.011313438,0.131348610,0.027420044,-0.000019580,-16.537860870,6.888528347,1.224710464,-0.813548684,-0.002201897,-0.018417358,-16.574047089,6.924253464,1.272375107,-0.818402290,-0.008758545,-0.000019580,-16.537860870,6.888528347,1.224710464,-0.813548684,-0.002201897,0.000000000,0.000000000,0.000000000,0.000000000,0.000000000,0.000000000,0.000000000,0.000000000,0.000000000,0.000000000,0.000000000,0.000000000,0.000000000,0.000000000,0.000000000,0.000000000,0.000000000,0.000000000,-0.018397778,-0.036186218,0.035725117,0.047664642,-0.004853606,-0.006556648,-0.016682762,-0.035141796,0.010447244,-0.009065319,-0.004294227,-0.008409040
1.659381151,0.619161606,0.627982140,1.557589531,0.011313438,0.131348610,0.027803421,-0.062438965,0.124818802,-0.138980865,-0.063781738,-0.006546021,-0.015609741,0.619161606,0.627982140,1.557589531,0.011313438,0.131348610,0.027803421,-0.000019580,-16.537860870,6.888527870,1.224709868,-0.813548565,-0.002202483,0.004928589,-16.513618469,6.915433884,1.314916611,-0.832074165,-0.012603760,-0.000019580,-16.537860870,6.888527870,1.224709868,-0.813548565,-0.002202483,0.000000000,0.000000000,0.000000000,0.000000000,0.000000000,0.000000000,0.000000000,0.000000000,0.000000000,0.000000000,0.000000000,0.000000000,0.000000000,0.000000000,0.000000000,0.000000000,0.000000000,0.000000000,0.004948169,0.024242401,0.026906013,0.090206742,-0.018525600,-0.010401276,0.006623286,0.025135406,0.001618391,0.033276321,-0.017858639,-0.012180294
1.669408798,0.619161606,0.627982140,1.557589531,0.011313438,0.131348610,0.027803421,0.067810059,0.010681152,-0.032897949,-0.016784668,-0.042800903,0.036758423,0.619161606,0.627982140,1.557589531,0.011313438,0.131348610,0.027803421,-0.000019580,-16.537860870,6.888527870,1.224709868,-0.813548565,-0.002202483,-0.023605347,-16.564891815,6.913358688,1.305578232,-0.809857368,0.002777100,-0.000019580,-16.537860870,6.888527870,1.224709868,-0.813548565,-0.002202483,0.000000000,0.000000000,0.000000000,0.000000000,0.000000000,0.000000000,0.000000000,0.000000000,0.000000000,0.000000000,0.000000000,0.000000000,0.000000000,0.000000000,0.000000000,0.000000000,0.000000000,0.000000000,-0.023585767,-0.027030945,0.024830818,0.080868363,0.003691196,0.004979583,-0.021780229,-0.025982357,-0.000454085,0.023795454,0.004332216,0.003181515
1.679381847,0.619161606,0.627982140,1.557589531,0.011313438,0.131348610,0.027803421,0.024841309,0.009460449,0.094665527,-0.082580566,0.012588501,0.013595581,0.618778229,0.627982140,1.557589531,0.011313438,0.131348610,0.027803421,-0.000019564,-16.537860870,6.888527870,1.224709868,-0.813548565,-0.002202483,-0.005966187,-16.522773743,6.924253464,1.296758652,-0.827374458,-0.003204346,-0.000019564,-16.537860870,6.888527870,1.224709868,-0.813548565,-0.002202483,0.000000000,0.000000000,0.000000000,0.000000000,0.000000000,0.000000000,0.000000000,0.000000000,0.000000000,0.000000000,0.000000000,0.000000000,0.000000000,0.000000000,0.000000000,0.000000000,0.000000000,0.000000000,-0.005946623,0.015087128,0.035725594,0.072048783,-0.013825893,-0.001001862,-0.004116582,0.016040238,0.010378911,0.014887260,-0.013106857,-0.002783363
1.689431906,0.619161606,0.627982140,1.557589531,0.011313438,0.131348610,0.027420044,0.010070801,0.094911575,-0.105411530,0.114807129,-0.021652222,-0.006546021,0.619161606,0.627982140,1.557589531,0.011313438,0.131348610,0.027803421,-0.000019580,-16.537860870,6.888527870,1.224709868,-0.813548565,-0.002202483,0.021530151,-16.539257050,6.915952682,1.259922028,-0.799176216,0.010894775,-0.000019580,-16.537860870,6.888527870,1.224709868,-0.813548565,-0.002202483,0.000000000,0.000000000,0.000000000,0.000000000,0.000000000,0.000000000,0.000000000,0.000000000,0.000000000,0.000000000,0.000000000,0.000000000,0.000000000,0.000000000,0.000000000,0.000000000,0.000000000,0.000000000,0.021549731,-0.001396179,0.027424812,0.035212159,0.014372349,0.013097259,0.023242244,-0.000440463,0.002065905,-0.021820251,0.015002613,0.011249195
1.699379921,0.619161606,0.627982140,1.557589531,0.011313438,0.131348610,0.027803421,-0.090641022,0.037536621,0.054382324,-0.110782623,-0.025680542,0.100204468,0.619161606,0.627982140,1.557589531,0.011313438,0.131348610,0.027803421,-0.000019580,-16.537860870,6.888527870,1.224709868,-0.813548565,-0.002202483,0.008041382,-16.544750214,6.890012741,1.319585800,-0.825238228,-0.007049561,-0.000019580,-16.537860870,6.888527870,1.224709868,-0.813548565,-0.002202483,0.000000000,0.000000000,0.000000000,0.000000000,0.000000000,0.000000000,0.000000000,0.000000000,0.000000000,0.000000000,0.000000000,0.000000000,0.000000000,0.000000000,0.000000000,0.000000000,0.000000000,0.000000000,0.008060962,-0.006889343,0.001484871,0.094875932,-0.011689663,-0.004847077,0.009696437,-0.005898927,-0.023734422,0.037622215,-0.010994724,-0.006655988
1.709380388,0.619161606,0.627982140,1.557589531,0.011313438,0.131348610,0.027803421,-0.097354889,0.027770996,0.055725098,0.167175293,0.027694702,-0.016616821,0.619161606,0.627982140,1.557589531,0.011313438,0.131348610,0.027803421,-0.000019580,-16.537860870,6.888527870,1.224709868,-0.813548565,-0.002202483,0.019973755,-16.559398651,6.905057907,1.282751083,-0.818402290,-0.028840065,-0.000019580,-16.537860870,6.888527870,1.224709868,-0.813548565,-0.002202483,0.000000000,0.000000000,0.000000000,0.000000000,0.000000000,0.000000000,0.000000000,0.000000000,0.000000000,0.000000000,0.000000000,0.000000000,0.000000000,0.000000000,0.000000000,0.000000000,0.000000000,0.000000000,0.019993335,-0.021537781,0.016530037,0.058041215,-0.004853725,-0.026637582,0.021503061,-0.020427903,-0.008638737,0.000782919,-0.004134608,-0.028281106
1.719447374,0.619161606,0.627982140,1.557589531,0.011313438,0.131348610,0.027803421,0.098693848,-0.066835403,-0.047668457,0.108093262,0.000503540,0.013595581,0.619161606,0.627982140,1.557589531,0.011313438,0.131348610,0.027803421,-0.000019580,-16.537860870,6.888527870,1.224709868,-0.813548565,-0.002202483,-0.001296997,-16.487983704,6.957975388,1.279638290,-0.806439400,0.001922607,-0.000019580,-16.537860870,6.888527870,1.224709868,-0.813548565,-0.002202483,0.000000000,0.000000000,0.000000000,0.000000000,0.000000000,0.000000000,0.000000000,0.000000000,0.000000000,0.000000000,0.000000000,0.000000000,0.000000000,0.000000000,0.000000000,0.000000000,0.000000000,0.000000000,-0.001277417,0.049877167,0.069447517,0.054928422,0.007109165,0.004125091,0.000230966,0.050692321,0.044022797,-0.002316406,0.007783033,0.002467222
1.729379416,0.619161606,0.627982140,1.557589531,0.011313438,0.131348610,0.027803421,-0.069152832,0.063781738,0.093322754,-0.061096191,-0.027694702,-0.052871704,0.619161606,0.627982140,1.557589531,0.011313438,0.131348610,0.027803421,-0.000019580,-16.537860870,6.888527870,1.224709868,-0.813548565,-0.002202483,-0.015823364,-16.557567596,6.912321091,1.318029404,-0.804730415,0.002349854,-0.000019580,-16.537860870,6.888527870,1.224709868,-0.813548565,-0.002202483,0.000000000,0.000000000,0.000000000,0.000000000,0.000000000,0.000000000,0.000000000,0.000000000,0.000000000,0.000000000,0.000000000,0.000000000,0.000000000,0.000000000,0.000000000,0.000000000,0.000000000,0.000000000,-0.015803784,-0.019706726,0.023793221,0.093319535,0.008818150,0.004552337,-0.014213243,-0.018782999,-0.001622123,0.035867381,0.009437465,0.002877833
1.739418745,0.619161606,0.627982140,1.557589531,0.011313438,0.131348610,0.027803421,-0.010070801,0.055847168,-0.027526855,0.035583496,-0.001510620,-0.040786743,0.619161606,0.627982140,1.557206154,0.011313438,0.131348610,0.027803421,-0.000019577,-16.535730362,6.886508465,1.224304318,-0.813321173,-0.002201902,-0.030349731,-16.522773743,6.909727097,1.294164658,-0.823956490,-0.016021729,-0.000019577,-16.535730362,6.886508465,1.224304318,-0.813321173,-0.002201902,0.000000000,0.000000000,0.000000000,0.000000000,0.000000000,0.000000000,0.000000000,0.000000000,0.000000000,0.000000000,0.000000000,0.000000000,0.000000000,0.000000000,0.000000000,0.000000000,0.000000000,0.000000000,-0.030330155,0.012956619,0.023218632,0.069860339,-0.010635316,-0.013819826,-0.028575388,0.013801030,-0.002184159,0.012337281,-0.009958767,-0.015405791
1.749382019,0.619161606,0.627982140,1.557589531,0.011313438,0.130965233,0.027420044,-0.102725983,0.081483841,-0.004699707,-0.104068756,-0.015609741,-0.046829224,0.619161606,0.627982140,1.557589531,0.011313438,0.130965233,0.027803421,-0.000019580,-16.538076401,6.888732433,1.224937201,-0.813589752,-0.002202593,0.027755737,-16.563060760,6.899869919,1.258365631,-0.817120552,0.018157959,-0.000019580,-16.538076401,6.888732433,1.224937201,-0.813589752,-0.002202593,0.000000000,0.000000000,0.000000000,0.000000000,0.000000000,0.000000000,0.000000000,0.000000000,0.000000000,0.000000000,0.000000000,0.000000000,0.000000000,0.000000000,0.000000000,0.000000000,0.000000000,0.000000000,0.027775318,-0.024984360,0.011137486,0.033428431,-0.003530800,0.020360552,0.029362300,-0.024002790,-0.014184253,-0.023957726,-0.002838033,0.018667913
1.759399652,0.619161606,0.627982140,1.557589531,0.011313438,0.131348610,0.027803421,0.039611816,0.028991699,0.085266113,0.096008301,-0.038772583,-0.009567261,0.619161606,0.627982140,1.557589531,0.011313438,0.131348610,0.027803421,-0.000019580,-16.537860870,6.888527870,1.224709868,-0.813548565,-0.002202483,-0.016860962,-16.537425995,6.914396286,1.260440826,-0.826092720,0.013458252,-0.000019580,-16.537860870,6.888527870,1.224709868,-0.813548565,-0.002202483,0.000000000,0.000000000,0.000000000,0.000000000,0.000000000,0.000000000,0.000000000,0.000000000,0.000000000,0.000000000,0.000000000,0.000000000,0.000000000,0.000000000,0.000000000,0.000000000,0.000000000,0.000000000,-0.016841382,0.000434875,0.025868416,0.035730958,-0.012544155,0.015660735,-0.015168216,0.001408442,0.000543589,-0.021532853,-0.011784431,0.013889181
1.769380093,0.619161606,0.627982140,1.557589531,0.011313438,0.131348610,0.027803421,-0.002014160,-0.024719238,0.002014160,-0.035583496,-0.036758423,0.004531860,0.619161606,0.627982140,1.557589531,0.011313438,0.131348610,0.027420044,-0.000019580,-16.537860870,6.888528347,1.224710464,-0.813548684,-0.002201897,-0.001296997,-16.524608612,6.900388718,1.291051865,-0.816266060,-0.012603760,-0.000019580,-16.537860870,6.888528347,1.224710464,-0.813548684,-0.002201897,0.000000000,0.000000000,0.000000000,0.000000000,0.000000000,0.000000000,0.000000000,0.000000000,0.000000000,0.000000000,0.000000000,0.000000000,0.000000000,0.000000000,0.000000000,0.000000000,0.000000000,0.000000000,-0.001277417,0.013252258,0.011860371,0.066341400,-0.002717376,-0.010401863,0.000393525,0.014145905,-0.013388813,0.009026592,-0.001946654,-0.012105027
1.779379368,0.619161606,0.627982140,1.557589531,0.011313438,0.131348610,0.027420044,0.006042480,-0.030212402,-0.020812988,-0.046325684,-0.051864624,0.014602661,0.619161606,0.627982140,1.557589531,0.011313438,0.131348610,0.027420044,-0.000019580,-16.537860870,6.888528347,1.224710464,-0.813548684,-0.002201897,0.010635376,-16.552074432,6.908689499,1.267705917,-0.814984322,-0.003631592,-0.000019580,-16.537860870,6.888528347,1.224710464,-0.813548684,-0.002201897,0.000000000,0.000000000,0.000000000,0.000000000,0.000000000,0.000000000,0.000000000,0.000000000,0.000000000,0.000000000,0.000000000,0.000000000,0.000000000,0.000000000,0.000000000,0.000000000,0.000000000,0.000000000,0.010654956,-0.014213562,0.020161152,0.042995453,-0.001435637,-0.001429695,0.012257039,-0.013245503,-0.005059607,-0.014239359,-0.000661201,-0.003115357
1.789410830,0.619161606,0.627982140,1.557589531,0.011313438,0.131348610,0.027803421,0.180606842,0.025329590,0.117492676,0.010070801,0.018630981,-0.038772583,0.619161606,0.627982140,1.557589531,0.011313438,0.131348610,0.027803421,-0.000019580,-16.537860870,6.888527870,1.224709868,-0.813548565,-0.002202483,0.021011353,-16.519111633,6.892087936,1.288457870,-0.823101997,-0.002777100,-0.000019580,-16.537860870,6.888527870,1.224709868,-0.813548565,-0.002202483,0.000000000,0.000000000,0.000000000,0.000000000,0.000000000,0.000000000,0.000000000,0.000000000,0.000000000,0.000000000,0.000000000,0.000000000,0.000000000,0.000000000,0.000000000,0.000000000,0.000000000,0.000000000,0.021030933,0.018749237,0.003560066,0.063748002,-0.009553432,-0.000574616,0.022507276,0.019607756,-0.021540356,0.006477006,-0.008730223,-0.002247721
1.799453259,0.619161606,0.627982140,1.557589531,0.011313438,0.131348610,0.027803421,-0.079895020,-0.084535599,-0.010070801,-0.030212402,0.051864624,-0.002517700,0.619161606,0.627982140,1.557589531,0.011313438,0.131348610,0.027803421,-0.000019580,-16.537860870,6.888527870,1.224709868,-0.813548565,-0.002202483,-0.010116577,-16.528270721,6.912839890,1.324773788,-0.820965767,0.001922607,-0.000019580,-16.537860870,6.888527870,1.224709868,-0.813548565,-0.002202483,0.000000000,0.000000000,0.000000000,0.000000000,0.000000000,0.000000000,0.000000000,0.000000000,0.000000000,0.000000000,0.000000000,0.000000000,0.000000000,0.000000000,0.000000000,0.000000000,0.000000000,0.000000000,-0.010096997,0.009590149,0.024312019,0.100063920,-0.007417202,0.004125091,-0.008573025,0.010390940,-0.000784047,0.042556499,-0.006557562,0.002438439
1.809381485,0.619161606,0.627982140,1.557589531,0.011313438,0.130965233,0.027803421,0.015441895,0.065002441,-0.140323639,-0.161808014,-0.043807983,0.003524780,0.619161606,0.627982140,1.557589531,0.011313438,0.131348610,0.027803421,-0.000019580,-16.537860870,6.888527870,1.224709868,-0.813548565,-0.002202483,-0.013748169,-16.544750214,6.911802292,1.315435410,-0.793194771,0.009185791,-0.000019580,-16.537860870,6.888527870,1.224709868,-0.813548565,-0.002202483,0.000000000,0.000000000,0.000000000,0.000000000,0.000000000,0.000000000,0.000000000,0.000000000,0.000000000,0.000000000,0.000000000,0.000000000,0.000000000,0.000000000,0.000000000,0.000000000,0.000000000,0.000000000,-0.013728589,-0.006889343,0.023274422,0.090725541,0.020353794,0.011388274,-0.012137559,-0.006055098,-0.001811635,0.033035603,0.021096877,0.009648317
1.819379568,0.619161606,0.627982140,1.557589531,0.011313438,0.131348610,0.027803421,0.083923340,0.066833496,-0.194034576,0.090637207,0.003524780,-0.004531860,0.619161606,0.627982140,1.557589531,0.011313438,0.130965233,0.027420044,-0.000019580,-16.538078308,6.888732910,1.224937797,-0.813589871,-0.002202006,0.007003784,-16.531932831,6.921659470,1.308691025,-0.829510689,-0.003631592,-0.000019580,-16.538078308,6.888732910,1.224937797,-0.813589871,-0.002202006,0.000000000,0.000000000,0.000000000,0.000000000,0.000000000,0.000000000,0.000000000,0.000000000,0.000000000,0.000000000,0.000000000,0.000000000,0.000000000,0.000000000,0.000000000,0.000000000,0.000000000,0.000000000,0.007023364,0.006145477,0.032926559,0.083753228,-0.015920818,-0.001429586,0.008567321,0.006941582,0.007797658,0.025920867,-0.015094797,-0.003152223
1.829380035,0.619161606,0.627982140,1.557589531,0.011313438,0.131348610,0.027803421,0.050354004,-0.050966263,-0.044982910,0.089294434,-0.016616821,0.007553101,0.619161606,0.627982140,1.557589531,0.011696815,0.131348610,0.027803421,-0.000019581,-16.538246155,6.888892651,1.225115061,-0.813775837,-0.002203064,-0.007522583,-16.552074432,6.901945114,1.277044296,-0.819684029,-0.002777100,-0.000019581,-16.538246155,6.888892651,1.225115061,-0.813775837,-0.002203064,0.000000000,0.000000000,0.000000000,0.000000000,0.000000000,0.000000000,0.000000000,0.000000000,0.000000000,0.000000000,0.000000000,0.000000000,0.000000000,0.000000000,0.000000000,0.000000000,0.000000000,0.000000000,-0.007503002,-0.013828278,0.013052464,0.051929235,-0.005908191,-0.000574036,-0.005926659,-0.012961346,-0.012010805,-0.005871043,-0.005054550,-0.002284191
1.839379549,0.619161606,0.627982140,1.557589531,0.011313438,0.131348610,0.027420044,0.051696777,-0.106508255,-0.065124512,-0.050354004,0.006546021,-0.030715942,0.619161606,0.627982140,1.557589531,0.011313438,0.131348610,0.027803421,-0.000019580,-16.537860870,6.888527870,1.224709868,-0.813548565,-0.002202483,0.004928589,-16.519111633,6.912839890,1.322698593,-0.803875923,-0.004913330,-0.000019580,-16.537860870,6.888527870,1.224709868,-0.813548565,-0.002202483,0.000000000,0.000000000,0.000000000,0.000000000,0.000000000,0.000000000,0.000000000,0.000000000,0.000000000,0.000000000,0.000000000,0.000000000,0.000000000,0.000000000,0.000000000,0.000000000,0.000000000,0.000000000,0.004948169,0.018749237,0.024312019,0.097988725,0.009672642,-0.002710847,0.006489244,0.019510135,-0.000747188,0.039971211,0.010469384,-0.004397105
1.849379301,0.619161606,0.627982140,1.557589531,0.011313438,0.131348610,0.027803421,0.116149902,-0.007019043,-0.043640137,-0.020812988,0.054885864,-0.002517700,0.618778229,0.627982140,1.557589531,0.011313438,0.131348610,0.027420044,-0.000019564,-16.537860870,6.888528347,1.224710464,-0.813548684,-0.002201897,0.015304565,-16.559398651,6.912839890,1.260959625,-0.801739693,-0.007049561,-0.000019564,-16.537860870,6.888528347,1.224710464,-0.813548684,-0.002201897,0.000000000,0.000000000,0.000000000,0.000000000,0.000000000,0.000000000,0.000000000,0.000000000,0.000000000,0.000000000,0.000000000,0.000000000,0.000000000,0.000000000,0.000000000,0.000000000,0.000000000,0.000000000,0.015324129,-0.021537781,0.024311543,0.036249161,0.011808991,-0.004847664,0.016774531,-0.020665179,-0.000743645,-0.021651319,0.012537961,-0.006498793
1.859455109,0.619161606,0.627982140,1.557589531,0.011313438,0.130965233,0.027803421,-0.078552246,0.011901855,-0.015441895,0.073181152,-0.044815063,-0.011581421,0.619161606,0.627982140,1.557589531,0.011313438,0.131348610,0.027420044,-0.000019580,-16.537860870,6.888528347,1.224710464,-0.813548684,-0.002201897,0.000259399,-16.566722870,6.928403854,1.253696442,-0.820538521,0.004913330,-0.000019580,-16.537860870,6.888528347,1.224710464,-0.813548684,-0.002201897,0.000000000,0.000000000,0.000000000,0.000000000,0.000000000,0.000000000,0.000000000,0.000000000,0.000000000,0.000000000,0.000000000,0.000000000,0.000000000,0.000000000,0.000000000,0.000000000,0.000000000,0.000000000,0.000278979,-0.028862000,0.039875507,0.028985977,-0.006989837,0.007115227,0.001720134,-0.027839722,0.014741066,-0.028759879,-0.006227386,0.005434877
1.869378805,0.619161606,0.627982140,1.557589531,0.011313438,0.131348610,0.027420044,0.118835449,-0.000305176,0.024841309,-0.000671387,-0.039779663,-0.039779663,0.619161606,0.627982140,1.557589531,0.011313438,0.130965233,0.027803421,-0.000019580,-16.538076401,6.888732433,1.224937201,-0.813589752,-0.002202593,0.000259399,-16.553905487,6.901945114,1.279638290,-0.812420845,-0.012603760,-0.000019580,-16.538076401,6.888732433,1.224937201,-0.813589752,-0.002202593,0.000000000,0.000000000,0.000000000,0.000000000,0.000000000,0.000000000,0.000000000,0.000000000,0.000000000,0.000000000,0.000000000,0.000000000,0.000000000,0.000000000,0.000000000,0.000000000,0.000000000,0.000000000,0.000278980,-0.015829086,0.013212681,0.054701090,0.001168907,-0.010401167,0.001710984,-0.014728049,-0.011858347,-0.003028571,0.001921084,-0.012017253
1.879381895,0.619161606,0.627982140,1.557972908,0.011313438,0.131348610,0.027803421,0.067810059,-0.005187988,0.152404785,0.031555176,-0.006546021,-0.014602661,0.619161606,0.627982140,1.557589531,0.011313438,0.131348610,0.027803421,-0.000019580,-16.537860870,6.888527870,1.224709868,-0.813548565,-0.002202483,0.002853394,-16.506294250,6.924772263,1.240207672,-0.838055611,-0.001495361,-0.000019580,-16.537860870,6.888527870,1.224709868,-0.813548565,-0.002202483,0.000000000,0.000000000,0.000000000,0.000000000,0.000000000,0.000000000,0.000000000,0.000000000,0.000000000,0.000000000,0.000000000,0.000000000,0.000000000,0.000000000,0.000000000,0.000000000,0.000000000,0.000000000,0.002872974,0.031566620,0.036244392,0.015497804,-0.024507046,0.000707122,0.004282200,0.032494812,0.011114247,-0.042008408,-0.023629181,-0.000904155
1.889379025,0.619161606,0.627982140,1.557589531,0.011313438,0.131348610,0.027803421,0.075866699,0.130922318,0.067810059,0.137634277,0.047836304,0.010574341,0.619161606,0.627982140,1.557589531,0.011313438,0.130965233,0.027803421,-0.000019580,-16.538076401,6.888732433,1.224937201,-0.813589752,-0.002202593,-0.022048950,-16.552074432,6.918546677,1.260959625,-0.816693306,0.013031006,-0.000019580,-16.538076401,6.888732433,1.224937201,-0.813589752,-0.002202593,0.000000000,0.000000000,0.000000000,0.000000000,0.000000000,0.000000000,0.000000000,0.000000000,0.000000000,0.000000000,0.000000000,0.000000000,0.000000000,0.000000000,0.000000000,0.000000000,0.000000000,0.000000000,-0.022029370,-0.013998032,0.029814243,0.036022425,-0.003103554,0.015233598,-0.020511616,-0.013001050,0.004659444,-0.021370715,-0.002213976,0.013550625
1.899505615,0.619161606,0.627982140,1.557206154,0.011313438,0.131348610,0.027803421,0.134948730,0.008850098,-0.164493561,-0.030212402,0.002517700,0.068984985,0.619161606,0.627982140,1.557589531,0.011313438,0.131348610,0.027803421,-0.000019580,-16.537860870,6.888527870,1.224709868,-0.813548565,-0.002202483,0.003890991,-16.535594940,6.919584274,1.284307480,-0.832928658,-0.003631592,-0.000019580,-16.537860870,6.888527870,1.224709868,-0.813548565,-0.002202483,0.000000000,0.000000000,0.000000000,0.000000000,0.000000000,0.000000000,0.000000000,0.000000000,0.000000000,0.000000000,0.000000000,0.000000000,0.000000000,0.000000000,0.000000000,0.000000000,0.000000000,0.000000000,0.003910571,0.002265930,0.031056404,0.059597611,-0.019380093,-0.001429108,0.005399905,0.003245828,0.005870707,0.002192930,-0.018393705,-0.003095788
1.909380198,0.619161606,0.627982140,1.557589531,0.011313438,0.130965233,0.027420044,0.008728027,-0.021057129,-0.187320709,-0.116153717,-0.019638062,-0.053878784,0.619161606,0.627982140,1.557589531,0.011313438,0.131348610,0.027803421,-0.000019580,-16.537860870,6.888527870,1.224709868,-0.813548565,-0.002202483,0.005966187,-16.528270721,6.911802292,1.314397812,-0.795758247,0.001068115,-0.000019580,-16.537860870,6.888527870,1.224709868,-0.813548565,-0.002202483,0.000000000,0.000000000,0.000000000,0.000000000,0.000000000,0.000000000,0.000000000,0.000000000,0.000000000,0.000000000,0.000000000,0.000000000,0.000000000,0.000000000,0.000000000,0.000000000,0.000000000,0.000000000,0.005985767,0.009590149,0.023274422,0.089687943,0.017790318,0.003270599,0.007436167,0.010514994,-0.001901321,0.032115120,0.018678910,0.001595565
1.919417143,0.619161606,0.627982140,1.557589531,0.011313438,0.131348610,0.027803421,0.047668457,-0.083925247,0.028869629,-0.040954590,-0.021652222,0.044815063,0.619161606,0.627982140,1.557589531,0.011313438,0.131348610,0.027803421,-0.000019580,-16.537860870,6.888527870,1.224709868,-0.813548565,-0.002202483,-0.029830933,-16.555736542,6.919065475,1.263555527,-0.789348602,0.003631592,-0.000019580,-16.537860870,6.888527870,1.224709868,-0.813548565,-0.002202483,0.000000000,0.000000000,0.000000000,0.000000000,0.000000000,0.000000000,0.000000000,0.000000000,0.000000000,0.000000000,0.000000000,0.000000000,0.000000000,0.000000000,0.000000000,0.000000000,0.000000000,0.000000000,-0.029811353,-0.017875671,0.030537605,0.038845658,0.024199963,0.005834075,-0.028214004,-0.016862998,0.005334081,-0.018630133,0.024958562,0.004137492
1.929383278,0.619161606,0.627982140,1.557589531,0.011313438,0.131348610,0.027420044,-0.036926270,-0.068056107,-0.032897949,0.014099121,0.035751343,-0.075031281,0.619161606,0.627982140,1.557589531,0.011313438,0.131348610,0.027420044,-0.000019580,-16.537860870,6.888528347,1.224710464,-0.813548684,-0.002201897,0.026199341,-16.508125305,6.902982712,1.278081894,-0.800030708,0.003204346,-0.000019580,-16.537860870,6.888528347,1.224710464,-0.813548684,-0.002201897,0.000000000,0.000000000,0.000000000,0.000000000,0.000000000,0.000000000,0.000000000,0.000000000,0.000000000,0.000000000,0.000000000,0.000000000,0.000000000,0.000000000,0.000000000,0.000000000,0.000000000,0.000000000,0.026218921,0.029735565,0.014454365,0.053371429,0.013517976,0.005406243,0.027672886,0.030589743,-0.010693752,-0.004083205,0.014202985,0.003690538
1.939379930,0.619161606,0.627982140,1.557589531,0.011313438,0.131348610,0.027803421,0.028869629,-0.028991699,-0.097354889,0.093322754,-0.006546021,-0.011581421,0.619161606,0.627982140,1.557589531,0.011313438,0.131348610,0.027803421,-0.000019580,-16.537860870,6.888527870,1.224709868,-0.813548565,-0.002202483,-0.018417358,-16.513618469,6.910245895,1.270818710,-0.814984322,-0.019866943,-0.000019580,-16.537860870,6.888527870,1.224709868,-0.813548565,-0.002202483,0.000000000,0.000000000,0.000000000,0.000000000,0.000000000,0.000000000,0.000000000,0.000000000,0.000000000,0.000000000,0.000000000,0.000000000,0.000000000,0.000000000,0.000000000,0.000000000,0.000000000,0.000000000,-0.018397778,0.024242401,0.021718025,0.046108842,-0.001435757,-0.017664460,-0.016856921,0.024967878,-0.003412501,-0.011287609,-0.000746898,-0.019280779
1.949387312,0.619161606,0.627982140,1.557589531,0.011313438,0.131348610,0.027803421,0.069152832,0.022277832,0.091979980,-0.113468170,-0.014602661,-0.041793823,0.619161606,0.627982140,1.557972908,0.011313438,0.130965233,0.027803421,-0.000019584,-16.540206909,6.890750408,1.225342393,-0.813817024,-0.002203173,0.036056519,-16.548412323,6.922178268,1.273931503,-0.837201118,0.011322021,-0.000019584,-16.540206909,6.890750408,1.225342393,-0.813817024,-0.002203173,0.000000000,0.000000000,0.000000000,0.000000000,0.000000000,0.000000000,0.000000000,0.000000000,0.000000000,0.000000000,0.000000000,0.000000000,0.000000000,0.000000000,0.000000000,0.000000000,0.000000000,0.000000000,0.036076102,-0.008205414,0.031427860,0.048589110,-0.023384094,0.013525195,0.037425036,-0.007441774,0.006265205,-0.008762405,-0.022579443,0.011848116
1.959401608,0.619161606,0.627982140,1.557589531,0.011313438,0.130965233,0.027803421,-0.087955475,-0.037536621,-0.156436920,-0.049011230,-0.011581421,0.007553101,0.619161606,0.627982140,1.557589531,0.011313438,0.130965233,0.027803421,-0.000019580,-16.538076401,6.888732433,1.224937201,-0.813589752,-0.002202593,-0.001815796,-16.564891815,6.907651901,1.278600693,-0.803448677,0.004058838,-0.000019580,-16.538076401,6.888732433,1.224937201,-0.813589752,-0.002202593,0.000000000,0.000000000,0.000000000,0.000000000,0.000000000,0.000000000,0.000000000,0.000000000,0.000000000,0.000000000,0.000000000,0.000000000,0.000000000,0.000000000,0.000000000,0.000000000,0.000000000,0.000000000,-0.001796216,-0.026815414,0.018919468,0.053663492,0.010141075,0.006261430,-0.000445011,-0.025919532,-0.006211496,-0.003669302,0.010890164,0.004561081
1.969379187,0.619161606,0.627982140,1.557589531,0.011313438,0.130965233,0.027803421,-0.055725098,-0.052797318,-0.067810059,0.108093262,-0.058914185,0.034744263,0.619161606,0.627982140,1.557589531,0.011696815,0.131348610,0.027803421,-0.000019581,-16.538246155,6.888892651,1.225115061,-0.813775837,-0.002203064,0.028274536,-16.539257050,6.899351120,1.261478424,-0.809430122,-0.005340576,-0.000019581,-16.538246155,6.888892651,1.225115061,-0.813775837,-0.002203064,0.000000000,0.000000000,0.000000000,0.000000000,0.000000000,0.000000000,0.000000000,0.000000000,0.000000000,0.000000000,0.000000000,0.000000000,0.000000000,0.000000000,0.000000000,0.000000000,0.000000000,0.000000000,0.028294117,-0.001010895,0.010458469,0.036363363,0.004345715,-0.003137512,0.029495597,-0.000114431,-0.014598391,-0.020863525,0.005069073,-0.004813428
1.979381800,0.619161606,0.627982140,1.557589531,0.011313438,0.131348610,0.027803421,-0.187320709,0.093080521,-0.167179108,-0.083923340,0.011581421,0.031723022,0.619161606,0.627982140,1.557589531,0.011313438,0.130965233,0.027420044,-0.000019580,-16.538078308,6.888732910,1.224937797,-0.813589871,-0.002202006,0.015304565,-16.546581268,6.911802292,1.288457870,-0.808148384,0.008331299,-0.000019580,-16.538078308,6.888732910,1.224937797,-0.813589871,-0.002202006,0.000000000,0.000000000,0.000000000,0.000000000,0.000000000,0.000000000,0.000000000,0.000000000,0.000000000,0.000000000,0.000000000,0.000000000,0.000000000,0.000000000,0.000000000,0.000000000,0.000000000,0.000000000,0.015324146,-0.008502960,0.023069382,0.063520074,0.005441487,0.010533305,0.016442583,-0.007568273,-0.001977492,0.006261561,0.006133865,0.008812879
1.989379644,0.619161606,0.627982140,1.557589531,0.011313438,0.131348610,0.027803421,-0.067810059,-0.024719238,0.185977936,-0.108097076,0.055892944,0.010574341,0.619161606,0.627982140,1.557589531,0.011313438,0.131348610,0.027803421,-0.000019580,-16.537860870,6.888527870,1.224709868,-0.813548565,-0.002202483,0.012710571,-16.568553925,6.902463913,1.308172226,-0.888898849,0.013031006,-0.000019580,-16.537860870,6.888527870,1.224709868,-0.813548565,-0.002202483,0.000000000,0.000000000,0.000000000,0.000000000,0.000000000,0.000000000,0.000000000,0.000000000,0.000000000,0.000000000,0.000000000,0.000000000,0.000000000,0.000000000,0.000000000,0.000000000,0.000000000,0.000000000,0.012730151,-0.030693054,0.013936043,0.083462358,-0.075350285,0.015233489,0.013779345,-0.029609575,-0.011055276,0.026072826,-0.074284616,0.013445498
1.999465704,0.619161606,0.627982140,1.557589531,0.011313438,0.131348610,0.027803421,-0.007385254,-0.014343262,0.049011230,-0.140323639,0.010574341,-0.023666382,0.619161606,0.627982140,1.557589531,0.011313438,0.131348610,0.027420044,-0.000019580,-16.537860870,6.888528347,1.224710464,-0.813548684,-0.002201897,0.010635376,-16.513618469,6.909208298,1.278600693,-0.745342255,-0.004913330,-0.000019580,-16.537860870,6.888528347,1.224710464,-0.813548684,-0.002201897,0.000000000,0.000000000,0.000000000,0.000000000,0.000000000,0.000000000,0.000000000,0.000000000,0.000000000,0.000000000,0.000000000,0.000000000,0.000000000,0.000000000,0.000000000,0.000000000,0.000000000,0.000000000,0.010654956,0.024242401,0.020679951,0.053890228,0.068206429,-0.002711433,0.011645920,0.025199881,-0.004289919,-0.003481894,0.068927460,-0.004477039
2.009379387,0.619161606,0.627982140,1.557206154,0.011313438,0.131348610,0.027420044,-0.011413574,-0.097963333,-0.006042480,-0.102725983,-0.013595581,-0.009567261,0.619161606,0.627982140,1.557589531,0.011313438,0.131348610,0.027803421,-0.000019580,-16.537860870,6.888527870,1.224709868,-0.813548565,-0.002202483,-0.005447388,-16.575878143,6.909208298,1.346563339,-0.840619087,0.001068115,-0.000019580,-16.537860870,6.888527870,1.224709868,-0.813548565,-0.002202483,0.000000000,0.000000000,0.000000000,0.000000000,0.000000000,0.000000000,0.000000000,0.000000000,0.000000000,0.000000000,0.000000000,0.000000000,0.000000000,0.000000000,0.000000000,0.000000000,0.000000000,0.000000000,-0.005427808,-0.038017273,0.020680428,0.121853471,-0.027070522,0.003270599,-0.004436843,-0.037059793,-0.004289442,0.064481349,-0.026349491,0.001504993
2.019387007,0.619161606,0.627982140,1.557589531,0.011313438,0.131348610,0.027420044,0.090637207,0.035705566,-0.097354889,-0.102725983,0.004531860,-0.026687622,0.618778229,0.627982140,1.557589531,0.011313438,0.131348610,0.027420044,-0.000019564,-16.537860870,6.888528347,1.224710464,-0.813548684,-0.002201897,0.038650513,-16.570384979,6.913358688,1.268224716,-0.844037056,0.013031006,-0.000019564,-16.537860870,6.888528347,1.224710464,-0.813548684,-0.002201897,0.000000000,0.000000000,0.000000000,0.000000000,0.000000000,0.000000000,0.000000000,0.000000000,0.000000000,0.000000000,0.000000000,0.000000000,0.000000000,0.000000000,0.000000000,0.000000000,0.000000000,0.000000000,0.038670076,-0.032524109,0.024830341,0.043514252,-0.030488372,0.015232903,0.039661041,-0.031566629,-0.000139528,-0.013857871,-0.029767341,0.013467297
2.029417992,0.619161606,0.627982140,1.557589531,0.011313438,0.131348610,0.027803421,-0.035583496,0.018005371,0.147033691,-0.036926270,-0.017623901,0.025680542,0.619161606,0.627982140,1.557589531,0.011313438,0.131348610,0.027803421,-0.000019580,-16.537860870,6.888527870,1.224709868,-0.813548565,-0.002202483,-0.013748169,-16.561229706,6.889493942,1.265111923,-0.824810982,-0.017303467,-0.000019580,-16.537860870,6.888527870,1.224709868,-0.813548565,-0.002202483,0.000000000,0.000000000,0.000000000,0.000000000,0.000000000,0.000000000,0.000000000,0.000000000,0.000000000,0.000000000,0.000000000,0.000000000,0.000000000,0.000000000,0.000000000,0.000000000,0.000000000,0.000000000,-0.013728589,-0.023368835,0.000966072,0.040402055,-0.011262417,-0.015100983,-0.012737624,-0.022411356,-0.024003798,-0.016970067,-0.010541386,-0.016866589
2.039397478,0.619161606,0.627982140,1.557589531,0.011313438,0.131348610,0.027420044,0.078552246,0.012512207,0.173892975,-0.077209473,-0.021652222,-0.068988800,0.619161606,0.627982140,1.557589531,0.011313438,0.131348610,0.027420044,-0.000019580,-16.537860870,6.888528347,1.224710464,-0.813548684,-0.002201897,0.019973755,-16.548412323,6.914915085,1.279638290,-0.847883224,-0.012176514,-0.000019580,-16.537860870,6.888528347,1.224710464,-0.813548684,-0.002201897,0.000000000,0.000000000,0.000000000,0.000000000,0.000000000,0.000000000,0.000000000,0.000000000,0.000000000,0.000000000,0.000000000,0.000000000,0.000000000,0.000000000,0.000000000,0.000000000,0.000000000,0.000000000,0.019993335,-0.010551453,0.026386738,0.054927826,-0.034334540,-0.009974617,0.020984299,-0.009593973,0.001416868,-0.002444296,-0.033613510,-0.011740222
2.049401522,0.618778229,0.627982140,1.557589531,0.011313438,0.130965233,0.027803421,-0.286685944,0.133974075,0.077209473,-0.003356934,-0.061935425,0.028701782,0.619161606,0.627982140,1.557589531,0.011313438,0.131348610,0.027420044,-0.000019580,-16.537860870,6.888528347,1.224710464,-0.813548684,-0.002201897,-0.002853394,-16.531932831,6.907651901,1.302984238,-0.805584908,0.005340576,-0.000019580,-16.537860870,6.888528347,1.224710464,-0.813548684,-0.002201897,0.000000000,0.000000000,0.000000000,0.000000000,0.000000000,0.000000000,0.000000000,0.000000000,0.000000000,0.000000000,0.000000000,0.000000000,0.000000000,0.000000000,0.000000000,0.000000000,0.000000000,0.000000000,-0.002833814,0.005928040,0.019123554,0.078273773,0.007963777,0.007542473,-0.001842849,0.006885519,-0.005846315,0.020901651,0.008684807,0.005776867
2.059381247,0.619161606,0.627982140,1.557589531,0.011313438,0.131348610,0.027803421,-0.038269043,-0.003967285,0.034240723,-0.096012115,-0.015609741,0.024673462,0.619161606,0.627982140,1.557589531,0.011313438,0.131348610,0.027420044,-0.000019580,-16.537860870,6.888528347,1.224710464,-0.813548684,-0.002201897,-0.002334595,-16.566722870,6.900907516,1.302465439,-0.823101997,-0.004486084,-0.000019580,-16.537860870,6.888528347,1.224710464,-0.813548684,-0.002201897,0.000000000,0.000000000,0.000000000,0.000000000,0.000000000,0.000000000,0.000000000,0.000000000,0.000000000,0.000000000,0.000000000,0.000000000,0.000000000,0.000000000,0.000000000,0.000000000,0.000000000,0.000000000,-0.002315015,-0.028862000,0.012379169,0.077754974,-0.009553313,-0.002284187,-0.001324050,-0.027904520,-0.012590700,0.020382852,-0.008832282,-0.004049793
2.069378614,0.619161606,0.627982140,1.557206154,0.011313438,0.131348610,0.027803421,-0.032897949,0.060729980,-0.175235748,-0.100040436,0.020645142,-0.086109161,0.619161606,0.627982140,1.557589531,0.011313438,0.130965233,0.027803421,-0.000019580,-16.538076401,6.888732433,1.224937201,-0.813589752,-0.002202593,-0.000259399,-16.500801086,6.910764694,1.268743515,-0.838910103,-0.006622314,-0.000019580,-16.538076401,6.888732433,1.224937201,-0.813589752,-0.002202593,0.000000000,0.000000000,0.000000000,0.000000000,0.000000000,0.000000000,0.000000000,0.000000000,0.000000000,0.000000000,0.000000000,0.000000000,0.000000000,0.000000000,0.000000000,0.000000000,0.000000000,0.000000000,-0.000239819,0.037275314,0.022032261,0.043806314,-0.025320351,-0.004419722,0.000751145,0.038232794,-0.002937609,-0.013565808,-0.024599320,-0.006185328
2.079407215,0.619161606,0.627982140,1.557589531,0.011313438,0.130965233,0.027420044,-0.032897949,-0.036926270,-0.116153717,0.074523926,-0.029708862,-0.021652222,0.619161606,0.627982140,1.557589531,0.011313438,0.130965233,0.027803421,-0.000019580,-16.538076401,6.888732433,1.224937201,-0.813589752,-0.002202593,0.010116577,-16.557567596,6.913877487,1.337743759,-0.812848091,0.003204346,-0.000019580,-16.538076401,6.888732433,1.224937201,-0.813589752,-0.002202593,0.000000000,0.000000000,0.000000000,0.000000000,0.000000000,0.000000000,0.000000000,0.000000000,0.000000000,0.000000000,0.000000000,0.000000000,0.000000000,0.000000000,0.000000000,0.000000000,0.000000000,0.000000000,0.010136157,-0.019491196,0.025145054,0.112806559,0.000741661,0.005406938,0.011127122,-0.018533716,0.000175184,0.055434436,0.001462691,0.003641333
2.089402199,0.619161606,0.627982140,1.557589531,0.011313438,0.131348610,0.027803421,0.003356934,-0.050355911,0.079895020,0.129577637,0.039779663,-0.020645142,0.619161606,0.627982140,1.557589531,0.011313438,0.131348610,0.027420044,-0.000019580,-16.537860870,6.888528347,1.224710464,-0.813548684,-0.002201897,0.028274536,-16.506294250,6.910245895,1.299352646,-0.813702583,-0.003204346,-0.000019580,-16.537860870,6.888528347,1.224710464,-0.813548684,-0.002201897,0.000000000,0.000000000,0.000000000,0.000000000,0.000000000,0.000000000,0.000000000,0.000000000,0.000000000,0.000000000,0.000000000,0.000000000,0.000000000,0.000000000,0.000000000,0.000000000,0.000000000,0.000000000,0.028294116,0.031566620,0.021717548,0.074642181,-0.000153899,-0.001002449,0.029285081,0.032524099,-0.003252321,0.017270059,0.000567132,-0.002768055
2.099485159,0.619161606,0.627982140,1.557589531,0.011313438,0.130965233,0.027803421,0.063781738,0.124818802,0.090637207,0.024841309,-0.003524780,-0.005538940,0.619161606,0.627982140,1.557589531,0.011313438,0.131348610,0.027420044,-0.000019580,-16.537860870,6.888528347,1.224710464,-0.813548684,-0.002201897,0.003890991,-16.504463196,6.907133102,1.271337509,-0.823529243,-0.005767822,-0.000019580,-16.537860870,6.888528347,1.224710464,-0.813548684,-0.002201897,0.000000000,0.000000000,0.000000000,0.000000000,0.000000000,0.000000000,0.000000000,0.000000000,0.000000000,0.000000000,0.000000000,0.000000000,0.000000000,0.000000000,0.000000000,0.000000000,0.000000000,0.000000000,0.003910571,0.033397675,0.018604755,0.046627045,-0.009980559,-0.003565925,0.004901536,0.034355154,-0.006365114,-0.010745078,-0.009259528,-0.005331531
2.109504938,0.619161606,0.627982140,1.557589531,0.011313438,0.130965233,0.027803421,0.036926270,-0.030822754,-0.085266113,-0.010070801,-0.047836304,0.018630981,0.619161606,0.627982140,1.557589531,0.011313438,0.131348610,0.027803421,-0.000019580,-16.537860870,6.888527870,1.224709868,-0.813548565,-0.002202483,-0.007522583,-16.566722870,6.900388718,1.270818710,-0.810284615,0.008758545,-0.000019580,-16.537860870,6.888527870,1.224709868,-0.813548565,-0.002202483,0.000000000,0.000000000,0.000000000,0.000000000,0.000000000,0.000000000,0.000000000,0.000000000,0.000000000,0.000000000,0.000000000,0.000000000,0.000000000,0.000000000,0.000000000,0.000000000,0.000000000,0.000000000,-0.007503003,-0.028862000,0.011860847,0.046108842,0.003263950,0.010961028,-0.006512039,-0.027904520,-0.013109022,-0.011263280,0.003984981,0.009195423
2.119381905,0.619161606,0.627982140,1.557589531,0.011313438,0.131348610,0.027803421,-0.096012115,-0.046693802,0.018127441,-0.046325684,-0.047836304,-0.010574341,0.619161606,0.627982140,1.557589531,0.011313438,0.130965233,0.027420044,-0.000019580,-16.538078308,6.888732910,1.224937797,-0.813589871,-0.002202006,0.045913696,-16.513618469,6.902463913,1.266149521,-0.820965767,-0.008758545,-0.000019580,-16.538078308,6.888732910,1.224937797,-0.813589871,-0.002202006,0.000000000,0.000000000,0.000000000,0.000000000,0.000000000,0.000000000,0.000000000,0.000000000,0.000000000,0.000000000,0.000000000,0.000000000,0.000000000,0.000000000,0.000000000,0.000000000,0.000000000,0.000000000,0.045933277,0.024459839,0.013731003,0.041211724,-0.007375896,-0.006556539,0.046924241,0.025417318,-0.011238867,-0.016160398,-0.006654865,-0.008322145
2.129412174,0.619161606,0.627982140,1.557589531,0.011313438,0.131348610,0.027803421,-0.006042480,-0.010681152,-0.043640137,-0.071838379,-0.043807983,-0.017623901,0.619161606,0.627982140,1.557589531,0.011313438,0.131348610,0.027803421,-0.000019580,-16.537860870,6.888527870,1.224709868,-0.813548565,-0.002202483,-0.016860962,-16.564891815,6.913877487,1.280157089,-0.811566353,-0.004058838,-0.000019580,-16.537860870,6.888527870,1.224709868,-0.813548565,-0.002202483,0.000000000,0.000000000,0.000000000,0.000000000,0.000000000,0.000000000,0.000000000,0.000000000,0.000000000,0.000000000,0.000000000,0.000000000,0.000000000,0.000000000,0.000000000,0.000000000,0.000000000,0.000000000,-0.016841382,-0.027030945,0.025349617,0.055447221,0.001982212,-0.001856355,-0.015850417,-0.026073465,0.000379747,-0.001924901,0.002703243,-0.003621960
2.139453173,0.619161606,0.627982140,1.557589531,0.011313438,0.131348610,0.027803421,0.098693848,-0.069276810,-0.117496490,-0.066467285,-0.002517700,0.023666382,0.618778229,0.627982140,1.557589531,0.011313438,0.131348610,0.027420044,-0.000019564,-16.537860870,6.888528347,1.224710464,-0.813548684,-0.002201897,-0.001296997,-16.517280579,6.939298630,1.268743515,-0.819684029,0.008758545,-0.000019564,-16.537860870,6.888528347,1.224710464,-0.813548684,-0.002201897,0.000000000,0.000000000,0.000000000,0.000000000,0.000000000,0.000000000,0.000000000,0.000000000,0.000000000,0.000000000,0.000000000,0.000000000,0.000000000,0.000000000,0.000000000,0.000000000,0.000000000,0.000000000,-0.001277433,0.020580292,0.050770283,0.044033051,-0.006135345,0.010960442,-0.000286469,0.021537771,0.025800413,-0.013339072,-0.005414314,0.009194836
2.149378061,0.619161606,0.627982140,1.557589531,0.011313438,0.131348610,0.027803421,0.004699707,-0.028381348,-0.012756348,-0.104068756,0.005538940,-0.011581421,0.619161606,0.627982140,1.557589531,0.011313438,0.131348610,0.027803421,-0.000019580,-16.537860870,6.888527870,1.224709868,-0.813548565,-0.002202483,0.003372192,-16.506294250,6.912839890,1.297277451,-0.839764595,0.010040283,-0.000019580,-16.537860870,6.888527870,1.224709868,-0.813548565,-0.002202483,0.000000000,0.000000000,0.000000000,0.000000000,0.000000000,0.000000000,0.000000000,0.000000000,0.000000000,0.000000000,0.000000000,0.000000000,0.000000000,0.000000000,0.000000000,0.000000000,0.000000000,0.000000000,0.003391772,0.031566620,0.024312019,0.072567582,-0.026216030,0.012242767,0.004382737,0.032524099,-0.000657850,0.015195460,-0.025494999,0.010477161
2.159379959,0.619161606,0.627982140,1.557589531,0.011313438,0.131348610,0.027803421,0.066467285,0.018005371,-0.137638092,0.071838379,-0.048843384,-0.064960480,0.619161606,0.627982140,1.557589531,0.011313438,0.131348610,0.027420044,-0.000019580,-16.537860870,6.888528347,1.224710464,-0.813548684,-0.002201897,-0.030349731,-16.537425995,6.911802292,1.273412704,-0.820538521,0.005340576,-0.000019580,-16.537860870,6.888528347,1.224710464,-0.813548684,-0.002201897,0.000000000,0.000000000,0.000000000,0.000000000,0.000000000,0.000000000,0.000000000,0.000000000,0.000000000,0.000000000,0.000000000,0.000000000,0.000000000,0.000000000,0.000000000,0.000000000,0.000000000,0.000000000,-0.030330151,0.000434875,0.023273945,0.048702240,-0.006989837,0.007542473,-0.029339187,0.001392355,-0.001695925,-0.008669882,-0.006268806,0.005776867
2.169400454,0.618778229,0.627982140,1.557589531,0.011313438,0.131348610,0.027803421,0.049011230,-0.028381348,0.022155762,0.061096191,0.051864624,-0.007553101,0.619161606,0.627982140,1.557589531,0.011313438,0.131348610,0.027803421,-0.000019580,-16.537860870,6.888527870,1.224709868,-0.813548565,-0.002202483,0.003372192,-16.535594940,6.896757126,1.267705917,-0.812420845,-0.004058838,-0.000019580,-16.537860870,6.888527870,1.224709868,-0.813548565,-0.002202483,0.000000000,0.000000000,0.000000000,0.000000000,0.000000000,0.000000000,0.000000000,0.000000000,0.000000000,0.000000000,0.000000000,0.000000000,0.000000000,0.000000000,0.000000000,0.000000000,0.000000000,0.000000000,0.003391772,0.002265930,0.008229256,0.042996049,0.001127720,-0.001856355,0.004382737,0.003223410,-0.016740614,-0.014376073,0.001848751,-0.003621960
2.179415226,0.619161606,0.627982140,1.557589531,0.011313438,0.131348610,0.027420044,0.086608887,0.039978027,0.014099121,-0.053039551,0.001510620,-0.020645142,0.619161606,0.627982140,1.557589531,0.011313438,0.131348610,0.027803421,-0.000019580,-16.537860870,6.888527870,1.224709868,-0.813548565,-0.002202483,-0.013229370,-16.524608612,6.913358688,1.279119492,-0.810284615,-0.002777100,-0.000019580,-16.537860870,6.888527870,1.224709868,-0.813548565,-0.002202483,0.000000000,0.000000000,0.000000000,0.000000000,0.000000000,0.000000000,0.000000000,0.000000000,0.000000000,0.000000000,0.000000000,0.000000000,0.000000000,0.000000000,0.000000000,0.000000000,0.000000000,0.000000000,-0.013209790,0.013252258,0.024830818,0.054409623,0.003263950,-0.000574616,-0.012218826,0.014209738,-0.000139051,-0.002962499,0.003984981,-0.002340222
2.189398289,0.619161606,0.627982140,1.557589531,0.011313438,0.131348610,0.027803421,-0.038269043,-0.038757324,-0.049011230,-0.073181152,0.000503540,0.037765503,0.619161606,0.627982140,1.557589531,0.011313438,0.131348610,0.027420044,-0.000019580,-16.537860870,6.888528347,1.224710464,-0.813548684,-0.002201897,-0.014266968,-16.533763885,6.905057907,1.310247421,-0.824810982,-0.010040283,-0.000019580,-16.537860870,6.888528347,1.224710464,-0.813548684,-0.002201897,0.000000000,0.000000000,0.000000000,0.000000000,0.000000000,0.000000000,0.000000000,0.000000000,0.000000000,0.000000000,0.000000000,0.000000000,0.000000000,0.000000000,0.000000000,0.000000000,0.000000000,0.000000000,-0.014247388,0.004096985,0.016529560,0.085536957,-0.011262298,-0.007838386,-0.013256423,0.005054464,-0.008440309,0.028164835,-0.010541267,-0.009603992
2.199446440,0.619161606,0.627982140,1.557589531,0.011313438,0.131348610,0.027420044,-0.003356934,-0.009460449,0.012756348,0.136291504,-0.014602661,-0.049850464,0.619161606,0.627982140,1.557589531,0.011313438,0.131348610,0.027420044,-0.000019580,-16.537860870,6.888528347,1.224710464,-0.813548684,-0.002201897,-0.004928589,-16.519111633,6.918027878,1.288457870,-0.800030708,0.000640869,-0.000019580,-16.537860870,6.888528347,1.224710464,-0.813548684,-0.002201897,0.000000000,0.000000000,0.000000000,0.000000000,0.000000000,0.000000000,0.000000000,0.000000000,0.000000000,0.000000000,0.000000000,0.000000000,0.000000000,0.000000000,0.000000000,0.000000000,0.000000000,0.000000000,-0.004909009,0.018749237,0.029499531,0.063747406,0.013517976,0.002842766,-0.003918044,0.019706717,0.004529661,0.006375284,0.014239007,0.001077160
2.209378719,0.619161606,0.627982140,1.557589531,0.011313438,0.131348610,0.027803421,0.043640137,-0.077211380,0.108093262,-0.038269043,-0.027694702,0.027694702,0.619161606,0.627982140,1.557589531,0.011313438,0.131348610,0.027803421,-0.000019580,-16.537860870,6.888527870,1.224709868,-0.813548565,-0.002202483,0.006484985,-16.552074432,6.919584274,1.264593124,-0.801312447,0.019012451,-0.000019580,-16.537860870,6.888527870,1.224709868,-0.813548565,-0.002202483,0.000000000,0.000000000,0.000000000,0.000000000,0.000000000,0.000000000,0.000000000,0.000000000,0.000000000,0.000000000,0.000000000,0.000000000,0.000000000,0.000000000,0.000000000,0.000000000,0.000000000,0.000000000,0.006504565,-0.014213562,0.031056404,0.039883256,0.012236118,0.021214935,0.007495530,-0.013256082,0.006086535,-0.017488866,0.012957149,0.019449329
2.219421625,0.619161606,0.627982140,1.557589531,0.011313438,0.131348610,0.027803421,0.091979980,0.015563965,-0.218204498,-0.053039551,-0.024673462,0.039779663,0.619161606,0.627982140,1.557589531,0.011313438,0.131348610,0.027803421,-0.000019580,-16.537860870,6.888527870,1.224709868,-0.813548565,-0.002202483,-0.027755737,-16.555736542,6.906095505,1.286382675,-0.814557076,-0.013885498,-0.000019580,-16.537860870,6.888527870,1.224709868,-0.813548565,-0.002202483,0.000000000,0.000000000,0.000000000,0.000000000,0.000000000,0.000000000,0.000000000,0.000000000,0.000000000,0.000000000,0.000000000,0.000000000,0.000000000,0.000000000,0.000000000,0.000000000,0.000000000,0.000000000,-0.027736157,-0.017875671,0.017567635,0.061672807,-0.001008511,-0.011683015,-0.026745193,-0.016918192,-0.007402235,0.004300684,-0.000287480,-0.013448620
2.229379416,0.619161606,0.627982140,1.557589531,0.011313438,0.131348610,0.027420044,0.128234863,0.146791458,-0.071838379,0.079895020,-0.043807983,-0.021652222,0.619161606,0.627982140,1.557589531,0.011313438,0.131348610,0.027420044,-0.000019580,-16.537860870,6.888528347,1.224710464,-0.813548684,-0.002201897,-0.007003784,-16.548412323,6.923734665,1.292089462,-0.809002876,-0.003631592,-0.000019580,-16.537860870,6.888528347,1.224710464,-0.813548684,-0.002201897,0.000000000,0.000000000,0.000000000,0.000000000,0.000000000,0.000000000,0.000000000,0.000000000,0.000000000,0.000000000,0.000000000,0.000000000,0.000000000,0.000000000,0.000000000,0.000000000,0.000000000,0.000000000,-0.006984204,-0.010551453,0.035206318,0.067378998,0.004545808,-0.001429695,-0.005993240,-0.009593973,0.010236448,0.010006876,0.005266839,-0.003195301
2.239453554,0.619161606,0.627982140,1.557589531,0.011313438,0.131348610,0.027803421,-0.089298248,-0.043642044,-0.022155762,0.051696777,-0.069995880,-0.016616821,0.619161606,0.627982140,1.557589531,0.011313438,0.131348610,0.027420044,-0.000019580,-16.537860870,6.888528347,1.224710464,-0.813548684,-0.002201897,0.003890991,-16.520942688,6.926847458,1.311285019,-0.868818283,0.002349854,-0.000019580,-16.537860870,6.888528347,1.224710464,-0.813548684,-0.002201897,0.000000000,0.000000000,0.000000000,0.000000000,0.000000000,0.000000000,0.000000000,0.000000000,0.000000000,0.000000000,0.000000000,0.000000000,0.000000000,0.000000000,0.000000000,0.000000000,0.000000000,0.000000000,0.003910571,0.016918182,0.038319111,0.086574554,-0.055269599,0.004551750,0.004901536,0.017875662,0.013349241,0.029202432,-0.054548568,0.002786145
2.249377966,0.619161606,0.627982140,1.557589531,0.011313438,0.131348610,0.027803421,-0.008728027,0.096132278,0.199405670,0.047668457,-0.051864624,-0.027694702,0.619161606,0.627982140,1.557589531,0.011313438,0.131348610,0.027803421,-0.000019580,-16.537860870,6.888527870,1.224709868,-0.813548565,-0.002202483,-0.001296997,-16.520942688,6.923734665,1.283788681,-0.820965767,-0.010894775,-0.000019580,-16.537860870,6.888527870,1.224709868,-0.813548565,-0.002202483,0.000000000,0.000000000,0.000000000,0.000000000,0.000000000,0.000000000,0.000000000,0.000000000,0.000000000,0.000000000,0.000000000,0.000000000,0.000000000,0.000000000,0.000000000,0.000000000,0.000000000,0.000000000,-0.001277417,0.016918182,0.035206795,0.059078813,-0.007417202,-0.008692292,-0.000286453,0.017875662,0.010236925,0.001706690,-0.006696171,-0.010457898
2.259409189,0.619161606,0.627982140,1.557589531,0.011313438,0.131348610,0.027420044,0.102722168,-0.075990677,0.062438965,-0.067810059,0.017623901,-0.026687622,0.619161606,0.627982140,1.557589531,0.011313438,0.131348610,0.027803421,-0.000019580,-16.537860870,6.888527870,1.224709868,-0.813548565,-0.002202483,0.004409790,-16.533763885,6.913877487,1.312322617,-0.795758247,0.005340576,-0.000019580,-16.537860870,6.888527870,1.224709868,-0.813548565,-0.002202483,0.000000000,0.000000000,0.000000000,0.000000000,0.000000000,0.000000000,0.000000000,0.000000000,0.000000000,0.000000000,0.000000000,0.000000000,0.000000000,0.000000000,0.000000000,0.000000000,0.000000000,0.000000000,0.004429370,0.004096985,0.025349617,0.087612748,0.017790318,0.007543060,0.005420335,0.005054464,0.000379747,0.030240626,0.018511348,0.005777454
2.269437075,0.619161606,0.627982140,1.557972908,0.011313438,0.131348610,0.027803421,-0.032897949,0.017395020,0.118835449,0.024841309,0.064956665,0.110275269,0.619161606,0.627982140,1.557589531,0.011313438,0.131348610,0.027803421,-0.000019580,-16.537860870,6.888527870,1.224709868,-0.813548565,-0.002202483,-0.002853394,-16.583202362,6.905057907,1.282751083,-0.799176216,-0.009613037,-0.000019580,-16.537860870,6.888527870,1.224709868,-0.813548565,-0.002202483,0.000000000,0.000000000,0.000000000,0.000000000,0.000000000,0.000000000,0.000000000,0.000000000,0.000000000,0.000000000,0.000000000,0.000000000,0.000000000,0.000000000,0.000000000,0.000000000,0.000000000,0.000000000,-0.002833814,-0.045341492,0.016530037,0.058041215,0.014372349,-0.007410554,-0.001842849,-0.044384012,-0.008439833,0.000669093,0.015093380,-0.009176159
2.279360056,0.619161606,0.627598763,1.557589531,0.011313438,0.131348610,0.027420044,-0.020812988,-0.048524857,0.067810059,-0.147037506,-0.021652222,-0.003524780,0.619161606,0.627982140,1.557589531,0.011313438,0.131348610,0.027420044,-0.000019580,-16.537860870,6.888528347,1.224710464,-0.813548684,-0.002201897,-0.047990799,-16.577709198,6.888975143,1.240207672,-0.806012154,0.016876221,-0.000019580,-16.537860870,6.888528347,1.224710464,-0.813548684,-0.002201897,0.000000000,0.000000000,0.000000000,0.000000000,0.000000000,0.000000000,0.000000000,0.000000000,0.000000000,0.000000000,0.000000000,0.000000000,0.000000000,0.000000000,0.000000000,0.000000000,0.000000000,0.000000000,-0.047971219,-0.039848328,0.000446796,0.015497208,0.007536530,0.019078118,-0.046980254,-0.038890848,-0.024523073,-0.041874915,0.008257561,0.017312512
2.289389849,0.619161606,0.627982140,1.557589531,0.011313438,0.131348610,0.027803421,-0.007385254,0.050354004,0.087951660,0.112121582,-0.030715942,0.013595581,0.619161606,0.627982140,1.557589531,0.011313438,0.131348610,0.027420044,-0.000019580,-16.537860870,6.888528347,1.224710464,-0.813548684,-0.002201897,-0.008041382,-16.539257050,6.918546677,1.315435410,-0.828228951,-0.001068115,-0.000019580,-16.537860870,6.888528347,1.224710464,-0.813548684,-0.002201897,0.000000000,0.000000000,0.000000000,0.000000000,0.000000000,0.000000000,0.000000000,0.000000000,0.000000000,0.000000000,0.000000000,0.000000000,0.000000000,0.000000000,0.000000000,0.000000000,0.000000000,0.000000000,-0.008021802,-0.001396179,0.030018330,0.090724945,-0.014680266,0.001133782,-0.007030837,-0.000438700,0.005048460,0.033352823,-0.013959236,-0.000631824
2.299412251,0.618778229,0.627982140,1.557589531,0.011313438,0.130965233,0.027803421,-0.151065826,-0.027160645,0.093322754,-0.031555176,-0.050857544,0.003524780,0.619161606,0.627982140,1.557589531,0.011313438,0.131348610,0.027803421,-0.000019580,-16.537860870,6.888527870,1.224709868,-0.813548565,-0.002202483,0.035537720,-16.542919159,6.884824753,1.276525497,-0.790630341,0.016448975,-0.000019580,-16.537860870,6.888527870,1.224709868,-0.813548565,-0.002202483,0.000000000,0.000000000,0.000000000,0.000000000,0.000000000,0.000000000,0.000000000,0.000000000,0.000000000,0.000000000,0.000000000,0.000000000,0.000000000,0.000000000,0.000000000,0.000000000,0.000000000,0.000000000,0.035557300,-0.005058289,-0.003703117,0.051815629,0.022918224,0.018651458,0.036548264,-0.004100809,-0.028672987,-0.005556493,0.023639255,0.016885852
2.309413433,0.619161606,0.627982140,1.557589531,0.011313438,0.131348610,0.027420044,-0.024841309,-0.007019043,-0.002014160,0.012756348,0.054885864,-0.014602661,0.619161606,0.627982140,1.557589531,0.011313438,0.131348610,0.027803421,-0.000019580,-16.537860870,6.888527870,1.224709868,-0.813548565,-0.002202483,0.006484985,-16.515449524,6.906614304,1.280157089,-0.789348602,0.000640869,-0.000019580,-16.537860870,6.888527870,1.224709868,-0.813548565,-0.002202483,0.000000000,0.000000000,0.000000000,0.000000000,0.000000000,0.000000000,0.000000000,0.000000000,0.000000000,0.000000000,0.000000000,0.000000000,0.000000000,0.000000000,0.000000000,0.000000000,0.000000000,0.000000000,0.006504565,0.022411346,0.018086433,0.055447221,0.024199963,0.002843353,0.007495530,0.023368826,-0.006883436,-0.001924901,0.024920993,0.001077747
2.319404125,0.619161606,0.627982140,1.557589531,0.011313438,0.130965233,0.027803421,0.098693848,0.011901855,-0.014099121,-0.160465240,-0.055892944,0.033737183,0.619161606,0.627982140,1.557589531,0.011313438,0.131348610,0.027803421,-0.000019580,-16.537860870,6.888527870,1.224709868,-0.813548565,-0.002202483,0.005447388,-16.537425995,6.900907516,1.296239853,-0.814557076,-0.005767822,-0.000019580,-16.537860870,6.888527870,1.224709868,-0.813548565,-0.002202483,0.000000000,0.000000000,0.000000000,0.000000000,0.000000000,0.000000000,0.000000000,0.000000000,0.000000000,0.000000000,0.000000000,0.000000000,0.000000000,0.000000000,0.000000000,0.000000000,0.000000000,0.000000000,0.005466968,0.000434875,0.012379646,0.071529984,-0.001008511,-0.003565339,0.006457932,0.001392355,-0.012590223,0.014157862,-0.000287480,-0.005330945
2.329412699,0.618778229,0.627982140,1.557972908,0.011313438,0.131348610,0.027803421,-0.112125397,0.056457520,0.104064941,0.073181152,0.011581421,-0.019638062,0.619161606,0.627982140,1.557589531,0.011313438,0.131348610,0.027420044,-0.000019580,-16.537860870,6.888528347,1.224710464,-0.813548684,-0.002201897,0.008560181,-16.546581268,6.908170700,1.256809235,-0.814984322,-0.015594482,-0.000019580,-16.537860870,6.888528347,1.224710464,-0.813548684,-0.002201897,0.000000000,0.000000000,0.000000000,0.000000000,0.000000000,0.000000000,0.000000000,0.000000000,0.000000000,0.000000000,0.000000000,0.000000000,0.000000000,0.000000000,0.000000000,0.000000000,0.000000000,0.000000000,0.008579761,-0.008720398,0.019642353,0.032098770,-0.001435637,-0.013392586,0.009570725,-0.007762918,-0.005327517,-0.025273352,-0.000714607,-0.015158191
2.339382648,0.619161606,0.627982140,1.557589531,0.011313438,0.130965233,0.027803421,0.069152832,-0.052797318,-0.032897949,-0.035583496,-0.002517700,0.045822144,0.619161606,0.627982140,1.557589531,0.011313438,0.131348610,0.027803421,-0.000019580,-16.537860870,6.888527870,1.224709868,-0.813548565,-0.002202483,0.056808472,-16.535594940,6.895200729,1.276006699,-0.827374458,-0.014312744,-0.000019580,-16.537860870,6.888527870,1.224709868,-0.813548565,-0.002202483,0.000000000,0.000000000,0.000000000,0.000000000,0.000000000,0.000000000,0.000000000,0.000000000,0.000000000,0.000000000,0.000000000,0.000000000,0.000000000,0.000000000,0.000000000,0.000000000,0.000000000,0.000000000,0.056828052,0.002265930,0.006672859,0.051296830,-0.013825893,-0.012110261,0.057819016,0.003223410,-0.018297010,-0.006075292,-0.013104863,-0.013875866
2.349378586,0.619161606,0.627982140,1.557589531,0.011313438,0.131348610,0.027420044,0.061096191,-0.097352982,0.050354004,0.002014160,0.030715942,-0.045822144,0.619161606,0.627982140,1.557589531,0.011313438,0.131348610,0.027803421,-0.000019580,-16.537860870,6.888527870,1.224709868,-0.813548565,-0.002202483,0.025161743,-16.577709198,6.910245895,1.318548203,-0.832501411,0.000640869,-0.000019580,-16.537860870,6.888527870,1.224709868,-0.813548565,-0.002202483,0.000000000,0.000000000,0.000000000,0.000000000,0.000000000,0.000000000,0.000000000,0.000000000,0.000000000,0.000000000,0.000000000,0.000000000,0.000000000,0.000000000,0.000000000,0.000000000,0.000000000,0.000000000,0.025181323,-0.039848328,0.021718025,0.093838334,-0.018952847,0.002843353,0.026172288,-0.038890848,-0.003251844,0.036466212,-0.018231816,0.001077747
2.359484434,0.619161606,0.627982140,1.557589531,0.011313438,0.131348610,0.027803421,0.004699707,-0.019836426,0.024841309,0.027526855,-0.023666382,-0.048843384,0.619161606,0.627982140,1.557589531,0.011313438,0.131348610,0.027803421,-0.000019580,-16.537860870,6.888527870,1.224709868,-0.813548565,-0.002202483,0.007522583,-16.491645813,6.886899948,1.256290436,-0.820111275,0.001922607,-0.000019580,-16.537860870,6.888527870,1.224709868,-0.813548565,-0.002202483,0.000000000,0.000000000,0.000000000,0.000000000,0.000000000,0.000000000,0.000000000,0.000000000,0.000000000,0.000000000,0.000000000,0.000000000,0.000000000,0.000000000,0.000000000,0.000000000,0.000000000,0.000000000,0.007542163,0.046215057,-0.001627922,0.031580567,-0.006562710,0.004125091,0.008533128,0.047172537,-0.026597792,-0.025791555,-0.005841679,0.002359485
2.369392395,0.619161606,0.627982140,1.557589531,0.011313438,0.131348610,0.027803421,0.224918365,0.058288574,-0.198062897,0.049011230,0.022659302,-0.027694702,0.619161606,0.627982140,1.557589531,0.011313438,0.131348610,0.027803421,-0.000019580,-16.537860870,6.888527870,1.224709868,-0.813548565,-0.002202483,0.009597778,-16.542919159,6.888456345,1.225162506,-0.844891548,0.001922607,-0.000019580,-16.537860870,6.888527870,1.224709868,-0.813548565,-0.002202483,0.000000000,0.000000000,0.000000000,0.000000000,0.000000000,0.000000000,0.000000000,0.000000000,0.000000000,0.000000000,0.000000000,0.000000000,0.000000000,0.000000000,0.000000000,0.000000000,0.000000000,0.000000000,0.009617358,-0.005058289,-0.000071526,0.000452638,-0.031342983,0.004125091,0.010608323,-0.004100809,-0.025041395,-0.056919485,-0.030621952,0.002359485
2.379378080,0.619161606,0.627982140,1.557589531,0.011313438,0.130965233,0.027803421,0.044982910,-0.129701614,-0.098697662,0.066467285,-0.028701782,0.027694702,0.619161606,0.627982140,1.557589531,0.011313438,0.130965233,0.027803421,-0.000019580,-16.538076401,6.888732433,1.224937201,-0.813589752,-0.002202593,0.002334595,-16.528270721,6.900388718,1.280157089,-0.809002876,-0.006195068,-0.000019580,-16.538076401,6.888732433,1.224937201,-0.813589752,-0.002202593,0.000000000,0.000000000,0.000000000,0.000000000,0.000000000,0.000000000,0.000000000,0.000000000,0.000000000,0.000000000,0.000000000,0.000000000,0.000000000,0.000000000,0.000000000,0.000000000,0.000000000,0.000000000,0.002354175,0.009805679,0.011656284,0.055219889,0.004586875,-0.003992476,0.003345139,0.010763159,-0.013313585,-0.002152234,0.005307906,-0.005758081
2.389398813,0.619161606,0.627982140,1.557589531,0.011313438,0.131348610,0.027420044,-0.093326569,0.015563965,0.094665527,0.057067871,0.005538940,-0.033737183,0.619161606,0.627982140,1.557589531,0.011313438,0.131348610,0.027420044,-0.000019580,-16.537860870,6.888528347,1.224710464,-0.813548684,-0.002201897,-0.019454956,-16.515449524,6.904020309,1.284307480,-0.796612740,-0.033112526,-0.000019580,-16.537860870,6.888528347,1.224710464,-0.813548684,-0.002201897,0.000000000,0.000000000,0.000000000,0.000000000,0.000000000,0.000000000,0.000000000,0.000000000,0.000000000,0.000000000,0.000000000,0.000000000,0.000000000,0.000000000,0.000000000,0.000000000,0.000000000,0.000000000,-0.019435376,0.022411346,0.015491962,0.059597015,0.016935945,-0.030910629,-0.018444412,0.023368826,-0.009477907,0.002224893,0.017656975,-0.032676235
2.399361610,0.619161606,0.627982140,1.557589531,0.011313438,0.131348610,0.027803421,-0.104068756,-0.077211380,0.040954590,0.085266113,0.010574341,-0.019638062,0.619161606,0.627982140,1.557589531,0.011313438,0.131348610,0.027803421,-0.000019580,-16.537860870,6.888527870,1.224709868,-0.813548565,-0.002202483,0.005447388,-16.581371307,6.892087936,1.296239853,-0.805157661,-0.011749268,-0.000019580,-16.537860870,6.888527870,1.224709868,-0.813548565,-0.002202483,0.000000000,0.000000000,0.000000000,0.000000000,0.000000000,0.000000000,0.000000000,0.000000000,0.000000000,0.000000000,0.000000000,0.000000000,0.000000000,0.000000000,0.000000000,0.000000000,0.000000000,0.000000000,0.005466968,-0.043510437,0.003560066,0.071529984,0.008390903,-0.009546784,0.006457932,-0.042552957,-0.021409803,0.014157862,0.009111934,-0.011312390
2.409394741,0.619161606,0.627982140,1.557589531,0.011313438,0.130965233,0.027803421,-0.032897949,0.001525879,-0.026184082,0.110778809,-0.059921265,-0.026687622,0.619161606,0.627982140,1.557206154,0.011313438,0.131348610,0.027420044,-0.000019577,-16.535730362,6.886508942,1.224304914,-0.813321292,-0.002201315,-0.010635376,-16.519111633,6.912839890,1.284826279,-0.800030708,0.004486084,-0.000019577,-16.535730362,6.886508942,1.224304914,-0.813321292,-0.002201315,0.000000000,0.000000000,0.000000000,0.000000000,0.000000000,0.000000000,0.000000000,0.000000000,0.000000000,0.000000000,0.000000000,0.000000000,0.000000000,0.000000000,0.000000000,0.000000000,0.000000000,0.000000000,-0.010615799,0.016618729,0.026330948,0.060521364,0.013290584,0.006687399,-0.009624835,0.017576208,0.001361078,0.003149242,0.014011615,0.004921794
2.419413805,0.619161606,0.627982140,1.557589531,0.011313438,0.130965233,0.027803421,-0.110782623,-0.036926270,-0.157779694,-0.055725098,-0.021652222,-0.010574341,0.619161606,0.627982140,1.557589531,0.011313438,0.131348610,0.027803421,-0.000019580,-16.537860870,6.888527870,1.224709868,-0.813548565,-0.002202483,-0.034502029,-16.541088104,6.901945114,1.279119492,-0.823956490,0.007049561,-0.000019580,-16.537860870,6.888527870,1.224709868,-0.813548565,-0.002202483,0.000000000,0.000000000,0.000000000,0.000000000,0.000000000,0.000000000,0.000000000,0.000000000,0.000000000,0.000000000,0.000000000,0.000000000,0.000000000,0.000000000,0.000000000,0.000000000,0.000000000,0.000000000,-0.034482449,-0.003227234,0.013417244,0.054409623,-0.010407925,0.009252044,-0.033491485,-0.002269754,-0.011552626,-0.002962499,-0.009686894,0.007486438
2.429400921,0.619161606,0.627982140,1.557972908,0.011313438,0.130965233,0.027803421,0.004699707,-0.152894974,0.027526855,0.061096191,0.021652222,0.006546021,0.619161606,0.627982140,1.557589531,0.011313438,0.131348610,0.027803421,-0.000019580,-16.537860870,6.888527870,1.224709868,-0.813548565,-0.002202483,-0.000778198,-16.524608612,6.922697067,1.255252838,-0.814129829,0.007904053,-0.000019580,-16.537860870,6.888527870,1.224709868,-0.813548565,-0.002202483,0.000000000,0.000000000,0.000000000,0.000000000,0.000000000,0.000000000,0.000000000,0.000000000,0.000000000,0.000000000,0.000000000,0.000000000,0.000000000,0.000000000,0.000000000,0.000000000,0.000000000,0.000000000,-0.000758618,0.013252258,0.034169197,0.030542970,-0.000581264,0.010106536,0.000232346,0.014209738,0.009199327,-0.026829153,0.000139766,0.008340930
2.439382553,0.619161606,0.627982140,1.557589531,0.011313438,0.131348610,0.027420044,0.019470215,0.020446777,-0.133609772,-0.087955475,-0.018630981,-0.004531860,0.619161606,0.627982140,1.557589531,0.011313438,0.131348610,0.027420044,-0.000019580,-16.537860870,6.888528347,1.224710464,-0.813548684,-0.002201897,-0.019973755,-16.513618469,6.910245895,1.286382675,-0.835064888,-0.023284912,-0.000019580,-16.537860870,6.888528347,1.224710464,-0.813548684,-0.002201897,0.000000000,0.000000000,0.000000000,0.000000000,0.000000000,0.000000000,0.000000000,0.000000000,0.000000000,0.000000000,0.000000000,0.000000000,0.000000000,0.000000000,0.000000000,0.000000000,0.000000000,0.000000000,-0.019954175,0.024242401,0.021717548,0.061672211,-0.021516204,-0.021083015,-0.018963210,0.025199881,-0.003252321,0.004300088,-0.020795173,-0.022848621
2.449451685,0.619161606,0.627982140,1.557589531,0.011313438,0.131348610,0.027803421,0.011413574,0.108949661,-0.012756348,-0.121524811,-0.034744263,0.005538940,0.619161606,0.627982140,1.557589531,0.011313438,0.131348610,0.027803421,-0.000019580,-16.537860870,6.888527870,1.224709868,-0.813548565,-0.002202483,-0.041246414,-16.546581268,6.902463913,1.295202255,-0.806866646,-0.002777100,-0.000019580,-16.537860870,6.888527870,1.224709868,-0.813548565,-0.002202483,0.000000000,0.000000000,0.000000000,0.000000000,0.000000000,0.000000000,0.000000000,0.000000000,0.000000000,0.000000000,0.000000000,0.000000000,0.000000000,0.000000000,0.000000000,0.000000000,0.000000000,0.000000000,-0.041226834,-0.008720398,0.013936043,0.070492387,0.006681919,-0.000574616,-0.040235870,-0.007762918,-0.011033827,0.013120265,0.007402950,-0.002340222
2.459399939,0.619161606,0.627982140,1.557589531,0.011313438,0.131348610,0.027803421,0.020812988,0.045471191,-0.062438965,-0.003356934,-0.048843384,0.023666382,0.619161606,0.627982140,1.557589531,0.011313438,0.131348610,0.027420044,-0.000019580,-16.537860870,6.888528347,1.224710464,-0.813548684,-0.002201897,-0.019973755,-16.544750214,6.941892624,1.274969101,-0.788494110,-0.008758545,-0.000019580,-16.537860870,6.888528347,1.224710464,-0.813548684,-0.002201897,0.000000000,0.000000000,0.000000000,0.000000000,0.000000000,0.000000000,0.000000000,0.000000000,0.000000000,0.000000000,0.000000000,0.000000000,0.000000000,0.000000000,0.000000000,0.000000000,0.000000000,0.000000000,-0.019954175,-0.006889343,0.053364277,0.050258636,0.025054574,-0.006556648,-0.018963210,-0.005931864,0.028394407,-0.007113486,0.025775605,-0.008322254
2.469383001,0.619161606,0.627982140,1.557589531,0.011313438,0.131348610,0.027803421,-0.044982910,-0.066225052,0.054382324,0.137634277,0.045822144,0.020645142,0.619161606,0.627982140,1.557589531,0.011313438,0.130965233,0.027803421,-0.000019580,-16.538076401,6.888732433,1.224937201,-0.813589752,-0.002202593,-0.005447388,-16.552074432,6.911802292,1.269262314,-0.781658173,-0.002349854,-0.000019580,-16.538076401,6.888732433,1.224937201,-0.813589752,-0.002202593,0.000000000,0.000000000,0.000000000,0.000000000,0.000000000,0.000000000,0.000000000,0.000000000,0.000000000,0.000000000,0.000000000,0.000000000,0.000000000,0.000000000,0.000000000,0.000000000,0.000000000,0.000000000,-0.005427807,-0.013998032,0.023069859,0.044325113,0.031931579,-0.000147261,-0.004436843,-0.013040552,-0.001900011,-0.013047009,0.032652610,-0.001912867
2.479480505,0.619161606,0.627982140,1.557589531,0.011313438,0.131348610,0.027803421,0.018127441,0.000915527,0.036926270,-0.038269043,0.051864624,0.059921265,0.619161606,0.627982140,1.557589531,0.011313438,0.131348610,0.027803421,-0.000019580,-16.537860870,6.888527870,1.224709868,-0.813548565,-0.002202483,0.014266968,-16.557567596,6.902982712,1.301946640,-0.798321724,0.000213623,-0.000019580,-16.537860870,6.888527870,1.224709868,-0.813548565,-0.002202483,0.000000000,0.000000000,0.000000000,0.000000000,0.000000000,0.000000000,0.000000000,0.000000000,0.000000000,0.000000000,0.000000000,0.000000000,0.000000000,0.000000000,0.000000000,0.000000000,0.000000000,0.000000000,0.014286548,-0.019706726,0.014454842,0.077236772,0.015226841,0.002416106,0.015277512,-0.018749247,-0.010515028,0.019864649,0.015947872,0.000650501
2.489378929,0.618778229,0.627982140,1.557589531,0.011313438,0.130965233,0.027420044,-0.008728027,0.129091263,0.073181152,0.042297363,0.007553101,-0.016616821,0.618778229,0.627982140,1.557589531,0.011313438,0.131348610,0.027803421,-0.000019564,-16.537860870,6.888527870,1.224709868,-0.813548565,-0.002202483,0.018936157,-16.570384979,6.913358688,1.235538483,-0.800457954,-0.000640869,-0.000019564,-16.537860870,6.888527870,1.224709868,-0.813548565,-0.002202483,0.000000000,0.000000000,0.000000000,0.000000000,0.000000000,0.000000000,0.000000000,0.000000000,0.000000000,0.000000000,0.000000000,0.000000000,0.000000000,0.000000000,0.000000000,0.000000000,0.000000000,0.000000000,0.018955721,-0.032524109,0.024830818,0.010828614,0.013090611,0.001561614,0.019946685,-0.031566629,-0.000139051,-0.046543508,0.013811641,-0.000203991
2.499379873,0.619161606,0.627982140,1.557589531,0.011313438,0.130965233,0.027420044,0.152404785,0.043029785,-0.007385254,0.036926270,-0.024673462,-0.036758423,0.619161606,0.627982140,1.557589531,0.011313438,0.131348610,0.027420044,-0.000019580,-16.537860870,6.888528347,1.224710464,-0.813548684,-0.002201897,-0.002334595,-16.537425995,6.897275925,1.263555527,-0.804303169,-0.029267311,-0.000019580,-16.537860870,6.888528347,1.224710464,-0.813548684,-0.002201897,0.000000000,0.000000000,0.000000000,0.000000000,0.000000000,0.000000000,0.000000000,0.000000000,0.000000000,0.000000000,0.000000000,0.000000000,0.000000000,0.000000000,0.000000000,0.000000000,0.000000000,0.000000000,-0.002315015,0.000434875,0.008747578,0.038845062,0.009245515,-0.027065414,-0.001324050,0.001392355,-0.016222292,-0.018527060,0.009966546,-0.028831020
2.509379148,0.619161606,0.627982140,1.557589531,0.011313438,0.131348610,0.027803421,0.019470215,-0.125429153,0.100036621,-0.058410645,-0.010574341,-0.027694702,0.619161606,0.627598763,1.557589531,0.011313438,0.130965233,0.027420044,-0.000019576,-16.535314560,6.890751362,1.225342989,-0.813817143,-0.002202587,-0.017898560,-16.520942688,6.898313522,1.280157089,-0.817120552,-0.016021729,-0.000019576,-16.535314560,6.890751362,1.225342989,-0.813817143,-0.002202587,0.000000000,0.000000000,0.000000000,0.000000000,0.000000000,0.000000000,0.000000000,0.000000000,0.000000000,0.000000000,0.000000000,0.000000000,0.000000000,0.000000000,0.000000000,0.000000000,0.000000000,0.000000000,-0.017878984,0.014371872,0.007562160,0.054814100,-0.003303409,-0.013819141,-0.016888019,0.015329351,-0.017407709,-0.002558022,-0.002582378,-0.015584747
2.519410133,0.619161606,0.627982140,1.557589531,0.011313438,0.131348610,0.027803421,-0.086612701,-0.036926270,0.059753418,-0.081237793,0.029708862,-0.020645142,0.619161606,0.627982140,1.557589531,0.011313438,0.130965233,0.027803421,-0.000019580,-16.538076401,6.888732433,1.224937201,-0.813589752,-0.002202593,-0.013748169,-16.520942688,6.950193405,1.281194687,-0.813702583,0.001068115,-0.000019580,-16.538076401,6.888732433,1.224937201,-0.813589752,-0.002202593,0.000000000,0.000000000,0.000000000,0.000000000,0.000000000,0.000000000,0.000000000,0.000000000,0.000000000,0.000000000,0.000000000,0.000000000,0.000000000,0.000000000,0.000000000,0.000000000,0.000000000,0.000000000,-0.013728589,0.017133713,0.061460972,0.056257486,-0.000112832,0.003270708,-0.012737624,0.018091192,0.036491102,-0.001114636,0.000608199,0.001505102
2.529377222,0.619161606,0.627982140,1.557589531,0.011313438,0.131348610,0.027420044,0.087951660,0.032043457,-0.062438965,-0.051696777,-0.002517700,0.029708862,0.619161606,0.627982140,1.557589531,0.011313438,0.131348610,0.027420044,-0.000019580,-16.537860870,6.888528347,1.224710464,-0.813548684,-0.002201897,0.002853394,-16.517280579,6.905576706,1.274969101,-0.813702583,0.008758545,-0.000019580,-16.537860870,6.888528347,1.224710464,-0.813548684,-0.002201897,0.000000000,0.000000000,0.000000000,0.000000000,0.000000000,0.000000000,0.000000000,0.000000000,0.000000000,0.000000000,0.000000000,0.000000000,0.000000000,0.000000000,0.000000000,0.000000000,0.000000000,0.000000000,0.002872974,0.020580292,0.017048359,0.050258636,-0.000153899,0.010960442,0.003863938,0.021537771,-0.007921511,-0.007113486,0.000567132,0.009194836
2.539387703,0.619161606,0.627982140,1.557589531,0.011313438,0.131348610,0.027420044,-0.138980865,-0.033874512,0.110778809,0.054382324,0.007553101,-0.008560181,0.619161606,0.627982140,1.557589531,0.011313438,0.130965233,0.027420044,-0.000019580,-16.538078308,6.888732910,1.224937797,-0.813589871,-0.002202006,-0.011154175,-16.517280579,6.911283493,1.264593124,-0.808575630,0.006195068,-0.000019580,-16.538078308,6.888732910,1.224937797,-0.813589871,-0.002202006,0.000000000,0.000000000,0.000000000,0.000000000,0.000000000,0.000000000,0.000000000,0.000000000,0.000000000,0.000000000,0.000000000,0.000000000,0.000000000,0.000000000,0.000000000,0.000000000,0.000000000,0.000000000,-0.011134595,0.020797729,0.022550583,0.039655328,0.005014241,0.008397074,-0.010143630,0.021755209,-0.002419287,-0.017716794,0.005735272,0.006631469
2.549412489,0.619161606,0.627982140,1.557589531,0.011313438,0.131348610,0.027420044,0.138977051,-0.043642044,0.032897949,-0.101383209,-0.014602661,0.003524780,0.619161606,0.627982140,1.557589531,0.011313438,0.131348610,0.027420044,-0.000019580,-16.537860870,6.888528347,1.224710464,-0.813548684,-0.002201897,0.018936157,-16.506294250,6.919584274,1.287939072,-0.797039986,0.007049561,-0.000019580,-16.537860870,6.888528347,1.224710464,-0.813548684,-0.002201897,0.000000000,0.000000000,0.000000000,0.000000000,0.000000000,0.000000000,0.000000000,0.000000000,0.000000000,0.000000000,0.000000000,0.000000000,0.000000000,0.000000000,0.000000000,0.000000000,0.000000000,0.000000000,0.018955737,0.031566620,0.031055927,0.063228607,0.016508698,0.009251457,0.019946702,0.032524099,0.006086058,0.005856485,0.017229729,0.007485852
2.559489250,0.619161606,0.627982140,1.557589531,0.011313438,0.130965233,0.027803421,0.027526855,0.093080521,-0.066467285,0.016784668,-0.092151642,0.001510620,0.619161606,0.627982140,1.557589531,0.011313438,0.130965233,0.027803421,-0.000019580,-16.538076401,6.888732433,1.224937201,-0.813589752,-0.002202593,-0.004928589,-16.541088104,6.928922653,1.290533066,-0.826519966,0.008331299,-0.000019580,-16.538076401,6.888732433,1.224937201,-0.813589752,-0.002202593,0.000000000,0.000000000,0.000000000,0.000000000,0.000000000,0.000000000,0.000000000,0.000000000,0.000000000,0.000000000,0.000000000,0.000000000,0.000000000,0.000000000,0.000000000,0.000000000,0.000000000,0.000000000,-0.004909009,-0.003011703,0.040190220,0.065595865,-0.012930214,0.010533891,-0.003918044,-0.002054224,0.015220350,0.008223743,-0.012209184,0.008768286
2.569422722,0.619161606,0.627982140,1.557589531,0.011313438,0.131348610,0.027803421,-0.000671387,-0.113222122,-0.011413574,0.011413574,0.031723022,-0.009567261,0.619161606,0.627982140,1.557589531,0.011313438,0.130965233,0.027803421,-0.000019580,-16.538076401,6.888732433,1.224937201,-0.813589752,-0.002202593,-0.003372192,-16.539257050,6.898832321,1.276006699,-0.825238228,0.004058838,-0.000019580,-16.538076401,6.888732433,1.224937201,-0.813589752,-0.002202593,0.000000000,0.000000000,0.000000000,0.000000000,0.000000000,0.000000000,0.000000000,0.000000000,0.000000000,0.000000000,0.000000000,0.000000000,0.000000000,0.000000000,0.000000000,0.000000000,0.000000000,0.000000000,-0.003352612,-0.001180649,0.010099888,0.051069498,-0.011648476,0.006261430,-0.002361648,-0.000223169,-0.014869982,-0.006302624,-0.010927445,0.004495825
2.579492569,0.619161606,0.627982140,1.557589531,0.011313438,0.130965233,0.027420044,-0.008728027,-0.133363724,-0.010070801,-0.160465240,-0.045822144,-0.005538940,0.619161606,0.627982140,1.557589531,0.011313438,0.131348610,0.027420044,-0.000019580,-16.537860870,6.888528347,1.224710464,-0.813548684,-0.002201897,-0.009597778,-16.517280579,6.916990280,1.269781113,-0.811139107,0.008331299,-0.000019580,-16.537860870,6.888528347,1.224710464,-0.813548684,-0.002201897,0.000000000,0.000000000,0.000000000,0.000000000,0.000000000,0.000000000,0.000000000,0.000000000,0.000000000,0.000000000,0.000000000,0.000000000,0.000000000,0.000000000,0.000000000,0.000000000,0.000000000,0.000000000,-0.009578198,0.020580292,0.028461933,0.045070648,0.002409577,0.010533196,-0.008587234,0.021537771,0.003492064,-0.012301474,0.003130608,0.008767590
2.589378595,0.619161606,0.627982140,1.557589531,0.011313438,0.130965233,0.027803421,0.100036621,0.033264160,-0.114810944,-0.122867584,-0.005538940,0.018630981,0.619161606,0.627982140,1.557589531,0.011313438,0.131348610,0.027803421,-0.000019580,-16.537860870,6.888527870,1.224709868,-0.813548565,-0.002202483,0.003890991,-16.581371307,6.920621872,1.285345078,-0.794049263,0.009613037,-0.000019580,-16.537860870,6.888527870,1.224709868,-0.813548565,-0.002202483,0.000000000,0.000000000,0.000000000,0.000000000,0.000000000,0.000000000,0.000000000,0.000000000,0.000000000,0.000000000,0.000000000,0.000000000,0.000000000,0.000000000,0.000000000,0.000000000,0.000000000,0.000000000,0.003910571,-0.043510437,0.032094002,0.060635209,0.019499302,0.011815520,0.004901536,-0.042552957,0.007124132,0.003263087,0.020220333,0.010049915
2.599376440,0.618778229,0.627982140,1.557589531,0.011313438,0.131348610,0.027803421,-0.144351959,-0.006408691,0.046325684,-0.011413574,-0.002517700,0.003524780,0.619161606,0.627982140,1.557589531,0.011313438,0.130965233,0.027803421,-0.000019580,-16.538076401,6.888732433,1.224937201,-0.813589752,-0.002202593,-0.017379761,-16.513618469,6.917509079,1.296758652,-0.817975044,-0.003631592,-0.000019580,-16.538076401,6.888732433,1.224937201,-0.813589752,-0.002202593,0.000000000,0.000000000,0.000000000,0.000000000,0.000000000,0.000000000,0.000000000,0.000000000,0.000000000,0.000000000,0.000000000,0.000000000,0.000000000,0.000000000,0.000000000,0.000000000,0.000000000,0.000000000,-0.017360180,0.024457932,0.028776646,0.071821451,-0.004385293,-0.001428999,-0.016369216,0.025415411,0.003806776,0.014449329,-0.003664262,-0.003194605
2.609377623,0.619161606,0.627982140,1.557589531,0.011313438,0.131348610,0.027420044,0.066467285,-0.008850098,-0.211490631,0.010070801,0.031723022,-0.044815063,0.619161606,0.627982140,1.557589531,0.011313438,0.130965233,0.027420044,-0.000019580,-16.538078308,6.888732910,1.224937797,-0.813589871,-0.002202006,0.003890991,-16.564891815,6.910764694,1.236057281,-0.853010178,-0.006622314,-0.000019580,-16.538078308,6.888732910,1.224937797,-0.813589871,-0.002202006,0.000000000,0.000000000,0.000000000,0.000000000,0.000000000,0.000000000,0.000000000,0.000000000,0.000000000,0.000000000,0.000000000,0.000000000,0.000000000,0.000000000,0.000000000,0.000000000,0.000000000,0.000000000,0.003910571,-0.026813507,0.022031784,0.011119485,-0.039420307,-0.004420308,0.004901536,-0.025856028,-0.002938086,-0.046252637,-0.038699276,-0.006185914
2.619437695,0.619161606,0.627598763,1.557589531,0.011313438,0.130965233,0.027420044,-0.079895020,-0.083925247,0.036926270,0.063781738,-0.040786743,-0.022659302,0.619161606,0.627982140,1.557589531,0.011313438,0.131348610,0.027803421,-0.000019580,-16.537860870,6.888527870,1.224709868,-0.813548565,-0.002202483,-0.018936157,-16.553905487,6.905057907,1.263555527,-0.817547798,-0.010040283,-0.000019580,-16.537860870,6.888527870,1.224709868,-0.813548565,-0.002202483,0.000000000,0.000000000,0.000000000,0.000000000,0.000000000,0.000000000,0.000000000,0.000000000,0.000000000,0.000000000,0.000000000,0.000000000,0.000000000,0.000000000,0.000000000,0.000000000,0.000000000,0.000000000,-0.018916577,-0.016044617,0.016530037,0.038845658,-0.003999233,-0.007837800,-0.017925613,-0.015087137,-0.008439833,-0.018526464,-0.003278202,-0.009603406
2.629410028,0.619161606,0.627982140,1.557589531,0.011313438,0.131348610,0.027420044,-0.089298248,0.045471191,0.102722168,-0.034240723,-0.018630981,0.007553101,0.619161606,0.627982140,1.557589531,0.011313438,0.131348610,0.027803421,-0.000019580,-16.537860870,6.888527870,1.224709868,-0.813548565,-0.002202483,-0.010635376,-16.475166321,6.911802292,1.250064850,-0.807293892,0.016448975,-0.000019580,-16.537860870,6.888527870,1.224709868,-0.813548565,-0.002202483,0.000000000,0.000000000,0.000000000,0.000000000,0.000000000,0.000000000,0.000000000,0.000000000,0.000000000,0.000000000,0.000000000,0.000000000,0.000000000,0.000000000,0.000000000,0.000000000,0.000000000,0.000000000,-0.010615796,0.062694550,0.023274422,0.025354981,0.006254673,0.018651458,-0.009624831,0.063652029,-0.001695448,-0.032017141,0.006975704,0.016885852
2.639373064,0.619161606,0.627982140,1.557589531,0.011313438,0.131348610,0.027420044,0.104064941,-0.130311966,0.049011230,-0.039611816,-0.000503540,-0.008560181,0.619161606,0.627982140,1.557589531,0.011313438,0.131348610,0.027803421,-0.000019580,-16.537860870,6.888527870,1.224709868,-0.813548565,-0.002202483,0.024642944,-16.515449524,6.931516647,1.276525497,-0.805157661,-0.015594482,-0.000019580,-16.537860870,6.888527870,1.224709868,-0.813548565,-0.002202483,0.000000000,0.000000000,0.000000000,0.000000000,0.000000000,0.000000000,0.000000000,0.000000000,0.000000000,0.000000000,0.000000000,0.000000000,0.000000000,0.000000000,0.000000000,0.000000000,0.000000000,0.000000000,0.024662524,0.022411346,0.042988777,0.051815629,0.008390903,-0.013391999,0.025653489,0.023368826,0.018018908,-0.005556493,0.009111934,-0.015157605
2.649379730,0.619161606,0.627982140,1.557589531,0.011313438,0.131348610,0.027803421,0.023498535,0.047912598,0.187320709,0.071838379,0.013595581,0.006546021,0.619161606,0.627982140,1.557589531,0.011313438,0.131348610,0.027803421,-0.000019580,-16.537860870,6.888527870,1.224709868,-0.813548565,-0.002202483,-0.003890991,-16.577709198,6.949155807,1.267187119,-0.788921356,-0.017303467,-0.000019580,-16.537860870,6.888527870,1.224709868,-0.813548565,-0.002202483,0.000000000,0.000000000,0.000000000,0.000000000,0.000000000,0.000000000,0.000000000,0.000000000,0.000000000,0.000000000,0.000000000,0.000000000,0.000000000,0.000000000,0.000000000,0.000000000,0.000000000,0.000000000,-0.003871411,-0.039848328,0.060627937,0.042477250,0.024627209,-0.015100983,-0.002880447,-0.038890848,0.035658068,-0.014894872,0.025348240,-0.016866589
2.659380913,0.619161606,0.627982140,1.557589531,0.011313438,0.131348610,0.027420044,0.002014160,-0.062562943,-0.149723053,0.003356934,0.001510620,-0.039779663,0.619161606,0.627982140,1.557589531,0.011313438,0.131348610,0.027803421,-0.000019580,-16.537860870,6.888527870,1.224709868,-0.813548565,-0.002202483,0.017379761,-16.546581268,6.916471481,1.266668320,-0.819684029,0.009185791,-0.000019580,-16.537860870,6.888527870,1.224709868,-0.813548565,-0.002202483,0.000000000,0.000000000,0.000000000,0.000000000,0.000000000,0.000000000,0.000000000,0.000000000,0.000000000,0.000000000,0.000000000,0.000000000,0.000000000,0.000000000,0.000000000,0.000000000,0.000000000,0.000000000,0.017399341,-0.008720398,0.027943611,0.041958451,-0.006135464,0.011388274,0.018390305,-0.007762918,0.002973742,-0.015413671,-0.005414433,0.009622669
2.669403553,0.619161606,0.627982140,1.557589531,0.011313438,0.130965233,0.027420044,-0.063781738,-0.010681152,0.108093262,0.126892090,0.044815063,-0.014602661,0.619161606,0.627982140,1.557589531,0.011313438,0.131348610,0.027420044,-0.000019580,-16.537860870,6.888528347,1.224710464,-0.813548684,-0.002201897,0.010116577,-16.544750214,6.901426315,1.271337509,-0.845318794,0.012176514,-0.000019580,-16.537860870,6.888528347,1.224710464,-0.813548684,-0.002201897,0.000000000,0.000000000,0.000000000,0.000000000,0.000000000,0.000000000,0.000000000,0.000000000,0.000000000,0.000000000,0.000000000,0.000000000,0.000000000,0.000000000,0.000000000,0.000000000,0.000000000,0.000000000,0.010136157,-0.006889343,0.012897968,0.046627045,-0.031770110,0.014378411,0.011127122,-0.005931864,-0.012071901,-0.010745078,-0.031049079,0.012612805
2.679455042,0.619161606,0.627982140,1.557589531,0.011313438,0.131348610,0.027803421,0.070495605,0.059509277,0.051696777,0.011413574,0.016616821,-0.029708862,0.619161606,0.627982140,1.557589531,0.011313438,0.131348610,0.027803421,-0.000019580,-16.537860870,6.888527870,1.224709868,-0.813548565,-0.002202483,-0.003372192,-16.568553925,6.921140671,1.319067001,-0.817975044,0.004486084,-0.000019580,-16.537860870,6.888527870,1.224709868,-0.813548565,-0.002202483,0.000000000,0.000000000,0.000000000,0.000000000,0.000000000,0.000000000,0.000000000,0.000000000,0.000000000,0.000000000,0.000000000,0.000000000,0.000000000,0.000000000,0.000000000,0.000000000,0.000000000,0.000000000,-0.003352612,-0.030693054,0.032612801,0.094357133,-0.004426479,0.006688567,-0.002361648,-0.029735575,0.007642931,0.036985011,-0.003705448,0.004922962
2.689378500,0.619161606,0.627982140,1.557589531,0.011313438,0.131348610,0.027420044,0.074523926,0.008850098,0.206119537,0.114807129,0.044815063,-0.032730103,0.619161606,0.627982140,1.557589531,0.011313438,0.131348610,0.027420044,-0.000019580,-16.537860870,6.888528347,1.224710464,-0.813548684,-0.002201897,-0.018417358,-16.526439667,6.906614304,1.306615829,-0.807721138,-0.008331299,-0.000019580,-16.537860870,6.888528347,1.224710464,-0.813548684,-0.002201897,0.000000000,0.000000000,0.000000000,0.000000000,0.000000000,0.000000000,0.000000000,0.000000000,0.000000000,0.000000000,0.000000000,0.000000000,0.000000000,0.000000000,0.000000000,0.000000000,0.000000000,0.000000000,-0.018397778,0.011421204,0.018085957,0.081905365,0.005827546,-0.006129402,-0.017406814,0.012378683,-0.006883913,0.024533243,0.006548577,-0.007895008
2.699412823,0.619161606,0.627982140,1.557589531,0.011313438,0.130965233,0.027420044,-0.015441895,-0.069887161,-0.078552246,0.065124512,-0.050857544,-0.060928345,0.619161606,0.627982140,1.557589531,0.011313438,0.131348610,0.027420044,-0.000019580,-16.537860870,6.888528347,1.224710464,-0.813548684,-0.002201897,0.003890991,-16.528270721,6.912839890,1.272893906,-0.811566353,-0.003204346,-0.000019580,-16.537860870,6.888528347,1.224710464,-0.813548684,-0.002201897,0.000000000,0.000000000,0.000000000,0.000000000,0.000000000,0.000000000,0.000000000,0.000000000,0.000000000,0.000000000,0.000000000,0.000000000,0.000000000,0.000000000,0.000000000,0.000000000,0.000000000,0.000000000,0.003910571,0.009590149,0.024311543,0.048183441,0.001982331,-0.001002449,0.004901536,0.010547628,-0.000658327,-0.009188681,0.002703362,-0.002768055
2.709480286,0.619161606,0.627982140,1.557589531,0.011313438,0.131348610,0.027420044,-0.053039551,-0.011291504,0.179264069,0.113464355,0.017623901,-0.002517700,0.619161606,0.627982140,1.557589531,0.011313438,0.131348610,0.027420044,-0.000019580,-16.537860870,6.888528347,1.224710464,-0.813548684,-0.002201897,-0.097795486,-16.530101776,6.912321091,1.288457870,-0.792766571,0.001068115,-0.000019580,-16.537860870,6.888528347,1.224710464,-0.813548684,-0.002201897,0.000000000,0.000000000,0.000000000,0.000000000,0.000000000,0.000000000,0.000000000,0.000000000,0.000000000,0.000000000,0.000000000,0.000000000,0.000000000,0.000000000,0.000000000,0.000000000,0.000000000,0.000000000,-0.097775906,0.007759094,0.023792744,0.063747406,0.020782113,0.003270012,-0.096784942,0.008716574,-0.001177126,0.006375284,0.021503144,0.001504406
2.719480753,0.619161606,0.627982140,1.557589531,0.011313438,0.131348610,0.027803421,-0.132266998,0.033264160,-0.078552246,0.012756348,-0.004531860,0.026687622,0.619161606,0.627982140,1.557589531,0.011313438,0.131348610,0.027420044,-0.000019580,-16.537860870,6.888528347,1.224710464,-0.813548684,-0.002201897,0.014266968,-16.491645813,6.904539108,1.299871445,-0.834637642,-0.010894775,-0.000019580,-16.537860870,6.888528347,1.224710464,-0.813548684,-0.002201897,0.000000000,0.000000000,0.000000000,0.000000000,0.000000000,0.000000000,0.000000000,0.000000000,0.000000000,0.000000000,0.000000000,0.000000000,0.000000000,0.000000000,0.000000000,0.000000000,0.000000000,0.000000000,0.014286548,0.046215057,0.016010761,0.075160980,-0.021088958,-0.008692879,0.015277512,0.047172537,-0.008959108,0.017788858,-0.020367927,-0.010458484
2.729413271,0.619161606,0.627982140,1.557589531,0.011313438,0.131348610,0.027803421,0.102722168,0.065002441,-0.100040436,0.152404785,-0.028701782,0.012588501,0.619161606,0.627982140,1.557589531,0.011313438,0.131348610,0.027420044,-0.000019580,-16.537860870,6.888528347,1.224710464,-0.813548684,-0.002201897,0.012191772,-16.533763885,6.933591843,1.278600693,-0.810284615,0.019866943,-0.000019580,-16.537860870,6.888528347,1.224710464,-0.813548684,-0.002201897,0.000000000,0.000000000,0.000000000,0.000000000,0.000000000,0.000000000,0.000000000,0.000000000,0.000000000,0.000000000,0.000000000,0.000000000,0.000000000,0.000000000,0.000000000,0.000000000,0.000000000,0.000000000,0.012211353,0.004096985,0.045063496,0.053890228,0.003264070,0.022068840,0.013202317,0.005054464,0.020093626,-0.003481894,0.003985100,0.020303235
2.739461899,0.619161606,0.627982140,1.557589531,0.011313438,0.131348610,0.027420044,0.159118652,-0.042421341,0.012756348,0.022155762,-0.049850464,-0.044815063,0.619161606,0.627982140,1.557589531,0.011313438,0.131348610,0.027803421,-0.000019580,-16.537860870,6.888527870,1.224709868,-0.813548565,-0.002202483,0.003890991,-16.542919159,6.912839890,1.272375107,-0.823956490,0.000213623,-0.000019580,-16.537860870,6.888527870,1.224709868,-0.813548565,-0.002202483,0.000000000,0.000000000,0.000000000,0.000000000,0.000000000,0.000000000,0.000000000,0.000000000,0.000000000,0.000000000,0.000000000,0.000000000,0.000000000,0.000000000,0.000000000,0.000000000,0.000000000,0.000000000,0.003910571,-0.005058289,0.024312019,0.047665238,-0.010407925,0.002416106,0.004901536,-0.004100809,-0.000657850,-0.009706884,-0.009686894,0.000650501
2.749413490,0.619161606,0.627982140,1.557589531,0.011313438,0.131348610,0.027803421,-0.023498535,0.005187988,0.022155762,0.085266113,0.017623901,0.006546021,0.619161606,0.627982140,1.557589531,0.011313438,0.131348610,0.027803421,-0.000019580,-16.537860870,6.888527870,1.224709868,-0.813548565,-0.002202483,0.073411942,-16.508125305,6.890012741,1.229831696,-0.836773872,0.004913330,-0.000019580,-16.537860870,6.888527870,1.224709868,-0.813548565,-0.002202483,0.000000000,0.000000000,0.000000000,0.000000000,0.000000000,0.000000000,0.000000000,0.000000000,0.000000000,0.000000000,0.000000000,0.000000000,0.000000000,0.000000000,0.000000000,0.000000000,0.000000000,0.000000000,0.073431522,0.029735565,0.001484871,0.005121827,-0.023225307,0.007115813,0.074422486,0.030693045,-0.023484999,-0.052250295,-0.022504277,0.005350208
2.759382963,0.619161606,0.627982140,1.557589531,0.011313438,0.131348610,0.027420044,0.032897949,-0.099794388,-0.012756348,-0.093326569,0.007553101,0.032730103,0.618778229,0.627598763,1.557589531,0.011313438,0.131348610,0.027420044,-0.000019559,-16.535099030,6.890546799,1.225115657,-0.813775957,-0.002202478,0.018417358,-16.592357635,6.901426315,1.263555527,-0.806866646,-0.005767822,-0.000019559,-16.535099030,6.890546799,1.225115657,-0.813775957,-0.002202478,0.000000000,0.000000000,0.000000000,0.000000000,0.000000000,0.000000000,0.000000000,0.000000000,0.000000000,0.000000000,0.000000000,0.000000000,0.000000000,0.000000000,0.000000000,0.000000000,0.000000000,0.000000000,0.018436918,-0.057258606,0.010879517,0.038439870,0.006909311,-0.003565344,0.019427882,-0.056301126,-0.014090353,-0.018932252,0.007630342,-0.005330950
2.769420385,0.619161606,0.627982140,1.557589531,0.011313438,0.131348610,0.027803421,0.028869629,0.022277832,-0.075866699,-0.018127441,0.023666382,0.006546021,0.619161606,0.627982140,1.557589531,0.011313438,0.131348610,0.027803421,-0.000019580,-16.537860870,6.888527870,1.224709868,-0.813548565,-0.002202483,-0.004409790,-16.559398651,6.868741989,1.275487900,-0.770122528,0.001495361,-0.000019580,-16.537860870,6.888527870,1.224709868,-0.813548565,-0.002202483,0.000000000,0.000000000,0.000000000,0.000000000,0.000000000,0.000000000,0.000000000,0.000000000,0.000000000,0.000000000,0.000000000,0.000000000,0.000000000,0.000000000,0.000000000,0.000000000,0.000000000,0.000000000,-0.004390210,-0.021537781,-0.019785881,0.050778031,0.043426037,0.003697845,-0.003399246,-0.020580301,-0.044755751,-0.006594091,0.044147068,0.001932239
2.779410362,0.619161606,0.627982140,1.557589531,0.011313438,0.130965233,0.027803421,0.049011230,0.028381348,0.022155762,-0.085266113,-0.000503540,0.023666382,0.619161606,0.627598763,1.557589531,0.011313438,0.130965233,0.027803421,-0.000019576,-16.535314560,6.890750408,1.225342393,-0.813817024,-0.002203173,-0.024124146,-16.520942688,6.915952682,1.293645859,-0.796612740,-0.014739990,-0.000019576,-16.535314560,6.890750408,1.225342393,-0.813817024,-0.002203173,0.000000000,0.000000000,0.000000000,0.000000000,0.000000000,0.000000000,0.000000000,0.000000000,0.000000000,0.000000000,0.000000000,0.000000000,0.000000000,0.000000000,0.000000000,0.000000000,0.000000000,0.000000000,-0.024104570,0.014371872,0.025202274,0.068303466,0.017204285,-0.012536817,-0.023113605,0.015329351,0.000232405,0.010931344,0.017925316,-0.014302423
2.789379597,0.618778229,0.627982140,1.557589531,0.011313438,0.131348610,0.027420044,-0.000671387,0.080873489,-0.079895020,0.039611816,0.023666382,0.000503540,0.619161606,0.627982140,1.557589531,0.011313438,0.131348610,0.027803421,-0.000019580,-16.537860870,6.888527870,1.224709868,-0.813548565,-0.002202483,0.015823364,-16.570384979,6.911802292,1.266668320,-0.794903755,-0.006622314,-0.000019580,-16.537860870,6.888527870,1.224709868,-0.813548565,-0.002202483,0.000000000,0.000000000,0.000000000,0.000000000,0.000000000,0.000000000,0.000000000,0.000000000,0.000000000,0.000000000,0.000000000,0.000000000,0.000000000,0.000000000,0.000000000,0.000000000,0.000000000,0.000000000,0.015842944,-0.032524109,0.023274422,0.041958451,0.018644810,-0.004419831,0.016833909,-0.031566629,-0.001695448,-0.015413671,0.019365841,-0.006185437
2.799434900,0.618778229,0.627982140,1.557589531,0.011313438,0.131348610,0.027803421,-0.153751373,0.068054199,-0.015441895,-0.027526855,0.094161987,0.043807983,0.619161606,0.627982140,1.557589531,0.011313438,0.131348610,0.027420044,-0.000019580,-16.537860870,6.888528347,1.224710464,-0.813548684,-0.002201897,-0.015304565,-16.568553925,6.909727097,1.282751083,-0.803021431,-0.004486084,-0.000019580,-16.537860870,6.888528347,1.224710464,-0.813548684,-0.002201897,0.000000000,0.000000000,0.000000000,0.000000000,0.000000000,0.000000000,0.000000000,0.000000000,0.000000000,0.000000000,0.000000000,0.000000000,0.000000000,0.000000000,0.000000000,0.000000000,0.000000000,0.000000000,-0.015284985,-0.030693054,0.021198750,0.058040619,0.010527253,-0.002284187,-0.014294021,-0.029735575,-0.003771120,0.000668497,0.011248284,-0.004049793
2.809379339,0.619161606,0.627982140,1.557589531,0.011313438,0.130965233,0.027803421,-0.038269043,0.099184036,-0.071838379,-0.020812988,0.008560181,0.043807983,0.619161606,0.627982140,1.557589531,0.011313438,0.131348610,0.027420044,-0.000019580,-16.537860870,6.888528347,1.224710464,-0.813548684,-0.002201897,0.009078979,-16.550243378,6.898313522,1.298833847,-0.799603462,-0.001495361,-0.000019580,-16.537860870,6.888528347,1.224710464,-0.813548684,-0.002201897,0.000000000,0.000000000,0.000000000,0.000000000,0.000000000,0.000000000,0.000000000,0.000000000,0.000000000,0.000000000,0.000000000,0.000000000,0.000000000,0.000000000,0.000000000,0.000000000,0.000000000,0.000000000,0.009098560,-0.012382507,0.009785175,0.074123383,0.013945222,0.000706536,0.010089524,-0.011425028,-0.015184694,0.016751260,0.014666253,-0.001059070
2.819382429,0.619161606,0.627982140,1.557589531,0.011313438,0.131348610,0.027420044,0.036926270,-0.008850098,-0.049011230,-0.012756348,-0.027694702,-0.020645142,0.619161606,0.627982140,1.557589531,0.011313438,0.131348610,0.027420044,-0.000019580,-16.537860870,6.888528347,1.224710464,-0.813548684,-0.002201897,-0.008041382,-16.513618469,6.916471481,1.271856308,-0.805157661,-0.008331299,-0.000019580,-16.537860870,6.888528347,1.224710464,-0.813548684,-0.002201897,0.000000000,0.000000000,0.000000000,0.000000000,0.000000000,0.000000000,0.000000000,0.000000000,0.000000000,0.000000000,0.000000000,0.000000000,0.000000000,0.000000000,0.000000000,0.000000000,0.000000000,0.000000000,-0.008021802,0.024242401,0.027943134,0.047145844,0.008391023,-0.006129402,-0.007030837,0.025199881,0.002973265,-0.010226279,0.009112054,-0.007895008
2.829379797,0.619161606,0.627982140,1.557589531,0.011313438,0.130965233,0.027803421,0.083923340,0.035095215,0.098693848,0.034240723,0.024673462,0.027694702,0.619161606,0.627982140,1.557589531,0.011313438,0.131348610,0.027420044,-0.000019580,-16.537860870,6.888528347,1.224710464,-0.813548684,-0.002201897,-0.035020828,-16.513618469,6.923734665,1.308691025,-0.840619087,-0.012176514,-0.000019580,-16.537860870,6.888528347,1.224710464,-0.813548684,-0.002201897,0.000000000,0.000000000,0.000000000,0.000000000,0.000000000,0.000000000,0.000000000,0.000000000,0.000000000,0.000000000,0.000000000,0.000000000,0.000000000,0.000000000,0.000000000,0.000000000,0.000000000,0.000000000,-0.035001248,0.024242401,0.035206318,0.083980560,-0.027070403,-0.009974617,-0.034010284,0.025199881,0.010236448,0.026608438,-0.026349372,-0.011740222
2.839355230,0.619161606,0.627982140,1.557589531,0.011313438,0.131348610,0.027803421,-0.049011230,-0.031433105,-0.055725098,-0.011413574,0.017623901,0.025680542,0.619161606,0.627982140,1.557589531,0.011313438,0.130965233,0.027420044,-0.000019580,-16.538078308,6.888732910,1.224937797,-0.813589871,-0.002202006,0.020492554,-16.557567596,6.904539108,1.293127060,-0.799603462,-0.008758545,-0.000019580,-16.538078308,6.888732910,1.224937797,-0.813589871,-0.002202006,0.000000000,0.000000000,0.000000000,0.000000000,0.000000000,0.000000000,0.000000000,0.000000000,0.000000000,0.000000000,0.000000000,0.000000000,0.000000000,0.000000000,0.000000000,0.000000000,0.000000000,0.000000000,0.020512134,-0.019489288,0.015806198,0.068189263,0.013986409,-0.006556539,0.021503098,-0.018531809,-0.009163671,0.010817141,0.014707440,-0.008322145
2.849378824,0.619161606,0.627982140,1.557589531,0.011313438,0.131348610,0.027420044,0.058410645,0.084535599,0.073181152,0.018127441,0.060928345,0.057907104,0.618778229,0.627982140,1.557589531,0.011313438,0.130965233,0.027420044,-0.000019564,-16.538078308,6.888732910,1.224937797,-0.813589871,-0.002202006,0.003372192,-16.541088104,6.911283493,1.214267731,-0.814129829,0.013885498,-0.000019564,-16.538078308,6.888732910,1.224937797,-0.813589871,-0.002202006,0.000000000,0.000000000,0.000000000,0.000000000,0.000000000,0.000000000,0.000000000,0.000000000,0.000000000,0.000000000,0.000000000,0.000000000,0.000000000,0.000000000,0.000000000,0.000000000,0.000000000,0.000000000,0.003391756,-0.003009796,0.022550583,-0.010670066,-0.000539958,0.016087504,0.004382721,-0.002052317,-0.002419287,-0.068042188,0.000181072,0.014321898
2.859478235,0.619161606,0.627982140,1.557589531,0.011313438,0.131348610,0.027420044,0.010070801,-0.040590286,-0.010070801,0.055725098,-0.027694702,-0.010574341,0.619161606,0.627982140,1.557589531,0.011313438,0.130965233,0.027420044,-0.000019580,-16.538078308,6.888732910,1.224937797,-0.813589871,-0.002202006,0.013748169,-16.531932831,6.921659470,1.274450302,-0.794476509,-0.008331299,-0.000019580,-16.538078308,6.888732910,1.224937797,-0.813589871,-0.002202006,0.000000000,0.000000000,0.000000000,0.000000000,0.000000000,0.000000000,0.000000000,0.000000000,0.000000000,0.000000000,0.000000000,0.000000000,0.000000000,0.000000000,0.000000000,0.000000000,0.000000000,0.000000000,0.013767749,0.006145477,0.032926559,0.049512506,0.019113362,-0.006129293,0.014758714,0.007102957,0.007956690,-0.007859617,0.019834393,-0.007894898
2.869377613,0.619161606,0.627982140,1.557589531,0.011313438,0.131348610,0.027803421,0.204776764,0.043640137,-0.083923340,0.087951660,0.010574341,-0.019638062,0.619161606,0.627982140,1.557589531,0.011313438,0.131348610,0.027803421,-0.000019580,-16.537860870,6.888527870,1.224709868,-0.813548565,-0.002202483,-0.009078979,-16.519111633,6.912839890,1.283269882,-0.796612740,-0.010467529,-0.000019580,-16.537860870,6.888527870,1.224709868,-0.813548565,-0.002202483,0.000000000,0.000000000,0.000000000,0.000000000,0.000000000,0.000000000,0.000000000,0.000000000,0.000000000,0.000000000,0.000000000,0.000000000,0.000000000,0.000000000,0.000000000,0.000000000,0.000000000,0.000000000,-0.009059399,0.018749237,0.024312019,0.058560014,0.016935825,-0.008265046,-0.008068435,0.019706717,-0.000657850,0.001187892,0.017656856,-0.010030652
2.879380226,0.619161606,0.627982140,1.557589531,0.011313438,0.131348610,0.027420044,0.020812988,-0.053407669,0.028869629,-0.039611816,0.105239868,0.018630981,0.619161606,0.627982140,1.557589531,0.011313438,0.131348610,0.027420044,-0.000019580,-16.537860870,6.888528347,1.224710464,-0.813548684,-0.002201897,-0.008041382,-16.564891815,6.917509079,1.294683456,-0.820538521,0.006195068,-0.000019580,-16.537860870,6.888528347,1.224710464,-0.813548684,-0.002201897,0.000000000,0.000000000,0.000000000,0.000000000,0.000000000,0.000000000,0.000000000,0.000000000,0.000000000,0.000000000,0.000000000,0.000000000,0.000000000,0.000000000,0.000000000,0.000000000,0.000000000,0.000000000,-0.008021802,-0.027030945,0.028980732,0.069972992,-0.006989837,0.008396965,-0.007030837,-0.026073465,0.004010862,0.012600870,-0.006268806,0.006631360
2.889414787,0.618778229,0.627982140,1.557589531,0.011313438,0.131348610,0.027803421,-0.173892975,0.127260208,-0.145694733,0.051696777,-0.001510620,-0.033737183,0.618778229,0.627982140,1.557589531,0.011313438,0.131348610,0.027420044,-0.000019564,-16.537860870,6.888528347,1.224710464,-0.813548684,-0.002201897,0.007522583,-16.533763885,6.928922653,1.286382675,-0.778667450,-0.003204346,-0.000019564,-16.537860870,6.888528347,1.224710464,-0.813548684,-0.002201897,0.000000000,0.000000000,0.000000000,0.000000000,0.000000000,0.000000000,0.000000000,0.000000000,0.000000000,0.000000000,0.000000000,0.000000000,0.000000000,0.000000000,0.000000000,0.000000000,0.000000000,0.000000000,0.007542147,0.004096985,0.040394306,0.061672211,0.034881234,-0.001002449,0.008533111,0.005054464,0.015424437,0.004300088,0.035602265,-0.002768055
2.899382353,0.619161606,0.627982140,1.557589531,0.011313438,0.131348610,0.027420044,0.120178223,-0.143739700,-0.004699707,-0.000671387,0.013595581,0.005538940,0.619161606,0.627982140,1.557589531,0.011313438,0.131348610,0.027803421,-0.000019580,-16.537860870,6.888527870,1.224709868,-0.813548565,-0.002202483,0.011672974,-16.539257050,6.896238327,1.271337509,-0.821820259,-0.001922607,-0.000019580,-16.537860870,6.888527870,1.224709868,-0.813548565,-0.002202483,0.000000000,0.000000000,0.000000000,0.000000000,0.000000000,0.000000000,0.000000000,0.000000000,0.000000000,0.000000000,0.000000000,0.000000000,0.000000000,0.000000000,0.000000000,0.000000000,0.000000000,0.000000000,0.011692554,-0.001396179,0.007710457,0.046627641,-0.008271694,0.000279876,0.012683518,-0.000438700,-0.017259413,-0.010744482,-0.007550663,-0.001485730
2.909379959,0.619161606,0.627982140,1.557206154,0.011313438,0.131348610,0.027420044,-0.022155762,0.091249466,-0.125553131,0.007385254,-0.092151642,-0.035751343,0.618778229,0.627982140,1.557589531,0.010930061,0.131348610,0.027420044,-0.000019563,-16.537477493,6.888163567,1.224304914,-0.813321292,-0.002201315,-0.015304565,-16.515449524,6.906095505,1.233463287,-0.798748970,0.020294189,-0.000019563,-16.537477493,6.888163567,1.224304914,-0.813321292,-0.002201315,0.000000000,0.000000000,0.000000000,0.000000000,0.000000000,0.000000000,0.000000000,0.000000000,0.000000000,0.000000000,0.000000000,0.000000000,0.000000000,0.000000000,0.000000000,0.000000000,0.000000000,0.000000000,-0.015285002,0.022027969,0.017931938,0.009158373,0.014572322,0.022495505,-0.014294038,0.022985449,-0.007037931,-0.048213749,0.015293353,0.020729899
2.919439554,0.619161606,0.627982140,1.557589531,0.011313438,0.130965233,0.027803421,-0.149723053,0.110170364,-0.003356934,-0.086612701,-0.029708862,-0.004531860,0.619161606,0.627982140,1.557589531,0.011313438,0.131348610,0.027803421,-0.000019580,-16.537860870,6.888527870,1.224709868,-0.813548565,-0.002202483,0.010635376,-16.531932831,6.911283493,1.295202255,-0.814984322,0.007476807,-0.000019580,-16.537860870,6.888527870,1.224709868,-0.813548565,-0.002202483,0.000000000,0.000000000,0.000000000,0.000000000,0.000000000,0.000000000,0.000000000,0.000000000,0.000000000,0.000000000,0.000000000,0.000000000,0.000000000,0.000000000,0.000000000,0.000000000,0.000000000,0.000000000,0.010654956,0.005928040,0.022755623,0.070492387,-0.001435757,0.009679290,0.011645920,0.006885519,-0.002214247,0.013120265,-0.000714726,0.007913684
2.929380655,0.619161606,0.627982140,1.557589531,0.011313438,0.130965233,0.027420044,0.078552246,0.083925247,-0.290714264,-0.016784668,-0.021652222,-0.040786743,0.619161606,0.627982140,1.557589531,0.011313438,0.131348610,0.027803421,-0.000019580,-16.537860870,6.888527870,1.224709868,-0.813548565,-0.002202483,-0.002853394,-16.539257050,6.897794724,1.254734039,-0.797467232,-0.019012451,-0.000019580,-16.537860870,6.888527870,1.224709868,-0.813548565,-0.002202483,0.000000000,0.000000000,0.000000000,0.000000000,0.000000000,0.000000000,0.000000000,0.000000000,0.000000000,0.000000000,0.000000000,0.000000000,0.000000000,0.000000000,0.000000000,0.000000000,0.000000000,0.000000000,-0.002833814,-0.001396179,0.009266853,0.030024171,0.016081333,-0.016809968,-0.001842849,-0.000438700,-0.015703016,-0.027347951,0.016802364,-0.018575573
2.939414978,0.619161606,0.627982140,1.557589531,0.011313438,0.131348610,0.027803421,0.011413574,0.043029785,0.055725098,-0.011413574,0.023666382,0.029708862,0.619161606,0.627982140,1.557589531,0.011313438,0.130965233,0.027803421,-0.000019580,-16.538076401,6.888732433,1.224937201,-0.813589752,-0.002202593,-0.028793335,-16.498970032,6.918027878,1.254734039,-0.837628365,-0.005340576,-0.000019580,-16.538076401,6.888732433,1.224937201,-0.813589752,-0.002202593,0.000000000,0.000000000,0.000000000,0.000000000,0.000000000,0.000000000,0.000000000,0.000000000,0.000000000,0.000000000,0.000000000,0.000000000,0.000000000,0.000000000,0.000000000,0.000000000,0.000000000,0.000000000,-0.028773755,0.039106369,0.029295444,0.029796839,-0.024038613,-0.003137984,-0.027782790,0.040063849,0.004325575,-0.027575284,-0.023317582,-0.004903589
2.949381828,0.618778229,0.627982140,1.557589531,0.011313438,0.131348610,0.027803421,-0.058410645,-0.027160645,-0.034240723,0.020812988,0.023666382,0.013595581,0.619161606,0.627982140,1.557589531,0.011313438,0.131348610,0.027803421,-0.000019580,-16.537860870,6.888527870,1.224709868,-0.813548565,-0.002202483,-0.000778198,-16.575878143,6.898313522,1.298833847,-0.845746040,-0.021575928,-0.000019580,-16.537860870,6.888527870,1.224709868,-0.813548565,-0.002202483,0.000000000,0.000000000,0.000000000,0.000000000,0.000000000,0.000000000,0.000000000,0.000000000,0.000000000,0.000000000,0.000000000,0.000000000,0.000000000,0.000000000,0.000000000,0.000000000,0.000000000,0.000000000,-0.000758618,-0.038017273,0.009785652,0.074123979,-0.032197475,-0.019373444,0.000232346,-0.037059793,-0.015184217,0.016751856,-0.031476445,-0.021139050
2.959379673,0.619161606,0.627982140,1.557589531,0.011313438,0.131348610,0.027803421,0.067810059,0.013732910,0.083923340,-0.008728027,-0.024673462,0.054885864,0.619161606,0.627982140,1.557589531,0.011313438,0.131348610,0.027420044,-0.000019580,-16.537860870,6.888528347,1.224710464,-0.813548684,-0.002201897,0.017898560,-16.526439667,6.908689499,1.241245270,-0.796185493,-0.000213623,-0.000019580,-16.537860870,6.888528347,1.224710464,-0.813548684,-0.002201897,0.000000000,0.000000000,0.000000000,0.000000000,0.000000000,0.000000000,0.000000000,0.000000000,0.000000000,0.000000000,0.000000000,0.000000000,0.000000000,0.000000000,0.000000000,0.000000000,0.000000000,0.000000000,0.017918140,0.011421204,0.020161152,0.016534805,0.017363191,0.001988274,0.018909104,0.012378683,-0.004808718,-0.040837317,0.018084222,0.000222668
2.969379425,0.619161606,0.627982140,1.557589531,0.011313438,0.131348610,0.027420044,0.000671387,-0.033874512,0.030212402,-0.140323639,-0.015609741,-0.081073761,0.619161606,0.627982140,1.557589531,0.011313438,0.130965233,0.027420044,-0.000019580,-16.538078308,6.888732910,1.224937797,-0.813589871,-0.002202006,-0.003890991,-16.528270721,6.909727097,1.310766220,-0.799176216,-0.002349854,-0.000019580,-16.538078308,6.888732910,1.224937797,-0.813589871,-0.002202006,0.000000000,0.000000000,0.000000000,0.000000000,0.000000000,0.000000000,0.000000000,0.000000000,0.000000000,0.000000000,0.000000000,0.000000000,0.000000000,0.000000000,0.000000000,0.000000000,0.000000000,0.000000000,-0.003871411,0.009807587,0.020994186,0.085828424,0.014413655,-0.000147847,-0.002880446,0.010765066,-0.003975683,0.028456301,0.015134686,-0.001913453
2.979388714,0.619161606,0.627982140,1.557589531,0.011313438,0.130965233,0.027420044,0.062438965,-0.020446777,0.019470215,-0.026184082,-0.000503540,-0.041793823,0.619161606,0.627982140,1.557972908,0.011313438,0.131348610,0.027803421,-0.000019584,-16.539991379,6.890546322,1.225115061,-0.813775837,-0.002203064,-0.009078979,-16.592357635,6.939298630,1.348638535,-0.800030708,0.007476807,-0.000019584,-16.539991379,6.890546322,1.225115061,-0.813775837,-0.002203064,0.000000000,0.000000000,0.000000000,0.000000000,0.000000000,0.000000000,0.000000000,0.000000000,0.000000000,0.000000000,0.000000000,0.000000000,0.000000000,0.000000000,0.000000000,0.000000000,0.000000000,0.000000000,-0.009059396,-0.052366257,0.048752308,0.123523474,0.013745129,0.009679871,-0.008068432,-0.051408777,0.023782438,0.066151351,0.014466160,0.007914265
2.989411354,0.619161606,0.627982140,1.557589531,0.011696815,0.131348610,0.027803421,-0.022155762,-0.051576614,-0.014099121,0.094665527,0.043807983,-0.000503540,0.619161606,0.627982140,1.557589531,0.011313438,0.130965233,0.027420044,-0.000019580,-16.538078308,6.888732910,1.224937797,-0.813589871,-0.002202006,-0.005966187,-16.561229706,6.919584274,1.240726471,-0.832928658,0.004058838,-0.000019580,-16.538078308,6.888732910,1.224937797,-0.813589871,-0.002202006,0.000000000,0.000000000,0.000000000,0.000000000,0.000000000,0.000000000,0.000000000,0.000000000,0.000000000,0.000000000,0.000000000,0.000000000,0.000000000,0.000000000,0.000000000,0.000000000,0.000000000,0.000000000,-0.005946606,-0.023151398,0.030851364,0.015788674,-0.019338787,0.006260844,-0.004955642,-0.022193918,0.005881495,-0.041583448,-0.018617756,0.004495238
2.999429941,0.619161606,0.627982140,1.557589531,0.011313438,0.131348610,0.027803421,0.214176178,0.120546341,0.065124512,0.016784668,-0.009567261,0.058914185,0.619161606,0.627982140,1.557589531,0.011313438,0.131348610,0.027803421,-0.000019580,-16.537860870,6.888527870,1.224709868,-0.813548565,-0.002202483,0.007522583,-16.513618469,6.900388718,1.306615829,-0.798748970,-0.011749268,-0.000019580,-16.537860870,6.888527870,1.224709868,-0.813548565,-0.002202483,0.000000000,0.000000000,0.000000000,0.000000000,0.000000000,0.000000000,0.000000000,0.000000000,0.000000000,0.000000000,0.000000000,0.000000000,0.000000000,0.000000000,0.000000000,0.000000000,0.000000000,0.000000000,0.007542163,0.024242401,0.011860847,0.081905961,0.014799595,-0.009546784,0.008533128,0.025199881,-0.013109022,0.024533839,0.015520626,-0.011312390
3.009378433,0.619161606,0.627982140,1.557589531,0.011313438,0.131348610,0.027420044,-0.053039551,-0.082704544,-0.216861725,-0.007385254,0.047836304,-0.014602661,0.619161606,0.627982140,1.557589531,0.011313438,0.131348610,0.027803421,-0.000019580,-16.537860870,6.888527870,1.224709868,-0.813548565,-0.002202483,0.014785767,-16.511787415,6.911283493,1.285345078,-0.821393013,-0.004058838,-0.000019580,-16.537860870,6.888527870,1.224709868,-0.813548565,-0.002202483,0.000000000,0.000000000,0.000000000,0.000000000,0.000000000,0.000000000,0.000000000,0.000000000,0.000000000,0.000000000,0.000000000,0.000000000,0.000000000,0.000000000,0.000000000,0.000000000,0.000000000,0.000000000,0.014805347,0.026073456,0.022755623,0.060635209,-0.007844448,-0.001856355,0.015796311,0.027030935,-0.002214247,0.003263087,-0.007123417,-0.003621960
3.019417524,0.619161606,0.627982140,1.557589531,0.011313438,0.131348610,0.027803421,0.145690918,0.032653809,0.149719238,-0.148380280,0.025680542,0.003524780,0.619161606,0.627982140,1.557589531,0.011313438,0.131348610,0.027420044,-0.000019580,-16.537860870,6.888528347,1.224710464,-0.813548684,-0.002201897,-0.014785767,-16.544750214,6.933591843,1.237613678,-0.826519966,-0.001922607,-0.000019580,-16.537860870,6.888528347,1.224710464,-0.813548684,-0.002201897,0.000000000,0.000000000,0.000000000,0.000000000,0.000000000,0.000000000,0.000000000,0.000000000,0.000000000,0.000000000,0.000000000,0.000000000,0.000000000,0.000000000,0.000000000,0.000000000,0.000000000,0.000000000,-0.014766187,-0.006889343,0.045063496,0.012903214,-0.012971282,0.000279289,-0.013775222,-0.005931864,0.020093626,-0.044468909,-0.012250251,-0.001486316
3.029377937,0.619161606,0.627598763,1.557589531,0.011313438,0.131348610,0.027420044,0.000671387,-0.189516068,0.031555176,-0.000671387,-0.010574341,-0.096179962,0.618778229,0.627982140,1.557589531,0.011313438,0.131348610,0.027803421,-0.000019564,-16.537860870,6.888527870,1.224709868,-0.813548565,-0.002202483,-0.027236938,-16.509956360,6.911802292,1.291051865,-0.828656197,-0.005767822,-0.000019564,-16.537860870,6.888527870,1.224709868,-0.813548565,-0.002202483,0.000000000,0.000000000,0.000000000,0.000000000,0.000000000,0.000000000,0.000000000,0.000000000,0.000000000,0.000000000,0.000000000,0.000000000,0.000000000,0.000000000,0.000000000,0.000000000,0.000000000,0.000000000,-0.027217375,0.027904510,0.023274422,0.066341996,-0.015107632,-0.003565339,-0.026226410,0.028861990,-0.001695448,0.008969874,-0.014386601,-0.005330945
3.039438963,0.619161606,0.627982140,1.557589531,0.011313438,0.130965233,0.027803421,0.027526855,-0.042421341,0.034240723,-0.003356934,-0.066974640,-0.022659302,0.619161606,0.627982140,1.557589531,0.011313438,0.131348610,0.027420044,-0.000019580,-16.537860870,6.888528347,1.224710464,-0.813548684,-0.002201897,0.022048950,-16.524608612,6.880155563,1.277563095,-0.813702583,-0.004058838,-0.000019580,-16.537860870,6.888528347,1.224710464,-0.813548684,-0.002201897,0.000000000,0.000000000,0.000000000,0.000000000,0.000000000,0.000000000,0.000000000,0.000000000,0.000000000,0.000000000,0.000000000,0.000000000,0.000000000,0.000000000,0.000000000,0.000000000,0.000000000,0.000000000,0.022068530,0.013252258,-0.008372784,0.052852631,-0.000153899,-0.001856941,0.023059495,0.014209738,-0.033342653,-0.004519492,0.000567132,-0.003622547
3.049379110,0.618778229,0.627982140,1.557972908,0.011313438,0.131348610,0.027803421,-0.133609772,0.043640137,0.073181152,-0.061096191,0.025680542,0.046829224,0.618778229,0.627982140,1.557589531,0.011313438,0.131348610,0.027803421,-0.000019564,-16.537860870,6.888527870,1.224709868,-0.813548565,-0.002202483,0.063552856,-16.526439667,6.899351120,1.308172226,-0.804730415,-0.002777100,-0.000019564,-16.537860870,6.888527870,1.224709868,-0.813548565,-0.002202483,0.000000000,0.000000000,0.000000000,0.000000000,0.000000000,0.000000000,0.000000000,0.000000000,0.000000000,0.000000000,0.000000000,0.000000000,0.000000000,0.000000000,0.000000000,0.000000000,0.000000000,0.000000000,0.063572420,0.011421204,0.010823250,0.083462358,0.008818150,-0.000574616,0.064563385,0.012378683,-0.014146620,0.026090235,0.009539180,-0.002340222
3.059378862,0.619161606,0.627982140,1.557589531,0.011313438,0.131348610,0.027420044,-0.061096191,-0.083925247,0.050354004,0.071838379,0.066970825,-0.067981720,0.619161606,0.627982140,1.557589531,0.011313438,0.131348610,0.027803421,-0.000019580,-16.537860870,6.888527870,1.224709868,-0.813548565,-0.002202483,0.014266968,-16.537425995,6.912321091,1.251102448,-0.817120552,-0.012176514,-0.000019580,-16.537860870,6.888527870,1.224709868,-0.813548565,-0.002202483,0.000000000,0.000000000,0.000000000,0.000000000,0.000000000,0.000000000,0.000000000,0.000000000,0.000000000,0.000000000,0.000000000,0.000000000,0.000000000,0.000000000,0.000000000,0.000000000,0.000000000,0.000000000,0.014286548,0.000434875,0.023793221,0.026392579,-0.003571987,-0.009974030,0.015277512,0.001392355,-0.001176649,-0.030979543,-0.002850956,-0.011739636
3.069380283,0.619161606,0.627982140,1.557589531,0.011313438,0.131348610,0.027803421,0.073181152,-0.093080521,0.120178223,0.082580566,0.011581421,0.016616821,0.619161606,0.627982140,1.557589531,0.011313438,0.131348610,0.027803421,-0.000019580,-16.537860870,6.888527870,1.224709868,-0.813548565,-0.002202483,-0.042284012,-16.502632141,6.909208298,1.284307480,-0.779949188,-0.002349854,-0.000019580,-16.537860870,6.888527870,1.224709868,-0.813548565,-0.002202483,0.000000000,0.000000000,0.000000000,0.000000000,0.000000000,0.000000000,0.000000000,0.000000000,0.000000000,0.000000000,0.000000000,0.000000000,0.000000000,0.000000000,0.000000000,0.000000000,0.000000000,0.000000000,-0.042264432,0.035228729,0.020680428,0.059597611,0.033599377,-0.000147370,-0.041273467,0.036186209,-0.004289442,0.002225489,0.034320408,-0.001912976
3.079415560,0.618778229,0.627982140,1.557589531,0.011313438,0.131348610,0.027803421,-0.038269043,0.081483841,0.125549316,-0.008728027,0.054885864,0.005538940,0.619161606,0.627982140,1.557589531,0.011313438,0.131348610,0.027803421,-0.000019580,-16.537860870,6.888527870,1.224709868,-0.813548565,-0.002202483,0.013229370,-16.568553925,6.931516647,1.266668320,-0.812420845,-0.016448975,-0.000019580,-16.537860870,6.888527870,1.224709868,-0.813548565,-0.002202483,0.000000000,0.000000000,0.000000000,0.000000000,0.000000000,0.000000000,0.000000000,0.000000000,0.000000000,0.000000000,0.000000000,0.000000000,0.000000000,0.000000000,0.000000000,0.000000000,0.000000000,0.000000000,0.013248950,-0.030693054,0.042988777,0.041958451,0.001127720,-0.014246491,0.014239915,-0.029735575,0.018018908,-0.015413671,0.001848751,-0.016012097
3.089378834,0.619161606,0.627982140,1.557589531,0.011313438,0.131348610,0.027803421,-0.069152832,-0.086366653,0.104064941,-0.023498535,0.004531860,-0.054885864,0.619161606,0.627982140,1.557589531,0.011313438,0.130965233,0.027803421,-0.000019580,-16.538076401,6.888732433,1.224937201,-0.813589752,-0.002202593,-0.012191772,-16.542919159,6.902463913,1.273412704,-0.741069794,-0.009185791,-0.000019580,-16.538076401,6.888732433,1.224937201,-0.813589752,-0.002202593,0.000000000,0.000000000,0.000000000,0.000000000,0.000000000,0.000000000,0.000000000,0.000000000,0.000000000,0.000000000,0.000000000,0.000000000,0.000000000,0.000000000,0.000000000,0.000000000,0.000000000,0.000000000,-0.012172192,-0.004842758,0.013731480,0.048475504,0.072519958,-0.006983198,-0.011181228,-0.003885279,-0.011238390,-0.008896618,0.073240989,-0.008748804
3.099380016,0.619161606,0.627982140,1.557589531,0.011313438,0.131348610,0.027803421,0.155090332,-0.035095215,-0.089298248,-0.122867584,0.032730103,0.000503540,0.618778229,0.627982140,1.557589531,0.011313438,0.131348610,0.027803421,-0.000019564,-16.537860870,6.888527870,1.224709868,-0.813548565,-0.002202483,0.027755737,-16.588695526,6.912839890,1.258365631,-0.815838814,0.006195068,-0.000019564,-16.537860870,6.888527870,1.224709868,-0.813548565,-0.002202483,0.000000000,0.000000000,0.000000000,0.000000000,0.000000000,0.000000000,0.000000000,0.000000000,0.000000000,0.000000000,0.000000000,0.000000000,0.000000000,0.000000000,0.000000000,0.000000000,0.000000000,0.000000000,0.027775301,-0.050834656,0.024312019,0.033655763,-0.002290249,0.008397552,0.028766265,-0.049877176,-0.000657850,-0.023716360,-0.001569218,0.006631946
3.109404564,0.619161606,0.627982140,1.557589531,0.011313438,0.131348610,0.027803421,0.125549316,0.091249466,0.102722168,-0.016784668,-0.008560181,0.020645142,0.619161606,0.627982140,1.557589531,0.011313438,0.131348610,0.027803421,-0.000019580,-16.537860870,6.888527870,1.224709868,-0.813548565,-0.002202483,0.005966187,-16.498970032,6.931516647,1.271337509,-0.844891548,0.011322021,-0.000019580,-16.537860870,6.888527870,1.224709868,-0.813548565,-0.002202483,0.000000000,0.000000000,0.000000000,0.000000000,0.000000000,0.000000000,0.000000000,0.000000000,0.000000000,0.000000000,0.000000000,0.000000000,0.000000000,0.000000000,0.000000000,0.000000000,0.000000000,0.000000000,0.005985767,0.038890839,0.042988777,0.046627641,-0.031342983,0.013524505,0.006976731,0.039848318,0.018018908,-0.010744482,-0.030621952,0.011758899
3.119412899,0.619161606,0.627982140,1.557589531,0.011313438,0.131348610,0.027803421,-0.036926270,-0.117494583,0.057067871,-0.039611816,-0.014602661,-0.012588501,0.619161606,0.627982140,1.557589531,0.011313438,0.131348610,0.027420044,-0.000019580,-16.537860870,6.888528347,1.224710464,-0.813548684,-0.002201897,-0.018936157,-16.526439667,6.922697067,1.293127060,-0.792339325,0.001495361,-0.000019580,-16.537860870,6.888528347,1.224710464,-0.813548684,-0.002201897,0.000000000,0.000000000,0.000000000,0.000000000,0.000000000,0.000000000,0.000000000,0.000000000,0.000000000,0.000000000,0.000000000,0.000000000,0.000000000,0.000000000,0.000000000,0.000000000,0.000000000,0.000000000,-0.018916577,0.011421204,0.034168720,0.068416595,0.021209359,0.003697258,-0.017925613,0.012378683,0.009198851,0.011044473,0.021930390,0.001931653
3.129378796,0.619161606,0.627982140,1.557589531,0.011313438,0.131348610,0.027420044,0.014099121,-0.121767044,-0.073181152,-0.120182037,-0.055892944,-0.011581421,0.619161606,0.627982140,1.557589531,0.011313438,0.130965233,0.027803421,-0.000019580,-16.538076401,6.888732433,1.224937201,-0.813589752,-0.002202593,-0.002853394,-16.515449524,6.901945114,1.288457870,-0.822247505,-0.005340576,-0.000019580,-16.538076401,6.888732433,1.224937201,-0.813589752,-0.002202593,0.000000000,0.000000000,0.000000000,0.000000000,0.000000000,0.000000000,0.000000000,0.000000000,0.000000000,0.000000000,0.000000000,0.000000000,0.000000000,0.000000000,0.000000000,0.000000000,0.000000000,0.000000000,-0.002833813,0.022626877,0.013212681,0.063520670,-0.008657753,-0.003137984,-0.001842849,0.023584356,-0.011757189,0.006148548,-0.007936723,-0.004903589
3.139378309,0.619161606,0.627982140,1.557589531,0.011313438,0.130965233,0.027803421,0.185977936,0.054016113,-0.046325684,0.012756348,-0.045822144,0.021652222,0.619161606,0.627982140,1.557589531,0.011313438,0.131348610,0.027420044,-0.000019580,-16.537860870,6.888528347,1.224710464,-0.813548684,-0.002201897,-0.002334595,-16.491645813,6.893125534,1.295202255,-0.771404266,-0.009613037,-0.000019580,-16.537860870,6.888528347,1.224710464,-0.813548684,-0.002201897,0.000000000,0.000000000,0.000000000,0.000000000,0.000000000,0.000000000,0.000000000,0.000000000,0.000000000,0.000000000,0.000000000,0.000000000,0.000000000,0.000000000,0.000000000,0.000000000,0.000000000,0.000000000,-0.002315015,0.046215057,0.004597187,0.070491791,0.042144418,-0.007411140,-0.001324050,0.047172537,-0.020372683,0.013119669,0.042865449,-0.009176746
3.149409771,0.619161606,0.627982140,1.557206154,0.011313438,0.131348610,0.027420044,-0.053039551,0.035705566,-0.199405670,0.202091217,-0.045822144,0.007553101,0.619161606,0.627982140,1.557589531,0.011313438,0.131348610,0.027420044,-0.000019580,-16.537860870,6.888528347,1.224710464,-0.813548684,-0.002201897,-0.030349731,-16.526439667,6.931516647,1.282751083,-0.799176216,-0.001495361,-0.000019580,-16.537860870,6.888528347,1.224710464,-0.813548684,-0.002201897,0.000000000,0.000000000,0.000000000,0.000000000,0.000000000,0.000000000,0.000000000,0.000000000,0.000000000,0.000000000,0.000000000,0.000000000,0.000000000,0.000000000,0.000000000,0.000000000,0.000000000,0.000000000,-0.030330151,0.011421204,0.042988300,0.058040619,0.014372468,0.000706536,-0.029339187,0.012378683,0.018018431,0.000668497,0.015093499,-0.001059070
3.159413338,0.619161606,0.627982140,1.557589531,0.011313438,0.130965233,0.027803421,-0.038269043,-0.014953613,-0.035583496,0.062438965,-0.018630981,-0.021652222,0.619161606,0.627982140,1.557589531,0.011313438,0.131348610,0.027803421,-0.000019580,-16.537860870,6.888527870,1.224709868,-0.813548565,-0.002202483,-0.001815796,-16.486152649,6.926328659,1.290014267,-0.824810982,0.006622314,-0.000019580,-16.537860870,6.888527870,1.224709868,-0.813548565,-0.002202483,0.000000000,0.000000000,0.000000000,0.000000000,0.000000000,0.000000000,0.000000000,0.000000000,0.000000000,0.000000000,0.000000000,0.000000000,0.000000000,0.000000000,0.000000000,0.000000000,0.000000000,0.000000000,-0.001796216,0.051708221,0.037800789,0.065304399,-0.011262417,0.008824798,-0.000805251,0.052665701,0.012830919,0.007932276,-0.010541386,0.007059192
3.169376850,0.619161606,0.627982140,1.557589531,0.011313438,0.131348610,0.027420044,0.014099121,0.108949661,0.010070801,-0.066467285,0.075027466,-0.001510620,0.619161606,0.627982140,1.557589531,0.011313438,0.130965233,0.027420044,-0.000019580,-16.538078308,6.888732910,1.224937797,-0.813589871,-0.002202006,0.035018921,-16.522773743,6.901426315,1.312322617,-0.847027779,-0.004486084,-0.000019580,-16.538078308,6.888732910,1.224937797,-0.813589871,-0.002202006,0.000000000,0.000000000,0.000000000,0.000000000,0.000000000,0.000000000,0.000000000,0.000000000,0.000000000,0.000000000,0.000000000,0.000000000,0.000000000,0.000000000,0.000000000,0.000000000,0.000000000,0.000000000,0.035038501,0.015304565,0.012693405,0.087384820,-0.033437908,-0.002284078,0.036029466,0.016262045,-0.012276464,0.030012698,-0.032716877,-0.004049684
3.179409742,0.619161606,0.627982140,1.557589531,0.011313438,0.131348610,0.027803421,0.044982910,-0.099794388,-0.120182037,0.002014160,-0.032730103,-0.008560181,0.618778229,0.627982140,1.557589531,0.011313438,0.131348610,0.027803421,-0.000019564,-16.537860870,6.888527870,1.224709868,-0.813548565,-0.002202483,0.025161743,-16.563060760,6.903501511,1.236576080,-0.817120552,-0.003631592,-0.000019564,-16.537860870,6.888527870,1.224709868,-0.813548565,-0.002202483,0.000000000,0.000000000,0.000000000,0.000000000,0.000000000,0.000000000,0.000000000,0.000000000,0.000000000,0.000000000,0.000000000,0.000000000,0.000000000,0.000000000,0.000000000,0.000000000,0.000000000,0.000000000,0.025181307,-0.025199890,0.014973640,0.011866212,-0.003571987,-0.001429108,0.026172271,-0.024242411,-0.009996229,-0.045505910,-0.002850956,-0.003194714
3.189378500,0.619161606,0.627982140,1.557589531,0.011313438,0.131348610,0.027803421,0.070495605,-0.102846146,-0.167179108,-0.026184082,0.044815063,0.048843384,0.619161606,0.627982140,1.557589531,0.011313438,0.131348610,0.027420044,-0.000019580,-16.537860870,6.888528347,1.224710464,-0.813548684,-0.002201897,-0.021530151,-16.519111633,6.909208298,1.309728622,-0.808148384,0.005340576,-0.000019580,-16.537860870,6.888528347,1.224710464,-0.813548684,-0.002201897,0.000000000,0.000000000,0.000000000,0.000000000,0.000000000,0.000000000,0.000000000,0.000000000,0.000000000,0.000000000,0.000000000,0.000000000,0.000000000,0.000000000,0.000000000,0.000000000,0.000000000,0.000000000,-0.021510571,0.018749237,0.020679951,0.085018158,0.005400300,0.007542473,-0.020519607,0.019706717,-0.004289919,0.027646036,0.006121331,0.005776867
3.199444294,0.619161606,0.627982140,1.557589531,0.011313438,0.131348610,0.027803421,0.100036621,-0.060121536,-0.083923340,-0.022155762,-0.066974640,0.031723022,0.619161606,0.627982140,1.557589531,0.011313438,0.131348610,0.027420044,-0.000019580,-16.537860870,6.888528347,1.224710464,-0.813548684,-0.002201897,-0.010635376,-16.495307922,6.924253464,1.233982086,-0.812848091,0.004913330,-0.000019580,-16.537860870,6.888528347,1.224710464,-0.813548684,-0.002201897,0.000000000,0.000000000,0.000000000,0.000000000,0.000000000,0.000000000,0.000000000,0.000000000,0.000000000,0.000000000,0.000000000,0.000000000,0.000000000,0.000000000,0.000000000,0.000000000,0.000000000,0.000000000,-0.010615796,0.042552948,0.035725117,0.009271622,0.000700593,0.007115227,-0.009624831,0.043510428,0.010755247,-0.048100501,0.001421624,0.005349621
3.209396839,0.618778229,0.627982140,1.557589531,0.011313438,0.131348610,0.027420044,-0.235660553,0.035095215,0.030212402,-0.027526855,-0.028701782,-0.096179962,0.619161606,0.627982140,1.557589531,0.011313438,0.131348610,0.027803421,-0.000019580,-16.537860870,6.888527870,1.224709868,-0.813548565,-0.002202483,-0.023605347,-16.526439667,6.938261032,1.296758652,-0.825665474,0.010894775,-0.000019580,-16.537860870,6.888527870,1.224709868,-0.813548565,-0.002202483,0.000000000,0.000000000,0.000000000,0.000000000,0.000000000,0.000000000,0.000000000,0.000000000,0.000000000,0.000000000,0.000000000,0.000000000,0.000000000,0.000000000,0.000000000,0.000000000,0.000000000,0.000000000,-0.023585767,0.011421204,0.049733162,0.072048783,-0.012116909,0.013097259,-0.022594802,0.012378683,0.024763292,0.014676661,-0.011395878,0.011331653
3.219426155,0.619161606,0.627982140,1.557589531,0.011313438,0.131348610,0.027803421,-0.106754303,-0.023498535,-0.069152832,0.028869629,-0.039779663,-0.007553101,0.618778229,0.627982140,1.557589531,0.011313438,0.131348610,0.027803421,-0.000019564,-16.537860870,6.888527870,1.224709868,-0.813548565,-0.002202483,0.010635376,-16.502632141,6.908689499,1.335668564,-0.807721138,-0.003631592,-0.000019564,-16.537860870,6.888527870,1.224709868,-0.813548565,-0.002202483,0.000000000,0.000000000,0.000000000,0.000000000,0.000000000,0.000000000,0.000000000,0.000000000,0.000000000,0.000000000,0.000000000,0.000000000,0.000000000,0.000000000,0.000000000,0.000000000,0.000000000,0.000000000,0.010654940,0.035228729,0.020161629,0.110958695,0.005827427,-0.001429108,0.011645904,0.036186209,-0.004808241,0.053586573,0.006548458,-0.003194714
3.229396343,0.618778229,0.627982140,1.557972908,0.011313438,0.131348610,0.027420044,-0.082580566,-0.018005371,0.008728027,0.160461426,-0.011581421,0.004531860,0.619161606,0.627982140,1.557589531,0.011313438,0.131348610,0.027803421,-0.000019580,-16.537860870,6.888527870,1.224709868,-0.813548565,-0.002202483,-0.005966187,-16.548412323,6.922697067,1.292089462,-0.815411568,0.008758545,-0.000019580,-16.537860870,6.888527870,1.224709868,-0.813548565,-0.002202483,0.000000000,0.000000000,0.000000000,0.000000000,0.000000000,0.000000000,0.000000000,0.000000000,0.000000000,0.000000000,0.000000000,0.000000000,0.000000000,0.000000000,0.000000000,0.000000000,0.000000000,0.000000000,-0.005946606,-0.010551453,0.034169197,0.067379594,-0.001863003,0.010961028,-0.004955642,-0.009593973,0.009199327,0.010007472,-0.001141972,0.009195423
3.239429474,0.619161606,0.627982140,1.557589531,0.011313438,0.131348610,0.027803421,0.238346100,-0.129091263,0.066467285,0.008728027,-0.006546021,0.007553101,0.619161606,0.627982140,1.557589531,0.011313438,0.130965233,0.027803421,-0.000019580,-16.538076401,6.888732433,1.224937201,-0.813589752,-0.002202593,-0.003890991,-16.535594940,6.910245895,1.247989655,-0.816693306,0.007476807,-0.000019580,-16.538076401,6.888732433,1.224937201,-0.813589752,-0.002202593,0.000000000,0.000000000,0.000000000,0.000000000,0.000000000,0.000000000,0.000000000,0.000000000,0.000000000,0.000000000,0.000000000,0.000000000,0.000000000,0.000000000,0.000000000,0.000000000,0.000000000,0.000000000,-0.003871411,0.002481461,0.021513462,0.023052454,-0.003103554,0.009679399,-0.002880446,0.003438940,-0.003456408,-0.034319668,-0.002382523,0.007913794
3.249379158,0.619161606,0.627982140,1.557589531,0.011313438,0.131348610,0.027803421,0.047668457,-0.065004349,0.000671387,-0.055725098,0.010574341,0.005538940,0.619161606,0.627982140,1.557589531,0.011313438,0.130965233,0.027803421,-0.000019580,-16.538076401,6.888732433,1.224937201,-0.813589752,-0.002202593,-0.025161743,-16.522773743,6.904539108,1.190402985,-0.820111275,-0.007049561,-0.000019580,-16.538076401,6.888732433,1.224937201,-0.813589752,-0.002202593,0.000000000,0.000000000,0.000000000,0.000000000,0.000000000,0.000000000,0.000000000,0.000000000,0.000000000,0.000000000,0.000000000,0.000000000,0.000000000,0.000000000,0.000000000,0.000000000,0.000000000,0.000000000,-0.025142163,0.015302658,0.015806675,-0.034534216,-0.006521523,-0.004846968,-0.024151198,0.016260138,-0.009163195,-0.091906338,-0.005800492,-0.006612574
3.259380579,0.619161606,0.627982140,1.557589531,0.011313438,0.131348610,0.027803421,-0.015441895,0.084535599,-0.050354004,0.117492676,0.021652222,0.026687622,0.619161606,0.627982140,1.557589531,0.011313438,0.131348610,0.027803421,-0.000019580,-16.537860870,6.888527870,1.224709868,-0.813548565,-0.002202483,-0.000259399,-16.530101776,6.922697067,1.285863876,-0.803448677,-0.009613037,-0.000019580,-16.537860870,6.888527870,1.224709868,-0.813548565,-0.002202483,0.000000000,0.000000000,0.000000000,0.000000000,0.000000000,0.000000000,0.000000000,0.000000000,0.000000000,0.000000000,0.000000000,0.000000000,0.000000000,0.000000000,0.000000000,0.000000000,0.000000000,0.000000000,-0.000239819,0.007759094,0.034169197,0.061154008,0.010099888,-0.007410554,0.000751145,0.008716574,0.009199327,0.003781886,0.010820919,-0.009176159
3.269380331,0.619161606,0.627982140,1.557589531,0.011313438,0.131348610,0.027420044,-0.120182037,-0.018005371,0.113464355,0.055725098,-0.015609741,-0.043807983,0.618778229,0.627982140,1.557589531,0.011313438,0.130965233,0.027803421,-0.000019564,-16.538076401,6.888732433,1.224937201,-0.813589752,-0.002202593,0.012710571,-16.508125305,6.918027878,1.311285019,-0.812848091,-0.004486084,-0.000019564,-16.538076401,6.888732433,1.224937201,-0.813589752,-0.002202593,0.000000000,0.000000000,0.000000000,0.000000000,0.000000000,0.000000000,0.000000000,0.000000000,0.000000000,0.000000000,0.000000000,0.000000000,0.000000000,0.000000000,0.000000000,0.000000000,0.000000000,0.000000000,0.012730135,0.029951096,0.029295444,0.086347818,0.000741661,-0.002283491,0.013721100,0.030908575,0.004325575,0.028975696,0.001462691,-0.004049097
3.279406309,0.619161606,0.627982140,1.557589531,0.011313438,0.131348610,0.027803421,0.010070801,-0.068666458,-0.134952545,-0.094669342,-0.054885864,0.027694702,0.619161606,0.627982140,1.557589531,0.011313438,0.131348610,0.027420044,-0.000019580,-16.537860870,6.888528347,1.224710464,-0.813548684,-0.002201897,-0.009597778,-16.537425995,6.925291061,1.265111923,-0.818402290,0.007904053,-0.000019580,-16.537860870,6.888528347,1.224710464,-0.813548684,-0.002201897,0.000000000,0.000000000,0.000000000,0.000000000,0.000000000,0.000000000,0.000000000,0.000000000,0.000000000,0.000000000,0.000000000,0.000000000,0.000000000,0.000000000,0.000000000,0.000000000,0.000000000,0.000000000,-0.009578198,0.000434875,0.036762714,0.040401459,-0.004853606,0.010105950,-0.008587234,0.001392355,0.011792845,-0.016970664,-0.004132575,0.008340344
3.289381266,0.619161606,0.627982140,1.557589531,0.011313438,0.131348610,0.027420044,0.105407715,-0.102235794,0.051696777,-0.015441895,0.018630981,-0.015609741,0.618778229,0.627982140,1.557589531,0.011313438,0.131348610,0.027420044,-0.000019564,-16.537860870,6.888528347,1.224710464,-0.813548684,-0.002201897,-0.016342163,-16.559398651,6.914396286,1.280675888,-0.820111275,-0.007476807,-0.000019564,-16.537860870,6.888528347,1.224710464,-0.813548684,-0.002201897,0.000000000,0.000000000,0.000000000,0.000000000,0.000000000,0.000000000,0.000000000,0.000000000,0.000000000,0.000000000,0.000000000,0.000000000,0.000000000,0.000000000,0.000000000,0.000000000,0.000000000,0.000000000,-0.016322599,-0.021537781,0.025867939,0.055965424,-0.006562591,-0.005274910,-0.015331635,-0.020580301,0.000898069,-0.001406699,-0.005841560,-0.007040515
3.299415827,0.619161606,0.627982140,1.557589531,0.011313438,0.131348610,0.027803421,0.125549316,-0.065004349,-0.034240723,-0.035583496,0.049850464,-0.018630981,0.619161606,0.627982140,1.557589531,0.011313438,0.131348610,0.027420044,-0.000019580,-16.537860870,6.888528347,1.224710464,-0.813548684,-0.002201897,-0.007003784,-16.541088104,6.899869919,1.282232285,-0.800885201,0.008331299,-0.000019580,-16.537860870,6.888528347,1.224710464,-0.813548684,-0.002201897,0.000000000,0.000000000,0.000000000,0.000000000,0.000000000,0.000000000,0.000000000,0.000000000,0.000000000,0.000000000,0.000000000,0.000000000,0.000000000,0.000000000,0.000000000,0.000000000,0.000000000,0.000000000,-0.006984204,-0.003227234,0.011341572,0.057521820,0.012663484,0.010533196,-0.005993240,-0.002269754,-0.013628298,0.000149698,0.013384514,0.008767590
3.309381008,0.619161606,0.627982140,1.557589531,0.010930061,0.131348610,0.027803421,0.046325684,0.002136230,0.063781738,-0.137638092,0.010574341,0.000503540,0.619161606,0.627982140,1.557589531,0.011313438,0.131348610,0.027803421,-0.000019580,-16.537860870,6.888527870,1.224709868,-0.813548565,-0.002202483,0.017898560,-16.539257050,6.925291061,1.298833847,-0.833783150,0.015594482,-0.000019580,-16.537860870,6.888527870,1.224709868,-0.813548565,-0.002202483,0.000000000,0.000000000,0.000000000,0.000000000,0.000000000,0.000000000,0.000000000,0.000000000,0.000000000,0.000000000,0.000000000,0.000000000,0.000000000,0.000000000,0.000000000,0.000000000,0.000000000,0.000000000,0.017918140,-0.001396179,0.036763191,0.074123979,-0.020234585,0.017796966,0.018909104,-0.000438700,0.011793322,0.016751856,-0.019513554,0.016031360
3.319379330,0.619161606,0.627982140,1.557206154,0.011313438,0.131348610,0.027803421,-0.039611816,0.110170364,0.049011230,-0.008728027,-0.036758423,0.003524780,0.619161606,0.627982140,1.557589531,0.010930061,0.131348610,0.027803421,-0.000019579,-16.537475586,6.888162613,1.224304318,-0.813321173,-0.002201902,0.013748169,-16.522773743,6.896238327,1.291570663,-0.813275337,-0.008331299,-0.000019579,-16.537475586,6.888162613,1.224304318,-0.813321173,-0.002201902,0.000000000,0.000000000,0.000000000,0.000000000,0.000000000,0.000000000,0.000000000,0.000000000,0.000000000,0.000000000,0.000000000,0.000000000,0.000000000,0.000000000,0.000000000,0.000000000,0.000000000,0.000000000,0.013767748,0.014701843,0.008075714,0.067266345,0.000045836,-0.006129397,0.014758713,0.015659323,-0.016894155,0.009894223,0.000766867,-0.007895002
3.329380035,0.619161606,0.627982140,1.557589531,0.011313438,0.131348610,0.027420044,0.031555176,0.024108887,0.137634277,0.180606842,0.044815063,-0.006546021,0.619161606,0.627982140,1.557589531,0.011313438,0.131348610,0.027803421,-0.000019580,-16.537860870,6.888527870,1.224709868,-0.813548565,-0.002202483,-0.004409790,-16.583202362,6.906095505,1.260959625,-0.825238228,0.023712158,-0.000019580,-16.537860870,6.888527870,1.224709868,-0.813548565,-0.002202483,0.000000000,0.000000000,0.000000000,0.000000000,0.000000000,0.000000000,0.000000000,0.000000000,0.000000000,0.000000000,0.000000000,0.000000000,0.000000000,0.000000000,0.000000000,0.000000000,0.000000000,0.000000000,-0.004390210,-0.045341492,0.017567635,0.036249757,-0.011689663,0.025914642,-0.003399246,-0.044384012,-0.007402235,-0.021122365,-0.010968632,0.024149036
3.339384556,0.618778229,0.627982140,1.557589531,0.011313438,0.131348610,0.027803421,-0.114810944,0.091249466,-0.014099121,-0.036926270,-0.037765503,0.028701782,0.619161606,0.627598763,1.557589531,0.011313438,0.131348610,0.027803421,-0.000019576,-16.535097122,6.890546322,1.225115061,-0.813775837,-0.002203064,-0.023605347,-16.566722870,6.900388718,1.282232285,-0.826519966,0.008758545,-0.000019576,-16.535097122,6.890546322,1.225115061,-0.813775837,-0.002203064,0.000000000,0.000000000,0.000000000,0.000000000,0.000000000,0.000000000,0.000000000,0.000000000,0.000000000,0.000000000,0.000000000,0.000000000,0.000000000,0.000000000,0.000000000,0.000000000,0.000000000,0.000000000,-0.023585771,-0.031625748,0.009842396,0.057117224,-0.012744129,0.010961609,-0.022594807,-0.030668268,-0.015127474,-0.000254899,-0.012023098,0.009196003
3.349381208,0.619161606,0.627982140,1.557589531,0.011313438,0.131348610,0.027803421,-0.023498535,0.022888184,-0.129581451,-0.061096191,-0.004531860,0.020645142,0.618778229,0.627598763,1.557589531,0.011313438,0.131348610,0.027420044,-0.000019559,-16.535099030,6.890546799,1.225115657,-0.813775957,-0.002202478,0.017379761,-16.515449524,6.895719528,1.300390244,-0.787212372,0.007904053,-0.000019559,-16.535099030,6.890546799,1.225115657,-0.813775957,-0.002202478,0.000000000,0.000000000,0.000000000,0.000000000,0.000000000,0.000000000,0.000000000,0.000000000,0.000000000,0.000000000,0.000000000,0.000000000,0.000000000,0.000000000,0.000000000,0.000000000,0.000000000,0.000000000,0.017399320,0.019649506,0.005172729,0.075274587,0.026563585,0.010106531,0.018390284,0.020606985,-0.019797140,0.017902464,0.027284616,0.008340925
3.359421253,0.618778229,0.627982140,1.557589531,0.011313438,0.131348610,0.027420044,-0.172550201,-0.057680130,-0.059753418,-0.046325684,0.056900024,0.005538940,0.619161606,0.627982140,1.557589531,0.011313438,0.131348610,0.027803421,-0.000019580,-16.537860870,6.888527870,1.224709868,-0.813548565,-0.002202483,0.003372192,-16.563060760,6.900388718,1.307653427,-0.809857368,0.012176514,-0.000019580,-16.537860870,6.888527870,1.224709868,-0.813548565,-0.002202483,0.000000000,0.000000000,0.000000000,0.000000000,0.000000000,0.000000000,0.000000000,0.000000000,0.000000000,0.000000000,0.000000000,0.000000000,0.000000000,0.000000000,0.000000000,0.000000000,0.000000000,0.000000000,0.003391772,-0.025199890,0.011860847,0.082943559,0.003691196,0.014378997,0.004382737,-0.024242411,-0.013109022,0.025571436,0.004412227,0.012613391
3.369379520,0.619161606,0.627982140,1.557206154,0.011313438,0.131348610,0.027420044,-0.010070801,-0.085756302,-0.062438965,-0.132266998,-0.026687622,-0.063949585,0.619161606,0.627982140,1.557589531,0.011313438,0.131348610,0.027803421,-0.000019580,-16.537860870,6.888527870,1.224709868,-0.813548565,-0.002202483,-0.009597778,-16.480659485,6.902982712,1.280675888,-0.811993599,0.005767822,-0.000019580,-16.537860870,6.888527870,1.224709868,-0.813548565,-0.002202483,0.000000000,0.000000000,0.000000000,0.000000000,0.000000000,0.000000000,0.000000000,0.000000000,0.000000000,0.000000000,0.000000000,0.000000000,0.000000000,0.000000000,0.000000000,0.000000000,0.000000000,0.000000000,-0.009578198,0.057201385,0.014454842,0.055966020,0.001554966,0.007970306,-0.008587234,0.058158865,-0.010515028,-0.001406103,0.002275997,0.006204700
3.379376411,0.619161606,0.627982140,1.557589531,0.011313438,0.130965233,0.027420044,-0.032897949,0.035705566,-0.071838379,0.026184082,-0.015609741,0.039779663,0.618778229,0.627982140,1.557589531,0.011313438,0.131348610,0.027803421,-0.000019564,-16.537860870,6.888527870,1.224709868,-0.813548565,-0.002202483,-0.036058426,-16.552074432,6.932035446,1.229312897,-0.896589279,-0.010894775,-0.000019564,-16.537860870,6.888527870,1.224709868,-0.813548565,-0.002202483,0.000000000,0.000000000,0.000000000,0.000000000,0.000000000,0.000000000,0.000000000,0.000000000,0.000000000,0.000000000,0.000000000,0.000000000,0.000000000,0.000000000,0.000000000,0.000000000,0.000000000,0.000000000,-0.036038862,-0.014213562,0.043507576,0.004603028,-0.083040714,-0.008692292,-0.035047898,-0.013256082,0.018537706,-0.052769094,-0.082319683,-0.010457898
3.389381886,0.619161606,0.627982140,1.557589531,0.011313438,0.131348610,0.027803421,-0.022155762,-0.044252396,-0.069152832,-0.050354004,0.008560181,-0.048843384,0.619161606,0.627982140,1.557589531,0.011313438,0.131348610,0.027420044,-0.000019580,-16.537860870,6.888528347,1.224710464,-0.813548684,-0.002201897,0.031387329,-16.535594940,6.920103073,1.285863876,-0.834637642,-0.013031006,-0.000019580,-16.537860870,6.888528347,1.224710464,-0.813548684,-0.002201897,0.000000000,0.000000000,0.000000000,0.000000000,0.000000000,0.000000000,0.000000000,0.000000000,0.000000000,0.000000000,0.000000000,0.000000000,0.000000000,0.000000000,0.000000000,0.000000000,0.000000000,0.000000000,0.031406909,0.002265930,0.031574726,0.061153412,-0.021088958,-0.010829109,0.032397874,0.003223410,0.006604857,0.003781290,-0.020367927,-0.012594715
3.399378538,0.619161606,0.627982140,1.557589531,0.011313438,0.131348610,0.027803421,0.015441895,0.107118607,0.026184082,-0.057067871,0.116317749,0.041793823,0.619161606,0.627982140,1.557589531,0.011313438,0.131348610,0.027803421,-0.000019580,-16.537860870,6.888527870,1.224709868,-0.813548565,-0.002202483,0.003890991,-16.533763885,6.909208298,1.227756500,-0.808148384,0.010040283,-0.000019580,-16.537860870,6.888527870,1.224709868,-0.813548565,-0.002202483,0.000000000,0.000000000,0.000000000,0.000000000,0.000000000,0.000000000,0.000000000,0.000000000,0.000000000,0.000000000,0.000000000,0.000000000,0.000000000,0.000000000,0.000000000,0.000000000,0.000000000,0.000000000,0.003910571,0.004096985,0.020680428,0.003046632,0.005400181,0.012242767,0.004901536,0.005054464,-0.004289442,-0.054325490,0.006121212,0.010477161
3.409378290,0.618778229,0.627982140,1.557589531,0.011313438,0.131348610,0.027803421,-0.206119537,-0.043642044,0.042297363,0.034240723,-0.025680542,-0.039779663,0.618778229,0.627982140,1.557589531,0.011313438,0.131348610,0.027803421,-0.000019564,-16.537860870,6.888527870,1.224709868,-0.813548565,-0.002202483,-0.015304565,-16.508125305,6.910764694,1.305059433,-0.825238228,-0.021575928,-0.000019564,-16.537860870,6.888527870,1.224709868,-0.813548565,-0.002202483,0.000000000,0.000000000,0.000000000,0.000000000,0.000000000,0.000000000,0.000000000,0.000000000,0.000000000,0.000000000,0.000000000,0.000000000,0.000000000,0.000000000,0.000000000,0.000000000,0.000000000,0.000000000,-0.015285002,0.029735565,0.022236824,0.080349565,-0.011689663,-0.019373444,-0.014294037,0.030693045,-0.002733046,0.022977442,-0.010968632,-0.021139050
3.419379234,0.619161606,0.627982140,1.557589531,0.011313438,0.131348610,0.027803421,-0.086612701,-0.101015091,0.034240723,-0.077209473,-0.026687622,0.020645142,0.619161606,0.627982140,1.557589531,0.011313438,0.130965233,0.027803421,-0.000019580,-16.538076401,6.888732433,1.224937201,-0.813589752,-0.002202593,0.017898560,-16.524608612,6.891569138,1.275487900,-0.819256783,-0.011322021,-0.000019580,-16.538076401,6.888732433,1.224937201,-0.813589752,-0.002202593,0.000000000,0.000000000,0.000000000,0.000000000,0.000000000,0.000000000,0.000000000,0.000000000,0.000000000,0.000000000,0.000000000,0.000000000,0.000000000,0.000000000,0.000000000,0.000000000,0.000000000,0.000000000,0.017918140,0.013467789,0.002836704,0.050550699,-0.005667031,-0.009119429,0.018909104,0.014425268,-0.022133165,-0.006821423,-0.004946000,-0.010885035
3.429379225,0.619161606,0.627982140,1.557589531,0.011313438,0.131348610,0.027420044,-0.122867584,0.055236816,-0.031555176,-0.012756348,-0.005538940,-0.062942505,0.618778229,0.627982140,1.557589531,0.011313438,0.131348610,0.027420044,-0.000019564,-16.537860870,6.888528347,1.224710464,-0.813548684,-0.002201897,-0.032943726,-16.566722870,6.904539108,1.259922028,-0.800885201,-0.011322021,-0.000019564,-16.537860870,6.888528347,1.224710464,-0.813548684,-0.002201897,0.000000000,0.000000000,0.000000000,0.000000000,0.000000000,0.000000000,0.000000000,0.000000000,0.000000000,0.000000000,0.000000000,0.000000000,0.000000000,0.000000000,0.000000000,0.000000000,0.000000000,0.000000000,-0.032924162,-0.028862000,0.016010761,0.035211563,0.012663484,-0.009120125,-0.031933197,-0.027904520,-0.008959108,-0.022160559,0.013384514,-0.010885730
3.439403296,0.619161606,0.627982140,1.557589531,0.011313438,0.131348610,0.027803421,-0.126895905,-0.083925247,-0.047668457,-0.042297363,-0.041793823,0.077041626,0.619161606,0.627982140,1.557589531,0.011313438,0.131348610,0.027803421,-0.000019580,-16.537860870,6.888527870,1.224709868,-0.813548565,-0.002202483,-0.006484985,-16.515449524,6.913877487,1.262517929,-0.813275337,0.001495361,-0.000019580,-16.537860870,6.888527870,1.224709868,-0.813548565,-0.002202483,0.000000000,0.000000000,0.000000000,0.000000000,0.000000000,0.000000000,0.000000000,0.000000000,0.000000000,0.000000000,0.000000000,0.000000000,0.000000000,0.000000000,0.000000000,0.000000000,0.000000000,0.000000000,-0.006465405,0.022411346,0.025349617,0.037808061,0.000273228,0.003697845,-0.005474441,0.023368826,0.000379747,-0.019564062,0.000994259,0.001932239
3.449403048,0.619161606,0.627982140,1.557589531,0.011313438,0.131348610,0.027803421,0.027526855,0.010070801,0.079895020,0.144348145,-0.053878784,-0.028701782,0.619161606,0.627982140,1.557589531,0.011313438,0.131348610,0.027803421,-0.000019580,-16.537860870,6.888527870,1.224709868,-0.813548565,-0.002202483,0.017898560,-16.539257050,6.901426315,1.243839264,-0.814984322,-0.001495361,-0.000019580,-16.537860870,6.888527870,1.224709868,-0.813548565,-0.002202483,0.000000000,0.000000000,0.000000000,0.000000000,0.000000000,0.000000000,0.000000000,0.000000000,0.000000000,0.000000000,0.000000000,0.000000000,0.000000000,0.000000000,0.000000000,0.000000000,0.000000000,0.000000000,0.017918140,-0.001396179,0.012898445,0.019129395,-0.001435757,0.000707122,0.018909104,-0.000438700,-0.012071424,-0.038242727,-0.000714726,-0.001058484
3.459367037,0.619161606,0.627982140,1.557589531,0.011313438,0.131348610,0.027803421,0.151062012,0.029602051,-0.030212402,-0.086612701,0.002517700,0.000503540,0.619161606,0.627982140,1.557589531,0.011313438,0.131348610,0.027803421,-0.000019580,-16.537860870,6.888527870,1.224709868,-0.813548565,-0.002202483,-0.024124146,-16.526439667,6.907651901,1.265630722,-0.798321724,-0.013031006,-0.000019580,-16.537860870,6.888527870,1.224709868,-0.813548565,-0.002202483,0.000000000,0.000000000,0.000000000,0.000000000,0.000000000,0.000000000,0.000000000,0.000000000,0.000000000,0.000000000,0.000000000,0.000000000,0.000000000,0.000000000,0.000000000,0.000000000,0.000000000,0.000000000,-0.024104565,0.011421204,0.019124031,0.040920854,0.015226841,-0.010828522,-0.023113601,0.012378683,-0.005845839,-0.016451269,0.015947872,-0.012594128
3.469410896,0.619161606,0.627982140,1.557589531,0.011313438,0.131348610,0.027803421,-0.008728027,-0.021057129,-0.203433990,0.069152832,0.007553101,0.012588501,0.619161606,0.627982140,1.557589531,0.011313438,0.130965233,0.027420044,-0.000019580,-16.538078308,6.888732910,1.224937797,-0.813589871,-0.002202006,-0.026199341,-16.588695526,6.907651901,1.263036728,-0.820965767,-0.011322021,-0.000019580,-16.538078308,6.888732910,1.224937797,-0.813589871,-0.002202006,0.000000000,0.000000000,0.000000000,0.000000000,0.000000000,0.000000000,0.000000000,0.000000000,0.000000000,0.000000000,0.000000000,0.000000000,0.000000000,0.000000000,0.000000000,0.000000000,0.000000000,0.000000000,-0.026179761,-0.050617218,0.018918991,0.038098931,-0.007375896,-0.009120015,-0.025188796,-0.049659738,-0.006050878,-0.019273191,-0.006654865,-0.010885621
3.479397774,0.619161606,0.627982140,1.557589531,0.011313438,0.131348610,0.027420044,-0.113468170,0.036926270,0.004699707,0.078552246,0.013595581,-0.023666382,0.619161606,0.627982140,1.557206154,0.011313438,0.130965233,0.027803421,-0.000019577,-16.535945892,6.886713028,1.224531889,-0.813362300,-0.002202011,-0.003372192,-16.504463196,6.897794724,1.289495468,-0.812420845,0.023284912,-0.000019577,-16.535945892,6.886713028,1.224531889,-0.813362300,-0.002202011,0.000000000,0.000000000,0.000000000,0.000000000,0.000000000,0.000000000,0.000000000,0.000000000,0.000000000,0.000000000,0.000000000,0.000000000,0.000000000,0.000000000,0.000000000,0.000000000,0.000000000,0.000000000,-0.003352616,0.031482697,0.011081696,0.064963579,0.000941455,0.025486924,-0.002361651,0.032440176,-0.013888174,0.007591457,0.001662486,0.023721318
3.489381552,0.619161606,0.627982140,1.557589531,0.010930061,0.131348610,0.027420044,0.102722168,0.035095215,0.039611816,-0.039611816,0.072006226,-0.014602661,0.619161606,0.627982140,1.557589531,0.011313438,0.131348610,0.027803421,-0.000019580,-16.537860870,6.888527870,1.224709868,-0.813548565,-0.002202483,0.031387329,-16.513618469,6.927885056,1.293645859,-0.834637642,-0.010894775,-0.000019580,-16.537860870,6.888527870,1.224709868,-0.813548565,-0.002202483,0.000000000,0.000000000,0.000000000,0.000000000,0.000000000,0.000000000,0.000000000,0.000000000,0.000000000,0.000000000,0.000000000,0.000000000,0.000000000,0.000000000,0.000000000,0.000000000,0.000000000,0.000000000,0.031406909,0.024242401,0.039357185,0.068935990,-0.021089077,-0.008692292,0.032397874,0.025199881,0.014387316,0.011563868,-0.020368046,-0.010457898
3.499406576,0.619161606,0.627982140,1.557589531,0.011313438,0.130965233,0.027803421,-0.122867584,0.029602051,-0.262516022,0.030212402,-0.042800903,0.009567261,0.619161606,0.627982140,1.557589531,0.011313438,0.131348610,0.027420044,-0.000019580,-16.537860870,6.888528347,1.224710464,-0.813548684,-0.002201897,-0.016342163,-16.506294250,6.915952682,1.277044296,-0.814557076,0.015594482,-0.000019580,-16.537860870,6.888528347,1.224710464,-0.813548684,-0.002201897,0.000000000,0.000000000,0.000000000,0.000000000,0.000000000,0.000000000,0.000000000,0.000000000,0.000000000,0.000000000,0.000000000,0.000000000,0.000000000,0.000000000,0.000000000,0.000000000,0.000000000,0.000000000,-0.016322583,0.031566620,0.027424335,0.052333832,-0.001008391,0.017796379,-0.015331619,0.032524099,0.002454466,-0.005038290,-0.000287361,0.016030774
3.509377718,0.619161606,0.627982140,1.557589531,0.011313438,0.131348610,0.027803421,0.087951660,-0.018615723,0.155090332,0.124206543,-0.022659302,0.001510620,0.619161606,0.627982140,1.557589531,0.011313438,0.131348610,0.027420044,-0.000019580,-16.537860870,6.888528347,1.224710464,-0.813548684,-0.002201897,-0.003372192,-16.561229706,6.876005173,1.261478424,-0.812848091,0.019012451,-0.000019580,-16.537860870,6.888528347,1.224710464,-0.813548684,-0.002201897,0.000000000,0.000000000,0.000000000,0.000000000,0.000000000,0.000000000,0.000000000,0.000000000,0.000000000,0.000000000,0.000000000,0.000000000,0.000000000,0.000000000,0.000000000,0.000000000,0.000000000,0.000000000,-0.003352612,-0.023368835,-0.012523174,0.036767960,0.000700593,0.021214348,-0.002361648,-0.022411356,-0.037493044,-0.020604163,0.001421624,0.019448742
3.519378424,0.619161606,0.627982140,1.557589531,0.011313438,0.131348610,0.027803421,-0.032897949,0.044860840,-0.172550201,0.035583496,-0.060928345,0.002517700,0.619161606,0.627982140,1.557589531,0.011313438,0.131348610,0.027803421,-0.000019580,-16.537860870,6.888527870,1.224709868,-0.813548565,-0.002202483,0.002853394,-16.564891815,6.913358688,1.284307480,-0.791057587,-0.002349854,-0.000019580,-16.537860870,6.888527870,1.224709868,-0.813548565,-0.002202483,0.000000000,0.000000000,0.000000000,0.000000000,0.000000000,0.000000000,0.000000000,0.000000000,0.000000000,0.000000000,0.000000000,0.000000000,0.000000000,0.000000000,0.000000000,0.000000000,0.000000000,0.000000000,0.002872974,-0.027030945,0.024830818,0.059597611,0.022490978,-0.000147370,0.003863938,-0.026073465,-0.000139051,0.002225489,0.023212009,-0.001912976
3.529380798,0.619161606,0.627982140,1.557589531,0.011313438,0.131348610,0.027803421,0.128234863,0.083925247,0.010070801,0.054382324,0.047836304,0.045822144,0.619161606,0.627982140,1.557589531,0.011313438,0.131348610,0.027803421,-0.000019580,-16.537860870,6.888527870,1.224709868,-0.813548565,-0.002202483,0.022567749,-16.555736542,6.883787155,1.290014267,-0.798748970,-0.010467529,-0.000019580,-16.537860870,6.888527870,1.224709868,-0.813548565,-0.002202483,0.000000000,0.000000000,0.000000000,0.000000000,0.000000000,0.000000000,0.000000000,0.000000000,0.000000000,0.000000000,0.000000000,0.000000000,0.000000000,0.000000000,0.000000000,0.000000000,0.000000000,0.000000000,0.022587329,-0.017875671,-0.004740715,0.065304399,0.014799595,-0.008265046,0.023578294,-0.016918192,-0.029710585,0.007932276,0.015520626,-0.010030652
3.539454937,0.619161606,0.627982140,1.557589531,0.011313438,0.131348610,0.027803421,-0.101383209,0.078432083,-0.026184082,-0.014099121,0.015609741,0.027694702,0.619161606,0.627982140,1.557589531,0.011313438,0.131348610,0.027420044,-0.000019580,-16.537860870,6.888528347,1.224710464,-0.813548684,-0.002201897,0.013748169,-16.585033417,6.929441452,1.263555527,-0.823529243,0.019012451,-0.000019580,-16.537860870,6.888528347,1.224710464,-0.813548684,-0.002201897,0.000000000,0.000000000,0.000000000,0.000000000,0.000000000,0.000000000,0.000000000,0.000000000,0.000000000,0.000000000,0.000000000,0.000000000,0.000000000,0.000000000,0.000000000,0.000000000,0.000000000,0.000000000,0.013767749,-0.047172546,0.040913105,0.038845062,-0.009980559,0.021214348,0.014758713,-0.046215067,0.015943235,-0.018527060,-0.009259528,0.019448742
3.549378157,0.619161606,0.627982140,1.557589531,0.011313438,0.131348610,0.027803421,-0.007385254,-0.091859818,-0.109439850,0.079895020,-0.013595581,0.000503540,0.619161606,0.627982140,1.557589531,0.011313438,0.131348610,0.027803421,-0.000019580,-16.537860870,6.888527870,1.224709868,-0.813548565,-0.002202483,-0.047990799,-16.559398651,6.913877487,1.330999374,-0.868391037,-0.010467529,-0.000019580,-16.537860870,6.888527870,1.224709868,-0.813548565,-0.002202483,0.000000000,0.000000000,0.000000000,0.000000000,0.000000000,0.000000000,0.000000000,0.000000000,0.000000000,0.000000000,0.000000000,0.000000000,0.000000000,0.000000000,0.000000000,0.000000000,0.000000000,0.000000000,-0.047971219,-0.021537781,0.025349617,0.106289506,-0.054842472,-0.008265046,-0.046980254,-0.020580301,0.000379747,0.048917384,-0.054121441,-0.010030652
3.559418440,0.619161606,0.627982140,1.557589531,0.011313438,0.131348610,0.027803421,-0.046325684,0.124208450,0.132263184,-0.053039551,0.041793823,0.023666382,0.619161606,0.627982140,1.557589531,0.011313438,0.131348610,0.027803421,-0.000019580,-16.537860870,6.888527870,1.224709868,-0.813548565,-0.002202483,-0.027755737,-16.533763885,6.930997849,1.275487900,-0.851301193,0.004486084,-0.000019580,-16.537860870,6.888527870,1.224709868,-0.813548565,-0.002202483,0.000000000,0.000000000,0.000000000,0.000000000,0.000000000,0.000000000,0.000000000,0.000000000,0.000000000,0.000000000,0.000000000,0.000000000,0.000000000,0.000000000,0.000000000,0.000000000,0.000000000,0.000000000,-0.027736157,0.004096985,0.042469978,0.050778031,-0.037752628,0.006688567,-0.026745193,0.005054464,0.017500109,-0.006594091,-0.037031597,0.004922962
3.569380760,0.619161606,0.627982140,1.557589531,0.011313438,0.131348610,0.027803421,0.016784668,0.019226074,0.020812988,0.038269043,-0.015609741,-0.002517700,0.618778229,0.627982140,1.557589531,0.011313438,0.131348610,0.027803421,-0.000019564,-16.537860870,6.888527870,1.224709868,-0.813548565,-0.002202483,0.013229370,-16.553905487,6.906614304,1.290533066,-0.774822235,0.002777100,-0.000019564,-16.537860870,6.888527870,1.224709868,-0.813548565,-0.002202483,0.000000000,0.000000000,0.000000000,0.000000000,0.000000000,0.000000000,0.000000000,0.000000000,0.000000000,0.000000000,0.000000000,0.000000000,0.000000000,0.000000000,0.000000000,0.000000000,0.000000000,0.000000000,0.013248934,-0.016044617,0.018086433,0.065823197,0.038726330,0.004979583,0.014239898,-0.015087137,-0.006883436,0.008451075,0.039447361,0.003213977
3.579424858,0.619161606,0.627982140,1.557589531,0.011313438,0.131348610,0.027420044,0.126892090,-0.017395020,-0.124210358,-0.083923340,0.016616821,-0.013595581,0.618778229,0.627982140,1.557589531,0.011313438,0.131348610,0.027420044,-0.000019564,-16.537860870,6.888528347,1.224710464,-0.813548684,-0.002201897,-0.015823364,-16.548412323,6.928403854,1.308691025,-0.824383736,0.005767822,-0.000019564,-16.537860870,6.888528347,1.224710464,-0.813548684,-0.002201897,0.000000000,0.000000000,0.000000000,0.000000000,0.000000000,0.000000000,0.000000000,0.000000000,0.000000000,0.000000000,0.000000000,0.000000000,0.000000000,0.000000000,0.000000000,0.000000000,0.000000000,0.000000000,-0.015803801,-0.010551453,0.039875507,0.083980560,-0.010835052,0.007969719,-0.014812836,-0.009593973,0.014905638,0.026608438,-0.010114021,0.006204113
3.589380264,0.619161606,0.627982140,1.557972908,0.011313438,0.131348610,0.027420044,-0.105411530,0.011901855,0.096008301,-0.007385254,-0.083087921,-0.014602661,0.619161606,0.627982140,1.557589531,0.011313438,0.131348610,0.027803421,-0.000019580,-16.537860870,6.888527870,1.224709868,-0.813548565,-0.002202483,0.015304565,-16.517280579,6.898313522,1.249027252,-0.812848091,0.010894775,-0.000019580,-16.537860870,6.888527870,1.224709868,-0.813548565,-0.002202483,0.000000000,0.000000000,0.000000000,0.000000000,0.000000000,0.000000000,0.000000000,0.000000000,0.000000000,0.000000000,0.000000000,0.000000000,0.000000000,0.000000000,0.000000000,0.000000000,0.000000000,0.000000000,0.015324145,0.020580292,0.009785652,0.024317384,0.000700474,0.013097259,0.016315110,0.021537771,-0.015184217,-0.033054738,0.001421505,0.011331653
3.599382162,0.618778229,0.627982140,1.557589531,0.011313438,0.131348610,0.027803421,-0.051696777,0.000915527,-0.063781738,-0.077209473,0.027694702,-0.017623901,0.619161606,0.627982140,1.557589531,0.011313438,0.131348610,0.027803421,-0.000019580,-16.537860870,6.888527870,1.224709868,-0.813548565,-0.002202483,-0.007003784,-16.520942688,6.900388718,1.273412704,-0.820965767,0.004058838,-0.000019580,-16.537860870,6.888527870,1.224709868,-0.813548565,-0.002202483,0.000000000,0.000000000,0.000000000,0.000000000,0.000000000,0.000000000,0.000000000,0.000000000,0.000000000,0.000000000,0.000000000,0.000000000,0.000000000,0.000000000,0.000000000,0.000000000,0.000000000,0.000000000,-0.006984204,0.016918182,0.011860847,0.048702836,-0.007417202,0.006261321,-0.005993240,0.017875662,-0.013109022,-0.008669286,-0.006696171,0.004495716
3.609378815,0.618778229,0.627982140,1.557206154,0.011313438,0.130965233,0.027803421,-0.128238678,-0.033264160,-0.118839264,0.049011230,-0.036758423,0.019638062,0.619161606,0.627982140,1.557589531,0.011313438,0.131348610,0.027803421,-0.000019580,-16.537860870,6.888527870,1.224709868,-0.813548565,-0.002202483,0.008041382,-16.517280579,6.919584274,1.257846832,-0.800885201,-0.007049561,-0.000019580,-16.537860870,6.888527870,1.224709868,-0.813548565,-0.002202483,0.000000000,0.000000000,0.000000000,0.000000000,0.000000000,0.000000000,0.000000000,0.000000000,0.000000000,0.000000000,0.000000000,0.000000000,0.000000000,0.000000000,0.000000000,0.000000000,0.000000000,0.000000000,0.008060962,0.020580292,0.031056404,0.033136964,0.012663364,-0.004847077,0.009051926,0.021537771,0.006086535,-0.024235158,0.013384395,-0.006612683
3.619411469,0.619161606,0.627982140,1.557589531,0.011313438,0.131348610,0.027803421,-0.030212402,0.000915527,-0.000671387,0.015441895,-0.050857544,0.005538940,0.619161606,0.627982140,1.557589531,0.011313438,0.131348610,0.027420044,-0.000019580,-16.537860870,6.888528347,1.224710464,-0.813548684,-0.002201897,-0.022048950,-16.530101776,6.930479050,1.285345078,-0.817120552,-0.006622314,-0.000019580,-16.537860870,6.888528347,1.224710464,-0.813548684,-0.002201897,0.000000000,0.000000000,0.000000000,0.000000000,0.000000000,0.000000000,0.000000000,0.000000000,0.000000000,0.000000000,0.000000000,0.000000000,0.000000000,0.000000000,0.000000000,0.000000000,0.000000000,0.000000000,-0.022029370,0.007759094,0.041950703,0.060634613,-0.003571868,-0.004420418,-0.021038406,0.008716574,0.016980833,0.003262491,-0.002850837,-0.006186023
3.629379034,0.619161606,0.627982140,1.557589531,0.011313438,0.130965233,0.027803421,0.176578522,-0.030822754,-0.020812988,0.026184082,-0.051864624,-0.007553101,0.619161606,0.627982140,1.557589531,0.011313438,0.131348610,0.027803421,-0.000019580,-16.537860870,6.888527870,1.224709868,-0.813548565,-0.002202483,-0.013748169,-16.544750214,6.926847458,1.237613678,-0.815838814,-0.015594482,-0.000019580,-16.537860870,6.888527870,1.224709868,-0.813548565,-0.002202483,0.000000000,0.000000000,0.000000000,0.000000000,0.000000000,0.000000000,0.000000000,0.000000000,0.000000000,0.000000000,0.000000000,0.000000000,0.000000000,0.000000000,0.000000000,0.000000000,0.000000000,0.000000000,-0.013728589,-0.006889343,0.038319588,0.012903810,-0.002290249,-0.013391999,-0.012737624,-0.005931864,0.013349718,-0.044468313,-0.001569218,-0.015157605
3.639379978,0.619161606,0.627982140,1.557589531,0.011313438,0.131348610,0.027803421,0.024841309,-0.025329590,0.071838379,-0.110782623,-0.051864624,0.030715942,0.619161606,0.627982140,1.557589531,0.011313438,0.131348610,0.027803421,-0.000019580,-16.537860870,6.888527870,1.224709868,-0.813548565,-0.002202483,-0.002853394,-16.535594940,6.914915085,1.295721054,-0.806439400,0.017730713,-0.000019580,-16.537860870,6.888527870,1.224709868,-0.813548565,-0.002202483,0.000000000,0.000000000,0.000000000,0.000000000,0.000000000,0.000000000,0.000000000,0.000000000,0.000000000,0.000000000,0.000000000,0.000000000,0.000000000,0.000000000,0.000000000,0.000000000,0.000000000,0.000000000,-0.002833814,0.002265930,0.026387215,0.071011186,0.007109165,0.019933196,-0.001842849,0.003223410,0.001417345,0.013639063,0.007830196,0.018167591
3.649391413,0.619161606,0.627982140,1.557589531,0.011313438,0.130965233,0.027803421,-0.129581451,0.077209473,0.171203613,0.024841309,0.043807983,0.021652222,0.619161606,0.627982140,1.557589531,0.011313438,0.131348610,0.027803421,-0.000019580,-16.537860870,6.888527870,1.224709868,-0.813548565,-0.002202483,0.005447388,-16.522773743,6.918546677,1.296758652,-0.784648895,0.007904053,-0.000019580,-16.537860870,6.888527870,1.224709868,-0.813548565,-0.002202483,0.000000000,0.000000000,0.000000000,0.000000000,0.000000000,0.000000000,0.000000000,0.000000000,0.000000000,0.000000000,0.000000000,0.000000000,0.000000000,0.000000000,0.000000000,0.000000000,0.000000000,0.000000000,0.005466968,0.015087128,0.030018806,0.072048783,0.028899670,0.010106536,0.006457932,0.016044607,0.005048937,0.014676661,0.029620701,0.008340930
3.659401417,0.619161606,0.627982140,1.557589531,0.011313438,0.131348610,0.027803421,-0.058410645,-0.023498535,0.053039551,0.148376465,0.015609741,-0.014602661,0.618778229,0.627982140,1.557589531,0.011313438,0.131348610,0.027803421,-0.000019564,-16.537860870,6.888527870,1.224709868,-0.813548565,-0.002202483,-0.000259399,-16.548412323,6.883787155,1.285345078,-0.828228951,0.014312744,-0.000019564,-16.537860870,6.888527870,1.224709868,-0.813548565,-0.002202483,0.000000000,0.000000000,0.000000000,0.000000000,0.000000000,0.000000000,0.000000000,0.000000000,0.000000000,0.000000000,0.000000000,0.000000000,0.000000000,0.000000000,0.000000000,0.000000000,0.000000000,0.000000000,-0.000239836,-0.010551453,-0.004740715,0.060635209,-0.014680386,0.016515228,0.000751129,-0.009593973,-0.029710585,0.003263087,-0.013959355,0.014749622
3.669378996,0.619161606,0.627982140,1.557589531,0.011313438,0.131348610,0.027803421,0.014099121,0.012512207,0.110778809,0.039611816,0.000503540,-0.031723022,0.619161606,0.627982140,1.557589531,0.011313438,0.131348610,0.027803421,-0.000019580,-16.537860870,6.888527870,1.224709868,-0.813548565,-0.002202483,0.014266968,-16.522773743,6.909727097,1.232944489,-0.817120552,0.016448975,-0.000019580,-16.537860870,6.888527870,1.224709868,-0.813548565,-0.002202483,0.000000000,0.000000000,0.000000000,0.000000000,0.000000000,0.000000000,0.000000000,0.000000000,0.000000000,0.000000000,0.000000000,0.000000000,0.000000000,0.000000000,0.000000000,0.000000000,0.000000000,0.000000000,0.014286548,0.015087128,0.021199226,0.008234620,-0.003571987,0.018651458,0.015277512,0.016044607,-0.003770643,-0.049137502,-0.002850956,0.016885852
3.679417610,0.619161606,0.627982140,1.557589531,0.011313438,0.131348610,0.027420044,0.101379395,0.022888184,0.042297363,0.057067871,-0.001510620,-0.000503540,0.619161606,0.627982140,1.557589531,0.011313438,0.131348610,0.027803421,-0.000019580,-16.537860870,6.888527870,1.224709868,-0.813548565,-0.002202483,-0.001815796,-16.500801086,6.910245895,1.255771637,-0.819256783,0.014739990,-0.000019580,-16.537860870,6.888527870,1.224709868,-0.813548565,-0.002202483,0.000000000,0.000000000,0.000000000,0.000000000,0.000000000,0.000000000,0.000000000,0.000000000,0.000000000,0.000000000,0.000000000,0.000000000,0.000000000,0.000000000,0.000000000,0.000000000,0.000000000,0.000000000,-0.001796216,0.037059784,0.021718025,0.031061769,-0.005708218,0.016942474,-0.000805251,0.038017263,-0.003251844,-0.026310354,-0.004987187,0.015176868
3.689379454,0.619161606,0.627982140,1.557589531,0.011313438,0.131348610,0.027803421,0.104064941,-0.046083450,-0.026184082,-0.137638092,-0.028701782,-0.026687622,0.619161606,0.627982140,1.557589531,0.011313438,0.131348610,0.027803421,-0.000019580,-16.537860870,6.888527870,1.224709868,-0.813548565,-0.002202483,-0.014266968,-16.531932831,6.910245895,1.197147369,-0.818829536,0.007904053,-0.000019580,-16.537860870,6.888527870,1.224709868,-0.813548565,-0.002202483,0.000000000,0.000000000,0.000000000,0.000000000,0.000000000,0.000000000,0.000000000,0.000000000,0.000000000,0.000000000,0.000000000,0.000000000,0.000000000,0.000000000,0.000000000,0.000000000,0.000000000,0.000000000,-0.014247388,0.005928040,0.021718025,-0.027562499,-0.005280972,0.010106536,-0.013256423,0.006885519,-0.003251844,-0.084934621,-0.004559941,0.008340930
3.699381351,0.619161606,0.627982140,1.557589531,0.010930061,0.131348610,0.027803421,0.172550201,0.110170364,-0.036926270,0.000671387,-0.016616821,0.033737183,0.619161606,0.627982140,1.557589531,0.011313438,0.131348610,0.027420044,-0.000019580,-16.537860870,6.888528347,1.224710464,-0.813548684,-0.002201897,0.001815796,-16.561229706,6.901426315,1.333074570,-0.805157661,0.000213623,-0.000019580,-16.537860870,6.888528347,1.224710464,-0.813548684,-0.002201897,0.000000000,0.000000000,0.000000000,0.000000000,0.000000000,0.000000000,0.000000000,0.000000000,0.000000000,0.000000000,0.000000000,0.000000000,0.000000000,0.000000000,0.000000000,0.000000000,0.000000000,0.000000000,0.001835376,-0.023368835,0.012897968,0.108364105,0.008391023,0.002415520,0.002826340,-0.022411356,-0.012071901,0.050991983,0.009112054,0.000649914
3.709383488,0.619161606,0.627982140,1.557589531,0.011313438,0.131348610,0.027803421,-0.002014160,0.018615723,0.046325684,0.134948730,0.014602661,0.002517700,0.619161606,0.627982140,1.557589531,0.011313438,0.131348610,0.027420044,-0.000019580,-16.537860870,6.888528347,1.224710464,-0.813548684,-0.002201897,0.036575317,-16.548412323,6.911802292,1.281194687,-0.793622017,0.007904053,-0.000019580,-16.537860870,6.888528347,1.224710464,-0.813548684,-0.002201897,0.000000000,0.000000000,0.000000000,0.000000000,0.000000000,0.000000000,0.000000000,0.000000000,0.000000000,0.000000000,0.000000000,0.000000000,0.000000000,0.000000000,0.000000000,0.000000000,0.000000000,0.000000000,0.036594897,-0.010551453,0.023273945,0.056484222,0.019926667,0.010105950,0.037585862,-0.009593973,-0.001695925,-0.000887900,0.020647698,0.008340344
3.719382524,0.619161606,0.627982140,1.557589531,0.011313438,0.130965233,0.027420044,-0.039611816,0.073547363,-0.101383209,-0.125553131,-0.013595581,-0.030715942,0.619161606,0.627982140,1.557589531,0.011313438,0.130965233,0.027803421,-0.000019580,-16.538076401,6.888732433,1.224937201,-0.813589752,-0.002202593,-0.011154175,-16.546581268,6.923215866,1.258884430,-0.790203094,0.004486084,-0.000019580,-16.538076401,6.888732433,1.224937201,-0.813589752,-0.002202593,0.000000000,0.000000000,0.000000000,0.000000000,0.000000000,0.000000000,0.000000000,0.000000000,0.000000000,0.000000000,0.000000000,0.000000000,0.000000000,0.000000000,0.000000000,0.000000000,0.000000000,0.000000000,-0.011134595,-0.008504868,0.034483433,0.033947229,0.023386657,0.006688677,-0.010143630,-0.007547388,0.009513563,-0.023424893,0.024107688,0.004923071
3.729380608,0.619161606,0.627982140,1.557589531,0.011313438,0.131348610,0.027803421,0.148376465,-0.043642044,-0.173892975,-0.093326569,0.069992065,-0.046829224,0.619161606,0.627982140,1.557589531,0.011313438,0.131348610,0.027803421,-0.000019580,-16.537860870,6.888527870,1.224709868,-0.813548565,-0.002202483,0.015304565,-16.524608612,6.912839890,1.225681305,-0.803021431,0.000640869,-0.000019580,-16.537860870,6.888527870,1.224709868,-0.813548565,-0.002202483,0.000000000,0.000000000,0.000000000,0.000000000,0.000000000,0.000000000,0.000000000,0.000000000,0.000000000,0.000000000,0.000000000,0.000000000,0.000000000,0.000000000,0.000000000,0.000000000,0.000000000,0.000000000,0.015324145,0.013252258,0.024312019,0.000971437,0.010527134,0.002843353,0.016315110,0.014209738,-0.000657850,-0.056400686,0.011248165,0.001077747
3.739409924,0.618778229,0.627982140,1.557589531,0.011313438,0.131348610,0.027803421,-0.027526855,-0.093690872,-0.093326569,-0.007385254,0.023666382,0.027694702,0.618778229,0.627982140,1.557589531,0.011313438,0.131348610,0.027803421,-0.000019564,-16.537860870,6.888527870,1.224709868,-0.813548565,-0.002202483,0.019454956,-16.550243378,6.910245895,1.294164658,-0.831219673,-0.011322021,-0.000019564,-16.537860870,6.888527870,1.224709868,-0.813548565,-0.002202483,0.000000000,0.000000000,0.000000000,0.000000000,0.000000000,0.000000000,0.000000000,0.000000000,0.000000000,0.000000000,0.000000000,0.000000000,0.000000000,0.000000000,0.000000000,0.000000000,0.000000000,0.000000000,0.019474520,-0.012382507,0.021718025,0.069454789,-0.017671108,-0.009119538,0.020465484,-0.011425028,-0.003251844,0.012082667,-0.016950077,-0.010885144
3.749391794,0.619161606,0.627982140,1.557589531,0.011313438,0.131348610,0.027803421,-0.039611816,-0.003356934,0.062438965,-0.034240723,0.014602661,-0.005538940,0.619161606,0.627982140,1.557589531,0.011313438,0.131348610,0.027420044,-0.000019580,-16.537860870,6.888528347,1.224710464,-0.813548684,-0.002201897,0.003372192,-16.504463196,6.904539108,1.300909042,-0.787212372,-0.017730713,-0.000019580,-16.537860870,6.888528347,1.224710464,-0.813548684,-0.002201897,0.000000000,0.000000000,0.000000000,0.000000000,0.000000000,0.000000000,0.000000000,0.000000000,0.000000000,0.000000000,0.000000000,0.000000000,0.000000000,0.000000000,0.000000000,0.000000000,0.000000000,0.000000000,0.003391772,0.033397675,0.016010761,0.076198578,0.026336312,-0.015528816,0.004382737,0.034355154,-0.008959108,0.018826456,0.027057343,-0.017294422
3.759381056,0.618778229,0.627982140,1.557589531,0.011313438,0.131348610,0.027803421,0.118835449,-0.016784668,0.163146973,-0.035583496,0.060928345,0.005538940,0.619161606,0.627982140,1.557972908,0.011313438,0.131348610,0.027803421,-0.000019584,-16.539991379,6.890546322,1.225115061,-0.813775837,-0.002203064,0.010635376,-16.574047089,6.922697067,1.290533066,-0.822247505,-0.001495361,-0.000019584,-16.539991379,6.890546322,1.225115061,-0.813775837,-0.002203064,0.000000000,0.000000000,0.000000000,0.000000000,0.000000000,0.000000000,0.000000000,0.000000000,0.000000000,0.000000000,0.000000000,0.000000000,0.000000000,0.000000000,0.000000000,0.000000000,0.000000000,0.000000000,0.010654959,-0.034055710,0.032150745,0.065418005,-0.008471668,0.000707703,0.011645924,-0.033098230,0.007180876,0.008045883,-0.007750637,-0.001057903
3.769380808,0.619161606,0.627982140,1.557589531,0.011313438,0.130965233,0.027803421,-0.003356934,-0.037536621,0.176578522,0.054382324,-0.007553101,-0.026687622,0.618778229,0.627982140,1.557589531,0.011313438,0.130965233,0.027803421,-0.000019564,-16.538076401,6.888732433,1.224937201,-0.813589752,-0.002202593,0.009597778,-16.519111633,6.905576706,1.281713486,-0.786357880,-0.014739990,-0.000019564,-16.538076401,6.888732433,1.224937201,-0.813589752,-0.002202593,0.000000000,0.000000000,0.000000000,0.000000000,0.000000000,0.000000000,0.000000000,0.000000000,0.000000000,0.000000000,0.000000000,0.000000000,0.000000000,0.000000000,0.000000000,0.000000000,0.000000000,0.000000000,0.009617342,0.018964767,0.016844273,0.056776285,0.027231872,-0.012537398,0.010608307,0.019922247,-0.008125597,-0.000595837,0.027952903,-0.014303003
3.779374599,0.618778229,0.627982140,1.557589531,0.011313438,0.131348610,0.027803421,-0.190006256,0.095521927,-0.004699707,0.116149902,0.015609741,0.042800903,0.619161606,0.627982140,1.557589531,0.011313438,0.131348610,0.027803421,-0.000019580,-16.537860870,6.888527870,1.224709868,-0.813548565,-0.002202483,-0.086900711,-16.528270721,6.913358688,1.264074326,-0.814129829,-0.021148682,-0.000019580,-16.537860870,6.888527870,1.224709868,-0.813548565,-0.002202483,0.000000000,0.000000000,0.000000000,0.000000000,0.000000000,0.000000000,0.000000000,0.000000000,0.000000000,0.000000000,0.000000000,0.000000000,0.000000000,0.000000000,0.000000000,0.000000000,0.000000000,0.000000000,-0.086881131,0.009590149,0.024830818,0.039364457,-0.000581264,-0.018946198,-0.085890167,0.010547628,-0.000139051,-0.018007665,0.000139766,-0.020711804
3.789392710,0.619161606,0.627982140,1.557589531,0.011313438,0.131348610,0.027803421,0.070495605,-0.026550293,0.034240723,0.091979980,0.046829224,0.032730103,0.619161606,0.627982140,1.557589531,0.011313438,0.131348610,0.027420044,-0.000019580,-16.537860870,6.888528347,1.224710464,-0.813548684,-0.002201897,-0.006484985,-16.548412323,6.921659470,1.257846832,-0.773540497,0.012603760,-0.000019580,-16.537860870,6.888528347,1.224710464,-0.813548684,-0.002201897,0.000000000,0.000000000,0.000000000,0.000000000,0.000000000,0.000000000,0.000000000,0.000000000,0.000000000,0.000000000,0.000000000,0.000000000,0.000000000,0.000000000,0.000000000,0.000000000,0.000000000,0.000000000,-0.006465405,-0.010551453,0.033131123,0.033136368,0.040008187,0.014805657,-0.005474441,-0.009593973,0.008161253,-0.024235754,0.040729218,0.013040051
3.799379587,0.619161606,0.627982140,1.557589531,0.011313438,0.130965233,0.027803421,0.091979980,-0.002136230,-0.006042480,0.015441895,-0.010574341,0.010574341,0.619161606,0.627982140,1.557589531,0.011313438,0.131348610,0.027803421,-0.000019580,-16.537860870,6.888527870,1.224709868,-0.813548565,-0.002202483,-0.010635376,-16.530101776,6.929960251,1.288457870,-0.786785126,-0.021575928,-0.000019580,-16.537860870,6.888527870,1.224709868,-0.813548565,-0.002202483,0.000000000,0.000000000,0.000000000,0.000000000,0.000000000,0.000000000,0.000000000,0.000000000,0.000000000,0.000000000,0.000000000,0.000000000,0.000000000,0.000000000,0.000000000,0.000000000,0.000000000,0.000000000,-0.010615796,0.007759094,0.041432381,0.063748002,0.026763439,-0.019373444,-0.009624831,0.008716574,0.016462511,0.006375880,0.027484470,-0.021139050
3.809382439,0.619161606,0.627982140,1.557972908,0.011313438,0.131348610,0.027803421,0.000671387,-0.049135208,0.044982910,0.023498535,-0.014602661,0.032730103,0.619161606,0.627982140,1.557589531,0.011313438,0.131348610,0.027803421,-0.000019580,-16.537860870,6.888527870,1.224709868,-0.813548565,-0.002202483,0.060440063,-16.528270721,6.908689499,1.301946640,-0.816266060,-0.004058838,-0.000019580,-16.537860870,6.888527870,1.224709868,-0.813548565,-0.002202483,0.000000000,0.000000000,0.000000000,0.000000000,0.000000000,0.000000000,0.000000000,0.000000000,0.000000000,0.000000000,0.000000000,0.000000000,0.000000000,0.000000000,0.000000000,0.000000000,0.000000000,0.000000000,0.060459644,0.009590149,0.020161629,0.077236772,-0.002717495,-0.001856355,0.061450608,0.010547628,-0.004808241,0.019864649,-0.001996464,-0.003621960
3.819401026,0.619161606,0.627982140,1.557589531,0.011313438,0.131348610,0.027803421,0.067810059,0.039367676,-0.031555176,0.057067871,-0.007553101,0.016616821,0.618778229,0.627982140,1.557589531,0.011313438,0.131348610,0.027420044,-0.000019564,-16.537860870,6.888528347,1.224710464,-0.813548684,-0.002201897,-0.004409790,-16.563060760,6.914915085,1.300909042,-0.803875923,0.003631592,-0.000019564,-16.537860870,6.888528347,1.224710464,-0.813548684,-0.002201897,0.000000000,0.000000000,0.000000000,0.000000000,0.000000000,0.000000000,0.000000000,0.000000000,0.000000000,0.000000000,0.000000000,0.000000000,0.000000000,0.000000000,0.000000000,0.000000000,0.000000000,0.000000000,-0.004390226,-0.025199890,0.026386738,0.076198578,0.009672761,0.005833489,-0.003399262,-0.024242411,0.001416868,0.018826456,0.010393792,0.004067883
3.829409599,0.619161606,0.627982140,1.557589531,0.011313438,0.131348610,0.027803421,0.074523926,0.010681152,0.031555176,0.050354004,-0.018630981,-0.025680542,0.619161606,0.627982140,1.557589531,0.011313438,0.131348610,0.027803421,-0.000019580,-16.537860870,6.888527870,1.224709868,-0.813548565,-0.002202483,-0.000259399,-16.517280579,6.907133102,1.276525497,-0.827801704,-0.016021729,-0.000019580,-16.537860870,6.888527870,1.224709868,-0.813548565,-0.002202483,0.000000000,0.000000000,0.000000000,0.000000000,0.000000000,0.000000000,0.000000000,0.000000000,0.000000000,0.000000000,0.000000000,0.000000000,0.000000000,0.000000000,0.000000000,0.000000000,0.000000000,0.000000000,-0.000239819,0.020580292,0.018605232,0.051815629,-0.014253139,-0.013819245,0.000751145,0.021537771,-0.006364637,-0.005556493,-0.013532109,-0.015584851
3.839377880,0.619161606,0.627982140,1.557589531,0.011313438,0.131348610,0.027803421,0.156433105,-0.022888184,-0.010070801,0.015441895,0.006546021,-0.029708862,0.619161606,0.627982140,1.557589531,0.011313438,0.131348610,0.027803421,-0.000019580,-16.537860870,6.888527870,1.224709868,-0.813548565,-0.002202483,0.021011353,-16.511787415,6.919065475,1.323736191,-0.811993599,-0.011749268,-0.000019580,-16.537860870,6.888527870,1.224709868,-0.813548565,-0.002202483,0.000000000,0.000000000,0.000000000,0.000000000,0.000000000,0.000000000,0.000000000,0.000000000,0.000000000,0.000000000,0.000000000,0.000000000,0.000000000,0.000000000,0.000000000,0.000000000,0.000000000,0.000000000,0.021030933,0.026073456,0.030537605,0.099026322,0.001554966,-0.009546784,0.022021897,0.027030935,0.005567736,0.041654200,0.002275997,-0.011312390
3.849380255,0.619161606,0.627982140,1.557972908,0.011313438,0.131348610,0.027420044,0.026184082,0.075988770,0.085266113,0.016784668,0.075027466,-0.009567261,0.619161606,0.627982140,1.557589531,0.011313438,0.131348610,0.027420044,-0.000019580,-16.537860870,6.888528347,1.224710464,-0.813548684,-0.002201897,-0.019454956,-16.519111633,6.907651901,1.275487900,-0.836773872,-0.001495361,-0.000019580,-16.537860870,6.888528347,1.224710464,-0.813548684,-0.002201897,0.000000000,0.000000000,0.000000000,0.000000000,0.000000000,0.000000000,0.000000000,0.000000000,0.000000000,0.000000000,0.000000000,0.000000000,0.000000000,0.000000000,0.000000000,0.000000000,0.000000000,0.000000000,-0.019435376,0.018749237,0.019123554,0.050777435,-0.023225188,0.000706536,-0.018444412,0.019706717,-0.005846315,-0.006594687,-0.022504157,-0.001059070
3.859393597,0.618778229,0.627982140,1.557589531,0.011313438,0.131348610,0.027803421,-0.070495605,-0.032043457,-0.055725098,0.026184082,0.037765503,0.005538940,0.619161606,0.627982140,1.557589531,0.011313438,0.131348610,0.027803421,-0.000019580,-16.537860870,6.888527870,1.224709868,-0.813548565,-0.002202483,-0.024124146,-16.561229706,6.908689499,1.300390244,-0.801312447,0.002777100,-0.000019580,-16.537860870,6.888527870,1.224709868,-0.813548565,-0.002202483,0.000000000,0.000000000,0.000000000,0.000000000,0.000000000,0.000000000,0.000000000,0.000000000,0.000000000,0.000000000,0.000000000,0.000000000,0.000000000,0.000000000,0.000000000,0.000000000,0.000000000,0.000000000,-0.024104565,-0.023368835,0.020161629,0.075680375,0.012236118,0.004979583,-0.023113601,-0.022411356,-0.004808241,0.018308253,0.012957149,0.003213977
3.869379997,0.619161606,0.627982140,1.557589531,0.011313438,0.131348610,0.027803421,0.086608887,0.039978027,0.059753418,0.026184082,0.017623901,0.034744263,0.619161606,0.627982140,1.557589531,0.011313438,0.131348610,0.027803421,-0.000019580,-16.537860870,6.888527870,1.224709868,-0.813548565,-0.002202483,-0.013229370,-16.530101776,6.904020309,1.264593124,-0.804730415,0.003631592,-0.000019580,-16.537860870,6.888527870,1.224709868,-0.813548565,-0.002202483,0.000000000,0.000000000,0.000000000,0.000000000,0.000000000,0.000000000,0.000000000,0.000000000,0.000000000,0.000000000,0.000000000,0.000000000,0.000000000,0.000000000,0.000000000,0.000000000,0.000000000,0.000000000,-0.013209790,0.007759094,0.015492439,0.039883256,0.008818150,0.005834075,-0.012218826,0.008716574,-0.009477430,-0.017488866,0.009539180,0.004068469
3.879380941,0.619161606,0.627982140,1.557589531,0.011313438,0.131348610,0.027803421,0.079895020,-0.023498535,0.167175293,0.116149902,-0.054885864,0.038772583,0.619161606,0.627982140,1.557589531,0.011313438,0.131348610,0.027803421,-0.000019580,-16.537860870,6.888527870,1.224709868,-0.813548565,-0.002202483,-0.003372192,-16.541088104,6.912839890,1.299352646,-0.807721138,-0.008331299,-0.000019580,-16.537860870,6.888527870,1.224709868,-0.813548565,-0.002202483,0.000000000,0.000000000,0.000000000,0.000000000,0.000000000,0.000000000,0.000000000,0.000000000,0.000000000,0.000000000,0.000000000,0.000000000,0.000000000,0.000000000,0.000000000,0.000000000,0.000000000,0.000000000,-0.003352612,-0.003227234,0.024312019,0.074642777,0.005827427,-0.006128815,-0.002361648,-0.002269754,-0.000657850,0.017270655,0.006548458,-0.007894421
3.889411926,0.619161606,0.627982140,1.557589531,0.011313438,0.131348610,0.027803421,0.083923340,0.082704544,-0.044982910,0.007385254,0.095169067,-0.010574341,0.619161606,0.627982140,1.557589531,0.011313438,0.130965233,0.027803421,-0.000019580,-16.538076401,6.888732433,1.224937201,-0.813589752,-0.002202593,-0.015823364,-16.553905487,6.926328659,1.276006699,-0.867109299,0.005767822,-0.000019580,-16.538076401,6.888732433,1.224937201,-0.813589752,-0.002202593,0.000000000,0.000000000,0.000000000,0.000000000,0.000000000,0.000000000,0.000000000,0.000000000,0.000000000,0.000000000,0.000000000,0.000000000,0.000000000,0.000000000,0.000000000,0.000000000,0.000000000,0.000000000,-0.015803784,-0.015829086,0.037596226,0.051069498,-0.053519547,0.007970415,-0.014812820,-0.014871607,0.012626356,-0.006302624,-0.052798516,0.006204809
3.899394512,0.619161606,0.627982140,1.557589531,0.011313438,0.131348610,0.027803421,-0.011413574,0.046081543,-0.046325684,-0.058410645,0.001510620,-0.026687622,0.618778229,0.627982140,1.557589531,0.011313438,0.131348610,0.027803421,-0.000019564,-16.537860870,6.888527870,1.224709868,-0.813548565,-0.002202483,0.053176880,-16.491645813,6.909727097,1.282751083,-0.819256783,0.005767822,-0.000019564,-16.537860870,6.888527870,1.224709868,-0.813548565,-0.002202483,0.000000000,0.000000000,0.000000000,0.000000000,0.000000000,0.000000000,0.000000000,0.000000000,0.000000000,0.000000000,0.000000000,0.000000000,0.000000000,0.000000000,0.000000000,0.000000000,0.000000000,0.000000000,0.053196444,0.046215057,0.021199226,0.058041215,-0.005708218,0.007970306,0.054187408,0.047172537,-0.003770643,0.000669093,-0.004987187,0.006204700
3.909386396,0.618778229,0.627982140,1.557589531,0.011313438,0.131348610,0.027803421,-0.100040436,-0.094301224,-0.035583496,-0.024841309,0.032730103,0.032730103,0.618778229,0.627982140,1.557589531,0.011313438,0.131348610,0.027420044,-0.000019564,-16.537860870,6.888528347,1.224710464,-0.813548684,-0.002201897,-0.016860962,-16.533763885,6.927366257,1.274969101,-0.823529243,-0.001922607,-0.000019564,-16.537860870,6.888528347,1.224710464,-0.813548684,-0.002201897,0.000000000,0.000000000,0.000000000,0.000000000,0.000000000,0.000000000,0.000000000,0.000000000,0.000000000,0.000000000,0.000000000,0.000000000,0.000000000,0.000000000,0.000000000,0.000000000,0.000000000,0.000000000,-0.016841398,0.004096985,0.038837910,0.050258636,-0.009980559,0.000279289,-0.015850434,0.005054464,0.013868040,-0.007113486,-0.009259528,-0.001486316
3.919379234,0.619161606,0.627982140,1.557589531,0.011313438,0.131348610,0.027803421,-0.059753418,0.044860840,-0.061096191,0.018127441,0.059921265,-0.006546021,0.619161606,0.627982140,1.557589531,0.011313438,0.130965233,0.027420044,-0.000019580,-16.538078308,6.888732910,1.224937797,-0.813589871,-0.002202006,0.027236938,-16.564891815,6.910764694,1.314916611,-0.830365181,-0.009613037,-0.000019580,-16.538078308,6.888732910,1.224937797,-0.813589871,-0.002202006,0.000000000,0.000000000,0.000000000,0.000000000,0.000000000,0.000000000,0.000000000,0.000000000,0.000000000,0.000000000,0.000000000,0.000000000,0.000000000,0.000000000,0.000000000,0.000000000,0.000000000,0.000000000,0.027256519,-0.026813507,0.022031784,0.089978814,-0.016775310,-0.007411031,0.028247483,-0.025856028,-0.002938086,0.032606692,-0.016054279,-0.009176637
3.929380417,0.618778229,0.627982140,1.557589531,0.011313438,0.131348610,0.027420044,-0.121524811,-0.014953613,-0.007385254,-0.085266113,-0.088123322,-0.015609741,0.619161606,0.627982140,1.557589531,0.011313438,0.131348610,0.027420044,-0.000019580,-16.537860870,6.888528347,1.224710464,-0.813548684,-0.002201897,0.001296997,-16.487983704,6.916471481,1.229831696,-0.809430122,0.001495361,-0.000019580,-16.537860870,6.888528347,1.224710464,-0.813548684,-0.002201897,0.000000000,0.000000000,0.000000000,0.000000000,0.000000000,0.000000000,0.000000000,0.000000000,0.000000000,0.000000000,0.000000000,0.000000000,0.000000000,0.000000000,0.000000000,0.000000000,0.000000000,0.000000000,0.001316577,0.049877167,0.027943134,0.005121231,0.004118562,0.003697258,0.002307542,0.050834646,0.002973265,-0.052250891,0.004839593,0.001931653
3.939390659,0.618778229,0.627982140,1.557589531,0.011313438,0.131348610,0.027803421,-0.049011230,0.024108887,0.208805084,-0.043640137,0.052871704,0.013595581,0.619161606,0.627982140,1.557589531,0.011313438,0.131348610,0.027803421,-0.000019580,-16.537860870,6.888527870,1.224709868,-0.813548565,-0.002202483,0.027755737,-16.530101776,6.916990280,1.289495468,-0.814129829,-0.001068115,-0.000019580,-16.537860870,6.888527870,1.224709868,-0.813548565,-0.002202483,0.000000000,0.000000000,0.000000000,0.000000000,0.000000000,0.000000000,0.000000000,0.000000000,0.000000000,0.000000000,0.000000000,0.000000000,0.000000000,0.000000000,0.000000000,0.000000000,0.000000000,0.000000000,0.027775317,0.007759094,0.028462410,0.064785600,-0.000581264,0.001134368,0.028766282,0.008716574,0.003492540,0.007413477,0.000139766,-0.000631238
3.949392557,0.619161606,0.627982140,1.557589531,0.011313438,0.130965233,0.027803421,-0.070495605,-0.069276810,-0.105411530,0.024841309,0.000503540,-0.035751343,0.619161606,0.627982140,1.557589531,0.011313438,0.131348610,0.027420044,-0.000019580,-16.537860870,6.888528347,1.224710464,-0.813548684,-0.002201897,0.003890991,-16.508125305,6.933591843,1.276006699,-0.804730415,0.010467529,-0.000019580,-16.537860870,6.888528347,1.224710464,-0.813548684,-0.002201897,0.000000000,0.000000000,0.000000000,0.000000000,0.000000000,0.000000000,0.000000000,0.000000000,0.000000000,0.000000000,0.000000000,0.000000000,0.000000000,0.000000000,0.000000000,0.000000000,0.000000000,0.000000000,0.003910571,0.029735565,0.045063496,0.051296234,0.008818269,0.012669426,0.004901536,0.030693045,0.020093626,-0.006075888,0.009539300,0.010903820
3.959415674,0.619161606,0.627982140,1.557589531,0.011313438,0.131348610,0.027803421,0.063781738,-0.107728958,0.106750488,0.086608887,0.012588501,0.037765503,0.619161606,0.627982140,1.557589531,0.011313438,0.131348610,0.027803421,-0.000019580,-16.537860870,6.888527870,1.224709868,-0.813548565,-0.002202483,-0.016860962,-16.471504211,6.894681931,1.291570663,-0.801739693,-0.015167236,-0.000019580,-16.537860870,6.888527870,1.224709868,-0.813548565,-0.002202483,0.000000000,0.000000000,0.000000000,0.000000000,0.000000000,0.000000000,0.000000000,0.000000000,0.000000000,0.000000000,0.000000000,0.000000000,0.000000000,0.000000000,0.000000000,0.000000000,0.000000000,0.000000000,-0.016841382,0.066356659,0.006154060,0.066860795,0.011808872,-0.012964753,-0.015850417,0.067314138,-0.018815809,0.009488673,0.012529903,-0.014730359
3.969387531,0.619161606,0.627982140,1.557206154,0.011313438,0.131348610,0.027803421,0.058410645,0.039367676,-0.094669342,-0.050354004,0.047836304,0.017623901,0.619161606,0.627982140,1.557589531,0.011313438,0.131348610,0.027803421,-0.000019580,-16.537860870,6.888527870,1.224709868,-0.813548565,-0.002202483,-0.010635376,-16.553905487,6.897794724,1.222049713,-0.792339325,-0.008331299,-0.000019580,-16.537860870,6.888527870,1.224709868,-0.813548565,-0.002202483,0.000000000,0.000000000,0.000000000,0.000000000,0.000000000,0.000000000,0.000000000,0.000000000,0.000000000,0.000000000,0.000000000,0.000000000,0.000000000,0.000000000,0.000000000,0.000000000,0.000000000,0.000000000,-0.010615796,-0.016044617,0.009266853,-0.002660155,0.021209240,-0.006128815,-0.009624831,-0.015087137,-0.015703016,-0.060032278,0.021930271,-0.007894421
3.979427576,0.619161606,0.627982140,1.557589531,0.011313438,0.131348610,0.027803421,0.065124512,0.032653809,-0.183292389,0.049011230,-0.010574341,0.063949585,0.619161606,0.627982140,1.557589531,0.011313438,0.131348610,0.027420044,-0.000019580,-16.537860870,6.888528347,1.224710464,-0.813548684,-0.002201897,0.002853394,-16.508125305,6.891050339,1.297277451,-0.811139107,-0.020721436,-0.000019580,-16.537860870,6.888528347,1.224710464,-0.813548684,-0.002201897,0.000000000,0.000000000,0.000000000,0.000000000,0.000000000,0.000000000,0.000000000,0.000000000,0.000000000,0.000000000,0.000000000,0.000000000,0.000000000,0.000000000,0.000000000,0.000000000,0.000000000,0.000000000,0.002872974,0.029735565,0.002521992,0.072566986,0.002409577,-0.018519539,0.003863938,0.030693045,-0.022447878,0.015194864,0.003130608,-0.020285144
3.989379406,0.619161606,0.627982140,1.557206154,0.011313438,0.131348610,0.027803421,-0.093326569,0.000305176,-0.120182037,0.011413574,0.023666382,0.005538940,0.619161606,0.627982140,1.557589531,0.011313438,0.131348610,0.027803421,-0.000019580,-16.537860870,6.888527870,1.224709868,-0.813548565,-0.002202483,-0.029312134,-16.520942688,6.905057907,1.326848984,-0.819684029,0.001068115,-0.000019580,-16.537860870,6.888527870,1.224709868,-0.813548565,-0.002202483,0.000000000,0.000000000,0.000000000,0.000000000,0.000000000,0.000000000,0.000000000,0.000000000,0.000000000,0.000000000,0.000000000,0.000000000,0.000000000,0.000000000,0.000000000,0.000000000,0.000000000,0.000000000,-0.029292554,0.016918182,0.016530037,0.102139115,-0.006135464,0.003270599,-0.028301589,0.017875662,-0.008439833,0.044766993,-0.005414433,0.001504993
3.999385357,0.619161606,0.627982140,1.557589531,0.011313438,0.131348610,0.027803421,-0.059753418,0.038757324,0.058410645,0.010070801,0.001510620,-0.002517700,0.619161606,0.627982140,1.557589531,0.011313438,0.131348610,0.027420044,-0.000019580,-16.537860870,6.888528347,1.224710464,-0.813548684,-0.002201897,-0.001296997,-16.539257050,6.912321091,1.297277451,-0.823956490,0.000213623,-0.000019580,-16.537860870,6.888528347,1.224710464,-0.813548684,-0.002201897,0.000000000,0.000000000,0.000000000,0.000000000,0.000000000,0.000000000,0.000000000,0.000000000,0.000000000,0.000000000,0.000000000,0.000000000,0.000000000,0.000000000,0.000000000,0.000000000,0.000000000,0.000000000,-0.001277417,-0.001396179,0.023792744,0.072566986,-0.010407805,0.002415520,-0.000286453,-0.000438700,-0.001177126,0.015194864,-0.009686775,0.000649914
4.009379864,0.619161606,0.627982140,1.557589531,0.011313438,0.131348610,0.027803421,0.085266113,-0.132143021,-0.078552246,0.114807129,-0.002517700,0.025680542,0.619161606,0.627982140,1.557589531,0.011313438,0.131348610,0.027803421,-0.000019580,-16.537860870,6.888527870,1.224709868,-0.813548565,-0.002202483,-0.005966187,-16.596019745,6.914915085,1.284826279,-0.816693306,-0.009613037,-0.000019580,-16.537860870,6.888527870,1.224709868,-0.813548565,-0.002202483,0.000000000,0.000000000,0.000000000,0.000000000,0.000000000,0.000000000,0.000000000,0.000000000,0.000000000,0.000000000,0.000000000,0.000000000,0.000000000,0.000000000,0.000000000,0.000000000,0.000000000,0.000000000,-0.005946606,-0.058158875,0.026387215,0.060116410,-0.003144741,-0.007410554,-0.004955642,-0.057201395,0.001417345,0.002744288,-0.002423710,-0.009176159
4.019386292,0.619161606,0.627982140,1.557589531,0.011313438,0.131348610,0.027420044,0.055725098,-0.133974075,-0.008728027,-0.003356934,-0.008560181,-0.042800903,0.619161606,0.627982140,1.557589531,0.011313438,0.131348610,0.027803421,-0.000019580,-16.537860870,6.888527870,1.224709868,-0.813548565,-0.002202483,0.083787918,-16.533763885,6.919065475,1.232425690,-0.799176216,-0.004486084,-0.000019580,-16.537860870,6.888527870,1.224709868,-0.813548565,-0.002202483,0.000000000,0.000000000,0.000000000,0.000000000,0.000000000,0.000000000,0.000000000,0.000000000,0.000000000,0.000000000,0.000000000,0.000000000,0.000000000,0.000000000,0.000000000,0.000000000,0.000000000,0.000000000,0.083807498,0.004096985,0.030537605,0.007715821,0.014372349,-0.002283601,0.084798463,0.005054464,0.005567736,-0.049656301,0.015093380,-0.004049206
4.029377937,0.619161606,0.627982140,1.557589531,0.011313438,0.131348610,0.027803421,-0.040954590,-0.079042435,-0.023498535,0.097351074,-0.005538940,-0.020645142,0.619161606,0.627982140,1.557589531,0.011313438,0.130965233,0.027420044,-0.000019580,-16.538078308,6.888732910,1.224937797,-0.813589871,-0.002202006,0.015304565,-16.526439667,6.913358688,1.222049713,-0.793194771,-0.008331299,-0.000019580,-16.538078308,6.888732910,1.224937797,-0.813589871,-0.002202006,0.000000000,0.000000000,0.000000000,0.000000000,0.000000000,0.000000000,0.000000000,0.000000000,0.000000000,0.000000000,0.000000000,0.000000000,0.000000000,0.000000000,0.000000000,0.000000000,0.000000000,0.000000000,0.015324146,0.011638641,0.024625778,-0.002888083,0.020395100,-0.006129293,0.016315110,0.012596121,-0.000344091,-0.060260206,0.021116131,-0.007894898
4.039394140,0.619161606,0.627982140,1.557589531,0.011313438,0.131348610,0.027803421,0.096008301,-0.044252396,0.020812988,0.006042480,-0.027694702,-0.032730103,0.619161606,0.627982140,1.557589531,0.011313438,0.131348610,0.027803421,-0.000019580,-16.537860870,6.888527870,1.224709868,-0.813548565,-0.002202483,-0.000259399,-16.531932831,6.912839890,1.266668320,-0.800885201,0.001068115,-0.000019580,-16.537860870,6.888527870,1.224709868,-0.813548565,-0.002202483,0.000000000,0.000000000,0.000000000,0.000000000,0.000000000,0.000000000,0.000000000,0.000000000,0.000000000,0.000000000,0.000000000,0.000000000,0.000000000,0.000000000,0.000000000,0.000000000,0.000000000,0.000000000,-0.000239819,0.005928040,0.024312019,0.041958451,0.012663364,0.003270599,0.000751145,0.006885519,-0.000657850,-0.015413671,0.013384395,0.001504993
4.049379587,0.619161606,0.627982140,1.557589531,0.011313438,0.131348610,0.027420044,0.047668457,-0.016784668,-0.059753418,0.124206543,0.032730103,0.006546021,0.619161606,0.627982140,1.557589531,0.011313438,0.131348610,0.027803421,-0.000019580,-16.537860870,6.888527870,1.224709868,-0.813548565,-0.002202483,0.018936157,-16.508125305,6.930997849,1.301946640,-0.808575630,0.001495361,-0.000019580,-16.537860870,6.888527870,1.224709868,-0.813548565,-0.002202483,0.000000000,0.000000000,0.000000000,0.000000000,0.000000000,0.000000000,0.000000000,0.000000000,0.000000000,0.000000000,0.000000000,0.000000000,0.000000000,0.000000000,0.000000000,0.000000000,0.000000000,0.000000000,0.018955737,0.029735565,0.042469978,0.077236772,0.004972935,0.003697845,0.019946702,0.030693045,0.017500109,0.019864649,0.005693966,0.001932239
4.059356213,0.619161606,0.627982140,1.557589531,0.011313438,0.131348610,0.027803421,0.020812988,-0.021057129,0.136291504,-0.028869629,0.011581421,0.006546021,0.618778229,0.627982140,1.557589531,0.011313438,0.131348610,0.027803421,-0.000019564,-16.537860870,6.888527870,1.224709868,-0.813548565,-0.002202483,-0.013748169,-16.475166321,6.900388718,1.286901474,-0.834210396,-0.001922607,-0.000019564,-16.537860870,6.888527870,1.224709868,-0.813548565,-0.002202483,0.000000000,0.000000000,0.000000000,0.000000000,0.000000000,0.000000000,0.000000000,0.000000000,0.000000000,0.000000000,0.000000000,0.000000000,0.000000000,0.000000000,0.000000000,0.000000000,0.000000000,0.000000000,-0.013728605,0.062694550,0.011860847,0.062191606,-0.020661831,0.000279876,-0.012737641,0.063652029,-0.013109022,0.004819483,-0.019940800,-0.001485730
4.069394350,0.619161606,0.627982140,1.557589531,0.011313438,0.131348610,0.027803421,-0.034240723,-0.018615723,-0.086612701,-0.031555176,-0.062942505,0.028701782,0.619161606,0.627982140,1.557589531,0.011313438,0.131348610,0.027803421,-0.000019580,-16.537860870,6.888527870,1.224709868,-0.813548565,-0.002202483,-0.008041382,-16.563060760,6.919065475,1.246952057,-0.794476509,0.012603760,-0.000019580,-16.537860870,6.888527870,1.224709868,-0.813548565,-0.002202483,0.000000000,0.000000000,0.000000000,0.000000000,0.000000000,0.000000000,0.000000000,0.000000000,0.000000000,0.000000000,0.000000000,0.000000000,0.000000000,0.000000000,0.000000000,0.000000000,0.000000000,0.000000000,-0.008021802,-0.025199890,0.030537605,0.022242188,0.019072056,0.014806243,-0.007030837,-0.024242411,0.005567736,-0.035129934,0.019793087,0.013040637
4.079400778,0.618778229,0.627982140,1.557589531,0.011313438,0.131348610,0.027420044,-0.168521881,0.018005371,0.040954590,-0.034240723,0.008560181,-0.038772583,0.619545937,0.627982140,1.557589531,0.011313438,0.131348610,0.027420044,-0.000019596,-16.537860870,6.888528347,1.224710464,-0.813548684,-0.002201897,-0.004409790,-16.564891815,6.909208298,1.283269882,-0.823956490,0.019866943,-0.000019596,-16.537860870,6.888528347,1.224710464,-0.813548684,-0.002201897,0.000000000,0.000000000,0.000000000,0.000000000,0.000000000,0.000000000,0.000000000,0.000000000,0.000000000,0.000000000,0.000000000,0.000000000,0.000000000,0.000000000,0.000000000,0.000000000,0.000000000,0.000000000,-0.004390194,-0.027030945,0.020679951,0.058559418,-0.010407805,0.022068840,-0.003399229,-0.026073465,-0.004289919,0.001187295,-0.009686775,0.020303235
4.089392185,0.618778229,0.627982140,1.557589531,0.011313438,0.131348610,0.027420044,-0.210147858,0.004577637,-0.011413574,-0.094669342,0.038772583,-0.007553101,0.619161606,0.627982140,1.557589531,0.011313438,0.131348610,0.027803421,-0.000019580,-16.537860870,6.888527870,1.224709868,-0.813548565,-0.002202483,0.008041382,-16.482490540,6.923215866,1.270299911,-0.826947212,-0.015167236,-0.000019580,-16.537860870,6.888527870,1.224709868,-0.813548565,-0.002202483,0.000000000,0.000000000,0.000000000,0.000000000,0.000000000,0.000000000,0.000000000,0.000000000,0.000000000,0.000000000,0.000000000,0.000000000,0.000000000,0.000000000,0.000000000,0.000000000,0.000000000,0.000000000,0.008060962,0.055370331,0.034687996,0.045590043,-0.013398647,-0.012964753,0.009051926,0.056327810,0.009718126,-0.011782079,-0.012677616,-0.014730359
4.099389315,0.619161606,0.627982140,1.557589531,0.011313438,0.131348610,0.027420044,0.113464355,0.061340332,-0.173892975,0.078552246,0.040786743,0.000503540,0.619161606,0.627982140,1.557589531,0.011313438,0.130965233,0.027803421,-0.000019580,-16.538076401,6.888732433,1.224937201,-0.813589752,-0.002202593,-0.001296997,-16.522773743,6.915433884,1.285345078,-0.811566353,-0.004486084,-0.000019580,-16.538076401,6.888732433,1.224937201,-0.813589752,-0.002202593,0.000000000,0.000000000,0.000000000,0.000000000,0.000000000,0.000000000,0.000000000,0.000000000,0.000000000,0.000000000,0.000000000,0.000000000,0.000000000,0.000000000,0.000000000,0.000000000,0.000000000,0.000000000,-0.001277417,0.015302658,0.026701450,0.060407877,0.002023399,-0.002283491,-0.000286452,0.016260138,0.001731581,0.003035755,0.002744430,-0.004049097
4.109378099,0.619161606,0.627982140,1.557589531,0.011313438,0.130965233,0.027803421,0.004699707,0.031433105,0.061096191,-0.184635162,-0.015609741,0.000503540,0.619161606,0.627982140,1.557206154,0.011313438,0.131348610,0.027803421,-0.000019577,-16.535730362,6.886508465,1.224304318,-0.813321173,-0.002201902,-0.018936157,-16.546581268,6.910245895,1.332555771,-0.816693306,0.016021729,-0.000019577,-16.535730362,6.886508465,1.224304318,-0.813321173,-0.002201902,0.000000000,0.000000000,0.000000000,0.000000000,0.000000000,0.000000000,0.000000000,0.000000000,0.000000000,0.000000000,0.000000000,0.000000000,0.000000000,0.000000000,0.000000000,0.000000000,0.000000000,0.000000000,-0.018916581,-0.010850906,0.023737431,0.108251452,-0.003372133,0.018223631,-0.017925616,-0.009893427,-0.001232439,0.050879330,-0.002651102,0.016458025
4.119379282,0.619161606,0.627982140,1.557589531,0.011313438,0.131348610,0.027803421,0.022155762,0.046081543,-0.004699707,0.031555176,0.004531860,0.007553101,0.619161606,0.627982140,1.557589531,0.011696815,0.131348610,0.027803421,-0.000019581,-16.538246155,6.888892651,1.225115061,-0.813775837,-0.002203064,-0.013748169,-16.570384979,6.912839890,1.271337509,-0.828228951,-0.009185791,-0.000019581,-16.538246155,6.888892651,1.225115061,-0.813775837,-0.002203064,0.000000000,0.000000000,0.000000000,0.000000000,0.000000000,0.000000000,0.000000000,0.000000000,0.000000000,0.000000000,0.000000000,0.000000000,0.000000000,0.000000000,0.000000000,0.000000000,0.000000000,0.000000000,-0.013728588,-0.032138824,0.023947239,0.046222448,-0.014453113,-0.006982727,-0.012737624,-0.031181345,-0.001022631,-0.011149674,-0.013732082,-0.008748333
4.129387617,0.619161606,0.627982140,1.557589531,0.011313438,0.131348610,0.027803421,0.039611816,0.038146973,-0.112125397,0.043640137,0.002517700,-0.019638062,0.619161606,0.627982140,1.557972908,0.011313438,0.130965233,0.027803421,-0.000019584,-16.540206909,6.890750408,1.225342393,-0.813817024,-0.002203173,0.010116577,-16.531932831,6.919065475,1.202335358,-0.818829536,-0.008331299,-0.000019584,-16.540206909,6.890750408,1.225342393,-0.813817024,-0.002203173,0.000000000,0.000000000,0.000000000,0.000000000,0.000000000,0.000000000,0.000000000,0.000000000,0.000000000,0.000000000,0.000000000,0.000000000,0.000000000,0.000000000,0.000000000,0.000000000,0.000000000,0.000000000,0.010136161,0.008274078,0.028315067,-0.023007035,-0.005012512,-0.006128126,0.011127125,0.009231558,0.003345198,-0.080379158,-0.004291481,-0.007893731
4.139460325,0.618778229,0.627982140,1.557589531,0.011313438,0.131348610,0.027803421,-0.050354004,-0.022277832,-0.014099121,0.034240723,0.054885864,-0.015609741,0.619161606,0.627982140,1.557589531,0.011313438,0.131348610,0.027803421,-0.000019580,-16.537860870,6.888527870,1.224709868,-0.813548565,-0.002202483,0.018936157,-16.535594940,6.886381149,1.244876862,-0.812420845,-0.004058838,-0.000019580,-16.537860870,6.888527870,1.224709868,-0.813548565,-0.002202483,0.000000000,0.000000000,0.000000000,0.000000000,0.000000000,0.000000000,0.000000000,0.000000000,0.000000000,0.000000000,0.000000000,0.000000000,0.000000000,0.000000000,0.000000000,0.000000000,0.000000000,0.000000000,0.018955737,0.002265930,-0.002146721,0.020166993,0.001127720,-0.001856355,0.019946702,0.003223410,-0.027116590,-0.037205129,0.001848751,-0.003621960
4.149380922,0.619161606,0.627982140,1.557589531,0.011696815,0.131348610,0.027803421,0.057067871,0.032043457,0.097351074,0.083923340,0.084091187,0.013595581,0.619161606,0.627982140,1.557589531,0.011313438,0.131348610,0.027803421,-0.000019580,-16.537860870,6.888527870,1.224709868,-0.813548565,-0.002202483,-0.006484985,-16.605175018,6.914396286,1.300909042,-0.835492134,0.010467529,-0.000019580,-16.537860870,6.888527870,1.224709868,-0.813548565,-0.002202483,0.000000000,0.000000000,0.000000000,0.000000000,0.000000000,0.000000000,0.000000000,0.000000000,0.000000000,0.000000000,0.000000000,0.000000000,0.000000000,0.000000000,0.000000000,0.000000000,0.000000000,0.000000000,-0.006465405,-0.067314148,0.025868416,0.076199174,-0.021943569,0.012670013,-0.005474441,-0.066356668,0.000898546,0.018827052,-0.021222538,0.010904407
4.159426928,0.619161606,0.627982140,1.557589531,0.011313438,0.131348610,0.027803421,0.006042480,0.021057129,0.051696777,0.132263184,0.018630981,0.005538940,0.618778229,0.627982140,1.557589531,0.011696815,0.131348610,0.027420044,-0.000019564,-16.538246155,6.888893127,1.225115657,-0.813775957,-0.002202478,-0.012710571,-16.546581268,6.888975143,1.251621246,-0.781230927,-0.004913330,-0.000019564,-16.538246155,6.888893127,1.225115657,-0.813775957,-0.002202478,0.000000000,0.000000000,0.000000000,0.000000000,0.000000000,0.000000000,0.000000000,0.000000000,0.000000000,0.000000000,0.000000000,0.000000000,0.000000000,0.000000000,0.000000000,0.000000000,0.000000000,0.000000000,-0.012691007,-0.008335114,0.000082016,0.026505589,0.032545030,-0.002710852,-0.011700043,-0.007377634,-0.024887854,-0.030866533,0.033266061,-0.004476458
4.169379711,0.619161606,0.627982140,1.557589531,0.011313438,0.131348610,0.027803421,0.000671387,0.001525879,0.018127441,0.145690918,0.038772583,0.020645142,0.619161606,0.627982140,1.557589531,0.011313438,0.131348610,0.027803421,-0.000019580,-16.537860870,6.888527870,1.224709868,-0.813548565,-0.002202483,-0.004928589,-16.531932831,6.892087936,1.281194687,-0.803875923,0.003204346,-0.000019580,-16.537860870,6.888527870,1.224709868,-0.813548565,-0.002202483,0.000000000,0.000000000,0.000000000,0.000000000,0.000000000,0.000000000,0.000000000,0.000000000,0.000000000,0.000000000,0.000000000,0.000000000,0.000000000,0.000000000,0.000000000,0.000000000,0.000000000,0.000000000,-0.004909009,0.005928040,0.003560066,0.056484818,0.009672642,0.005406829,-0.003918044,0.006885519,-0.021409803,-0.000887304,0.010393673,0.003641223
4.179391384,0.619161606,0.627982140,1.557589531,0.011313438,0.130965233,0.027420044,-0.050354004,-0.046083450,0.031555176,0.073181152,-0.045822144,-0.046829224,0.619161606,0.627982140,1.557589531,0.011313438,0.131348610,0.027803421,-0.000019580,-16.537860870,6.888527870,1.224709868,-0.813548565,-0.002202483,0.020492554,-16.559398651,6.919065475,1.312322617,-0.815838814,-0.024566650,-0.000019580,-16.537860870,6.888527870,1.224709868,-0.813548565,-0.002202483,0.000000000,0.000000000,0.000000000,0.000000000,0.000000000,0.000000000,0.000000000,0.000000000,0.000000000,0.000000000,0.000000000,0.000000000,0.000000000,0.000000000,0.000000000,0.000000000,0.000000000,0.000000000,0.020512134,-0.021537781,0.030537605,0.087612748,-0.002290249,-0.022364167,0.021503098,-0.020580301,0.005567736,0.030240626,-0.001569218,-0.024129773
4.189378977,0.619161606,0.627982140,1.557589531,0.011313438,0.130965233,0.027803421,0.122863770,-0.012512207,-0.112125397,-0.133609772,-0.059921265,-0.018630981,0.619161606,0.627982140,1.557589531,0.011313438,0.131348610,0.027420044,-0.000019580,-16.537860870,6.888528347,1.224710464,-0.813548684,-0.002201897,0.001815796,-16.575878143,6.900388718,1.301427841,-0.791057587,-0.008758545,-0.000019580,-16.537860870,6.888528347,1.224710464,-0.813548684,-0.002201897,0.000000000,0.000000000,0.000000000,0.000000000,0.000000000,0.000000000,0.000000000,0.000000000,0.000000000,0.000000000,0.000000000,0.000000000,0.000000000,0.000000000,0.000000000,0.000000000,0.000000000,0.000000000,0.001835376,-0.038017273,0.011860371,0.076717377,0.022491097,-0.006556648,0.002826340,-0.037059793,-0.013109499,0.019345254,0.023212128,-0.008322254
4.199379921,0.619161606,0.627982140,1.557589531,0.011313438,0.130965233,0.027420044,0.164489746,-0.033874512,-0.000671387,0.053039551,-0.033737183,-0.046829224,0.619161606,0.627982140,1.557589531,0.011313438,0.130965233,0.027420044,-0.000019580,-16.538078308,6.888732910,1.224937797,-0.813589871,-0.002202006,0.008041382,-16.504463196,6.908689499,1.313360214,-0.837201118,0.016876221,-0.000019580,-16.538078308,6.888732910,1.224937797,-0.813589871,-0.002202006,0.000000000,0.000000000,0.000000000,0.000000000,0.000000000,0.000000000,0.000000000,0.000000000,0.000000000,0.000000000,0.000000000,0.000000000,0.000000000,0.000000000,0.000000000,0.000000000,0.000000000,0.000000000,0.008060962,0.033615112,0.019956589,0.088422418,-0.023611248,0.019078227,0.009051927,0.034572592,-0.005013281,0.031050295,-0.022890217,0.017312621
4.209378481,0.619161606,0.627982140,1.557589531,0.011313438,0.131348610,0.027803421,0.148376465,0.022888184,0.113464355,-0.049011230,0.020645142,0.059921265,0.619161606,0.627982140,1.557589531,0.011313438,0.131348610,0.027803421,-0.000019580,-16.537860870,6.888527870,1.224709868,-0.813548565,-0.002202483,-0.008560181,-16.557567596,6.911283493,1.250064850,-0.829510689,-0.011749268,-0.000019580,-16.537860870,6.888527870,1.224709868,-0.813548565,-0.002202483,0.000000000,0.000000000,0.000000000,0.000000000,0.000000000,0.000000000,0.000000000,0.000000000,0.000000000,0.000000000,0.000000000,0.000000000,0.000000000,0.000000000,0.000000000,0.000000000,0.000000000,0.000000000,-0.008540601,-0.019706726,0.022755623,0.025354981,-0.015962124,-0.009546784,-0.007549636,-0.018749247,-0.002214247,-0.032017141,-0.015241093,-0.011312390
4.219437361,0.619161606,0.627982140,1.557589531,0.011313438,0.131348610,0.027803421,-0.010070801,0.010681152,-0.010070801,-0.140323639,0.006546021,-0.031723022,0.618778229,0.627982140,1.557589531,0.011313438,0.131348610,0.027803421,-0.000019564,-16.537860870,6.888527870,1.224709868,-0.813548565,-0.002202483,-0.086381912,-16.574047089,6.947080612,1.275487900,-0.817975044,0.007049561,-0.000019564,-16.537860870,6.888527870,1.224709868,-0.813548565,-0.002202483,0.000000000,0.000000000,0.000000000,0.000000000,0.000000000,0.000000000,0.000000000,0.000000000,0.000000000,0.000000000,0.000000000,0.000000000,0.000000000,0.000000000,0.000000000,0.000000000,0.000000000,0.000000000,-0.086362349,-0.036186218,0.058552742,0.050778031,-0.004426479,0.009252044,-0.085371384,-0.035228739,0.033582872,-0.006594091,-0.003705448,0.007486438
4.229381561,0.619161606,0.627982140,1.557589531,0.011313438,0.131348610,0.027803421,0.027526855,0.007019043,-0.004699707,0.101379395,0.019638062,-0.006546021,0.619161606,0.627982140,1.557589531,0.011313438,0.131348610,0.027420044,-0.000019580,-16.537860870,6.888528347,1.224710464,-0.813548684,-0.002201897,-0.011154175,-16.561229706,6.905576706,1.257846832,-0.786357880,0.005767822,-0.000019580,-16.537860870,6.888528347,1.224710464,-0.813548684,-0.002201897,0.000000000,0.000000000,0.000000000,0.000000000,0.000000000,0.000000000,0.000000000,0.000000000,0.000000000,0.000000000,0.000000000,0.000000000,0.000000000,0.000000000,0.000000000,0.000000000,0.000000000,0.000000000,-0.011134595,-0.023368835,0.017048359,0.033136368,0.027190804,0.007969719,-0.010143630,-0.022411356,-0.007921511,-0.024235754,0.027911835,0.006204113
4.239378929,0.619161606,0.627982140,1.557589531,0.011313438,0.131348610,0.027803421,0.043640137,-0.027160645,0.110778809,-0.051696777,0.038772583,-0.026687622,0.619161606,0.627982140,1.557589531,0.011313438,0.131348610,0.027803421,-0.000019580,-16.537860870,6.888527870,1.224709868,-0.813548565,-0.002202483,-0.036577225,-16.522773743,6.912839890,1.250064850,-0.791912079,0.000213623,-0.000019580,-16.537860870,6.888527870,1.224709868,-0.813548565,-0.002202483,0.000000000,0.000000000,0.000000000,0.000000000,0.000000000,0.000000000,0.000000000,0.000000000,0.000000000,0.000000000,0.000000000,0.000000000,0.000000000,0.000000000,0.000000000,0.000000000,0.000000000,0.000000000,-0.036557645,0.015087128,0.024312019,0.025354981,0.021636486,0.002416106,-0.035566680,0.016044607,-0.000657850,-0.032017141,0.022357517,0.000650501
4.249386072,0.619161606,0.627982140,1.557589531,0.011313438,0.131348610,0.027803421,0.032897949,0.014953613,0.050354004,-0.008728027,0.009567261,0.008560181,0.619161606,0.627982140,1.557589531,0.011313438,0.131348610,0.027420044,-0.000019580,-16.537860870,6.888528347,1.224710464,-0.813548684,-0.002201897,0.011672974,-16.548412323,6.924253464,1.257846832,-0.809430122,-0.007904053,-0.000019580,-16.537860870,6.888528347,1.224710464,-0.813548684,-0.002201897,0.000000000,0.000000000,0.000000000,0.000000000,0.000000000,0.000000000,0.000000000,0.000000000,0.000000000,0.000000000,0.000000000,0.000000000,0.000000000,0.000000000,0.000000000,0.000000000,0.000000000,0.000000000,0.011692554,-0.010551453,0.035725117,0.033136368,0.004118562,-0.005702156,0.012683518,-0.009593973,0.010755247,-0.024235754,0.004839593,-0.007467762
4.259452820,0.619161606,0.627982140,1.557589531,0.011313438,0.131348610,0.027420044,0.134948730,-0.129701614,-0.098697662,-0.004699707,-0.027694702,0.010574341,0.619161606,0.627982140,1.557589531,0.011313438,0.131348610,0.027803421,-0.000019580,-16.537860870,6.888527870,1.224709868,-0.813548565,-0.002202483,0.014266968,-16.520942688,6.926328659,1.287420273,-0.821393013,-0.008758545,-0.000019580,-16.537860870,6.888527870,1.224709868,-0.813548565,-0.002202483,0.000000000,0.000000000,0.000000000,0.000000000,0.000000000,0.000000000,0.000000000,0.000000000,0.000000000,0.000000000,0.000000000,0.000000000,0.000000000,0.000000000,0.000000000,0.000000000,0.000000000,0.000000000,0.014286548,0.016918182,0.037800789,0.062710404,-0.007844448,-0.006556062,0.015277512,0.017875662,0.012830919,0.005338282,-0.007123417,-0.008321667
4.269379139,0.619161606,0.627982140,1.557589531,0.011313438,0.131348610,0.027803421,-0.079895020,-0.066835403,0.074523926,0.035583496,0.077041626,-0.072010040,0.619161606,0.627982140,1.557589531,0.011313438,0.130965233,0.027803421,-0.000019580,-16.538076401,6.888732433,1.224937201,-0.813589752,-0.002202593,-0.015304565,-16.566722870,6.921659470,1.296758652,-0.827374458,-0.006195068,-0.000019580,-16.538076401,6.888732433,1.224937201,-0.813589752,-0.002202593,0.000000000,0.000000000,0.000000000,0.000000000,0.000000000,0.000000000,0.000000000,0.000000000,0.000000000,0.000000000,0.000000000,0.000000000,0.000000000,0.000000000,0.000000000,0.000000000,0.000000000,0.000000000,-0.015284985,-0.028646469,0.032927036,0.071821451,-0.013784707,-0.003992476,-0.014294021,-0.027688990,0.007957167,0.014449329,-0.013063676,-0.005758081
4.279381990,0.619161606,0.627982140,1.557589531,0.011313438,0.131348610,0.027803421,0.054382324,-0.065614700,0.108093262,0.002014160,0.067977905,0.000503540,0.618778229,0.627982140,1.557589531,0.011313438,0.131348610,0.027803421,-0.000019564,-16.537860870,6.888527870,1.224709868,-0.813548565,-0.002202483,-0.005447388,-16.544750214,6.913877487,1.236057281,-0.798748970,-0.005767822,-0.000019564,-16.537860870,6.888527870,1.224709868,-0.813548565,-0.002202483,0.000000000,0.000000000,0.000000000,0.000000000,0.000000000,0.000000000,0.000000000,0.000000000,0.000000000,0.000000000,0.000000000,0.000000000,0.000000000,0.000000000,0.000000000,0.000000000,0.000000000,0.000000000,-0.005427824,-0.006889343,0.025349617,0.011347413,0.014799595,-0.003565339,-0.004436860,-0.005931864,0.000379747,-0.046024709,0.015520626,-0.005330945
4.289386511,0.619161606,0.627982140,1.557589531,0.011313438,0.131348610,0.027803421,0.113464355,-0.093690872,0.090637207,0.035583496,-0.030715942,0.004531860,0.618778229,0.627982140,1.557589531,0.011313438,0.131348610,0.027803421,-0.000019564,-16.537860870,6.888527870,1.224709868,-0.813548565,-0.002202483,0.015823364,-16.561229706,6.909727097,1.242801666,-0.818829536,0.006195068,-0.000019564,-16.537860870,6.888527870,1.224709868,-0.813548565,-0.002202483,0.000000000,0.000000000,0.000000000,0.000000000,0.000000000,0.000000000,0.000000000,0.000000000,0.000000000,0.000000000,0.000000000,0.000000000,0.000000000,0.000000000,0.000000000,0.000000000,0.000000000,0.000000000,0.015842928,-0.023368835,0.021199226,0.018091798,-0.005280972,0.008397552,0.016833892,-0.022411356,-0.003770643,-0.039280324,-0.004559941,0.006631946
4.299390793,0.619161606,0.627982140,1.557589531,0.011313438,0.131348610,0.027803421,-0.106754303,0.039978027,0.055725098,0.110778809,0.009567261,-0.025680542,0.618778229,0.627982140,1.557589531,0.011313438,0.131348610,0.027803421,-0.000019564,-16.537860870,6.888527870,1.224709868,-0.813548565,-0.002202483,-0.022048950,-16.484321594,6.915433884,1.297796249,-0.797467232,-0.007904053,-0.000019564,-16.537860870,6.888527870,1.224709868,-0.813548565,-0.002202483,0.000000000,0.000000000,0.000000000,0.000000000,0.000000000,0.000000000,0.000000000,0.000000000,0.000000000,0.000000000,0.000000000,0.000000000,0.000000000,0.000000000,0.000000000,0.000000000,0.000000000,0.000000000,-0.022029387,0.053539276,0.026906013,0.073086381,0.016081333,-0.005701569,-0.021038422,0.054496756,0.001936144,0.015714259,0.016802364,-0.007467175
4.309421778,0.619161606,0.627982140,1.557589531,0.011313438,0.131348610,0.027420044,0.008728027,0.056457520,0.053039551,-0.016784668,0.016616821,-0.012588501,0.619161606,0.627982140,1.557589531,0.011313438,0.131348610,0.027803421,-0.000019580,-16.537860870,6.888527870,1.224709868,-0.813548565,-0.002202483,-0.016860962,-16.548412323,6.915433884,1.266668320,-0.802166939,-0.008331299,-0.000019580,-16.537860870,6.888527870,1.224709868,-0.813548565,-0.002202483,0.000000000,0.000000000,0.000000000,0.000000000,0.000000000,0.000000000,0.000000000,0.000000000,0.000000000,0.000000000,0.000000000,0.000000000,0.000000000,0.000000000,0.000000000,0.000000000,0.000000000,0.000000000,-0.016841382,-0.010551453,0.026906013,0.041958451,0.011381626,-0.006128815,-0.015850417,-0.009593973,0.001936144,-0.015413671,0.012102657,-0.007894421
4.319379091,0.619161606,0.627982140,1.557589531,0.011313438,0.131348610,0.027803421,-0.011413574,-0.115053177,-0.006042480,0.132263184,0.008560181,-0.017623901,0.619161606,0.627982140,1.557589531,0.011313438,0.131348610,0.027420044,-0.000019580,-16.537860870,6.888528347,1.224710464,-0.813548684,-0.002201897,-0.054216385,-16.511787415,6.940336227,1.302465439,-0.811993599,-0.007049561,-0.000019580,-16.537860870,6.888528347,1.224710464,-0.813548684,-0.002201897,0.000000000,0.000000000,0.000000000,0.000000000,0.000000000,0.000000000,0.000000000,0.000000000,0.000000000,0.000000000,0.000000000,0.000000000,0.000000000,0.000000000,0.000000000,0.000000000,0.000000000,0.000000000,-0.054196805,0.026073456,0.051807880,0.077754974,0.001555085,-0.004847664,-0.053205840,0.027030935,0.026838011,0.020382852,0.002276116,-0.006613269
4.329381227,0.619161606,0.627982140,1.557589531,0.011313438,0.131348610,0.027803421,-0.020812988,-0.058900833,0.022155762,0.034240723,-0.053878784,0.011581421,0.619161606,0.627982140,1.557589531,0.011313438,0.131348610,0.027803421,-0.000019580,-16.537860870,6.888527870,1.224709868,-0.813548565,-0.002202483,-0.011154175,-16.531932831,6.899351120,1.268224716,-0.805157661,-0.002349854,-0.000019580,-16.537860870,6.888527870,1.224709868,-0.813548565,-0.002202483,0.000000000,0.000000000,0.000000000,0.000000000,0.000000000,0.000000000,0.000000000,0.000000000,0.000000000,0.000000000,0.000000000,0.000000000,0.000000000,0.000000000,0.000000000,0.000000000,0.000000000,0.000000000,-0.011134595,0.005928040,0.010823250,0.043514848,0.008390903,-0.000147370,-0.010143630,0.006885519,-0.014146620,-0.013857275,0.009111934,-0.001912976
4.339408875,0.619161606,0.627982140,1.557589531,0.011313438,0.130965233,0.027803421,-0.010070801,0.061950684,-0.026184082,-0.058410645,-0.039779663,-0.030715942,0.619161606,0.627982140,1.557589531,0.011313438,0.131348610,0.027803421,-0.000019580,-16.537860870,6.888527870,1.224709868,-0.813548565,-0.002202483,-0.009597778,-16.557567596,6.912839890,1.243320465,-0.815411568,0.001922607,-0.000019580,-16.537860870,6.888527870,1.224709868,-0.813548565,-0.002202483,0.000000000,0.000000000,0.000000000,0.000000000,0.000000000,0.000000000,0.000000000,0.000000000,0.000000000,0.000000000,0.000000000,0.000000000,0.000000000,0.000000000,0.000000000,0.000000000,0.000000000,0.000000000,-0.009578198,-0.019706726,0.024312019,0.018610597,-0.001863003,0.004125091,-0.008587234,-0.018749247,-0.000657850,-0.038761526,-0.001141972,0.002359485
4.349381208,0.619161606,0.627982140,1.557589531,0.011696815,0.131348610,0.027420044,0.094665527,0.060119629,-0.140323639,0.018127441,0.025680542,-0.009567261,0.618778229,0.627982140,1.557589531,0.011696815,0.131348610,0.027803421,-0.000019564,-16.538246155,6.888892651,1.225115061,-0.813775837,-0.002203064,0.029830933,-16.498970032,6.912839890,1.293645859,-0.838055611,0.013458252,-0.000019564,-16.538246155,6.888892651,1.225115061,-0.813775837,-0.002203064,0.000000000,0.000000000,0.000000000,0.000000000,0.000000000,0.000000000,0.000000000,0.000000000,0.000000000,0.000000000,0.000000000,0.000000000,0.000000000,0.000000000,0.000000000,0.000000000,0.000000000,0.000000000,0.029850497,0.039276123,0.023947239,0.068530798,-0.024279773,0.015661316,0.030841461,0.040233603,-0.001022631,0.011158676,-0.023558742,0.013895710
4.359381914,0.619161606,0.627982140,1.557589531,0.011313438,0.131348610,0.027803421,-0.063781738,0.099184036,-0.078552246,-0.003356934,0.057907104,0.016616821,0.619161606,0.627982140,1.557589531,0.011313438,0.131348610,0.027803421,-0.000019580,-16.537860870,6.888527870,1.224709868,-0.813548565,-0.002202483,0.002853394,-16.520942688,6.921140671,1.306615829,-0.818402290,0.004486084,-0.000019580,-16.537860870,6.888527870,1.224709868,-0.813548565,-0.002202483,0.000000000,0.000000000,0.000000000,0.000000000,0.000000000,0.000000000,0.000000000,0.000000000,0.000000000,0.000000000,0.000000000,0.000000000,0.000000000,0.000000000,0.000000000,0.000000000,0.000000000,0.000000000,0.002872974,0.016918182,0.032612801,0.081905961,-0.004853725,0.006688567,0.003863938,0.017875662,0.007642931,0.024533839,-0.004132695,0.004922962
4.369390965,0.619161606,0.627982140,1.557589531,0.011313438,0.131348610,0.027803421,0.074523926,-0.037536621,-0.023498535,0.093322754,0.039779663,-0.014602661,0.619161606,0.627982140,1.557589531,0.011313438,0.131348610,0.027803421,-0.000019580,-16.537860870,6.888527870,1.224709868,-0.813548565,-0.002202483,0.002334595,-16.531932831,6.928403854,1.249027252,-0.801739693,0.001068115,-0.000019580,-16.537860870,6.888527870,1.224709868,-0.813548565,-0.002202483,0.000000000,0.000000000,0.000000000,0.000000000,0.000000000,0.000000000,0.000000000,0.000000000,0.000000000,0.000000000,0.000000000,0.000000000,0.000000000,0.000000000,0.000000000,0.000000000,0.000000000,0.000000000,0.002354175,0.005928040,0.039875984,0.024317384,0.011808872,0.003270599,0.003345139,0.006885519,0.014906115,-0.033054738,0.012529903,0.001504993
4.379498243,0.619161606,0.627982140,1.557589531,0.011313438,0.131348610,0.027803421,-0.118839264,0.025939941,-0.057067871,0.094665527,0.019638062,0.005538940,0.619161606,0.627982140,1.557589531,0.011313438,0.131348610,0.027420044,-0.000019580,-16.537860870,6.888528347,1.224710464,-0.813548684,-0.002201897,-0.011672974,-16.561229706,6.928922653,1.284307480,-0.810284615,0.005767822,-0.000019580,-16.537860870,6.888528347,1.224710464,-0.813548684,-0.002201897,0.000000000,0.000000000,0.000000000,0.000000000,0.000000000,0.000000000,0.000000000,0.000000000,0.000000000,0.000000000,0.000000000,0.000000000,0.000000000,0.000000000,0.000000000,0.000000000,0.000000000,0.000000000,-0.011653394,-0.023368835,0.040394306,0.059597015,0.003264070,0.007969719,-0.010662429,-0.022411356,0.015424437,0.002224893,0.003985100,0.006204113
4.389380693,0.619161606,0.627982140,1.557589531,0.011313438,0.131348610,0.027803421,-0.113468170,-0.055849075,-0.071838379,-0.031555176,-0.014602661,0.027694702,0.619161606,0.627982140,1.557589531,0.011313438,0.131348610,0.027803421,-0.000019580,-16.537860870,6.888527870,1.224709868,-0.813548565,-0.002202483,0.059921265,-16.555736542,6.917509079,1.309728622,-0.814984322,-0.002349854,-0.000019580,-16.537860870,6.888527870,1.224709868,-0.813548565,-0.002202483,0.000000000,0.000000000,0.000000000,0.000000000,0.000000000,0.000000000,0.000000000,0.000000000,0.000000000,0.000000000,0.000000000,0.000000000,0.000000000,0.000000000,0.000000000,0.000000000,0.000000000,0.000000000,0.059940845,-0.017875671,0.028981209,0.085018754,-0.001435757,-0.000147370,0.060931809,-0.016918192,0.004011339,0.027646632,-0.000714726,-0.001912976
4.399406433,0.619161606,0.627982140,1.557589531,0.011313438,0.131348610,0.027420044,0.137634277,0.025329590,0.007385254,-0.042297363,0.062942505,-0.019638062,0.619161606,0.627598763,1.557589531,0.011313438,0.131348610,0.027803421,-0.000019576,-16.535097122,6.890546322,1.225115061,-0.813775837,-0.002203064,-0.008041382,-16.579540253,6.913358688,1.293127060,-0.811993599,0.007476807,-0.000019576,-16.535097122,6.890546322,1.225115061,-0.813775837,-0.002203064,0.000000000,0.000000000,0.000000000,0.000000000,0.000000000,0.000000000,0.000000000,0.000000000,0.000000000,0.000000000,0.000000000,0.000000000,0.000000000,0.000000000,0.000000000,0.000000000,0.000000000,0.000000000,-0.008021806,-0.044443130,0.022812366,0.068011999,0.001782238,0.009679871,-0.007030842,-0.043485651,-0.002157503,0.010639877,0.002503269,0.007914265
4.409379959,0.619161606,0.627982140,1.557589531,0.011313438,0.131348610,0.027420044,0.020812988,-0.077821732,0.063781738,-0.030212402,0.084091187,-0.017623901,0.619161606,0.627982140,1.557589531,0.011313438,0.131348610,0.027803421,-0.000019580,-16.537860870,6.888527870,1.224709868,-0.813548565,-0.002202483,0.000259399,-16.520942688,6.922697067,1.281713486,-0.802166939,-0.008331299,-0.000019580,-16.537860870,6.888527870,1.224709868,-0.813548565,-0.002202483,0.000000000,0.000000000,0.000000000,0.000000000,0.000000000,0.000000000,0.000000000,0.000000000,0.000000000,0.000000000,0.000000000,0.000000000,0.000000000,0.000000000,0.000000000,0.000000000,0.000000000,0.000000000,0.000278979,0.016918182,0.034169197,0.057003617,0.011381626,-0.006128815,0.001269944,0.017875662,0.009199327,-0.000368505,0.012102657,-0.007894421
4.419411421,0.619545937,0.627982140,1.557589531,0.011313438,0.131348610,0.027420044,0.132263184,0.045471191,-0.118839264,0.059753418,-0.011581421,0.004531860,0.619161606,0.627982140,1.557589531,0.011313438,0.131348610,0.027803421,-0.000019580,-16.537860870,6.888527870,1.224709868,-0.813548565,-0.002202483,0.008041382,-16.504463196,6.927885056,1.271337509,-0.802594185,0.010467529,-0.000019580,-16.537860870,6.888527870,1.224709868,-0.813548565,-0.002202483,0.000000000,0.000000000,0.000000000,0.000000000,0.000000000,0.000000000,0.000000000,0.000000000,0.000000000,0.000000000,0.000000000,0.000000000,0.000000000,0.000000000,0.000000000,0.000000000,0.000000000,0.000000000,0.008060962,0.033397675,0.039357185,0.046627641,0.010954380,0.012670013,0.009051926,0.034355154,0.014387316,-0.010744482,0.011675411,0.010904407
4.429384708,0.619161606,0.627982140,1.557589531,0.011313438,0.131348610,0.027420044,-0.051696777,0.055236816,-0.149723053,-0.062438965,-0.043807983,-0.058914185,0.618778229,0.627982140,1.557589531,0.011313438,0.131348610,0.027803421,-0.000019564,-16.537860870,6.888527870,1.224709868,-0.813548565,-0.002202483,-0.000778198,-16.583202362,6.905057907,1.272893906,-0.821393013,-0.008758545,-0.000019564,-16.537860870,6.888527870,1.224709868,-0.813548565,-0.002202483,0.000000000,0.000000000,0.000000000,0.000000000,0.000000000,0.000000000,0.000000000,0.000000000,0.000000000,0.000000000,0.000000000,0.000000000,0.000000000,0.000000000,0.000000000,0.000000000,0.000000000,0.000000000,-0.000758635,-0.045341492,0.016530037,0.048184037,-0.007844448,-0.006556062,0.000232330,-0.044384012,-0.008439833,-0.009188085,-0.007123417,-0.008321667
4.439438343,0.619161606,0.627982140,1.557589531,0.011313438,0.130965233,0.027803421,0.077209473,-0.083925247,0.078552246,-0.022155762,-0.021652222,0.030715942,0.619161606,0.627598763,1.557589531,0.011313438,0.131348610,0.027803421,-0.000019576,-16.535097122,6.890546322,1.225115061,-0.813775837,-0.002203064,0.011672974,-16.594188690,6.901426315,1.208042145,-0.791484833,0.007476807,-0.000019576,-16.535097122,6.890546322,1.225115061,-0.813775837,-0.002203064,0.000000000,0.000000000,0.000000000,0.000000000,0.000000000,0.000000000,0.000000000,0.000000000,0.000000000,0.000000000,0.000000000,0.000000000,0.000000000,0.000000000,0.000000000,0.000000000,0.000000000,0.000000000,0.011692549,-0.059091568,0.010879993,-0.017072916,0.022291005,0.009679871,0.012683514,-0.058134088,-0.014089876,-0.074445038,0.023012036,0.007914265
4.449392080,0.618778229,0.627598763,1.557589531,0.011313438,0.130965233,0.027420044,-0.177921295,-0.055238724,-0.059753418,-0.114810944,0.018630981,-0.013595581,0.618778229,0.627598763,1.557589531,0.011313438,0.131348610,0.027803421,-0.000019559,-16.535097122,6.890546322,1.225115061,-0.813775837,-0.002203064,0.026718140,-16.500801086,6.890531540,1.267705917,-0.807721138,0.018585205,-0.000019559,-16.535097122,6.890546322,1.225115061,-0.813775837,-0.002203064,0.000000000,0.000000000,0.000000000,0.000000000,0.000000000,0.000000000,0.000000000,0.000000000,0.000000000,0.000000000,0.000000000,0.000000000,0.000000000,0.000000000,0.000000000,0.000000000,0.000000000,0.000000000,0.026737699,0.034296036,-0.000014782,0.042590857,0.006054699,0.020788269,0.027728663,0.035253515,-0.024984652,-0.014781266,0.006775730,0.019022663
4.459413528,0.619161606,0.627982140,1.557589531,0.011313438,0.131348610,0.027420044,0.042297363,-0.105897903,-0.038269043,0.049011230,0.044815063,0.012588501,0.619161606,0.627982140,1.557589531,0.011313438,0.131348610,0.027420044,-0.000019580,-16.537860870,6.888528347,1.224710464,-0.813548684,-0.002201897,-0.002334595,-16.570384979,6.910245895,1.241245270,-0.840191841,0.024139404,-0.000019580,-16.537860870,6.888528347,1.224710464,-0.813548684,-0.002201897,0.000000000,0.000000000,0.000000000,0.000000000,0.000000000,0.000000000,0.000000000,0.000000000,0.000000000,0.000000000,0.000000000,0.000000000,0.000000000,0.000000000,0.000000000,0.000000000,0.000000000,0.000000000,-0.002315015,-0.032524109,0.021717548,0.016534805,-0.026643157,0.026341301,-0.001324050,-0.031566629,-0.003252321,-0.040837317,-0.025922126,0.024575695
4.469378710,0.618778229,0.627982140,1.557589531,0.011313438,0.131348610,0.027803421,-0.110782623,0.033874512,-0.002014160,0.062438965,0.082077026,0.034744263,0.619161606,0.627982140,1.557589531,0.011313438,0.131348610,0.027803421,-0.000019580,-16.537860870,6.888527870,1.224709868,-0.813548565,-0.002202483,0.011672974,-16.526439667,6.915952682,1.299871445,-0.806439400,-0.014312744,-0.000019580,-16.537860870,6.888527870,1.224709868,-0.813548565,-0.002202483,0.000000000,0.000000000,0.000000000,0.000000000,0.000000000,0.000000000,0.000000000,0.000000000,0.000000000,0.000000000,0.000000000,0.000000000,0.000000000,0.000000000,0.000000000,0.000000000,0.000000000,0.000000000,0.011692554,0.011421204,0.027424812,0.075161576,0.007109165,-0.012110261,0.012683518,0.012378683,0.002454943,0.017789454,0.007830196,-0.013875866
4.479382992,0.619161606,0.627982140,1.557589531,0.011313438,0.131348610,0.027803421,0.081237793,0.050964355,0.007385254,0.031555176,-0.076038361,-0.009567261,0.618778229,0.627982140,1.557589531,0.011313438,0.131348610,0.027420044,-0.000019564,-16.537860870,6.888528347,1.224710464,-0.813548684,-0.002201897,-0.008041382,-16.564891815,6.909208298,1.281194687,-0.830792427,-0.007904053,-0.000019564,-16.537860870,6.888528347,1.224710464,-0.813548684,-0.002201897,0.000000000,0.000000000,0.000000000,0.000000000,0.000000000,0.000000000,0.000000000,0.000000000,0.000000000,0.000000000,0.000000000,0.000000000,0.000000000,0.000000000,0.000000000,0.000000000,0.000000000,0.000000000,-0.008021818,-0.027030945,0.020679951,0.056484222,-0.017243743,-0.005702156,-0.007030854,-0.026073465,-0.004289919,-0.000887900,-0.016522712,-0.007467762
4.489411116,0.619161606,0.627982140,1.557589531,0.011313438,0.130965233,0.027420044,0.010070801,0.154115677,-0.020812988,-0.023498535,-0.076038361,0.002517700,0.619161606,0.627982140,1.557589531,0.011313438,0.130965233,0.027803421,-0.000019580,-16.538076401,6.888732433,1.224937201,-0.813589752,-0.002202593,-0.002334595,-16.555736542,6.914915085,1.295721054,-0.807721138,0.001068115,-0.000019580,-16.538076401,6.888732433,1.224937201,-0.813589752,-0.002202593,0.000000000,0.000000000,0.000000000,0.000000000,0.000000000,0.000000000,0.000000000,0.000000000,0.000000000,0.000000000,0.000000000,0.000000000,0.000000000,0.000000000,0.000000000,0.000000000,0.000000000,0.000000000,-0.002315014,-0.017660141,0.026182652,0.070783854,0.005868614,0.003270708,-0.001324050,-0.016702661,0.001212782,0.013411731,0.006589645,0.001505102
4.499414682,0.619161606,0.627982140,1.557589531,0.011313438,0.131348610,0.027803421,0.031555176,-0.014953613,0.011413574,0.128234863,0.031723022,0.060928345,0.619161606,0.627982140,1.557972908,0.011313438,0.131348610,0.027420044,-0.000019584,-16.539991379,6.890546799,1.225115657,-0.813775957,-0.002202478,0.002334595,-16.506294250,6.929960251,1.265111923,-0.797039986,-0.009185791,-0.000019584,-16.539991379,6.890546799,1.225115657,-0.813775957,-0.002202478,0.000000000,0.000000000,0.000000000,0.000000000,0.000000000,0.000000000,0.000000000,0.000000000,0.000000000,0.000000000,0.000000000,0.000000000,0.000000000,0.000000000,0.000000000,0.000000000,0.000000000,0.000000000,0.002354178,0.033697128,0.039413452,0.039996266,0.016735971,-0.006983313,0.003345143,0.034654608,0.014443583,-0.017375856,0.017457002,-0.008748919
4.509380341,0.619161606,0.627982140,1.557589531,0.011313438,0.131348610,0.027803421,0.016784668,0.049133301,-0.022155762,0.079895020,0.010574341,0.036758423,0.619161606,0.627982140,1.557589531,0.011313438,0.131348610,0.027803421,-0.000019580,-16.537860870,6.888527870,1.224709868,-0.813548565,-0.002202483,0.008560181,-16.564891815,6.905576706,1.288976669,-0.809857368,0.001922607,-0.000019580,-16.537860870,6.888527870,1.224709868,-0.813548565,-0.002202483,0.000000000,0.000000000,0.000000000,0.000000000,0.000000000,0.000000000,0.000000000,0.000000000,0.000000000,0.000000000,0.000000000,0.000000000,0.000000000,0.000000000,0.000000000,0.000000000,0.000000000,0.000000000,0.008579761,-0.027030945,0.017048836,0.064266801,0.003691196,0.004125091,0.009570725,-0.026073465,-0.007921034,0.006894679,0.004412227,0.002359485
4.519408941,0.619161606,0.627982140,1.557589531,0.011313438,0.130965233,0.027803421,0.015441895,0.119325638,-0.191349030,-0.039611816,0.010574341,-0.062942505,0.619161606,0.627982140,1.557589531,0.011313438,0.131348610,0.027803421,-0.000019580,-16.537860870,6.888527870,1.224709868,-0.813548565,-0.002202483,-0.019454956,-16.608837128,6.917509079,1.235538483,-0.806439400,0.004913330,-0.000019580,-16.537860870,6.888527870,1.224709868,-0.813548565,-0.002202483,0.000000000,0.000000000,0.000000000,0.000000000,0.000000000,0.000000000,0.000000000,0.000000000,0.000000000,0.000000000,0.000000000,0.000000000,0.000000000,0.000000000,0.000000000,0.000000000,0.000000000,0.000000000,-0.019435376,-0.070976257,0.028981209,0.010828614,0.007109165,0.007115813,-0.018444412,-0.070018778,0.004011339,-0.046543508,0.007830196,0.005350208
4.529410362,0.619161606,0.627982140,1.557589531,0.011313438,0.130965233,0.027803421,-0.046325684,-0.044252396,0.002014160,0.241031647,-0.018630981,-0.029708862,0.619161606,0.627982140,1.557589531,0.011313438,0.131348610,0.027803421,-0.000019580,-16.537860870,6.888527870,1.224709868,-0.813548565,-0.002202483,0.030868530,-16.572216034,6.904020309,1.213748932,-0.820965767,0.013458252,-0.000019580,-16.537860870,6.888527870,1.224709868,-0.813548565,-0.002202483,0.000000000,0.000000000,0.000000000,0.000000000,0.000000000,0.000000000,0.000000000,0.000000000,0.000000000,0.000000000,0.000000000,0.000000000,0.000000000,0.000000000,0.000000000,0.000000000,0.000000000,0.000000000,0.030888110,-0.034355164,0.015492439,-0.010960937,-0.007417202,0.015660735,0.031879075,-0.033397684,-0.009477430,-0.068333059,-0.006696171,0.013895130
4.539442062,0.619161606,0.627982140,1.557589531,0.011313438,0.131348610,0.027420044,0.006042480,-0.082094193,0.038269043,-0.032897949,0.059921265,-0.035751343,0.619161606,0.627982140,1.557589531,0.011313438,0.131348610,0.027803421,-0.000019580,-16.537860870,6.888527870,1.224709868,-0.813548565,-0.002202483,-0.027755737,-16.586864471,6.905576706,1.274450302,-0.814129829,-0.018157959,-0.000019580,-16.537860870,6.888527870,1.224709868,-0.813548565,-0.002202483,0.000000000,0.000000000,0.000000000,0.000000000,0.000000000,0.000000000,0.000000000,0.000000000,0.000000000,0.000000000,0.000000000,0.000000000,0.000000000,0.000000000,0.000000000,0.000000000,0.000000000,0.000000000,-0.027736157,-0.049003601,0.017048836,0.049740434,-0.000581264,-0.015955476,-0.026745193,-0.048046122,-0.007921034,-0.007631689,0.000139766,-0.017721081
4.549382925,0.619161606,0.627982140,1.557589531,0.011313438,0.131348610,0.027803421,0.057067871,0.055236816,0.051696777,-0.187320709,0.020645142,-0.033737183,0.619161606,0.627982140,1.557589531,0.011313438,0.131348610,0.027420044,-0.000019580,-16.537860870,6.888528347,1.224710464,-0.813548684,-0.002201897,0.019454956,-16.513618469,6.922697067,1.288976669,-0.832501411,0.010040283,-0.000019580,-16.537860870,6.888528347,1.224710464,-0.813548684,-0.002201897,0.000000000,0.000000000,0.000000000,0.000000000,0.000000000,0.000000000,0.000000000,0.000000000,0.000000000,0.000000000,0.000000000,0.000000000,0.000000000,0.000000000,0.000000000,0.000000000,0.000000000,0.000000000,0.019474536,0.024242401,0.034168720,0.064266205,-0.018952727,0.012242180,0.020465501,0.025199881,0.009198851,0.006894083,-0.018231696,0.010476574
4.559410334,0.619161606,0.627982140,1.557589531,0.011313438,0.131348610,0.027420044,0.096008301,-0.014343262,0.222232819,-0.011413574,-0.071002960,0.006546021,0.619161606,0.627982140,1.557589531,0.011313438,0.130965233,0.027803421,-0.000019580,-16.538076401,6.888732433,1.224937201,-0.813589752,-0.002202593,-0.027236938,-16.583202362,6.931516647,1.242282867,-0.816693306,0.016876221,-0.000019580,-16.538076401,6.888732433,1.224937201,-0.813589752,-0.002202593,0.000000000,0.000000000,0.000000000,0.000000000,0.000000000,0.000000000,0.000000000,0.000000000,0.000000000,0.000000000,0.000000000,0.000000000,0.000000000,0.000000000,0.000000000,0.000000000,0.000000000,0.000000000,-0.027217358,-0.045125961,0.042784214,0.017345667,-0.003103554,0.019078813,-0.026226394,-0.044168482,0.017814344,-0.040026455,-0.002382523,0.017313208
4.569380999,0.619161606,0.627982140,1.557589531,0.011313438,0.131348610,0.027803421,0.016784668,-0.113832474,0.039611816,-0.061096191,0.000503540,-0.030715942,0.619161606,0.627982140,1.557589531,0.011313438,0.131348610,0.027420044,-0.000019580,-16.537860870,6.888528347,1.224710464,-0.813548684,-0.002201897,-0.042284012,-16.546581268,6.921140671,1.288457870,-0.797467232,0.004058838,-0.000019580,-16.537860870,6.888528347,1.224710464,-0.813548684,-0.002201897,0.000000000,0.000000000,0.000000000,0.000000000,0.000000000,0.000000000,0.000000000,0.000000000,0.000000000,0.000000000,0.000000000,0.000000000,0.000000000,0.000000000,0.000000000,0.000000000,0.000000000,0.000000000,-0.042264432,-0.008720398,0.032612324,0.063747406,0.016081452,0.006260735,-0.041273467,-0.007762918,0.007642454,0.006375284,0.016802483,0.004495129
4.579409838,0.618778229,0.627982140,1.557589531,0.011313438,0.131348610,0.027420044,-0.110782623,-0.008850098,-0.036926270,-0.016784668,0.024673462,-0.012588501,0.619161606,0.627982140,1.557589531,0.011313438,0.131348610,0.027803421,-0.000019580,-16.537860870,6.888527870,1.224709868,-0.813548565,-0.002202483,-0.008041382,-16.586864471,6.925809860,1.231906891,-0.826519966,-0.007476807,-0.000019580,-16.537860870,6.888527870,1.224709868,-0.813548565,-0.002202483,0.000000000,0.000000000,0.000000000,0.000000000,0.000000000,0.000000000,0.000000000,0.000000000,0.000000000,0.000000000,0.000000000,0.000000000,0.000000000,0.000000000,0.000000000,0.000000000,0.000000000,0.000000000,-0.008021802,-0.049003601,0.037281990,0.007197022,-0.012971401,-0.005274323,-0.007030837,-0.048046122,0.012312120,-0.050175100,-0.012250370,-0.007039929
4.589380503,0.619161606,0.627982140,1.557589531,0.011313438,0.131348610,0.027803421,0.071838379,0.068664551,-0.098697662,-0.061096191,-0.036758423,-0.021652222,0.619161606,0.627982140,1.557589531,0.011313438,0.131348610,0.027420044,-0.000019580,-16.537860870,6.888528347,1.224710464,-0.813548684,-0.002201897,0.051620483,-16.520942688,6.893125534,1.294164658,-0.823956490,-0.000213623,-0.000019580,-16.537860870,6.888528347,1.224710464,-0.813548684,-0.002201897,0.000000000,0.000000000,0.000000000,0.000000000,0.000000000,0.000000000,0.000000000,0.000000000,0.000000000,0.000000000,0.000000000,0.000000000,0.000000000,0.000000000,0.000000000,0.000000000,0.000000000,0.000000000,0.051640063,0.016918182,0.004597187,0.069454193,-0.010407805,0.001988274,0.052631028,0.017875662,-0.020372683,0.012082071,-0.009686775,0.000222668
4.599446535,0.619161606,0.627982140,1.557589531,0.011313438,0.131348610,0.027420044,-0.054382324,-0.026550293,0.070495605,-0.039611816,0.002517700,-0.019638062,0.619161606,0.627982140,1.557589531,0.011313438,0.131348610,0.027803421,-0.000019580,-16.537860870,6.888527870,1.224709868,-0.813548565,-0.002202483,0.002334595,-16.563060760,6.910245895,1.330480576,-0.801739693,-0.004913330,-0.000019580,-16.537860870,6.888527870,1.224709868,-0.813548565,-0.002202483,0.000000000,0.000000000,0.000000000,0.000000000,0.000000000,0.000000000,0.000000000,0.000000000,0.000000000,0.000000000,0.000000000,0.000000000,0.000000000,0.000000000,0.000000000,0.000000000,0.000000000,0.000000000,0.002354175,-0.025199890,0.021718025,0.105770707,0.011808872,-0.002710847,0.003345139,-0.024242411,-0.003251844,0.048398585,0.012529903,-0.004476452
4.609401703,0.618778229,0.627982140,1.557589531,0.011313438,0.131348610,0.027803421,-0.136295319,-0.006408691,-0.063781738,0.003356934,-0.037765503,-0.036758423,0.619161606,0.627982140,1.557589531,0.011313438,0.131348610,0.027420044,-0.000019580,-16.537860870,6.888528347,1.224710464,-0.813548684,-0.002201897,0.005447388,-16.537425995,6.914396286,1.290014267,-0.816693306,-0.004913330,-0.000019580,-16.537860870,6.888528347,1.224710464,-0.813548684,-0.002201897,0.000000000,0.000000000,0.000000000,0.000000000,0.000000000,0.000000000,0.000000000,0.000000000,0.000000000,0.000000000,0.000000000,0.000000000,0.000000000,0.000000000,0.000000000,0.000000000,0.000000000,0.000000000,0.005466968,0.000434875,0.025867939,0.065303802,-0.003144622,-0.002711433,0.006457932,0.001392355,0.000898069,0.007931680,-0.002423591,-0.004477039
4.619382381,0.619161606,0.627982140,1.557589531,0.011313438,0.131348610,0.027803421,0.089294434,-0.087587357,-0.030212402,0.043640137,-0.012588501,0.069992065,0.619161606,0.627982140,1.557589531,0.011313438,0.131348610,0.027420044,-0.000019580,-16.537860870,6.888528347,1.224710464,-0.813548684,-0.002201897,0.025161743,-16.579540253,6.900907516,1.355901718,-0.795758247,-0.002777100,-0.000019580,-16.537860870,6.888528347,1.224710464,-0.813548684,-0.002201897,0.000000000,0.000000000,0.000000000,0.000000000,0.000000000,0.000000000,0.000000000,0.000000000,0.000000000,0.000000000,0.000000000,0.000000000,0.000000000,0.000000000,0.000000000,0.000000000,0.000000000,0.000000000,0.025181323,-0.041679382,0.012379169,0.131191254,0.017790437,-0.000575203,0.026172288,-0.040721903,-0.012590700,0.073819131,0.018511468,-0.002340808
4.629384041,0.619161606,0.627982140,1.557589531,0.011313438,0.131348610,0.027420044,0.116149902,0.156557083,0.035583496,-0.022155762,0.004531860,-0.012588501,0.619161606,0.627982140,1.557972908,0.011313438,0.131348610,0.027420044,-0.000019584,-16.539991379,6.890546799,1.225115657,-0.813775957,-0.002202478,-0.016342163,-16.563060760,6.915952682,1.264593124,-0.793622017,0.014739990,-0.000019584,-16.539991379,6.890546799,1.225115657,-0.813775957,-0.002202478,0.000000000,0.000000000,0.000000000,0.000000000,0.000000000,0.000000000,0.000000000,0.000000000,0.000000000,0.000000000,0.000000000,0.000000000,0.000000000,0.000000000,0.000000000,0.000000000,0.000000000,0.000000000,-0.016322580,-0.023069382,0.025405884,0.039477468,0.020153940,0.016942468,-0.015331615,-0.022111902,0.000436014,-0.017894655,0.020874971,0.015176863
4.639413834,0.619161606,0.627982140,1.557589531,0.011313438,0.131348610,0.027803421,0.149719238,0.044250488,0.077209473,-0.147037506,-0.004531860,-0.002517700,0.619161606,0.627982140,1.557589531,0.011313438,0.131348610,0.027803421,-0.000019580,-16.537860870,6.888527870,1.224709868,-0.813548565,-0.002202483,0.014266968,-16.519111633,6.913358688,1.311803818,-0.790203094,-0.011749268,-0.000019580,-16.537860870,6.888527870,1.224709868,-0.813548565,-0.002202483,0.000000000,0.000000000,0.000000000,0.000000000,0.000000000,0.000000000,0.000000000,0.000000000,0.000000000,0.000000000,0.000000000,0.000000000,0.000000000,0.000000000,0.000000000,0.000000000,0.000000000,0.000000000,0.014286548,0.018749237,0.024830818,0.087093949,0.023345470,-0.009546784,0.015277512,0.019706717,-0.000139051,0.029721827,0.024066501,-0.011312390
4.649379969,0.619161606,0.627982140,1.557589531,0.011313438,0.131348610,0.027420044,-0.039611816,-0.092470169,-0.101383209,0.036926270,0.020645142,-0.096179962,0.618778229,0.627982140,1.557589531,0.011313438,0.131348610,0.027803421,-0.000019564,-16.537860870,6.888527870,1.224709868,-0.813548565,-0.002202483,0.003372192,-16.548412323,6.904539108,1.293645859,-0.843609810,0.011322021,-0.000019564,-16.537860870,6.888527870,1.224709868,-0.813548565,-0.002202483,0.000000000,0.000000000,0.000000000,0.000000000,0.000000000,0.000000000,0.000000000,0.000000000,0.000000000,0.000000000,0.000000000,0.000000000,0.000000000,0.000000000,0.000000000,0.000000000,0.000000000,0.000000000,0.003391756,-0.010551453,0.016011238,0.068935990,-0.030061245,0.013524505,0.004382720,-0.009593973,-0.008958631,0.011563868,-0.029340214,0.011758899
4.659379721,0.619161606,0.627982140,1.557589531,0.011313438,0.131348610,0.027803421,0.015441895,-0.075990677,-0.069152832,-0.059753418,-0.005538940,0.033737183,0.619161606,0.627982140,1.557972908,0.011313438,0.131348610,0.027803421,-0.000019584,-16.539991379,6.890546322,1.225115061,-0.813775837,-0.002203064,0.000259399,-16.542919159,6.922178268,1.238132477,-0.815838814,-0.000640869,-0.000019584,-16.539991379,6.890546322,1.225115061,-0.813775837,-0.002203064,0.000000000,0.000000000,0.000000000,0.000000000,0.000000000,0.000000000,0.000000000,0.000000000,0.000000000,0.000000000,0.000000000,0.000000000,0.000000000,0.000000000,0.000000000,0.000000000,0.000000000,0.000000000,0.000278983,-0.002927780,0.031631947,0.013017416,-0.002062976,0.001562195,0.001269947,-0.001970301,0.006662077,-0.044354706,-0.001341945,-0.000203411
4.669414520,0.619161606,0.627982140,1.557589531,0.011313438,0.131348610,0.027420044,0.053039551,-0.020446777,0.010070801,0.028869629,0.029708862,-0.084095001,0.619161606,0.627982140,1.557589531,0.011313438,0.131348610,0.027420044,-0.000019580,-16.537860870,6.888528347,1.224710464,-0.813548684,-0.002201897,0.001815796,-16.546581268,6.892087936,1.292089462,-0.827801704,0.004058838,-0.000019580,-16.537860870,6.888528347,1.224710464,-0.813548684,-0.002201897,0.000000000,0.000000000,0.000000000,0.000000000,0.000000000,0.000000000,0.000000000,0.000000000,0.000000000,0.000000000,0.000000000,0.000000000,0.000000000,0.000000000,0.000000000,0.000000000,0.000000000,0.000000000,0.001835376,-0.008720398,0.003559589,0.067378998,-0.014253020,0.006260735,0.002826340,-0.007762918,-0.021410280,0.010006876,-0.013531989,0.004495129
4.679386854,0.619161606,0.627982140,1.557589531,0.011313438,0.131348610,0.027803421,0.160461426,0.005798340,-0.069152832,0.044982910,0.086105347,0.016616821,0.619161606,0.627982140,1.557589531,0.011313438,0.131348610,0.027803421,-0.000019580,-16.537860870,6.888527870,1.224709868,-0.813548565,-0.002202483,0.001815796,-16.552074432,6.904539108,1.300390244,-0.840619087,-0.003631592,-0.000019580,-16.537860870,6.888527870,1.224709868,-0.813548565,-0.002202483,0.000000000,0.000000000,0.000000000,0.000000000,0.000000000,0.000000000,0.000000000,0.000000000,0.000000000,0.000000000,0.000000000,0.000000000,0.000000000,0.000000000,0.000000000,0.000000000,0.000000000,0.000000000,0.001835376,-0.014213562,0.016011238,0.075680375,-0.027070522,-0.001429108,0.002826340,-0.013256082,-0.008958631,0.018308253,-0.026349491,-0.003194714
4.689382553,0.619161606,0.627982140,1.557589531,0.011313438,0.131348610,0.027420044,0.020812988,0.113222122,-0.024841309,0.075866699,0.023666382,-0.026687622,0.619161606,0.627598763,1.557589531,0.011313438,0.131348610,0.027803421,-0.000019576,-16.535097122,6.890546322,1.225115061,-0.813775837,-0.002203064,0.050582886,-16.524608612,6.905057907,1.342931747,-0.820111275,0.027984619,-0.000019576,-16.535097122,6.890546322,1.225115061,-0.813775837,-0.002203064,0.000000000,0.000000000,0.000000000,0.000000000,0.000000000,0.000000000,0.000000000,0.000000000,0.000000000,0.000000000,0.000000000,0.000000000,0.000000000,0.000000000,0.000000000,0.000000000,0.000000000,0.000000000,0.050602461,0.010488510,0.014511585,0.117816687,-0.006335437,0.030187683,0.051593426,0.011445990,-0.010458284,0.060444564,-0.005614406,0.028422078
4.699380875,0.619161606,0.627982140,1.557589531,0.011313438,0.131348610,0.027803421,-0.074523926,0.008239746,-0.027526855,0.031555176,-0.014602661,0.028701782,0.619161606,0.627982140,1.557589531,0.011313438,0.130965233,0.027420044,-0.000019580,-16.538078308,6.888732910,1.224937797,-0.813589871,-0.002202006,-0.010635376,-16.528270721,6.909208298,1.274969101,-0.866254807,-0.012176514,-0.000019580,-16.538078308,6.888732910,1.224937797,-0.813589871,-0.002202006,0.000000000,0.000000000,0.000000000,0.000000000,0.000000000,0.000000000,0.000000000,0.000000000,0.000000000,0.000000000,0.000000000,0.000000000,0.000000000,0.000000000,0.000000000,0.000000000,0.000000000,0.000000000,-0.010615796,0.009807587,0.020475388,0.050031304,-0.052664936,-0.009974508,-0.009624831,0.010765066,-0.004494482,-0.007340818,-0.051943905,-0.011740113
4.709378481,0.619161606,0.627982140,1.557589531,0.011313438,0.131348610,0.027420044,0.120178223,0.001525879,0.165832520,-0.003356934,0.000503540,0.019638062,0.619161606,0.627982140,1.557589531,0.011313438,0.131348610,0.027803421,-0.000019580,-16.537860870,6.888527870,1.224709868,-0.813548565,-0.002202483,0.006484985,-16.515449524,6.905057907,1.291570663,-0.808148384,-0.003631592,-0.000019580,-16.537860870,6.888527870,1.224709868,-0.813548565,-0.002202483,0.000000000,0.000000000,0.000000000,0.000000000,0.000000000,0.000000000,0.000000000,0.000000000,0.000000000,0.000000000,0.000000000,0.000000000,0.000000000,0.000000000,0.000000000,0.000000000,0.000000000,0.000000000,0.006504565,0.022411346,0.016530037,0.066860795,0.005400181,-0.001429108,0.007495530,0.023368826,-0.008439833,0.009488673,0.006121212,-0.003194714
4.719377756,0.619161606,0.627982140,1.557589531,0.011313438,0.131348610,0.027803421,-0.082580566,-0.039369583,-0.008728027,0.026184082,-0.013595581,0.018630981,0.619161606,0.627982140,1.557206154,0.011313438,0.131348610,0.027803421,-0.000019577,-16.535730362,6.886508465,1.224304318,-0.813321173,-0.002201902,0.004928589,-16.557567596,6.935667038,1.249027252,-0.795331001,0.004058838,-0.000019577,-16.535730362,6.886508465,1.224304318,-0.813321173,-0.002201902,0.000000000,0.000000000,0.000000000,0.000000000,0.000000000,0.000000000,0.000000000,0.000000000,0.000000000,0.000000000,0.000000000,0.000000000,0.000000000,0.000000000,0.000000000,0.000000000,0.000000000,0.000000000,0.004948165,-0.021837234,0.049158573,0.024722934,0.017990172,0.006260740,0.005939130,-0.020879755,0.024188704,-0.032649188,0.018711203,0.004495134
4.729377747,0.619161606,0.627982140,1.557589531,0.011313438,0.131348610,0.027420044,-0.140323639,-0.060121536,0.083923340,0.024841309,-0.010574341,0.032730103,0.619161606,0.627982140,1.557589531,0.011313438,0.131348610,0.027803421,-0.000019580,-16.537860870,6.888527870,1.224709868,-0.813548565,-0.002202483,0.012191772,-16.550243378,6.897275925,1.275487900,-0.805584908,-0.018585205,-0.000019580,-16.537860870,6.888527870,1.224709868,-0.813548565,-0.002202483,0.000000000,0.000000000,0.000000000,0.000000000,0.000000000,0.000000000,0.000000000,0.000000000,0.000000000,0.000000000,0.000000000,0.000000000,0.000000000,0.000000000,0.000000000,0.000000000,0.000000000,0.000000000,0.012211353,-0.012382507,0.008748055,0.050778031,0.007963657,-0.016382722,0.013202317,-0.011425028,-0.016221815,-0.006594091,0.008684688,-0.018148327
4.739411592,0.619161606,0.627982140,1.557206154,0.011313438,0.131348610,0.027420044,-0.083923340,0.030212402,-0.039611816,0.015441895,0.023666382,-0.031723022,0.619161606,0.627982140,1.557589531,0.011313438,0.131348610,0.027420044,-0.000019580,-16.537860870,6.888528347,1.224710464,-0.813548684,-0.002201897,-0.012191772,-16.570384979,6.895719528,1.290533066,-0.811139107,0.022003174,-0.000019580,-16.537860870,6.888528347,1.224710464,-0.813548684,-0.002201897,0.000000000,0.000000000,0.000000000,0.000000000,0.000000000,0.000000000,0.000000000,0.000000000,0.000000000,0.000000000,0.000000000,0.000000000,0.000000000,0.000000000,0.000000000,0.000000000,0.000000000,0.000000000,-0.012172192,-0.032524109,0.007191181,0.065822601,0.002409577,0.024205071,-0.011181228,-0.031566629,-0.017778688,0.008450479,0.003130608,0.022439465
4.749411821,0.619161606,0.627982140,1.557589531,0.011313438,0.131348610,0.027803421,-0.051696777,0.022888184,0.071838379,0.145690918,-0.042800903,0.028701782,0.619161606,0.627982140,1.557589531,0.011313438,0.131348610,0.027803421,-0.000019580,-16.537860870,6.888527870,1.224709868,-0.813548565,-0.002202483,-0.031387329,-16.497138977,6.929960251,1.294683456,-0.820965767,-0.000213623,-0.000019580,-16.537860870,6.888527870,1.224709868,-0.813548565,-0.002202483,0.000000000,0.000000000,0.000000000,0.000000000,0.000000000,0.000000000,0.000000000,0.000000000,0.000000000,0.000000000,0.000000000,0.000000000,0.000000000,0.000000000,0.000000000,0.000000000,0.000000000,0.000000000,-0.031367749,0.040721893,0.041432381,0.069973588,-0.007417202,0.001988860,-0.030376785,0.041679373,0.016462511,0.012601466,-0.006696171,0.000223255
4.759380817,0.619161606,0.627982140,1.557589531,0.011313438,0.131348610,0.027803421,0.024841309,-0.068056107,-0.251773834,0.109436035,-0.025680542,-0.012588501,0.618778229,0.627982140,1.557589531,0.011313438,0.131348610,0.027803421,-0.000019564,-16.537860870,6.888527870,1.224709868,-0.813548565,-0.002202483,-0.011672974,-16.539257050,6.895719528,1.269781113,-0.819256783,-0.014312744,-0.000019564,-16.537860870,6.888527870,1.224709868,-0.813548565,-0.002202483,0.000000000,0.000000000,0.000000000,0.000000000,0.000000000,0.000000000,0.000000000,0.000000000,0.000000000,0.000000000,0.000000000,0.000000000,0.000000000,0.000000000,0.000000000,0.000000000,0.000000000,0.000000000,-0.011653410,-0.001396179,0.007191658,0.045071244,-0.005708218,-0.012110261,-0.010662446,-0.000438700,-0.017778212,-0.012300878,-0.004987187,-0.013875866
4.769379616,0.619161606,0.627982140,1.557589531,0.011313438,0.131348610,0.027803421,0.004699707,0.015563965,0.038269043,-0.006042480,-0.069995880,0.025680542,0.619161606,0.627982140,1.557589531,0.011313438,0.131348610,0.027420044,-0.000019580,-16.537860870,6.888528347,1.224710464,-0.813548684,-0.002201897,-0.002853394,-16.522773743,6.922178268,1.263555527,-0.804730415,-0.003204346,-0.000019580,-16.537860870,6.888528347,1.224710464,-0.813548684,-0.002201897,0.000000000,0.000000000,0.000000000,0.000000000,0.000000000,0.000000000,0.000000000,0.000000000,0.000000000,0.000000000,0.000000000,0.000000000,0.000000000,0.000000000,0.000000000,0.000000000,0.000000000,0.000000000,-0.002833814,0.015087128,0.033649921,0.038845062,0.008818269,-0.001002449,-0.001842849,0.016044607,0.008680052,-0.018527060,0.009539300,-0.002768055
4.779441357,0.618778229,0.627982140,1.557589531,0.011313438,0.131348610,0.027803421,-0.086612701,0.088808060,0.096008301,-0.128238678,-0.021652222,0.020645142,0.619161606,0.627982140,1.557589531,0.011313438,0.131348610,0.027420044,-0.000019580,-16.537860870,6.888528347,1.224710464,-0.813548684,-0.002201897,-0.029830933,-16.559398651,6.903501511,1.264593124,-0.814984322,0.011322021,-0.000019580,-16.537860870,6.888528347,1.224710464,-0.813548684,-0.002201897,0.000000000,0.000000000,0.000000000,0.000000000,0.000000000,0.000000000,0.000000000,0.000000000,0.000000000,0.000000000,0.000000000,0.000000000,0.000000000,0.000000000,0.000000000,0.000000000,0.000000000,0.000000000,-0.029811353,-0.021537781,0.014973164,0.039882660,-0.001435637,0.013523918,-0.028820388,-0.020580301,-0.009996706,-0.017489462,-0.000714607,0.011758313
4.789420605,0.619161606,0.627982140,1.557589531,0.011313438,0.131348610,0.027803421,0.034240723,-0.066225052,-0.059753418,-0.036926270,0.010574341,0.019638062,0.619161606,0.627598763,1.557589531,0.011313438,0.131348610,0.027803421,-0.000019576,-16.535097122,6.890546322,1.225115061,-0.813775837,-0.002203064,-0.004928589,-16.577709198,6.910245895,1.236057281,-0.817547798,-0.013885498,-0.000019576,-16.535097122,6.890546322,1.225115061,-0.813775837,-0.002203064,0.000000000,0.000000000,0.000000000,0.000000000,0.000000000,0.000000000,0.000000000,0.000000000,0.000000000,0.000000000,0.000000000,0.000000000,0.000000000,0.000000000,0.000000000,0.000000000,0.000000000,0.000000000,-0.004909013,-0.042612076,0.019699574,0.010942221,-0.003771961,-0.011682434,-0.003918049,-0.041654596,-0.005270296,-0.046429902,-0.003050930,-0.013448040
4.799386978,0.619161606,0.627982140,1.557589531,0.011313438,0.131348610,0.027803421,-0.027526855,0.030822754,0.160461426,-0.087955475,-0.052871704,-0.006546021,0.619161606,0.627982140,1.557589531,0.011313438,0.131348610,0.027803421,-0.000019580,-16.537860870,6.888527870,1.224709868,-0.813548565,-0.002202483,0.012710571,-16.583202362,6.905576706,1.279119492,-0.791057587,0.005340576,-0.000019580,-16.537860870,6.888527870,1.224709868,-0.813548565,-0.002202483,0.000000000,0.000000000,0.000000000,0.000000000,0.000000000,0.000000000,0.000000000,0.000000000,0.000000000,0.000000000,0.000000000,0.000000000,0.000000000,0.000000000,0.000000000,0.000000000,0.000000000,0.000000000,0.012730151,-0.045341492,0.017048836,0.054409623,0.022490978,0.007543060,0.013721116,-0.044384012,-0.007921034,-0.002962499,0.023212009,0.005777454
4.809381723,0.619161606,0.627982140,1.557589531,0.011313438,0.131348610,0.027803421,-0.011413574,-0.022277832,-0.019470215,0.062438965,0.005538940,0.048843384,0.619161606,0.627982140,1.557589531,0.011313438,0.131348610,0.027420044,-0.000019580,-16.537860870,6.888528347,1.224710464,-0.813548684,-0.002201897,-0.002334595,-16.550243378,6.920621872,1.240207672,-0.826519966,0.006195068,-0.000019580,-16.537860870,6.888528347,1.224710464,-0.813548684,-0.002201897,0.000000000,0.000000000,0.000000000,0.000000000,0.000000000,0.000000000,0.000000000,0.000000000,0.000000000,0.000000000,0.000000000,0.000000000,0.000000000,0.000000000,0.000000000,0.000000000,0.000000000,0.000000000,-0.002315015,-0.012382507,0.032093525,0.015497208,-0.012971282,0.008396965,-0.001324050,-0.011425028,0.007123655,-0.041874915,-0.012250251,0.006631360
4.819412947,0.619161606,0.627982140,1.557589531,0.011313438,0.131348610,0.027803421,-0.074523926,-0.032653809,-0.030212402,0.026184082,0.014602661,0.042800903,0.619161606,0.627982140,1.557589531,0.011313438,0.130965233,0.027803421,-0.000019580,-16.538076401,6.888732433,1.224937201,-0.813589752,-0.002202593,-0.011154175,-16.559398651,6.904020309,1.282751083,-0.803448677,0.003204346,-0.000019580,-16.538076401,6.888732433,1.224937201,-0.813589752,-0.002202593,0.000000000,0.000000000,0.000000000,0.000000000,0.000000000,0.000000000,0.000000000,0.000000000,0.000000000,0.000000000,0.000000000,0.000000000,0.000000000,0.000000000,0.000000000,0.000000000,0.000000000,0.000000000,-0.011134595,-0.021322250,0.015287876,0.057813883,0.010141075,0.005406938,-0.010143630,-0.020364771,-0.009681993,0.000441761,0.010862106,0.003641333
4.829385996,0.618778229,0.627982140,1.557589531,0.011313438,0.131348610,0.027803421,-0.019470215,-0.006408691,-0.020812988,0.024841309,-0.039779663,0.043807983,0.619161606,0.627982140,1.557589531,0.011313438,0.131348610,0.027420044,-0.000019580,-16.537860870,6.888528347,1.224710464,-0.813548684,-0.002201897,0.007003784,-16.522773743,6.913358688,1.260959625,-0.810284615,0.001495361,-0.000019580,-16.537860870,6.888528347,1.224710464,-0.813548684,-0.002201897,0.000000000,0.000000000,0.000000000,0.000000000,0.000000000,0.000000000,0.000000000,0.000000000,0.000000000,0.000000000,0.000000000,0.000000000,0.000000000,0.000000000,0.000000000,0.000000000,0.000000000,0.000000000,0.007023364,0.015087128,0.024830341,0.036249161,0.003264070,0.003697258,0.008014329,0.016044607,-0.000139528,-0.021122961,0.003985100,0.001931653
4.839423656,0.619161606,0.627982140,1.557589531,0.011313438,0.131348610,0.027803421,0.058410645,-0.029602051,-0.086612701,-0.038269043,0.032730103,-0.023666382,0.619161606,0.627982140,1.557589531,0.011313438,0.131348610,0.027803421,-0.000019580,-16.537860870,6.888527870,1.224709868,-0.813548565,-0.002202483,0.014785767,-16.546581268,6.922178268,1.294683456,-0.841473579,0.010040283,-0.000019580,-16.537860870,6.888527870,1.224709868,-0.813548565,-0.002202483,0.000000000,0.000000000,0.000000000,0.000000000,0.000000000,0.000000000,0.000000000,0.000000000,0.000000000,0.000000000,0.000000000,0.000000000,0.000000000,0.000000000,0.000000000,0.000000000,0.000000000,0.000000000,0.014805347,-0.008720398,0.033650398,0.069973588,-0.027925014,0.012242767,0.015796311,-0.007762918,0.008680529,0.012601466,-0.027203984,0.010477161
4.849378586,0.619161606,0.627982140,1.557589531,0.011313438,0.131348610,0.027420044,0.153747559,-0.068056107,-0.008728027,0.117492676,-0.014602661,-0.039779663,0.619161606,0.627982140,1.557589531,0.011313438,0.131348610,0.027420044,-0.000019580,-16.537860870,6.888528347,1.224710464,-0.813548684,-0.002201897,0.005966187,-16.563060760,6.894163132,1.290014267,-0.827374458,-0.013885498,-0.000019580,-16.537860870,6.888528347,1.224710464,-0.813548684,-0.002201897,0.000000000,0.000000000,0.000000000,0.000000000,0.000000000,0.000000000,0.000000000,0.000000000,0.000000000,0.000000000,0.000000000,0.000000000,0.000000000,0.000000000,0.000000000,0.000000000,0.000000000,0.000000000,0.005985767,-0.025199890,0.005634785,0.065303802,-0.013825774,-0.011683601,0.006976731,-0.024242411,-0.019335085,0.007931680,-0.013104743,-0.013449207
4.859414816,0.618778229,0.627982140,1.557589531,0.011313438,0.131348610,0.027420044,0.043640137,-0.019836426,-0.046325684,-0.034240723,-0.016616821,-0.053878784,0.619161606,0.627982140,1.557589531,0.011313438,0.131348610,0.027803421,-0.000019580,-16.537860870,6.888527870,1.224709868,-0.813548565,-0.002202483,-0.002853394,-16.495307922,6.915433884,1.241764069,-0.798321724,0.008758545,-0.000019580,-16.537860870,6.888527870,1.224709868,-0.813548565,-0.002202483,0.000000000,0.000000000,0.000000000,0.000000000,0.000000000,0.000000000,0.000000000,0.000000000,0.000000000,0.000000000,0.000000000,0.000000000,0.000000000,0.000000000,0.000000000,0.000000000,0.000000000,0.000000000,-0.002833814,0.042552948,0.026906013,0.017054200,0.015226841,0.010961028,-0.001842849,0.043510428,0.001936144,-0.040317922,0.015947872,0.009195423
4.869411945,0.619161606,0.627982140,1.557589531,0.011313438,0.131348610,0.027803421,-0.114810944,-0.060731888,-0.061096191,-0.012756348,0.026687622,0.000503540,0.619161606,0.627982140,1.557589531,0.011313438,0.130965233,0.027803421,-0.000019580,-16.538076401,6.888732433,1.224937201,-0.813589752,-0.002202593,0.016860962,-16.511787415,6.917509079,1.262517929,-0.804730415,0.014312744,-0.000019580,-16.538076401,6.888732433,1.224937201,-0.813589752,-0.002202593,0.000000000,0.000000000,0.000000000,0.000000000,0.000000000,0.000000000,0.000000000,0.000000000,0.000000000,0.000000000,0.000000000,0.000000000,0.000000000,0.000000000,0.000000000,0.000000000,0.000000000,0.000000000,0.016880542,0.026288986,0.028776646,0.037580729,0.008859336,0.016515337,0.017871507,0.027246466,0.003806776,-0.019791394,0.009580367,0.014749731
4.879478931,0.619161606,0.627982140,1.557589531,0.011313438,0.131348610,0.027420044,0.028869629,0.018005371,0.067810059,-0.057067871,-0.029708862,-0.049850464,0.619161606,0.627982140,1.557972908,0.011313438,0.131348610,0.027803421,-0.000019584,-16.539991379,6.890546322,1.225115061,-0.813775837,-0.002203064,-0.037096024,-16.563060760,6.914915085,1.266149521,-0.821393013,0.011322021,-0.000019584,-16.539991379,6.890546322,1.225115061,-0.813775837,-0.002203064,0.000000000,0.000000000,0.000000000,0.000000000,0.000000000,0.000000000,0.000000000,0.000000000,0.000000000,0.000000000,0.000000000,0.000000000,0.000000000,0.000000000,0.000000000,0.000000000,0.000000000,0.000000000,-0.037076440,-0.023069382,0.024368763,0.041034460,-0.007617176,0.013525086,-0.036085476,-0.022111902,-0.000601107,-0.016337662,-0.006896145,0.011759480
4.889413118,0.619161606,0.627982140,1.557589531,0.011313438,0.131348610,0.027803421,0.098693848,-0.003967285,-0.036926270,0.173892975,-0.026687622,0.026687622,0.619161606,0.627982140,1.557589531,0.011313438,0.131348610,0.027803421,-0.000019580,-16.537860870,6.888527870,1.224709868,-0.813548565,-0.002202483,0.031906128,-16.517280579,6.927885056,1.267187119,-0.798321724,-0.000640869,-0.000019580,-16.537860870,6.888527870,1.224709868,-0.813548565,-0.002202483,0.000000000,0.000000000,0.000000000,0.000000000,0.000000000,0.000000000,0.000000000,0.000000000,0.000000000,0.000000000,0.000000000,0.000000000,0.000000000,0.000000000,0.000000000,0.000000000,0.000000000,0.000000000,0.031925708,0.020580292,0.039357185,0.042477250,0.015226841,0.001561614,0.032916672,0.021537771,0.014387316,-0.014894872,0.015947872,-0.000203991
4.899383068,0.619161606,0.627982140,1.557206154,0.011313438,0.131348610,0.027803421,-0.098697662,-0.055849075,-0.112125397,-0.047668457,0.045822144,0.014602661,0.619161606,0.627982140,1.557589531,0.011313438,0.131348610,0.027803421,-0.000019580,-16.537860870,6.888527870,1.224709868,-0.813548565,-0.002202483,-0.024124146,-16.533763885,6.923215866,1.299352646,-0.841473579,0.001922607,-0.000019580,-16.537860870,6.888527870,1.224709868,-0.813548565,-0.002202483,0.000000000,0.000000000,0.000000000,0.000000000,0.000000000,0.000000000,0.000000000,0.000000000,0.000000000,0.000000000,0.000000000,0.000000000,0.000000000,0.000000000,0.000000000,0.000000000,0.000000000,0.000000000,-0.024104565,0.004096985,0.034687996,0.074642777,-0.027925014,0.004125091,-0.023113601,0.005054464,0.009718126,0.017270655,-0.027203984,0.002359485
4.909365416,0.619161606,0.627982140,1.557589531,0.011313438,0.131348610,0.027803421,-0.081237793,-0.154726028,0.015441895,-0.000671387,-0.003524780,0.007553101,0.619161606,0.627982140,1.557589531,0.011313438,0.131348610,0.027803421,-0.000019580,-16.537860870,6.888527870,1.224709868,-0.813548565,-0.002202483,0.006484985,-16.533763885,6.911283493,1.292089462,-0.813275337,-0.014312744,-0.000019580,-16.537860870,6.888527870,1.224709868,-0.813548565,-0.002202483,0.000000000,0.000000000,0.000000000,0.000000000,0.000000000,0.000000000,0.000000000,0.000000000,0.000000000,0.000000000,0.000000000,0.000000000,0.000000000,0.000000000,0.000000000,0.000000000,0.000000000,0.000000000,0.006504565,0.004096985,0.022755623,0.067379594,0.000273228,-0.012110261,0.007495530,0.005054464,-0.002214247,0.010007472,0.000994259,-0.013875866
4.919414043,0.619161606,0.627982140,1.557589531,0.011313438,0.131348610,0.027803421,0.173892975,-0.035095215,0.015441895,-0.185977936,-0.000503540,-0.045822144,0.619161606,0.627982140,1.557589531,0.011313438,0.131348610,0.027803421,-0.000019580,-16.537860870,6.888527870,1.224709868,-0.813548565,-0.002202483,0.018936157,-16.528270721,6.879636765,1.351232529,-0.785076141,0.024139404,-0.000019580,-16.537860870,6.888527870,1.224709868,-0.813548565,-0.002202483,0.000000000,0.000000000,0.000000000,0.000000000,0.000000000,0.000000000,0.000000000,0.000000000,0.000000000,0.000000000,0.000000000,0.000000000,0.000000000,0.000000000,0.000000000,0.000000000,0.000000000,0.000000000,0.018955737,0.009590149,-0.008891106,0.126522660,0.028472424,0.026341888,0.019946702,0.010547628,-0.033860975,0.069150538,0.029193454,0.024576282
4.929379702,0.619161606,0.627982140,1.557589531,0.011313438,0.131348610,0.027420044,0.136291504,-0.072328568,-0.082580566,-0.012756348,0.004531860,-0.006546021,0.619161606,0.627598763,1.557972908,0.011313438,0.131348610,0.027803421,-0.000019579,-16.537227631,6.892563343,1.225520253,-0.814002991,-0.002203644,-0.019454956,-16.528270721,6.902982712,1.295202255,-0.824383736,-0.006622314,-0.000019579,-16.537227631,6.892563343,1.225520253,-0.814002991,-0.002203644,0.000000000,0.000000000,0.000000000,0.000000000,0.000000000,0.000000000,0.000000000,0.000000000,0.000000000,0.000000000,0.000000000,0.000000000,0.000000000,0.000000000,0.000000000,0.000000000,0.000000000,0.000000000,-0.019435377,0.008956909,0.010419369,0.069682002,-0.010380745,-0.004418670,-0.018444413,0.009914389,-0.014550501,0.012309880,-0.009659714,-0.006184276
4.939378500,0.619161606,0.627982140,1.557589531,0.011313438,0.131348610,0.027803421,-0.036926270,-0.010070801,0.051696777,0.128234863,0.051864624,-0.042800903,0.618778229,0.627982140,1.557589531,0.011313438,0.131348610,0.027420044,-0.000019564,-16.537860870,6.888528347,1.224710464,-0.813548684,-0.002201897,-0.009597778,-16.559398651,6.920621872,1.290533066,-0.816693306,-0.010040283,-0.000019564,-16.537860870,6.888528347,1.224710464,-0.813548684,-0.002201897,0.000000000,0.000000000,0.000000000,0.000000000,0.000000000,0.000000000,0.000000000,0.000000000,0.000000000,0.000000000,0.000000000,0.000000000,0.000000000,0.000000000,0.000000000,0.000000000,0.000000000,0.000000000,-0.009578215,-0.021537781,0.032093525,0.065822601,-0.003144622,-0.007838386,-0.008587250,-0.020580301,0.007123655,0.008450479,-0.002423591,-0.009603992
4.949378729,0.619161606,0.627982140,1.557589531,0.011313438,0.130965233,0.027803421,0.187320709,0.039978027,-0.102725983,0.096008301,-0.004531860,0.002517700,0.619161606,0.627982140,1.557589531,0.011313438,0.131348610,0.027420044,-0.000019580,-16.537860870,6.888528347,1.224710464,-0.813548684,-0.002201897,-0.022567749,-16.500801086,6.884824753,1.270299911,-0.799176216,-0.007476807,-0.000019580,-16.537860870,6.888528347,1.224710464,-0.813548684,-0.002201897,0.000000000,0.000000000,0.000000000,0.000000000,0.000000000,0.000000000,0.000000000,0.000000000,0.000000000,0.000000000,0.000000000,0.000000000,0.000000000,0.000000000,0.000000000,0.000000000,0.000000000,0.000000000,-0.022548169,0.037059784,-0.003703594,0.045589447,0.014372468,-0.005274910,-0.021557205,0.038017263,-0.028673464,-0.011782675,0.015093499,-0.007040515
4.959380150,0.619161606,0.627982140,1.557589531,0.011313438,0.130965233,0.027803421,-0.035583496,0.030212402,0.104064941,0.018127441,-0.055892944,0.003524780,0.619161606,0.627982140,1.557589531,0.011313438,0.131348610,0.027803421,-0.000019580,-16.537860870,6.888527870,1.224709868,-0.813548565,-0.002202483,-0.014785767,-16.568553925,6.915952682,1.273931503,-0.808148384,0.008331299,-0.000019580,-16.537860870,6.888527870,1.224709868,-0.813548565,-0.002202483,0.000000000,0.000000000,0.000000000,0.000000000,0.000000000,0.000000000,0.000000000,0.000000000,0.000000000,0.000000000,0.000000000,0.000000000,0.000000000,0.000000000,0.000000000,0.000000000,0.000000000,0.000000000,-0.014766187,-0.030693054,0.027424812,0.049221635,0.005400181,0.010533782,-0.013775222,-0.029735575,0.002454943,-0.008150487,0.006121212,0.008768177
4.969411850,0.619161606,0.627982140,1.557589531,0.011313438,0.131348610,0.027803421,0.066467285,-0.215763092,-0.069152832,-0.074523926,-0.014602661,0.063949585,0.619161606,0.627982140,1.557589531,0.011313438,0.131348610,0.027420044,-0.000019580,-16.537860870,6.888528347,1.224710464,-0.813548684,-0.002201897,0.014266968,-16.517280579,6.914915085,1.301946640,-0.804303169,-0.002777100,-0.000019580,-16.537860870,6.888528347,1.224710464,-0.813548684,-0.002201897,0.000000000,0.000000000,0.000000000,0.000000000,0.000000000,0.000000000,0.000000000,0.000000000,0.000000000,0.000000000,0.000000000,0.000000000,0.000000000,0.000000000,0.000000000,0.000000000,0.000000000,0.000000000,0.014286548,0.020580292,0.026386738,0.077236176,0.009245515,-0.000575203,0.015277512,0.021537771,0.001416868,0.019864053,0.009966546,-0.002340808
4.979379177,0.619161606,0.627982140,1.557589531,0.011313438,0.130965233,0.027803421,0.007385254,-0.033264160,0.039611816,0.014099121,-0.078052521,-0.039779663,0.618778229,0.627982140,1.557589531,0.011313438,0.131348610,0.027803421,-0.000019564,-16.537860870,6.888527870,1.224709868,-0.813548565,-0.002202483,-0.024124146,-16.531932831,6.909208298,1.169651031,-0.823101997,0.005340576,-0.000019564,-16.537860870,6.888527870,1.224709868,-0.813548565,-0.002202483,0.000000000,0.000000000,0.000000000,0.000000000,0.000000000,0.000000000,0.000000000,0.000000000,0.000000000,0.000000000,0.000000000,0.000000000,0.000000000,0.000000000,0.000000000,0.000000000,0.000000000,0.000000000,-0.024104582,0.005928040,0.020680428,-0.055058837,-0.009553432,0.007543060,-0.023113617,0.006885519,-0.004289442,-0.112430959,-0.008832402,0.005777454
4.989378452,0.619161606,0.627982140,1.557972908,0.011313438,0.131348610,0.027803421,0.043640137,0.060119629,0.155090332,0.038269043,-0.009567261,-0.025680542,0.619161606,0.627982140,1.557589531,0.011313438,0.131348610,0.027803421,-0.000019580,-16.537860870,6.888527870,1.224709868,-0.813548565,-0.002202483,0.003890991,-16.524608612,6.901945114,1.290014267,-0.854291916,-0.004486084,-0.000019580,-16.537860870,6.888527870,1.224709868,-0.813548565,-0.002202483,0.000000000,0.000000000,0.000000000,0.000000000,0.000000000,0.000000000,0.000000000,0.000000000,0.000000000,0.000000000,0.000000000,0.000000000,0.000000000,0.000000000,0.000000000,0.000000000,0.000000000,0.000000000,0.003910571,0.013252258,0.013417244,0.065304399,-0.040743351,-0.002283601,0.004901536,0.014209738,-0.011552626,0.007932276,-0.040022320,-0.004049206
4.999379873,0.619161606,0.627982140,1.557589531,0.011313438,0.130965233,0.027803421,0.090637207,0.032043457,-0.027526855,0.104064941,0.010574341,0.007553101,0.619161606,0.627982140,1.557589531,0.011313438,0.131348610,0.027803421,-0.000019580,-16.537860870,6.888527870,1.224709868,-0.813548565,-0.002202483,0.015304565,-16.500801086,6.934110641,1.288976669,-0.804303169,0.001495361,-0.000019580,-16.537860870,6.888527870,1.224709868,-0.813548565,-0.002202483,0.000000000,0.000000000,0.000000000,0.000000000,0.000000000,0.000000000,0.000000000,0.000000000,0.000000000,0.000000000,0.000000000,0.000000000,0.000000000,0.000000000,0.000000000,0.000000000,0.000000000,0.000000000,0.015324145,0.037059784,0.045582771,0.064266801,0.009245396,0.003697845,0.016315110,0.038017263,0.020612902,0.006894679,0.009966427,0.001932239
5.009380341,0.619161606,0.627982140,1.557589531,0.011313438,0.131348610,0.027803421,0.022155762,0.027160645,-0.137638092,0.091979980,0.038772583,0.016616821,0.619161606,0.627982140,1.557589531,0.011313438,0.131348610,0.027803421,-0.000019580,-16.537860870,6.888527870,1.224709868,-0.813548565,-0.002202483,0.009078979,-16.575878143,6.900388718,1.200778961,-0.821820259,-0.004486084,-0.000019580,-16.537860870,6.888527870,1.224709868,-0.813548565,-0.002202483,0.000000000,0.000000000,0.000000000,0.000000000,0.000000000,0.000000000,0.000000000,0.000000000,0.000000000,0.000000000,0.000000000,0.000000000,0.000000000,0.000000000,0.000000000,0.000000000,0.000000000,0.000000000,0.009098560,-0.038017273,0.011860847,-0.023930907,-0.008271694,-0.002283601,0.010089524,-0.037059793,-0.013109022,-0.081303030,-0.007550663,-0.004049206
5.019381046,0.619161606,0.627982140,1.557589531,0.011313438,0.131348610,0.027803421,0.046325684,0.094301224,-0.075866699,0.093322754,0.024673462,0.024673462,0.619161606,0.627982140,1.557589531,0.011313438,0.131348610,0.027803421,-0.000019580,-16.537860870,6.888527870,1.224709868,-0.813548565,-0.002202483,0.001296997,-16.491645813,6.910245895,1.289495468,-0.807721138,0.000213623,-0.000019580,-16.537860870,6.888527870,1.224709868,-0.813548565,-0.002202483,0.000000000,0.000000000,0.000000000,0.000000000,0.000000000,0.000000000,0.000000000,0.000000000,0.000000000,0.000000000,0.000000000,0.000000000,0.000000000,0.000000000,0.000000000,0.000000000,0.000000000,0.000000000,0.001316577,0.046215057,0.021718025,0.064785600,0.005827427,0.002416106,0.002307542,0.047172537,-0.003251844,0.007413477,0.006548458,0.000650501
5.029410601,0.619161606,0.627982140,1.557589531,0.011313438,0.131348610,0.027803421,0.143005371,0.021057129,0.023498535,-0.160465240,0.098190308,0.008560181,0.619161606,0.627982140,1.557589531,0.011313438,0.131348610,0.027803421,-0.000019580,-16.537860870,6.888527870,1.224709868,-0.813548565,-0.002202483,0.013229370,-16.574047089,6.910764694,1.290533066,-0.814984322,0.009185791,-0.000019580,-16.537860870,6.888527870,1.224709868,-0.813548565,-0.002202483,0.000000000,0.000000000,0.000000000,0.000000000,0.000000000,0.000000000,0.000000000,0.000000000,0.000000000,0.000000000,0.000000000,0.000000000,0.000000000,0.000000000,0.000000000,0.000000000,0.000000000,0.000000000,0.013248950,-0.036186218,0.022236824,0.065823197,-0.001435757,0.011388274,0.014239915,-0.035228739,-0.002733046,0.008451075,-0.000714726,0.009622669
5.039378643,0.619161606,0.627982140,1.557589531,0.011313438,0.131348610,0.027803421,0.027526855,-0.068666458,-0.047668457,-0.105411530,0.022659302,0.079055786,0.619161606,0.627982140,1.557589531,0.011313438,0.131348610,0.027803421,-0.000019580,-16.537860870,6.888527870,1.224709868,-0.813548565,-0.002202483,-0.017379761,-16.489814758,6.902463913,1.271856308,-0.811139107,0.000213623,-0.000019580,-16.537860870,6.888527870,1.224709868,-0.813548565,-0.002202483,0.000000000,0.000000000,0.000000000,0.000000000,0.000000000,0.000000000,0.000000000,0.000000000,0.000000000,0.000000000,0.000000000,0.000000000,0.000000000,0.000000000,0.000000000,0.000000000,0.000000000,0.000000000,-0.017360181,0.048046112,0.013936043,0.047146440,0.002409458,0.002416106,-0.016369216,0.049003592,-0.011033827,-0.010225683,0.003130489,0.000650501
5.049377680,0.619161606,0.627982140,1.557589531,0.011313438,0.131348610,0.027803421,0.104064941,-0.088808060,-0.024841309,-0.049011230,-0.024673462,0.000503540,0.619161606,0.627982140,1.557589531,0.011313438,0.131348610,0.027803421,-0.000019580,-16.537860870,6.888527870,1.224709868,-0.813548565,-0.002202483,-0.005447388,-16.511787415,6.903501511,1.268224716,-0.803021431,0.020721436,-0.000019580,-16.537860870,6.888527870,1.224709868,-0.813548565,-0.002202483,0.000000000,0.000000000,0.000000000,0.000000000,0.000000000,0.000000000,0.000000000,0.000000000,0.000000000,0.000000000,0.000000000,0.000000000,0.000000000,0.000000000,0.000000000,0.000000000,0.000000000,0.000000000,-0.005427808,0.026073456,0.014973640,0.043514848,0.010527134,0.022923919,-0.004436843,0.027030935,-0.009996229,-0.013857275,0.011248165,0.021158313
5.059411049,0.618778229,0.627982140,1.557589531,0.011313438,0.131348610,0.027803421,-0.079895020,-0.008239746,0.177921295,0.096008301,0.055892944,-0.000503540,0.619161606,0.627982140,1.557589531,0.011313438,0.131348610,0.027803421,-0.000019580,-16.537860870,6.888527870,1.224709868,-0.813548565,-0.002202483,-0.005966187,-16.522773743,6.913877487,1.271856308,-0.809857368,0.007476807,-0.000019580,-16.537860870,6.888527870,1.224709868,-0.813548565,-0.002202483,0.000000000,0.000000000,0.000000000,0.000000000,0.000000000,0.000000000,0.000000000,0.000000000,0.000000000,0.000000000,0.000000000,0.000000000,0.000000000,0.000000000,0.000000000,0.000000000,0.000000000,0.000000000,-0.005946606,0.015087128,0.025349617,0.047146440,0.003691196,0.009679290,-0.004955642,0.016044607,0.000379747,-0.010225683,0.004412227,0.007913684
5.069413424,0.619161606,0.627982140,1.557589531,0.011313438,0.131348610,0.027803421,-0.003356934,-0.010681152,0.014099121,-0.053039551,-0.008560181,0.022659302,0.619161606,0.627982140,1.557589531,0.011313438,0.131348610,0.027803421,-0.000019580,-16.537860870,6.888527870,1.224709868,-0.813548565,-0.002202483,0.029830933,-16.489814758,6.910764694,1.298315048,-0.805584908,-0.015167236,-0.000019580,-16.537860870,6.888527870,1.224709868,-0.813548565,-0.002202483,0.000000000,0.000000000,0.000000000,0.000000000,0.000000000,0.000000000,0.000000000,0.000000000,0.000000000,0.000000000,0.000000000,0.000000000,0.000000000,0.000000000,0.000000000,0.000000000,0.000000000,0.000000000,0.029850513,0.048046112,0.022236824,0.073605180,0.007963657,-0.012964753,0.030841477,0.049003592,-0.002733046,0.016233058,0.008684688,-0.014730359
5.079410553,0.618778229,0.627982140,1.557589531,0.011313438,0.131348610,0.027420044,-0.160465240,0.087587357,-0.191349030,0.036926270,-0.051864624,-0.028701782,0.619161606,0.627982140,1.557589531,0.011313438,0.131348610,0.027420044,-0.000019580,-16.537860870,6.888528347,1.224710464,-0.813548684,-0.002201897,0.012191772,-16.550243378,6.918027878,1.285345078,-0.822247505,0.010467529,-0.000019580,-16.537860870,6.888528347,1.224710464,-0.813548684,-0.002201897,0.000000000,0.000000000,0.000000000,0.000000000,0.000000000,0.000000000,0.000000000,0.000000000,0.000000000,0.000000000,0.000000000,0.000000000,0.000000000,0.000000000,0.000000000,0.000000000,0.000000000,0.000000000,0.012211353,-0.012382507,0.029499531,0.060634613,-0.008698821,0.012669426,0.013202317,-0.011425028,0.004529661,0.003262491,-0.007977790,0.010903820
5.089381933,0.618778229,0.627982140,1.557589531,0.011313438,0.131348610,0.027803421,-0.042297363,-0.035095215,-0.082580566,0.071838379,-0.005538940,0.024673462,0.619161606,0.627982140,1.557589531,0.011313438,0.131348610,0.027420044,-0.000019580,-16.537860870,6.888528347,1.224710464,-0.813548684,-0.002201897,0.001815796,-16.552074432,6.900907516,1.334112167,-0.815838814,0.011749268,-0.000019580,-16.537860870,6.888528347,1.224710464,-0.813548684,-0.002201897,0.000000000,0.000000000,0.000000000,0.000000000,0.000000000,0.000000000,0.000000000,0.000000000,0.000000000,0.000000000,0.000000000,0.000000000,0.000000000,0.000000000,0.000000000,0.000000000,0.000000000,0.000000000,0.001835376,-0.014213562,0.012379169,0.109401703,-0.002290130,0.013951164,0.002826340,-0.013256082,-0.012590700,0.052029581,-0.001569099,0.012185559
5.099415541,0.619161606,0.627982140,1.557589531,0.011313438,0.131348610,0.027803421,-0.027526855,0.023498535,-0.143009186,0.015441895,0.006546021,-0.019638062,0.618778229,0.627982140,1.557589531,0.011313438,0.131348610,0.027803421,-0.000019564,-16.537860870,6.888527870,1.224709868,-0.813548565,-0.002202483,-0.013748169,-16.504463196,6.902982712,1.301946640,-0.781658173,-0.026275635,-0.000019564,-16.537860870,6.888527870,1.224709868,-0.813548565,-0.002202483,0.000000000,0.000000000,0.000000000,0.000000000,0.000000000,0.000000000,0.000000000,0.000000000,0.000000000,0.000000000,0.000000000,0.000000000,0.000000000,0.000000000,0.000000000,0.000000000,0.000000000,0.000000000,-0.013728605,0.033397675,0.014454842,0.077236772,0.031890392,-0.024073151,-0.012737641,0.034355154,-0.010515028,0.019864649,0.032611423,-0.025838757
5.109384537,0.618778229,0.627982140,1.557589531,0.011313438,0.131348610,0.027420044,-0.067810059,-0.038146973,-0.062438965,0.028869629,-0.019638062,-0.034744263,0.619161606,0.627982140,1.557589531,0.011313438,0.131348610,0.027803421,-0.000019580,-16.537860870,6.888527870,1.224709868,-0.813548565,-0.002202483,0.000259399,-16.546581268,6.932035446,1.250583649,-0.825238228,0.001495361,-0.000019580,-16.537860870,6.888527870,1.224709868,-0.813548565,-0.002202483,0.000000000,0.000000000,0.000000000,0.000000000,0.000000000,0.000000000,0.000000000,0.000000000,0.000000000,0.000000000,0.000000000,0.000000000,0.000000000,0.000000000,0.000000000,0.000000000,0.000000000,0.000000000,0.000278979,-0.008720398,0.043507576,0.025873780,-0.011689663,0.003697845,0.001269944,-0.007762918,0.018537706,-0.031498342,-0.010968632,0.001932239
5.119414568,0.619161606,0.627982140,1.557589531,0.011313438,0.131348610,0.027420044,0.024841309,-0.074769974,-0.223575592,0.071838379,-0.036758423,-0.033737183,0.619161606,0.627982140,1.557589531,0.011313438,0.131348610,0.027803421,-0.000019580,-16.537860870,6.888527870,1.224709868,-0.813548565,-0.002202483,-0.007522583,-16.528270721,6.890012741,1.257846832,-0.799603462,-0.012176514,-0.000019580,-16.537860870,6.888527870,1.224709868,-0.813548565,-0.002202483,0.000000000,0.000000000,0.000000000,0.000000000,0.000000000,0.000000000,0.000000000,0.000000000,0.000000000,0.000000000,0.000000000,0.000000000,0.000000000,0.000000000,0.000000000,0.000000000,0.000000000,0.000000000,-0.007503003,0.009590149,0.001484871,0.033136964,0.013945103,-0.009974030,-0.006512039,0.010547628,-0.023484999,-0.024235158,0.014666134,-0.011739636
5.129380703,0.619161606,0.627982140,1.557589531,0.011313438,0.131348610,0.027803421,-0.089298248,-0.000305176,0.206119537,-0.053039551,-0.035751343,0.003524780,0.619161606,0.627982140,1.557589531,0.011313438,0.131348610,0.027803421,-0.000019580,-16.537860870,6.888527870,1.224709868,-0.813548565,-0.002202483,-0.011154175,-16.520942688,6.900388718,1.285345078,-0.811566353,-0.007904053,-0.000019580,-16.537860870,6.888527870,1.224709868,-0.813548565,-0.002202483,0.000000000,0.000000000,0.000000000,0.000000000,0.000000000,0.000000000,0.000000000,0.000000000,0.000000000,0.000000000,0.000000000,0.000000000,0.000000000,0.000000000,0.000000000,0.000000000,0.000000000,0.000000000,-0.011134595,0.016918182,0.011860847,0.060635209,0.001982212,-0.005701569,-0.010143630,0.017875662,-0.013109022,0.003263087,0.002703243,-0.007467175
5.139403343,0.619161606,0.627982140,1.557589531,0.011313438,0.131348610,0.027803421,0.134948730,-0.097352982,-0.106754303,0.138977051,-0.013595581,0.049850464,0.619161606,0.627982140,1.557589531,0.011313438,0.131348610,0.027420044,-0.000019580,-16.537860870,6.888528347,1.224710464,-0.813548684,-0.002201897,-0.003372192,-16.544750214,6.897794724,1.291570663,-0.796185493,-0.001495361,-0.000019580,-16.537860870,6.888528347,1.224710464,-0.813548684,-0.002201897,0.000000000,0.000000000,0.000000000,0.000000000,0.000000000,0.000000000,0.000000000,0.000000000,0.000000000,0.000000000,0.000000000,0.000000000,0.000000000,0.000000000,0.000000000,0.000000000,0.000000000,0.000000000,-0.003352612,-0.006889343,0.009266376,0.066860199,0.017363191,0.000706536,-0.002361648,-0.005931864,-0.015703493,0.009488077,0.018084222,-0.001059070
5.149414062,0.619161606,0.627982140,1.557589531,0.011313438,0.131348610,0.027803421,-0.054382324,-0.107728958,0.032897949,0.016784668,0.051864624,0.012588501,0.618778229,0.627982140,1.557589531,0.011313438,0.131348610,0.027420044,-0.000019564,-16.537860870,6.888528347,1.224710464,-0.813548684,-0.002201897,0.011672974,-16.531932831,6.898313522,1.227237701,-0.808148384,-0.007476807,-0.000019564,-16.537860870,6.888528347,1.224710464,-0.813548684,-0.002201897,0.000000000,0.000000000,0.000000000,0.000000000,0.000000000,0.000000000,0.000000000,0.000000000,0.000000000,0.000000000,0.000000000,0.000000000,0.000000000,0.000000000,0.000000000,0.000000000,0.000000000,0.000000000,0.011692537,0.005928040,0.009785175,0.002527237,0.005400300,-0.005274910,0.012683502,0.006885519,-0.015184694,-0.054844885,0.006121331,-0.007040515
5.159435034,0.619161606,0.627982140,1.557589531,0.011313438,0.131348610,0.027803421,-0.038269043,-0.110780716,0.117492676,-0.077209473,0.000503540,0.027694702,0.619161606,0.627982140,1.557589531,0.011313438,0.130965233,0.027803421,-0.000019580,-16.538076401,6.888732433,1.224937201,-0.813589752,-0.002202593,0.036575317,-16.539257050,6.902982712,1.276006699,-0.798748970,0.000640869,-0.000019580,-16.538076401,6.888732433,1.224937201,-0.813589752,-0.002202593,0.000000000,0.000000000,0.000000000,0.000000000,0.000000000,0.000000000,0.000000000,0.000000000,0.000000000,0.000000000,0.000000000,0.000000000,0.000000000,0.000000000,0.000000000,0.000000000,0.000000000,0.000000000,0.036594898,-0.001180649,0.014250278,0.051069498,0.014840782,0.002843462,0.037585862,-0.000223169,-0.010719591,-0.006302624,0.015561813,0.001077856
5.169379234,0.619161606,0.627982140,1.557589531,0.011313438,0.131348610,0.027803421,-0.091983795,-0.020446777,0.081237793,-0.168521881,-0.048843384,0.000503540,0.619161606,0.627982140,1.557589531,0.011313438,0.131348610,0.027803421,-0.000019580,-16.537860870,6.888527870,1.224709868,-0.813548565,-0.002202483,-0.022567749,-16.508125305,6.919065475,1.238132477,-0.806012154,-0.035676003,-0.000019580,-16.537860870,6.888527870,1.224709868,-0.813548565,-0.002202483,0.000000000,0.000000000,0.000000000,0.000000000,0.000000000,0.000000000,0.000000000,0.000000000,0.000000000,0.000000000,0.000000000,0.000000000,0.000000000,0.000000000,0.000000000,0.000000000,0.000000000,0.000000000,-0.022548169,0.029735565,0.030537605,0.013422608,0.007536411,-0.033473519,-0.021557205,0.030693045,0.005567736,-0.043949514,0.008257442,-0.035239125
5.179383755,0.619161606,0.627982140,1.557589531,0.011313438,0.131348610,0.027803421,-0.004699707,-0.038757324,-0.039611816,-0.097354889,0.011581421,0.029708862,0.619161606,0.627982140,1.557589531,0.011313438,0.131348610,0.027803421,-0.000019580,-16.537860870,6.888527870,1.224709868,-0.813548565,-0.002202483,-0.028793335,-16.559398651,6.926847458,1.259922028,-0.824383736,0.003204346,-0.000019580,-16.537860870,6.888527870,1.224709868,-0.813548565,-0.002202483,0.000000000,0.000000000,0.000000000,0.000000000,0.000000000,0.000000000,0.000000000,0.000000000,0.000000000,0.000000000,0.000000000,0.000000000,0.000000000,0.000000000,0.000000000,0.000000000,0.000000000,0.000000000,-0.028773755,-0.021537781,0.038319588,0.035212159,-0.010835171,0.005406829,-0.027782790,-0.020580301,0.013349718,-0.022159963,-0.010114140,0.003641223
5.189380884,0.619161606,0.627982140,1.557589531,0.011313438,0.131348610,0.027803421,-0.090641022,0.004577637,-0.180606842,-0.098697662,0.035751343,0.025680542,0.619161606,0.627982140,1.557589531,0.011313438,0.131348610,0.027420044,-0.000019580,-16.537860870,6.888528347,1.224710464,-0.813548684,-0.002201897,0.023086548,-16.575878143,6.910764694,1.319585800,-0.842755318,-0.002777100,-0.000019580,-16.537860870,6.888528347,1.224710464,-0.813548684,-0.002201897,0.000000000,0.000000000,0.000000000,0.000000000,0.000000000,0.000000000,0.000000000,0.000000000,0.000000000,0.000000000,0.000000000,0.000000000,0.000000000,0.000000000,0.000000000,0.000000000,0.000000000,0.000000000,0.023106128,-0.038017273,0.022236347,0.094875336,-0.029206634,-0.000575203,0.024097092,-0.037059793,-0.002733522,0.037503213,-0.028485603,-0.002340808
5.199414015,0.619161606,0.627982140,1.557589531,0.011313438,0.131348610,0.027420044,-0.024841309,0.125429153,-0.136295319,-0.020812988,0.042800903,-0.015609741,0.619161606,0.627982140,1.557589531,0.011313438,0.131348610,0.027420044,-0.000019580,-16.537860870,6.888528347,1.224710464,-0.813548684,-0.002201897,-0.026718140,-16.513618469,6.912839890,1.297277451,-0.794903755,0.020294189,-0.000019580,-16.537860870,6.888528347,1.224710464,-0.813548684,-0.002201897,0.000000000,0.000000000,0.000000000,0.000000000,0.000000000,0.000000000,0.000000000,0.000000000,0.000000000,0.000000000,0.000000000,0.000000000,0.000000000,0.000000000,0.000000000,0.000000000,0.000000000,0.000000000,-0.026698560,0.024242401,0.024311543,0.072566986,0.018644929,0.022496086,-0.025707595,0.025199881,-0.000658327,0.015194864,0.019365960,0.020730481
5.209434032,0.618778229,0.627982140,1.557589531,0.011313438,0.131348610,0.027803421,-0.069152832,0.005187988,-0.014099121,0.011413574,0.018630981,0.002517700,0.619161606,0.627982140,1.557589531,0.011313438,0.131348610,0.027803421,-0.000019580,-16.537860870,6.888527870,1.224709868,-0.813548565,-0.002202483,0.022567749,-16.553905487,6.896757126,1.285863876,-0.801739693,-0.006195068,-0.000019580,-16.537860870,6.888527870,1.224709868,-0.813548565,-0.002202483,0.000000000,0.000000000,0.000000000,0.000000000,0.000000000,0.000000000,0.000000000,0.000000000,0.000000000,0.000000000,0.000000000,0.000000000,0.000000000,0.000000000,0.000000000,0.000000000,0.000000000,0.000000000,0.022587329,-0.016044617,0.008229256,0.061154008,0.011808872,-0.003992585,0.023578294,-0.015087137,-0.016740614,0.003781886,0.012529903,-0.005758191
5.219411850,0.619161606,0.627982140,1.557589531,0.011313438,0.131348610,0.027803421,0.038269043,0.102846146,0.078552246,-0.086612701,-0.079059601,0.007553101,0.619161606,0.627982140,1.557589531,0.011313438,0.131348610,0.027803421,-0.000019580,-16.537860870,6.888527870,1.224709868,-0.813548565,-0.002202483,-0.025161743,-16.572216034,6.904020309,1.297796249,-0.798748970,0.003631592,-0.000019580,-16.537860870,6.888527870,1.224709868,-0.813548565,-0.002202483,0.000000000,0.000000000,0.000000000,0.000000000,0.000000000,0.000000000,0.000000000,0.000000000,0.000000000,0.000000000,0.000000000,0.000000000,0.000000000,0.000000000,0.000000000,0.000000000,0.000000000,0.000000000,-0.025142163,-0.034355164,0.015492439,0.073086381,0.014799595,0.005834075,-0.024151199,-0.033397684,-0.009477430,0.015714259,0.015520626,0.004068469
5.229378700,0.619161606,0.627982140,1.557589531,0.011313438,0.131348610,0.027803421,0.032897949,-0.009460449,-0.016784668,-0.055725098,-0.026687622,0.018630981,0.618778229,0.627982140,1.557589531,0.011313438,0.131348610,0.027803421,-0.000019564,-16.537860870,6.888527870,1.224709868,-0.813548565,-0.002202483,0.009078979,-16.566722870,6.885343552,1.274969101,-0.830365181,-0.001495361,-0.000019564,-16.537860870,6.888527870,1.224709868,-0.813548565,-0.002202483,0.000000000,0.000000000,0.000000000,0.000000000,0.000000000,0.000000000,0.000000000,0.000000000,0.000000000,0.000000000,0.000000000,0.000000000,0.000000000,0.000000000,0.000000000,0.000000000,0.000000000,0.000000000,0.009098543,-0.028862000,-0.003184319,0.050259233,-0.016816616,0.000707122,0.010089508,-0.027904520,-0.028154188,-0.007112890,-0.016095585,-0.001058484
5.239455938,0.619161606,0.627982140,1.557589531,0.011313438,0.131348610,0.027803421,0.049011230,-0.127260208,-0.047668457,0.038269043,-0.046829224,0.031723022,0.619161606,0.627982140,1.557589531,0.011313438,0.131348610,0.027420044,-0.000019580,-16.537860870,6.888528347,1.224710464,-0.813548684,-0.002201897,-0.018936157,-16.557567596,6.921140671,1.304021835,-0.819256783,0.004486084,-0.000019580,-16.537860870,6.888528347,1.224710464,-0.813548684,-0.002201897,0.000000000,0.000000000,0.000000000,0.000000000,0.000000000,0.000000000,0.000000000,0.000000000,0.000000000,0.000000000,0.000000000,0.000000000,0.000000000,0.000000000,0.000000000,0.000000000,0.000000000,0.000000000,-0.018916577,-0.019706726,0.032612324,0.079311371,-0.005708098,0.006687981,-0.017925613,-0.018749247,0.007642454,0.021939249,-0.004987068,0.004922375
5.249379635,0.619161606,0.627982140,1.557589531,0.011313438,0.131348610,0.027803421,0.004699707,-0.042421341,-0.040954590,0.011413574,-0.010574341,-0.037765503,0.619161606,0.627982140,1.557589531,0.011313438,0.131348610,0.027420044,-0.000019580,-16.537860870,6.888528347,1.224710464,-0.813548684,-0.002201897,0.004928589,-16.484321594,6.913358688,1.284826279,-0.838055611,-0.003631592,-0.000019580,-16.537860870,6.888528347,1.224710464,-0.813548684,-0.002201897,0.000000000,0.000000000,0.000000000,0.000000000,0.000000000,0.000000000,0.000000000,0.000000000,0.000000000,0.000000000,0.000000000,0.000000000,0.000000000,0.000000000,0.000000000,0.000000000,0.000000000,0.000000000,0.004948169,0.053539276,0.024830341,0.060115814,-0.024506927,-0.001429695,0.005939133,0.054496756,-0.000139528,0.002743692,-0.023785896,-0.003195301
5.259379625,0.619161606,0.627982140,1.557589531,0.011313438,0.131348610,0.027803421,-0.097354889,0.131532669,-0.081237793,0.058410645,0.072006226,0.005538940,0.619161606,0.627982140,1.557589531,0.011313438,0.131348610,0.027420044,-0.000019580,-16.537860870,6.888528347,1.224710464,-0.813548684,-0.002201897,-0.008560181,-16.553905487,6.918027878,1.252658844,-0.808148384,-0.005767822,-0.000019580,-16.537860870,6.888528347,1.224710464,-0.813548684,-0.002201897,0.000000000,0.000000000,0.000000000,0.000000000,0.000000000,0.000000000,0.000000000,0.000000000,0.000000000,0.000000000,0.000000000,0.000000000,0.000000000,0.000000000,0.000000000,0.000000000,0.000000000,0.000000000,-0.008540601,-0.016044617,0.029499531,0.027948380,0.005400300,-0.003565925,-0.007549636,-0.015087137,0.004529661,-0.029423743,0.006121331,-0.005331531
5.269378901,0.619161606,0.627982140,1.557589531,0.011313438,0.131348610,0.027803421,0.067810059,-0.149232864,0.038269043,-0.106754303,0.066970825,0.031723022,0.619161606,0.627598763,1.557589531,0.011313438,0.131348610,0.027420044,-0.000019576,-16.535099030,6.890546799,1.225115657,-0.813775957,-0.002202478,0.015823364,-16.524608612,6.915952682,1.292089462,-0.829937935,-0.022430420,-0.000019576,-16.535099030,6.890546799,1.225115657,-0.813775957,-0.002202478,0.000000000,0.000000000,0.000000000,0.000000000,0.000000000,0.000000000,0.000000000,0.000000000,0.000000000,0.000000000,0.000000000,0.000000000,0.000000000,0.000000000,0.000000000,0.000000000,0.000000000,0.000000000,0.015842940,0.010490417,0.025405884,0.066973805,-0.016161978,-0.020227942,0.016833904,0.011447897,0.000436014,0.009601683,-0.015440947,-0.021993548
5.279407740,0.619161606,0.627982140,1.557589531,0.011313438,0.131348610,0.027803421,0.040954590,-0.024719238,0.016784668,-0.074523926,-0.007553101,-0.008560181,0.619161606,0.627982140,1.557589531,0.011313438,0.131348610,0.027420044,-0.000019580,-16.537860870,6.888528347,1.224710464,-0.813548684,-0.002201897,-0.015823364,-16.546581268,6.907133102,1.249546051,-0.812420845,0.000213623,-0.000019580,-16.537860870,6.888528347,1.224710464,-0.813548684,-0.002201897,0.000000000,0.000000000,0.000000000,0.000000000,0.000000000,0.000000000,0.000000000,0.000000000,0.000000000,0.000000000,0.000000000,0.000000000,0.000000000,0.000000000,0.000000000,0.000000000,0.000000000,0.000000000,-0.015803784,-0.008720398,0.018604755,0.024835587,0.001127839,0.002415520,-0.014812820,-0.007762918,-0.006365114,-0.032536536,0.001848870,0.000649914
5.289391041,0.619161606,0.627982140,1.557589531,0.011313438,0.131348610,0.027803421,0.000671387,0.041809082,0.079895020,-0.129581451,0.049850464,0.033737183,0.619161606,0.627982140,1.557589531,0.011313438,0.131348610,0.027803421,-0.000019580,-16.537860870,6.888527870,1.224709868,-0.813548565,-0.002202483,-0.044359207,-16.498970032,6.913358688,1.253177643,-0.814557076,0.019012451,-0.000019580,-16.537860870,6.888527870,1.224709868,-0.813548565,-0.002202483,0.000000000,0.000000000,0.000000000,0.000000000,0.000000000,0.000000000,0.000000000,0.000000000,0.000000000,0.000000000,0.000000000,0.000000000,0.000000000,0.000000000,0.000000000,0.000000000,0.000000000,0.000000000,-0.044339627,0.038890839,0.024830818,0.028467774,-0.001008511,0.021214935,-0.043348663,0.039848318,-0.000139051,-0.028904348,-0.000287480,0.019449329
5.299402475,0.618778229,0.627982140,1.557589531,0.011313438,0.131348610,0.027803421,-0.051696777,0.035095215,-0.114810944,-0.035583496,0.000503540,0.052871704,0.619161606,0.627982140,1.557589531,0.011313438,0.131348610,0.027803421,-0.000019580,-16.537860870,6.888527870,1.224709868,-0.813548565,-0.002202483,-0.001296997,-16.559398651,6.903501511,1.233982086,-0.794049263,-0.008331299,-0.000019580,-16.537860870,6.888527870,1.224709868,-0.813548565,-0.002202483,0.000000000,0.000000000,0.000000000,0.000000000,0.000000000,0.000000000,0.000000000,0.000000000,0.000000000,0.000000000,0.000000000,0.000000000,0.000000000,0.000000000,0.000000000,0.000000000,0.000000000,0.000000000,-0.001277417,-0.021537781,0.014973640,0.009272218,0.019499302,-0.006128815,-0.000286453,-0.020580301,-0.009996229,-0.048099905,0.020220333,-0.007894421
5.309414148,0.619161606,0.627982140,1.557589531,0.011313438,0.131348610,0.027803421,-0.058410645,0.053405762,0.086608887,-0.100040436,-0.004531860,0.013595581,0.619161606,0.627982140,1.557589531,0.011313438,0.131348610,0.027803421,-0.000019580,-16.537860870,6.888527870,1.224709868,-0.813548565,-0.002202483,0.002334595,-16.555736542,6.927366257,1.290533066,-0.822247505,0.002349854,-0.000019580,-16.537860870,6.888527870,1.224709868,-0.813548565,-0.002202483,0.000000000,0.000000000,0.000000000,0.000000000,0.000000000,0.000000000,0.000000000,0.000000000,0.000000000,0.000000000,0.000000000,0.000000000,0.000000000,0.000000000,0.000000000,0.000000000,0.000000000,0.000000000,0.002354175,-0.017875671,0.038838387,0.065823197,-0.008698940,0.004552337,0.003345139,-0.016918192,0.013868517,0.008451075,-0.007977909,0.002786731
5.319420099,0.619161606,0.627982140,1.557589531,0.011313438,0.131348610,0.027420044,-0.019470215,-0.035095215,-0.019470215,0.109436035,0.015609741,-0.031723022,0.619161606,0.627982140,1.557589531,0.011313438,0.131348610,0.027803421,-0.000019580,-16.537860870,6.888527870,1.224709868,-0.813548565,-0.002202483,0.009078979,-16.553905487,6.896238327,1.228794098,-0.752178192,-0.014312744,-0.000019580,-16.537860870,6.888527870,1.224709868,-0.813548565,-0.002202483,0.000000000,0.000000000,0.000000000,0.000000000,0.000000000,0.000000000,0.000000000,0.000000000,0.000000000,0.000000000,0.000000000,0.000000000,0.000000000,0.000000000,0.000000000,0.000000000,0.000000000,0.000000000,0.009098560,-0.016044617,0.007710457,0.004084229,0.061370373,-0.012110261,0.010089524,-0.015087137,-0.017259413,-0.053287893,0.062091404,-0.013875866
5.329414606,0.619161606,0.627982140,1.557589531,0.011313438,0.131348610,0.027803421,-0.130924225,0.094911575,-0.130924225,0.121520996,0.045822144,0.002517700,0.619161606,0.627982140,1.557589531,0.011313438,0.131348610,0.027803421,-0.000019580,-16.537860870,6.888527870,1.224709868,-0.813548565,-0.002202483,-0.011672974,-16.588695526,6.922697067,1.286901474,-0.826092720,-0.002349854,-0.000019580,-16.537860870,6.888527870,1.224709868,-0.813548565,-0.002202483,0.000000000,0.000000000,0.000000000,0.000000000,0.000000000,0.000000000,0.000000000,0.000000000,0.000000000,0.000000000,0.000000000,0.000000000,0.000000000,0.000000000,0.000000000,0.000000000,0.000000000,0.000000000,-0.011653394,-0.050834656,0.034169197,0.062191606,-0.012544155,-0.000147370,-0.010662429,-0.049877176,0.009199327,0.004819483,-0.011823124,-0.001912976
5.339458227,0.619161606,0.627982140,1.557589531,0.011313438,0.131348610,0.027803421,0.163146973,-0.026550293,-0.010070801,0.055725098,-0.019638062,-0.004531860,0.619161606,0.627982140,1.557589531,0.011313438,0.131348610,0.027803421,-0.000019580,-16.537860870,6.888527870,1.224709868,-0.813548565,-0.002202483,0.010635376,-16.500801086,6.905057907,1.291570663,-0.804730415,-0.001922607,-0.000019580,-16.537860870,6.888527870,1.224709868,-0.813548565,-0.002202483,0.000000000,0.000000000,0.000000000,0.000000000,0.000000000,0.000000000,0.000000000,0.000000000,0.000000000,0.000000000,0.000000000,0.000000000,0.000000000,0.000000000,0.000000000,0.000000000,0.000000000,0.000000000,0.010654956,0.037059784,0.016530037,0.066860795,0.008818150,0.000279876,0.011645920,0.038017263,-0.008439833,0.009488673,0.009539180,-0.001485730
5.349380970,0.619161606,0.627982140,1.557589531,0.011313438,0.131348610,0.027803421,-0.039611816,-0.022888184,0.096008301,-0.079895020,-0.046829224,-0.033737183,0.619161606,0.627982140,1.557589531,0.011313438,0.131348610,0.027803421,-0.000019580,-16.537860870,6.888527870,1.224709868,-0.813548565,-0.002202483,-0.015823364,-16.559398651,6.873411179,1.265111923,-0.793194771,0.001495361,-0.000019580,-16.537860870,6.888527870,1.224709868,-0.813548565,-0.002202483,0.000000000,0.000000000,0.000000000,0.000000000,0.000000000,0.000000000,0.000000000,0.000000000,0.000000000,0.000000000,0.000000000,0.000000000,0.000000000,0.000000000,0.000000000,0.000000000,0.000000000,0.000000000,-0.015803784,-0.021537781,-0.015116692,0.040402055,0.020353794,0.003697845,-0.014812820,-0.020580301,-0.040086561,-0.016970067,0.021074825,0.001932239
5.359414577,0.619161606,0.627982140,1.557589531,0.011313438,0.131348610,0.027420044,-0.100040436,0.085756302,0.011413574,-0.015441895,0.013595581,0.012588501,0.619161606,0.627982140,1.557589531,0.011313438,0.131348610,0.027803421,-0.000019580,-16.537860870,6.888527870,1.224709868,-0.813548565,-0.002202483,-0.008560181,-16.513618469,6.908689499,1.216342926,-0.796185493,-0.027130127,-0.000019580,-16.537860870,6.888527870,1.224709868,-0.813548565,-0.002202483,0.000000000,0.000000000,0.000000000,0.000000000,0.000000000,0.000000000,0.000000000,0.000000000,0.000000000,0.000000000,0.000000000,0.000000000,0.000000000,0.000000000,0.000000000,0.000000000,0.000000000,0.000000000,-0.008540601,0.024242401,0.020161629,-0.008366942,0.017363071,-0.024927644,-0.007549636,0.025199881,-0.004808241,-0.065739065,0.018084102,-0.026693249
5.369379759,0.619161606,0.627982140,1.557589531,0.011313438,0.131348610,0.027803421,0.159118652,0.038757324,0.063781738,-0.081237793,-0.001510620,-0.014602661,0.619161606,0.627982140,1.557589531,0.011313438,0.131348610,0.027803421,-0.000019580,-16.537860870,6.888527870,1.224709868,-0.813548565,-0.002202483,0.005447388,-16.563060760,6.926847458,1.282232285,-0.826947212,0.016448975,-0.000019580,-16.537860870,6.888527870,1.224709868,-0.813548565,-0.002202483,0.000000000,0.000000000,0.000000000,0.000000000,0.000000000,0.000000000,0.000000000,0.000000000,0.000000000,0.000000000,0.000000000,0.000000000,0.000000000,0.000000000,0.000000000,0.000000000,0.000000000,0.000000000,0.005466968,-0.025199890,0.038319588,0.057522416,-0.013398647,0.018651458,0.006457932,-0.024242411,0.013349718,0.000150294,-0.012677616,0.016885852
5.379419804,0.619161606,0.627982140,1.557589531,0.011313438,0.131348610,0.027803421,0.007385254,0.048522949,-0.040954590,0.077209473,0.052871704,-0.031723022,0.619161606,0.627982140,1.557589531,0.011313438,0.131348610,0.027803421,-0.000019580,-16.537860870,6.888527870,1.224709868,-0.813548565,-0.002202483,-0.022567749,-16.520942688,6.906095505,1.286901474,-0.808148384,0.000213623,-0.000019580,-16.537860870,6.888527870,1.224709868,-0.813548565,-0.002202483,0.000000000,0.000000000,0.000000000,0.000000000,0.000000000,0.000000000,0.000000000,0.000000000,0.000000000,0.000000000,0.000000000,0.000000000,0.000000000,0.000000000,0.000000000,0.000000000,0.000000000,0.000000000,-0.022548169,0.016918182,0.017567635,0.062191606,0.005400181,0.002416106,-0.021557205,0.017875662,-0.007402235,0.004819483,0.006121212,0.000650501
5.389404058,0.619161606,0.627982140,1.557589531,0.011313438,0.130965233,0.027803421,0.176578522,0.007629395,-0.008728027,0.073181152,-0.071002960,0.034744263,0.619161606,0.627982140,1.557589531,0.011313438,0.131348610,0.027803421,-0.000019580,-16.537860870,6.888527870,1.224709868,-0.813548565,-0.002202483,-0.008041382,-16.552074432,6.906095505,1.259403229,-0.819256783,0.000213623,-0.000019580,-16.537860870,6.888527870,1.224709868,-0.813548565,-0.002202483,0.000000000,0.000000000,0.000000000,0.000000000,0.000000000,0.000000000,0.000000000,0.000000000,0.000000000,0.000000000,0.000000000,0.000000000,0.000000000,0.000000000,0.000000000,0.000000000,0.000000000,0.000000000,-0.008021802,-0.014213562,0.017567635,0.034693360,-0.005708218,0.002416106,-0.007030837,-0.013256082,-0.007402235,-0.022678762,-0.004987187,0.000650501
5.399409771,0.619161606,0.627982140,1.557589531,0.011313438,0.131348610,0.027420044,-0.067810059,-0.032653809,0.089294434,-0.117496490,-0.016616821,-0.095172882,0.619161606,0.627982140,1.557589531,0.011313438,0.131348610,0.027803421,-0.000019580,-16.537860870,6.888527870,1.224709868,-0.813548565,-0.002202483,0.005966187,-16.559398651,6.927366257,1.186771393,-0.821820259,-0.000640869,-0.000019580,-16.537860870,6.888527870,1.224709868,-0.813548565,-0.002202483,0.000000000,0.000000000,0.000000000,0.000000000,0.000000000,0.000000000,0.000000000,0.000000000,0.000000000,0.000000000,0.000000000,0.000000000,0.000000000,0.000000000,0.000000000,0.000000000,0.000000000,0.000000000,0.005985767,-0.021537781,0.038838387,-0.037938476,-0.008271694,0.001561614,0.006976731,-0.020580301,0.013868517,-0.095310598,-0.007550663,-0.000203991
5.409377575,0.619161606,0.627982140,1.557589531,0.011313438,0.131348610,0.027803421,0.002014160,0.007019043,0.047668457,0.161804199,-0.057907104,-0.033737183,0.619161606,0.627982140,1.557589531,0.011313438,0.131348610,0.027803421,-0.000019580,-16.537860870,6.888527870,1.224709868,-0.813548565,-0.002202483,0.019454956,-16.531932831,6.900388718,1.279119492,-0.771831512,-0.001922607,-0.000019580,-16.537860870,6.888527870,1.224709868,-0.813548565,-0.002202483,0.000000000,0.000000000,0.000000000,0.000000000,0.000000000,0.000000000,0.000000000,0.000000000,0.000000000,0.000000000,0.000000000,0.000000000,0.000000000,0.000000000,0.000000000,0.000000000,0.000000000,0.000000000,0.019474536,0.005928040,0.011860847,0.054409623,0.041717052,0.000279876,0.020465501,0.006885519,-0.013109022,-0.002962499,0.042438083,-0.001485730
5.419386864,0.619161606,0.627982140,1.557589531,0.011313438,0.131348610,0.027803421,0.007385254,-0.137636185,-0.015441895,0.054382324,-0.003524780,0.022659302,0.619161606,0.627982140,1.557589531,0.011313438,0.131348610,0.027803421,-0.000019580,-16.537860870,6.888527870,1.224709868,-0.813548565,-0.002202483,-0.011672974,-16.515449524,6.903501511,1.286901474,-0.814129829,-0.006195068,-0.000019580,-16.537860870,6.888527870,1.224709868,-0.813548565,-0.002202483,0.000000000,0.000000000,0.000000000,0.000000000,0.000000000,0.000000000,0.000000000,0.000000000,0.000000000,0.000000000,0.000000000,0.000000000,0.000000000,0.000000000,0.000000000,0.000000000,0.000000000,0.000000000,-0.011653394,0.022411346,0.014973640,0.062191606,-0.000581264,-0.003992585,-0.010662429,0.023368826,-0.009996229,0.004819483,0.000139766,-0.005758191
5.429380178,0.619161606,0.627982140,1.557589531,0.011313438,0.131348610,0.027803421,0.023498535,-0.043031693,-0.138980865,-0.069152832,0.010574341,-0.044815063,0.619161606,0.627982140,1.557589531,0.011313438,0.131348610,0.027803421,-0.000019580,-16.537860870,6.888527870,1.224709868,-0.813548565,-0.002202483,0.013748169,-16.555736542,6.923215866,1.287939072,-0.817975044,0.007049561,-0.000019580,-16.537860870,6.888527870,1.224709868,-0.813548565,-0.002202483,0.000000000,0.000000000,0.000000000,0.000000000,0.000000000,0.000000000,0.000000000,0.000000000,0.000000000,0.000000000,0.000000000,0.000000000,0.000000000,0.000000000,0.000000000,0.000000000,0.000000000,0.000000000,0.013767749,-0.017875671,0.034687996,0.063229203,-0.004426479,0.009252044,0.014758713,-0.016918192,0.009718126,0.005857081,-0.003705448,0.007486438
5.439378262,0.618778229,0.627982140,1.557589531,0.011313438,0.131348610,0.027803421,-0.011413574,0.100404739,-0.113468170,0.051696777,0.005538940,-0.003524780,0.619161606,0.627982140,1.557972908,0.011313438,0.131348610,0.027803421,-0.000019584,-16.539991379,6.890546322,1.225115061,-0.813775837,-0.002203064,0.001296997,-16.530101776,6.919584274,1.243839264,-0.820111275,-0.001068115,-0.000019584,-16.539991379,6.890546322,1.225115061,-0.813775837,-0.002203064,0.000000000,0.000000000,0.000000000,0.000000000,0.000000000,0.000000000,0.000000000,0.000000000,0.000000000,0.000000000,0.000000000,0.000000000,0.000000000,0.000000000,0.000000000,0.000000000,0.000000000,0.000000000,0.001316581,0.009889603,0.029037952,0.018724203,-0.006335437,0.001134949,0.002307545,0.010847082,0.004068083,-0.038647919,-0.005614406,-0.000630657
5.449410439,0.619161606,0.627982140,1.557589531,0.011313438,0.131348610,0.027803421,-0.121524811,-0.008850098,-0.067810059,0.007385254,-0.015609741,0.000503540,0.619161606,0.627982140,1.557589531,0.011313438,0.131348610,0.027803421,-0.000019580,-16.537860870,6.888527870,1.224709868,-0.813548565,-0.002202483,-0.031387329,-16.537425995,6.911802292,1.262517929,-0.790203094,0.012176514,-0.000019580,-16.537860870,6.888527870,1.224709868,-0.813548565,-0.002202483,0.000000000,0.000000000,0.000000000,0.000000000,0.000000000,0.000000000,0.000000000,0.000000000,0.000000000,0.000000000,0.000000000,0.000000000,0.000000000,0.000000000,0.000000000,0.000000000,0.000000000,0.000000000,-0.031367749,0.000434875,0.023274422,0.037808061,0.023345470,0.014378997,-0.030376785,0.001392355,-0.001695448,-0.019564062,0.024066501,0.012613391
5.459380865,0.619161606,0.627982140,1.557589531,0.011313438,0.130965233,0.027803421,-0.062438965,-0.016784668,-0.175235748,-0.042297363,-0.047836304,-0.008560181,0.619161606,0.627982140,1.557589531,0.011313438,0.131348610,0.027420044,-0.000019580,-16.537860870,6.888528347,1.224710464,-0.813548684,-0.002201897,0.001296997,-16.550243378,6.906614304,1.312841415,-0.810284615,0.003631592,-0.000019580,-16.537860870,6.888528347,1.224710464,-0.813548684,-0.002201897,0.000000000,0.000000000,0.000000000,0.000000000,0.000000000,0.000000000,0.000000000,0.000000000,0.000000000,0.000000000,0.000000000,0.000000000,0.000000000,0.000000000,0.000000000,0.000000000,0.000000000,0.000000000,0.001316577,-0.012382507,0.018085957,0.088130951,0.003264070,0.005833489,0.002307542,-0.011425028,-0.006883913,0.030758829,0.003985100,0.004067883
5.469378948,0.619161606,0.627982140,1.557589531,0.011313438,0.131348610,0.027803421,-0.075866699,-0.034484863,-0.129581451,-0.086612701,-0.031723022,-0.000503540,0.619161606,0.627982140,1.557589531,0.011313438,0.131348610,0.027420044,-0.000019580,-16.537860870,6.888528347,1.224710464,-0.813548684,-0.002201897,-0.004928589,-16.526439667,6.912321091,1.271337509,-0.824810982,0.008758545,-0.000019580,-16.537860870,6.888528347,1.224710464,-0.813548684,-0.002201897,0.000000000,0.000000000,0.000000000,0.000000000,0.000000000,0.000000000,0.000000000,0.000000000,0.000000000,0.000000000,0.000000000,0.000000000,0.000000000,0.000000000,0.000000000,0.000000000,0.000000000,0.000000000,-0.004909009,0.011421204,0.023792744,0.046627045,-0.011262298,0.010960442,-0.003918044,0.012378683,-0.001177126,-0.010745078,-0.010541267,0.009194836
5.479416132,0.619161606,0.627982140,1.557589531,0.011313438,0.131348610,0.027803421,0.049011230,0.003967285,-0.004699707,0.098693848,-0.000503540,-0.020645142,0.619161606,0.627982140,1.557972908,0.011313438,0.131348610,0.027803421,-0.000019584,-16.539991379,6.890546322,1.225115061,-0.813775837,-0.002203064,-0.018417358,-16.511787415,6.921140671,1.271337509,-0.822674751,0.010040283,-0.000019584,-16.539991379,6.890546322,1.225115061,-0.813775837,-0.002203064,0.000000000,0.000000000,0.000000000,0.000000000,0.000000000,0.000000000,0.000000000,0.000000000,0.000000000,0.000000000,0.000000000,0.000000000,0.000000000,0.000000000,0.000000000,0.000000000,0.000000000,0.000000000,-0.018397775,0.028203964,0.030594349,0.046222448,-0.008898914,0.012243347,-0.017406810,0.029161444,0.005624479,-0.011149674,-0.008177883,0.010477742
5.489380836,0.618778229,0.627982140,1.557589531,0.011313438,0.131348610,0.027803421,-0.090641022,-0.035095215,-0.069152832,-0.081237793,0.026687622,0.013595581,0.619161606,0.627982140,1.557589531,0.011313438,0.131348610,0.027803421,-0.000019580,-16.537860870,6.888527870,1.224709868,-0.813548565,-0.002202483,0.009078979,-16.557567596,6.916471481,1.292089462,-0.822674751,0.000213623,-0.000019580,-16.537860870,6.888527870,1.224709868,-0.813548565,-0.002202483,0.000000000,0.000000000,0.000000000,0.000000000,0.000000000,0.000000000,0.000000000,0.000000000,0.000000000,0.000000000,0.000000000,0.000000000,0.000000000,0.000000000,0.000000000,0.000000000,0.000000000,0.000000000,0.009098560,-0.019706726,0.027943611,0.067379594,-0.009126186,0.002416106,0.010089524,-0.018749247,0.002973742,0.010007472,-0.008405156,0.000650501
5.499422073,0.619161606,0.627982140,1.557589531,0.011313438,0.131348610,0.027803421,0.055725098,-0.023498535,0.074523926,0.082580566,-0.029708862,0.005538940,0.619161606,0.627982140,1.557589531,0.011313438,0.131348610,0.027803421,-0.000019580,-16.537860870,6.888527870,1.224709868,-0.813548565,-0.002202483,-0.013229370,-16.478828430,6.898313522,1.235019684,-0.804303169,-0.001922607,-0.000019580,-16.537860870,6.888527870,1.224709868,-0.813548565,-0.002202483,0.000000000,0.000000000,0.000000000,0.000000000,0.000000000,0.000000000,0.000000000,0.000000000,0.000000000,0.000000000,0.000000000,0.000000000,0.000000000,0.000000000,0.000000000,0.000000000,0.000000000,0.000000000,-0.013209790,0.059032440,0.009785652,0.010309815,0.009245396,0.000279876,-0.012218826,0.059989920,-0.015184217,-0.047062307,0.009966427,-0.001485730
5.509380817,0.619161606,0.627982140,1.557589531,0.011313438,0.130965233,0.027420044,0.004699707,-0.105897903,0.016784668,-0.069152832,-0.048843384,-0.035751343,0.619161606,0.627982140,1.557589531,0.011313438,0.130965233,0.027803421,-0.000019580,-16.538076401,6.888732433,1.224937201,-0.813589752,-0.002202593,0.017898560,-16.550243378,6.907133102,1.292089462,-0.809002876,0.000213623,-0.000019580,-16.538076401,6.888732433,1.224937201,-0.813589752,-0.002202593,0.000000000,0.000000000,0.000000000,0.000000000,0.000000000,0.000000000,0.000000000,0.000000000,0.000000000,0.000000000,0.000000000,0.000000000,0.000000000,0.000000000,0.000000000,0.000000000,0.000000000,0.000000000,0.017918140,-0.012166977,0.018400669,0.067152262,0.004586875,0.002416216,0.018909104,-0.011209497,-0.006569200,0.009780139,0.005307906,0.000650610
5.519414425,0.619161606,0.627982140,1.557589531,0.011313438,0.131348610,0.027420044,-0.075866699,-0.012512207,0.138977051,-0.042297363,-0.026687622,-0.047836304,0.619161606,0.627982140,1.557589531,0.011313438,0.131348610,0.027803421,-0.000019580,-16.537860870,6.888527870,1.224709868,-0.813548565,-0.002202483,-0.012710571,-16.539257050,6.920103073,1.334630966,-0.819256783,-0.001068115,-0.000019580,-16.537860870,6.888527870,1.224709868,-0.813548565,-0.002202483,0.000000000,0.000000000,0.000000000,0.000000000,0.000000000,0.000000000,0.000000000,0.000000000,0.000000000,0.000000000,0.000000000,0.000000000,0.000000000,0.000000000,0.000000000,0.000000000,0.000000000,0.000000000,-0.012690991,-0.001396179,0.031575203,0.109921098,-0.005708218,0.001134368,-0.011700027,-0.000438700,0.006605333,0.052548975,-0.004987187,-0.000631238
5.529378176,0.619161606,0.627982140,1.557589531,0.011313438,0.131348610,0.027803421,-0.036926270,-0.068666458,0.044982910,-0.043640137,-0.031723022,-0.005538940,0.619161606,0.627982140,1.557589531,0.011313438,0.131348610,0.027420044,-0.000019580,-16.537860870,6.888528347,1.224710464,-0.813548684,-0.002201897,0.017379761,-16.590526581,6.923734665,1.266149521,-0.827801704,0.001922607,-0.000019580,-16.537860870,6.888528347,1.224710464,-0.813548684,-0.002201897,0.000000000,0.000000000,0.000000000,0.000000000,0.000000000,0.000000000,0.000000000,0.000000000,0.000000000,0.000000000,0.000000000,0.000000000,0.000000000,0.000000000,0.000000000,0.000000000,0.000000000,0.000000000,0.017399341,-0.052665710,0.035206318,0.041439056,-0.014253020,0.004124504,0.018390305,-0.051708231,0.010236448,-0.015933066,-0.013531989,0.002358899
5.539384604,0.619161606,0.627982140,1.557589531,0.011313438,0.131348610,0.027803421,-0.124210358,-0.048524857,0.070495605,0.049011230,-0.006546021,-0.083087921,0.619161606,0.627982140,1.557589531,0.011313438,0.131348610,0.027803421,-0.000019580,-16.537860870,6.888527870,1.224709868,-0.813548565,-0.002202483,-0.005447388,-16.508125305,6.914915085,1.283788681,-0.817975044,0.004058838,-0.000019580,-16.537860870,6.888527870,1.224709868,-0.813548565,-0.002202483,0.000000000,0.000000000,0.000000000,0.000000000,0.000000000,0.000000000,0.000000000,0.000000000,0.000000000,0.000000000,0.000000000,0.000000000,0.000000000,0.000000000,0.000000000,0.000000000,0.000000000,0.000000000,-0.005427808,0.029735565,0.026387215,0.059078813,-0.004426479,0.006261321,-0.004436843,0.030693045,0.001417345,0.001706690,-0.003705448,0.004495716
5.549377203,0.619161606,0.627982140,1.557589531,0.011313438,0.131348610,0.027420044,0.043640137,-0.012512207,0.000671387,-0.132266998,-0.059921265,-0.013595581,0.619161606,0.627982140,1.557589531,0.011313438,0.130965233,0.027803421,-0.000019580,-16.538076401,6.888732433,1.224937201,-0.813589752,-0.002202593,-0.005447388,-16.533763885,6.894681931,1.259403229,-0.832074165,-0.021575928,-0.000019580,-16.538076401,6.888732433,1.224937201,-0.813589752,-0.002202593,0.000000000,0.000000000,0.000000000,0.000000000,0.000000000,0.000000000,0.000000000,0.000000000,0.000000000,0.000000000,0.000000000,0.000000000,0.000000000,0.000000000,0.000000000,0.000000000,0.000000000,0.000000000,-0.005427807,0.004312515,0.005949497,0.034466028,-0.018484414,-0.019373335,-0.004436843,0.005269995,-0.019020372,-0.022906094,-0.017763383,-0.021138941
5.559378386,0.619161606,0.627982140,1.557589531,0.011313438,0.131348610,0.027803421,-0.102725983,0.107118607,-0.096012115,0.167175293,-0.011581421,-0.035751343,0.619161606,0.627982140,1.557589531,0.011313438,0.131348610,0.027803421,-0.000019580,-16.537860870,6.888527870,1.224709868,-0.813548565,-0.002202483,-0.014785767,-16.539257050,6.914396286,1.209598541,-0.784648895,-0.015594482,-0.000019580,-16.537860870,6.888527870,1.224709868,-0.813548565,-0.002202483,0.000000000,0.000000000,0.000000000,0.000000000,0.000000000,0.000000000,0.000000000,0.000000000,0.000000000,0.000000000,0.000000000,0.000000000,0.000000000,0.000000000,0.000000000,0.000000000,0.000000000,0.000000000,-0.014766187,-0.001396179,0.025868416,-0.015111327,0.028899670,-0.013391999,-0.013775222,-0.000438700,0.000898546,-0.072483449,0.029620701,-0.015157605
5.569377661,0.619161606,0.627982140,1.557589531,0.011313438,0.131348610,0.027803421,-0.073181152,-0.013122559,0.079895020,-0.081237793,-0.008560181,-0.016616821,0.619161606,0.627982140,1.557589531,0.011313438,0.131348610,0.027803421,-0.000019580,-16.537860870,6.888527870,1.224709868,-0.813548565,-0.002202483,-0.020492554,-16.498970032,6.924253464,1.279638290,-0.826947212,-0.002349854,-0.000019580,-16.537860870,6.888527870,1.224709868,-0.813548565,-0.002202483,0.000000000,0.000000000,0.000000000,0.000000000,0.000000000,0.000000000,0.000000000,0.000000000,0.000000000,0.000000000,0.000000000,0.000000000,0.000000000,0.000000000,0.000000000,0.000000000,0.000000000,0.000000000,-0.020472974,0.038890839,0.035725594,0.054928422,-0.013398647,-0.000147370,-0.019482009,0.039848318,0.010755724,-0.002443700,-0.012677616,-0.001912976
5.579411507,0.619161606,0.627982140,1.557589531,0.011313438,0.131348610,0.027803421,-0.055725098,0.008850098,0.271915436,0.002014160,0.056900024,-0.014602661,0.619161606,0.627982140,1.557589531,0.011313438,0.131348610,0.027803421,-0.000019580,-16.537860870,6.888527870,1.224709868,-0.813548565,-0.002202483,-0.003372192,-16.506294250,6.896757126,1.272375107,-0.832501411,0.002777100,-0.000019580,-16.537860870,6.888527870,1.224709868,-0.813548565,-0.002202483,0.000000000,0.000000000,0.000000000,0.000000000,0.000000000,0.000000000,0.000000000,0.000000000,0.000000000,0.000000000,0.000000000,0.000000000,0.000000000,0.000000000,0.000000000,0.000000000,0.000000000,0.000000000,-0.003352612,0.031566620,0.008229256,0.047665238,-0.018952847,0.004979583,-0.002361648,0.032524099,-0.016740614,-0.009706884,-0.018231816,0.003213977
5.589378357,0.619161606,0.627982140,1.557589531,0.011313438,0.131348610,0.027420044,0.002014160,0.011291504,0.004699707,-0.057067871,-0.005538940,-0.018630981,0.619161606,0.627982140,1.557589531,0.011313438,0.131348610,0.027803421,-0.000019580,-16.537860870,6.888527870,1.224709868,-0.813548565,-0.002202483,0.012191772,-16.555736542,6.906614304,1.256809235,-0.835064888,-0.006195068,-0.000019580,-16.537860870,6.888527870,1.224709868,-0.813548565,-0.002202483,0.000000000,0.000000000,0.000000000,0.000000000,0.000000000,0.000000000,0.000000000,0.000000000,0.000000000,0.000000000,0.000000000,0.000000000,0.000000000,0.000000000,0.000000000,0.000000000,0.000000000,0.000000000,0.012211353,-0.017875671,0.018086433,0.032099366,-0.021516323,-0.003992585,0.013202317,-0.016918192,-0.006883436,-0.025272756,-0.020795292,-0.005758191
5.599381447,0.619161606,0.627982140,1.557589531,0.011313438,0.131348610,0.027420044,-0.004699707,-0.130311966,0.012756348,-0.082580566,0.021652222,0.002517700,0.619161606,0.627982140,1.557589531,0.011313438,0.131348610,0.027420044,-0.000019580,-16.537860870,6.888528347,1.224710464,-0.813548684,-0.002201897,0.007522583,-16.550243378,6.916471481,1.265111923,-0.838055611,0.007904053,-0.000019580,-16.537860870,6.888528347,1.224710464,-0.813548684,-0.002201897,0.000000000,0.000000000,0.000000000,0.000000000,0.000000000,0.000000000,0.000000000,0.000000000,0.000000000,0.000000000,0.000000000,0.000000000,0.000000000,0.000000000,0.000000000,0.000000000,0.000000000,0.000000000,0.007542163,-0.012382507,0.027943134,0.040401459,-0.024506927,0.010105950,0.008533128,-0.011425028,0.002973265,-0.016970664,-0.023785896,0.008340344
5.609385729,0.619161606,0.627982140,1.557972908,0.011313438,0.131348610,0.027803421,0.105407715,-0.094911575,0.122863770,0.081237793,-0.060928345,-0.018630981,0.619161606,0.627982140,1.557589531,0.011313438,0.131348610,0.027803421,-0.000019580,-16.537860870,6.888527870,1.224709868,-0.813548565,-0.002202483,0.005447388,-16.530101776,6.924772263,1.318029404,-0.813702583,-0.016448975,-0.000019580,-16.537860870,6.888527870,1.224709868,-0.813548565,-0.002202483,0.000000000,0.000000000,0.000000000,0.000000000,0.000000000,0.000000000,0.000000000,0.000000000,0.000000000,0.000000000,0.000000000,0.000000000,0.000000000,0.000000000,0.000000000,0.000000000,0.000000000,0.000000000,0.005466968,0.007759094,0.036244392,0.093319535,-0.000154018,-0.014246491,0.006457932,0.008716574,0.011274523,0.035947413,0.000567012,-0.016012097
5.619399548,0.619161606,0.627982140,1.557589531,0.011313438,0.131348610,0.027803421,0.110778809,0.052185059,0.030212402,0.070495605,-0.071002960,0.016616821,0.619161606,0.627982140,1.557206154,0.011313438,0.131348610,0.027803421,-0.000019577,-16.535730362,6.886508465,1.224304318,-0.813321173,-0.002201902,0.008560181,-16.563060760,6.899351120,1.261999130,-0.847883224,0.005767822,-0.000019577,-16.535730362,6.886508465,1.224304318,-0.813321173,-0.002201902,0.000000000,0.000000000,0.000000000,0.000000000,0.000000000,0.000000000,0.000000000,0.000000000,0.000000000,0.000000000,0.000000000,0.000000000,0.000000000,0.000000000,0.000000000,0.000000000,0.000000000,0.000000000,0.008579757,-0.027330399,0.012842655,0.037694812,-0.034562051,0.007969724,0.009570722,-0.026372919,-0.012127214,-0.019677310,-0.033841020,0.006204119
5.629411459,0.619161606,0.627982140,1.557589531,0.011313438,0.130965233,0.027803421,0.102722168,-0.035095215,-0.077209473,-0.096012115,-0.005538940,-0.013595581,0.619161606,0.627982140,1.557589531,0.011313438,0.130965233,0.027803421,-0.000019580,-16.538076401,6.888732433,1.224937201,-0.813589752,-0.002202593,-0.019454956,-16.544750214,6.905576706,1.253696442,-0.823101997,0.014739990,-0.000019580,-16.538076401,6.888732433,1.224937201,-0.813589752,-0.002202593,0.000000000,0.000000000,0.000000000,0.000000000,0.000000000,0.000000000,0.000000000,0.000000000,0.000000000,0.000000000,0.000000000,0.000000000,0.000000000,0.000000000,0.000000000,0.000000000,0.000000000,0.000000000,-0.019435376,-0.006673813,0.016844273,0.028759241,-0.009512246,0.016942583,-0.018444411,-0.005716333,-0.008125597,-0.028612881,-0.008791215,0.015176977
5.639401674,0.619161606,0.627982140,1.557589531,0.011313438,0.131348610,0.027803421,-0.134952545,0.033264160,0.032897949,0.031555176,-0.016616821,-0.008560181,0.619161606,0.627982140,1.557589531,0.011313438,0.131348610,0.027803421,-0.000019580,-16.537860870,6.888527870,1.224709868,-0.813548565,-0.002202483,-0.056810379,-16.487983704,6.913358688,1.288457870,-0.811993599,-0.016448975,-0.000019580,-16.537860870,6.888527870,1.224709868,-0.813548565,-0.002202483,0.000000000,0.000000000,0.000000000,0.000000000,0.000000000,0.000000000,0.000000000,0.000000000,0.000000000,0.000000000,0.000000000,0.000000000,0.000000000,0.000000000,0.000000000,0.000000000,0.000000000,0.000000000,-0.056790799,0.049877167,0.024830818,0.063748002,0.001554966,-0.014246491,-0.055799835,0.050834646,-0.000139051,0.006375880,0.002275997,-0.016012097
5.649377346,0.619161606,0.627982140,1.557589531,0.011313438,0.131348610,0.027803421,0.128234863,0.002136230,0.020812988,-0.149723053,0.013595581,-0.028701782,0.619161606,0.627982140,1.557589531,0.011313438,0.131348610,0.027803421,-0.000019580,-16.537860870,6.888527870,1.224709868,-0.813548565,-0.002202483,0.008560181,-16.489814758,6.919584274,1.257328033,-0.856000900,0.016448975,-0.000019580,-16.537860870,6.888527870,1.224709868,-0.813548565,-0.002202483,0.000000000,0.000000000,0.000000000,0.000000000,0.000000000,0.000000000,0.000000000,0.000000000,0.000000000,0.000000000,0.000000000,0.000000000,0.000000000,0.000000000,0.000000000,0.000000000,0.000000000,0.000000000,0.008579761,0.048046112,0.031056404,0.032618165,-0.042452335,0.018651458,0.009570725,0.049003592,0.006086535,-0.024753957,-0.041731304,0.016885852
5.659413338,0.619161606,0.627982140,1.557589531,0.011313438,0.131348610,0.027420044,0.102722168,0.053405762,-0.071838379,0.006042480,-0.007553101,-0.052871704,0.619161606,0.627982140,1.557589531,0.011313438,0.131348610,0.027803421,-0.000019580,-16.537860870,6.888527870,1.224709868,-0.813548565,-0.002202483,-0.001815796,-16.546581268,6.912321091,1.277563095,-0.820538521,-0.004058838,-0.000019580,-16.537860870,6.888527870,1.224709868,-0.813548565,-0.002202483,0.000000000,0.000000000,0.000000000,0.000000000,0.000000000,0.000000000,0.000000000,0.000000000,0.000000000,0.000000000,0.000000000,0.000000000,0.000000000,0.000000000,0.000000000,0.000000000,0.000000000,0.000000000,-0.001796216,-0.008720398,0.023793221,0.052853227,-0.006989956,-0.001856355,-0.000805251,-0.007762918,-0.001176649,-0.004518896,-0.006268925,-0.003621960
5.669380903,0.618778229,0.627982140,1.557589531,0.011313438,0.131348610,0.027420044,-0.018127441,-0.002136230,-0.081237793,-0.055725098,-0.026687622,-0.039779663,0.618778229,0.627982140,1.557206154,0.011313438,0.131348610,0.027420044,-0.000019560,-16.535730362,6.886508942,1.224304914,-0.813321292,-0.002201315,-0.022048950,-16.564891815,6.914396286,1.263555527,-0.807293892,0.004058838,-0.000019560,-16.535730362,6.886508942,1.224304914,-0.813321292,-0.002201315,0.000000000,0.000000000,0.000000000,0.000000000,0.000000000,0.000000000,0.000000000,0.000000000,0.000000000,0.000000000,0.000000000,0.000000000,0.000000000,0.000000000,0.000000000,0.000000000,0.000000000,0.000000000,-0.022029390,-0.029161453,0.027887344,0.039250612,0.006027400,0.006260153,-0.021038426,-0.028203974,0.002917475,-0.018121510,0.006748431,0.004494548
5.679416656,0.618778229,0.627982140,1.557589531,0.011313438,0.131348610,0.027420044,-0.164493561,0.002746582,0.077209473,0.038269043,0.003524780,-0.078052521,0.619161606,0.627982140,1.557589531,0.011313438,0.131348610,0.027803421,-0.000019580,-16.537860870,6.888527870,1.224709868,-0.813548565,-0.002202483,-0.009078979,-16.515449524,6.910245895,1.285863876,-0.795758247,-0.011749268,-0.000019580,-16.537860870,6.888527870,1.224709868,-0.813548565,-0.002202483,0.000000000,0.000000000,0.000000000,0.000000000,0.000000000,0.000000000,0.000000000,0.000000000,0.000000000,0.000000000,0.000000000,0.000000000,0.000000000,0.000000000,0.000000000,0.000000000,0.000000000,0.000000000,-0.009059399,0.022411346,0.021718025,0.061154008,0.017790318,-0.009546784,-0.008068435,0.023368826,-0.003251844,0.003781886,0.018511348,-0.011312390
5.689412355,0.619161606,0.627982140,1.557589531,0.011313438,0.131348610,0.027803421,0.002014160,-0.058900833,-0.043640137,0.012756348,-0.008560181,0.029708862,0.619161606,0.627982140,1.557589531,0.011313438,0.131348610,0.027803421,-0.000019580,-16.537860870,6.888527870,1.224709868,-0.813548565,-0.002202483,0.027755737,-16.530101776,6.915433884,1.285863876,-0.830365181,0.005767822,-0.000019580,-16.537860870,6.888527870,1.224709868,-0.813548565,-0.002202483,0.000000000,0.000000000,0.000000000,0.000000000,0.000000000,0.000000000,0.000000000,0.000000000,0.000000000,0.000000000,0.000000000,0.000000000,0.000000000,0.000000000,0.000000000,0.000000000,0.000000000,0.000000000,0.027775317,0.007759094,0.026906013,0.061154008,-0.016816616,0.007970306,0.028766282,0.008716574,0.001936144,0.003781886,-0.016095585,0.006204700
5.699420452,0.619161606,0.627982140,1.557589531,0.011313438,0.131348610,0.027420044,0.007385254,0.036315918,-0.130924225,-0.114810944,0.014602661,-0.022659302,0.619161606,0.627982140,1.557589531,0.011313438,0.131348610,0.027420044,-0.000019580,-16.537860870,6.888528347,1.224710464,-0.813548684,-0.002201897,0.012191772,-16.530101776,6.912321091,1.327886581,-0.817120552,0.003204346,-0.000019580,-16.537860870,6.888528347,1.224710464,-0.813548684,-0.002201897,0.000000000,0.000000000,0.000000000,0.000000000,0.000000000,0.000000000,0.000000000,0.000000000,0.000000000,0.000000000,0.000000000,0.000000000,0.000000000,0.000000000,0.000000000,0.000000000,0.000000000,0.000000000,0.012211353,0.007759094,0.023792744,0.103176117,-0.003571868,0.005406243,0.013202317,0.008716574,-0.001177126,0.045803995,-0.002850837,0.003640637
5.709444523,0.619161606,0.627982140,1.557589531,0.011313438,0.131348610,0.027803421,-0.058410645,0.024719238,0.020812988,-0.100040436,-0.012588501,-0.001510620,0.619161606,0.627982140,1.557589531,0.011313438,0.131348610,0.027803421,-0.000019580,-16.537860870,6.888527870,1.224709868,-0.813548565,-0.002202483,0.002334595,-16.539257050,6.901945114,1.267705917,-0.818829536,0.010467529,-0.000019580,-16.537860870,6.888527870,1.224709868,-0.813548565,-0.002202483,0.000000000,0.000000000,0.000000000,0.000000000,0.000000000,0.000000000,0.000000000,0.000000000,0.000000000,0.000000000,0.000000000,0.000000000,0.000000000,0.000000000,0.000000000,0.000000000,0.000000000,0.000000000,0.002354175,-0.001396179,0.013417244,0.042996049,-0.005280972,0.012670013,0.003345139,-0.000438700,-0.011552626,-0.014376073,-0.004559941,0.010904407
5.719403505,0.619161606,0.627982140,1.557589531,0.011313438,0.131348610,0.027420044,-0.051696777,0.049743652,0.038269043,-0.098697662,-0.022659302,-0.023666382,0.619161606,0.627982140,1.557589531,0.011313438,0.131348610,0.027803421,-0.000019580,-16.537860870,6.888527870,1.224709868,-0.813548565,-0.002202483,-0.014785767,-16.594188690,6.876523972,1.286901474,-0.822247505,0.000213623,-0.000019580,-16.537860870,6.888527870,1.224709868,-0.813548565,-0.002202483,0.000000000,0.000000000,0.000000000,0.000000000,0.000000000,0.000000000,0.000000000,0.000000000,0.000000000,0.000000000,0.000000000,0.000000000,0.000000000,0.000000000,0.000000000,0.000000000,0.000000000,0.000000000,-0.014766187,-0.056327820,-0.012003899,0.062191606,-0.008698940,0.002416106,-0.013775222,-0.055370340,-0.036973768,0.004819483,-0.007977909,0.000650501
5.729378462,0.619161606,0.627982140,1.557972908,0.011313438,0.131348610,0.027420044,0.042297363,0.112611771,0.117492676,0.128234863,-0.029708862,-0.035751343,0.619161606,0.627982140,1.557589531,0.011313438,0.131348610,0.027803421,-0.000019580,-16.537860870,6.888527870,1.224709868,-0.813548565,-0.002202483,0.001815796,-16.550243378,6.902982712,1.272893906,-0.785076141,0.019866943,-0.000019580,-16.537860870,6.888527870,1.224709868,-0.813548565,-0.002202483,0.000000000,0.000000000,0.000000000,0.000000000,0.000000000,0.000000000,0.000000000,0.000000000,0.000000000,0.000000000,0.000000000,0.000000000,0.000000000,0.000000000,0.000000000,0.000000000,0.000000000,0.000000000,0.001835376,-0.012382507,0.014454842,0.048184037,0.028472424,0.022069427,0.002826340,-0.011425028,-0.010515028,-0.009188085,0.029193454,0.020303821
5.739379644,0.619161606,0.627982140,1.557589531,0.011313438,0.131348610,0.027420044,-0.028869629,0.049133301,-0.027526855,0.093322754,0.017623901,-0.051864624,0.619161606,0.627598763,1.557589531,0.011313438,0.130965233,0.027420044,-0.000019576,-16.535314560,6.890751362,1.225342989,-0.813817143,-0.002202587,-0.016342163,-16.502632141,6.916990280,1.294683456,-0.859418869,-0.006622314,-0.000019576,-16.535314560,6.890751362,1.225342989,-0.813817143,-0.002202587,0.000000000,0.000000000,0.000000000,0.000000000,0.000000000,0.000000000,0.000000000,0.000000000,0.000000000,0.000000000,0.000000000,0.000000000,0.000000000,0.000000000,0.000000000,0.000000000,0.000000000,0.000000000,-0.016322587,0.032682419,0.026238918,0.069340467,-0.045601726,-0.004419727,-0.015331623,0.033639898,0.001269049,0.011968345,-0.044880695,-0.006185333
5.749378443,0.619161606,0.627982140,1.557589531,0.011313438,0.130965233,0.027803421,-0.066467285,-0.066835403,-0.070495605,-0.069152832,-0.027694702,0.069992065,0.619161606,0.627982140,1.557589531,0.011313438,0.131348610,0.027420044,-0.000019580,-16.537860870,6.888528347,1.224710464,-0.813548684,-0.002201897,-0.010635376,-16.491645813,6.922697067,1.274969101,-0.803021431,-0.003631592,-0.000019580,-16.537860870,6.888528347,1.224710464,-0.813548684,-0.002201897,0.000000000,0.000000000,0.000000000,0.000000000,0.000000000,0.000000000,0.000000000,0.000000000,0.000000000,0.000000000,0.000000000,0.000000000,0.000000000,0.000000000,0.000000000,0.000000000,0.000000000,0.000000000,-0.010615796,0.046215057,0.034168720,0.050258636,0.010527253,-0.001429695,-0.009624831,0.047172537,0.009198851,-0.007113486,0.011248284,-0.003195301
5.759412050,0.619161606,0.627982140,1.557589531,0.011313438,0.131348610,0.027803421,-0.112125397,-0.042421341,-0.188663483,0.087951660,0.047836304,0.012588501,0.619161606,0.627982140,1.557589531,0.011313438,0.130965233,0.027803421,-0.000019580,-16.538076401,6.888732433,1.224937201,-0.813589752,-0.002202593,-0.026199341,-16.537425995,6.918027878,1.290533066,-0.805584908,-0.007049561,-0.000019580,-16.538076401,6.888732433,1.224937201,-0.813589752,-0.002202593,0.000000000,0.000000000,0.000000000,0.000000000,0.000000000,0.000000000,0.000000000,0.000000000,0.000000000,0.000000000,0.000000000,0.000000000,0.000000000,0.000000000,0.000000000,0.000000000,0.000000000,0.000000000,-0.026179761,0.000650406,0.029295444,0.065595865,0.008004844,-0.004846968,-0.025188796,0.001607885,0.004325575,0.008223743,0.008725875,-0.006612574
5.769411802,0.619161606,0.627982140,1.557589531,0.011313438,0.131348610,0.027803421,0.085266113,-0.051576614,0.024841309,0.031555176,0.015609741,0.002517700,0.619161606,0.627982140,1.557589531,0.011313438,0.131348610,0.027803421,-0.000019580,-16.537860870,6.888527870,1.224709868,-0.813548565,-0.002202483,0.005447388,-16.522773743,6.912839890,1.239688873,-0.808575630,0.024566650,-0.000019580,-16.537860870,6.888527870,1.224709868,-0.813548565,-0.002202483,0.000000000,0.000000000,0.000000000,0.000000000,0.000000000,0.000000000,0.000000000,0.000000000,0.000000000,0.000000000,0.000000000,0.000000000,0.000000000,0.000000000,0.000000000,0.000000000,0.000000000,0.000000000,0.005466968,0.015087128,0.024312019,0.014979005,0.004972935,0.026769134,0.006457932,0.016044607,-0.000657850,-0.042393117,0.005693966,0.025003528
5.779435635,0.619161606,0.627982140,1.557589531,0.011313438,0.131348610,0.027803421,0.010070801,0.000915527,-0.018127441,-0.039611816,-0.055892944,0.004531860,0.619161606,0.627982140,1.557589531,0.011313438,0.131348610,0.027803421,-0.000019580,-16.537860870,6.888527870,1.224709868,-0.813548565,-0.002202483,0.000259399,-16.502632141,6.910764694,1.295721054,-0.821393013,0.004913330,-0.000019580,-16.537860870,6.888527870,1.224709868,-0.813548565,-0.002202483,0.000000000,0.000000000,0.000000000,0.000000000,0.000000000,0.000000000,0.000000000,0.000000000,0.000000000,0.000000000,0.000000000,0.000000000,0.000000000,0.000000000,0.000000000,0.000000000,0.000000000,0.000000000,0.000278979,0.035228729,0.022236824,0.071011186,-0.007844448,0.007115813,0.001269944,0.036186209,-0.002733046,0.013639063,-0.007123417,0.005350208
5.789413929,0.619161606,0.627982140,1.557589531,0.011313438,0.131348610,0.027420044,0.022155762,0.079042435,-0.061096191,0.032897949,-0.039779663,-0.013595581,0.619161606,0.627982140,1.557589531,0.011313438,0.131348610,0.027803421,-0.000019580,-16.537860870,6.888527870,1.224709868,-0.813548565,-0.002202483,0.004409790,-16.489814758,6.919065475,1.288457870,-0.810284615,-0.007476807,-0.000019580,-16.537860870,6.888527870,1.224709868,-0.813548565,-0.002202483,0.000000000,0.000000000,0.000000000,0.000000000,0.000000000,0.000000000,0.000000000,0.000000000,0.000000000,0.000000000,0.000000000,0.000000000,0.000000000,0.000000000,0.000000000,0.000000000,0.000000000,0.000000000,0.004429370,0.048046112,0.030537605,0.063748002,0.003263950,-0.005274323,0.005420335,0.049003592,0.005567736,0.006375880,0.003984981,-0.007039929
5.799413443,0.619161606,0.627982140,1.557589531,0.011313438,0.131348610,0.027420044,-0.061096191,-0.052797318,0.032897949,0.100036621,0.074020386,-0.006546021,0.619161606,0.627982140,1.557589531,0.011313438,0.131348610,0.027803421,-0.000019580,-16.537860870,6.888527870,1.224709868,-0.813548565,-0.002202483,0.009078979,-16.561229706,6.919065475,1.271337509,-0.792339325,0.000640869,-0.000019580,-16.537860870,6.888527870,1.224709868,-0.813548565,-0.002202483,0.000000000,0.000000000,0.000000000,0.000000000,0.000000000,0.000000000,0.000000000,0.000000000,0.000000000,0.000000000,0.000000000,0.000000000,0.000000000,0.000000000,0.000000000,0.000000000,0.000000000,0.000000000,0.009098560,-0.023368835,0.030537605,0.046627641,0.021209240,0.002843353,0.010089524,-0.022411356,0.005567736,-0.010744482,0.021930271,0.001077747
5.809377193,0.619161606,0.627982140,1.557589531,0.011313438,0.131348610,0.027803421,-0.018127441,0.068054199,0.113464355,0.038269043,-0.011581421,0.033737183,0.619161606,0.627982140,1.557589531,0.011313438,0.131348610,0.027420044,-0.000019580,-16.537860870,6.888528347,1.224710464,-0.813548684,-0.002201897,-0.032943726,-16.583202362,6.924253464,1.271337509,-0.815838814,0.012176514,-0.000019580,-16.537860870,6.888528347,1.224710464,-0.813548684,-0.002201897,0.000000000,0.000000000,0.000000000,0.000000000,0.000000000,0.000000000,0.000000000,0.000000000,0.000000000,0.000000000,0.000000000,0.000000000,0.000000000,0.000000000,0.000000000,0.000000000,0.000000000,0.000000000,-0.032924146,-0.045341492,0.035725117,0.046627045,-0.002290130,0.014378411,-0.031933181,-0.044384012,0.010755247,-0.010745078,-0.001569099,0.012612805
5.819379807,0.618778229,0.627982140,1.557589531,0.011313438,0.131348610,0.027803421,0.019470215,-0.013122559,0.094665527,0.000671387,-0.025680542,0.021652222,0.619161606,0.627982140,1.557589531,0.011313438,0.131348610,0.027803421,-0.000019580,-16.537860870,6.888527870,1.224709868,-0.813548565,-0.002202483,0.069780350,-16.508125305,6.905057907,1.291570663,-0.796185493,-0.011749268,-0.000019580,-16.537860870,6.888527870,1.224709868,-0.813548565,-0.002202483,0.000000000,0.000000000,0.000000000,0.000000000,0.000000000,0.000000000,0.000000000,0.000000000,0.000000000,0.000000000,0.000000000,0.000000000,0.000000000,0.000000000,0.000000000,0.000000000,0.000000000,0.000000000,0.069799930,0.029735565,0.016530037,0.066860795,0.017363071,-0.009546784,0.070790894,0.030693045,-0.008439833,0.009488673,0.018084102,-0.011312390
5.829379559,0.619161606,0.627982140,1.557589531,0.011313438,0.131348610,0.027420044,0.169860840,0.012512207,-0.004699707,-0.010070801,0.054885864,0.020645142,0.619161606,0.627982140,1.557589531,0.011313438,0.131348610,0.027803421,-0.000019580,-16.537860870,6.888527870,1.224709868,-0.813548565,-0.002202483,0.000778198,-16.557567596,6.915433884,1.301427841,-0.803875923,0.014739990,-0.000019580,-16.537860870,6.888527870,1.224709868,-0.813548565,-0.002202483,0.000000000,0.000000000,0.000000000,0.000000000,0.000000000,0.000000000,0.000000000,0.000000000,0.000000000,0.000000000,0.000000000,0.000000000,0.000000000,0.000000000,0.000000000,0.000000000,0.000000000,0.000000000,0.000797778,-0.019706726,0.026906013,0.076717973,0.009672642,0.016942474,0.001788743,-0.018749247,0.001936144,0.019345850,0.010393673,0.015176868
5.839398384,0.619161606,0.627982140,1.557972908,0.011313438,0.131348610,0.027803421,-0.136295319,-0.060731888,0.070495605,-0.022155762,0.025680542,-0.030715942,0.619161606,0.627982140,1.557589531,0.011313438,0.130965233,0.027420044,-0.000019580,-16.538078308,6.888732910,1.224937797,-0.813589871,-0.002202006,0.008041382,-16.517280579,6.936185837,1.291570663,-0.795331001,0.006195068,-0.000019580,-16.538078308,6.888732910,1.224937797,-0.813589871,-0.002202006,0.000000000,0.000000000,0.000000000,0.000000000,0.000000000,0.000000000,0.000000000,0.000000000,0.000000000,0.000000000,0.000000000,0.000000000,0.000000000,0.000000000,0.000000000,0.000000000,0.000000000,0.000000000,0.008060962,0.020797729,0.047452927,0.066632867,0.018258870,0.008397074,0.009051927,0.021755209,0.022483057,0.009260745,0.018979901,0.006631469
5.849376440,0.619161606,0.627982140,1.557589531,0.011313438,0.131348610,0.027420044,-0.044982910,-0.027160645,-0.020812988,-0.000671387,-0.052871704,0.039779663,0.619161606,0.627982140,1.557589531,0.011313438,0.131348610,0.027803421,-0.000019580,-16.537860870,6.888527870,1.224709868,-0.813548565,-0.002202483,-0.020492554,-16.528270721,6.897794724,1.350713730,-0.811566353,-0.011749268,-0.000019580,-16.537860870,6.888527870,1.224709868,-0.813548565,-0.002202483,0.000000000,0.000000000,0.000000000,0.000000000,0.000000000,0.000000000,0.000000000,0.000000000,0.000000000,0.000000000,0.000000000,0.000000000,0.000000000,0.000000000,0.000000000,0.000000000,0.000000000,0.000000000,-0.020472974,0.009590149,0.009266853,0.126003861,0.001982212,-0.009546784,-0.019482009,0.010547628,-0.015703016,0.068631739,0.002703243,-0.011312390
5.859379768,0.618778229,0.627982140,1.557589531,0.011313438,0.131348610,0.027803421,-0.109439850,-0.093690872,-0.136295319,-0.022155762,0.000503540,-0.030715942,0.619161606,0.627982140,1.557589531,0.011313438,0.131348610,0.027803421,-0.000019580,-16.537860870,6.888527870,1.224709868,-0.813548565,-0.002202483,-0.000259399,-16.524608612,6.923734665,1.242801666,-0.817547798,-0.007049561,-0.000019580,-16.537860870,6.888527870,1.224709868,-0.813548565,-0.002202483,0.000000000,0.000000000,0.000000000,0.000000000,0.000000000,0.000000000,0.000000000,0.000000000,0.000000000,0.000000000,0.000000000,0.000000000,0.000000000,0.000000000,0.000000000,0.000000000,0.000000000,0.000000000,-0.000239819,0.013252258,0.035206795,0.018091798,-0.003999233,-0.004847077,0.000751145,0.014209738,0.010236925,-0.039280324,-0.003278202,-0.006612683
5.869410276,0.619161606,0.627982140,1.557589531,0.011313438,0.131348610,0.027803421,-0.075866699,0.005798340,0.019470215,0.069152832,0.029708862,-0.006546021,0.619161606,0.627982140,1.557589531,0.011313438,0.131348610,0.027420044,-0.000019580,-16.537860870,6.888528347,1.224710464,-0.813548684,-0.002201897,-0.009078979,-16.533763885,6.907651901,1.271337509,-0.820965767,-0.002349854,-0.000019580,-16.537860870,6.888528347,1.224710464,-0.813548684,-0.002201897,0.000000000,0.000000000,0.000000000,0.000000000,0.000000000,0.000000000,0.000000000,0.000000000,0.000000000,0.000000000,0.000000000,0.000000000,0.000000000,0.000000000,0.000000000,0.000000000,0.000000000,0.000000000,-0.009059399,0.004096985,0.019123554,0.046627045,-0.007417083,-0.000147957,-0.008068435,0.005054464,-0.005846315,-0.010745078,-0.006696052,-0.001913562
5.879406691,0.619161606,0.627982140,1.557589531,0.011313438,0.130965233,0.027420044,-0.004699707,-0.084535599,-0.171207428,-0.039611816,-0.041793823,0.054885864,0.619161606,0.627982140,1.557589531,0.011313438,0.130965233,0.027420044,-0.000019580,-16.538078308,6.888732910,1.224937797,-0.813589871,-0.002202006,-0.005966187,-16.590526581,6.905057907,1.269262314,-0.780803680,-0.004486084,-0.000019580,-16.538078308,6.888732910,1.224937797,-0.813589871,-0.002202006,0.000000000,0.000000000,0.000000000,0.000000000,0.000000000,0.000000000,0.000000000,0.000000000,0.000000000,0.000000000,0.000000000,0.000000000,0.000000000,0.000000000,0.000000000,0.000000000,0.000000000,0.000000000,-0.005946606,-0.052448273,0.016324997,0.044324517,0.032786191,-0.002284078,-0.004955642,-0.051490793,-0.008644873,-0.013047605,0.033507221,-0.004049684
5.889376163,0.619161606,0.627982140,1.557589531,0.011313438,0.131348610,0.027420044,-0.134952545,0.000915527,0.109436035,0.032897949,0.044815063,-0.034744263,0.619161606,0.627982140,1.557589531,0.011313438,0.131348610,0.027803421,-0.000019580,-16.537860870,6.888527870,1.224709868,-0.813548565,-0.002202483,0.018417358,-16.563060760,6.914396286,1.185733795,-0.816693306,0.001068115,-0.000019580,-16.537860870,6.888527870,1.224709868,-0.813548565,-0.002202483,0.000000000,0.000000000,0.000000000,0.000000000,0.000000000,0.000000000,0.000000000,0.000000000,0.000000000,0.000000000,0.000000000,0.000000000,0.000000000,0.000000000,0.000000000,0.000000000,0.000000000,0.000000000,0.018436938,-0.025199890,0.025868416,-0.038976073,-0.003144741,0.003270599,0.019427903,-0.024242411,0.000898546,-0.096348196,-0.002423710,0.001504993
5.899372339,0.619161606,0.627982140,1.557589531,0.011313438,0.131348610,0.027803421,0.042297363,-0.014953613,-0.105411530,-0.016784668,0.057907104,-0.013595581,0.619161606,0.627982140,1.557589531,0.011313438,0.131348610,0.027803421,-0.000019580,-16.537860870,6.888527870,1.224709868,-0.813548565,-0.002202483,-0.030349731,-16.495307922,6.912839890,1.300909042,-0.793622017,-0.012603760,-0.000019580,-16.537860870,6.888527870,1.224709868,-0.813548565,-0.002202483,0.000000000,0.000000000,0.000000000,0.000000000,0.000000000,0.000000000,0.000000000,0.000000000,0.000000000,0.000000000,0.000000000,0.000000000,0.000000000,0.000000000,0.000000000,0.000000000,0.000000000,0.000000000,-0.030330151,0.042552948,0.024312019,0.076199174,0.019926548,-0.010401276,-0.029339187,0.043510428,-0.000657850,0.018827052,0.020647579,-0.012166882
5.909410000,0.619161606,0.627598763,1.557589531,0.011313438,0.131348610,0.027803421,0.007385254,-0.132753372,-0.046325684,-0.039611816,-0.004531860,-0.001510620,0.619161606,0.627982140,1.557589531,0.011313438,0.131348610,0.027803421,-0.000019580,-16.537860870,6.888527870,1.224709868,-0.813548565,-0.002202483,-0.004409790,-16.616161346,6.913358688,1.283269882,-0.817547798,-0.000640869,-0.000019580,-16.537860870,6.888527870,1.224709868,-0.813548565,-0.002202483,0.000000000,0.000000000,0.000000000,0.000000000,0.000000000,0.000000000,0.000000000,0.000000000,0.000000000,0.000000000,0.000000000,0.000000000,0.000000000,0.000000000,0.000000000,0.000000000,0.000000000,0.000000000,-0.004390210,-0.078300476,0.024830818,0.058560014,-0.003999233,0.001561614,-0.003399246,-0.077342997,-0.000139051,0.001187892,-0.003278202,-0.000203991
5.919404507,0.619161606,0.627982140,1.557589531,0.011313438,0.131348610,0.027803421,0.065124512,0.123598099,0.012756348,-0.049011230,0.032730103,0.016616821,0.619161606,0.627982140,1.557589531,0.011313438,0.131348610,0.027803421,-0.000019580,-16.537860870,6.888527870,1.224709868,-0.813548565,-0.002202483,0.073411942,-16.563060760,6.921140671,1.286901474,-0.851301193,-0.019012451,-0.000019580,-16.537860870,6.888527870,1.224709868,-0.813548565,-0.002202483,0.000000000,0.000000000,0.000000000,0.000000000,0.000000000,0.000000000,0.000000000,0.000000000,0.000000000,0.000000000,0.000000000,0.000000000,0.000000000,0.000000000,0.000000000,0.000000000,0.000000000,0.000000000,0.073431522,-0.025199890,0.032612801,0.062191606,-0.037752628,-0.016809968,0.074422486,-0.024242411,0.007642931,0.004819483,-0.037031597,-0.018575573
5.929378271,0.619161606,0.627982140,1.557589531,0.011313438,0.130965233,0.027803421,-0.003356934,0.026550293,0.179264069,-0.058410645,0.000503540,0.037765503,0.619161606,0.627982140,1.557589531,0.011313438,0.130965233,0.027803421,-0.000019580,-16.538076401,6.888732433,1.224937201,-0.813589752,-0.002202593,0.029312134,-16.583202362,6.915433884,1.217899323,-0.846600533,0.012176514,-0.000019580,-16.538076401,6.888732433,1.224937201,-0.813589752,-0.002202593,0.000000000,0.000000000,0.000000000,0.000000000,0.000000000,0.000000000,0.000000000,0.000000000,0.000000000,0.000000000,0.000000000,0.000000000,0.000000000,0.000000000,0.000000000,0.000000000,0.000000000,0.000000000,0.029331714,-0.045125961,0.026701450,-0.007037878,-0.033010781,0.014379106,0.030322679,-0.044168482,0.001731581,-0.064410000,-0.032289750,0.012613501
5.939412594,0.619161606,0.627982140,1.557589531,0.011313438,0.131348610,0.027803421,0.132263184,0.002136230,-0.196720123,-0.188663483,0.045822144,-0.015609741,0.619161606,0.627982140,1.557589531,0.011313438,0.131348610,0.027420044,-0.000019580,-16.537860870,6.888528347,1.224710464,-0.813548684,-0.002201897,0.001815796,-16.561229706,6.893644333,1.292608261,-0.819256783,0.000213623,-0.000019580,-16.537860870,6.888528347,1.224710464,-0.813548684,-0.002201897,0.000000000,0.000000000,0.000000000,0.000000000,0.000000000,0.000000000,0.000000000,0.000000000,0.000000000,0.000000000,0.000000000,0.000000000,0.000000000,0.000000000,0.000000000,0.000000000,0.000000000,0.000000000,0.001835376,-0.023368835,0.005115986,0.067897797,-0.005708098,0.002415520,0.002826340,-0.022411356,-0.019853884,0.010525674,-0.004987068,0.000649914
5.949376822,0.619161606,0.627982140,1.557589531,0.011313438,0.130965233,0.027420044,-0.069152832,-0.043642044,-0.109439850,0.061096191,-0.080066681,-0.006546021,0.619161606,0.627982140,1.557589531,0.011313438,0.131348610,0.027420044,-0.000019580,-16.537860870,6.888528347,1.224710464,-0.813548684,-0.002201897,0.018936157,-16.504463196,6.914915085,1.308172226,-0.780803680,0.017730713,-0.000019580,-16.537860870,6.888528347,1.224710464,-0.813548684,-0.002201897,0.000000000,0.000000000,0.000000000,0.000000000,0.000000000,0.000000000,0.000000000,0.000000000,0.000000000,0.000000000,0.000000000,0.000000000,0.000000000,0.000000000,0.000000000,0.000000000,0.000000000,0.000000000,0.018955737,0.033397675,0.026386738,0.083461761,0.032745004,0.019932610,0.019946702,0.034355154,0.001416868,0.026089639,0.033466035,0.018167004
5.959418774,0.619161606,0.627982140,1.557589531,0.011313438,0.131348610,0.027420044,-0.058410645,-0.021057129,-0.067810059,-0.077209473,-0.006546021,-0.001510620,0.619161606,0.627982140,1.557589531,0.011313438,0.131348610,0.027420044,-0.000019580,-16.537860870,6.888528347,1.224710464,-0.813548684,-0.002201897,0.003372192,-16.506294250,6.906614304,1.272893906,-0.820538521,0.011322021,-0.000019580,-16.537860870,6.888528347,1.224710464,-0.813548684,-0.002201897,0.000000000,0.000000000,0.000000000,0.000000000,0.000000000,0.000000000,0.000000000,0.000000000,0.000000000,0.000000000,0.000000000,0.000000000,0.000000000,0.000000000,0.000000000,0.000000000,0.000000000,0.000000000,0.003391772,0.031566620,0.018085957,0.048183441,-0.006989837,0.013523918,0.004382737,0.032524099,-0.006883913,-0.009188681,-0.006268806,0.011758313
5.969379187,0.619161606,0.627982140,1.557589531,0.011313438,0.131348610,0.027803421,-0.083923340,0.052185059,-0.038269043,-0.116153717,0.073013306,0.012588501,0.618778229,0.627982140,1.557589531,0.011313438,0.130965233,0.027803421,-0.000019564,-16.538076401,6.888732433,1.224937201,-0.813589752,-0.002202593,-0.048509598,-16.522773743,6.902463913,1.348638535,-0.828228951,-0.001495361,-0.000019564,-16.538076401,6.888732433,1.224937201,-0.813589752,-0.002202593,0.000000000,0.000000000,0.000000000,0.000000000,0.000000000,0.000000000,0.000000000,0.000000000,0.000000000,0.000000000,0.000000000,0.000000000,0.000000000,0.000000000,0.000000000,0.000000000,0.000000000,0.000000000,-0.048490034,0.015302658,0.013731480,0.123701334,-0.014639199,0.000707231,-0.047499069,0.016260138,-0.011238390,0.066329212,-0.013918168,-0.001058374
5.979385614,0.619161606,0.627982140,1.557589531,0.011313438,0.131348610,0.027803421,0.097351074,-0.118104935,-0.035583496,-0.035583496,0.045822144,0.038772583,0.619161606,0.627982140,1.557589531,0.011313438,0.131348610,0.027420044,-0.000019580,-16.537860870,6.888528347,1.224710464,-0.813548684,-0.002201897,-0.002853394,-16.524608612,6.890012741,1.280157089,-0.807721138,-0.007049561,-0.000019580,-16.537860870,6.888528347,1.224710464,-0.813548684,-0.002201897,0.000000000,0.000000000,0.000000000,0.000000000,0.000000000,0.000000000,0.000000000,0.000000000,0.000000000,0.000000000,0.000000000,0.000000000,0.000000000,0.000000000,0.000000000,0.000000000,0.000000000,0.000000000,-0.002833814,0.013252258,0.001484394,0.055446625,0.005827546,-0.004847664,-0.001842849,0.014209738,-0.023485476,-0.001925498,0.006548577,-0.006613269
5.989409208,0.619161606,0.627982140,1.557589531,0.011313438,0.131348610,0.027803421,0.067810059,0.023498535,0.024841309,-0.149723053,-0.013595581,0.000503540,0.619161606,0.627982140,1.557589531,0.011313438,0.131348610,0.027803421,-0.000019580,-16.537860870,6.888527870,1.224709868,-0.813548565,-0.002202483,0.021011353,-16.552074432,6.895719528,1.268224716,-0.825665474,0.008758545,-0.000019580,-16.537860870,6.888527870,1.224709868,-0.813548565,-0.002202483,0.000000000,0.000000000,0.000000000,0.000000000,0.000000000,0.000000000,0.000000000,0.000000000,0.000000000,0.000000000,0.000000000,0.000000000,0.000000000,0.000000000,0.000000000,0.000000000,0.000000000,0.000000000,0.021030933,-0.014213562,0.007191658,0.043514848,-0.012116909,0.010961028,0.022021897,-0.013256082,-0.017778212,-0.013857275,-0.011395878,0.009195423
5.999383450,0.619161606,0.627982140,1.557589531,0.011313438,0.131348610,0.027420044,0.085266113,-0.080873489,-0.018127441,-0.086612701,-0.012588501,-0.043807983,0.619161606,0.627982140,1.557589531,0.011696815,0.131348610,0.027803421,-0.000019581,-16.538246155,6.888892651,1.225115061,-0.813775837,-0.002203064,-0.002853394,-16.552074432,6.909208298,1.272893906,-0.788494110,0.007049561,-0.000019581,-16.538246155,6.888892651,1.225115061,-0.813775837,-0.002203064,0.000000000,0.000000000,0.000000000,0.000000000,0.000000000,0.000000000,0.000000000,0.000000000,0.000000000,0.000000000,0.000000000,0.000000000,0.000000000,0.000000000,0.000000000,0.000000000,0.000000000,0.000000000,-0.002833813,-0.013828278,0.020315647,0.047778845,0.025281727,0.009252625,-0.001842848,-0.012870798,-0.004654222,-0.009593277,0.026002758,0.007487019
6.009519577,0.619161606,0.627982140,1.557972908,0.011313438,0.131348610,0.027420044,-0.058410645,0.030212402,0.046325684,0.015441895,0.006546021,0.039779663,0.619161606,0.627982140,1.557589531,0.011313438,0.131348610,0.027420044,-0.000019580,-16.537860870,6.888528347,1.224710464,-0.813548684,-0.002201897,-0.016342163,-16.566722870,6.910245895,1.287420273,-0.832074165,-0.016448975,-0.000019580,-16.537860870,6.888528347,1.224710464,-0.813548684,-0.002201897,0.000000000,0.000000000,0.000000000,0.000000000,0.000000000,0.000000000,0.000000000,0.000000000,0.000000000,0.000000000,0.000000000,0.000000000,0.000000000,0.000000000,0.000000000,0.000000000,0.000000000,0.000000000,-0.016322583,-0.028862000,0.021717548,0.062709808,-0.018525481,-0.014247078,-0.015331619,-0.027904520,-0.003252321,0.005337686,-0.017804450,-0.016012683
6.019385815,0.619161606,0.627982140,1.557589531,0.011313438,0.131348610,0.027803421,0.014099121,0.132143021,-0.020812988,-0.082580566,-0.063949585,-0.049850464,0.619161606,0.627982140,1.557589531,0.011313438,0.131348610,0.027803421,-0.000019580,-16.537860870,6.888527870,1.224709868,-0.813548565,-0.002202483,0.007522583,-16.539257050,6.912839890,1.254215240,-0.811139107,0.006622314,-0.000019580,-16.537860870,6.888527870,1.224709868,-0.813548565,-0.002202483,0.000000000,0.000000000,0.000000000,0.000000000,0.000000000,0.000000000,0.000000000,0.000000000,0.000000000,0.000000000,0.000000000,0.000000000,0.000000000,0.000000000,0.000000000,0.000000000,0.000000000,0.000000000,0.007542163,-0.001396179,0.024312019,0.029505372,0.002409458,0.008824798,0.008533128,-0.000438700,-0.000657850,-0.027866750,0.003130489,0.007059192
6.029380560,0.618778229,0.627982140,1.557589531,0.011313438,0.130965233,0.027803421,-0.047668457,0.025329590,0.053039551,-0.122867584,-0.025680542,-0.051864624,0.619161606,0.627982140,1.557589531,0.011313438,0.131348610,0.027803421,-0.000019580,-16.537860870,6.888527870,1.224709868,-0.813548565,-0.002202483,0.011672974,-16.517280579,6.922697067,1.297796249,-0.810711861,-0.000640869,-0.000019580,-16.537860870,6.888527870,1.224709868,-0.813548565,-0.002202483,0.000000000,0.000000000,0.000000000,0.000000000,0.000000000,0.000000000,0.000000000,0.000000000,0.000000000,0.000000000,0.000000000,0.000000000,0.000000000,0.000000000,0.000000000,0.000000000,0.000000000,0.000000000,0.011692554,0.020580292,0.034169197,0.073086381,0.002836704,0.001561614,0.012683518,0.021537771,0.009199327,0.015714259,0.003557735,-0.000203991
6.039404869,0.619161606,0.627982140,1.557589531,0.011313438,0.131348610,0.027420044,0.069152832,0.008850098,0.149719238,-0.024841309,0.030715942,-0.068988800,0.619161606,0.627982140,1.557589531,0.011313438,0.131348610,0.027803421,-0.000019580,-16.537860870,6.888527870,1.224709868,-0.813548565,-0.002202483,0.019973755,-16.520942688,6.916471481,1.252140045,-0.812848091,0.004486084,-0.000019580,-16.537860870,6.888527870,1.224709868,-0.813548565,-0.002202483,0.000000000,0.000000000,0.000000000,0.000000000,0.000000000,0.000000000,0.000000000,0.000000000,0.000000000,0.000000000,0.000000000,0.000000000,0.000000000,0.000000000,0.000000000,0.000000000,0.000000000,0.000000000,0.019993335,0.016918182,0.027943611,0.027430177,0.000700474,0.006688567,0.020984299,0.017875662,0.002973742,-0.029941946,0.001421505,0.004922962
6.049379587,0.619161606,0.627598763,1.557589531,0.011313438,0.131348610,0.027803421,-0.002014160,-0.067445755,0.066467285,-0.022155762,-0.001510620,0.001510620,0.618778229,0.627982140,1.557589531,0.011313438,0.131348610,0.027803421,-0.000019564,-16.537860870,6.888527870,1.224709868,-0.813548565,-0.002202483,-0.026718140,-16.583202362,6.910245895,1.279638290,-0.801739693,0.006622314,-0.000019564,-16.537860870,6.888527870,1.224709868,-0.813548565,-0.002202483,0.000000000,0.000000000,0.000000000,0.000000000,0.000000000,0.000000000,0.000000000,0.000000000,0.000000000,0.000000000,0.000000000,0.000000000,0.000000000,0.000000000,0.000000000,0.000000000,0.000000000,0.000000000,-0.026698576,-0.045341492,0.021718025,0.054928422,0.011808872,0.008824798,-0.025707612,-0.044384012,-0.003251844,-0.002443700,0.012529903,0.007059192
6.059411049,0.619161606,0.627982140,1.557589531,0.011313438,0.130965233,0.027420044,-0.027526855,-0.079042435,-0.002014160,0.108093262,0.017623901,-0.064960480,0.619161606,0.627598763,1.557589531,0.011313438,0.131348610,0.027803421,-0.000019576,-16.535097122,6.890546322,1.225115061,-0.813775837,-0.002203064,-0.010635376,-16.531932831,6.902463913,1.277044296,-0.819684029,0.016876221,-0.000019576,-16.535097122,6.890546322,1.225115061,-0.813775837,-0.002203064,0.000000000,0.000000000,0.000000000,0.000000000,0.000000000,0.000000000,0.000000000,0.000000000,0.000000000,0.000000000,0.000000000,0.000000000,0.000000000,0.000000000,0.000000000,0.000000000,0.000000000,0.000000000,-0.010615800,0.003164291,0.011917591,0.051929235,-0.005908191,0.019079285,-0.009624836,0.004121771,-0.013052278,-0.005442887,-0.005187160,0.017313679
6.069377899,0.619161606,0.627982140,1.557589531,0.011313438,0.130965233,0.027803421,-0.101383209,-0.012512207,0.065124512,0.134948730,-0.010574341,0.012588501,0.619161606,0.627982140,1.557589531,0.011313438,0.131348610,0.027420044,-0.000019580,-16.537860870,6.888528347,1.224710464,-0.813548684,-0.002201897,-0.019973755,-16.522773743,6.906614304,1.295202255,-0.808575630,-0.008331299,-0.000019580,-16.537860870,6.888528347,1.224710464,-0.813548684,-0.002201897,0.000000000,0.000000000,0.000000000,0.000000000,0.000000000,0.000000000,0.000000000,0.000000000,0.000000000,0.000000000,0.000000000,0.000000000,0.000000000,0.000000000,0.000000000,0.000000000,0.000000000,0.000000000,-0.019954175,0.015087128,0.018085957,0.070491791,0.004973054,-0.006129402,-0.018963210,0.016044607,-0.006883913,0.013119669,0.005694085,-0.007895008
6.079415083,0.619161606,0.627982140,1.557589531,0.011313438,0.131348610,0.027803421,-0.019470215,0.130311966,0.063781738,0.038269043,0.028701782,-0.025680542,0.619161606,0.627982140,1.557589531,0.011313438,0.130965233,0.027803421,-0.000019580,-16.538076401,6.888732433,1.224937201,-0.813589752,-0.002202593,0.022048950,-16.546581268,6.899351120,1.225681305,-0.811566353,-0.010894775,-0.000019580,-16.538076401,6.888732433,1.224937201,-0.813589752,-0.002202593,0.000000000,0.000000000,0.000000000,0.000000000,0.000000000,0.000000000,0.000000000,0.000000000,0.000000000,0.000000000,0.000000000,0.000000000,0.000000000,0.000000000,0.000000000,0.000000000,0.000000000,0.000000000,0.022068530,-0.008504868,0.010618687,0.000744104,0.002023399,-0.008692183,0.023059495,-0.007547388,-0.014351183,-0.056628018,0.002744430,-0.010457788
6.089377403,0.618778229,0.627982140,1.557589531,0.011313438,0.130965233,0.027803421,-0.124210358,0.076599121,0.026184082,-0.012756348,-0.036758423,-0.038772583,0.619161606,0.627982140,1.557589531,0.011696815,0.131348610,0.027420044,-0.000019581,-16.538246155,6.888893127,1.225115657,-0.813775957,-0.002202478,0.000259399,-16.555736542,6.913877487,1.283788681,-0.806439400,-0.004913330,-0.000019581,-16.538246155,6.888893127,1.225115657,-0.813775957,-0.002202478,0.000000000,0.000000000,0.000000000,0.000000000,0.000000000,0.000000000,0.000000000,0.000000000,0.000000000,0.000000000,0.000000000,0.000000000,0.000000000,0.000000000,0.000000000,0.000000000,0.000000000,0.000000000,0.000278980,-0.017490387,0.024984360,0.058673024,0.007336557,-0.002710852,0.001269945,-0.016532907,0.000014490,0.001300902,0.008057588,-0.004476458
6.099378586,0.619161606,0.627982140,1.557589531,0.011313438,0.131348610,0.027420044,0.016784668,-0.047304153,-0.082580566,-0.082580566,0.057907104,-0.065967560,0.619161606,0.627982140,1.557589531,0.011313438,0.131348610,0.027803421,-0.000019580,-16.537860870,6.888527870,1.224709868,-0.813548565,-0.002202483,0.004409790,-16.491645813,6.924772263,1.294164658,-0.800885201,0.007476807,-0.000019580,-16.537860870,6.888527870,1.224709868,-0.813548565,-0.002202483,0.000000000,0.000000000,0.000000000,0.000000000,0.000000000,0.000000000,0.000000000,0.000000000,0.000000000,0.000000000,0.000000000,0.000000000,0.000000000,0.000000000,0.000000000,0.000000000,0.000000000,0.000000000,0.004429370,0.046215057,0.036244392,0.069454789,0.012663364,0.009679290,0.005420335,0.047172537,0.011274523,0.012082667,0.013384395,0.007913684
6.109377861,0.619161606,0.627982140,1.557589531,0.011313438,0.131348610,0.027803421,0.020812988,0.137636185,0.007385254,-0.226261139,-0.045822144,-0.024673462,0.619161606,0.627982140,1.557589531,0.011313438,0.131348610,0.027803421,-0.000019580,-16.537860870,6.888527870,1.224709868,-0.813548565,-0.002202483,0.000778198,-16.502632141,6.902463913,1.249546051,-0.806866646,-0.004058838,-0.000019580,-16.537860870,6.888527870,1.224709868,-0.813548565,-0.002202483,0.000000000,0.000000000,0.000000000,0.000000000,0.000000000,0.000000000,0.000000000,0.000000000,0.000000000,0.000000000,0.000000000,0.000000000,0.000000000,0.000000000,0.000000000,0.000000000,0.000000000,0.000000000,0.000797778,0.035228729,0.013936043,0.024836183,0.006681919,-0.001856355,0.001788743,0.036186209,-0.011033827,-0.032535940,0.007402950,-0.003621960
6.119382381,0.619161606,0.627982140,1.557589531,0.011313438,0.131348610,0.027803421,0.026184082,-0.096742630,-0.086612701,-0.010070801,0.005538940,0.006546021,0.618778229,0.627982140,1.557589531,0.011313438,0.131348610,0.027803421,-0.000019564,-16.537860870,6.888527870,1.224709868,-0.813548565,-0.002202483,0.029830933,-16.539257050,6.916990280,1.341894150,-0.790630341,0.010467529,-0.000019564,-16.537860870,6.888527870,1.224709868,-0.813548565,-0.002202483,0.000000000,0.000000000,0.000000000,0.000000000,0.000000000,0.000000000,0.000000000,0.000000000,0.000000000,0.000000000,0.000000000,0.000000000,0.000000000,0.000000000,0.000000000,0.000000000,0.000000000,0.000000000,0.029850496,-0.001396179,0.028462410,0.117184281,0.022918224,0.012670013,0.030841461,-0.000438700,0.003492540,0.059812159,0.023639255,0.010904407
6.129378557,0.619161606,0.627982140,1.557589531,0.011313438,0.131348610,0.027420044,-0.031555176,-0.057680130,-0.073181152,0.124206543,-0.015609741,-0.052871704,0.619161606,0.627982140,1.557589531,0.011313438,0.131348610,0.027803421,-0.000019580,-16.537860870,6.888527870,1.224709868,-0.813548565,-0.002202483,0.002853394,-16.537425995,6.923734665,1.262517929,-0.820538521,0.004486084,-0.000019580,-16.537860870,6.888527870,1.224709868,-0.813548565,-0.002202483,0.000000000,0.000000000,0.000000000,0.000000000,0.000000000,0.000000000,0.000000000,0.000000000,0.000000000,0.000000000,0.000000000,0.000000000,0.000000000,0.000000000,0.000000000,0.000000000,0.000000000,0.000000000,0.002872974,0.000434875,0.035206795,0.037808061,-0.006989956,0.006688567,0.003863938,0.001392355,0.010236925,-0.019564062,-0.006268925,0.004922962
6.139408588,0.619161606,0.627982140,1.557589531,0.011313438,0.131348610,0.027803421,0.070495605,-0.037536621,-0.144351959,0.100036621,0.034744263,-0.032730103,0.619161606,0.627982140,1.557589531,0.011313438,0.131348610,0.027803421,-0.000019580,-16.537860870,6.888527870,1.224709868,-0.813548565,-0.002202483,0.011154175,-16.541088104,6.918027878,1.282232285,-0.820538521,0.003631592,-0.000019580,-16.537860870,6.888527870,1.224709868,-0.813548565,-0.002202483,0.000000000,0.000000000,0.000000000,0.000000000,0.000000000,0.000000000,0.000000000,0.000000000,0.000000000,0.000000000,0.000000000,0.000000000,0.000000000,0.000000000,0.000000000,0.000000000,0.000000000,0.000000000,0.011173755,-0.003227234,0.029500008,0.057522416,-0.006989956,0.005834075,0.012164719,-0.002269754,0.004530138,0.000150294,-0.006268925,0.004068469
6.149378538,0.619161606,0.627982140,1.557589531,0.011313438,0.131348610,0.027803421,-0.020812988,-0.090639114,-0.027526855,-0.006042480,-0.010574341,-0.016616821,0.619161606,0.627982140,1.557589531,0.011313438,0.130965233,0.027803421,-0.000019580,-16.538076401,6.888732433,1.224937201,-0.813589752,-0.002202593,-0.000259399,-16.460517883,6.917509079,1.256290436,-0.793622017,0.006622314,-0.000019580,-16.538076401,6.888732433,1.224937201,-0.813589752,-0.002202593,0.000000000,0.000000000,0.000000000,0.000000000,0.000000000,0.000000000,0.000000000,0.000000000,0.000000000,0.000000000,0.000000000,0.000000000,0.000000000,0.000000000,0.000000000,0.000000000,0.000000000,0.000000000,-0.000239819,0.077558517,0.028776646,0.031353235,0.019967735,0.008824907,0.000751145,0.078515997,0.003806776,-0.026018887,0.020688766,0.007059301
6.159378529,0.619161606,0.627982140,1.557589531,0.011313438,0.131348610,0.027803421,0.094665527,-0.055849075,-0.124210358,-0.015441895,-0.010574341,-0.011581421,0.619161606,0.627982140,1.557589531,0.011313438,0.131348610,0.027803421,-0.000019580,-16.537860870,6.888527870,1.224709868,-0.813548565,-0.002202483,-0.009078979,-16.537425995,6.906614304,1.273931503,-0.795331001,0.002349854,-0.000019580,-16.537860870,6.888527870,1.224709868,-0.813548565,-0.002202483,0.000000000,0.000000000,0.000000000,0.000000000,0.000000000,0.000000000,0.000000000,0.000000000,0.000000000,0.000000000,0.000000000,0.000000000,0.000000000,0.000000000,0.000000000,0.000000000,0.000000000,0.000000000,-0.009059399,0.000434875,0.018086433,0.049221635,0.018217564,0.004552337,-0.008068435,0.001392355,-0.006883436,-0.008150487,0.018938594,0.002786731
6.169383764,0.619161606,0.627982140,1.557589531,0.011313438,0.131348610,0.027803421,0.066467285,-0.027770996,-0.149723053,-0.011413574,0.016616821,0.004531860,0.619161606,0.627982140,1.557589531,0.011313438,0.130965233,0.027420044,-0.000019580,-16.538078308,6.888732910,1.224937797,-0.813589871,-0.002202006,0.009597778,-16.513618469,6.908689499,1.264593124,-0.860700607,0.010894775,-0.000019580,-16.538078308,6.888732910,1.224937797,-0.813589871,-0.002202006,0.000000000,0.000000000,0.000000000,0.000000000,0.000000000,0.000000000,0.000000000,0.000000000,0.000000000,0.000000000,0.000000000,0.000000000,0.000000000,0.000000000,0.000000000,0.000000000,0.000000000,0.000000000,0.009617359,0.024459839,0.019956589,0.039655328,-0.047110736,0.013096781,0.010608323,0.025417318,-0.005013281,-0.017716794,-0.046389706,0.011331176
6.179434061,0.619161606,0.627982140,1.557589531,0.011313438,0.130965233,0.027420044,0.012756348,-0.020446777,-0.006042480,-0.043640137,-0.016616821,0.007553101,0.619161606,0.627982140,1.557589531,0.011313438,0.131348610,0.027803421,-0.000019580,-16.537860870,6.888527870,1.224709868,-0.813548565,-0.002202483,-0.016342163,-16.515449524,6.910245895,1.219455719,-0.804730415,0.004058838,-0.000019580,-16.537860870,6.888527870,1.224709868,-0.813548565,-0.002202483,0.000000000,0.000000000,0.000000000,0.000000000,0.000000000,0.000000000,0.000000000,0.000000000,0.000000000,0.000000000,0.000000000,0.000000000,0.000000000,0.000000000,0.000000000,0.000000000,0.000000000,0.000000000,-0.016322583,0.022411346,0.021718025,-0.005254149,0.008818150,0.006261321,-0.015331619,0.023368826,-0.003251844,-0.062626272,0.009539180,0.004495716
6.189378500,0.619161606,0.627982140,1.557589531,0.011313438,0.130965233,0.027420044,-0.011413574,0.015563965,-0.073181152,-0.118839264,-0.038772583,0.011581421,0.619161606,0.627982140,1.557589531,0.011313438,0.130965233,0.027803421,-0.000019580,-16.538076401,6.888732433,1.224937201,-0.813589752,-0.002202593,-0.007522583,-16.528270721,6.895200729,1.258884430,-0.803448677,0.001922607,-0.000019580,-16.538076401,6.888732433,1.224937201,-0.813589752,-0.002202593,0.000000000,0.000000000,0.000000000,0.000000000,0.000000000,0.000000000,0.000000000,0.000000000,0.000000000,0.000000000,0.000000000,0.000000000,0.000000000,0.000000000,0.000000000,0.000000000,0.000000000,0.000000000,-0.007503003,0.009805679,0.006468296,0.033947229,0.010141075,0.004125200,-0.006512038,0.010763159,-0.018501574,-0.023424893,0.010862106,0.002359594
6.199386597,0.618778229,0.627982140,1.557589531,0.011313438,0.131348610,0.027803421,0.055725098,0.048522949,0.100036621,-0.055725098,0.022659302,0.002517700,0.619161606,0.627982140,1.557589531,0.011313438,0.130965233,0.027803421,-0.000019580,-16.538076401,6.888732433,1.224937201,-0.813589752,-0.002202593,-0.017379761,-16.508125305,6.871335983,1.260959625,-0.853864670,-0.001922607,-0.000019580,-16.538076401,6.888732433,1.224937201,-0.813589752,-0.002202593,0.000000000,0.000000000,0.000000000,0.000000000,0.000000000,0.000000000,0.000000000,0.000000000,0.000000000,0.000000000,0.000000000,0.000000000,0.000000000,0.000000000,0.000000000,0.000000000,0.000000000,0.000000000,-0.017360180,0.029951096,-0.017396450,0.036022425,-0.040274918,0.000279985,-0.016369216,0.030908575,-0.042366320,-0.021349698,-0.039553887,-0.001485621
6.209376335,0.619161606,0.627982140,1.557589531,0.011313438,0.131348610,0.027803421,-0.047668457,0.056457520,-0.020812988,0.066467285,-0.042800903,-0.008560181,0.619161606,0.627982140,1.557589531,0.011313438,0.131348610,0.027803421,-0.000019580,-16.537860870,6.888527870,1.224709868,-0.813548565,-0.002202483,-0.007522583,-16.537425995,6.924772263,1.307653427,-0.809857368,-0.001068115,-0.000019580,-16.537860870,6.888527870,1.224709868,-0.813548565,-0.002202483,0.000000000,0.000000000,0.000000000,0.000000000,0.000000000,0.000000000,0.000000000,0.000000000,0.000000000,0.000000000,0.000000000,0.000000000,0.000000000,0.000000000,0.000000000,0.000000000,0.000000000,0.000000000,-0.007503003,0.000434875,0.036244392,0.082943559,0.003691196,0.001134368,-0.006512039,0.001392355,0.011274523,0.025571436,0.004412227,-0.000631238
6.219377279,0.619161606,0.627982140,1.557589531,0.011313438,0.131348610,0.027420044,0.038269043,0.034484863,-0.054382324,0.058410645,0.020645142,-0.002517700,0.619161606,0.627982140,1.557589531,0.011313438,0.130965233,0.027420044,-0.000019580,-16.538078308,6.888732910,1.224937797,-0.813589871,-0.002202006,0.016342163,-16.590526581,6.909208298,1.277563095,-0.855573654,-0.004486084,-0.000019580,-16.538078308,6.888732910,1.224937797,-0.813589871,-0.002202006,0.000000000,0.000000000,0.000000000,0.000000000,0.000000000,0.000000000,0.000000000,0.000000000,0.000000000,0.000000000,0.000000000,0.000000000,0.000000000,0.000000000,0.000000000,0.000000000,0.000000000,0.000000000,0.016361743,-0.052448273,0.020475388,0.052625299,-0.041983783,-0.002284078,0.017352708,-0.051490793,-0.004494482,-0.004746824,-0.041262752,-0.004049684
6.229406357,0.619161606,0.627982140,1.557589531,0.011313438,0.131348610,0.027420044,0.030212402,-0.059511185,-0.117496490,0.081237793,0.032730103,-0.041793823,0.619161606,0.627982140,1.557589531,0.011313438,0.131348610,0.027420044,-0.000019580,-16.537860870,6.888528347,1.224710464,-0.813548684,-0.002201897,-0.008560181,-16.491645813,6.906095505,1.301427841,-0.823956490,0.006622314,-0.000019580,-16.537860870,6.888528347,1.224710464,-0.813548684,-0.002201897,0.000000000,0.000000000,0.000000000,0.000000000,0.000000000,0.000000000,0.000000000,0.000000000,0.000000000,0.000000000,0.000000000,0.000000000,0.000000000,0.000000000,0.000000000,0.000000000,0.000000000,0.000000000,-0.008540601,0.046215057,0.017567158,0.076717377,-0.010407805,0.008824211,-0.007549636,0.047172537,-0.007402712,0.019345254,-0.009686775,0.007058606
6.239408970,0.619161606,0.627982140,1.557589531,0.011313438,0.130965233,0.027803421,0.053039551,0.001525879,0.199405670,0.038269043,-0.047836304,0.006546021,0.619161606,0.627982140,1.557589531,0.011313438,0.131348610,0.027420044,-0.000019580,-16.537860870,6.888528347,1.224710464,-0.813548684,-0.002201897,0.009597778,-16.568553925,6.927366257,1.273412704,-0.801739693,-0.015594482,-0.000019580,-16.537860870,6.888528347,1.224710464,-0.813548684,-0.002201897,0.000000000,0.000000000,0.000000000,0.000000000,0.000000000,0.000000000,0.000000000,0.000000000,0.000000000,0.000000000,0.000000000,0.000000000,0.000000000,0.000000000,0.000000000,0.000000000,0.000000000,0.000000000,0.009617358,-0.030693054,0.038837910,0.048702240,0.011808991,-0.013392586,0.010608323,-0.029735575,0.013868040,-0.008669882,0.012530022,-0.015158191
6.249380350,0.619161606,0.627982140,1.557589531,0.011313438,0.131348610,0.027420044,-0.062438965,-0.033874512,-0.022155762,0.120178223,-0.028701782,-0.062942505,0.619161606,0.627982140,1.557589531,0.011313438,0.131348610,0.027803421,-0.000019580,-16.537860870,6.888527870,1.224709868,-0.813548565,-0.002202483,-0.017379761,-16.519111633,6.909208298,1.296758652,-0.817120552,-0.015167236,-0.000019580,-16.537860870,6.888527870,1.224709868,-0.813548565,-0.002202483,0.000000000,0.000000000,0.000000000,0.000000000,0.000000000,0.000000000,0.000000000,0.000000000,0.000000000,0.000000000,0.000000000,0.000000000,0.000000000,0.000000000,0.000000000,0.000000000,0.000000000,0.000000000,-0.017360181,0.018749237,0.020680428,0.072048783,-0.003571987,-0.012964753,-0.016369216,0.019706717,-0.004289442,0.014676661,-0.002850956,-0.014730359
6.259402275,0.619161606,0.627982140,1.557589531,0.011313438,0.131348610,0.027803421,-0.039611816,-0.010070801,-0.014099121,-0.063781738,-0.018630981,0.053878784,0.619161606,0.627982140,1.557589531,0.011313438,0.131348610,0.027803421,-0.000019580,-16.537860870,6.888527870,1.224709868,-0.813548565,-0.002202483,0.007003784,-16.555736542,6.899869919,1.257328033,-0.792766571,0.003631592,-0.000019580,-16.537860870,6.888527870,1.224709868,-0.813548565,-0.002202483,0.000000000,0.000000000,0.000000000,0.000000000,0.000000000,0.000000000,0.000000000,0.000000000,0.000000000,0.000000000,0.000000000,0.000000000,0.000000000,0.000000000,0.000000000,0.000000000,0.000000000,0.000000000,0.007023364,-0.017875671,0.011342049,0.032618165,0.020781994,0.005834075,0.008014329,-0.016918192,-0.013627821,-0.024753957,0.021503025,0.004068469
6.269379616,0.619161606,0.627982140,1.557589531,0.011313438,0.131348610,0.027803421,0.023498535,-0.060731888,-0.028869629,0.065124512,0.021652222,0.026687622,0.619161606,0.627982140,1.557589531,0.011313438,0.131348610,0.027420044,-0.000019580,-16.537860870,6.888528347,1.224710464,-0.813548684,-0.002201897,-0.036577225,-16.555736542,6.899869919,1.266668320,-0.756023407,0.004058838,-0.000019580,-16.537860870,6.888528347,1.224710464,-0.813548684,-0.002201897,0.000000000,0.000000000,0.000000000,0.000000000,0.000000000,0.000000000,0.000000000,0.000000000,0.000000000,0.000000000,0.000000000,0.000000000,0.000000000,0.000000000,0.000000000,0.000000000,0.000000000,0.000000000,-0.036557645,-0.017875671,0.011341572,0.041957855,0.057525277,0.006260735,-0.035566680,-0.016918192,-0.013628298,-0.015414267,0.058246308,0.004495129
6.279415369,0.619161606,0.627982140,1.557206154,0.011313438,0.131348610,0.027803421,0.082580566,-0.034484863,-0.144351959,-0.057067871,0.089126587,0.010574341,0.619161606,0.627982140,1.557589531,0.011313438,0.131348610,0.027420044,-0.000019580,-16.537860870,6.888528347,1.224710464,-0.813548684,-0.002201897,-0.003890991,-16.508125305,6.890531540,1.320104599,-0.829937935,-0.013031006,-0.000019580,-16.537860870,6.888528347,1.224710464,-0.813548684,-0.002201897,0.000000000,0.000000000,0.000000000,0.000000000,0.000000000,0.000000000,0.000000000,0.000000000,0.000000000,0.000000000,0.000000000,0.000000000,0.000000000,0.000000000,0.000000000,0.000000000,0.000000000,0.000000000,-0.003871411,0.029735565,0.002003193,0.095394135,-0.016389251,-0.010829109,-0.002880447,0.030693045,-0.022966677,0.038022012,-0.015668220,-0.012594715
6.289391994,0.619161606,0.627982140,1.557206154,0.011313438,0.131348610,0.027420044,0.023498535,-0.094911575,-0.128238678,-0.000671387,-0.054885864,-0.036758423,0.619161606,0.627982140,1.557589531,0.011313438,0.131348610,0.027803421,-0.000019580,-16.537860870,6.888527870,1.224709868,-0.813548565,-0.002202483,0.002334595,-16.568553925,6.908170700,1.298315048,-0.802166939,-0.004486084,-0.000019580,-16.537860870,6.888527870,1.224709868,-0.813548565,-0.002202483,0.000000000,0.000000000,0.000000000,0.000000000,0.000000000,0.000000000,0.000000000,0.000000000,0.000000000,0.000000000,0.000000000,0.000000000,0.000000000,0.000000000,0.000000000,0.000000000,0.000000000,0.000000000,0.002354175,-0.030693054,0.019642830,0.073605180,0.011381626,-0.002283601,0.003345139,-0.029735575,-0.005327040,0.016233058,0.012102657,-0.004049206
6.299376249,0.619161606,0.627982140,1.557589531,0.011313438,0.131348610,0.027420044,-0.058410645,0.070495605,0.156433105,0.032897949,0.032730103,-0.016616821,0.619161606,0.627982140,1.557206154,0.011313438,0.131348610,0.027420044,-0.000019577,-16.535730362,6.886508942,1.224304914,-0.813321292,-0.002201315,0.008560181,-16.564891815,6.907651901,1.282751083,-0.829510689,0.002349854,-0.000019577,-16.535730362,6.886508942,1.224304914,-0.813321292,-0.002201315,0.000000000,0.000000000,0.000000000,0.000000000,0.000000000,0.000000000,0.000000000,0.000000000,0.000000000,0.000000000,0.000000000,0.000000000,0.000000000,0.000000000,0.000000000,0.000000000,0.000000000,0.000000000,0.008579757,-0.029161453,0.021142960,0.058446169,-0.016189396,0.004551169,0.009570722,-0.028203974,-0.003826910,0.001074047,-0.015468366,0.002785563
6.309382439,0.619161606,0.627982140,1.557589531,0.011313438,0.131348610,0.027420044,-0.010070801,-0.022277832,0.039611816,-0.120182037,0.031723022,-0.030715942,0.619161606,0.627982140,1.557589531,0.011313438,0.131348610,0.027420044,-0.000019580,-16.537860870,6.888528347,1.224710464,-0.813548684,-0.002201897,0.006484985,-16.528270721,6.906095505,1.368871689,-0.830792427,0.018585205,-0.000019580,-16.537860870,6.888528347,1.224710464,-0.813548684,-0.002201897,0.000000000,0.000000000,0.000000000,0.000000000,0.000000000,0.000000000,0.000000000,0.000000000,0.000000000,0.000000000,0.000000000,0.000000000,0.000000000,0.000000000,0.000000000,0.000000000,0.000000000,0.000000000,0.006504565,0.009590149,0.017567158,0.144161224,-0.017243743,0.020787102,0.007495530,0.010547628,-0.007402712,0.086789102,-0.016522712,0.019021496
6.319398642,0.619161606,0.627982140,1.557589531,0.011313438,0.131348610,0.027803421,0.042297363,0.000915527,-0.081237793,-0.031555176,-0.012588501,0.028701782,0.619161606,0.627982140,1.557589531,0.011313438,0.131348610,0.027420044,-0.000019580,-16.537860870,6.888528347,1.224710464,-0.813548684,-0.002201897,0.013229370,-16.550243378,6.915433884,1.256290436,-0.809857368,-0.021148682,-0.000019580,-16.537860870,6.888528347,1.224710464,-0.813548684,-0.002201897,0.000000000,0.000000000,0.000000000,0.000000000,0.000000000,0.000000000,0.000000000,0.000000000,0.000000000,0.000000000,0.000000000,0.000000000,0.000000000,0.000000000,0.000000000,0.000000000,0.000000000,0.000000000,0.013248950,-0.012382507,0.026905537,0.031579971,0.003691316,-0.018946785,0.014239915,-0.011425028,0.001935667,-0.025792151,0.004412347,-0.020712390
6.329413414,0.619161606,0.627982140,1.557589531,0.011313438,0.130965233,0.027420044,0.022155762,-0.011291504,-0.089298248,-0.148380280,-0.011581421,-0.046829224,0.619161606,0.627982140,1.557589531,0.011313438,0.131348610,0.027803421,-0.000019580,-16.537860870,6.888527870,1.224709868,-0.813548565,-0.002202483,-0.004928589,-16.559398651,6.909208298,1.295721054,-0.798321724,-0.004486084,-0.000019580,-16.537860870,6.888527870,1.224709868,-0.813548565,-0.002202483,0.000000000,0.000000000,0.000000000,0.000000000,0.000000000,0.000000000,0.000000000,0.000000000,0.000000000,0.000000000,0.000000000,0.000000000,0.000000000,0.000000000,0.000000000,0.000000000,0.000000000,0.000000000,-0.004909009,-0.021537781,0.020680428,0.071011186,0.015226841,-0.002283601,-0.003918044,-0.020580301,-0.004289442,0.013639063,0.015947872,-0.004049206
6.339382410,0.619161606,0.627982140,1.557589531,0.011313438,0.130965233,0.027803421,0.016784668,0.037536621,-0.012756348,-0.014099121,-0.002517700,0.016616821,0.619161606,0.627982140,1.557589531,0.011313438,0.131348610,0.027803421,-0.000019580,-16.537860870,6.888527870,1.224709868,-0.813548565,-0.002202483,0.013229370,-16.583202362,6.901945114,1.333074570,-0.819684029,-0.006622314,-0.000019580,-16.537860870,6.888527870,1.224709868,-0.813548565,-0.002202483,0.000000000,0.000000000,0.000000000,0.000000000,0.000000000,0.000000000,0.000000000,0.000000000,0.000000000,0.000000000,0.000000000,0.000000000,0.000000000,0.000000000,0.000000000,0.000000000,0.000000000,0.000000000,0.013248950,-0.045341492,0.013417244,0.108364701,-0.006135464,-0.004419831,0.014239915,-0.044384012,-0.011552626,0.050992579,-0.005414433,-0.006185437
6.349412918,0.619161606,0.627982140,1.557589531,0.011313438,0.131348610,0.027803421,0.132263184,0.039978027,0.003356934,0.101379395,-0.033737183,0.065963745,0.619161606,0.627982140,1.557589531,0.011313438,0.131348610,0.027803421,-0.000019580,-16.537860870,6.888527870,1.224709868,-0.813548565,-0.002202483,0.019454956,-16.511787415,6.902463913,1.299352646,-0.805584908,0.000640869,-0.000019580,-16.537860870,6.888527870,1.224709868,-0.813548565,-0.002202483,0.000000000,0.000000000,0.000000000,0.000000000,0.000000000,0.000000000,0.000000000,0.000000000,0.000000000,0.000000000,0.000000000,0.000000000,0.000000000,0.000000000,0.000000000,0.000000000,0.000000000,0.000000000,0.019474536,0.026073456,0.013936043,0.074642777,0.007963657,0.002843353,0.020465501,0.027030935,-0.011033827,0.017270655,0.008684688,0.001077747
6.359403133,0.619161606,0.627982140,1.557589531,0.011313438,0.130965233,0.027420044,0.089294434,0.046081543,0.044982910,-0.039611816,0.029708862,-0.007553101,0.619161606,0.627982140,1.557589531,0.011313438,0.131348610,0.027803421,-0.000019580,-16.537860870,6.888527870,1.224709868,-0.813548565,-0.002202483,-0.012191772,-16.601512909,6.912321091,1.300909042,-0.828228951,0.000640869,-0.000019580,-16.537860870,6.888527870,1.224709868,-0.813548565,-0.002202483,0.000000000,0.000000000,0.000000000,0.000000000,0.000000000,0.000000000,0.000000000,0.000000000,0.000000000,0.000000000,0.000000000,0.000000000,0.000000000,0.000000000,0.000000000,0.000000000,0.000000000,0.000000000,-0.012172192,-0.063652039,0.023793221,0.076199174,-0.014680386,0.002843353,-0.011181228,-0.062694559,-0.001176649,0.018827052,-0.013959355,0.001077747
6.369411945,0.619161606,0.627982140,1.557589531,0.011313438,0.131348610,0.027420044,-0.118839264,0.141908646,-0.038269043,0.069152832,-0.005538940,-0.028701782,0.619161606,0.627982140,1.557589531,0.011313438,0.131348610,0.027803421,-0.000019580,-16.537860870,6.888527870,1.224709868,-0.813548565,-0.002202483,-0.001815796,-16.531932831,6.919584274,1.250064850,-0.777812958,0.010894775,-0.000019580,-16.537860870,6.888527870,1.224709868,-0.813548565,-0.002202483,0.000000000,0.000000000,0.000000000,0.000000000,0.000000000,0.000000000,0.000000000,0.000000000,0.000000000,0.000000000,0.000000000,0.000000000,0.000000000,0.000000000,0.000000000,0.000000000,0.000000000,0.000000000,-0.001796216,0.005928040,0.031056404,0.025354981,0.035735607,0.013097259,-0.000805251,0.006885519,0.006086535,-0.032017141,0.036456638,0.011331653
6.379415274,0.618778229,0.627982140,1.557589531,0.011313438,0.131348610,0.027420044,-0.047668457,0.010070801,-0.102725983,0.121520996,0.000503540,0.003524780,0.619161606,0.627982140,1.557589531,0.011313438,0.131348610,0.027803421,-0.000019580,-16.537860870,6.888527870,1.224709868,-0.813548565,-0.002202483,-0.041246414,-16.555736542,6.912321091,1.285863876,-0.806439400,0.004913330,-0.000019580,-16.537860870,6.888527870,1.224709868,-0.813548565,-0.002202483,0.000000000,0.000000000,0.000000000,0.000000000,0.000000000,0.000000000,0.000000000,0.000000000,0.000000000,0.000000000,0.000000000,0.000000000,0.000000000,0.000000000,0.000000000,0.000000000,0.000000000,0.000000000,-0.041226834,-0.017875671,0.023793221,0.061154008,0.007109165,0.007115813,-0.040235870,-0.016918192,-0.001176649,0.003781886,0.007830196,0.005350208
6.389379978,0.619161606,0.627982140,1.557589531,0.011313438,0.131348610,0.027803421,0.113464355,-0.016174316,0.028869629,-0.067810059,0.002517700,0.035751343,0.619161606,0.627982140,1.557589531,0.011313438,0.131348610,0.027803421,-0.000019580,-16.537860870,6.888527870,1.224709868,-0.813548565,-0.002202483,-0.021530151,-16.581371307,6.915433884,1.276525497,-0.818402290,0.001495361,-0.000019580,-16.537860870,6.888527870,1.224709868,-0.813548565,-0.002202483,0.000000000,0.000000000,0.000000000,0.000000000,0.000000000,0.000000000,0.000000000,0.000000000,0.000000000,0.000000000,0.000000000,0.000000000,0.000000000,0.000000000,0.000000000,0.000000000,0.000000000,0.000000000,-0.021510571,-0.043510437,0.026906013,0.051815629,-0.004853725,0.003697845,-0.020519607,-0.042552957,0.001936144,-0.005556493,-0.004132695,0.001932239
6.399382353,0.619161606,0.627982140,1.557589531,0.011313438,0.131348610,0.027803421,-0.089298248,0.052795410,0.157775879,-0.010070801,-0.008560181,-0.002517700,0.618778229,0.627982140,1.557589531,0.011313438,0.131348610,0.027803421,-0.000019564,-16.537860870,6.888527870,1.224709868,-0.813548565,-0.002202483,0.000778198,-16.546581268,6.909727097,1.294164658,-0.772258759,0.001495361,-0.000019564,-16.537860870,6.888527870,1.224709868,-0.813548565,-0.002202483,0.000000000,0.000000000,0.000000000,0.000000000,0.000000000,0.000000000,0.000000000,0.000000000,0.000000000,0.000000000,0.000000000,0.000000000,0.000000000,0.000000000,0.000000000,0.000000000,0.000000000,0.000000000,0.000797762,-0.008720398,0.021199226,0.069454789,0.041289806,0.003697845,0.001788726,-0.007762918,-0.003770643,0.012082667,0.042010837,0.001932239
6.409412146,0.619161606,0.627982140,1.557589531,0.011313438,0.131348610,0.027420044,0.065124512,0.005798340,-0.050354004,-0.049011230,0.015609741,0.019638062,0.619161606,0.627982140,1.557589531,0.011313438,0.131348610,0.027420044,-0.000019580,-16.537860870,6.888528347,1.224710464,-0.813548684,-0.002201897,-0.008560181,-16.522773743,6.912839890,1.274969101,-0.846600533,0.012176514,-0.000019580,-16.537860870,6.888528347,1.224710464,-0.813548684,-0.002201897,0.000000000,0.000000000,0.000000000,0.000000000,0.000000000,0.000000000,0.000000000,0.000000000,0.000000000,0.000000000,0.000000000,0.000000000,0.000000000,0.000000000,0.000000000,0.000000000,0.000000000,0.000000000,-0.008540601,0.015087128,0.024311543,0.050258636,-0.033051848,0.014378411,-0.007549636,0.016044607,-0.000658327,-0.007113486,-0.032330818,0.012612805
6.419371605,0.618778229,0.627982140,1.557589531,0.011313438,0.131348610,0.027803421,-0.106754303,-0.039369583,0.074523926,0.132263184,0.007553101,0.009567261,0.619161606,0.627982140,1.557589531,0.011313438,0.131348610,0.027420044,-0.000019580,-16.537860870,6.888528347,1.224710464,-0.813548684,-0.002201897,0.014785767,-16.500801086,6.929960251,1.283788681,-0.833355904,-0.000640869,-0.000019580,-16.537860870,6.888528347,1.224710464,-0.813548684,-0.002201897,0.000000000,0.000000000,0.000000000,0.000000000,0.000000000,0.000000000,0.000000000,0.000000000,0.000000000,0.000000000,0.000000000,0.000000000,0.000000000,0.000000000,0.000000000,0.000000000,0.000000000,0.000000000,0.014805347,0.037059784,0.041431904,0.059078217,-0.019807220,0.001561028,0.015796311,0.038017263,0.016462034,0.001706094,-0.019086189,-0.000204578
6.429378986,0.619161606,0.627982140,1.557589531,0.011313438,0.131348610,0.027803421,-0.089298248,-0.013122559,-0.185977936,-0.028869629,0.030715942,0.029708862,0.618778229,0.627982140,1.557589531,0.011313438,0.131348610,0.027420044,-0.000019564,-16.537860870,6.888528347,1.224710464,-0.813548684,-0.002201897,-0.004409790,-16.553905487,6.908170700,1.265111923,-0.799176216,0.001922607,-0.000019564,-16.537860870,6.888528347,1.224710464,-0.813548684,-0.002201897,0.000000000,0.000000000,0.000000000,0.000000000,0.000000000,0.000000000,0.000000000,0.000000000,0.000000000,0.000000000,0.000000000,0.000000000,0.000000000,0.000000000,0.000000000,0.000000000,0.000000000,0.000000000,-0.004390226,-0.016044617,0.019642353,0.040401459,0.014372468,0.004124504,-0.003399262,-0.015087137,-0.005327517,-0.016970664,0.015093499,0.002358899
6.439393997,0.619161606,0.627982140,1.557589531,0.011313438,0.131348610,0.027420044,0.134948730,0.096742630,0.038269043,-0.061096191,0.007553101,-0.082080841,0.619161606,0.627982140,1.557589531,0.011313438,0.130965233,0.027420044,-0.000019580,-16.538078308,6.888732910,1.224937797,-0.813589871,-0.002202006,-0.013748169,-16.550243378,6.931516647,1.283788681,-0.789348602,0.009613037,-0.000019580,-16.538078308,6.888732910,1.224937797,-0.813589871,-0.002202006,0.000000000,0.000000000,0.000000000,0.000000000,0.000000000,0.000000000,0.000000000,0.000000000,0.000000000,0.000000000,0.000000000,0.000000000,0.000000000,0.000000000,0.000000000,0.000000000,0.000000000,0.000000000,-0.013728589,-0.012165070,0.042783737,0.058850884,0.024241269,0.011815043,-0.012737624,-0.011207590,0.017813868,0.001478762,0.024962299,0.010049438
6.449434757,0.619161606,0.627598763,1.557589531,0.011313438,0.131348610,0.027420044,0.039611816,-0.116884232,0.101379395,0.011413574,0.041793823,-0.019638062,0.619161606,0.627982140,1.557589531,0.011313438,0.131348610,0.027420044,-0.000019580,-16.537860870,6.888528347,1.224710464,-0.813548684,-0.002201897,0.023605347,-16.546581268,6.908170700,1.293645859,-0.802166939,-0.007476807,-0.000019580,-16.537860870,6.888528347,1.224710464,-0.813548684,-0.002201897,0.000000000,0.000000000,0.000000000,0.000000000,0.000000000,0.000000000,0.000000000,0.000000000,0.000000000,0.000000000,0.000000000,0.000000000,0.000000000,0.000000000,0.000000000,0.000000000,0.000000000,0.000000000,0.023624927,-0.008720398,0.019642353,0.068935394,0.011381745,-0.005274910,0.024615891,-0.007762918,-0.005327517,0.011563272,0.012102776,-0.007040515
6.459427118,0.619161606,0.627982140,1.557589531,0.011313438,0.131348610,0.027803421,0.032897949,-0.073549271,0.055725098,0.122863770,0.016616821,-0.013595581,0.619161606,0.627982140,1.557589531,0.011313438,0.131348610,0.027420044,-0.000019580,-16.537860870,6.888528347,1.224710464,-0.813548684,-0.002201897,-0.003372192,-16.544750214,6.921659470,1.288457870,-0.878217697,-0.001495361,-0.000019580,-16.537860870,6.888528347,1.224710464,-0.813548684,-0.002201897,0.000000000,0.000000000,0.000000000,0.000000000,0.000000000,0.000000000,0.000000000,0.000000000,0.000000000,0.000000000,0.000000000,0.000000000,0.000000000,0.000000000,0.000000000,0.000000000,0.000000000,0.000000000,-0.003352612,-0.006889343,0.033131123,0.063747406,-0.064669013,0.000706536,-0.002361648,-0.005931864,0.008161253,0.006375284,-0.063947982,-0.001059070
6.469382763,0.619161606,0.627982140,1.557589531,0.011313438,0.131348610,0.027803421,0.046325684,-0.019836426,-0.157779694,-0.055725098,-0.021652222,0.024673462,0.619161606,0.627982140,1.557589531,0.011313438,0.131348610,0.027420044,-0.000019580,-16.537860870,6.888528347,1.224710464,-0.813548684,-0.002201897,0.011154175,-16.599681854,6.914915085,1.291570663,-0.820111275,-0.010040283,-0.000019580,-16.537860870,6.888528347,1.224710464,-0.813548684,-0.002201897,0.000000000,0.000000000,0.000000000,0.000000000,0.000000000,0.000000000,0.000000000,0.000000000,0.000000000,0.000000000,0.000000000,0.000000000,0.000000000,0.000000000,0.000000000,0.000000000,0.000000000,0.000000000,0.011173755,-0.061820984,0.026386738,0.066860199,-0.006562591,-0.007838386,0.012164719,-0.060863504,0.001416868,0.009488077,-0.005841560,-0.009603992
6.479378700,0.619161606,0.627982140,1.557589531,0.011313438,0.131348610,0.027420044,-0.114810944,-0.063173294,0.034240723,-0.090641022,-0.030715942,0.021652222,0.619161606,0.627982140,1.557589531,0.011313438,0.131348610,0.027803421,-0.000019580,-16.537860870,6.888527870,1.224709868,-0.813548565,-0.002202483,-0.022567749,-16.520942688,6.905057907,1.266668320,-0.782085419,-0.010040283,-0.000019580,-16.537860870,6.888527870,1.224709868,-0.813548565,-0.002202483,0.000000000,0.000000000,0.000000000,0.000000000,0.000000000,0.000000000,0.000000000,0.000000000,0.000000000,0.000000000,0.000000000,0.000000000,0.000000000,0.000000000,0.000000000,0.000000000,0.000000000,0.000000000,-0.022548169,0.016918182,0.016530037,0.041958451,0.031463146,-0.007837800,-0.021557205,0.017875662,-0.008439833,-0.015413671,0.032184177,-0.009603406
6.489378691,0.619161606,0.627982140,1.557589531,0.011313438,0.131348610,0.027420044,0.049011230,0.014953613,-0.046325684,0.090637207,-0.022659302,0.008560181,0.619161606,0.627982140,1.557589531,0.011313438,0.131348610,0.027420044,-0.000019580,-16.537860870,6.888528347,1.224710464,-0.813548684,-0.002201897,-0.012710571,-16.577709198,6.912839890,1.249027252,-0.820538521,0.005340576,-0.000019580,-16.537860870,6.888528347,1.224710464,-0.813548684,-0.002201897,0.000000000,0.000000000,0.000000000,0.000000000,0.000000000,0.000000000,0.000000000,0.000000000,0.000000000,0.000000000,0.000000000,0.000000000,0.000000000,0.000000000,0.000000000,0.000000000,0.000000000,0.000000000,-0.012690991,-0.039848328,0.024311543,0.024316788,-0.006989837,0.007542473,-0.011700027,-0.038890848,-0.000658327,-0.033055335,-0.006268806,0.005776867
6.499388695,0.619161606,0.627982140,1.557589531,0.011313438,0.130965233,0.027420044,0.004699707,0.022277832,-0.117496490,0.028869629,-0.046829224,0.032730103,0.618778229,0.627982140,1.557589531,0.011313438,0.131348610,0.027803421,-0.000019564,-16.537860870,6.888527870,1.224709868,-0.813548565,-0.002202483,0.039169312,-16.493476868,6.923215866,1.271856308,-0.796612740,-0.007049561,-0.000019564,-16.537860870,6.888527870,1.224709868,-0.813548565,-0.002202483,0.000000000,0.000000000,0.000000000,0.000000000,0.000000000,0.000000000,0.000000000,0.000000000,0.000000000,0.000000000,0.000000000,0.000000000,0.000000000,0.000000000,0.000000000,0.000000000,0.000000000,0.000000000,0.039188875,0.044384003,0.034687996,0.047146440,0.016935825,-0.004847077,0.040179840,0.045341482,0.009718126,-0.010225683,0.017656856,-0.006612683
6.509377480,0.619161606,0.627982140,1.557589531,0.011313438,0.131348610,0.027420044,-0.030212402,0.032043457,-0.050354004,0.030212402,-0.028701782,-0.038772583,0.619161606,0.627982140,1.557589531,0.011313438,0.131348610,0.027803421,-0.000019580,-16.537860870,6.888527870,1.224709868,-0.813548565,-0.002202483,0.003372192,-16.530101776,6.904539108,1.283269882,-0.809002876,0.006195068,-0.000019580,-16.537860870,6.888527870,1.224709868,-0.813548565,-0.002202483,0.000000000,0.000000000,0.000000000,0.000000000,0.000000000,0.000000000,0.000000000,0.000000000,0.000000000,0.000000000,0.000000000,0.000000000,0.000000000,0.000000000,0.000000000,0.000000000,0.000000000,0.000000000,0.003391772,0.007759094,0.016011238,0.058560014,0.004545689,0.008397552,0.004382737,0.008716574,-0.008958631,0.001187892,0.005266719,0.006631946
6.519385338,0.619161606,0.627982140,1.557589531,0.011313438,0.131348610,0.027420044,0.078552246,0.050964355,-0.137638092,0.031555176,0.004531860,0.026687622,0.619161606,0.627982140,1.557589531,0.011313438,0.130965233,0.027420044,-0.000019580,-16.538078308,6.888732910,1.224937797,-0.813589871,-0.002202006,0.004409790,-16.563060760,6.924772263,1.338781357,-0.806012154,-0.001068115,-0.000019580,-16.538078308,6.888732910,1.224937797,-0.813589871,-0.002202006,0.000000000,0.000000000,0.000000000,0.000000000,0.000000000,0.000000000,0.000000000,0.000000000,0.000000000,0.000000000,0.000000000,0.000000000,0.000000000,0.000000000,0.000000000,0.000000000,0.000000000,0.000000000,0.004429370,-0.024982452,0.036039352,0.113843560,0.007577717,0.001133891,0.005420335,-0.024024973,0.011069483,0.056471438,0.008298748,-0.000631715
6.529461861,0.619161606,0.627982140,1.557589531,0.011313438,0.130965233,0.027803421,-0.156436920,0.034484863,-0.207462311,-0.040954590,0.003524780,-0.007553101,0.619161606,0.627982140,1.557589531,0.011313438,0.130965233,0.027420044,-0.000019580,-16.538078308,6.888732910,1.224937797,-0.813589871,-0.002202006,-0.000259399,-16.535594940,6.901945114,1.282232285,-0.838055611,-0.004486084,-0.000019580,-16.538078308,6.888732910,1.224937797,-0.813589871,-0.002202006,0.000000000,0.000000000,0.000000000,0.000000000,0.000000000,0.000000000,0.000000000,0.000000000,0.000000000,0.000000000,0.000000000,0.000000000,0.000000000,0.000000000,0.000000000,0.000000000,0.000000000,0.000000000,-0.000239819,0.002483368,0.013212204,0.057294488,-0.024465740,-0.002284078,0.000751145,0.003440847,-0.011757666,-0.000077634,-0.023744709,-0.004049684
6.539376497,0.619161606,0.627982140,1.557589531,0.011313438,0.131348610,0.027803421,0.050354004,0.002746582,-0.015441895,0.008728027,0.008560181,-0.012588501,0.619161606,0.627982140,1.557589531,0.011313438,0.131348610,0.027420044,-0.000019580,-16.537860870,6.888528347,1.224710464,-0.813548684,-0.002201897,-0.012710571,-16.550243378,6.914915085,1.247989655,-0.846173286,0.003204346,-0.000019580,-16.537860870,6.888528347,1.224710464,-0.813548684,-0.002201897,0.000000000,0.000000000,0.000000000,0.000000000,0.000000000,0.000000000,0.000000000,0.000000000,0.000000000,0.000000000,0.000000000,0.000000000,0.000000000,0.000000000,0.000000000,0.000000000,0.000000000,0.000000000,-0.012690991,-0.012382507,0.026386738,0.023279190,-0.032624602,0.005406243,-0.011700027,-0.011425028,0.001416868,-0.034092932,-0.031903571,0.003640637
6.549377203,0.619161606,0.627982140,1.557589531,0.011696815,0.130965233,0.027803421,0.036926270,0.116884232,0.070495605,0.247745514,-0.033737183,-0.027694702,0.618778229,0.627982140,1.557589531,0.011313438,0.131348610,0.027420044,-0.000019564,-16.537860870,6.888528347,1.224710464,-0.813548684,-0.002201897,0.009078979,-16.515449524,6.899351120,1.207523346,-0.808575630,-0.000213623,-0.000019564,-16.537860870,6.888528347,1.224710464,-0.813548684,-0.002201897,0.000000000,0.000000000,0.000000000,0.000000000,0.000000000,0.000000000,0.000000000,0.000000000,0.000000000,0.000000000,0.000000000,0.000000000,0.000000000,0.000000000,0.000000000,0.000000000,0.000000000,0.000000000,0.009098543,0.022411346,0.010822773,-0.017187119,0.004973054,0.001988274,0.010089508,0.023368826,-0.014147097,-0.074559241,0.005694085,0.000222668
6.559404135,0.619161606,0.627982140,1.557972908,0.011313438,0.131348610,0.027803421,0.002014160,0.043029785,0.144348145,-0.065124512,0.050857544,0.022659302,0.619161606,0.627982140,1.557589531,0.011313438,0.131348610,0.027803421,-0.000019580,-16.537860870,6.888527870,1.224709868,-0.813548565,-0.002202483,-0.019454956,-16.564891815,6.921659470,1.260959625,-0.828656197,0.001068115,-0.000019580,-16.537860870,6.888527870,1.224709868,-0.813548565,-0.002202483,0.000000000,0.000000000,0.000000000,0.000000000,0.000000000,0.000000000,0.000000000,0.000000000,0.000000000,0.000000000,0.000000000,0.000000000,0.000000000,0.000000000,0.000000000,0.000000000,0.000000000,0.000000000,-0.019435376,-0.027030945,0.033131599,0.036249757,-0.015107632,0.003270599,-0.018444412,-0.026073465,0.008161730,-0.021122365,-0.014386601,0.001504993
6.569378853,0.619161606,0.627982140,1.557589531,0.011313438,0.131348610,0.027803421,-0.051696777,0.047912598,-0.010070801,0.113464355,0.021652222,0.063949585,0.619161606,0.627982140,1.557589531,0.011313438,0.131348610,0.027420044,-0.000019580,-16.537860870,6.888528347,1.224710464,-0.813548684,-0.002201897,0.001815796,-16.519111633,6.915952682,1.304021835,-0.826519966,0.008758545,-0.000019580,-16.537860870,6.888528347,1.224710464,-0.813548684,-0.002201897,0.000000000,0.000000000,0.000000000,0.000000000,0.000000000,0.000000000,0.000000000,0.000000000,0.000000000,0.000000000,0.000000000,0.000000000,0.000000000,0.000000000,0.000000000,0.000000000,0.000000000,0.000000000,0.001835376,0.018749237,0.027424335,0.079311371,-0.012971282,0.010960442,0.002826340,0.019706717,0.002454466,0.021939249,-0.012250251,0.009194836
6.579432249,0.619161606,0.627982140,1.557589531,0.011313438,0.131348610,0.027803421,0.039611816,-0.083925247,-0.083923340,0.069152832,-0.086109161,-0.010574341,0.618778229,0.627982140,1.557589531,0.011313438,0.131348610,0.027803421,-0.000019564,-16.537860870,6.888527870,1.224709868,-0.813548565,-0.002202483,0.002334595,-16.533763885,6.915952682,1.211154938,-0.806439400,0.005767822,-0.000019564,-16.537860870,6.888527870,1.224709868,-0.813548565,-0.002202483,0.000000000,0.000000000,0.000000000,0.000000000,0.000000000,0.000000000,0.000000000,0.000000000,0.000000000,0.000000000,0.000000000,0.000000000,0.000000000,0.000000000,0.000000000,0.000000000,0.000000000,0.000000000,0.002354158,0.004096985,0.027424812,-0.013554931,0.007109165,0.007970306,0.003345123,0.005054464,0.002454943,-0.070927053,0.007830196,0.006204700
6.589378595,0.619161606,0.627982140,1.557589531,0.011313438,0.131348610,0.027420044,0.002014160,-0.028381348,0.070495605,-0.070495605,-0.004531860,-0.071002960,0.619161606,0.627982140,1.557972908,0.011313438,0.131348610,0.027803421,-0.000019584,-16.539991379,6.890546322,1.225115061,-0.813775837,-0.002203064,-0.023605347,-16.570384979,6.911283493,1.277044296,-0.817975044,0.021575928,-0.000019584,-16.539991379,6.890546322,1.225115061,-0.813775837,-0.002203064,0.000000000,0.000000000,0.000000000,0.000000000,0.000000000,0.000000000,0.000000000,0.000000000,0.000000000,0.000000000,0.000000000,0.000000000,0.000000000,0.000000000,0.000000000,0.000000000,0.000000000,0.000000000,-0.023585763,-0.030393600,0.020737171,0.051929235,-0.004199207,0.023778992,-0.022594799,-0.029436121,-0.004232698,-0.005442887,-0.003478176,0.022013386
6.599380732,0.619161606,0.627982140,1.557589531,0.011313438,0.131348610,0.027803421,0.071838379,0.082704544,0.074523926,0.010070801,0.009567261,0.017623901,0.619161606,0.627982140,1.557589531,0.011313438,0.131348610,0.027803421,-0.000019580,-16.537860870,6.888527870,1.224709868,-0.813548565,-0.002202483,0.011154175,-16.574047089,6.916471481,1.318029404,-0.810711861,0.007049561,-0.000019580,-16.537860870,6.888527870,1.224709868,-0.813548565,-0.002202483,0.000000000,0.000000000,0.000000000,0.000000000,0.000000000,0.000000000,0.000000000,0.000000000,0.000000000,0.000000000,0.000000000,0.000000000,0.000000000,0.000000000,0.000000000,0.000000000,0.000000000,0.000000000,0.011173755,-0.036186218,0.027943611,0.093319535,0.002836704,0.009252044,0.012164719,-0.035228739,0.002973742,0.035947413,0.003557735,0.007486438
6.609381199,0.619161606,0.627982140,1.557589531,0.011313438,0.131348610,0.027420044,0.016784668,-0.066835403,0.063781738,0.043640137,-0.031723022,0.058914185,0.619161606,0.627982140,1.557589531,0.011313438,0.131348610,0.027420044,-0.000019580,-16.537860870,6.888528347,1.224710464,-0.813548684,-0.002201897,-0.005966187,-16.564891815,6.909208298,1.268224716,-0.827374458,-0.016021729,-0.000019580,-16.537860870,6.888528347,1.224710464,-0.813548684,-0.002201897,0.000000000,0.000000000,0.000000000,0.000000000,0.000000000,0.000000000,0.000000000,0.000000000,0.000000000,0.000000000,0.000000000,0.000000000,0.000000000,0.000000000,0.000000000,0.000000000,0.000000000,0.000000000,-0.005946606,-0.027030945,0.020679951,0.043514252,-0.013825774,-0.013819832,-0.004955642,-0.026073465,-0.004289919,-0.013857871,-0.013104743,-0.015585437
6.619418621,0.619161606,0.627982140,1.557589531,0.011313438,0.131348610,0.027420044,0.063781738,-0.064393997,-0.140323639,-0.078552246,-0.008560181,0.029708862,0.618778229,0.627982140,1.557589531,0.011313438,0.131348610,0.027420044,-0.000019564,-16.537860870,6.888528347,1.224710464,-0.813548684,-0.002201897,-0.008041382,-16.519111633,6.915433884,1.224124908,-0.812848091,0.005767822,-0.000019564,-16.537860870,6.888528347,1.224710464,-0.813548684,-0.002201897,0.000000000,0.000000000,0.000000000,0.000000000,0.000000000,0.000000000,0.000000000,0.000000000,0.000000000,0.000000000,0.000000000,0.000000000,0.000000000,0.000000000,0.000000000,0.000000000,0.000000000,0.000000000,-0.008021818,0.018749237,0.026905537,-0.000585556,0.000700593,0.007969719,-0.007030854,0.019706717,0.001935667,-0.057957678,0.001421624,0.006204113
6.629421949,0.619161606,0.627982140,1.557589531,0.011313438,0.131348610,0.027803421,-0.040954590,0.027770996,0.155090332,-0.078552246,0.015609741,-0.027694702,0.619161606,0.627982140,1.557589531,0.011313438,0.131348610,0.027803421,-0.000019580,-16.537860870,6.888527870,1.224709868,-0.813548565,-0.002202483,0.025161743,-16.526439667,6.946043015,1.277563095,-0.817120552,0.004058838,-0.000019580,-16.537860870,6.888527870,1.224709868,-0.813548565,-0.002202483,0.000000000,0.000000000,0.000000000,0.000000000,0.000000000,0.000000000,0.000000000,0.000000000,0.000000000,0.000000000,0.000000000,0.000000000,0.000000000,0.000000000,0.000000000,0.000000000,0.000000000,0.000000000,0.025181323,0.011421204,0.057515144,0.052853227,-0.003571987,0.006261321,0.026172288,0.012378683,0.032545275,-0.004518896,-0.002850956,0.004495716
6.639392138,0.619161606,0.627982140,1.557589531,0.011313438,0.130965233,0.027803421,0.086608887,-0.040590286,0.036926270,-0.053039551,-0.075031281,-0.012588501,0.619161606,0.627982140,1.557589531,0.011313438,0.130965233,0.027803421,-0.000019580,-16.538076401,6.888732433,1.224937201,-0.813589752,-0.002202593,-0.014266968,-16.508125305,6.912321091,1.291051865,-0.826947212,0.002777100,-0.000019580,-16.538076401,6.888732433,1.224937201,-0.813589752,-0.002202593,0.000000000,0.000000000,0.000000000,0.000000000,0.000000000,0.000000000,0.000000000,0.000000000,0.000000000,0.000000000,0.000000000,0.000000000,0.000000000,0.000000000,0.000000000,0.000000000,0.000000000,0.000000000,-0.014247387,0.029951096,0.023588657,0.066114664,-0.013357460,0.004979692,-0.013256423,0.030908575,-0.001381212,0.008742542,-0.012636430,0.003214087
6.649377823,0.619161606,0.627982140,1.557589531,0.011313438,0.131348610,0.027420044,-0.177921295,-0.024108887,0.117492676,-0.059753418,0.029708862,0.032730103,0.619161606,0.627982140,1.557589531,0.011313438,0.131348610,0.027420044,-0.000019580,-16.537860870,6.888528347,1.224710464,-0.813548684,-0.002201897,0.013229370,-16.524608612,6.905057907,1.301946640,-0.835492134,-0.010040283,-0.000019580,-16.537860870,6.888528347,1.224710464,-0.813548684,-0.002201897,0.000000000,0.000000000,0.000000000,0.000000000,0.000000000,0.000000000,0.000000000,0.000000000,0.000000000,0.000000000,0.000000000,0.000000000,0.000000000,0.000000000,0.000000000,0.000000000,0.000000000,0.000000000,0.013248950,0.013252258,0.016529560,0.077236176,-0.021943450,-0.007838386,0.014239915,0.014209738,-0.008440309,0.019864053,-0.021222419,-0.009603992
6.659412146,0.619161606,0.627982140,1.557589531,0.011313438,0.131348610,0.027420044,0.043640137,0.017395020,0.113464355,-0.067810059,-0.002517700,-0.072010040,0.619161606,0.627982140,1.557589531,0.011313438,0.131348610,0.027420044,-0.000019580,-16.537860870,6.888528347,1.224710464,-0.813548684,-0.002201897,-0.001296997,-16.517280579,6.916471481,1.307653427,-0.811993599,-0.004486084,-0.000019580,-16.537860870,6.888528347,1.224710464,-0.813548684,-0.002201897,0.000000000,0.000000000,0.000000000,0.000000000,0.000000000,0.000000000,0.000000000,0.000000000,0.000000000,0.000000000,0.000000000,0.000000000,0.000000000,0.000000000,0.000000000,0.000000000,0.000000000,0.000000000,-0.001277417,0.020580292,0.027943134,0.082942963,0.001555085,-0.002284187,-0.000286453,0.021537771,0.002973265,0.025570840,0.002276116,-0.004049793
6.669380426,0.619161606,0.627982140,1.557589531,0.011313438,0.131348610,0.027420044,-0.002014160,0.079042435,-0.039611816,0.004699707,0.014602661,-0.016616821,0.619161606,0.627982140,1.557589531,0.011313438,0.131348610,0.027420044,-0.000019580,-16.537860870,6.888528347,1.224710464,-0.813548684,-0.002201897,-0.001815796,-16.638134003,6.920621872,1.279119492,-0.794049263,-0.007476807,-0.000019580,-16.537860870,6.888528347,1.224710464,-0.813548684,-0.002201897,0.000000000,0.000000000,0.000000000,0.000000000,0.000000000,0.000000000,0.000000000,0.000000000,0.000000000,0.000000000,0.000000000,0.000000000,0.000000000,0.000000000,0.000000000,0.000000000,0.000000000,0.000000000,-0.001796216,-0.100273132,0.032093525,0.054409027,0.019499421,-0.005274910,-0.000805251,-0.099315653,0.007123655,-0.002963095,0.020220452,-0.007040515
6.679386377,0.618778229,0.627982140,1.557589531,0.011313438,0.131348610,0.027803421,-0.138980865,0.045471191,0.071838379,-0.090641022,0.034744263,0.051864624,0.619161606,0.627982140,1.557589531,0.011313438,0.131348610,0.027803421,-0.000019580,-16.537860870,6.888527870,1.224709868,-0.813548565,-0.002202483,-0.017898560,-16.480659485,6.910764694,1.274969101,-0.821820259,-0.001495361,-0.000019580,-16.537860870,6.888527870,1.224709868,-0.813548565,-0.002202483,0.000000000,0.000000000,0.000000000,0.000000000,0.000000000,0.000000000,0.000000000,0.000000000,0.000000000,0.000000000,0.000000000,0.000000000,0.000000000,0.000000000,0.000000000,0.000000000,0.000000000,0.000000000,-0.017878980,0.057201385,0.022236824,0.050259233,-0.008271694,0.000707122,-0.016888015,0.058158865,-0.002733046,-0.007112890,-0.007550663,-0.001058484
6.689413309,0.619161606,0.627982140,1.557589531,0.011313438,0.131348610,0.027420044,0.100036621,-0.078432083,-0.132266998,-0.046325684,0.024673462,-0.056900024,0.619161606,0.627982140,1.557589531,0.011313438,0.131348610,0.027803421,-0.000019580,-16.537860870,6.888527870,1.224709868,-0.813548565,-0.002202483,-0.012710571,-16.531932831,6.926847458,1.222049713,-0.802166939,-0.002777100,-0.000019580,-16.537860870,6.888527870,1.224709868,-0.813548565,-0.002202483,0.000000000,0.000000000,0.000000000,0.000000000,0.000000000,0.000000000,0.000000000,0.000000000,0.000000000,0.000000000,0.000000000,0.000000000,0.000000000,0.000000000,0.000000000,0.000000000,0.000000000,0.000000000,-0.012690991,0.005928040,0.038319588,-0.002660155,0.011381626,-0.000574616,-0.011700027,0.006885519,0.013349718,-0.060032278,0.012102657,-0.002340222
6.699374676,0.619161606,0.627982140,1.557589531,0.011313438,0.130965233,0.027803421,-0.065124512,0.016174316,0.094665527,0.159118652,-0.025680542,0.002517700,0.619161606,0.627982140,1.557589531,0.011313438,0.131348610,0.027420044,-0.000019580,-16.537860870,6.888528347,1.224710464,-0.813548684,-0.002201897,0.000778198,-16.537425995,6.888456345,1.272375107,-0.785503387,0.010040283,-0.000019580,-16.537860870,6.888528347,1.224710464,-0.813548684,-0.002201897,0.000000000,0.000000000,0.000000000,0.000000000,0.000000000,0.000000000,0.000000000,0.000000000,0.000000000,0.000000000,0.000000000,0.000000000,0.000000000,0.000000000,0.000000000,0.000000000,0.000000000,0.000000000,0.000797778,0.000434875,-0.000072002,0.047664642,0.028045297,0.012242180,0.001788743,0.001392355,-0.025041872,-0.009707480,0.028766328,0.010476574
6.709413052,0.619161606,0.627982140,1.557589531,0.011313438,0.131348610,0.027420044,-0.207462311,-0.024719238,0.087951660,-0.168521881,0.015609741,-0.041793823,0.619161606,0.627982140,1.557589531,0.011313438,0.131348610,0.027420044,-0.000019580,-16.537860870,6.888528347,1.224710464,-0.813548684,-0.002201897,0.028793335,-16.502632141,6.926847458,1.292089462,-0.783367157,0.012176514,-0.000019580,-16.537860870,6.888528347,1.224710464,-0.813548684,-0.002201897,0.000000000,0.000000000,0.000000000,0.000000000,0.000000000,0.000000000,0.000000000,0.000000000,0.000000000,0.000000000,0.000000000,0.000000000,0.000000000,0.000000000,0.000000000,0.000000000,0.000000000,0.000000000,0.028812915,0.035228729,0.038319111,0.067378998,0.030181527,0.014378411,0.029803879,0.036186209,0.013349241,0.010006876,0.030902558,0.012612805
6.719411850,0.619161606,0.627982140,1.557589531,0.011313438,0.131348610,0.027803421,0.027526855,0.038757324,-0.023498535,0.067810059,0.026687622,0.004531860,0.619161606,0.627982140,1.557589531,0.011313438,0.131348610,0.027420044,-0.000019580,-16.537860870,6.888528347,1.224710464,-0.813548684,-0.002201897,-0.009078979,-16.528270721,6.904539108,1.273412704,-0.840619087,-0.013458252,-0.000019580,-16.537860870,6.888528347,1.224710464,-0.813548684,-0.002201897,0.000000000,0.000000000,0.000000000,0.000000000,0.000000000,0.000000000,0.000000000,0.000000000,0.000000000,0.000000000,0.000000000,0.000000000,0.000000000,0.000000000,0.000000000,0.000000000,0.000000000,0.000000000,-0.009059399,0.009590149,0.016010761,0.048702240,-0.027070403,-0.011256355,-0.008068435,0.010547628,-0.008959108,-0.008669882,-0.026349372,-0.013021961
6.729385376,0.619161606,0.627982140,1.557589531,0.011313438,0.131348610,0.027420044,0.120178223,0.021667480,0.087951660,0.054382324,-0.076038361,-0.035751343,0.619161606,0.627982140,1.557589531,0.011313438,0.130965233,0.027803421,-0.000019580,-16.538076401,6.888732433,1.224937201,-0.813589752,-0.002202593,0.012710571,-16.537425995,6.914915085,1.160312653,-0.803875923,0.001495361,-0.000019580,-16.538076401,6.888732433,1.224937201,-0.813589752,-0.002202593,0.000000000,0.000000000,0.000000000,0.000000000,0.000000000,0.000000000,0.000000000,0.000000000,0.000000000,0.000000000,0.000000000,0.000000000,0.000000000,0.000000000,0.000000000,0.000000000,0.000000000,0.000000000,0.012730152,0.000650406,0.026182652,-0.064624548,0.009713829,0.003697954,0.013721116,0.001607885,0.001212782,-0.121996670,0.010434859,0.001932348
6.739381075,0.619161606,0.627982140,1.557589531,0.011313438,0.131348610,0.027420044,0.081237793,-0.022277832,-0.020812988,-0.106754303,-0.027694702,-0.056900024,0.619161606,0.627982140,1.557589531,0.011313438,0.131348610,0.027420044,-0.000019580,-16.537860870,6.888528347,1.224710464,-0.813548684,-0.002201897,0.008560181,-16.500801086,6.910764694,1.285863876,-0.842755318,0.001922607,-0.000019580,-16.537860870,6.888528347,1.224710464,-0.813548684,-0.002201897,0.000000000,0.000000000,0.000000000,0.000000000,0.000000000,0.000000000,0.000000000,0.000000000,0.000000000,0.000000000,0.000000000,0.000000000,0.000000000,0.000000000,0.000000000,0.000000000,0.000000000,0.000000000,0.008579761,0.037059784,0.022236347,0.061153412,-0.029206634,0.004124504,0.009570725,0.038017263,-0.002733522,0.003781290,-0.028485603,0.002358899
6.749375582,0.618778229,0.627982140,1.557589531,0.011313438,0.131348610,0.027803421,0.026184082,0.058288574,0.085266113,-0.026184082,-0.011581421,-0.042800903,0.619161606,0.627982140,1.557589531,0.011313438,0.130965233,0.027803421,-0.000019580,-16.538076401,6.888732433,1.224937201,-0.813589752,-0.002202593,-0.029830933,-16.544750214,6.901945114,1.291570663,-0.809430122,0.003631592,-0.000019580,-16.538076401,6.888732433,1.224937201,-0.813589752,-0.002202593,0.000000000,0.000000000,0.000000000,0.000000000,0.000000000,0.000000000,0.000000000,0.000000000,0.000000000,0.000000000,0.000000000,0.000000000,0.000000000,0.000000000,0.000000000,0.000000000,0.000000000,0.000000000,-0.029811352,-0.006673813,0.013212681,0.066633463,0.004159629,0.005834184,-0.028820388,-0.005716333,-0.011757189,0.009261341,0.004880660,0.004068579
6.759343624,0.619161606,0.627982140,1.557589531,0.011313438,0.130965233,0.027803421,-0.026184082,0.038146973,-0.012756348,0.011413574,-0.065967560,0.066970825,0.618778229,0.627982140,1.557589531,0.011313438,0.131348610,0.027803421,-0.000019564,-16.537860870,6.888527870,1.224709868,-0.813548565,-0.002202483,0.018417358,-16.563060760,6.925291061,1.292608261,-0.794903755,-0.002349854,-0.000019564,-16.537860870,6.888527870,1.224709868,-0.813548565,-0.002202483,0.000000000,0.000000000,0.000000000,0.000000000,0.000000000,0.000000000,0.000000000,0.000000000,0.000000000,0.000000000,0.000000000,0.000000000,0.000000000,0.000000000,0.000000000,0.000000000,0.000000000,0.000000000,0.018436922,-0.025199890,0.036763191,0.067898393,0.018644810,-0.000147370,0.019427886,-0.024242411,0.011793322,0.010526270,0.019365841,-0.001912976
6.769375801,0.619161606,0.627982140,1.557589531,0.011313438,0.131348610,0.027803421,-0.004699707,-0.033874512,-0.003356934,0.024841309,-0.003524780,0.012588501,0.619161606,0.627982140,1.557589531,0.011313438,0.131348610,0.027420044,-0.000019580,-16.537860870,6.888528347,1.224710464,-0.813548684,-0.002201897,0.002334595,-16.511787415,6.933073044,1.286901474,-0.818829536,-0.003204346,-0.000019580,-16.537860870,6.888528347,1.224710464,-0.813548684,-0.002201897,0.000000000,0.000000000,0.000000000,0.000000000,0.000000000,0.000000000,0.000000000,0.000000000,0.000000000,0.000000000,0.000000000,0.000000000,0.000000000,0.000000000,0.000000000,0.000000000,0.000000000,0.000000000,0.002354175,0.026073456,0.044544697,0.062191010,-0.005280852,-0.001002449,0.003345139,0.027030935,0.019574827,0.004818887,-0.004559821,-0.002768055
6.779407740,0.619161606,0.627982140,1.557589531,0.011313438,0.131348610,0.027803421,-0.202091217,0.129701614,-0.026184082,-0.105411530,0.006546021,-0.000503540,0.619161606,0.627982140,1.557589531,0.011313438,0.131348610,0.027420044,-0.000019580,-16.537860870,6.888528347,1.224710464,-0.813548684,-0.002201897,0.024124146,-16.559398651,6.901426315,1.301427841,-0.787639618,0.007049561,-0.000019580,-16.537860870,6.888528347,1.224710464,-0.813548684,-0.002201897,0.000000000,0.000000000,0.000000000,0.000000000,0.000000000,0.000000000,0.000000000,0.000000000,0.000000000,0.000000000,0.000000000,0.000000000,0.000000000,0.000000000,0.000000000,0.000000000,0.000000000,0.000000000,0.024143726,-0.021537781,0.012897968,0.076717377,0.025909066,0.009251457,0.025134690,-0.020580301,-0.012071901,0.019345254,0.026630097,0.007485852
6.789412975,0.619161606,0.627982140,1.557589531,0.011313438,0.131348610,0.027803421,0.074523926,-0.033874512,0.125549316,0.063781738,-0.026687622,0.006546021,0.619161606,0.627982140,1.557589531,0.011313438,0.131348610,0.027420044,-0.000019580,-16.537860870,6.888528347,1.224710464,-0.813548684,-0.002201897,-0.010635376,-16.506294250,6.908170700,1.269781113,-0.806012154,-0.006622314,-0.000019580,-16.537860870,6.888528347,1.224710464,-0.813548684,-0.002201897,0.000000000,0.000000000,0.000000000,0.000000000,0.000000000,0.000000000,0.000000000,0.000000000,0.000000000,0.000000000,0.000000000,0.000000000,0.000000000,0.000000000,0.000000000,0.000000000,0.000000000,0.000000000,-0.010615796,0.031566620,0.019642353,0.045070648,0.007536530,-0.004420418,-0.009624831,0.032524099,-0.005327517,-0.012301474,0.008257561,-0.006186023
6.799366951,0.619161606,0.627982140,1.557589531,0.011313438,0.131348610,0.027420044,-0.043640137,-0.065004349,-0.061096191,-0.027526855,0.068984985,-0.004531860,0.619161606,0.627982140,1.557972908,0.011313438,0.131348610,0.027803421,-0.000019584,-16.539991379,6.890546322,1.225115061,-0.813775837,-0.002203064,0.019454956,-16.502632141,6.906614304,1.294683456,-0.824383736,0.001068115,-0.000019584,-16.539991379,6.890546322,1.225115061,-0.813775837,-0.002203064,0.000000000,0.000000000,0.000000000,0.000000000,0.000000000,0.000000000,0.000000000,0.000000000,0.000000000,0.000000000,0.000000000,0.000000000,0.000000000,0.000000000,0.000000000,0.000000000,0.000000000,0.000000000,0.019474540,0.037359238,0.016067982,0.069568396,-0.010607898,0.003271179,0.020465504,0.038316717,-0.008901888,0.012196273,-0.009886867,0.001505574
6.809381247,0.618778229,0.627982140,1.557589531,0.011313438,0.131348610,0.027420044,-0.065124512,-0.007629395,-0.059753418,0.023498535,-0.032730103,-0.035751343,0.619161606,0.627982140,1.557589531,0.010930061,0.131348610,0.027420044,-0.000019579,-16.537477493,6.888163567,1.224304914,-0.813321292,-0.002201315,-0.022567749,-16.568553925,6.911283493,1.243320465,-0.801739693,-0.004913330,-0.000019579,-16.537477493,6.888163567,1.224304914,-0.813321292,-0.002201315,0.000000000,0.000000000,0.000000000,0.000000000,0.000000000,0.000000000,0.000000000,0.000000000,0.000000000,0.000000000,0.000000000,0.000000000,0.000000000,0.000000000,0.000000000,0.000000000,0.000000000,0.000000000,-0.022548170,-0.031076431,0.023119926,0.019015551,0.011581600,-0.002712015,-0.021557205,-0.030118952,-0.001849943,-0.038356572,0.012302631,-0.004477620
6.819409847,0.619161606,0.627982140,1.557589531,0.011313438,0.131348610,0.027420044,0.075866699,0.082094193,-0.044982910,0.108093262,0.070999146,-0.054885864,0.618778229,0.627982140,1.557589531,0.011313438,0.131348610,0.027803421,-0.000019564,-16.537860870,6.888527870,1.224709868,-0.813548565,-0.002202483,-0.007003784,-16.495307922,6.910245895,1.281194687,-0.811139107,-0.002349854,-0.000019564,-16.537860870,6.888527870,1.224709868,-0.813548565,-0.002202483,0.000000000,0.000000000,0.000000000,0.000000000,0.000000000,0.000000000,0.000000000,0.000000000,0.000000000,0.000000000,0.000000000,0.000000000,0.000000000,0.000000000,0.000000000,0.000000000,0.000000000,0.000000000,-0.006984221,0.042552948,0.021718025,0.056484818,0.002409458,-0.000147370,-0.005993256,0.043510428,-0.003251844,-0.000887304,0.003130489,-0.001912976
6.829479694,0.619161606,0.627982140,1.557589531,0.011313438,0.130965233,0.027803421,0.112121582,-0.004577637,-0.044982910,0.042297363,0.013595581,0.038772583,0.619161606,0.627982140,1.557589531,0.011313438,0.130965233,0.027803421,-0.000019580,-16.538076401,6.888732433,1.224937201,-0.813589752,-0.002202593,-0.001815796,-16.541088104,6.921659470,1.288457870,-0.804303169,-0.004913330,-0.000019580,-16.538076401,6.888732433,1.224937201,-0.813589752,-0.002202593,0.000000000,0.000000000,0.000000000,0.000000000,0.000000000,0.000000000,0.000000000,0.000000000,0.000000000,0.000000000,0.000000000,0.000000000,0.000000000,0.000000000,0.000000000,0.000000000,0.000000000,0.000000000,-0.001796216,-0.003011703,0.032927036,0.063520670,0.009286582,-0.002710738,-0.000805251,-0.002054224,0.007957167,0.006148548,0.010007613,-0.004476343
6.839379311,0.619161606,0.627982140,1.557589531,0.011313438,0.131348610,0.027803421,-0.030212402,0.132753372,0.027526855,0.112121582,-0.013595581,0.039779663,0.619161606,0.627982140,1.557589531,0.011313438,0.131348610,0.027803421,-0.000019580,-16.537860870,6.888527870,1.224709868,-0.813548565,-0.002202483,0.003890991,-16.542919159,6.916990280,1.271856308,-0.801739693,0.007049561,-0.000019580,-16.537860870,6.888527870,1.224709868,-0.813548565,-0.002202483,0.000000000,0.000000000,0.000000000,0.000000000,0.000000000,0.000000000,0.000000000,0.000000000,0.000000000,0.000000000,0.000000000,0.000000000,0.000000000,0.000000000,0.000000000,0.000000000,0.000000000,0.000000000,0.003910571,-0.005058289,0.028462410,0.047146440,0.011808872,0.009252044,0.004901536,-0.004100809,0.003492540,-0.010225683,0.012529903,0.007486438
6.849376917,0.619161606,0.627982140,1.557589531,0.011313438,0.131348610,0.027420044,-0.011413574,-0.065004349,-0.002014160,0.028869629,0.047836304,-0.038772583,0.619161606,0.627982140,1.557589531,0.011313438,0.131348610,0.027420044,-0.000019580,-16.537860870,6.888528347,1.224710464,-0.813548684,-0.002201897,-0.017898560,-16.572216034,6.907651901,1.308691025,-0.825238228,0.006195068,-0.000019580,-16.537860870,6.888528347,1.224710464,-0.813548684,-0.002201897,0.000000000,0.000000000,0.000000000,0.000000000,0.000000000,0.000000000,0.000000000,0.000000000,0.000000000,0.000000000,0.000000000,0.000000000,0.000000000,0.000000000,0.000000000,0.000000000,0.000000000,0.000000000,-0.017878980,-0.034355164,0.019123554,0.083980560,-0.011689544,0.008396965,-0.016888015,-0.033397684,-0.005846315,0.026608438,-0.010968513,0.006631360
6.859418392,0.619161606,0.627982140,1.557589531,0.011313438,0.131348610,0.027803421,0.024841309,-0.027770996,0.141662598,-0.046325684,0.007553101,0.019638062,0.619161606,0.627982140,1.557589531,0.011313438,0.131348610,0.027803421,-0.000019580,-16.537860870,6.888527870,1.224709868,-0.813548565,-0.002202483,0.005447388,-16.528270721,6.921659470,1.338781357,-0.826947212,0.007476807,-0.000019580,-16.537860870,6.888527870,1.224709868,-0.813548565,-0.002202483,0.000000000,0.000000000,0.000000000,0.000000000,0.000000000,0.000000000,0.000000000,0.000000000,0.000000000,0.000000000,0.000000000,0.000000000,0.000000000,0.000000000,0.000000000,0.000000000,0.000000000,0.000000000,0.005466968,0.009590149,0.033131599,0.114071488,-0.013398647,0.009679290,0.006457932,0.010547628,0.008161730,0.056699366,-0.012677616,0.007913684
6.869378328,0.619161606,0.627982140,1.557589531,0.011313438,0.131348610,0.027803421,0.083923340,0.110780716,0.089294434,0.085266113,-0.047836304,0.039779663,0.619161606,0.627982140,1.557589531,0.011313438,0.131348610,0.027803421,-0.000019580,-16.537860870,6.888527870,1.224709868,-0.813548565,-0.002202483,-0.009597778,-16.520942688,6.929441452,1.258365631,-0.802594185,0.014312744,-0.000019580,-16.537860870,6.888527870,1.224709868,-0.813548565,-0.002202483,0.000000000,0.000000000,0.000000000,0.000000000,0.000000000,0.000000000,0.000000000,0.000000000,0.000000000,0.000000000,0.000000000,0.000000000,0.000000000,0.000000000,0.000000000,0.000000000,0.000000000,0.000000000,-0.009578198,0.016918182,0.040913582,0.033655763,0.010954380,0.016515228,-0.008587234,0.017875662,0.015943712,-0.023716360,0.011675411,0.014749622
6.879402161,0.619161606,0.627982140,1.557589531,0.011313438,0.130965233,0.027803421,-0.039611816,-0.012512207,0.085266113,0.086608887,-0.007553101,0.016616821,0.619161606,0.627982140,1.557589531,0.011313438,0.130965233,0.027803421,-0.000019580,-16.538076401,6.888732433,1.224937201,-0.813589752,-0.002202593,-0.002853394,-16.583202362,6.900907516,1.313879013,-0.821393013,-0.001495361,-0.000019580,-16.538076401,6.888732433,1.224937201,-0.813589752,-0.002202593,0.000000000,0.000000000,0.000000000,0.000000000,0.000000000,0.000000000,0.000000000,0.000000000,0.000000000,0.000000000,0.000000000,0.000000000,0.000000000,0.000000000,0.000000000,0.000000000,0.000000000,0.000000000,-0.002833813,-0.045125961,0.012175083,0.088941813,-0.007803261,0.000707231,-0.001842849,-0.044168482,-0.012794786,0.031569690,-0.007082230,-0.001058374
6.889479876,0.619161606,0.627982140,1.557589531,0.011313438,0.131348610,0.027420044,-0.210147858,0.110170364,-0.161808014,-0.133609772,0.058914185,-0.056900024,0.619161606,0.627982140,1.557589531,0.011313438,0.131348610,0.027803421,-0.000019580,-16.537860870,6.888527870,1.224709868,-0.813548565,-0.002202483,0.010116577,-16.475166321,6.916471481,1.283269882,-0.833355904,0.008331299,-0.000019580,-16.537860870,6.888527870,1.224709868,-0.813548565,-0.002202483,0.000000000,0.000000000,0.000000000,0.000000000,0.000000000,0.000000000,0.000000000,0.000000000,0.000000000,0.000000000,0.000000000,0.000000000,0.000000000,0.000000000,0.000000000,0.000000000,0.000000000,0.000000000,0.010136157,0.062694550,0.027943611,0.058560014,-0.019807339,0.010533782,0.011127122,0.063652029,0.002973742,0.001187892,-0.019086308,0.008768177
6.899414301,0.619161606,0.627982140,1.557589531,0.011313438,0.131348610,0.027420044,-0.172550201,0.111391068,-0.040954590,0.079895020,0.008560181,-0.010574341,0.619161606,0.627982140,1.557589531,0.011313438,0.131348610,0.027420044,-0.000019580,-16.537860870,6.888528347,1.224710464,-0.813548684,-0.002201897,-0.012710571,-16.526439667,6.905057907,1.275487900,-0.781658173,0.022857666,-0.000019580,-16.537860870,6.888528347,1.224710464,-0.813548684,-0.002201897,0.000000000,0.000000000,0.000000000,0.000000000,0.000000000,0.000000000,0.000000000,0.000000000,0.000000000,0.000000000,0.000000000,0.000000000,0.000000000,0.000000000,0.000000000,0.000000000,0.000000000,0.000000000,-0.012690991,0.011421204,0.016529560,0.050777435,0.031890512,0.025059563,-0.011700027,0.012378683,-0.008440309,-0.006594687,0.032611542,0.023293957
6.909377575,0.619161606,0.627982140,1.557589531,0.011313438,0.131348610,0.027803421,-0.078552246,0.007629395,0.114807129,-0.138980865,0.004531860,0.021652222,0.618778229,0.627982140,1.557589531,0.011313438,0.131348610,0.027420044,-0.000019564,-16.537860870,6.888528347,1.224710464,-0.813548684,-0.002201897,-0.009078979,-16.508125305,6.912839890,1.284307480,-0.821820259,-0.012176514,-0.000019564,-16.537860870,6.888528347,1.224710464,-0.813548684,-0.002201897,0.000000000,0.000000000,0.000000000,0.000000000,0.000000000,0.000000000,0.000000000,0.000000000,0.000000000,0.000000000,0.000000000,0.000000000,0.000000000,0.000000000,0.000000000,0.000000000,0.000000000,0.000000000,-0.009059416,0.029735565,0.024311543,0.059597015,-0.008271575,-0.009974617,-0.008068451,0.030693045,-0.000658327,0.002224893,-0.007550544,-0.011740222
6.919422150,0.619161606,0.627982140,1.557589531,0.011313438,0.131348610,0.027803421,-0.151065826,-0.066835403,-0.039611816,-0.054382324,-0.030715942,-0.002517700,0.619161606,0.627982140,1.557589531,0.011313438,0.131348610,0.027803421,-0.000019580,-16.537860870,6.888527870,1.224709868,-0.813548565,-0.002202483,0.029830933,-16.546581268,6.920103073,1.292089462,-0.789775848,0.010467529,-0.000019580,-16.537860870,6.888527870,1.224709868,-0.813548565,-0.002202483,0.000000000,0.000000000,0.000000000,0.000000000,0.000000000,0.000000000,0.000000000,0.000000000,0.000000000,0.000000000,0.000000000,0.000000000,0.000000000,0.000000000,0.000000000,0.000000000,0.000000000,0.000000000,0.029850513,-0.008720398,0.031575203,0.067379594,0.023772717,0.012670013,0.030841477,-0.007762918,0.006605333,0.010007472,0.024493747,0.010904407
6.929381371,0.619161606,0.627982140,1.557589531,0.011313438,0.131348610,0.027803421,-0.098697662,0.096742630,-0.018127441,0.011413574,-0.078052521,0.002517700,0.619161606,0.627982140,1.557589531,0.011313438,0.131348610,0.027803421,-0.000019580,-16.537860870,6.888527870,1.224709868,-0.813548565,-0.002202483,-0.003890991,-16.515449524,6.913877487,1.247470856,-0.796612740,-0.006195068,-0.000019580,-16.537860870,6.888527870,1.224709868,-0.813548565,-0.002202483,0.000000000,0.000000000,0.000000000,0.000000000,0.000000000,0.000000000,0.000000000,0.000000000,0.000000000,0.000000000,0.000000000,0.000000000,0.000000000,0.000000000,0.000000000,0.000000000,0.000000000,0.000000000,-0.003871411,0.022411346,0.025349617,0.022760987,0.016935825,-0.003992585,-0.002880447,0.023368826,0.000379747,-0.034611135,0.017656856,-0.005758191
6.939378023,0.618778229,0.627982140,1.557589531,0.011313438,0.131348610,0.027420044,-0.066467285,0.007629395,0.055725098,-0.003356934,-0.024673462,0.033737183,0.619161606,0.627982140,1.557589531,0.011313438,0.131348610,0.027420044,-0.000019580,-16.537860870,6.888528347,1.224710464,-0.813548684,-0.002201897,0.002334595,-16.506294250,6.905576706,1.257328033,-0.828656197,-0.023712158,-0.000019580,-16.537860870,6.888528347,1.224710464,-0.813548684,-0.002201897,0.000000000,0.000000000,0.000000000,0.000000000,0.000000000,0.000000000,0.000000000,0.000000000,0.000000000,0.000000000,0.000000000,0.000000000,0.000000000,0.000000000,0.000000000,0.000000000,0.000000000,0.000000000,0.002354175,0.031566620,0.017048359,0.032617569,-0.015107512,-0.021510261,0.003345139,0.032524099,-0.007921511,-0.024754553,-0.014386482,-0.023275867
6.949378014,0.619161606,0.627982140,1.557589531,0.011313438,0.131348610,0.027420044,-0.016784668,0.055847168,0.044982910,-0.028869629,0.090133667,-0.058914185,0.619161606,0.627982140,1.557589531,0.011313438,0.130965233,0.027420044,-0.000019580,-16.538078308,6.888732910,1.224937797,-0.813589871,-0.002202006,0.025680542,-16.564891815,6.910245895,1.282751083,-0.812420845,-0.004058838,-0.000019580,-16.538078308,6.888732910,1.224937797,-0.813589871,-0.002202006,0.000000000,0.000000000,0.000000000,0.000000000,0.000000000,0.000000000,0.000000000,0.000000000,0.000000000,0.000000000,0.000000000,0.000000000,0.000000000,0.000000000,0.000000000,0.000000000,0.000000000,0.000000000,0.025700122,-0.026813507,0.021512985,0.057813287,0.001169026,-0.001856832,0.026691087,-0.025856028,-0.003456884,0.000441165,0.001890057,-0.003622437
6.959415674,0.619161606,0.627982140,1.557589531,0.011313438,0.131348610,0.027420044,0.075866699,-0.102235794,-0.000671387,-0.113468170,-0.011581421,-0.045822144,0.618778229,0.627982140,1.557589531,0.011313438,0.131348610,0.027803421,-0.000019564,-16.537860870,6.888527870,1.224709868,-0.813548565,-0.002202483,0.008041382,-16.566722870,6.904020309,1.302984238,-0.808575630,-0.003631592,-0.000019564,-16.537860870,6.888527870,1.224709868,-0.813548565,-0.002202483,0.000000000,0.000000000,0.000000000,0.000000000,0.000000000,0.000000000,0.000000000,0.000000000,0.000000000,0.000000000,0.000000000,0.000000000,0.000000000,0.000000000,0.000000000,0.000000000,0.000000000,0.000000000,0.008060945,-0.028862000,0.015492439,0.078274369,0.004972935,-0.001429108,0.009051910,-0.027904520,-0.009477430,0.020902247,0.005693966,-0.003194714
6.969377041,0.619161606,0.627982140,1.557972908,0.011313438,0.131348610,0.027420044,0.042297363,-0.082094193,0.124206543,0.073181152,-0.002517700,-0.008560181,0.619161606,0.627982140,1.557972908,0.011313438,0.131348610,0.027420044,-0.000019584,-16.539991379,6.890546799,1.225115657,-0.813775957,-0.002202478,0.009078979,-16.575878143,6.913877487,1.235538483,-0.796612740,-0.012176514,-0.000019584,-16.539991379,6.890546799,1.225115657,-0.813775957,-0.002202478,0.000000000,0.000000000,0.000000000,0.000000000,0.000000000,0.000000000,0.000000000,0.000000000,0.000000000,0.000000000,0.000000000,0.000000000,0.000000000,0.000000000,0.000000000,0.000000000,0.000000000,0.000000000,0.009098563,-0.035886765,0.023330688,0.010422826,0.017163217,-0.009974036,0.010089527,-0.034929285,-0.001639181,-0.046949296,0.017884248,-0.011739641
6.979406834,0.619161606,0.627982140,1.557589531,0.011313438,0.131348610,0.027803421,0.030212402,0.075378418,-0.083923340,0.011413574,0.027694702,0.000503540,0.619161606,0.627982140,1.557589531,0.011313438,0.131348610,0.027420044,-0.000019580,-16.537860870,6.888528347,1.224710464,-0.813548684,-0.002201897,-0.061998367,-16.515449524,6.915952682,1.276525497,-0.803021431,-0.008758545,-0.000019580,-16.537860870,6.888528347,1.224710464,-0.813548684,-0.002201897,0.000000000,0.000000000,0.000000000,0.000000000,0.000000000,0.000000000,0.000000000,0.000000000,0.000000000,0.000000000,0.000000000,0.000000000,0.000000000,0.000000000,0.000000000,0.000000000,0.000000000,0.000000000,-0.061978787,0.022411346,0.027424335,0.051815033,0.010527253,-0.006556648,-0.060987823,0.023368826,0.002454466,-0.005557089,0.011248284,-0.008322254
6.989379168,0.619161606,0.627982140,1.557589531,0.011313438,0.131348610,0.027420044,0.036926270,0.012512207,0.024841309,-0.091983795,-0.016616821,-0.005538940,0.618778229,0.627982140,1.557589531,0.011313438,0.130965233,0.027420044,-0.000019564,-16.538078308,6.888732910,1.224937797,-0.813589871,-0.002202006,0.015304565,-16.539257050,6.898832321,1.217380524,-0.812420845,-0.007049561,-0.000019564,-16.538078308,6.888732910,1.224937797,-0.813589871,-0.002202006,0.000000000,0.000000000,0.000000000,0.000000000,0.000000000,0.000000000,0.000000000,0.000000000,0.000000000,0.000000000,0.000000000,0.000000000,0.000000000,0.000000000,0.000000000,0.000000000,0.000000000,0.000000000,0.015324129,-0.001178741,0.010099411,-0.007557273,0.001169026,-0.004847554,0.016315094,-0.000221262,-0.014870459,-0.064929395,0.001890057,-0.006613160
6.999353170,0.618778229,0.627982140,1.557972908,0.011313438,0.130965233,0.027420044,-0.036926270,-0.089418411,0.148376465,0.067810059,0.031723022,0.023666382,0.619161606,0.627982140,1.557589531,0.011313438,0.130965233,0.027803421,-0.000019580,-16.538076401,6.888732433,1.224937201,-0.813589752,-0.002202593,-0.012191772,-16.528270721,6.912321091,1.242282867,-0.826092720,0.006195068,-0.000019580,-16.538076401,6.888732433,1.224937201,-0.813589752,-0.002202593,0.000000000,0.000000000,0.000000000,0.000000000,0.000000000,0.000000000,0.000000000,0.000000000,0.000000000,0.000000000,0.000000000,0.000000000,0.000000000,0.000000000,0.000000000,0.000000000,0.000000000,0.000000000,-0.012172192,0.009805679,0.023588657,0.017345667,-0.012502968,0.008397661,-0.011181228,0.010763159,-0.001381212,-0.040026455,-0.011781937,0.006632055
7.009415865,0.619161606,0.627982140,1.557589531,0.011313438,0.131348610,0.027803421,-0.108097076,-0.069276810,0.019470215,-0.069152832,0.033737183,-0.016616821,0.619161606,0.627982140,1.557589531,0.011313438,0.131348610,0.027803421,-0.000019580,-16.537860870,6.888527870,1.224709868,-0.813548565,-0.002202483,-0.004928589,-16.541088104,6.909727097,1.252140045,-0.782512665,-0.018585205,-0.000019580,-16.537860870,6.888527870,1.224709868,-0.813548565,-0.002202483,0.000000000,0.000000000,0.000000000,0.000000000,0.000000000,0.000000000,0.000000000,0.000000000,0.000000000,0.000000000,0.000000000,0.000000000,0.000000000,0.000000000,0.000000000,0.000000000,0.000000000,0.000000000,-0.004909009,-0.003227234,0.021199226,0.027430177,0.031035900,-0.016382722,-0.003918044,-0.002269754,-0.003770643,-0.029941946,0.031756931,-0.018148327
7.019409418,0.619161606,0.627982140,1.557589531,0.011313438,0.130965233,0.027803421,-0.070495605,0.011901855,0.087951660,0.055725098,0.004531860,0.067977905,0.619161606,0.627982140,1.557589531,0.011313438,0.131348610,0.027803421,-0.000019580,-16.537860870,6.888527870,1.224709868,-0.813548565,-0.002202483,0.039169312,-16.608837128,6.920621872,1.288976669,-0.789775848,0.004913330,-0.000019580,-16.537860870,6.888527870,1.224709868,-0.813548565,-0.002202483,0.000000000,0.000000000,0.000000000,0.000000000,0.000000000,0.000000000,0.000000000,0.000000000,0.000000000,0.000000000,0.000000000,0.000000000,0.000000000,0.000000000,0.000000000,0.000000000,0.000000000,0.000000000,0.039188892,-0.070976257,0.032094002,0.064266801,0.023772717,0.007115813,0.040179856,-0.070018778,0.007124132,0.006894679,0.024493747,0.005350208
7.029380560,0.619161606,0.627982140,1.557589531,0.011313438,0.131348610,0.027420044,0.002014160,0.039367676,-0.011413574,-0.026184082,0.023666382,0.024673462,0.619161606,0.627982140,1.557589531,0.011313438,0.131348610,0.027420044,-0.000019580,-16.537860870,6.888528347,1.224710464,-0.813548684,-0.002201897,-0.000778198,-16.528270721,6.906614304,1.291570663,-0.829083443,-0.018157959,-0.000019580,-16.537860870,6.888528347,1.224710464,-0.813548684,-0.002201897,0.000000000,0.000000000,0.000000000,0.000000000,0.000000000,0.000000000,0.000000000,0.000000000,0.000000000,0.000000000,0.000000000,0.000000000,0.000000000,0.000000000,0.000000000,0.000000000,0.000000000,0.000000000,-0.000758618,0.009590149,0.018085957,0.066860199,-0.015534759,-0.015956062,0.000232346,0.010547628,-0.006883913,0.009488077,-0.014813728,-0.017721668
7.039402723,0.619161606,0.627982140,1.557589531,0.011313438,0.131348610,0.027803421,0.145690918,-0.006408691,-0.003356934,0.027526855,-0.007553101,-0.001510620,0.619161606,0.627982140,1.557589531,0.011313438,0.131348610,0.027420044,-0.000019580,-16.537860870,6.888528347,1.224710464,-0.813548684,-0.002201897,-0.005966187,-16.537425995,6.907133102,1.296758652,-0.807721138,-0.007476807,-0.000019580,-16.537860870,6.888528347,1.224710464,-0.813548684,-0.002201897,0.000000000,0.000000000,0.000000000,0.000000000,0.000000000,0.000000000,0.000000000,0.000000000,0.000000000,0.000000000,0.000000000,0.000000000,0.000000000,0.000000000,0.000000000,0.000000000,0.000000000,0.000000000,-0.005946606,0.000434875,0.018604755,0.072048187,0.005827546,-0.005274910,-0.004955642,0.001392355,-0.006365114,0.014676065,0.006548577,-0.007040515
7.049376249,0.619161606,0.627982140,1.557589531,0.011313438,0.131348610,0.027420044,-0.031555176,0.049743652,0.016784668,0.004699707,-0.029708862,0.007553101,0.619161606,0.627982140,1.557589531,0.011313438,0.131348610,0.027420044,-0.000019580,-16.537860870,6.888528347,1.224710464,-0.813548684,-0.002201897,-0.009597778,-16.574047089,6.904539108,1.288457870,-0.792339325,-0.010467529,-0.000019580,-16.537860870,6.888528347,1.224710464,-0.813548684,-0.002201897,0.000000000,0.000000000,0.000000000,0.000000000,0.000000000,0.000000000,0.000000000,0.000000000,0.000000000,0.000000000,0.000000000,0.000000000,0.000000000,0.000000000,0.000000000,0.000000000,0.000000000,0.000000000,-0.009578198,-0.036186218,0.016010761,0.063747406,0.021209359,-0.008265632,-0.008587234,-0.035228739,-0.008959108,0.006375284,0.021930390,-0.010031238
7.059356928,0.619161606,0.627982140,1.557589531,0.011313438,0.131348610,0.027803421,-0.090641022,0.008850098,-0.002014160,0.031555176,0.017623901,-0.003524780,0.619161606,0.627982140,1.557589531,0.011313438,0.131348610,0.027803421,-0.000019580,-16.537860870,6.888527870,1.224709868,-0.813548565,-0.002202483,-0.000778198,-16.548412323,6.896757126,1.346044540,-0.820111275,0.014312744,-0.000019580,-16.537860870,6.888527870,1.224709868,-0.813548565,-0.002202483,0.000000000,0.000000000,0.000000000,0.000000000,0.000000000,0.000000000,0.000000000,0.000000000,0.000000000,0.000000000,0.000000000,0.000000000,0.000000000,0.000000000,0.000000000,0.000000000,0.000000000,0.000000000,-0.000758618,-0.010551453,0.008229256,0.121334672,-0.006562710,0.016515228,0.000232346,-0.009593973,-0.016740614,0.063962550,-0.005841679,0.014749622
7.069376469,0.619161606,0.627982140,1.557589531,0.011313438,0.131348610,0.027803421,0.050354004,-0.063783646,0.028869629,0.007385254,-0.015609741,0.048843384,0.619161606,0.627982140,1.557589531,0.011313438,0.131348610,0.027420044,-0.000019580,-16.537860870,6.888528347,1.224710464,-0.813548684,-0.002201897,0.027755737,-16.570384979,6.914915085,1.337743759,-0.810711861,-0.008758545,-0.000019580,-16.537860870,6.888528347,1.224710464,-0.813548684,-0.002201897,0.000000000,0.000000000,0.000000000,0.000000000,0.000000000,0.000000000,0.000000000,0.000000000,0.000000000,0.000000000,0.000000000,0.000000000,0.000000000,0.000000000,0.000000000,0.000000000,0.000000000,0.000000000,0.027775317,-0.032524109,0.026386738,0.113033295,0.002836823,-0.006556648,0.028766282,-0.031566629,0.001416868,0.055661172,0.003557854,-0.008322254
7.079376936,0.619161606,0.627982140,1.557589531,0.011313438,0.130965233,0.027803421,-0.015441895,-0.026550293,-0.098697662,0.093322754,-0.020645142,0.013595581,0.619161606,0.627982140,1.557589531,0.011313438,0.131348610,0.027420044,-0.000019580,-16.537860870,6.888528347,1.224710464,-0.813548684,-0.002201897,-0.010635376,-16.498970032,6.923215866,1.288976669,-0.774822235,-0.006622314,-0.000019580,-16.537860870,6.888528347,1.224710464,-0.813548684,-0.002201897,0.000000000,0.000000000,0.000000000,0.000000000,0.000000000,0.000000000,0.000000000,0.000000000,0.000000000,0.000000000,0.000000000,0.000000000,0.000000000,0.000000000,0.000000000,0.000000000,0.000000000,0.000000000,-0.010615796,0.038890839,0.034687519,0.064266205,0.038726449,-0.004420418,-0.009624831,0.039848318,0.009717649,0.006894083,0.039447480,-0.006186023
7.089378119,0.619161606,0.627982140,1.557206154,0.011313438,0.131348610,0.027803421,-0.106754303,-0.005798340,0.008728027,-0.018127441,-0.004531860,-0.005538940,0.619161606,0.627982140,1.557589531,0.011313438,0.131348610,0.027420044,-0.000019580,-16.537860870,6.888528347,1.224710464,-0.813548684,-0.002201897,-0.014785767,-16.566722870,6.911283493,1.266149521,-0.823956490,0.007476807,-0.000019580,-16.537860870,6.888528347,1.224710464,-0.813548684,-0.002201897,0.000000000,0.000000000,0.000000000,0.000000000,0.000000000,0.000000000,0.000000000,0.000000000,0.000000000,0.000000000,0.000000000,0.000000000,0.000000000,0.000000000,0.000000000,0.000000000,0.000000000,0.000000000,-0.014766187,-0.028862000,0.022755146,0.041439056,-0.010407805,0.009678703,-0.013775222,-0.027904520,-0.002214724,-0.015933066,-0.009686775,0.007913098
7.099364281,0.619161606,0.627982140,1.557589531,0.011313438,0.131348610,0.027803421,0.023498535,-0.022277832,0.032897949,0.058410645,-0.020645142,0.002517700,0.619161606,0.627982140,1.557589531,0.011313438,0.131348610,0.027803421,-0.000019580,-16.537860870,6.888527870,1.224709868,-0.813548565,-0.002202483,-0.002334595,-16.559398651,6.918027878,1.256809235,-0.799176216,0.001495361,-0.000019580,-16.537860870,6.888527870,1.224709868,-0.813548565,-0.002202483,0.000000000,0.000000000,0.000000000,0.000000000,0.000000000,0.000000000,0.000000000,0.000000000,0.000000000,0.000000000,0.000000000,0.000000000,0.000000000,0.000000000,0.000000000,0.000000000,0.000000000,0.000000000,-0.002315015,-0.021537781,0.029500008,0.032099366,0.014372349,0.003697845,-0.001324050,-0.020580301,0.004530138,-0.025272756,0.015093380,0.001932239
7.109416008,0.619161606,0.627982140,1.557589531,0.011313438,0.131348610,0.027420044,-0.055725098,0.044860840,0.054382324,-0.016784668,0.011581421,0.028701782,0.619161606,0.627982140,1.557589531,0.011313438,0.131348610,0.027420044,-0.000019580,-16.537860870,6.888528347,1.224710464,-0.813548684,-0.002201897,0.004409790,-16.524608612,6.905057907,1.249546051,-0.817120552,0.009613037,-0.000019580,-16.537860870,6.888528347,1.224710464,-0.813548684,-0.002201897,0.000000000,0.000000000,0.000000000,0.000000000,0.000000000,0.000000000,0.000000000,0.000000000,0.000000000,0.000000000,0.000000000,0.000000000,0.000000000,0.000000000,0.000000000,0.000000000,0.000000000,0.000000000,0.004429370,0.013252258,0.016529560,0.024835587,-0.003571868,0.011814934,0.005420335,0.014209738,-0.008440309,-0.032536536,-0.002850837,0.010049328
7.119377375,0.619161606,0.627982140,1.557206154,0.011313438,0.131348610,0.027420044,0.043640137,0.024108887,-0.028869629,0.036926270,0.040786743,-0.038772583,0.619161606,0.627982140,1.557589531,0.011313438,0.131348610,0.027803421,-0.000019580,-16.537860870,6.888527870,1.224709868,-0.813548565,-0.002202483,0.031387329,-16.561229706,6.915952682,1.269781113,-0.808148384,-0.015167236,-0.000019580,-16.537860870,6.888527870,1.224709868,-0.813548565,-0.002202483,0.000000000,0.000000000,0.000000000,0.000000000,0.000000000,0.000000000,0.000000000,0.000000000,0.000000000,0.000000000,0.000000000,0.000000000,0.000000000,0.000000000,0.000000000,0.000000000,0.000000000,0.000000000,0.031406909,-0.023368835,0.027424812,0.045071244,0.005400181,-0.012964753,0.032397874,-0.022411356,0.002454943,-0.012300878,0.006121212,-0.014730359
7.129379034,0.619161606,0.627982140,1.557589531,0.011313438,0.130965233,0.027420044,0.140319824,-0.032653809,0.067810059,0.061096191,-0.089130402,0.008560181,0.619161606,0.627982140,1.557589531,0.011313438,0.131348610,0.027420044,-0.000019580,-16.537860870,6.888528347,1.224710464,-0.813548684,-0.002201897,-0.007522583,-16.517280579,6.897794724,1.222568512,-0.781658173,-0.018585205,-0.000019580,-16.537860870,6.888528347,1.224710464,-0.813548684,-0.002201897,0.000000000,0.000000000,0.000000000,0.000000000,0.000000000,0.000000000,0.000000000,0.000000000,0.000000000,0.000000000,0.000000000,0.000000000,0.000000000,0.000000000,0.000000000,0.000000000,0.000000000,0.000000000,-0.007503003,0.020580292,0.009266376,-0.002141953,0.031890512,-0.016383308,-0.006512039,0.021537771,-0.015703493,-0.059514075,0.032611542,-0.018148914
7.139410496,0.618778229,0.627982140,1.557589531,0.011313438,0.131348610,0.027420044,0.049011230,0.078432083,0.038269043,-0.008728027,-0.006546021,-0.030715942,0.619161606,0.627982140,1.557589531,0.011313438,0.131348610,0.027420044,-0.000019580,-16.537860870,6.888528347,1.224710464,-0.813548684,-0.002201897,-0.001815796,-16.502632141,6.916990280,1.249546051,-0.787639618,0.012176514,-0.000019580,-16.537860870,6.888528347,1.224710464,-0.813548684,-0.002201897,0.000000000,0.000000000,0.000000000,0.000000000,0.000000000,0.000000000,0.000000000,0.000000000,0.000000000,0.000000000,0.000000000,0.000000000,0.000000000,0.000000000,0.000000000,0.000000000,0.000000000,0.000000000,-0.001796216,0.035228729,0.028461933,0.024835587,0.025909066,0.014378411,-0.000805251,0.036186209,0.003492064,-0.032536536,0.026630097,0.012612805
7.149379015,0.619161606,0.627982140,1.557589531,0.011313438,0.131348610,0.027420044,-0.130924225,-0.003967285,-0.074523926,-0.124210358,0.032730103,-0.000503540,0.619161606,0.627982140,1.557589531,0.011313438,0.131348610,0.027803421,-0.000019580,-16.537860870,6.888527870,1.224709868,-0.813548565,-0.002202483,0.002853394,-16.548412323,6.913358688,1.274450302,-0.787212372,-0.000640869,-0.000019580,-16.537860870,6.888527870,1.224709868,-0.813548565,-0.002202483,0.000000000,0.000000000,0.000000000,0.000000000,0.000000000,0.000000000,0.000000000,0.000000000,0.000000000,0.000000000,0.000000000,0.000000000,0.000000000,0.000000000,0.000000000,0.000000000,0.000000000,0.000000000,0.002872974,-0.010551453,0.024830818,0.049740434,0.026336193,0.001561614,0.003863938,-0.009593973,-0.000139051,-0.007631689,0.027057224,-0.000203991
7.159411192,0.619161606,0.627982140,1.557589531,0.011313438,0.131348610,0.027803421,-0.024841309,0.047302246,-0.090641022,-0.019470215,-0.024673462,-0.011581421,0.619161606,0.627982140,1.557589531,0.011313438,0.131348610,0.027803421,-0.000019580,-16.537860870,6.888527870,1.224709868,-0.813548565,-0.002202483,-0.002853394,-16.539257050,6.918027878,1.226718903,-0.790203094,-0.004913330,-0.000019580,-16.537860870,6.888527870,1.224709868,-0.813548565,-0.002202483,0.000000000,0.000000000,0.000000000,0.000000000,0.000000000,0.000000000,0.000000000,0.000000000,0.000000000,0.000000000,0.000000000,0.000000000,0.000000000,0.000000000,0.000000000,0.000000000,0.000000000,0.000000000,-0.002833814,-0.001396179,0.029500008,0.002009034,0.023345470,-0.002710847,-0.001842849,-0.000438700,0.004530138,-0.055363088,0.024066501,-0.004476452
7.169377804,0.619161606,0.627982140,1.557589531,0.011313438,0.131348610,0.027803421,0.031555176,-0.046083450,0.069152832,0.011413574,0.032730103,0.051864624,0.619161606,0.627982140,1.557589531,0.011313438,0.131348610,0.027803421,-0.000019580,-16.537860870,6.888527870,1.224709868,-0.813548565,-0.002202483,0.002334595,-16.574047089,6.916990280,1.297796249,-0.800885201,-0.005340576,-0.000019580,-16.537860870,6.888527870,1.224709868,-0.813548565,-0.002202483,0.000000000,0.000000000,0.000000000,0.000000000,0.000000000,0.000000000,0.000000000,0.000000000,0.000000000,0.000000000,0.000000000,0.000000000,0.000000000,0.000000000,0.000000000,0.000000000,0.000000000,0.000000000,0.002354175,-0.036186218,0.028462410,0.073086381,0.012663364,-0.003138093,0.003345139,-0.035228739,0.003492540,0.015714259,0.013384395,-0.004903698
7.179377794,0.619161606,0.627982140,1.557589531,0.011313438,0.131348610,0.027420044,0.046325684,0.086366653,0.117492676,0.040954590,0.002517700,-0.018630981,0.619545937,0.627982140,1.557589531,0.011313438,0.131348610,0.027803421,-0.000019596,-16.537860870,6.888527870,1.224709868,-0.813548565,-0.002202483,0.024124146,-16.506294250,6.901426315,1.254734039,-0.826519966,0.004486084,-0.000019596,-16.537860870,6.888527870,1.224709868,-0.813548565,-0.002202483,0.000000000,0.000000000,0.000000000,0.000000000,0.000000000,0.000000000,0.000000000,0.000000000,0.000000000,0.000000000,0.000000000,0.000000000,0.000000000,0.000000000,0.000000000,0.000000000,0.000000000,0.000000000,0.024143742,0.031566620,0.012898445,0.030024171,-0.012971401,0.006688567,0.025134706,0.032524099,-0.012071424,-0.027347951,-0.012250370,0.004922962
7.189407110,0.619161606,0.627982140,1.557589531,0.011313438,0.131348610,0.027803421,0.065124512,0.068664551,-0.032897949,0.024841309,0.022659302,-0.022659302,0.619161606,0.627982140,1.557589531,0.011313438,0.131348610,0.027803421,-0.000019580,-16.537860870,6.888527870,1.224709868,-0.813548565,-0.002202483,-0.018417358,-16.486152649,6.917509079,1.193515778,-0.830792427,0.019439697,-0.000019580,-16.537860870,6.888527870,1.224709868,-0.813548565,-0.002202483,0.000000000,0.000000000,0.000000000,0.000000000,0.000000000,0.000000000,0.000000000,0.000000000,0.000000000,0.000000000,0.000000000,0.000000000,0.000000000,0.000000000,0.000000000,0.000000000,0.000000000,0.000000000,-0.018397778,0.051708221,0.028981209,-0.031194091,-0.017243862,0.021642181,-0.017406814,0.052665701,0.004011339,-0.088566213,-0.016522831,0.019876575
7.199383736,0.619161606,0.627982140,1.557589531,0.011313438,0.131348610,0.027803421,-0.117496490,0.013122559,-0.081237793,-0.011413574,-0.004531860,0.015609741,0.619161606,0.627982140,1.557589531,0.011313438,0.131348610,0.027803421,-0.000019580,-16.537860870,6.888527870,1.224709868,-0.813548565,-0.002202483,-0.014266968,-16.486152649,6.900907516,1.267705917,-0.820538521,-0.003204346,-0.000019580,-16.537860870,6.888527870,1.224709868,-0.813548565,-0.002202483,0.000000000,0.000000000,0.000000000,0.000000000,0.000000000,0.000000000,0.000000000,0.000000000,0.000000000,0.000000000,0.000000000,0.000000000,0.000000000,0.000000000,0.000000000,0.000000000,0.000000000,0.000000000,-0.014247388,0.051708221,0.012379646,0.042996049,-0.006989956,-0.001001862,-0.013256423,0.052665701,-0.012590223,-0.014376073,-0.006268925,-0.002767468
7.209379435,0.619161606,0.627982140,1.557589531,0.011313438,0.131348610,0.027803421,-0.144351959,-0.013122559,-0.081237793,-0.079895020,0.043807983,-0.033737183,0.619161606,0.627982140,1.557589531,0.011313438,0.131348610,0.027803421,-0.000019580,-16.537860870,6.888527870,1.224709868,-0.813548565,-0.002202483,-0.014266968,-16.570384979,6.903501511,1.253177643,-0.816266060,0.006195068,-0.000019580,-16.537860870,6.888527870,1.224709868,-0.813548565,-0.002202483,0.000000000,0.000000000,0.000000000,0.000000000,0.000000000,0.000000000,0.000000000,0.000000000,0.000000000,0.000000000,0.000000000,0.000000000,0.000000000,0.000000000,0.000000000,0.000000000,0.000000000,0.000000000,-0.014247388,-0.032524109,0.014973640,0.028467774,-0.002717495,0.008397552,-0.013256423,-0.031566629,-0.009996229,-0.028904348,-0.001996464,0.006631946
7.219354391,0.619161606,0.627982140,1.557589531,0.011313438,0.131348610,0.027803421,0.042297363,0.086977005,0.058410645,0.047668457,0.031723022,0.039779663,0.619161606,0.627982140,1.557589531,0.011313438,0.131348610,0.027420044,-0.000019580,-16.537860870,6.888528347,1.224710464,-0.813548684,-0.002201897,0.005447388,-16.550243378,6.915433884,1.250064850,-0.815838814,0.003631592,-0.000019580,-16.537860870,6.888528347,1.224710464,-0.813548684,-0.002201897,0.000000000,0.000000000,0.000000000,0.000000000,0.000000000,0.000000000,0.000000000,0.000000000,0.000000000,0.000000000,0.000000000,0.000000000,0.000000000,0.000000000,0.000000000,0.000000000,0.000000000,0.000000000,0.005466968,-0.012382507,0.026905537,0.025354385,-0.002290130,0.005833489,0.006457932,-0.011425028,0.001935667,-0.032017737,-0.001569099,0.004067883
7.229380846,0.619161606,0.627982140,1.557589531,0.011313438,0.131348610,0.027803421,-0.140323639,-0.039369583,0.070495605,0.086608887,-0.016616821,0.007553101,0.619161606,0.627982140,1.557589531,0.011313438,0.131348610,0.027803421,-0.000019580,-16.537860870,6.888527870,1.224709868,-0.813548565,-0.002202483,-0.000778198,-16.530101776,6.916990280,1.232944489,-0.796185493,0.010894775,-0.000019580,-16.537860870,6.888527870,1.224709868,-0.813548565,-0.002202483,0.000000000,0.000000000,0.000000000,0.000000000,0.000000000,0.000000000,0.000000000,0.000000000,0.000000000,0.000000000,0.000000000,0.000000000,0.000000000,0.000000000,0.000000000,0.000000000,0.000000000,0.000000000,-0.000758618,0.007759094,0.028462410,0.008234620,0.017363071,0.013097259,0.000232346,0.008716574,0.003492540,-0.049137502,0.018084102,0.011331653
7.239348650,0.619161606,0.627982140,1.557589531,0.011313438,0.130965233,0.027420044,0.011413574,0.026550293,0.038269043,-0.061096191,0.017623901,-0.051864624,0.619161606,0.627982140,1.557589531,0.011313438,0.131348610,0.027420044,-0.000019580,-16.537860870,6.888528347,1.224710464,-0.813548684,-0.002201897,-0.009078979,-16.467842102,6.894681931,1.291570663,-0.841473579,-0.003204346,-0.000019580,-16.537860870,6.888528347,1.224710464,-0.813548684,-0.002201897,0.000000000,0.000000000,0.000000000,0.000000000,0.000000000,0.000000000,0.000000000,0.000000000,0.000000000,0.000000000,0.000000000,0.000000000,0.000000000,0.000000000,0.000000000,0.000000000,0.000000000,0.000000000,-0.009059399,0.070018768,0.006153584,0.066860199,-0.027924895,-0.001002449,-0.008068435,0.070976248,-0.018816286,0.009488077,-0.027203864,-0.002768055
7.249377251,0.619161606,0.627982140,1.557589531,0.011313438,0.130965233,0.027803421,0.053039551,0.060119629,-0.055725098,0.079895020,-0.038772583,0.023666382,0.619161606,0.627982140,1.557589531,0.011313438,0.131348610,0.027803421,-0.000019580,-16.537860870,6.888527870,1.224709868,-0.813548565,-0.002202483,-0.007522583,-16.561229706,6.916990280,1.278081894,-0.806012154,0.000213623,-0.000019580,-16.537860870,6.888527870,1.224709868,-0.813548565,-0.002202483,0.000000000,0.000000000,0.000000000,0.000000000,0.000000000,0.000000000,0.000000000,0.000000000,0.000000000,0.000000000,0.000000000,0.000000000,0.000000000,0.000000000,0.000000000,0.000000000,0.000000000,0.000000000,-0.007503003,-0.023368835,0.028462410,0.053372025,0.007536411,0.002416106,-0.006512039,-0.022411356,0.003492540,-0.004000097,0.008257442,0.000650501
7.259354830,0.619161606,0.627982140,1.557589531,0.011313438,0.131348610,0.027803421,0.036926270,-0.041810989,0.125549316,0.038269043,0.017623901,0.064956665,0.619161606,0.627982140,1.557589531,0.011313438,0.131348610,0.027803421,-0.000019580,-16.537860870,6.888527870,1.224709868,-0.813548565,-0.002202483,-0.000778198,-16.542919159,6.922178268,1.263555527,-0.831219673,-0.008758545,-0.000019580,-16.537860870,6.888527870,1.224709868,-0.813548565,-0.002202483,0.000000000,0.000000000,0.000000000,0.000000000,0.000000000,0.000000000,0.000000000,0.000000000,0.000000000,0.000000000,0.000000000,0.000000000,0.000000000,0.000000000,0.000000000,0.000000000,0.000000000,0.000000000,-0.000758618,-0.005058289,0.033650398,0.038845658,-0.017671108,-0.006556062,0.000232346,-0.004100809,0.008680529,-0.018526464,-0.016950077,-0.008321667
7.269379854,0.619161606,0.627982140,1.557589531,0.011313438,0.131348610,0.027420044,0.086608887,-0.010070801,-0.040954590,0.014099121,0.057907104,0.003524780,0.618778229,0.627982140,1.557589531,0.011313438,0.131348610,0.027420044,-0.000019564,-16.537860870,6.888528347,1.224710464,-0.813548684,-0.002201897,-0.006484985,-16.564891815,6.892606735,1.261999130,-0.826519966,0.017730713,-0.000019564,-16.537860870,6.888528347,1.224710464,-0.813548684,-0.002201897,0.000000000,0.000000000,0.000000000,0.000000000,0.000000000,0.000000000,0.000000000,0.000000000,0.000000000,0.000000000,0.000000000,0.000000000,0.000000000,0.000000000,0.000000000,0.000000000,0.000000000,0.000000000,-0.006465422,-0.027030945,0.004078388,0.037288666,-0.012971282,0.019932610,-0.005474457,-0.026073465,-0.020891481,-0.020083456,-0.012250251,0.018167004
7.279395580,0.619161606,0.627982140,1.557589531,0.011313438,0.131348610,0.027803421,-0.075866699,-0.066835403,0.057067871,-0.051696777,0.029708862,0.052871704,0.619161606,0.627982140,1.557589531,0.011313438,0.131348610,0.027803421,-0.000019580,-16.537860870,6.888527870,1.224709868,-0.813548565,-0.002202483,-0.011672974,-16.537425995,6.914396286,1.299871445,-0.837201118,-0.022857666,-0.000019580,-16.537860870,6.888527870,1.224709868,-0.813548565,-0.002202483,0.000000000,0.000000000,0.000000000,0.000000000,0.000000000,0.000000000,0.000000000,0.000000000,0.000000000,0.000000000,0.000000000,0.000000000,0.000000000,0.000000000,0.000000000,0.000000000,0.000000000,0.000000000,-0.011653394,0.000434875,0.025868416,0.075161576,-0.023652554,-0.020655183,-0.010662429,0.001392355,0.000898546,0.017789454,-0.022931523,-0.022420788
7.289386988,0.619161606,0.627982140,1.557589531,0.011313438,0.130965233,0.027420044,-0.067810059,0.039367676,0.173892975,0.036926270,-0.002517700,0.025680542,0.619161606,0.627982140,1.557589531,0.011313438,0.131348610,0.027420044,-0.000019580,-16.537860870,6.888528347,1.224710464,-0.813548684,-0.002201897,0.008560181,-16.484321594,6.912321091,1.279119492,-0.806012154,-0.010467529,-0.000019580,-16.537860870,6.888528347,1.224710464,-0.813548684,-0.002201897,0.000000000,0.000000000,0.000000000,0.000000000,0.000000000,0.000000000,0.000000000,0.000000000,0.000000000,0.000000000,0.000000000,0.000000000,0.000000000,0.000000000,0.000000000,0.000000000,0.000000000,0.000000000,0.008579761,0.053539276,0.023792744,0.054409027,0.007536530,-0.008265632,0.009570725,0.054496756,-0.001177126,-0.002963095,0.008257561,-0.010031238
7.299412966,0.619161606,0.627982140,1.557589531,0.011313438,0.131348610,0.027803421,-0.199405670,0.019226074,-0.070495605,-0.022155762,-0.014602661,0.062942505,0.619161606,0.627982140,1.557589531,0.011313438,0.131348610,0.027803421,-0.000019580,-16.537860870,6.888527870,1.224709868,-0.813548565,-0.002202483,-0.027236938,-16.524608612,6.918546677,1.282751083,-0.810711861,-0.000640869,-0.000019580,-16.537860870,6.888527870,1.224709868,-0.813548565,-0.002202483,0.000000000,0.000000000,0.000000000,0.000000000,0.000000000,0.000000000,0.000000000,0.000000000,0.000000000,0.000000000,0.000000000,0.000000000,0.000000000,0.000000000,0.000000000,0.000000000,0.000000000,0.000000000,-0.027217358,0.013252258,0.030018806,0.058041215,0.002836704,0.001561614,-0.026226394,0.014209738,0.005048937,0.000669093,0.003557735,-0.000203991
7.309412241,0.619161606,0.627982140,1.557589531,0.011313438,0.131348610,0.027420044,-0.094669342,-0.076601028,-0.071838379,0.208805084,-0.009567261,-0.046829224,0.619161606,0.627982140,1.557589531,0.011313438,0.131348610,0.027420044,-0.000019580,-16.537860870,6.888528347,1.224710464,-0.813548684,-0.002201897,-0.007003784,-16.539257050,6.897275925,1.282751083,-0.808148384,0.004486084,-0.000019580,-16.537860870,6.888528347,1.224710464,-0.813548684,-0.002201897,0.000000000,0.000000000,0.000000000,0.000000000,0.000000000,0.000000000,0.000000000,0.000000000,0.000000000,0.000000000,0.000000000,0.000000000,0.000000000,0.000000000,0.000000000,0.000000000,0.000000000,0.000000000,-0.006984204,-0.001396179,0.008747578,0.058040619,0.005400300,0.006687981,-0.005993240,-0.000438700,-0.016222292,0.000668497,0.006121331,0.004922375
7.319432259,0.619161606,0.627982140,1.557589531,0.011313438,0.131348610,0.027803421,0.043640137,-0.008239746,-0.040954590,0.053039551,-0.024673462,0.017623901,0.619161606,0.627982140,1.557589531,0.011313438,0.131348610,0.027420044,-0.000019580,-16.537860870,6.888528347,1.224710464,-0.813548684,-0.002201897,-0.005966187,-16.520942688,6.909208298,1.283788681,-0.814557076,-0.001922607,-0.000019580,-16.537860870,6.888528347,1.224710464,-0.813548684,-0.002201897,0.000000000,0.000000000,0.000000000,0.000000000,0.000000000,0.000000000,0.000000000,0.000000000,0.000000000,0.000000000,0.000000000,0.000000000,0.000000000,0.000000000,0.000000000,0.000000000,0.000000000,0.000000000,-0.005946606,0.016918182,0.020679951,0.059078217,-0.001008391,0.000279289,-0.004955642,0.017875662,-0.004289919,0.001706094,-0.000287361,-0.001486316
7.329378843,0.619161606,0.627982140,1.557589531,0.011313438,0.131348610,0.027803421,-0.008728027,-0.009460449,-0.117496490,0.117492676,-0.087116241,-0.011581421,0.619161606,0.627982140,1.557589531,0.011313438,0.131348610,0.027803421,-0.000019580,-16.537860870,6.888527870,1.224709868,-0.813548565,-0.002202483,-0.008041382,-16.500801086,6.905057907,1.290533066,-0.787212372,-0.009613037,-0.000019580,-16.537860870,6.888527870,1.224709868,-0.813548565,-0.002202483,0.000000000,0.000000000,0.000000000,0.000000000,0.000000000,0.000000000,0.000000000,0.000000000,0.000000000,0.000000000,0.000000000,0.000000000,0.000000000,0.000000000,0.000000000,0.000000000,0.000000000,0.000000000,-0.008021802,0.037059784,0.016530037,0.065823197,0.026336193,-0.007410554,-0.007030837,0.038017263,-0.008439833,0.008451075,0.027057224,-0.009176159
7.339378595,0.619161606,0.627982140,1.557589531,0.011313438,0.131348610,0.027803421,-0.177921295,0.117494583,-0.006042480,0.144348145,-0.029708862,0.026687622,0.619161606,0.627982140,1.557589531,0.011313438,0.131348610,0.027420044,-0.000019580,-16.537860870,6.888528347,1.224710464,-0.813548684,-0.002201897,-0.003890991,-16.508125305,6.884305954,1.305059433,-0.785503387,-0.006195068,-0.000019580,-16.537860870,6.888528347,1.224710464,-0.813548684,-0.002201897,0.000000000,0.000000000,0.000000000,0.000000000,0.000000000,0.000000000,0.000000000,0.000000000,0.000000000,0.000000000,0.000000000,0.000000000,0.000000000,0.000000000,0.000000000,0.000000000,0.000000000,0.000000000,-0.003871411,0.029735565,-0.004222393,0.080348969,0.028045297,-0.003993172,-0.002880447,0.030693045,-0.029192263,0.022976846,0.028766328,-0.005758777
7.349384069,0.619161606,0.627982140,1.557589531,0.011313438,0.130965233,0.027420044,0.124206543,0.057067871,0.148376465,0.047668457,-0.012588501,0.003524780,0.618778229,0.627982140,1.557589531,0.011313438,0.131348610,0.027803421,-0.000019564,-16.537860870,6.888527870,1.224709868,-0.813548565,-0.002202483,-0.006484985,-16.546581268,6.921659470,1.258365631,-0.809430122,-0.016021729,-0.000019564,-16.537860870,6.888527870,1.224709868,-0.813548565,-0.002202483,0.000000000,0.000000000,0.000000000,0.000000000,0.000000000,0.000000000,0.000000000,0.000000000,0.000000000,0.000000000,0.000000000,0.000000000,0.000000000,0.000000000,0.000000000,0.000000000,0.000000000,0.000000000,-0.006465422,-0.008720398,0.033131599,0.033655763,0.004118443,-0.013819245,-0.005474457,-0.007762918,0.008161730,-0.023716360,0.004839473,-0.015584851
7.359384298,0.619161606,0.627982140,1.557589531,0.011313438,0.131348610,0.027420044,-0.011413574,0.027160645,-0.042297363,0.086608887,0.002517700,-0.081073761,0.619161606,0.627982140,1.557589531,0.011313438,0.130965233,0.027803421,-0.000019580,-16.538076401,6.888732433,1.224937201,-0.813589752,-0.002202593,0.012191772,-16.531932831,6.895719528,1.267705917,-0.812420845,-0.005340576,-0.000019580,-16.538076401,6.888732433,1.224937201,-0.813589752,-0.002202593,0.000000000,0.000000000,0.000000000,0.000000000,0.000000000,0.000000000,0.000000000,0.000000000,0.000000000,0.000000000,0.000000000,0.000000000,0.000000000,0.000000000,0.000000000,0.000000000,0.000000000,0.000000000,0.012211353,0.006143570,0.006987095,0.042768717,0.001168907,-0.003137984,0.013202317,0.007101049,-0.017982775,-0.014603405,0.001889938,-0.004903589
7.369406223,0.619161606,0.627982140,1.557589531,0.011313438,0.131348610,0.027803421,-0.019470215,-0.049135208,0.026184082,0.069152832,-0.030715942,-0.008560181,0.619161606,0.627982140,1.557589531,0.011313438,0.131348610,0.027420044,-0.000019580,-16.537860870,6.888528347,1.224710464,-0.813548684,-0.002201897,-0.001296997,-16.553905487,6.916471481,1.249546051,-0.795758247,-0.006195068,-0.000019580,-16.537860870,6.888528347,1.224710464,-0.813548684,-0.002201897,0.000000000,0.000000000,0.000000000,0.000000000,0.000000000,0.000000000,0.000000000,0.000000000,0.000000000,0.000000000,0.000000000,0.000000000,0.000000000,0.000000000,0.000000000,0.000000000,0.000000000,0.000000000,-0.001277417,-0.016044617,0.027943134,0.024835587,0.017790437,-0.003993172,-0.000286453,-0.015087137,0.002973265,-0.032536536,0.018511468,-0.005758777
7.379409552,0.619161606,0.627982140,1.557589531,0.011313438,0.131348610,0.027803421,0.086608887,0.125429153,0.024841309,-0.105411530,0.046829224,0.020645142,0.619161606,0.627982140,1.557589531,0.011313438,0.131348610,0.027420044,-0.000019580,-16.537860870,6.888528347,1.224710464,-0.813548684,-0.002201897,-0.005447388,-16.566722870,6.918546677,1.297277451,-0.845318794,-0.008758545,-0.000019580,-16.537860870,6.888528347,1.224710464,-0.813548684,-0.002201897,0.000000000,0.000000000,0.000000000,0.000000000,0.000000000,0.000000000,0.000000000,0.000000000,0.000000000,0.000000000,0.000000000,0.000000000,0.000000000,0.000000000,0.000000000,0.000000000,0.000000000,0.000000000,-0.005427808,-0.028862000,0.030018330,0.072566986,-0.031770110,-0.006556648,-0.004436843,-0.027904520,0.005048460,0.015194864,-0.031049079,-0.008322254
7.389402390,0.619161606,0.627982140,1.557589531,0.011313438,0.131348610,0.027420044,-0.082580566,0.048522949,0.003356934,-0.116153717,-0.027694702,-0.017623901,0.619161606,0.627982140,1.557589531,0.011313438,0.131348610,0.027803421,-0.000019580,-16.537860870,6.888527870,1.224709868,-0.813548565,-0.002202483,0.011154175,-16.504463196,6.906614304,1.291051865,-0.806439400,-0.005340576,-0.000019580,-16.537860870,6.888527870,1.224709868,-0.813548565,-0.002202483,0.000000000,0.000000000,0.000000000,0.000000000,0.000000000,0.000000000,0.000000000,0.000000000,0.000000000,0.000000000,0.000000000,0.000000000,0.000000000,0.000000000,0.000000000,0.000000000,0.000000000,0.000000000,0.011173755,0.033397675,0.018086433,0.066341996,0.007109165,-0.003138093,0.012164719,0.034355154,-0.006883436,0.008969874,0.007830196,-0.004903698
7.399370909,0.619161606,0.627982140,1.557589531,0.011313438,0.131348610,0.027803421,0.078552246,-0.043642044,0.075866699,0.043640137,0.016616821,-0.011581421,0.619161606,0.627982140,1.557972908,0.011313438,0.131348610,0.027803421,-0.000019584,-16.539991379,6.890546322,1.225115061,-0.813775837,-0.002203064,-0.001815796,-16.493476868,6.910245895,1.272893906,-0.806012154,0.015594482,-0.000019584,-16.539991379,6.890546322,1.225115061,-0.813775837,-0.002203064,0.000000000,0.000000000,0.000000000,0.000000000,0.000000000,0.000000000,0.000000000,0.000000000,0.000000000,0.000000000,0.000000000,0.000000000,0.000000000,0.000000000,0.000000000,0.000000000,0.000000000,0.000000000,-0.001796212,0.046514511,0.019699574,0.047778845,0.007763684,0.017797546,-0.000805248,0.047471991,-0.005270296,-0.009593277,0.008484715,0.016031941
7.409377098,0.619161606,0.627982140,1.557589531,0.011313438,0.131348610,0.027803421,0.036926270,0.032043457,-0.079895020,-0.071838379,-0.023666382,0.021652222,0.619161606,0.627982140,1.557589531,0.011313438,0.131348610,0.027420044,-0.000019580,-16.537860870,6.888528347,1.224710464,-0.813548684,-0.002201897,-0.050065994,-16.519111633,6.916471481,1.283788681,-0.823956490,0.004913330,-0.000019580,-16.537860870,6.888528347,1.224710464,-0.813548684,-0.002201897,0.000000000,0.000000000,0.000000000,0.000000000,0.000000000,0.000000000,0.000000000,0.000000000,0.000000000,0.000000000,0.000000000,0.000000000,0.000000000,0.000000000,0.000000000,0.000000000,0.000000000,0.000000000,-0.050046414,0.018749237,0.027943134,0.059078217,-0.010407805,0.007115227,-0.049055450,0.019706717,0.002973265,0.001706094,-0.009686775,0.005349621
7.419382572,0.619161606,0.627982140,1.557589531,0.011313438,0.131348610,0.027420044,0.143005371,0.002136230,-0.121524811,0.051696777,0.046829224,-0.029708862,0.619161606,0.627982140,1.557589531,0.011313438,0.131348610,0.027420044,-0.000019580,-16.537860870,6.888528347,1.224710464,-0.813548684,-0.002201897,0.017898560,-16.570384979,6.924253464,1.250064850,-0.809430122,0.002349854,-0.000019580,-16.537860870,6.888528347,1.224710464,-0.813548684,-0.002201897,0.000000000,0.000000000,0.000000000,0.000000000,0.000000000,0.000000000,0.000000000,0.000000000,0.000000000,0.000000000,0.000000000,0.000000000,0.000000000,0.000000000,0.000000000,0.000000000,0.000000000,0.000000000,0.017918140,-0.032524109,0.035725117,0.025354385,0.004118562,0.004551750,0.018909104,-0.031566629,0.010755247,-0.032017737,0.004839593,0.002786145
7.429376125,0.619161606,0.627982140,1.557589531,0.011313438,0.131348610,0.027420044,-0.087955475,-0.002136230,0.082580566,-0.120182037,0.019638062,0.000503540,0.619161606,0.627982140,1.557589531,0.011313438,0.130965233,0.027420044,-0.000019580,-16.538078308,6.888732910,1.224937797,-0.813589871,-0.002202006,-0.036058426,-16.526439667,6.903501511,1.286901474,-0.841473579,0.000213623,-0.000019580,-16.538078308,6.888732910,1.224937797,-0.813589871,-0.002202006,0.000000000,0.000000000,0.000000000,0.000000000,0.000000000,0.000000000,0.000000000,0.000000000,0.000000000,0.000000000,0.000000000,0.000000000,0.000000000,0.000000000,0.000000000,0.000000000,0.000000000,0.000000000,-0.036038846,0.011638641,0.014768600,0.061963677,-0.027883708,0.002415629,-0.035047881,0.012596121,-0.010201269,0.004591555,-0.027162678,0.000650023
7.439382315,0.619161606,0.627982140,1.557589531,0.011313438,0.130965233,0.027420044,0.125549316,0.041809082,-0.128238678,0.070495605,-0.049850464,-0.021652222,0.619161606,0.627982140,1.557589531,0.011313438,0.131348610,0.027420044,-0.000019580,-16.537860870,6.888528347,1.224710464,-0.813548684,-0.002201897,-0.001815796,-16.561229706,6.893125534,1.293127060,-0.789348602,-0.007049561,-0.000019580,-16.537860870,6.888528347,1.224710464,-0.813548684,-0.002201897,0.000000000,0.000000000,0.000000000,0.000000000,0.000000000,0.000000000,0.000000000,0.000000000,0.000000000,0.000000000,0.000000000,0.000000000,0.000000000,0.000000000,0.000000000,0.000000000,0.000000000,0.000000000,-0.001796216,-0.023368835,0.004597187,0.068416595,0.024200082,-0.004847664,-0.000805251,-0.022411356,-0.020372683,0.011044473,0.024921113,-0.006613269
7.449376345,0.619161606,0.627982140,1.557589531,0.011696815,0.131348610,0.027803421,-0.105411530,-0.152894974,-0.066467285,0.075866699,-0.020645142,0.005538940,0.619161606,0.627982140,1.557589531,0.011313438,0.130965233,0.027420044,-0.000019580,-16.538078308,6.888732910,1.224937797,-0.813589871,-0.002202006,0.017379761,-16.546581268,6.918546677,1.282232285,-0.793194771,-0.010467529,-0.000019580,-16.538078308,6.888732910,1.224937797,-0.813589871,-0.002202006,0.000000000,0.000000000,0.000000000,0.000000000,0.000000000,0.000000000,0.000000000,0.000000000,0.000000000,0.000000000,0.000000000,0.000000000,0.000000000,0.000000000,0.000000000,0.000000000,0.000000000,0.000000000,0.017399341,-0.008502960,0.029813766,0.057294488,0.020395100,-0.008265523,0.018390305,-0.007545481,0.004843897,-0.000077634,0.021116131,-0.010031129
7.459420204,0.619161606,0.627982140,1.557589531,0.011313438,0.131348610,0.027803421,0.082580566,-0.083925247,-0.066467285,-0.175235748,0.020645142,0.089126587,0.619161606,0.627982140,1.557589531,0.011313438,0.131348610,0.027803421,-0.000019580,-16.537860870,6.888527870,1.224709868,-0.813548565,-0.002202483,-0.003890991,-16.531932831,6.896238327,1.310247421,-0.803021431,-0.003204346,-0.000019580,-16.537860870,6.888527870,1.224709868,-0.813548565,-0.002202483,0.000000000,0.000000000,0.000000000,0.000000000,0.000000000,0.000000000,0.000000000,0.000000000,0.000000000,0.000000000,0.000000000,0.000000000,0.000000000,0.000000000,0.000000000,0.000000000,0.000000000,0.000000000,-0.003871411,0.005928040,0.007710457,0.085537553,0.010527134,-0.001001862,-0.002880447,0.006885519,-0.017259413,0.028165431,0.011248165,-0.002767468
7.469378710,0.619161606,0.627982140,1.557589531,0.011313438,0.130965233,0.027420044,0.043640137,-0.076601028,0.030212402,-0.071838379,-0.028701782,-0.035751343,0.619161606,0.627982140,1.557589531,0.011313438,0.130965233,0.027420044,-0.000019580,-16.538078308,6.888732910,1.224937797,-0.813589871,-0.002202006,-0.007003784,-16.528270721,6.924772263,1.266668320,-0.808148384,-0.013885498,-0.000019580,-16.538078308,6.888732910,1.224937797,-0.813589871,-0.002202006,0.000000000,0.000000000,0.000000000,0.000000000,0.000000000,0.000000000,0.000000000,0.000000000,0.000000000,0.000000000,0.000000000,0.000000000,0.000000000,0.000000000,0.000000000,0.000000000,0.000000000,0.000000000,-0.006984204,0.009807587,0.036039352,0.041730523,0.005441487,-0.011683492,-0.005993239,0.010765066,0.011069483,-0.015641599,0.006162518,-0.013449098
7.479395151,0.619161606,0.627982140,1.557589531,0.011313438,0.131348610,0.027803421,0.031555176,0.055236816,0.032897949,0.018127441,-0.000503540,0.015609741,0.619161606,0.627982140,1.557589531,0.011313438,0.130965233,0.027420044,-0.000019580,-16.538078308,6.888732910,1.224937797,-0.813589871,-0.002202006,-0.007003784,-16.546581268,6.918546677,1.255252838,-0.814984322,-0.000213623,-0.000019580,-16.538078308,6.888732910,1.224937797,-0.813589871,-0.002202006,0.000000000,0.000000000,0.000000000,0.000000000,0.000000000,0.000000000,0.000000000,0.000000000,0.000000000,0.000000000,0.000000000,0.000000000,0.000000000,0.000000000,0.000000000,0.000000000,0.000000000,0.000000000,-0.006984204,-0.008502960,0.029813766,0.030315042,-0.001394451,0.001988383,-0.005993239,-0.007545481,0.004843897,-0.027057081,-0.000673420,0.000222777
7.489392757,0.619161606,0.627982140,1.557589531,0.011313438,0.131348610,0.027420044,0.028869629,-0.014953613,-0.188663483,-0.018127441,0.011581421,-0.053878784,0.619161606,0.627982140,1.557589531,0.011313438,0.131348610,0.027420044,-0.000019580,-16.537860870,6.888528347,1.224710464,-0.813548684,-0.002201897,0.004928589,-16.544750214,6.896238327,1.276006699,-0.810711861,0.014312744,-0.000019580,-16.537860870,6.888528347,1.224710464,-0.813548684,-0.002201897,0.000000000,0.000000000,0.000000000,0.000000000,0.000000000,0.000000000,0.000000000,0.000000000,0.000000000,0.000000000,0.000000000,0.000000000,0.000000000,0.000000000,0.000000000,0.000000000,0.000000000,0.000000000,0.004948169,-0.006889343,0.007709980,0.051296234,0.002836823,0.016514641,0.005939133,-0.005931864,-0.017259890,-0.006075888,0.003557854,0.014749035
7.499419212,0.618778229,0.627982140,1.557589531,0.011313438,0.131348610,0.027420044,-0.098697662,0.089418411,-0.027526855,0.054382324,0.032730103,0.004531860,0.619161606,0.627982140,1.557589531,0.011313438,0.131348610,0.027420044,-0.000019580,-16.537860870,6.888528347,1.224710464,-0.813548684,-0.002201897,0.025680542,-16.575878143,6.913358688,1.264074326,-0.826947212,-0.002349854,-0.000019580,-16.537860870,6.888528347,1.224710464,-0.813548684,-0.002201897,0.000000000,0.000000000,0.000000000,0.000000000,0.000000000,0.000000000,0.000000000,0.000000000,0.000000000,0.000000000,0.000000000,0.000000000,0.000000000,0.000000000,0.000000000,0.000000000,0.000000000,0.000000000,0.025700122,-0.038017273,0.024830341,0.039363861,-0.013398528,-0.000147957,0.026691086,-0.037059793,-0.000139528,-0.018008261,-0.012677497,-0.001913562
7.509376526,0.618778229,0.627982140,1.557972908,0.011313438,0.131348610,0.027420044,-0.018127441,-0.000915527,-0.024841309,-0.031555176,0.027694702,-0.034744263,0.618778229,0.627982140,1.557972908,0.011313438,0.131348610,0.027803421,-0.000019567,-16.539991379,6.890546322,1.225115061,-0.813775837,-0.002203064,-0.012710571,-16.524608612,6.911283493,1.301427841,-0.845318794,-0.001495361,-0.000019567,-16.539991379,6.890546322,1.225115061,-0.813775837,-0.002203064,0.000000000,0.000000000,0.000000000,0.000000000,0.000000000,0.000000000,0.000000000,0.000000000,0.000000000,0.000000000,0.000000000,0.000000000,0.000000000,0.000000000,0.000000000,0.000000000,0.000000000,0.000000000,-0.012691004,0.015382767,0.020737171,0.076312780,-0.031542957,0.000707703,-0.011700040,0.016340246,-0.004232698,0.018940658,-0.030821926,-0.001057903
7.519403934,0.619161606,0.627982140,1.557589531,0.011313438,0.131348610,0.027803421,0.008728027,0.070495605,0.093322754,-0.055725098,0.005538940,0.008560181,0.619161606,0.627982140,1.557589531,0.011313438,0.130965233,0.027420044,-0.000019580,-16.538078308,6.888732910,1.224937797,-0.813589871,-0.002202006,-0.010635376,-16.466011047,6.882749557,1.305059433,-0.825238228,0.000640869,-0.000019580,-16.538078308,6.888732910,1.224937797,-0.813589871,-0.002202006,0.000000000,0.000000000,0.000000000,0.000000000,0.000000000,0.000000000,0.000000000,0.000000000,0.000000000,0.000000000,0.000000000,0.000000000,0.000000000,0.000000000,0.000000000,0.000000000,0.000000000,0.000000000,-0.010615796,0.072067261,-0.005983353,0.080121636,-0.011648357,0.002842875,-0.009624831,0.073024740,-0.030953222,0.022749514,-0.010927326,0.001077270
7.529378414,0.619161606,0.627982140,1.557589531,0.011313438,0.131348610,0.027803421,0.051696777,0.040588379,0.106750488,0.004699707,-0.043807983,-0.004531860,0.619161606,0.627982140,1.557589531,0.011313438,0.131348610,0.027420044,-0.000019580,-16.537860870,6.888528347,1.224710464,-0.813548684,-0.002201897,0.014785767,-16.515449524,6.926847458,1.265630722,-0.812848091,0.014739990,-0.000019580,-16.537860870,6.888528347,1.224710464,-0.813548684,-0.002201897,0.000000000,0.000000000,0.000000000,0.000000000,0.000000000,0.000000000,0.000000000,0.000000000,0.000000000,0.000000000,0.000000000,0.000000000,0.000000000,0.000000000,0.000000000,0.000000000,0.000000000,0.000000000,0.014805347,0.022411346,0.038319111,0.040920258,0.000700593,0.016941887,0.015796311,0.023368826,0.013349241,-0.016451865,0.001421624,0.015176281
7.539377213,0.619161606,0.627982140,1.557589531,0.011313438,0.131348610,0.027420044,-0.002014160,0.025329590,-0.051696777,-0.028869629,0.017623901,0.038772583,0.619161606,0.627982140,1.557589531,0.011313438,0.131348610,0.027803421,-0.000019580,-16.537860870,6.888527870,1.224709868,-0.813548565,-0.002202483,-0.008041382,-16.616161346,6.924253464,1.258365631,-0.826947212,-0.002777100,-0.000019580,-16.537860870,6.888527870,1.224709868,-0.813548565,-0.002202483,0.000000000,0.000000000,0.000000000,0.000000000,0.000000000,0.000000000,0.000000000,0.000000000,0.000000000,0.000000000,0.000000000,0.000000000,0.000000000,0.000000000,0.000000000,0.000000000,0.000000000,0.000000000,-0.008021802,-0.078300476,0.035725594,0.033655763,-0.013398647,-0.000574616,-0.007030837,-0.077342997,0.010755724,-0.023716360,-0.012677616,-0.002340222
7.549377680,0.619161606,0.627982140,1.557589531,0.011313438,0.131348610,0.027420044,0.097351074,0.023498535,-0.023498535,0.018127441,-0.000503540,0.010574341,0.619161606,0.627982140,1.557589531,0.011313438,0.131348610,0.027420044,-0.000019580,-16.537860870,6.888528347,1.224710464,-0.813548684,-0.002201897,-0.015304565,-16.526439667,6.910245895,1.350194931,-0.802166939,-0.000213623,-0.000019580,-16.537860870,6.888528347,1.224710464,-0.813548684,-0.002201897,0.000000000,0.000000000,0.000000000,0.000000000,0.000000000,0.000000000,0.000000000,0.000000000,0.000000000,0.000000000,0.000000000,0.000000000,0.000000000,0.000000000,0.000000000,0.000000000,0.000000000,0.000000000,-0.015284985,0.011421204,0.021717548,0.125484467,0.011381745,0.001988274,-0.014294021,0.012378683,-0.003252321,0.068112344,0.012102776,0.000222668
7.559412479,0.619161606,0.627982140,1.557589531,0.011313438,0.131348610,0.027420044,-0.113468170,-0.036315918,0.007385254,-0.047668457,0.012588501,0.027694702,0.619161606,0.627982140,1.557589531,0.011313438,0.131348610,0.027420044,-0.000019580,-16.537860870,6.888528347,1.224710464,-0.813548684,-0.002201897,-0.009597778,-16.546581268,6.897794724,1.236576080,-0.803021431,-0.019866943,-0.000019580,-16.537860870,6.888528347,1.224710464,-0.813548684,-0.002201897,0.000000000,0.000000000,0.000000000,0.000000000,0.000000000,0.000000000,0.000000000,0.000000000,0.000000000,0.000000000,0.000000000,0.000000000,0.000000000,0.000000000,0.000000000,0.000000000,0.000000000,0.000000000,-0.009578198,-0.008720398,0.009266376,0.011865616,0.010527253,-0.017665047,-0.008587234,-0.007762918,-0.015703493,-0.045506506,0.011248284,-0.019430652
7.569376707,0.619161606,0.627982140,1.557589531,0.011313438,0.131348610,0.027420044,-0.039611816,0.017395020,-0.050354004,-0.065124512,0.012588501,-0.005538940,0.619161606,0.627982140,1.557589531,0.011313438,0.131348610,0.027803421,-0.000019580,-16.537860870,6.888527870,1.224709868,-0.813548565,-0.002202483,0.024124146,-16.482490540,6.896238327,1.280675888,-0.817120552,0.019012451,-0.000019580,-16.537860870,6.888527870,1.224709868,-0.813548565,-0.002202483,0.000000000,0.000000000,0.000000000,0.000000000,0.000000000,0.000000000,0.000000000,0.000000000,0.000000000,0.000000000,0.000000000,0.000000000,0.000000000,0.000000000,0.000000000,0.000000000,0.000000000,0.000000000,0.024143726,0.055370331,0.007710457,0.055966020,-0.003571987,0.021214935,0.025134690,0.056327810,-0.017259413,-0.001406103,-0.002850956,0.019449329
7.579408884,0.619161606,0.627982140,1.557589531,0.011313438,0.131348610,0.027803421,0.065124512,-0.051576614,0.081237793,-0.085266113,0.012588501,0.028701782,0.619161606,0.627982140,1.557589531,0.011313438,0.130965233,0.027803421,-0.000019580,-16.538076401,6.888732433,1.224937201,-0.813589752,-0.002202593,0.002853394,-16.522773743,6.914915085,1.291051865,-0.802594185,0.010894775,-0.000019580,-16.538076401,6.888732433,1.224937201,-0.813589752,-0.002202593,0.000000000,0.000000000,0.000000000,0.000000000,0.000000000,0.000000000,0.000000000,0.000000000,0.000000000,0.000000000,0.000000000,0.000000000,0.000000000,0.000000000,0.000000000,0.000000000,0.000000000,0.000000000,0.002872974,0.015302658,0.026182652,0.066114664,0.010995567,0.013097368,0.003863938,0.016260138,0.001212782,0.008742542,0.011716598,0.011331762
7.589380980,0.619161606,0.627982140,1.557589531,0.011313438,0.131348610,0.027803421,0.007385254,-0.047914505,0.078552246,-0.063781738,-0.023666382,-0.048843384,0.619161606,0.627982140,1.557206154,0.011313438,0.131348610,0.027420044,-0.000019577,-16.535730362,6.886508942,1.224304914,-0.813321292,-0.002201315,-0.009078979,-16.493476868,6.920621872,1.362127304,-0.820965767,0.005340576,-0.000019577,-16.535730362,6.886508942,1.224304914,-0.813321292,-0.002201315,0.000000000,0.000000000,0.000000000,0.000000000,0.000000000,0.000000000,0.000000000,0.000000000,0.000000000,0.000000000,0.000000000,0.000000000,0.000000000,0.000000000,0.000000000,0.000000000,0.000000000,0.000000000,-0.009059403,0.042253494,0.034112930,0.137822390,-0.007644475,0.007541892,-0.008068438,0.043210974,0.009143061,0.080450267,-0.006923444,0.005776286
7.599378824,0.619161606,0.627982140,1.557589531,0.011313438,0.130965233,0.027420044,0.067810059,0.039978027,-0.024841309,0.018127441,-0.019638062,-0.042800903,0.619161606,0.627982140,1.557589531,0.011313438,0.131348610,0.027420044,-0.000019580,-16.537860870,6.888528347,1.224710464,-0.813548684,-0.002201897,-0.008560181,-16.528270721,6.914915085,1.302465439,-0.819256783,0.009185791,-0.000019580,-16.537860870,6.888528347,1.224710464,-0.813548684,-0.002201897,0.000000000,0.000000000,0.000000000,0.000000000,0.000000000,0.000000000,0.000000000,0.000000000,0.000000000,0.000000000,0.000000000,0.000000000,0.000000000,0.000000000,0.000000000,0.000000000,0.000000000,0.000000000,-0.008540601,0.009590149,0.026386738,0.077754974,-0.005708098,0.011387688,-0.007549636,0.010547628,0.001416868,0.020382852,-0.004987068,0.009622082
7.609414339,0.619161606,0.627982140,1.557589531,0.011313438,0.131348610,0.027420044,0.036926270,-0.003356934,0.098693848,-0.044982910,0.012588501,-0.088123322,0.619161606,0.627982140,1.557589531,0.011313438,0.131348610,0.027420044,-0.000019580,-16.537860870,6.888528347,1.224710464,-0.813548684,-0.002201897,0.016342163,-16.528270721,6.902982712,1.283788681,-0.819256783,0.003631592,-0.000019580,-16.537860870,6.888528347,1.224710464,-0.813548684,-0.002201897,0.000000000,0.000000000,0.000000000,0.000000000,0.000000000,0.000000000,0.000000000,0.000000000,0.000000000,0.000000000,0.000000000,0.000000000,0.000000000,0.000000000,0.000000000,0.000000000,0.000000000,0.000000000,0.016361743,0.009590149,0.014454365,0.059078217,-0.005708098,0.005833489,0.017352708,0.010547628,-0.010515505,0.001706094,-0.004987068,0.004067883
7.619432211,0.619161606,0.627982140,1.557589531,0.011313438,0.131348610,0.027420044,-0.167179108,-0.008850098,0.087951660,0.091979980,0.043807983,-0.005538940,0.619161606,0.627982140,1.557589531,0.011313438,0.131348610,0.027803421,-0.000019580,-16.537860870,6.888527870,1.224709868,-0.813548565,-0.002202483,-0.011154175,-16.585033417,6.915433884,1.288976669,-0.811993599,-0.009185791,-0.000019580,-16.537860870,6.888527870,1.224709868,-0.813548565,-0.002202483,0.000000000,0.000000000,0.000000000,0.000000000,0.000000000,0.000000000,0.000000000,0.000000000,0.000000000,0.000000000,0.000000000,0.000000000,0.000000000,0.000000000,0.000000000,0.000000000,0.000000000,0.000000000,-0.011134595,-0.047172546,0.026906013,0.064266801,0.001554966,-0.006983308,-0.010143630,-0.046215067,0.001936144,0.006894679,0.002275997,-0.008748913
7.629378557,0.619161606,0.627982140,1.557589531,0.011313438,0.131348610,0.027420044,-0.051696777,0.000915527,0.128234863,0.105407715,0.020645142,0.021652222,0.619161606,0.627982140,1.557589531,0.011313438,0.131348610,0.027420044,-0.000019580,-16.537860870,6.888528347,1.224710464,-0.813548684,-0.002201897,0.003890991,-16.493476868,6.927885056,1.281194687,-0.812848091,0.018157959,-0.000019580,-16.537860870,6.888528347,1.224710464,-0.813548684,-0.002201897,0.000000000,0.000000000,0.000000000,0.000000000,0.000000000,0.000000000,0.000000000,0.000000000,0.000000000,0.000000000,0.000000000,0.000000000,0.000000000,0.000000000,0.000000000,0.000000000,0.000000000,0.000000000,0.003910571,0.044384003,0.039356709,0.056484222,0.000700593,0.020359856,0.004901536,0.045341482,0.014386839,-0.000887900,0.001421624,0.018594250
7.639377117,0.619161606,0.627982140,1.557589531,0.011313438,0.131348610,0.027420044,-0.054382324,0.031433105,0.081237793,0.002014160,-0.027694702,-0.028701782,0.619161606,0.627982140,1.557589531,0.011313438,0.131348610,0.027803421,-0.000019580,-16.537860870,6.888527870,1.224709868,-0.813548565,-0.002202483,-0.003372192,-16.539257050,6.897794724,1.284826279,-0.790203094,-0.016876221,-0.000019580,-16.537860870,6.888527870,1.224709868,-0.813548565,-0.002202483,0.000000000,0.000000000,0.000000000,0.000000000,0.000000000,0.000000000,0.000000000,0.000000000,0.000000000,0.000000000,0.000000000,0.000000000,0.000000000,0.000000000,0.000000000,0.000000000,0.000000000,0.000000000,-0.003352612,-0.001396179,0.009266853,0.060116410,0.023345470,-0.014673737,-0.002361648,-0.000438700,-0.015703016,0.002744288,0.024066501,-0.016439343
7.649375916,0.619161606,0.627982140,1.557589531,0.010930061,0.131348610,0.027803421,-0.155094147,0.079042435,-0.148380280,-0.161808014,0.024673462,-0.018630981,0.619161606,0.627982140,1.557589531,0.011313438,0.131348610,0.027420044,-0.000019580,-16.537860870,6.888528347,1.224710464,-0.813548684,-0.002201897,-0.049547195,-16.548412323,6.901945114,1.291570663,-0.802594185,0.007049561,-0.000019580,-16.537860870,6.888528347,1.224710464,-0.813548684,-0.002201897,0.000000000,0.000000000,0.000000000,0.000000000,0.000000000,0.000000000,0.000000000,0.000000000,0.000000000,0.000000000,0.000000000,0.000000000,0.000000000,0.000000000,0.000000000,0.000000000,0.000000000,0.000000000,-0.049527615,-0.010551453,0.013416767,0.066860199,0.010954499,0.009251457,-0.048536651,-0.009593973,-0.011553102,0.009488077,0.011675530,0.007485852
7.659378052,0.619161606,0.627982140,1.557589531,0.011313438,0.131348610,0.027803421,-0.073181152,-0.071107864,-0.039611816,-0.212833405,0.029708862,0.015609741,0.619161606,0.627982140,1.557589531,0.011313438,0.131348610,0.027803421,-0.000019580,-16.537860870,6.888527870,1.224709868,-0.813548565,-0.002202483,0.008041382,-16.511787415,6.913877487,1.237094879,-0.837201118,-0.012176514,-0.000019580,-16.537860870,6.888527870,1.224709868,-0.813548565,-0.002202483,0.000000000,0.000000000,0.000000000,0.000000000,0.000000000,0.000000000,0.000000000,0.000000000,0.000000000,0.000000000,0.000000000,0.000000000,0.000000000,0.000000000,0.000000000,0.000000000,0.000000000,0.000000000,0.008060962,0.026073456,0.025349617,0.012385011,-0.023652554,-0.009974030,0.009051926,0.027030935,0.000379747,-0.044987112,-0.022931523,-0.011739636
7.669377565,0.619161606,0.627982140,1.557589531,0.011313438,0.131348610,0.027803421,-0.055725098,-0.032043457,0.047668457,-0.152408600,0.032730103,-0.010574341,0.619161606,0.627982140,1.557589531,0.011313438,0.130965233,0.027420044,-0.000019580,-16.538078308,6.888732910,1.224937797,-0.813589871,-0.002202006,-0.011672974,-16.520942688,6.907133102,1.317510605,-0.828656197,-0.000213623,-0.000019580,-16.538078308,6.888732910,1.224937797,-0.813589871,-0.002202006,0.000000000,0.000000000,0.000000000,0.000000000,0.000000000,0.000000000,0.000000000,0.000000000,0.000000000,0.000000000,0.000000000,0.000000000,0.000000000,0.000000000,0.000000000,0.000000000,0.000000000,0.000000000,-0.011653393,0.017135620,0.018400192,0.092572808,-0.015066326,0.001988383,-0.010662429,0.018093100,-0.006569677,0.035200686,-0.014345295,0.000222777
7.679409742,0.619161606,0.627982140,1.557589531,0.011313438,0.131348610,0.027420044,-0.078552246,-0.035705566,0.061096191,-0.042297363,-0.003524780,-0.011581421,0.619161606,0.627982140,1.557589531,0.011313438,0.131348610,0.027803421,-0.000019580,-16.537860870,6.888527870,1.224709868,-0.813548565,-0.002202483,-0.009078979,-16.528270721,6.906614304,1.268224716,-0.801312447,0.001922607,-0.000019580,-16.537860870,6.888527870,1.224709868,-0.813548565,-0.002202483,0.000000000,0.000000000,0.000000000,0.000000000,0.000000000,0.000000000,0.000000000,0.000000000,0.000000000,0.000000000,0.000000000,0.000000000,0.000000000,0.000000000,0.000000000,0.000000000,0.000000000,0.000000000,-0.009059399,0.009590149,0.018086433,0.043514848,0.012236118,0.004125091,-0.008068435,0.010547628,-0.006883436,-0.013857275,0.012957149,0.002359485
7.689385176,0.619161606,0.627982140,1.557589531,0.011313438,0.131348610,0.027420044,-0.027526855,-0.025329590,0.061096191,-0.073181152,0.015609741,-0.006546021,0.619161606,0.627982140,1.557589531,0.011313438,0.131348610,0.027803421,-0.000019580,-16.537860870,6.888527870,1.224709868,-0.813548565,-0.002202483,-0.030349731,-16.500801086,6.915952682,1.299871445,-0.786357880,0.019439697,-0.000019580,-16.537860870,6.888527870,1.224709868,-0.813548565,-0.002202483,0.000000000,0.000000000,0.000000000,0.000000000,0.000000000,0.000000000,0.000000000,0.000000000,0.000000000,0.000000000,0.000000000,0.000000000,0.000000000,0.000000000,0.000000000,0.000000000,0.000000000,0.000000000,-0.030330151,0.037059784,0.027424812,0.075161576,0.027190685,0.021642181,-0.029339187,0.038017263,0.002454943,0.017789454,0.027911716,0.019876575
7.699398279,0.619161606,0.627982140,1.557589531,0.011313438,0.131348610,0.027803421,0.004699707,0.041809082,-0.077209473,-0.036926270,-0.041793823,-0.008560181,0.619161606,0.627982140,1.557589531,0.011313438,0.131348610,0.027803421,-0.000019580,-16.537860870,6.888527870,1.224709868,-0.813548565,-0.002202483,-0.038133621,-16.500801086,6.929441452,1.325811386,-0.815838814,-0.002777100,-0.000019580,-16.537860870,6.888527870,1.224709868,-0.813548565,-0.002202483,0.000000000,0.000000000,0.000000000,0.000000000,0.000000000,0.000000000,0.000000000,0.000000000,0.000000000,0.000000000,0.000000000,0.000000000,0.000000000,0.000000000,0.000000000,0.000000000,0.000000000,0.000000000,-0.038114041,0.037059784,0.040913582,0.101101518,-0.002290249,-0.000574616,-0.037123077,0.038017263,0.015943712,0.043729395,-0.001569218,-0.002340222
7.709377766,0.619161606,0.627982140,1.557589531,0.011313438,0.131348610,0.027420044,0.067810059,0.043640137,-0.165836334,-0.023498535,0.019638062,0.002517700,0.619161606,0.627982140,1.557589531,0.011313438,0.131348610,0.027803421,-0.000019580,-16.537860870,6.888527870,1.224709868,-0.813548565,-0.002202483,0.007522583,-16.581371307,6.898313522,1.292089462,-0.851728439,-0.004058838,-0.000019580,-16.537860870,6.888527870,1.224709868,-0.813548565,-0.002202483,0.000000000,0.000000000,0.000000000,0.000000000,0.000000000,0.000000000,0.000000000,0.000000000,0.000000000,0.000000000,0.000000000,0.000000000,0.000000000,0.000000000,0.000000000,0.000000000,0.000000000,0.000000000,0.007542163,-0.043510437,0.009785652,0.067379594,-0.038179874,-0.001856355,0.008533128,-0.042552957,-0.015184217,0.010007472,-0.037458844,-0.003621960
7.719411135,0.619161606,0.627982140,1.557589531,0.011313438,0.131348610,0.027803421,0.109436035,-0.007019043,-0.082580566,-0.053039551,-0.006546021,0.083084106,0.619161606,0.627982140,1.557589531,0.011313438,0.130965233,0.027420044,-0.000019580,-16.538078308,6.888732910,1.224937797,-0.813589871,-0.002202006,-0.017898560,-16.610668182,6.929960251,1.246433258,-0.788494110,-0.011749268,-0.000019580,-16.538078308,6.888732910,1.224937797,-0.813589871,-0.002202006,0.000000000,0.000000000,0.000000000,0.000000000,0.000000000,0.000000000,0.000000000,0.000000000,0.000000000,0.000000000,0.000000000,0.000000000,0.000000000,0.000000000,0.000000000,0.000000000,0.000000000,0.000000000,-0.017878979,-0.072589874,0.041227341,0.021495461,0.025095761,-0.009547262,-0.016888015,-0.071632395,0.016257471,-0.035876661,0.025816792,-0.011312867
7.729387760,0.618778229,0.627982140,1.557589531,0.011313438,0.131348610,0.027803421,0.016784668,-0.016174316,0.066467285,0.003356934,-0.030715942,0.016616821,0.619161606,0.627982140,1.557589531,0.011313438,0.131348610,0.027803421,-0.000019580,-16.537860870,6.888527870,1.224709868,-0.813548565,-0.002202483,-0.024124146,-16.502632141,6.912321091,1.279119492,-0.832501411,0.009185791,-0.000019580,-16.537860870,6.888527870,1.224709868,-0.813548565,-0.002202483,0.000000000,0.000000000,0.000000000,0.000000000,0.000000000,0.000000000,0.000000000,0.000000000,0.000000000,0.000000000,0.000000000,0.000000000,0.000000000,0.000000000,0.000000000,0.000000000,0.000000000,0.000000000,-0.024104565,0.035228729,0.023793221,0.054409623,-0.018952847,0.011388274,-0.023113601,0.036186209,-0.001176649,-0.002962499,-0.018231816,0.009622669
7.739379168,0.619161606,0.627982140,1.557589531,0.011313438,0.131348610,0.027420044,0.070495605,0.026550293,0.003356934,0.073181152,0.028701782,-0.008560181,0.619161606,0.627982140,1.557589531,0.011313438,0.131348610,0.027803421,-0.000019580,-16.537860870,6.888527870,1.224709868,-0.813548565,-0.002202483,0.027236938,-16.548412323,6.916990280,1.266149521,-0.829083443,0.001495361,-0.000019580,-16.537860870,6.888527870,1.224709868,-0.813548565,-0.002202483,0.000000000,0.000000000,0.000000000,0.000000000,0.000000000,0.000000000,0.000000000,0.000000000,0.000000000,0.000000000,0.000000000,0.000000000,0.000000000,0.000000000,0.000000000,0.000000000,0.000000000,0.000000000,0.027256519,-0.010551453,0.028462410,0.041439652,-0.015534878,0.003697845,0.028247483,-0.009593973,0.003492540,-0.015932470,-0.014813847,0.001932239
7.749379873,0.619161606,0.627982140,1.557589531,0.011313438,0.130965233,0.027420044,0.086608887,-0.058290482,-0.086612701,-0.117496490,-0.047836304,0.013595581,0.619161606,0.627982140,1.557589531,0.011313438,0.131348610,0.027803421,-0.000019580,-16.537860870,6.888527870,1.224709868,-0.813548565,-0.002202483,-0.002334595,-16.539257050,6.898832321,1.278081894,-0.794903755,0.002349854,-0.000019580,-16.537860870,6.888527870,1.224709868,-0.813548565,-0.002202483,0.000000000,0.000000000,0.000000000,0.000000000,0.000000000,0.000000000,0.000000000,0.000000000,0.000000000,0.000000000,0.000000000,0.000000000,0.000000000,0.000000000,0.000000000,0.000000000,0.000000000,0.000000000,-0.002315015,-0.001396179,0.010304451,0.053372025,0.018644810,0.004552337,-0.001324050,-0.000438700,-0.014665419,-0.004000097,0.019365841,0.002786731
7.759379387,0.619161606,0.627982140,1.557589531,0.011313438,0.130965233,0.027420044,0.016784668,-0.010681152,-0.164493561,0.039611816,-0.069995880,-0.031723022,0.619161606,0.627982140,1.557589531,0.011313438,0.130965233,0.027803421,-0.000019580,-16.538076401,6.888732433,1.224937201,-0.813589752,-0.002202593,0.019454956,-16.568553925,6.921140671,1.255252838,-0.824383736,-0.003204346,-0.000019580,-16.538076401,6.888732433,1.224937201,-0.813589752,-0.002202593,0.000000000,0.000000000,0.000000000,0.000000000,0.000000000,0.000000000,0.000000000,0.000000000,0.000000000,0.000000000,0.000000000,0.000000000,0.000000000,0.000000000,0.000000000,0.000000000,0.000000000,0.000000000,0.019474536,-0.030477524,0.032408237,0.030315638,-0.010793984,-0.001001753,0.020465501,-0.029520044,0.007438368,-0.027056485,-0.010072953,-0.002767359
7.769382477,0.619161606,0.627982140,1.557589531,0.011313438,0.131348610,0.027803421,0.031555176,0.021667480,0.040954590,-0.054382324,-0.012588501,0.065963745,0.619161606,0.627982140,1.557589531,0.011313438,0.131348610,0.027803421,-0.000019580,-16.537860870,6.888527870,1.224709868,-0.813548565,-0.002202483,-0.016860962,-16.548412323,6.918546677,1.296758652,-0.818829536,-0.006195068,-0.000019580,-16.537860870,6.888527870,1.224709868,-0.813548565,-0.002202483,0.000000000,0.000000000,0.000000000,0.000000000,0.000000000,0.000000000,0.000000000,0.000000000,0.000000000,0.000000000,0.000000000,0.000000000,0.000000000,0.000000000,0.000000000,0.000000000,0.000000000,0.000000000,-0.016841382,-0.010551453,0.030018806,0.072048783,-0.005280972,-0.003992585,-0.015850417,-0.009593973,0.005048937,0.014676661,-0.004559941,-0.005758191
7.779386759,0.619161606,0.627982140,1.557589531,0.011313438,0.131348610,0.027803421,0.155090332,-0.033264160,-0.075866699,0.026184082,0.034744263,0.010574341,0.619161606,0.627982140,1.557972908,0.011313438,0.131348610,0.027420044,-0.000019584,-16.539991379,6.890546799,1.225115657,-0.813775957,-0.002202478,0.007003784,-16.524608612,6.914396286,1.296239853,-0.814557076,0.012603760,-0.000019584,-16.539991379,6.890546799,1.225115657,-0.813775957,-0.002202478,0.000000000,0.000000000,0.000000000,0.000000000,0.000000000,0.000000000,0.000000000,0.000000000,0.000000000,0.000000000,0.000000000,0.000000000,0.000000000,0.000000000,0.000000000,0.000000000,0.000000000,0.000000000,0.007023368,0.015382767,0.023849487,0.071124196,-0.000781119,0.014806238,0.008014332,0.016340246,-0.001120382,0.013752074,-0.000060088,0.013040632
7.789393902,0.619161606,0.627982140,1.557589531,0.011313438,0.131348610,0.027420044,0.046325684,-0.030822754,-0.087955475,-0.109439850,-0.034744263,-0.001510620,0.619161606,0.627982140,1.557589531,0.011313438,0.131348610,0.027420044,-0.000019580,-16.537860870,6.888528347,1.224710464,-0.813548684,-0.002201897,0.029830933,-16.590526581,6.908689499,1.307653427,-0.802594185,0.013031006,-0.000019580,-16.537860870,6.888528347,1.224710464,-0.813548684,-0.002201897,0.000000000,0.000000000,0.000000000,0.000000000,0.000000000,0.000000000,0.000000000,0.000000000,0.000000000,0.000000000,0.000000000,0.000000000,0.000000000,0.000000000,0.000000000,0.000000000,0.000000000,0.000000000,0.029850513,-0.052665710,0.020161152,0.082942963,0.010954499,0.015232903,0.030841477,-0.051708231,-0.004808718,0.025570840,0.011675530,0.013467297
7.799413204,0.619161606,0.627982140,1.557589531,0.011313438,0.131348610,0.027803421,0.057067871,-0.032653809,-0.087955475,-0.184635162,0.013595581,0.018630981,0.619161606,0.627982140,1.557589531,0.011313438,0.131348610,0.027803421,-0.000019580,-16.537860870,6.888527870,1.224709868,-0.813548565,-0.002202483,0.015304565,-16.493476868,6.921140671,1.300390244,-0.811566353,-0.004486084,-0.000019580,-16.537860870,6.888527870,1.224709868,-0.813548565,-0.002202483,0.000000000,0.000000000,0.000000000,0.000000000,0.000000000,0.000000000,0.000000000,0.000000000,0.000000000,0.000000000,0.000000000,0.000000000,0.000000000,0.000000000,0.000000000,0.000000000,0.000000000,0.000000000,0.015324145,0.044384003,0.032612801,0.075680375,0.001982212,-0.002283601,0.016315110,0.045341482,0.007642931,0.018308253,0.002703243,-0.004049206
7.809382200,0.619161606,0.627982140,1.557589531,0.011313438,0.131348610,0.027803421,-0.007385254,0.094911575,0.110778809,-0.061096191,0.025680542,0.022659302,0.619161606,0.627982140,1.557589531,0.011313438,0.131348610,0.027420044,-0.000019580,-16.537860870,6.888528347,1.224710464,-0.813548684,-0.002201897,-0.009597778,-16.504463196,6.898832321,1.279638290,-0.823529243,-0.001922607,-0.000019580,-16.537860870,6.888528347,1.224710464,-0.813548684,-0.002201897,0.000000000,0.000000000,0.000000000,0.000000000,0.000000000,0.000000000,0.000000000,0.000000000,0.000000000,0.000000000,0.000000000,0.000000000,0.000000000,0.000000000,0.000000000,0.000000000,0.000000000,0.000000000,-0.009578198,0.033397675,0.010303974,0.054927826,-0.009980559,0.000279289,-0.008587234,0.034355154,-0.014665895,-0.002444296,-0.009259528,-0.001486316
7.819419622,0.619161606,0.627982140,1.557206154,0.011313438,0.131348610,0.027420044,-0.087955475,0.003967285,-0.206119537,-0.104068756,0.047836304,0.014602661,0.619161606,0.627982140,1.557589531,0.011313438,0.131348610,0.027803421,-0.000019580,-16.537860870,6.888527870,1.224709868,-0.813548565,-0.002202483,0.031906128,-16.537425995,6.901945114,1.301427841,-0.808575630,-0.006622314,-0.000019580,-16.537860870,6.888527870,1.224709868,-0.813548565,-0.002202483,0.000000000,0.000000000,0.000000000,0.000000000,0.000000000,0.000000000,0.000000000,0.000000000,0.000000000,0.000000000,0.000000000,0.000000000,0.000000000,0.000000000,0.000000000,0.000000000,0.000000000,0.000000000,0.031925708,0.000434875,0.013417244,0.076717973,0.004972935,-0.004419831,0.032916672,0.001392355,-0.011552626,0.019345850,0.005693966,-0.006185437
7.829379320,0.619161606,0.627982140,1.557589531,0.011313438,0.131348610,0.027803421,0.039611816,-0.018615723,-0.010070801,-0.042297363,0.029708862,0.082077026,0.619161606,0.627982140,1.557589531,0.011313438,0.130965233,0.027420044,-0.000019580,-16.538078308,6.888732910,1.224937797,-0.813589871,-0.002202006,-0.001815796,-16.552074432,6.910245895,1.239688873,-0.798748970,-0.007904053,-0.000019580,-16.538078308,6.888732910,1.224937797,-0.813589871,-0.002202006,0.000000000,0.000000000,0.000000000,0.000000000,0.000000000,0.000000000,0.000000000,0.000000000,0.000000000,0.000000000,0.000000000,0.000000000,0.000000000,0.000000000,0.000000000,0.000000000,0.000000000,0.000000000,-0.001796216,-0.013996124,0.021512985,0.014751077,0.014840901,-0.005702047,-0.000805251,-0.013038645,-0.003456884,-0.042621046,0.015561932,-0.007467652
7.839382648,0.619161606,0.627982140,1.557589531,0.011313438,0.131348610,0.027803421,0.007385254,-0.089418411,-0.028869629,-0.028869629,-0.000503540,0.040786743,0.618778229,0.627982140,1.557589531,0.011313438,0.130965233,0.027803421,-0.000019564,-16.538076401,6.888732433,1.224937201,-0.813589752,-0.002202593,0.029830933,-16.548412323,6.910764694,1.279119492,-0.807293892,-0.000213623,-0.000019564,-16.538076401,6.888732433,1.224937201,-0.813589752,-0.002202593,0.000000000,0.000000000,0.000000000,0.000000000,0.000000000,0.000000000,0.000000000,0.000000000,0.000000000,0.000000000,0.000000000,0.000000000,0.000000000,0.000000000,0.000000000,0.000000000,0.000000000,0.000000000,0.029850497,-0.010335922,0.022032261,0.054182291,0.006295860,0.001988970,0.030841461,-0.009378443,-0.002937609,-0.003189831,0.007016891,0.000223364
7.849385738,0.619161606,0.627982140,1.557589531,0.011313438,0.131348610,0.027803421,-0.100040436,0.026550293,-0.071838379,0.110778809,0.037765503,-0.027694702,0.619161606,0.627982140,1.557589531,0.011313438,0.131348610,0.027803421,-0.000019580,-16.537860870,6.888527870,1.224709868,-0.813548565,-0.002202483,0.002853394,-16.542919159,6.916990280,1.249546051,-0.823956490,0.008758545,-0.000019580,-16.537860870,6.888527870,1.224709868,-0.813548565,-0.002202483,0.000000000,0.000000000,0.000000000,0.000000000,0.000000000,0.000000000,0.000000000,0.000000000,0.000000000,0.000000000,0.000000000,0.000000000,0.000000000,0.000000000,0.000000000,0.000000000,0.000000000,0.000000000,0.002872974,-0.005058289,0.028462410,0.024836183,-0.010407925,0.010961028,0.003863938,-0.004100809,0.003492540,-0.032535940,-0.009686894,0.009195423
7.859427691,0.619161606,0.627982140,1.557589531,0.011313438,0.131348610,0.027420044,0.105407715,-0.061342239,0.016784668,0.039611816,-0.011581421,-0.033737183,0.619161606,0.627982140,1.557589531,0.011313438,0.131348610,0.027420044,-0.000019580,-16.537860870,6.888528347,1.224710464,-0.813548684,-0.002201897,-0.035020828,-16.533763885,6.915952682,1.289495468,-0.825665474,0.007476807,-0.000019580,-16.537860870,6.888528347,1.224710464,-0.813548684,-0.002201897,0.000000000,0.000000000,0.000000000,0.000000000,0.000000000,0.000000000,0.000000000,0.000000000,0.000000000,0.000000000,0.000000000,0.000000000,0.000000000,0.000000000,0.000000000,0.000000000,0.000000000,0.000000000,-0.035001248,0.004096985,0.027424335,0.064785004,-0.012116790,0.009678703,-0.034010284,0.005054464,0.002454466,0.007412881,-0.011395759,0.007913098
7.869378805,0.619161606,0.627982140,1.557589531,0.011313438,0.131348610,0.027803421,-0.032897949,-0.000305176,-0.141666412,-0.019470215,0.044815063,-0.000503540,0.619161606,0.627982140,1.557589531,0.011313438,0.130965233,0.027803421,-0.000019580,-16.538076401,6.888732433,1.224937201,-0.813589752,-0.002202593,-0.009597778,-16.592357635,6.928922653,1.300909042,-0.838055611,-0.012603760,-0.000019580,-16.538076401,6.888732433,1.224937201,-0.813589752,-0.002202593,0.000000000,0.000000000,0.000000000,0.000000000,0.000000000,0.000000000,0.000000000,0.000000000,0.000000000,0.000000000,0.000000000,0.000000000,0.000000000,0.000000000,0.000000000,0.000000000,0.000000000,0.000000000,-0.009578198,-0.054281235,0.040190220,0.075971842,-0.024465859,-0.010401167,-0.008587234,-0.053323755,0.015220350,0.018599720,-0.023744828,-0.012166773
7.879413843,0.619161606,0.627982140,1.557589531,0.011313438,0.131348610,0.027803421,0.063781738,0.038146973,0.049011230,-0.053039551,-0.018630981,-0.004531860,0.619161606,0.627982140,1.557589531,0.011313438,0.130965233,0.027420044,-0.000019580,-16.538078308,6.888732910,1.224937797,-0.813589871,-0.002202006,0.015304565,-16.542919159,6.911283493,1.291051865,-0.801739693,-0.010894775,-0.000019580,-16.538078308,6.888732910,1.224937797,-0.813589871,-0.002202006,0.000000000,0.000000000,0.000000000,0.000000000,0.000000000,0.000000000,0.000000000,0.000000000,0.000000000,0.000000000,0.000000000,0.000000000,0.000000000,0.000000000,0.000000000,0.000000000,0.000000000,0.000000000,0.015324146,-0.004840851,0.022550583,0.066114068,0.011850178,-0.008692769,0.016315110,-0.003883371,-0.002419287,0.008741946,0.012571209,-0.010458375
7.889412880,0.619161606,0.627982140,1.557589531,0.011313438,0.131348610,0.027803421,0.016784668,-0.033264160,0.086608887,-0.011413574,-0.011581421,0.022659302,0.619161606,0.627982140,1.557589531,0.011313438,0.131348610,0.027803421,-0.000019580,-16.537860870,6.888527870,1.224709868,-0.813548565,-0.002202483,0.043319702,-16.568553925,6.895200729,1.315435410,-0.810284615,-0.004913330,-0.000019580,-16.537860870,6.888527870,1.224709868,-0.813548565,-0.002202483,0.000000000,0.000000000,0.000000000,0.000000000,0.000000000,0.000000000,0.000000000,0.000000000,0.000000000,0.000000000,0.000000000,0.000000000,0.000000000,0.000000000,0.000000000,0.000000000,0.000000000,0.000000000,0.043339282,-0.030693054,0.006672859,0.090725541,0.003263950,-0.002710847,0.044330247,-0.029735575,-0.018297010,0.033353419,0.003984981,-0.004476452
7.899479628,0.619161606,0.627982140,1.557589531,0.011313438,0.131348610,0.027420044,0.081237793,0.049133301,0.181949615,0.073181152,-0.038772583,-0.022659302,0.619161606,0.627982140,1.557589531,0.011313438,0.131348610,0.027803421,-0.000019580,-16.537860870,6.888527870,1.224709868,-0.813548565,-0.002202483,-0.010635376,-16.564891815,6.900907516,1.284826279,-0.811566353,0.002349854,-0.000019580,-16.537860870,6.888527870,1.224709868,-0.813548565,-0.002202483,0.000000000,0.000000000,0.000000000,0.000000000,0.000000000,0.000000000,0.000000000,0.000000000,0.000000000,0.000000000,0.000000000,0.000000000,0.000000000,0.000000000,0.000000000,0.000000000,0.000000000,0.000000000,-0.010615796,-0.027030945,0.012379646,0.060116410,0.001982212,0.004552337,-0.009624831,-0.026073465,-0.012590223,0.002744288,0.002703243,0.002786731
7.909450293,0.619161606,0.627982140,1.557589531,0.011313438,0.131348610,0.027420044,-0.024841309,-0.049745560,0.053039551,-0.036926270,-0.017623901,0.007553101,0.619161606,0.627982140,1.557589531,0.011313438,0.131348610,0.027420044,-0.000019580,-16.537860870,6.888528347,1.224710464,-0.813548684,-0.002201897,-0.005966187,-16.552074432,6.911283493,1.312841415,-0.824383736,0.005767822,-0.000019580,-16.537860870,6.888528347,1.224710464,-0.813548684,-0.002201897,0.000000000,0.000000000,0.000000000,0.000000000,0.000000000,0.000000000,0.000000000,0.000000000,0.000000000,0.000000000,0.000000000,0.000000000,0.000000000,0.000000000,0.000000000,0.000000000,0.000000000,0.000000000,-0.005946606,-0.014213562,0.022755146,0.088130951,-0.010835052,0.007969719,-0.004955642,-0.013256082,-0.002214724,0.030758829,-0.010114021,0.006204113
7.919382572,0.619161606,0.627982140,1.557589531,0.011313438,0.131348610,0.027803421,-0.050354004,-0.030822754,-0.074523926,-0.096012115,0.044815063,0.032730103,0.619161606,0.627982140,1.557589531,0.011313438,0.131348610,0.027803421,-0.000019580,-16.537860870,6.888527870,1.224709868,-0.813548565,-0.002202483,-0.004409790,-16.519111633,6.916990280,1.269262314,-0.817120552,-0.023284912,-0.000019580,-16.537860870,6.888527870,1.224709868,-0.813548565,-0.002202483,0.000000000,0.000000000,0.000000000,0.000000000,0.000000000,0.000000000,0.000000000,0.000000000,0.000000000,0.000000000,0.000000000,0.000000000,0.000000000,0.000000000,0.000000000,0.000000000,0.000000000,0.000000000,-0.004390210,0.018749237,0.028462410,0.044552445,-0.003571987,-0.021082429,-0.003399246,0.019706717,0.003492540,-0.012819677,-0.002850956,-0.022848034
7.929412127,0.619161606,0.627982140,1.557589531,0.011313438,0.131348610,0.027803421,0.093322754,-0.025329590,-0.038269043,0.085266113,0.021652222,0.015609741,0.619161606,0.627982140,1.557589531,0.011313438,0.131348610,0.027803421,-0.000019580,-16.537860870,6.888527870,1.224709868,-0.813548565,-0.002202483,-0.004409790,-16.570384979,6.903501511,1.294683456,-0.801739693,0.006195068,-0.000019580,-16.537860870,6.888527870,1.224709868,-0.813548565,-0.002202483,0.000000000,0.000000000,0.000000000,0.000000000,0.000000000,0.000000000,0.000000000,0.000000000,0.000000000,0.000000000,0.000000000,0.000000000,0.000000000,0.000000000,0.000000000,0.000000000,0.000000000,0.000000000,-0.004390210,-0.032524109,0.014973640,0.069973588,0.011808872,0.008397552,-0.003399246,-0.031566629,-0.009996229,0.012601466,0.012529903,0.006631946
7.939381599,0.619161606,0.627982140,1.557589531,0.011313438,0.131348610,0.027803421,-0.104068756,-0.007019043,-0.063781738,-0.002014160,0.006546021,-0.036758423,0.619161606,0.627982140,1.557589531,0.011313438,0.131348610,0.027420044,-0.000019580,-16.537860870,6.888528347,1.224710464,-0.813548684,-0.002201897,-0.010116577,-16.509956360,6.923734665,1.275487900,-0.832928658,-0.020294189,-0.000019580,-16.537860870,6.888528347,1.224710464,-0.813548684,-0.002201897,0.000000000,0.000000000,0.000000000,0.000000000,0.000000000,0.000000000,0.000000000,0.000000000,0.000000000,0.000000000,0.000000000,0.000000000,0.000000000,0.000000000,0.000000000,0.000000000,0.000000000,0.000000000,-0.010096997,0.027904510,0.035206318,0.050777435,-0.019379973,-0.018092293,-0.009106033,0.028861990,0.010236448,-0.006594687,-0.018658943,-0.019857898
7.949411392,0.619161606,0.627982140,1.557589531,0.011313438,0.131348610,0.027420044,-0.044982910,-0.003356934,-0.203433990,0.034240723,0.027694702,-0.084095001,0.619161606,0.627982140,1.557589531,0.011313438,0.131348610,0.027803421,-0.000019580,-16.537860870,6.888527870,1.224709868,-0.813548565,-0.002202483,-0.033464432,-16.533763885,6.907651901,1.339818954,-0.813702583,-0.001922607,-0.000019580,-16.537860870,6.888527870,1.224709868,-0.813548565,-0.002202483,0.000000000,0.000000000,0.000000000,0.000000000,0.000000000,0.000000000,0.000000000,0.000000000,0.000000000,0.000000000,0.000000000,0.000000000,0.000000000,0.000000000,0.000000000,0.000000000,0.000000000,0.000000000,-0.033444852,0.004096985,0.019124031,0.115109086,-0.000154018,0.000279876,-0.032453887,0.005054464,-0.005845839,0.057736964,0.000567012,-0.001485730
7.959380388,0.619161606,0.627982140,1.557589531,0.011313438,0.131348610,0.027803421,0.129577637,-0.072938919,0.081237793,-0.082580566,-0.030715942,0.006546021,0.619161606,0.627982140,1.557589531,0.011313438,0.131348610,0.027803421,-0.000019580,-16.537860870,6.888527870,1.224709868,-0.813548565,-0.002202483,-0.018936157,-16.566722870,6.911802292,1.269262314,-0.802166939,-0.019866943,-0.000019580,-16.537860870,6.888527870,1.224709868,-0.813548565,-0.002202483,0.000000000,0.000000000,0.000000000,0.000000000,0.000000000,0.000000000,0.000000000,0.000000000,0.000000000,0.000000000,0.000000000,0.000000000,0.000000000,0.000000000,0.000000000,0.000000000,0.000000000,0.000000000,-0.018916577,-0.028862000,0.023274422,0.044552445,0.011381626,-0.017664460,-0.017925613,-0.027904520,-0.001695448,-0.012819677,0.012102657,-0.019430066
7.969411612,0.619161606,0.627982140,1.557589531,0.011313438,0.131348610,0.027803421,0.137634277,0.118715286,0.055725098,0.093322754,-0.017623901,0.019638062,0.619161606,0.627982140,1.557972908,0.011313438,0.131348610,0.027803421,-0.000019584,-16.539991379,6.890546322,1.225115061,-0.813775837,-0.002203064,0.003372192,-16.513618469,6.924772263,1.353826523,-0.798748970,0.005340576,-0.000019584,-16.539991379,6.890546322,1.225115061,-0.813775837,-0.002203064,0.000000000,0.000000000,0.000000000,0.000000000,0.000000000,0.000000000,0.000000000,0.000000000,0.000000000,0.000000000,0.000000000,0.000000000,0.000000000,0.000000000,0.000000000,0.000000000,0.000000000,0.000000000,0.003391776,0.026372910,0.034225941,0.128711462,0.015026867,0.007543640,0.004382740,0.027330389,0.009256071,0.071339340,0.015747898,0.005778035
7.979411840,0.619161606,0.627982140,1.557589531,0.011313438,0.131348610,0.027803421,0.014099121,-0.027770996,-0.074523926,-0.014099121,0.046829224,-0.037765503,0.618778229,0.627982140,1.557589531,0.011313438,0.131348610,0.027803421,-0.000019564,-16.537860870,6.888527870,1.224709868,-0.813548565,-0.002202483,0.005447388,-16.513618469,6.906095505,1.291051865,-0.790630341,0.000640869,-0.000019564,-16.537860870,6.888527870,1.224709868,-0.813548565,-0.002202483,0.000000000,0.000000000,0.000000000,0.000000000,0.000000000,0.000000000,0.000000000,0.000000000,0.000000000,0.000000000,0.000000000,0.000000000,0.000000000,0.000000000,0.000000000,0.000000000,0.000000000,0.000000000,0.005466951,0.024242401,0.017567635,0.066341996,0.022918224,0.002843353,0.006457916,0.025199881,-0.007402235,0.008969874,0.023639255,0.001077747
7.989412308,0.619161606,0.627982140,1.557589531,0.011313438,0.131348610,0.027803421,0.010070801,0.069885254,-0.087955475,-0.126895905,0.023666382,-0.033737183,0.619161606,0.627982140,1.557589531,0.011313438,0.131348610,0.027420044,-0.000019580,-16.537860870,6.888528347,1.224710464,-0.813548684,-0.002201897,0.013748169,-16.548412323,6.905576706,1.257328033,-0.820538521,0.001495361,-0.000019580,-16.537860870,6.888528347,1.224710464,-0.813548684,-0.002201897,0.000000000,0.000000000,0.000000000,0.000000000,0.000000000,0.000000000,0.000000000,0.000000000,0.000000000,0.000000000,0.000000000,0.000000000,0.000000000,0.000000000,0.000000000,0.000000000,0.000000000,0.000000000,0.013767749,-0.010551453,0.017048359,0.032617569,-0.006989837,0.003697258,0.014758713,-0.009593973,-0.007921511,-0.024754553,-0.006268806,0.001931653
7.999381304,0.619161606,0.627982140,1.557589531,0.011313438,0.131348610,0.027803421,0.065124512,0.028991699,-0.042297363,0.011413574,-0.071002960,-0.033737183,0.619161606,0.627982140,1.557589531,0.011313438,0.131348610,0.027420044,-0.000019580,-16.537860870,6.888528347,1.224710464,-0.813548684,-0.002201897,0.012710571,-16.621654510,6.915433884,1.305578232,-0.845318794,0.000640869,-0.000019580,-16.537860870,6.888528347,1.224710464,-0.813548684,-0.002201897,0.000000000,0.000000000,0.000000000,0.000000000,0.000000000,0.000000000,0.000000000,0.000000000,0.000000000,0.000000000,0.000000000,0.000000000,0.000000000,0.000000000,0.000000000,0.000000000,0.000000000,0.000000000,0.012730151,-0.083793640,0.026905537,0.080867767,-0.031770110,0.002842766,0.013721116,-0.082836161,0.001935667,0.023495645,-0.031049079,0.001077160
8.009377003,0.619161606,0.627982140,1.557589531,0.011313438,0.131348610,0.027803421,-0.069152832,0.000305176,-0.061096191,-0.004699707,0.066970825,-0.024673462,0.618778229,0.627982140,1.557589531,0.011313438,0.131348610,0.027803421,-0.000019564,-16.537860870,6.888527870,1.224709868,-0.813548565,-0.002202483,0.012191772,-16.489814758,6.907651901,1.294164658,-0.818402290,0.000640869,-0.000019564,-16.537860870,6.888527870,1.224709868,-0.813548565,-0.002202483,0.000000000,0.000000000,0.000000000,0.000000000,0.000000000,0.000000000,0.000000000,0.000000000,0.000000000,0.000000000,0.000000000,0.000000000,0.000000000,0.000000000,0.000000000,0.000000000,0.000000000,0.000000000,0.012211336,0.048046112,0.019124031,0.069454789,-0.004853725,0.002843353,0.013202301,0.049003592,-0.005845839,0.012082667,-0.004132695,0.001077747
8.019422293,0.619161606,0.627982140,1.557589531,0.011313438,0.131348610,0.027803421,0.129577637,-0.035705566,0.053039551,0.012756348,-0.002517700,0.067977905,0.619161606,0.627982140,1.557589531,0.011313438,0.131348610,0.027803421,-0.000019580,-16.537860870,6.888527870,1.224709868,-0.813548565,-0.002202483,-0.008560181,-16.533763885,6.921140671,1.296239853,-0.796185493,0.001068115,-0.000019580,-16.537860870,6.888527870,1.224709868,-0.813548565,-0.002202483,0.000000000,0.000000000,0.000000000,0.000000000,0.000000000,0.000000000,0.000000000,0.000000000,0.000000000,0.000000000,0.000000000,0.000000000,0.000000000,0.000000000,0.000000000,0.000000000,0.000000000,0.000000000,-0.008540601,0.004096985,0.032612801,0.071529984,0.017363071,0.003270599,-0.007549636,0.005054464,0.007642931,0.014157862,0.018084102,0.001504993
8.029417276,0.619161606,0.627982140,1.557589531,0.011313438,0.131348610,0.027803421,0.028869629,0.078432083,-0.030212402,0.003356934,-0.033737183,-0.011581421,0.619161606,0.627982140,1.557589531,0.011313438,0.131348610,0.027803421,-0.000019580,-16.537860870,6.888527870,1.224709868,-0.813548565,-0.002202483,-0.011672974,-16.520942688,6.928922653,1.293645859,-0.830792427,0.029693604,-0.000019580,-16.537860870,6.888527870,1.224709868,-0.813548565,-0.002202483,0.000000000,0.000000000,0.000000000,0.000000000,0.000000000,0.000000000,0.000000000,0.000000000,0.000000000,0.000000000,0.000000000,0.000000000,0.000000000,0.000000000,0.000000000,0.000000000,0.000000000,0.000000000,-0.011653394,0.016918182,0.040394783,0.068935990,-0.017243862,0.031896087,-0.010662429,0.017875662,0.015424913,0.011563868,-0.016522831,0.030130481
8.039392233,0.619161606,0.627982140,1.557589531,0.011313438,0.131348610,0.027803421,0.055725098,0.033264160,0.062438965,-0.035583496,0.029708862,-0.016616821,0.619161606,0.627982140,1.557589531,0.011313438,0.131348610,0.027803421,-0.000019580,-16.537860870,6.888527870,1.224709868,-0.813548565,-0.002202483,-0.009078979,-16.520942688,6.911802292,1.284307480,-0.809430122,-0.003204346,-0.000019580,-16.537860870,6.888527870,1.224709868,-0.813548565,-0.002202483,0.000000000,0.000000000,0.000000000,0.000000000,0.000000000,0.000000000,0.000000000,0.000000000,0.000000000,0.000000000,0.000000000,0.000000000,0.000000000,0.000000000,0.000000000,0.000000000,0.000000000,0.000000000,-0.009059399,0.016918182,0.023274422,0.059597611,0.004118443,-0.001001862,-0.008068435,0.017875662,-0.001695448,0.002225489,0.004839473,-0.002767468
8.049378872,0.619161606,0.627982140,1.557589531,0.011313438,0.130965233,0.027420044,0.026184082,-0.038757324,0.018127441,0.100036621,-0.056900024,0.047836304,0.619161606,0.627982140,1.557589531,0.011313438,0.131348610,0.027803421,-0.000019580,-16.537860870,6.888527870,1.224709868,-0.813548565,-0.002202483,-0.007522583,-16.526439667,6.962125778,1.281713486,-0.817547798,-0.016448975,-0.000019580,-16.537860870,6.888527870,1.224709868,-0.813548565,-0.002202483,0.000000000,0.000000000,0.000000000,0.000000000,0.000000000,0.000000000,0.000000000,0.000000000,0.000000000,0.000000000,0.000000000,0.000000000,0.000000000,0.000000000,0.000000000,0.000000000,0.000000000,0.000000000,-0.007503003,0.011421204,0.073597908,0.057003617,-0.003999233,-0.014246491,-0.006512039,0.012378683,0.048628038,-0.000368505,-0.003278202,-0.016012097
8.059437037,0.618778229,0.627982140,1.557589531,0.011313438,0.130965233,0.027420044,-0.055725098,0.035095215,0.063781738,-0.104068756,-0.016616821,-0.017623901,0.619161606,0.627982140,1.557589531,0.011313438,0.131348610,0.027420044,-0.000019580,-16.537860870,6.888528347,1.224710464,-0.813548684,-0.002201897,-0.031387329,-16.590526581,6.922178268,1.365758896,-0.822247505,0.007904053,-0.000019580,-16.537860870,6.888528347,1.224710464,-0.813548684,-0.002201897,0.000000000,0.000000000,0.000000000,0.000000000,0.000000000,0.000000000,0.000000000,0.000000000,0.000000000,0.000000000,0.000000000,0.000000000,0.000000000,0.000000000,0.000000000,0.000000000,0.000000000,0.000000000,-0.031367749,-0.052665710,0.033649921,0.141048431,-0.008698821,0.010105950,-0.030376785,-0.051708231,0.008680052,0.083676309,-0.007977790,0.008340344
8.069422007,0.619161606,0.627982140,1.557589531,0.011313438,0.131348610,0.027803421,0.043640137,0.034484863,-0.143009186,-0.082580566,0.029708862,-0.018630981,0.619161606,0.627982140,1.557589531,0.011313438,0.131348610,0.027803421,-0.000019580,-16.537860870,6.888527870,1.224709868,-0.813548565,-0.002202483,0.005966187,-16.533763885,6.915433884,1.247989655,-0.865827560,0.001495361,-0.000019580,-16.537860870,6.888527870,1.224709868,-0.813548565,-0.002202483,0.000000000,0.000000000,0.000000000,0.000000000,0.000000000,0.000000000,0.000000000,0.000000000,0.000000000,0.000000000,0.000000000,0.000000000,0.000000000,0.000000000,0.000000000,0.000000000,0.000000000,0.000000000,0.005985767,0.004096985,0.026906013,0.023279786,-0.052278996,0.003697845,0.006976731,0.005054464,0.001936144,-0.034092336,-0.051557965,0.001932239
8.079383850,0.619161606,0.627982140,1.557589531,0.011313438,0.130965233,0.027420044,-0.050354004,-0.010070801,0.093322754,-0.143009186,-0.073017120,-0.101215363,0.619161606,0.627982140,1.557589531,0.011313438,0.131348610,0.027803421,-0.000019580,-16.537860870,6.888527870,1.224709868,-0.813548565,-0.002202483,-0.014266968,-16.522773743,6.905057907,1.296758652,-0.821820259,0.000640869,-0.000019580,-16.537860870,6.888527870,1.224709868,-0.813548565,-0.002202483,0.000000000,0.000000000,0.000000000,0.000000000,0.000000000,0.000000000,0.000000000,0.000000000,0.000000000,0.000000000,0.000000000,0.000000000,0.000000000,0.000000000,0.000000000,0.000000000,0.000000000,0.000000000,-0.014247388,0.015087128,0.016530037,0.072048783,-0.008271694,0.002843353,-0.013256423,0.016044607,-0.008439833,0.014676661,-0.007550663,0.001077747
8.089410543,0.619161606,0.627982140,1.557589531,0.011313438,0.131348610,0.027420044,0.124206543,-0.018005371,-0.190006256,-0.112125397,-0.014602661,-0.048843384,0.619161606,0.627982140,1.557589531,0.011313438,0.131348610,0.027420044,-0.000019580,-16.537860870,6.888528347,1.224710464,-0.813548684,-0.002201897,-0.044359207,-16.495307922,6.919065475,1.285345078,-0.826519966,0.000213623,-0.000019580,-16.537860870,6.888528347,1.224710464,-0.813548684,-0.002201897,0.000000000,0.000000000,0.000000000,0.000000000,0.000000000,0.000000000,0.000000000,0.000000000,0.000000000,0.000000000,0.000000000,0.000000000,0.000000000,0.000000000,0.000000000,0.000000000,0.000000000,0.000000000,-0.044339627,0.042552948,0.030537128,0.060634613,-0.012971282,0.002415520,-0.043348663,0.043510428,0.005567259,0.003262491,-0.012250251,0.000649914
8.099516153,0.619161606,0.627982140,1.557589531,0.011313438,0.131348610,0.027803421,0.152404785,-0.099184036,-0.101383209,0.027526855,0.074020386,0.018630981,0.619161606,0.627982140,1.557589531,0.011313438,0.130965233,0.027420044,-0.000019580,-16.538078308,6.888732910,1.224937797,-0.813589871,-0.002202006,0.029312134,-16.555736542,6.915952682,1.309209824,-0.817120552,0.004913330,-0.000019580,-16.538078308,6.888732910,1.224937797,-0.813589871,-0.002202006,0.000000000,0.000000000,0.000000000,0.000000000,0.000000000,0.000000000,0.000000000,0.000000000,0.000000000,0.000000000,0.000000000,0.000000000,0.000000000,0.000000000,0.000000000,0.000000000,0.000000000,0.000000000,0.029331714,-0.017658234,0.027219772,0.084272027,-0.003530681,0.007115336,0.030322679,-0.016700754,0.002249903,0.026899905,-0.002809650,0.005349730
8.109411955,0.619161606,0.627982140,1.557589531,0.011313438,0.131348610,0.027420044,0.109436035,-0.021667480,-0.149723053,0.069152832,0.008560181,-0.040786743,0.619161606,0.627982140,1.557589531,0.011696815,0.131348610,0.027803421,-0.000019581,-16.538246155,6.888892651,1.225115061,-0.813775837,-0.002203064,0.010116577,-16.572216034,6.914396286,1.279119492,-0.825238228,0.008331299,-0.000019581,-16.538246155,6.888892651,1.225115061,-0.813775837,-0.002203064,0.000000000,0.000000000,0.000000000,0.000000000,0.000000000,0.000000000,0.000000000,0.000000000,0.000000000,0.000000000,0.000000000,0.000000000,0.000000000,0.000000000,0.000000000,0.000000000,0.000000000,0.000000000,0.010136158,-0.033969879,0.025503635,0.054004431,-0.011462390,0.010534363,0.011127122,-0.033012400,0.000533766,-0.003367691,-0.010741360,0.008768757
8.119395494,0.619161606,0.627982140,1.557589531,0.011313438,0.131348610,0.027803421,-0.087955475,-0.000305176,-0.031555176,0.062438965,-0.089130402,0.013595581,0.619161606,0.627982140,1.557589531,0.011313438,0.131348610,0.027420044,-0.000019580,-16.537860870,6.888528347,1.224710464,-0.813548684,-0.002201897,-0.015304565,-16.515449524,6.904539108,1.276525497,-0.823101997,0.009613037,-0.000019580,-16.537860870,6.888528347,1.224710464,-0.813548684,-0.002201897,0.000000000,0.000000000,0.000000000,0.000000000,0.000000000,0.000000000,0.000000000,0.000000000,0.000000000,0.000000000,0.000000000,0.000000000,0.000000000,0.000000000,0.000000000,0.000000000,0.000000000,0.000000000,-0.015284985,0.022411346,0.016010761,0.051815033,-0.009553313,0.011814934,-0.014294021,0.023368826,-0.008959108,-0.005557089,-0.008832282,0.010049328
8.129385233,0.619161606,0.627982140,1.557589531,0.011313438,0.131348610,0.027420044,0.063781738,-0.010681152,-0.028869629,0.027526855,-0.030715942,-0.051864624,0.619161606,0.627982140,1.557589531,0.011313438,0.131348610,0.027803421,-0.000019580,-16.537860870,6.888527870,1.224709868,-0.813548565,-0.002202483,0.013748169,-16.526439667,6.918546677,1.348119736,-0.802166939,0.007476807,-0.000019580,-16.537860870,6.888527870,1.224709868,-0.813548565,-0.002202483,0.000000000,0.000000000,0.000000000,0.000000000,0.000000000,0.000000000,0.000000000,0.000000000,0.000000000,0.000000000,0.000000000,0.000000000,0.000000000,0.000000000,0.000000000,0.000000000,0.000000000,0.000000000,0.013767749,0.011421204,0.030018806,0.123409867,0.011381626,0.009679290,0.014758713,0.012378683,0.005048937,0.066037745,0.012102657,0.007913684
8.139416456,0.619161606,0.627982140,1.557589531,0.011313438,0.130965233,0.027420044,0.042297363,0.088197708,0.120178223,0.089294434,0.002517700,0.030715942,0.619161606,0.627982140,1.557589531,0.011313438,0.131348610,0.027803421,-0.000019580,-16.537860870,6.888527870,1.224709868,-0.813548565,-0.002202483,-0.003890991,-16.495307922,6.930479050,1.296239853,-0.798748970,-0.001068115,-0.000019580,-16.537860870,6.888527870,1.224709868,-0.813548565,-0.002202483,0.000000000,0.000000000,0.000000000,0.000000000,0.000000000,0.000000000,0.000000000,0.000000000,0.000000000,0.000000000,0.000000000,0.000000000,0.000000000,0.000000000,0.000000000,0.000000000,0.000000000,0.000000000,-0.003871411,0.042552948,0.041951180,0.071529984,0.014799595,0.001134368,-0.002880447,0.043510428,0.016981310,0.014157862,0.015520626,-0.000631238
8.149400234,0.619161606,0.627982140,1.557589531,0.011313438,0.131348610,0.027420044,-0.057067871,0.036315918,-0.151065826,-0.118839264,0.006546021,0.037765503,0.619161606,0.627982140,1.557589531,0.011313438,0.131348610,0.027420044,-0.000019580,-16.537860870,6.888528347,1.224710464,-0.813548684,-0.002201897,0.004409790,-16.557567596,6.898832321,1.292608261,-0.814129829,0.019012451,-0.000019580,-16.537860870,6.888528347,1.224710464,-0.813548684,-0.002201897,0.000000000,0.000000000,0.000000000,0.000000000,0.000000000,0.000000000,0.000000000,0.000000000,0.000000000,0.000000000,0.000000000,0.000000000,0.000000000,0.000000000,0.000000000,0.000000000,0.000000000,0.000000000,0.004429370,-0.019706726,0.010303974,0.067897797,-0.000581145,0.021214348,0.005420335,-0.018749247,-0.014665895,0.010525674,0.000139886,0.019448742
8.159377337,0.619161606,0.627982140,1.557589531,0.011313438,0.131348610,0.027420044,0.008728027,0.041809082,-0.014099121,-0.012756348,0.043807983,0.024673462,0.619161606,0.627982140,1.557589531,0.011313438,0.131348610,0.027420044,-0.000019580,-16.537860870,6.888528347,1.224710464,-0.813548684,-0.002201897,0.004409790,-16.513618469,6.895200729,1.273931503,-0.832501411,0.015167236,-0.000019580,-16.537860870,6.888528347,1.224710464,-0.813548684,-0.002201897,0.000000000,0.000000000,0.000000000,0.000000000,0.000000000,0.000000000,0.000000000,0.000000000,0.000000000,0.000000000,0.000000000,0.000000000,0.000000000,0.000000000,0.000000000,0.000000000,0.000000000,0.000000000,0.004429370,0.024242401,0.006672382,0.049221039,-0.018952727,0.017369133,0.005420335,0.025199881,-0.018297487,-0.008151083,-0.018231696,0.015603528
8.169378281,0.619161606,0.627982140,1.557589531,0.011313438,0.131348610,0.027420044,0.207462311,-0.029602051,-0.014099121,-0.030212402,0.091140747,-0.026687622,0.619161606,0.627982140,1.557589531,0.011313438,0.131348610,0.027803421,-0.000019580,-16.537860870,6.888527870,1.224709868,-0.813548565,-0.002202483,0.008560181,-16.544750214,6.933073044,1.254215240,-0.838482857,-0.010467529,-0.000019580,-16.537860870,6.888527870,1.224709868,-0.813548565,-0.002202483,0.000000000,0.000000000,0.000000000,0.000000000,0.000000000,0.000000000,0.000000000,0.000000000,0.000000000,0.000000000,0.000000000,0.000000000,0.000000000,0.000000000,0.000000000,0.000000000,0.000000000,0.000000000,0.008579761,-0.006889343,0.044545174,0.029505372,-0.024934292,-0.008265046,0.009570725,-0.005931864,0.019575304,-0.027866750,-0.024213261,-0.010030652
8.179405689,0.619161606,0.627598763,1.557972908,0.011313438,0.130965233,0.027803421,0.011413574,-0.129091263,0.163146973,-0.151065826,-0.032730103,0.017623901,0.619161606,0.627982140,1.557589531,0.011313438,0.130965233,0.027803421,-0.000019580,-16.538076401,6.888732433,1.224937201,-0.813589752,-0.002202593,0.013229370,-16.548412323,6.908689499,1.291051865,-0.807721138,0.010040283,-0.000019580,-16.538076401,6.888732433,1.224937201,-0.813589752,-0.002202593,0.000000000,0.000000000,0.000000000,0.000000000,0.000000000,0.000000000,0.000000000,0.000000000,0.000000000,0.000000000,0.000000000,0.000000000,0.000000000,0.000000000,0.000000000,0.000000000,0.000000000,0.000000000,0.013248950,-0.010335922,0.019957066,0.066114664,0.005868614,0.012242876,0.014239915,-0.009378443,-0.005012804,0.008742542,0.006589645,0.010477270
8.189382076,0.619161606,0.627982140,1.557589531,0.011313438,0.131348610,0.027803421,-0.036926270,0.044860840,0.122863770,-0.124210358,0.064956665,0.060928345,0.619161606,0.627982140,1.557589531,0.011313438,0.131348610,0.027803421,-0.000019580,-16.537860870,6.888527870,1.224709868,-0.813548565,-0.002202483,0.012191772,-16.541088104,6.928922653,1.259922028,-0.821393013,-0.000213623,-0.000019580,-16.537860870,6.888527870,1.224709868,-0.813548565,-0.002202483,0.000000000,0.000000000,0.000000000,0.000000000,0.000000000,0.000000000,0.000000000,0.000000000,0.000000000,0.000000000,0.000000000,0.000000000,0.000000000,0.000000000,0.000000000,0.000000000,0.000000000,0.000000000,0.012211353,-0.003227234,0.040394783,0.035212159,-0.007844448,0.001988860,0.013202317,-0.002269754,0.015424913,-0.022159963,-0.007123417,0.000223255
8.199378967,0.619161606,0.627982140,1.557589531,0.011696815,0.131348610,0.027420044,0.046325684,0.063171387,-0.022155762,0.010070801,0.030715942,-0.044815063,0.619161606,0.627982140,1.557972908,0.011313438,0.131348610,0.027803421,-0.000019584,-16.539991379,6.890546322,1.225115061,-0.813775837,-0.002203064,0.016860962,-16.467842102,6.916990280,1.305059433,-0.834210396,0.009185791,-0.000019584,-16.539991379,6.890546322,1.225115061,-0.813775837,-0.002203064,0.000000000,0.000000000,0.000000000,0.000000000,0.000000000,0.000000000,0.000000000,0.000000000,0.000000000,0.000000000,0.000000000,0.000000000,0.000000000,0.000000000,0.000000000,0.000000000,0.000000000,0.000000000,0.016880545,0.072149277,0.026443958,0.079944372,-0.020434558,0.011388855,0.017871510,0.073106756,0.001474089,0.022572250,-0.019713528,0.009623249
8.209377050,0.619161606,0.627982140,1.557589531,0.011313438,0.131348610,0.027420044,0.019470215,0.013122559,-0.010070801,-0.074523926,0.039779663,-0.059921265,0.619161606,0.627982140,1.557589531,0.011313438,0.131348610,0.027420044,-0.000019580,-16.537860870,6.888528347,1.224710464,-0.813548684,-0.002201897,0.015823364,-16.597850800,6.911802292,1.278600693,-0.809002876,-0.004913330,-0.000019580,-16.537860870,6.888528347,1.224710464,-0.813548684,-0.002201897,0.000000000,0.000000000,0.000000000,0.000000000,0.000000000,0.000000000,0.000000000,0.000000000,0.000000000,0.000000000,0.000000000,0.000000000,0.000000000,0.000000000,0.000000000,0.000000000,0.000000000,0.000000000,0.015842944,-0.059989929,0.023273945,0.053890228,0.004545808,-0.002711433,0.016833909,-0.059032450,-0.001695925,-0.003481894,0.005266839,-0.004477039
8.219452381,0.619161606,0.627982140,1.557589531,0.011313438,0.131348610,0.027420044,0.016784668,0.116273880,-0.047668457,-0.000671387,-0.014602661,-0.048843384,0.619161606,0.627982140,1.557589531,0.011313438,0.131348610,0.027420044,-0.000019580,-16.537860870,6.888528347,1.224710464,-0.813548684,-0.002201897,-0.000778198,-16.469673157,6.912839890,1.277044296,-0.825238228,-0.016876221,-0.000019580,-16.537860870,6.888528347,1.224710464,-0.813548684,-0.002201897,0.000000000,0.000000000,0.000000000,0.000000000,0.000000000,0.000000000,0.000000000,0.000000000,0.000000000,0.000000000,0.000000000,0.000000000,0.000000000,0.000000000,0.000000000,0.000000000,0.000000000,0.000000000,-0.000758618,0.068187714,0.024311543,0.052333832,-0.011689544,-0.014674324,0.000232346,0.069145193,-0.000658327,-0.005038290,-0.010968513,-0.016439930
8.229386568,0.619161606,0.627982140,1.557589531,0.011313438,0.131348610,0.027803421,0.039611816,-0.121156693,0.004699707,-0.117496490,-0.023666382,-0.053878784,0.619161606,0.627982140,1.557589531,0.011313438,0.131348610,0.027420044,-0.000019580,-16.537860870,6.888528347,1.224710464,-0.813548684,-0.002201897,-0.000778198,-16.500801086,6.915433884,1.258884430,-0.813275337,-0.003204346,-0.000019580,-16.537860870,6.888528347,1.224710464,-0.813548684,-0.002201897,0.000000000,0.000000000,0.000000000,0.000000000,0.000000000,0.000000000,0.000000000,0.000000000,0.000000000,0.000000000,0.000000000,0.000000000,0.000000000,0.000000000,0.000000000,0.000000000,0.000000000,0.000000000,-0.000758618,0.037059784,0.026905537,0.034173965,0.000273347,-0.001002449,0.000232346,0.038017263,0.001935667,-0.023198157,0.000994378,-0.002768055
8.239411592,0.619161606,0.627982140,1.557206154,0.011313438,0.131348610,0.027803421,-0.097354889,-0.009460449,-0.018127441,0.054382324,0.033737183,-0.001510620,0.619161606,0.627982140,1.557589531,0.011313438,0.131348610,0.027803421,-0.000019580,-16.537860870,6.888527870,1.224709868,-0.813548565,-0.002202483,0.011672974,-16.563060760,6.908689499,1.290533066,-0.842755318,0.005767822,-0.000019580,-16.537860870,6.888527870,1.224709868,-0.813548565,-0.002202483,0.000000000,0.000000000,0.000000000,0.000000000,0.000000000,0.000000000,0.000000000,0.000000000,0.000000000,0.000000000,0.000000000,0.000000000,0.000000000,0.000000000,0.000000000,0.000000000,0.000000000,0.000000000,0.011692554,-0.025199890,0.020161629,0.065823197,-0.029206753,0.007970306,0.012683518,-0.024242411,-0.004808241,0.008451075,-0.028485722,0.006204700
8.249414444,0.619161606,0.627982140,1.557589531,0.011313438,0.131348610,0.027420044,0.047668457,-0.006408691,0.104064941,-0.071838379,-0.004531860,-0.042800903,0.619161606,0.627982140,1.557589531,0.011313438,0.131348610,0.027803421,-0.000019580,-16.537860870,6.888527870,1.224709868,-0.813548565,-0.002202483,-0.004928589,-16.570384979,6.919584274,1.234500885,-0.820965767,-0.006195068,-0.000019580,-16.537860870,6.888527870,1.224709868,-0.813548565,-0.002202483,0.000000000,0.000000000,0.000000000,0.000000000,0.000000000,0.000000000,0.000000000,0.000000000,0.000000000,0.000000000,0.000000000,0.000000000,0.000000000,0.000000000,0.000000000,0.000000000,0.000000000,0.000000000,-0.004909009,-0.032524109,0.031056404,0.009791017,-0.007417202,-0.003992585,-0.003918044,-0.031566629,0.006086535,-0.047581106,-0.006696171,-0.005758191
8.259413004,0.619161606,0.627982140,1.557589531,0.011313438,0.131348610,0.027803421,-0.027526855,0.032043457,0.083923340,0.012756348,0.028701782,0.047836304,0.619161606,0.627982140,1.557589531,0.011313438,0.131348610,0.027803421,-0.000019580,-16.537860870,6.888527870,1.224709868,-0.813548565,-0.002202483,0.014785767,-16.500801086,6.920621872,1.240207672,-0.795758247,0.016448975,-0.000019580,-16.537860870,6.888527870,1.224709868,-0.813548565,-0.002202483,0.000000000,0.000000000,0.000000000,0.000000000,0.000000000,0.000000000,0.000000000,0.000000000,0.000000000,0.000000000,0.000000000,0.000000000,0.000000000,0.000000000,0.000000000,0.000000000,0.000000000,0.000000000,0.014805347,0.037059784,0.032094002,0.015497804,0.017790318,0.018651458,0.015796311,0.038017263,0.007124132,-0.041874319,0.018511348,0.016885852
8.269409895,0.619161606,0.627982140,1.557589531,0.011313438,0.131348610,0.027803421,0.074523926,-0.038757324,0.026184082,0.019470215,0.063949585,0.014602661,0.619161606,0.627982140,1.557589531,0.011313438,0.131348610,0.027420044,-0.000019580,-16.537860870,6.888528347,1.224710464,-0.813548684,-0.002201897,0.013229370,-16.553905487,6.918027878,1.315435410,-0.829510689,0.010040283,-0.000019580,-16.537860870,6.888528347,1.224710464,-0.813548684,-0.002201897,0.000000000,0.000000000,0.000000000,0.000000000,0.000000000,0.000000000,0.000000000,0.000000000,0.000000000,0.000000000,0.000000000,0.000000000,0.000000000,0.000000000,0.000000000,0.000000000,0.000000000,0.000000000,0.013248950,-0.016044617,0.029499531,0.090724945,-0.015962005,0.012242180,0.014239915,-0.015087137,0.004529661,0.033352823,-0.015240974,0.010476574
8.279378176,0.619161606,0.627982140,1.557589531,0.011313438,0.131348610,0.027803421,-0.020812988,-0.097352982,0.164489746,-0.097354889,0.000503540,-0.007553101,0.618778229,0.627982140,1.557206154,0.011313438,0.131348610,0.027420044,-0.000019560,-16.535730362,6.886508942,1.224304914,-0.813321292,-0.002201315,0.000778198,-16.561229706,6.914396286,1.255771637,-0.848310471,-0.008331299,-0.000019560,-16.535730362,6.886508942,1.224304914,-0.813321292,-0.002201315,0.000000000,0.000000000,0.000000000,0.000000000,0.000000000,0.000000000,0.000000000,0.000000000,0.000000000,0.000000000,0.000000000,0.000000000,0.000000000,0.000000000,0.000000000,0.000000000,0.000000000,0.000000000,0.000797758,-0.025499344,0.027887344,0.031466722,-0.034989178,-0.006129983,0.001788723,-0.024541864,0.002917475,-0.025905400,-0.034268147,-0.007895589
8.289378166,0.619161606,0.627982140,1.557589531,0.011313438,0.131348610,0.027803421,-0.077209473,-0.031433105,-0.027526855,0.002014160,0.006546021,0.049850464,0.619161606,0.627982140,1.557589531,0.011313438,0.131348610,0.027803421,-0.000019580,-16.537860870,6.888527870,1.224709868,-0.813548565,-0.002202483,0.007003784,-16.471504211,6.904539108,1.306615829,-0.821820259,-0.003204346,-0.000019580,-16.537860870,6.888527870,1.224709868,-0.813548565,-0.002202483,0.000000000,0.000000000,0.000000000,0.000000000,0.000000000,0.000000000,0.000000000,0.000000000,0.000000000,0.000000000,0.000000000,0.000000000,0.000000000,0.000000000,0.000000000,0.000000000,0.000000000,0.000000000,0.007023364,0.066356659,0.016011238,0.081905961,-0.008271694,-0.001001862,0.008014329,0.067314138,-0.008958631,0.024533839,-0.007550663,-0.002767468
8.299408913,0.619161606,0.627982140,1.557589531,0.011313438,0.131348610,0.027803421,0.164489746,0.003967285,0.049011230,0.058410645,0.000503540,-0.002517700,0.619161606,0.627982140,1.557589531,0.011313438,0.131348610,0.027803421,-0.000019580,-16.537860870,6.888527870,1.224709868,-0.813548565,-0.002202483,0.003372192,-16.522773743,6.943449020,1.269262314,-0.794049263,0.009185791,-0.000019580,-16.537860870,6.888527870,1.224709868,-0.813548565,-0.002202483,0.000000000,0.000000000,0.000000000,0.000000000,0.000000000,0.000000000,0.000000000,0.000000000,0.000000000,0.000000000,0.000000000,0.000000000,0.000000000,0.000000000,0.000000000,0.000000000,0.000000000,0.000000000,0.003391772,0.015087128,0.054921150,0.044552445,0.019499302,0.011388274,0.004382737,0.016044607,0.029951281,-0.012819677,0.020220333,0.009622669
8.309381485,0.619161606,0.627982140,1.557972908,0.011313438,0.131348610,0.027803421,-0.094669342,-0.055238724,0.096008301,-0.055725098,0.061935425,-0.019638062,0.619161606,0.627982140,1.557589531,0.011313438,0.131348610,0.027420044,-0.000019580,-16.537860870,6.888528347,1.224710464,-0.813548684,-0.002201897,0.013229370,-16.466011047,6.902982712,1.298315048,-0.788066864,-0.003631592,-0.000019580,-16.537860870,6.888528347,1.224710464,-0.813548684,-0.002201897,0.000000000,0.000000000,0.000000000,0.000000000,0.000000000,0.000000000,0.000000000,0.000000000,0.000000000,0.000000000,0.000000000,0.000000000,0.000000000,0.000000000,0.000000000,0.000000000,0.000000000,0.000000000,0.013248950,0.071849823,0.014454365,0.073604584,0.025481820,-0.001429695,0.014239915,0.072807303,-0.010515505,0.016232461,0.026202851,-0.003195301
8.319433212,0.619161606,0.627982140,1.557589531,0.011313438,0.131348610,0.027420044,0.085266113,-0.039979935,-0.071838379,0.054382324,0.010574341,-0.005538940,0.619161606,0.627982140,1.557972908,0.011313438,0.131348610,0.027803421,-0.000019584,-16.539991379,6.890546322,1.225115061,-0.813775837,-0.002203064,-0.012710571,-16.552074432,6.922697067,1.306615829,-0.877363205,0.006622314,-0.000019584,-16.539991379,6.890546322,1.225115061,-0.813775837,-0.002203064,0.000000000,0.000000000,0.000000000,0.000000000,0.000000000,0.000000000,0.000000000,0.000000000,0.000000000,0.000000000,0.000000000,0.000000000,0.000000000,0.000000000,0.000000000,0.000000000,0.000000000,0.000000000,-0.012690988,-0.012083054,0.032150745,0.081500769,-0.063587368,0.008825378,-0.011700023,-0.011125574,0.007180876,0.024128646,-0.062866337,0.007059773
8.329377651,0.619161606,0.627982140,1.557589531,0.011313438,0.130965233,0.027420044,0.038269043,0.011901855,0.093322754,0.187320709,0.000503540,0.023666382,0.619161606,0.627982140,1.557589531,0.011313438,0.131348610,0.027803421,-0.000019580,-16.537860870,6.888527870,1.224709868,-0.813548565,-0.002202483,0.082231522,-16.526439667,6.922178268,1.301427841,-0.786785126,0.000213623,-0.000019580,-16.537860870,6.888527870,1.224709868,-0.813548565,-0.002202483,0.000000000,0.000000000,0.000000000,0.000000000,0.000000000,0.000000000,0.000000000,0.000000000,0.000000000,0.000000000,0.000000000,0.000000000,0.000000000,0.000000000,0.000000000,0.000000000,0.000000000,0.000000000,0.082251102,0.011421204,0.033650398,0.076717973,0.026763439,0.002416106,0.083242066,0.012378683,0.008680529,0.019345850,0.027484470,0.000650501
8.339379072,0.619161606,0.627982140,1.557589531,0.011313438,0.131348610,0.027803421,-0.141666412,-0.034484863,-0.061096191,-0.067810059,0.062942505,0.034744263,0.619161606,0.627982140,1.557206154,0.011313438,0.131348610,0.027420044,-0.000019577,-16.535730362,6.886508942,1.224304914,-0.813321292,-0.002201315,0.020492554,-16.519111633,6.907651901,1.293127060,-0.794903755,-0.004486084,-0.000019577,-16.535730362,6.886508942,1.224304914,-0.813321292,-0.002201315,0.000000000,0.000000000,0.000000000,0.000000000,0.000000000,0.000000000,0.000000000,0.000000000,0.000000000,0.000000000,0.000000000,0.000000000,0.000000000,0.000000000,0.000000000,0.000000000,0.000000000,0.000000000,0.020512130,0.016618729,0.021142960,0.068822145,0.018417537,-0.002284769,0.021503095,0.017576208,-0.003826910,0.011450023,0.019138568,-0.004050374
8.349378109,0.619161606,0.627982140,1.557589531,0.011313438,0.131348610,0.027420044,0.043640137,0.077209473,0.046325684,-0.019470215,-0.003524780,-0.006546021,0.618778229,0.627982140,1.557589531,0.011313438,0.131348610,0.027420044,-0.000019564,-16.537860870,6.888528347,1.224710464,-0.813548684,-0.002201897,-0.002853394,-16.588695526,6.898832321,1.244358063,-0.839337349,0.007476807,-0.000019564,-16.537860870,6.888528347,1.224710464,-0.813548684,-0.002201897,0.000000000,0.000000000,0.000000000,0.000000000,0.000000000,0.000000000,0.000000000,0.000000000,0.000000000,0.000000000,0.000000000,0.000000000,0.000000000,0.000000000,0.000000000,0.000000000,0.000000000,0.000000000,-0.002833830,-0.050834656,0.010303974,0.019647598,-0.025788665,0.009678703,-0.001842865,-0.049877176,-0.014665895,-0.037724524,-0.025067634,0.007913098
8.359428644,0.619161606,0.627982140,1.557589531,0.011313438,0.131348610,0.027803421,-0.147037506,0.146791458,-0.026184082,0.168518066,-0.018630981,-0.006546021,0.619161606,0.627982140,1.557589531,0.011313438,0.131348610,0.027803421,-0.000019580,-16.537860870,6.888527870,1.224709868,-0.813548565,-0.002202483,-0.004409790,-16.508125305,6.919065475,1.301946640,-0.800885201,-0.010467529,-0.000019580,-16.537860870,6.888527870,1.224709868,-0.813548565,-0.002202483,0.000000000,0.000000000,0.000000000,0.000000000,0.000000000,0.000000000,0.000000000,0.000000000,0.000000000,0.000000000,0.000000000,0.000000000,0.000000000,0.000000000,0.000000000,0.000000000,0.000000000,0.000000000,-0.004390210,0.029735565,0.030537605,0.077236772,0.012663364,-0.008265046,-0.003399246,0.030693045,0.005567736,0.019864649,0.013384395,-0.010030652
8.369377613,0.619161606,0.627982140,1.557589531,0.011313438,0.131348610,0.027803421,-0.012756348,0.129091263,0.214176178,0.042297363,-0.044815063,0.048843384,0.619161606,0.627982140,1.557589531,0.011313438,0.131348610,0.027803421,-0.000019580,-16.537860870,6.888527870,1.224709868,-0.813548565,-0.002202483,0.003890991,-16.597850800,6.904020309,1.334630966,-0.783367157,-0.006622314,-0.000019580,-16.537860870,6.888527870,1.224709868,-0.813548565,-0.002202483,0.000000000,0.000000000,0.000000000,0.000000000,0.000000000,0.000000000,0.000000000,0.000000000,0.000000000,0.000000000,0.000000000,0.000000000,0.000000000,0.000000000,0.000000000,0.000000000,0.000000000,0.000000000,0.003910571,-0.059989929,0.015492439,0.109921098,0.030181408,-0.004419831,0.004901536,-0.059032450,-0.009477430,0.052548975,0.030902439,-0.006185437
8.379377842,0.619161606,0.627982140,1.557589531,0.011313438,0.131348610,0.027420044,-0.096012115,-0.025329590,-0.011413574,0.116149902,0.020645142,-0.037765503,0.619161606,0.627982140,1.557589531,0.011313438,0.131348610,0.027803421,-0.000019580,-16.537860870,6.888527870,1.224709868,-0.813548565,-0.002202483,0.024124146,-16.530101776,6.927366257,1.296758652,-0.821393013,-0.009613037,-0.000019580,-16.537860870,6.888527870,1.224709868,-0.813548565,-0.002202483,0.000000000,0.000000000,0.000000000,0.000000000,0.000000000,0.000000000,0.000000000,0.000000000,0.000000000,0.000000000,0.000000000,0.000000000,0.000000000,0.000000000,0.000000000,0.000000000,0.000000000,0.000000000,0.024143726,0.007759094,0.038838387,0.072048783,-0.007844448,-0.007410554,0.025134690,0.008716574,0.013868517,0.014676661,-0.007123417,-0.009176159
8.389378071,0.619161606,0.627982140,1.557589531,0.011313438,0.131348610,0.027420044,-0.030212402,0.044250488,0.043640137,0.016784668,0.066970825,-0.060928345,0.619161606,0.627982140,1.557589531,0.011313438,0.131348610,0.027420044,-0.000019580,-16.537860870,6.888528347,1.224710464,-0.813548684,-0.002201897,-0.019454956,-16.509956360,6.930997849,1.288976669,-0.802594185,-0.014739990,-0.000019580,-16.537860870,6.888528347,1.224710464,-0.813548684,-0.002201897,0.000000000,0.000000000,0.000000000,0.000000000,0.000000000,0.000000000,0.000000000,0.000000000,0.000000000,0.000000000,0.000000000,0.000000000,0.000000000,0.000000000,0.000000000,0.000000000,0.000000000,0.000000000,-0.019435376,0.027904510,0.042469501,0.064266205,0.010954499,-0.012538093,-0.018444412,0.028861990,0.017499632,0.006894083,0.011675530,-0.014303699
8.399468660,0.619161606,0.627982140,1.557589531,0.011696815,0.131348610,0.027420044,0.094665527,0.039367676,0.000671387,0.109436035,0.018630981,-0.037765503,0.619161606,0.627982140,1.557589531,0.011313438,0.131348610,0.027420044,-0.000019580,-16.537860870,6.888528347,1.224710464,-0.813548684,-0.002201897,-0.004409790,-16.546581268,6.928403854,1.274450302,-0.831219673,-0.010467529,-0.000019580,-16.537860870,6.888528347,1.224710464,-0.813548684,-0.002201897,0.000000000,0.000000000,0.000000000,0.000000000,0.000000000,0.000000000,0.000000000,0.000000000,0.000000000,0.000000000,0.000000000,0.000000000,0.000000000,0.000000000,0.000000000,0.000000000,0.000000000,0.000000000,-0.004390210,-0.008720398,0.039875507,0.049739838,-0.017670989,-0.008265632,-0.003399246,-0.007762918,0.014905638,-0.007632285,-0.016949958,-0.010031238
8.409412146,0.619161606,0.627982140,1.557589531,0.011313438,0.130965233,0.027803421,-0.026184082,-0.063173294,-0.153751373,-0.014099121,-0.017623901,0.086105347,0.619161606,0.627982140,1.557589531,0.011313438,0.131348610,0.027803421,-0.000019580,-16.537860870,6.888527870,1.224709868,-0.813548565,-0.002202483,0.013229370,-16.552074432,6.911802292,1.280675888,-0.827374458,0.003204346,-0.000019580,-16.537860870,6.888527870,1.224709868,-0.813548565,-0.002202483,0.000000000,0.000000000,0.000000000,0.000000000,0.000000000,0.000000000,0.000000000,0.000000000,0.000000000,0.000000000,0.000000000,0.000000000,0.000000000,0.000000000,0.000000000,0.000000000,0.000000000,0.000000000,0.013248950,-0.014213562,0.023274422,0.055966020,-0.013825893,0.005406829,0.014239915,-0.013256082,-0.001695448,-0.001406103,-0.013104863,0.003641223
8.419413328,0.619161606,0.627982140,1.557589531,0.011313438,0.131348610,0.027803421,0.002014160,0.006408691,-0.012756348,0.101379395,-0.063949585,-0.007553101,0.618778229,0.627982140,1.557589531,0.011313438,0.131348610,0.027803421,-0.000019564,-16.537860870,6.888527870,1.224709868,-0.813548565,-0.002202483,-0.001296997,-16.520942688,6.908170700,1.293127060,-0.820111275,0.004486084,-0.000019564,-16.537860870,6.888527870,1.224709868,-0.813548565,-0.002202483,0.000000000,0.000000000,0.000000000,0.000000000,0.000000000,0.000000000,0.000000000,0.000000000,0.000000000,0.000000000,0.000000000,0.000000000,0.000000000,0.000000000,0.000000000,0.000000000,0.000000000,0.000000000,-0.001277433,0.016918182,0.019642830,0.068417192,-0.006562710,0.006688567,-0.000286469,0.017875662,-0.005327040,0.011045069,-0.005841679,0.004922962
8.429411650,0.619161606,0.627982140,1.557589531,0.011313438,0.131348610,0.027803421,0.051696777,0.060729980,0.011413574,0.015441895,-0.021652222,-0.030715942,0.618778229,0.627982140,1.557589531,0.011313438,0.131348610,0.027803421,-0.000019564,-16.537860870,6.888527870,1.224709868,-0.813548565,-0.002202483,0.025161743,-16.537425995,6.905057907,1.267187119,-0.821393013,0.010894775,-0.000019564,-16.537860870,6.888527870,1.224709868,-0.813548565,-0.002202483,0.000000000,0.000000000,0.000000000,0.000000000,0.000000000,0.000000000,0.000000000,0.000000000,0.000000000,0.000000000,0.000000000,0.000000000,0.000000000,0.000000000,0.000000000,0.000000000,0.000000000,0.000000000,0.025181307,0.000434875,0.016530037,0.042477250,-0.007844448,0.013097259,0.026172271,0.001392355,-0.008439833,-0.014894872,-0.007123417,0.011331653
8.439431667,0.619161606,0.627982140,1.557589531,0.011313438,0.131348610,0.027803421,-0.027526855,0.118104935,-0.046325684,0.109436035,0.037765503,-0.008560181,0.619161606,0.627982140,1.557589531,0.011313438,0.131348610,0.027420044,-0.000019580,-16.537860870,6.888528347,1.224710464,-0.813548684,-0.002201897,0.015823364,-16.500801086,6.912321091,1.290014267,-0.828228951,-0.021148682,-0.000019580,-16.537860870,6.888528347,1.224710464,-0.813548684,-0.002201897,0.000000000,0.000000000,0.000000000,0.000000000,0.000000000,0.000000000,0.000000000,0.000000000,0.000000000,0.000000000,0.000000000,0.000000000,0.000000000,0.000000000,0.000000000,0.000000000,0.000000000,0.000000000,0.015842944,0.037059784,0.023792744,0.065303802,-0.014680266,-0.018946785,0.016833909,0.038017263,-0.001177126,0.007931680,-0.013959236,-0.020712390
8.449417830,0.619161606,0.627982140,1.557589531,0.011313438,0.131348610,0.027420044,0.141662598,0.001525879,0.105407715,0.094665527,0.022659302,0.008560181,0.619161606,0.627982140,1.557589531,0.011313438,0.131348610,0.027803421,-0.000019580,-16.537860870,6.888527870,1.224709868,-0.813548565,-0.002202483,0.002853394,-16.557567596,6.915952682,1.226200104,-0.844464302,0.007904053,-0.000019580,-16.537860870,6.888527870,1.224709868,-0.813548565,-0.002202483,0.000000000,0.000000000,0.000000000,0.000000000,0.000000000,0.000000000,0.000000000,0.000000000,0.000000000,0.000000000,0.000000000,0.000000000,0.000000000,0.000000000,0.000000000,0.000000000,0.000000000,0.000000000,0.002872974,-0.019706726,0.027424812,0.001490235,-0.030915737,0.010106536,0.003863938,-0.018749247,0.002454943,-0.055881887,-0.030194706,0.008340930
8.459420681,0.619161606,0.627982140,1.557589531,0.011313438,0.131348610,0.027420044,-0.077209473,-0.062562943,-0.163150787,0.050354004,-0.007553101,-0.045822144,0.619161606,0.627982140,1.557589531,0.011313438,0.131348610,0.027420044,-0.000019580,-16.537860870,6.888528347,1.224710464,-0.813548684,-0.002201897,-0.027755737,-16.586864471,6.882230759,1.283788681,-0.818829536,0.008331299,-0.000019580,-16.537860870,6.888528347,1.224710464,-0.813548684,-0.002201897,0.000000000,0.000000000,0.000000000,0.000000000,0.000000000,0.000000000,0.000000000,0.000000000,0.000000000,0.000000000,0.000000000,0.000000000,0.000000000,0.000000000,0.000000000,0.000000000,0.000000000,0.000000000,-0.027736157,-0.049003601,-0.006297588,0.059078217,-0.005280852,0.010533196,-0.026745193,-0.048046122,-0.031267458,0.001706094,-0.004559821,0.008767590
8.469376802,0.619161606,0.627982140,1.557589531,0.011313438,0.131348610,0.027803421,0.065124512,0.080873489,0.132263184,-0.030212402,-0.030715942,-0.028701782,0.619161606,0.627982140,1.557589531,0.011313438,0.131348610,0.027420044,-0.000019580,-16.537860870,6.888528347,1.224710464,-0.813548684,-0.002201897,-0.007003784,-16.528270721,6.895200729,1.281713486,-0.802594185,-0.008758545,-0.000019580,-16.537860870,6.888528347,1.224710464,-0.813548684,-0.002201897,0.000000000,0.000000000,0.000000000,0.000000000,0.000000000,0.000000000,0.000000000,0.000000000,0.000000000,0.000000000,0.000000000,0.000000000,0.000000000,0.000000000,0.000000000,0.000000000,0.000000000,0.000000000,-0.006984204,0.009590149,0.006672382,0.057003021,0.010954499,-0.006556648,-0.005993240,0.010547628,-0.018297487,-0.000369101,0.011675530,-0.008322254
8.479412556,0.619161606,0.627982140,1.557589531,0.011313438,0.131348610,0.027420044,0.026184082,0.055847168,0.141662598,-0.081237793,-0.011581421,0.019638062,0.619161606,0.627982140,1.557589531,0.011313438,0.131348610,0.027803421,-0.000019580,-16.537860870,6.888527870,1.224709868,-0.813548565,-0.002202483,0.015823364,-16.616161346,6.914915085,1.257328033,-0.799603462,0.008758545,-0.000019580,-16.537860870,6.888527870,1.224709868,-0.813548565,-0.002202483,0.000000000,0.000000000,0.000000000,0.000000000,0.000000000,0.000000000,0.000000000,0.000000000,0.000000000,0.000000000,0.000000000,0.000000000,0.000000000,0.000000000,0.000000000,0.000000000,0.000000000,0.000000000,0.015842944,-0.078300476,0.026387215,0.032618165,0.013945103,0.010961028,0.016833909,-0.077342997,0.001417345,-0.024753957,0.014666134,0.009195423
8.489381790,0.619161606,0.627982140,1.557589531,0.011313438,0.131348610,0.027803421,-0.046325684,0.012512207,-0.023498535,-0.054382324,-0.017623901,-0.022659302,0.619161606,0.627982140,1.557589531,0.011313438,0.131348610,0.027420044,-0.000019580,-16.537860870,6.888528347,1.224710464,-0.813548684,-0.002201897,0.003372192,-16.526439667,6.910245895,1.317510605,-0.816693306,0.001922607,-0.000019580,-16.537860870,6.888528347,1.224710464,-0.813548684,-0.002201897,0.000000000,0.000000000,0.000000000,0.000000000,0.000000000,0.000000000,0.000000000,0.000000000,0.000000000,0.000000000,0.000000000,0.000000000,0.000000000,0.000000000,0.000000000,0.000000000,0.000000000,0.000000000,0.003391772,0.011421204,0.021717548,0.092800140,-0.003144622,0.004124504,0.004382737,0.012378683,-0.003252321,0.035428018,-0.002423591,0.002358899
8.499420166,0.618778229,0.627982140,1.557589531,0.011313438,0.131348610,0.027803421,-0.159122467,-0.022888184,0.019470215,0.057067871,-0.040786743,0.010574341,0.619161606,0.627982140,1.557206154,0.011313438,0.131348610,0.027803421,-0.000019577,-16.535730362,6.886508465,1.224304318,-0.813321173,-0.002201902,-0.023086548,-16.559398651,6.914396286,1.278081894,-0.813275337,-0.013885498,-0.000019577,-16.535730362,6.886508465,1.224304318,-0.813321173,-0.002201902,0.000000000,0.000000000,0.000000000,0.000000000,0.000000000,0.000000000,0.000000000,0.000000000,0.000000000,0.000000000,0.000000000,0.000000000,0.000000000,0.000000000,0.000000000,0.000000000,0.000000000,0.000000000,-0.023066971,-0.023668289,0.027887821,0.053777575,0.000045836,-0.011683596,-0.022076007,-0.022710810,0.002917952,-0.003594547,0.000766867,-0.013449201
8.509377718,0.619161606,0.627982140,1.557206154,0.011313438,0.131348610,0.027803421,0.143005371,0.075988770,-0.116153717,0.108093262,0.056900024,0.016616821,0.619161606,0.627982140,1.557589531,0.011313438,0.131348610,0.027803421,-0.000019580,-16.537860870,6.888527870,1.224709868,-0.813548565,-0.002202483,0.000259399,-16.509956360,6.913877487,1.259403229,-0.794049263,-0.000213623,-0.000019580,-16.537860870,6.888527870,1.224709868,-0.813548565,-0.002202483,0.000000000,0.000000000,0.000000000,0.000000000,0.000000000,0.000000000,0.000000000,0.000000000,0.000000000,0.000000000,0.000000000,0.000000000,0.000000000,0.000000000,0.000000000,0.000000000,0.000000000,0.000000000,0.000278979,0.027904510,0.025349617,0.034693360,0.019499302,0.001988860,0.001269944,0.028861990,0.000379747,-0.022678762,0.020220333,0.000223255
8.519377232,0.618778229,0.627982140,1.557589531,0.011313438,0.131348610,0.027420044,-0.177921295,-0.047304153,0.010070801,0.089294434,0.003524780,0.020645142,0.619161606,0.627982140,1.557206154,0.011313438,0.131348610,0.027420044,-0.000019577,-16.535730362,6.886508942,1.224304914,-0.813321292,-0.002201315,0.010116577,-16.530101776,6.903501511,1.280157089,-0.834210396,0.010894775,-0.000019577,-16.535730362,6.886508942,1.224304914,-0.813321292,-0.002201315,0.000000000,0.000000000,0.000000000,0.000000000,0.000000000,0.000000000,0.000000000,0.000000000,0.000000000,0.000000000,0.000000000,0.000000000,0.000000000,0.000000000,0.000000000,0.000000000,0.000000000,0.000000000,0.010136154,0.005628586,0.016992569,0.055852175,-0.020889103,0.013096091,0.011127118,0.006586065,-0.007977301,-0.001519948,-0.020168073,0.011330485
8.529378653,0.619161606,0.627982140,1.557589531,0.011313438,0.131348610,0.027420044,-0.083923340,-0.036926270,0.087951660,0.022155762,-0.016616821,0.044815063,0.619161606,0.627982140,1.557589531,0.011313438,0.131348610,0.027803421,-0.000019580,-16.537860870,6.888527870,1.224709868,-0.813548565,-0.002202483,0.014266968,-16.555736542,6.901426315,1.235538483,-0.826519966,-0.006195068,-0.000019580,-16.537860870,6.888527870,1.224709868,-0.813548565,-0.002202483,0.000000000,0.000000000,0.000000000,0.000000000,0.000000000,0.000000000,0.000000000,0.000000000,0.000000000,0.000000000,0.000000000,0.000000000,0.000000000,0.000000000,0.000000000,0.000000000,0.000000000,0.000000000,0.014286548,-0.017875671,0.012898445,0.010828614,-0.012971401,-0.003992585,0.015277512,-0.016918192,-0.012071424,-0.046543508,-0.012250370,-0.005758191
8.539377928,0.619161606,0.627982140,1.557589531,0.011313438,0.131348610,0.027803421,0.073181152,-0.071718216,-0.097354889,0.085266113,0.000503540,-0.023666382,0.619161606,0.627982140,1.557589531,0.011313438,0.131348610,0.027803421,-0.000019580,-16.537860870,6.888527870,1.224709868,-0.813548565,-0.002202483,-0.024124146,-16.597850800,6.919584274,1.275487900,-0.820538521,-0.007476807,-0.000019580,-16.537860870,6.888527870,1.224709868,-0.813548565,-0.002202483,0.000000000,0.000000000,0.000000000,0.000000000,0.000000000,0.000000000,0.000000000,0.000000000,0.000000000,0.000000000,0.000000000,0.000000000,0.000000000,0.000000000,0.000000000,0.000000000,0.000000000,0.000000000,-0.024104565,-0.059989929,0.031056404,0.050778031,-0.006989956,-0.005274323,-0.023113601,-0.059032450,0.006086535,-0.006594091,-0.006268925,-0.007039929
8.549410343,0.619161606,0.627982140,1.557589531,0.011313438,0.131348610,0.027420044,-0.143009186,-0.007629395,0.090637207,0.165832520,0.000503540,-0.015609741,0.619161606,0.627982140,1.557589531,0.011313438,0.131348610,0.027420044,-0.000019580,-16.537860870,6.888528347,1.224710464,-0.813548684,-0.002201897,0.002853394,-16.564891815,6.917509079,1.247470856,-0.820111275,-0.003631592,-0.000019580,-16.537860870,6.888528347,1.224710464,-0.813548684,-0.002201897,0.000000000,0.000000000,0.000000000,0.000000000,0.000000000,0.000000000,0.000000000,0.000000000,0.000000000,0.000000000,0.000000000,0.000000000,0.000000000,0.000000000,0.000000000,0.000000000,0.000000000,0.000000000,0.002872974,-0.027030945,0.028980732,0.022760391,-0.006562591,-0.001429695,0.003863938,-0.026073465,0.004010862,-0.034611731,-0.005841560,-0.003195301
8.559409380,0.619161606,0.627982140,1.557589531,0.011313438,0.131348610,0.027803421,0.026184082,-0.072938919,0.195377350,-0.148380280,0.044815063,-0.025680542,0.619161606,0.627982140,1.557589531,0.011313438,0.131348610,0.027420044,-0.000019580,-16.537860870,6.888528347,1.224710464,-0.813548684,-0.002201897,0.013229370,-16.491645813,6.905057907,1.247470856,-0.783794403,0.011322021,-0.000019580,-16.537860870,6.888528347,1.224710464,-0.813548684,-0.002201897,0.000000000,0.000000000,0.000000000,0.000000000,0.000000000,0.000000000,0.000000000,0.000000000,0.000000000,0.000000000,0.000000000,0.000000000,0.000000000,0.000000000,0.000000000,0.000000000,0.000000000,0.000000000,0.013248950,0.046215057,0.016529560,0.022760391,0.029754281,0.013523918,0.014239915,0.047172537,-0.008440309,-0.034611731,0.030475312,0.011758313
8.569377899,0.619161606,0.627982140,1.557589531,0.011313438,0.131348610,0.027420044,0.030212402,-0.050355911,0.077209473,-0.031555176,-0.050857544,-0.044815063,0.619161606,0.627982140,1.557589531,0.011313438,0.131348610,0.027803421,-0.000019580,-16.537860870,6.888527870,1.224709868,-0.813548565,-0.002202483,-0.035020828,-16.568553925,6.906095505,1.372503281,-0.799603462,0.003631592,-0.000019580,-16.537860870,6.888527870,1.224709868,-0.813548565,-0.002202483,0.000000000,0.000000000,0.000000000,0.000000000,0.000000000,0.000000000,0.000000000,0.000000000,0.000000000,0.000000000,0.000000000,0.000000000,0.000000000,0.000000000,0.000000000,0.000000000,0.000000000,0.000000000,-0.035001248,-0.030693054,0.017567635,0.147793412,0.013945103,0.005834075,-0.034010284,-0.029735575,-0.007402235,0.090421290,0.014666134,0.004068469
8.579377890,0.619161606,0.627982140,1.557589531,0.011313438,0.131348610,0.027803421,0.057067871,0.121767044,0.091979980,-0.026184082,0.027694702,-0.035751343,0.619161606,0.627982140,1.557589531,0.011313438,0.130965233,0.027420044,-0.000019580,-16.538078308,6.888732910,1.224937797,-0.813589871,-0.002202006,0.008560181,-16.522773743,6.885343552,1.280157089,-0.813702583,0.010040283,-0.000019580,-16.538078308,6.888732910,1.224937797,-0.813589871,-0.002202006,0.000000000,0.000000000,0.000000000,0.000000000,0.000000000,0.000000000,0.000000000,0.000000000,0.000000000,0.000000000,0.000000000,0.000000000,0.000000000,0.000000000,0.000000000,0.000000000,0.000000000,0.000000000,0.008579761,0.015304565,-0.003389359,0.055219293,-0.000112712,0.012242289,0.009570725,0.016262045,-0.028359228,-0.002152830,0.000608318,0.010476684
8.589389801,0.618778229,0.627982140,1.557589531,0.011313438,0.131348610,0.027803421,-0.105411530,0.015563965,-0.085266113,0.038269043,-0.001510620,-0.004531860,0.619161606,0.627982140,1.557589531,0.011313438,0.131348610,0.027803421,-0.000019580,-16.537860870,6.888527870,1.224709868,-0.813548565,-0.002202483,-0.030349731,-16.544750214,6.913877487,1.301427841,-0.793622017,0.006195068,-0.000019580,-16.537860870,6.888527870,1.224709868,-0.813548565,-0.002202483,0.000000000,0.000000000,0.000000000,0.000000000,0.000000000,0.000000000,0.000000000,0.000000000,0.000000000,0.000000000,0.000000000,0.000000000,0.000000000,0.000000000,0.000000000,0.000000000,0.000000000,0.000000000,-0.030330151,-0.006889343,0.025349617,0.076717973,0.019926548,0.008397552,-0.029339187,-0.005931864,0.000379747,0.019345850,0.020647579,0.006631946
8.599457979,0.619161606,0.627982140,1.557589531,0.011313438,0.131348610,0.027420044,-0.261173248,-0.010681152,0.049011230,-0.043640137,0.013595581,-0.067981720,0.619161606,0.627982140,1.557589531,0.011313438,0.131348610,0.027420044,-0.000019580,-16.537860870,6.888528347,1.224710464,-0.813548684,-0.002201897,0.050582886,-16.570384979,6.906095505,1.288976669,-0.819256783,0.010040283,-0.000019580,-16.537860870,6.888528347,1.224710464,-0.813548684,-0.002201897,0.000000000,0.000000000,0.000000000,0.000000000,0.000000000,0.000000000,0.000000000,0.000000000,0.000000000,0.000000000,0.000000000,0.000000000,0.000000000,0.000000000,0.000000000,0.000000000,0.000000000,0.000000000,0.050602466,-0.032524109,0.017567158,0.064266205,-0.005708098,0.012242180,0.051593430,-0.031566629,-0.007402712,0.006894083,-0.004987068,0.010476574
8.609379292,0.619161606,0.627982140,1.557589531,0.011313438,0.130965233,0.027803421,0.091979980,-0.072328568,0.093322754,-0.034240723,-0.048843384,0.016616821,0.619161606,0.627982140,1.557206154,0.011313438,0.130965233,0.027803421,-0.000019577,-16.535945892,6.886713028,1.224531889,-0.813362300,-0.002202011,-0.003372192,-16.546581268,6.913358688,1.235538483,-0.818829536,-0.016876221,-0.000019577,-16.535945892,6.886713028,1.224531889,-0.813362300,-0.002202011,0.000000000,0.000000000,0.000000000,0.000000000,0.000000000,0.000000000,0.000000000,0.000000000,0.000000000,0.000000000,0.000000000,0.000000000,0.000000000,0.000000000,0.000000000,0.000000000,0.000000000,0.000000000,-0.003352616,-0.010635376,0.026645660,0.011006594,-0.005467236,-0.014674209,-0.002361651,-0.009677896,0.001675791,-0.046365529,-0.004746205,-0.016439815
8.619377851,0.619161606,0.627982140,1.557972908,0.011313438,0.131348610,0.027420044,0.101379395,-0.071718216,-0.112125397,0.100036621,0.015609741,0.044815063,0.618778229,0.627982140,1.557589531,0.011313438,0.131348610,0.027803421,-0.000019564,-16.537860870,6.888527870,1.224709868,-0.813548565,-0.002202483,-0.004928589,-16.597850800,6.902982712,1.293127060,-0.848737717,-0.004058838,-0.000019564,-16.537860870,6.888527870,1.224709868,-0.813548565,-0.002202483,0.000000000,0.000000000,0.000000000,0.000000000,0.000000000,0.000000000,0.000000000,0.000000000,0.000000000,0.000000000,0.000000000,0.000000000,0.000000000,0.000000000,0.000000000,0.000000000,0.000000000,0.000000000,-0.004909025,-0.059989929,0.014454842,0.068417192,-0.035189152,-0.001856355,-0.003918061,-0.059032450,-0.010515028,0.011045069,-0.034468121,-0.003621960
8.629382372,0.619161606,0.627982140,1.557589531,0.011313438,0.130965233,0.027803421,-0.032897949,-0.005187988,0.038269043,0.043640137,0.012588501,0.042800903,0.619161606,0.627982140,1.557589531,0.011313438,0.131348610,0.027420044,-0.000019580,-16.537860870,6.888528347,1.224710464,-0.813548684,-0.002201897,0.000259399,-16.519111633,6.920621872,1.301427841,-0.821820259,0.007476807,-0.000019580,-16.537860870,6.888528347,1.224710464,-0.813548684,-0.002201897,0.000000000,0.000000000,0.000000000,0.000000000,0.000000000,0.000000000,0.000000000,0.000000000,0.000000000,0.000000000,0.000000000,0.000000000,0.000000000,0.000000000,0.000000000,0.000000000,0.000000000,0.000000000,0.000278979,0.018749237,0.032093525,0.076717377,-0.008271575,0.009678703,0.001269944,0.019706717,0.007123655,0.019345254,-0.007550544,0.007913098
8.639382124,0.619161606,0.627982140,1.557589531,0.011313438,0.131348610,0.027420044,-0.077209473,-0.074769974,0.038269043,0.040954590,-0.002517700,-0.029708862,0.619161606,0.627982140,1.557589531,0.011313438,0.130965233,0.027420044,-0.000019580,-16.538078308,6.888732910,1.224937797,-0.813589871,-0.002202006,0.010116577,-16.533763885,6.923215866,1.248508453,-0.807721138,0.007049561,-0.000019580,-16.538078308,6.888732910,1.224937797,-0.813589871,-0.002202006,0.000000000,0.000000000,0.000000000,0.000000000,0.000000000,0.000000000,0.000000000,0.000000000,0.000000000,0.000000000,0.000000000,0.000000000,0.000000000,0.000000000,0.000000000,0.000000000,0.000000000,0.000000000,0.010136157,0.004314423,0.034482956,0.023570657,0.005868733,0.009251567,0.011127122,0.005271902,0.009513086,-0.033801465,0.006589764,0.007485961
8.649380445,0.619161606,0.627982140,1.557589531,0.011313438,0.131348610,0.027420044,0.165832520,0.084535599,-0.179264069,0.043640137,0.013595581,0.021652222,0.619161606,0.627982140,1.557589531,0.011313438,0.131348610,0.027420044,-0.000019580,-16.537860870,6.888528347,1.224710464,-0.813548684,-0.002201897,0.001296997,-16.586864471,6.912839890,1.285345078,-0.794049263,-0.017303467,-0.000019580,-16.537860870,6.888528347,1.224710464,-0.813548684,-0.002201897,0.000000000,0.000000000,0.000000000,0.000000000,0.000000000,0.000000000,0.000000000,0.000000000,0.000000000,0.000000000,0.000000000,0.000000000,0.000000000,0.000000000,0.000000000,0.000000000,0.000000000,0.000000000,0.001316577,-0.049003601,0.024311543,0.060634613,0.019499421,-0.015101570,0.002307542,-0.048046122,-0.000658327,0.003262491,0.020220452,-0.016867176
8.659343719,0.619161606,0.627982140,1.557589531,0.011313438,0.131348610,0.027420044,0.062438965,0.083925247,0.168518066,-0.093326569,-0.072010040,-0.016616821,0.619161606,0.627982140,1.557589531,0.011313438,0.131348610,0.027420044,-0.000019580,-16.537860870,6.888528347,1.224710464,-0.813548684,-0.002201897,0.011672974,-16.515449524,6.905057907,1.209598541,-0.806866646,-0.000213623,-0.000019580,-16.537860870,6.888528347,1.224710464,-0.813548684,-0.002201897,0.000000000,0.000000000,0.000000000,0.000000000,0.000000000,0.000000000,0.000000000,0.000000000,0.000000000,0.000000000,0.000000000,0.000000000,0.000000000,0.000000000,0.000000000,0.000000000,0.000000000,0.000000000,0.011692554,0.022411346,0.016529560,-0.015111923,0.006682038,0.001988274,0.012683518,0.023368826,-0.008440309,-0.072484045,0.007403069,0.000222668
8.669379950,0.619161606,0.627982140,1.557589531,0.011313438,0.130965233,0.027420044,0.125549316,-0.044252396,0.067810059,-0.019470215,-0.076038361,-0.018630981,0.619161606,0.627982140,1.557589531,0.011313438,0.131348610,0.027420044,-0.000019580,-16.537860870,6.888528347,1.224710464,-0.813548684,-0.002201897,0.007003784,-16.555736542,6.913877487,1.277044296,-0.828656197,-0.004486084,-0.000019580,-16.537860870,6.888528347,1.224710464,-0.813548684,-0.002201897,0.000000000,0.000000000,0.000000000,0.000000000,0.000000000,0.000000000,0.000000000,0.000000000,0.000000000,0.000000000,0.000000000,0.000000000,0.000000000,0.000000000,0.000000000,0.000000000,0.000000000,0.000000000,0.007023364,-0.017875671,0.025349140,0.052333832,-0.015107512,-0.002284187,0.008014329,-0.016918192,0.000379271,-0.005038290,-0.014386482,-0.004049793
8.679386616,0.619161606,0.627982140,1.557589531,0.011313438,0.131348610,0.027803421,-0.059753418,-0.057069778,-0.173892975,-0.024841309,0.035751343,0.016616821,0.619161606,0.627982140,1.557589531,0.011313438,0.131348610,0.027420044,-0.000019580,-16.537860870,6.888528347,1.224710464,-0.813548684,-0.002201897,-0.010116577,-16.561229706,6.917509079,1.243320465,-0.819256783,0.004913330,-0.000019580,-16.537860870,6.888528347,1.224710464,-0.813548684,-0.002201897,0.000000000,0.000000000,0.000000000,0.000000000,0.000000000,0.000000000,0.000000000,0.000000000,0.000000000,0.000000000,0.000000000,0.000000000,0.000000000,0.000000000,0.000000000,0.000000000,0.000000000,0.000000000,-0.010096997,-0.023368835,0.028980732,0.018610001,-0.005708098,0.007115227,-0.009106033,-0.022411356,0.004010862,-0.038762122,-0.004987068,0.005349621
8.689379454,0.618778229,0.627982140,1.557589531,0.011313438,0.131348610,0.027420044,-0.136295319,0.165712357,0.112121582,-0.022155762,-0.016616821,-0.046829224,0.619161606,0.627982140,1.557589531,0.011313438,0.131348610,0.027420044,-0.000019580,-16.537860870,6.888528347,1.224710464,-0.813548684,-0.002201897,0.023086548,-16.502632141,6.913877487,1.275487900,-0.841473579,-0.003631592,-0.000019580,-16.537860870,6.888528347,1.224710464,-0.813548684,-0.002201897,0.000000000,0.000000000,0.000000000,0.000000000,0.000000000,0.000000000,0.000000000,0.000000000,0.000000000,0.000000000,0.000000000,0.000000000,0.000000000,0.000000000,0.000000000,0.000000000,0.000000000,0.000000000,0.023106128,0.035228729,0.025349140,0.050777435,-0.027924895,-0.001429695,0.024097092,0.036186209,0.000379271,-0.006594687,-0.027203864,-0.003195301
8.699427366,0.619161606,0.627982140,1.557589531,0.011313438,0.131348610,0.027420044,-0.035583496,0.042419434,0.173892975,-0.069152832,-0.018630981,-0.006546021,0.619161606,0.627982140,1.557206154,0.011313438,0.131348610,0.027803421,-0.000019577,-16.535730362,6.886508465,1.224304318,-0.813321173,-0.002201902,0.013229370,-16.574047089,6.904020309,1.298315048,-0.812420845,-0.015594482,-0.000019577,-16.535730362,6.886508465,1.224304318,-0.813321173,-0.002201902,0.000000000,0.000000000,0.000000000,0.000000000,0.000000000,0.000000000,0.000000000,0.000000000,0.000000000,0.000000000,0.000000000,0.000000000,0.000000000,0.000000000,0.000000000,0.000000000,0.000000000,0.000000000,0.013248947,-0.038316727,0.017511845,0.074010730,0.000900328,-0.013392580,0.014239911,-0.037359247,-0.007458025,0.016638608,0.001621359,-0.015158186
8.709379435,0.619161606,0.627982140,1.557206154,0.011313438,0.131348610,0.027803421,0.044982910,-0.076601028,-0.138980865,-0.082580566,-0.012588501,0.031723022,0.619161606,0.627982140,1.557206154,0.011313438,0.131348610,0.027803421,-0.000019577,-16.535730362,6.886508465,1.224304318,-0.813321173,-0.002201902,0.061477661,-16.524608612,6.882749557,1.250064850,-0.815838814,-0.011322021,-0.000019577,-16.535730362,6.886508465,1.224304318,-0.813321173,-0.002201902,0.000000000,0.000000000,0.000000000,0.000000000,0.000000000,0.000000000,0.000000000,0.000000000,0.000000000,0.000000000,0.000000000,0.000000000,0.000000000,0.000000000,0.000000000,0.000000000,0.000000000,0.000000000,0.061497238,0.011121750,-0.003758907,0.025760531,-0.002517641,-0.009120119,0.062488202,0.012079229,-0.028728777,-0.031611591,-0.001796610,-0.010885725
8.719410896,0.619161606,0.627982140,1.557589531,0.011313438,0.131348610,0.027803421,0.026184082,0.028381348,0.008728027,0.172550201,-0.073017120,0.015609741,0.619161606,0.627982140,1.557589531,0.011313438,0.130965233,0.027803421,-0.000019580,-16.538076401,6.888732433,1.224937201,-0.813589752,-0.002202593,0.037612915,-16.575878143,6.917509079,1.305578232,-0.800885201,-0.007904053,-0.000019580,-16.538076401,6.888732433,1.224937201,-0.813589752,-0.002202593,0.000000000,0.000000000,0.000000000,0.000000000,0.000000000,0.000000000,0.000000000,0.000000000,0.000000000,0.000000000,0.000000000,0.000000000,0.000000000,0.000000000,0.000000000,0.000000000,0.000000000,0.000000000,0.037632495,-0.037801743,0.028776646,0.080641031,0.012704551,-0.005701460,0.038623460,-0.036844263,0.003806776,0.023268909,0.013425582,-0.007467066
8.729377985,0.619161606,0.627982140,1.557589531,0.011313438,0.131348610,0.027803421,-0.105411530,-0.024719238,0.098693848,0.109436035,-0.000503540,-0.018630981,0.619161606,0.627982140,1.557589531,0.011313438,0.131348610,0.027420044,-0.000019580,-16.537860870,6.888528347,1.224710464,-0.813548684,-0.002201897,-0.002334595,-16.561229706,6.869260788,1.298833847,-0.809002876,0.006622314,-0.000019580,-16.537860870,6.888528347,1.224710464,-0.813548684,-0.002201897,0.000000000,0.000000000,0.000000000,0.000000000,0.000000000,0.000000000,0.000000000,0.000000000,0.000000000,0.000000000,0.000000000,0.000000000,0.000000000,0.000000000,0.000000000,0.000000000,0.000000000,0.000000000,-0.002315015,-0.023368835,-0.019267559,0.074123383,0.004545808,0.008824211,-0.001324050,-0.022411356,-0.044237429,0.016751260,0.005266839,0.007058606
8.739381075,0.619161606,0.627982140,1.557589531,0.011313438,0.131348610,0.027803421,-0.002014160,0.005187988,0.112121582,0.036926270,-0.013595581,0.041793823,0.619161606,0.627982140,1.557589531,0.011313438,0.131348610,0.027420044,-0.000019580,-16.537860870,6.888528347,1.224710464,-0.813548684,-0.002201897,0.019454956,-16.519111633,6.907651901,1.280157089,-0.816693306,-0.003204346,-0.000019580,-16.537860870,6.888528347,1.224710464,-0.813548684,-0.002201897,0.000000000,0.000000000,0.000000000,0.000000000,0.000000000,0.000000000,0.000000000,0.000000000,0.000000000,0.000000000,0.000000000,0.000000000,0.000000000,0.000000000,0.000000000,0.000000000,0.000000000,0.000000000,0.019474536,0.018749237,0.019123554,0.055446625,-0.003144622,-0.001002449,0.020465501,0.019706717,-0.005846315,-0.001925498,-0.002423591,-0.002768055
8.749407291,0.619161606,0.627982140,1.557972908,0.011313438,0.131348610,0.027803421,-0.085266113,-0.046693802,0.132263184,0.036926270,-0.073017120,-0.011581421,0.618778229,0.627982140,1.557206154,0.011313438,0.131348610,0.027803421,-0.000019560,-16.535730362,6.886508465,1.224304318,-0.813321173,-0.002201902,-0.005447388,-16.574047089,6.908170700,1.279638290,-0.798321724,-0.000640869,-0.000019560,-16.535730362,6.886508465,1.224304318,-0.813321173,-0.002201902,0.000000000,0.000000000,0.000000000,0.000000000,0.000000000,0.000000000,0.000000000,0.000000000,0.000000000,0.000000000,0.000000000,0.000000000,0.000000000,0.000000000,0.000000000,0.000000000,0.000000000,0.000000000,-0.005427828,-0.038316727,0.021662235,0.055333972,0.014999449,0.001561033,-0.004436863,-0.037359247,-0.003307634,-0.002038150,0.015720480,-0.000204573
8.759446621,0.619161606,0.627982140,1.557589531,0.011313438,0.131348610,0.027803421,0.063781738,0.095521927,0.028869629,0.054382324,0.056900024,0.010574341,0.619161606,0.627982140,1.557589531,0.011313438,0.131348610,0.027803421,-0.000019580,-16.537860870,6.888527870,1.224709868,-0.813548565,-0.002202483,-0.009597778,-16.511787415,6.908689499,1.266149521,-0.842755318,-0.026702881,-0.000019580,-16.537860870,6.888527870,1.224709868,-0.813548565,-0.002202483,0.000000000,0.000000000,0.000000000,0.000000000,0.000000000,0.000000000,0.000000000,0.000000000,0.000000000,0.000000000,0.000000000,0.000000000,0.000000000,0.000000000,0.000000000,0.000000000,0.000000000,0.000000000,-0.009578198,0.026073456,0.020161629,0.041439652,-0.029206753,-0.024500397,-0.008587234,0.027030935,-0.004808241,-0.015932470,-0.028485722,-0.026266003
8.769396544,0.619161606,0.627982140,1.557589531,0.011313438,0.131348610,0.027803421,0.086608887,-0.044862747,-0.152408600,-0.216861725,0.025680542,-0.047836304,0.619161606,0.627982140,1.557589531,0.011313438,0.131348610,0.027803421,-0.000019580,-16.537860870,6.888527870,1.224709868,-0.813548565,-0.002202483,0.023086548,-16.509956360,6.914396286,1.279638290,-0.798321724,0.013031006,-0.000019580,-16.537860870,6.888527870,1.224709868,-0.813548565,-0.002202483,0.000000000,0.000000000,0.000000000,0.000000000,0.000000000,0.000000000,0.000000000,0.000000000,0.000000000,0.000000000,0.000000000,0.000000000,0.000000000,0.000000000,0.000000000,0.000000000,0.000000000,0.000000000,0.023106128,0.027904510,0.025868416,0.054928422,0.015226841,0.015233489,0.024097092,0.028861990,0.000898546,-0.002443700,0.015947872,0.013467884
8.779388666,0.619161606,0.627982140,1.557589531,0.011313438,0.131348610,0.027803421,0.051696777,0.063781738,-0.010070801,0.053039551,0.054885864,0.029708862,0.619161606,0.627982140,1.557589531,0.011313438,0.131348610,0.027420044,-0.000019580,-16.537860870,6.888528347,1.224710464,-0.813548684,-0.002201897,-0.022048950,-16.520942688,6.920103073,1.256290436,-0.815411568,0.015167236,-0.000019580,-16.537860870,6.888528347,1.224710464,-0.813548684,-0.002201897,0.000000000,0.000000000,0.000000000,0.000000000,0.000000000,0.000000000,0.000000000,0.000000000,0.000000000,0.000000000,0.000000000,0.000000000,0.000000000,0.000000000,0.000000000,0.000000000,0.000000000,0.000000000,-0.022029370,0.016918182,0.031574726,0.031579971,-0.001862884,0.017369133,-0.021038406,0.017875662,0.006604857,-0.025792151,-0.001141853,0.015603528
8.789401531,0.619161606,0.627982140,1.557589531,0.011313438,0.131348610,0.027803421,-0.042297363,-0.060121536,0.179264069,0.110778809,0.053878784,0.002517700,0.618778229,0.627982140,1.557589531,0.011313438,0.131348610,0.027803421,-0.000019564,-16.537860870,6.888527870,1.224709868,-0.813548565,-0.002202483,-0.010635376,-16.585033417,6.900388718,1.264074326,-0.820965767,-0.003204346,-0.000019564,-16.537860870,6.888527870,1.224709868,-0.813548565,-0.002202483,0.000000000,0.000000000,0.000000000,0.000000000,0.000000000,0.000000000,0.000000000,0.000000000,0.000000000,0.000000000,0.000000000,0.000000000,0.000000000,0.000000000,0.000000000,0.000000000,0.000000000,0.000000000,-0.010615812,-0.047172546,0.011860847,0.039364457,-0.007417202,-0.001001862,-0.009624848,-0.046215067,-0.013109022,-0.018007665,-0.006696171,-0.002767468
8.799452543,0.619161606,0.627982140,1.557589531,0.011313438,0.131348610,0.027420044,-0.138980865,-0.028991699,-0.050354004,0.079895020,-0.009567261,0.005538940,0.619161606,0.627982140,1.557589531,0.011313438,0.131348610,0.027803421,-0.000019580,-16.537860870,6.888527870,1.224709868,-0.813548565,-0.002202483,-0.002334595,-16.513618469,6.925809860,1.254734039,-0.793194771,-0.001922607,-0.000019580,-16.537860870,6.888527870,1.224709868,-0.813548565,-0.002202483,0.000000000,0.000000000,0.000000000,0.000000000,0.000000000,0.000000000,0.000000000,0.000000000,0.000000000,0.000000000,0.000000000,0.000000000,0.000000000,0.000000000,0.000000000,0.000000000,0.000000000,0.000000000,-0.002315015,0.024242401,0.037281990,0.030024171,0.020353794,0.000279876,-0.001324050,0.025199881,0.012312120,-0.027347951,0.021074825,-0.001485730
8.809414625,0.618778229,0.627982140,1.557589531,0.011313438,0.131348610,0.027803421,-0.034240723,-0.101015091,0.156433105,0.016784668,0.047836304,0.031723022,0.619161606,0.627982140,1.557589531,0.011313438,0.131348610,0.027803421,-0.000019580,-16.537860870,6.888527870,1.224709868,-0.813548565,-0.002202483,0.009597778,-16.550243378,6.904539108,1.328405380,-0.811139107,0.005340576,-0.000019580,-16.537860870,6.888527870,1.224709868,-0.813548565,-0.002202483,0.000000000,0.000000000,0.000000000,0.000000000,0.000000000,0.000000000,0.000000000,0.000000000,0.000000000,0.000000000,0.000000000,0.000000000,0.000000000,0.000000000,0.000000000,0.000000000,0.000000000,0.000000000,0.009617358,-0.012382507,0.016011238,0.103695512,0.002409458,0.007543060,0.010608323,-0.011425028,-0.008958631,0.046323390,0.003130489,0.005777454
8.819397211,0.619161606,0.627982140,1.557589531,0.011313438,0.131348610,0.027803421,0.051696777,0.036315918,0.004699707,-0.036926270,-0.029708862,0.056900024,0.619161606,0.627982140,1.557589531,0.011313438,0.131348610,0.027803421,-0.000019580,-16.537860870,6.888527870,1.224709868,-0.813548565,-0.002202483,-0.021530151,-16.498970032,6.918027878,1.278081894,-0.833783150,-0.007476807,-0.000019580,-16.537860870,6.888527870,1.224709868,-0.813548565,-0.002202483,0.000000000,0.000000000,0.000000000,0.000000000,0.000000000,0.000000000,0.000000000,0.000000000,0.000000000,0.000000000,0.000000000,0.000000000,0.000000000,0.000000000,0.000000000,0.000000000,0.000000000,0.000000000,-0.021510571,0.038890839,0.029500008,0.053372025,-0.020234585,-0.005274323,-0.020519607,0.039848318,0.004530138,-0.004000097,-0.019513554,-0.007039929
8.829390526,0.619161606,0.627982140,1.557589531,0.011313438,0.131348610,0.027420044,0.079895020,0.069885254,-0.011413574,0.181949615,0.038772583,0.013595581,0.619161606,0.627982140,1.557206154,0.011313438,0.131348610,0.027803421,-0.000019577,-16.535730362,6.886508465,1.224304318,-0.813321173,-0.002201902,0.007003784,-16.528270721,6.901945114,1.161350250,-0.814557076,-0.004913330,-0.000019577,-16.535730362,6.886508465,1.224304318,-0.813321173,-0.002201902,0.000000000,0.000000000,0.000000000,0.000000000,0.000000000,0.000000000,0.000000000,0.000000000,0.000000000,0.000000000,0.000000000,0.000000000,0.000000000,0.000000000,0.000000000,0.000000000,0.000000000,0.000000000,0.007023361,0.007459641,0.015436649,-0.062954068,-0.001235902,-0.002711428,0.008014325,0.008417120,-0.009533220,-0.120326190,-0.000514871,-0.004477034
8.839378595,0.619161606,0.627982140,1.557589531,0.011313438,0.131348610,0.027803421,0.122863770,-0.055849075,0.073181152,0.053039551,0.007553101,-0.004531860,0.619161606,0.627982140,1.557589531,0.011313438,0.131348610,0.027803421,-0.000019580,-16.537860870,6.888527870,1.224709868,-0.813548565,-0.002202483,0.029312134,-16.542919159,6.897275925,1.290014267,-0.817975044,0.003631592,-0.000019580,-16.537860870,6.888527870,1.224709868,-0.813548565,-0.002202483,0.000000000,0.000000000,0.000000000,0.000000000,0.000000000,0.000000000,0.000000000,0.000000000,0.000000000,0.000000000,0.000000000,0.000000000,0.000000000,0.000000000,0.000000000,0.000000000,0.000000000,0.000000000,0.029331714,-0.005058289,0.008748055,0.065304399,-0.004426479,0.005834075,0.030322678,-0.004100809,-0.016221815,0.007932276,-0.003705448,0.004068469
8.849414587,0.619161606,0.627982140,1.557589531,0.011313438,0.131348610,0.027420044,0.016784668,0.043029785,-0.027526855,0.134948730,0.017623901,-0.037765503,0.619161606,0.627982140,1.557589531,0.011313438,0.131348610,0.027420044,-0.000019580,-16.537860870,6.888528347,1.224710464,-0.813548684,-0.002201897,0.070817947,-16.557567596,6.870298386,1.319067001,-0.815838814,-0.001068115,-0.000019580,-16.537860870,6.888528347,1.224710464,-0.813548684,-0.002201897,0.000000000,0.000000000,0.000000000,0.000000000,0.000000000,0.000000000,0.000000000,0.000000000,0.000000000,0.000000000,0.000000000,0.000000000,0.000000000,0.000000000,0.000000000,0.000000000,0.000000000,0.000000000,0.070837527,-0.019706726,-0.018229961,0.094356537,-0.002290130,0.001133782,0.071828492,-0.018749247,-0.043199831,0.036984415,-0.001569099,-0.000631824
8.859398365,0.619161606,0.627982140,1.557589531,0.011313438,0.131348610,0.027803421,0.043640137,-0.053407669,0.163146973,-0.046325684,0.006546021,-0.008560181,0.619161606,0.627982140,1.557589531,0.011313438,0.131348610,0.027803421,-0.000019580,-16.537860870,6.888527870,1.224709868,-0.813548565,-0.002202483,-0.039171219,-16.548412323,6.920103073,1.246433258,-0.833355904,0.001922607,-0.000019580,-16.537860870,6.888527870,1.224709868,-0.813548565,-0.002202483,0.000000000,0.000000000,0.000000000,0.000000000,0.000000000,0.000000000,0.000000000,0.000000000,0.000000000,0.000000000,0.000000000,0.000000000,0.000000000,0.000000000,0.000000000,0.000000000,0.000000000,0.000000000,-0.039151639,-0.010551453,0.031575203,0.021723390,-0.019807339,0.004125091,-0.038160674,-0.009593973,0.006605333,-0.035648733,-0.019086308,0.002359485
8.869481087,0.619161606,0.627982140,1.557589531,0.011313438,0.131348610,0.027420044,-0.000671387,-0.122987747,-0.006042480,-0.018127441,0.006546021,-0.043807983,0.619161606,0.627982140,1.557589531,0.011313438,0.131348610,0.027420044,-0.000019580,-16.537860870,6.888528347,1.224710464,-0.813548684,-0.002201897,0.022567749,-16.484321594,6.889493942,1.223087311,-0.817120552,0.009185791,-0.000019580,-16.537860870,6.888528347,1.224710464,-0.813548684,-0.002201897,0.000000000,0.000000000,0.000000000,0.000000000,0.000000000,0.000000000,0.000000000,0.000000000,0.000000000,0.000000000,0.000000000,0.000000000,0.000000000,0.000000000,0.000000000,0.000000000,0.000000000,0.000000000,0.022587329,0.053539276,0.000965595,-0.001623154,-0.003571868,0.011387688,0.023578294,0.054496756,-0.024004274,-0.058995276,-0.002850837,0.009622082
8.879428148,0.619161606,0.627982140,1.557589531,0.011313438,0.131348610,0.027803421,0.157775879,0.018005371,0.100036621,-0.014099121,0.029708862,0.025680542,0.619161606,0.627982140,1.557589531,0.011313438,0.131348610,0.027420044,-0.000019580,-16.537860870,6.888528347,1.224710464,-0.813548684,-0.002201897,0.012191772,-16.520942688,6.941892624,1.284826279,-0.823101997,-0.001922607,-0.000019580,-16.537860870,6.888528347,1.224710464,-0.813548684,-0.002201897,0.000000000,0.000000000,0.000000000,0.000000000,0.000000000,0.000000000,0.000000000,0.000000000,0.000000000,0.000000000,0.000000000,0.000000000,0.000000000,0.000000000,0.000000000,0.000000000,0.000000000,0.000000000,0.012211353,0.016918182,0.053364277,0.060115814,-0.009553313,0.000279289,0.013202317,0.017875662,0.028394407,0.002743692,-0.008832282,-0.001486316
8.889411926,0.618778229,0.627982140,1.557589531,0.011313438,0.131348610,0.027803421,-0.181949615,0.073547363,-0.044982910,0.070495605,-0.071002960,0.032730103,0.619161606,0.627982140,1.557589531,0.011313438,0.131348610,0.027420044,-0.000019580,-16.537860870,6.888528347,1.224710464,-0.813548684,-0.002201897,-0.022567749,-16.568553925,6.922178268,1.276525497,-0.832928658,0.009185791,-0.000019580,-16.537860870,6.888528347,1.224710464,-0.813548684,-0.002201897,0.000000000,0.000000000,0.000000000,0.000000000,0.000000000,0.000000000,0.000000000,0.000000000,0.000000000,0.000000000,0.000000000,0.000000000,0.000000000,0.000000000,0.000000000,0.000000000,0.000000000,0.000000000,-0.022548169,-0.030693054,0.033649921,0.051815033,-0.019379973,0.011387688,-0.021557205,-0.029735575,0.008680052,-0.005557089,-0.018658943,0.009622082
8.899459124,0.619161606,0.627982140,1.557589531,0.011313438,0.131348610,0.027420044,-0.018127441,0.082704544,-0.085266113,0.000671387,0.057907104,-0.004531860,0.618778229,0.627982140,1.557589531,0.011313438,0.131348610,0.027420044,-0.000019564,-16.537860870,6.888528347,1.224710464,-0.813548684,-0.002201897,-0.009597778,-16.535594940,6.899351120,1.301946640,-0.827801704,-0.004486084,-0.000019564,-16.537860870,6.888528347,1.224710464,-0.813548684,-0.002201897,0.000000000,0.000000000,0.000000000,0.000000000,0.000000000,0.000000000,0.000000000,0.000000000,0.000000000,0.000000000,0.000000000,0.000000000,0.000000000,0.000000000,0.000000000,0.000000000,0.000000000,0.000000000,-0.009578215,0.002265930,0.010822773,0.077236176,-0.014253020,-0.002284187,-0.008587250,0.003223410,-0.014147097,0.019864053,-0.013531989,-0.004049793
8.909383774,0.619161606,0.627982140,1.557589531,0.011313438,0.131348610,0.027420044,0.046325684,0.001525879,0.058410645,0.122863770,0.026687622,0.010574341,0.619161606,0.627982140,1.557589531,0.011313438,0.131348610,0.027420044,-0.000019580,-16.537860870,6.888528347,1.224710464,-0.813548684,-0.002201897,0.063552856,-16.553905487,6.905057907,1.299871445,-0.829510689,0.000640869,-0.000019580,-16.537860870,6.888528347,1.224710464,-0.813548684,-0.002201897,0.000000000,0.000000000,0.000000000,0.000000000,0.000000000,0.000000000,0.000000000,0.000000000,0.000000000,0.000000000,0.000000000,0.000000000,0.000000000,0.000000000,0.000000000,0.000000000,0.000000000,0.000000000,0.063572436,-0.016044617,0.016529560,0.075160980,-0.015962005,0.002842766,0.064563401,-0.015087137,-0.008440309,0.017788858,-0.015240974,0.001077160
8.919409513,0.619161606,0.627982140,1.557589531,0.011313438,0.131348610,0.027420044,0.016784668,-0.124818802,0.065124512,-0.006042480,-0.028701782,-0.029708862,0.619161606,0.627982140,1.557589531,0.011313438,0.131348610,0.027803421,-0.000019580,-16.537860870,6.888527870,1.224709868,-0.813548565,-0.002202483,-0.027755737,-16.502632141,6.920621872,1.284307480,-0.844464302,0.001922607,-0.000019580,-16.537860870,6.888527870,1.224709868,-0.813548565,-0.002202483,0.000000000,0.000000000,0.000000000,0.000000000,0.000000000,0.000000000,0.000000000,0.000000000,0.000000000,0.000000000,0.000000000,0.000000000,0.000000000,0.000000000,0.000000000,0.000000000,0.000000000,0.000000000,-0.027736157,0.035228729,0.032094002,0.059597611,-0.030915737,0.004125091,-0.026745193,0.036186209,0.007124132,0.002225489,-0.030194706,0.002359485
8.929379225,0.618778229,0.627982140,1.557972908,0.011313438,0.131348610,0.027803421,-0.053039551,0.022888184,0.050354004,-0.061096191,0.016616821,0.022659302,0.618778229,0.627982140,1.557589531,0.011313438,0.130965233,0.027803421,-0.000019564,-16.538076401,6.888732433,1.224937201,-0.813589752,-0.002202593,0.016860962,-16.559398651,6.907133102,1.311285019,-0.800030708,-0.015594482,-0.000019564,-16.538076401,6.888732433,1.224937201,-0.813589752,-0.002202593,0.000000000,0.000000000,0.000000000,0.000000000,0.000000000,0.000000000,0.000000000,0.000000000,0.000000000,0.000000000,0.000000000,0.000000000,0.000000000,0.000000000,0.000000000,0.000000000,0.000000000,0.000000000,0.016880526,-0.021322250,0.018400669,0.086347818,0.013559043,-0.013391890,0.017871490,-0.020364771,-0.006569200,0.028975696,0.014280074,-0.015157496
8.939413071,0.619161606,0.627982140,1.557589531,0.011313438,0.131348610,0.027420044,-0.075866699,-0.084535599,0.125549316,-0.110782623,-0.036758423,0.011581421,0.619161606,0.627982140,1.557972908,0.011313438,0.131348610,0.027420044,-0.000019584,-16.539991379,6.890546799,1.225115657,-0.813775957,-0.002202478,0.027236938,-16.585033417,6.905576706,1.202335358,-0.831646919,-0.012603760,-0.000019584,-16.539991379,6.890546799,1.225115657,-0.813775957,-0.002202478,0.000000000,0.000000000,0.000000000,0.000000000,0.000000000,0.000000000,0.000000000,0.000000000,0.000000000,0.000000000,0.000000000,0.000000000,0.000000000,0.000000000,0.000000000,0.000000000,0.000000000,0.000000000,0.027256522,-0.045042038,0.015029907,-0.022780299,-0.017870963,-0.010401282,0.028247486,-0.044084558,-0.009939962,-0.080152421,-0.017149932,-0.012166887
8.949379683,0.619161606,0.627982140,1.557589531,0.011313438,0.131348610,0.027803421,-0.028869629,0.014343262,0.097351074,-0.063781738,0.020645142,0.083084106,0.619161606,0.627982140,1.557589531,0.011313438,0.131348610,0.027420044,-0.000019580,-16.537860870,6.888528347,1.224710464,-0.813548684,-0.002201897,-0.033464432,-16.585033417,6.906095505,1.286901474,-0.803021431,-0.005767822,-0.000019580,-16.537860870,6.888528347,1.224710464,-0.813548684,-0.002201897,0.000000000,0.000000000,0.000000000,0.000000000,0.000000000,0.000000000,0.000000000,0.000000000,0.000000000,0.000000000,0.000000000,0.000000000,0.000000000,0.000000000,0.000000000,0.000000000,0.000000000,0.000000000,-0.033444852,-0.047172546,0.017567158,0.062191010,0.010527253,-0.003565925,-0.032453887,-0.046215067,-0.007402712,0.004818887,0.011248284,-0.005331531
8.959421158,0.619161606,0.627982140,1.557589531,0.011313438,0.131348610,0.027420044,0.122863770,0.046691895,-0.058410645,0.003356934,0.003524780,-0.012588501,0.619161606,0.627982140,1.557589531,0.011313438,0.131348610,0.027803421,-0.000019580,-16.537860870,6.888527870,1.224709868,-0.813548565,-0.002202483,0.036575317,-16.548412323,6.949674606,1.181583405,-0.820965767,-0.007476807,-0.000019580,-16.537860870,6.888527870,1.224709868,-0.813548565,-0.002202483,0.000000000,0.000000000,0.000000000,0.000000000,0.000000000,0.000000000,0.000000000,0.000000000,0.000000000,0.000000000,0.000000000,0.000000000,0.000000000,0.000000000,0.000000000,0.000000000,0.000000000,0.000000000,0.036594897,-0.010551453,0.061146736,-0.043126464,-0.007417202,-0.005274323,0.037585862,-0.009593973,0.036176867,-0.100498586,-0.006696171,-0.007039929
8.969384909,0.619161606,0.627982140,1.557589531,0.011313438,0.131348610,0.027420044,-0.043640137,-0.061342239,-0.163150787,-0.079895020,0.009567261,0.024673462,0.619161606,0.627982140,1.557589531,0.011313438,0.131348610,0.027803421,-0.000019580,-16.537860870,6.888527870,1.224709868,-0.813548565,-0.002202483,0.004928589,-16.552074432,6.906095505,1.291570663,-0.820538521,-0.000640869,-0.000019580,-16.537860870,6.888527870,1.224709868,-0.813548565,-0.002202483,0.000000000,0.000000000,0.000000000,0.000000000,0.000000000,0.000000000,0.000000000,0.000000000,0.000000000,0.000000000,0.000000000,0.000000000,0.000000000,0.000000000,0.000000000,0.000000000,0.000000000,0.000000000,0.004948169,-0.014213562,0.017567635,0.066860795,-0.006989956,0.001561614,0.005939133,-0.013256082,-0.007402235,0.009488673,-0.006268925,-0.000203991
8.979379654,0.619161606,0.627982140,1.557589531,0.011313438,0.131348610,0.027803421,0.096008301,0.002746582,-0.047668457,-0.014099121,0.050857544,0.009567261,0.619161606,0.627982140,1.557589531,0.011313438,0.131348610,0.027420044,-0.000019580,-16.537860870,6.888528347,1.224710464,-0.813548684,-0.002201897,0.000259399,-16.526439667,6.919065475,1.237094879,-0.802166939,0.001495361,-0.000019580,-16.537860870,6.888528347,1.224710464,-0.813548684,-0.002201897,0.000000000,0.000000000,0.000000000,0.000000000,0.000000000,0.000000000,0.000000000,0.000000000,0.000000000,0.000000000,0.000000000,0.000000000,0.000000000,0.000000000,0.000000000,0.000000000,0.000000000,0.000000000,0.000278979,0.011421204,0.030537128,0.012384415,0.011381745,0.003697258,0.001269944,0.012378683,0.005567259,-0.044987708,0.012102776,0.001931653
8.989377975,0.619161606,0.627982140,1.557589531,0.011313438,0.131348610,0.027420044,-0.000671387,-0.006408691,0.038269043,0.007385254,0.019638062,0.045822144,0.619161606,0.627982140,1.557589531,0.011313438,0.131348610,0.027420044,-0.000019580,-16.537860870,6.888528347,1.224710464,-0.813548684,-0.002201897,-0.003372192,-16.563060760,6.913877487,1.307653427,-0.816693306,-0.003631592,-0.000019580,-16.537860870,6.888528347,1.224710464,-0.813548684,-0.002201897,0.000000000,0.000000000,0.000000000,0.000000000,0.000000000,0.000000000,0.000000000,0.000000000,0.000000000,0.000000000,0.000000000,0.000000000,0.000000000,0.000000000,0.000000000,0.000000000,0.000000000,0.000000000,-0.003352612,-0.025199890,0.025349140,0.082942963,-0.003144622,-0.001429695,-0.002361648,-0.024242411,0.000379271,0.025570840,-0.002423591,-0.003195301
8.999390364,0.618778229,0.627982140,1.557589531,0.011313438,0.130965233,0.027420044,-0.051696777,0.071716309,0.085266113,0.081237793,-0.074024200,0.016616821,0.619161606,0.627982140,1.557589531,0.011313438,0.131348610,0.027803421,-0.000019580,-16.537860870,6.888527870,1.224709868,-0.813548565,-0.002202483,0.010635376,-16.533763885,6.904020309,1.295721054,-0.818829536,0.003204346,-0.000019580,-16.537860870,6.888527870,1.224709868,-0.813548565,-0.002202483,0.000000000,0.000000000,0.000000000,0.000000000,0.000000000,0.000000000,0.000000000,0.000000000,0.000000000,0.000000000,0.000000000,0.000000000,0.000000000,0.000000000,0.000000000,0.000000000,0.000000000,0.000000000,0.010654956,0.004096985,0.015492439,0.071011186,-0.005280972,0.005406829,0.011645920,0.005054464,-0.009477430,0.013639063,-0.004559941,0.003641223
9.009382010,0.619161606,0.627982140,1.557589531,0.011313438,0.131348610,0.027803421,-0.039611816,0.040588379,-0.018127441,0.034240723,-0.008560181,-0.038772583,0.618778229,0.627982140,1.557972908,0.011313438,0.131348610,0.027803421,-0.000019567,-16.539991379,6.890546322,1.225115061,-0.813775837,-0.002203064,0.016342163,-16.574047089,6.906095505,1.296239853,-0.809857368,-0.002777100,-0.000019567,-16.539991379,6.890546322,1.225115061,-0.813775837,-0.002203064,0.000000000,0.000000000,0.000000000,0.000000000,0.000000000,0.000000000,0.000000000,0.000000000,0.000000000,0.000000000,0.000000000,0.000000000,0.000000000,0.000000000,0.000000000,0.000000000,0.000000000,0.000000000,0.016361730,-0.034055710,0.015549183,0.071124792,0.003918469,-0.000574036,0.017352695,-0.033098230,-0.009420687,0.013752670,0.004639500,-0.002339641
9.019378662,0.619161606,0.627982140,1.557589531,0.011313438,0.131348610,0.027420044,0.120178223,-0.022277832,-0.055725098,-0.183292389,0.025680542,-0.001510620,0.619161606,0.627982140,1.557589531,0.011313438,0.131348610,0.027803421,-0.000019580,-16.537860870,6.888527870,1.224709868,-0.813548565,-0.002202483,-0.019454956,-16.544750214,6.916990280,1.286382675,-0.853864670,0.001068115,-0.000019580,-16.537860870,6.888527870,1.224709868,-0.813548565,-0.002202483,0.000000000,0.000000000,0.000000000,0.000000000,0.000000000,0.000000000,0.000000000,0.000000000,0.000000000,0.000000000,0.000000000,0.000000000,0.000000000,0.000000000,0.000000000,0.000000000,0.000000000,0.000000000,-0.019435376,-0.006889343,0.028462410,0.061672807,-0.040316105,0.003270599,-0.018444412,-0.005931864,0.003492540,0.004300684,-0.039595074,0.001504993
9.029378176,0.618778229,0.627982140,1.557589531,0.011313438,0.131348610,0.027420044,-0.042297363,-0.090639114,-0.055725098,-0.014099121,-0.016616821,-0.020645142,0.619161606,0.627982140,1.557589531,0.011313438,0.131348610,0.027803421,-0.000019580,-16.537860870,6.888527870,1.224709868,-0.813548565,-0.002202483,0.000778198,-16.524608612,6.912839890,1.279119492,-0.808575630,0.011322021,-0.000019580,-16.537860870,6.888527870,1.224709868,-0.813548565,-0.002202483,0.000000000,0.000000000,0.000000000,0.000000000,0.000000000,0.000000000,0.000000000,0.000000000,0.000000000,0.000000000,0.000000000,0.000000000,0.000000000,0.000000000,0.000000000,0.000000000,0.000000000,0.000000000,0.000797778,0.013252258,0.024312019,0.054409623,0.004972935,0.013524505,0.001788743,0.014209738,-0.000657850,-0.002962499,0.005693966,0.011758899
9.039409637,0.619161606,0.627982140,1.557589531,0.011313438,0.131348610,0.027803421,0.004699707,0.122987747,0.022155762,-0.210147858,-0.017623901,0.004531860,0.619161606,0.627982140,1.557589531,0.011313438,0.131348610,0.027803421,-0.000019580,-16.537860870,6.888527870,1.224709868,-0.813548565,-0.002202483,-0.004409790,-16.506294250,6.921659470,1.265630722,-0.800457954,-0.014739990,-0.000019580,-16.537860870,6.888527870,1.224709868,-0.813548565,-0.002202483,0.000000000,0.000000000,0.000000000,0.000000000,0.000000000,0.000000000,0.000000000,0.000000000,0.000000000,0.000000000,0.000000000,0.000000000,0.000000000,0.000000000,0.000000000,0.000000000,0.000000000,0.000000000,-0.004390210,0.031566620,0.033131599,0.040920854,0.013090611,-0.012537507,-0.003399246,0.032524099,0.008161730,-0.016451269,0.013811641,-0.014303113
9.049378157,0.618778229,0.627982140,1.557589531,0.011313438,0.131348610,0.027420044,-0.079895020,-0.050355911,-0.040954590,0.057067871,0.006546021,-0.018630981,0.619161606,0.627982140,1.557589531,0.011313438,0.131348610,0.027803421,-0.000019580,-16.537860870,6.888527870,1.224709868,-0.813548565,-0.002202483,-0.024124146,-16.574047089,6.909727097,1.286382675,-0.828656197,0.008331299,-0.000019580,-16.537860870,6.888527870,1.224709868,-0.813548565,-0.002202483,0.000000000,0.000000000,0.000000000,0.000000000,0.000000000,0.000000000,0.000000000,0.000000000,0.000000000,0.000000000,0.000000000,0.000000000,0.000000000,0.000000000,0.000000000,0.000000000,0.000000000,0.000000000,-0.024104565,-0.036186218,0.021199226,0.061672807,-0.015107632,0.010533782,-0.023113601,-0.035228739,-0.003770643,0.004300684,-0.014386601,0.008768177
9.059381008,0.619161606,0.627982140,1.557589531,0.011313438,0.131348610,0.027420044,-0.105411530,0.002136230,-0.049011230,-0.138980865,-0.091144562,0.034744263,0.619161606,0.627982140,1.557589531,0.011313438,0.131348610,0.027420044,-0.000019580,-16.537860870,6.888528347,1.224710464,-0.813548684,-0.002201897,0.053695679,-16.531932831,6.906095505,1.300390244,-0.803021431,-0.001922607,-0.000019580,-16.537860870,6.888528347,1.224710464,-0.813548684,-0.002201897,0.000000000,0.000000000,0.000000000,0.000000000,0.000000000,0.000000000,0.000000000,0.000000000,0.000000000,0.000000000,0.000000000,0.000000000,0.000000000,0.000000000,0.000000000,0.000000000,0.000000000,0.000000000,0.053715259,0.005928040,0.017567158,0.075679779,0.010527253,0.000279289,0.054706223,0.006885519,-0.007402712,0.018307657,0.011248284,-0.001486316
9.069377661,0.619161606,0.627982140,1.557589531,0.011313438,0.131348610,0.027420044,-0.020812988,-0.148622513,-0.130924225,-0.129581451,0.018630981,-0.018630981,0.619161606,0.627982140,1.557589531,0.011313438,0.131348610,0.027803421,-0.000019580,-16.537860870,6.888527870,1.224709868,-0.813548565,-0.002202483,0.012710571,-16.482490540,6.920621872,1.268743515,-0.798748970,0.007049561,-0.000019580,-16.537860870,6.888527870,1.224709868,-0.813548565,-0.002202483,0.000000000,0.000000000,0.000000000,0.000000000,0.000000000,0.000000000,0.000000000,0.000000000,0.000000000,0.000000000,0.000000000,0.000000000,0.000000000,0.000000000,0.000000000,0.000000000,0.000000000,0.000000000,0.012730151,0.055370331,0.032094002,0.044033647,0.014799595,0.009252044,0.013721116,0.056327810,0.007124132,-0.013338476,0.015520626,0.007486438
9.079443216,0.619161606,0.627982140,1.557589531,0.011313438,0.131348610,0.027420044,-0.014099121,-0.007629395,-0.007385254,0.036926270,0.027694702,-0.061935425,0.619161606,0.627982140,1.557589531,0.011313438,0.131348610,0.027420044,-0.000019580,-16.537860870,6.888528347,1.224710464,-0.813548684,-0.002201897,0.003372192,-16.537425995,6.908170700,1.224643707,-0.812848091,0.022003174,-0.000019580,-16.537860870,6.888528347,1.224710464,-0.813548684,-0.002201897,0.000000000,0.000000000,0.000000000,0.000000000,0.000000000,0.000000000,0.000000000,0.000000000,0.000000000,0.000000000,0.000000000,0.000000000,0.000000000,0.000000000,0.000000000,0.000000000,0.000000000,0.000000000,0.003391772,0.000434875,0.019642353,-0.000066757,0.000700593,0.024205071,0.004382737,0.001392355,-0.005327517,-0.057438879,0.001421624,0.022439465
9.089378119,0.619161606,0.627982140,1.557589531,0.011313438,0.131348610,0.027420044,0.114807129,0.001525879,-0.212833405,-0.031555176,0.044815063,0.017623901,0.619161606,0.627982140,1.557972908,0.011313438,0.131348610,0.027803421,-0.000019584,-16.539991379,6.890546322,1.225115061,-0.813775837,-0.002203064,-0.012710571,-16.568553925,6.901426315,1.265111923,-0.859418869,-0.013031006,-0.000019584,-16.539991379,6.890546322,1.225115061,-0.813775837,-0.002203064,0.000000000,0.000000000,0.000000000,0.000000000,0.000000000,0.000000000,0.000000000,0.000000000,0.000000000,0.000000000,0.000000000,0.000000000,0.000000000,0.000000000,0.000000000,0.000000000,0.000000000,0.000000000,-0.012690988,-0.028562546,0.010879993,0.039996862,-0.045643032,-0.010827942,-0.011700023,-0.027605066,-0.014089876,-0.017375260,-0.044922001,-0.012593547
9.099392414,0.619161606,0.627982140,1.557589531,0.011313438,0.131348610,0.027803421,-0.035583496,-0.006408691,0.030212402,0.206119537,-0.038772583,0.015609741,0.619161606,0.627982140,1.557589531,0.011313438,0.131348610,0.027803421,-0.000019580,-16.537860870,6.888527870,1.224709868,-0.813548565,-0.002202483,0.011672974,-16.528270721,6.894163132,1.279638290,-0.790630341,0.008758545,-0.000019580,-16.537860870,6.888527870,1.224709868,-0.813548565,-0.002202483,0.000000000,0.000000000,0.000000000,0.000000000,0.000000000,0.000000000,0.000000000,0.000000000,0.000000000,0.000000000,0.000000000,0.000000000,0.000000000,0.000000000,0.000000000,0.000000000,0.000000000,0.000000000,0.011692554,0.009590149,0.005635262,0.054928422,0.022918224,0.010961028,0.012683518,0.010547628,-0.019334608,-0.002443700,0.023639255,0.009195423
9.109378576,0.619161606,0.627982140,1.557589531,0.011313438,0.131348610,0.027420044,0.014099121,-0.076601028,-0.000671387,-0.087955475,0.004531860,-0.007553101,0.619161606,0.627982140,1.557206154,0.011313438,0.131348610,0.027420044,-0.000019577,-16.535730362,6.886508942,1.224304914,-0.813321292,-0.002201315,-0.003372192,-16.487983704,6.909208298,1.269262314,-0.826947212,0.013885498,-0.000019577,-16.535730362,6.886508942,1.224304914,-0.813321292,-0.002201315,0.000000000,0.000000000,0.000000000,0.000000000,0.000000000,0.000000000,0.000000000,0.000000000,0.000000000,0.000000000,0.000000000,0.000000000,0.000000000,0.000000000,0.000000000,0.000000000,0.000000000,0.000000000,-0.003352616,0.047746658,0.022699356,0.044957399,-0.013625920,0.016086814,-0.002361651,0.048704138,-0.002270514,-0.012414723,-0.012904889,0.014321208
9.119413853,0.619161606,0.627982140,1.557589531,0.011313438,0.131348610,0.027420044,0.152404785,-0.016784668,0.020812988,0.143005371,0.022659302,0.018630981,0.619161606,0.627982140,1.557589531,0.011313438,0.131348610,0.027420044,-0.000019580,-16.537860870,6.888528347,1.224710464,-0.813548684,-0.002201897,-0.029830933,-16.530101776,6.912839890,1.282751083,-0.832074165,0.016876221,-0.000019580,-16.537860870,6.888528347,1.224710464,-0.813548684,-0.002201897,0.000000000,0.000000000,0.000000000,0.000000000,0.000000000,0.000000000,0.000000000,0.000000000,0.000000000,0.000000000,0.000000000,0.000000000,0.000000000,0.000000000,0.000000000,0.000000000,0.000000000,0.000000000,-0.029811353,0.007759094,0.024311543,0.058040619,-0.018525481,0.019078118,-0.028820388,0.008716574,-0.000658327,0.000668497,-0.017804450,0.017312512
9.129378796,0.619161606,0.627982140,1.557589531,0.011696815,0.131348610,0.027803421,-0.043640137,0.067443848,0.089294434,0.090637207,0.041793823,0.000503540,0.619161606,0.627982140,1.557589531,0.011313438,0.131348610,0.027420044,-0.000019580,-16.537860870,6.888528347,1.224710464,-0.813548684,-0.002201897,0.008560181,-16.544750214,6.937742233,1.279119492,-0.797039986,0.005340576,-0.000019580,-16.537860870,6.888528347,1.224710464,-0.813548684,-0.002201897,0.000000000,0.000000000,0.000000000,0.000000000,0.000000000,0.000000000,0.000000000,0.000000000,0.000000000,0.000000000,0.000000000,0.000000000,0.000000000,0.000000000,0.000000000,0.000000000,0.000000000,0.000000000,0.008579761,-0.006889343,0.049213886,0.054409027,0.016508698,0.007542473,0.009570725,-0.005931864,0.024244017,-0.002963095,0.017229729,0.005776867
9.139418364,0.619161606,0.627982140,1.557589531,0.011313438,0.131348610,0.027803421,0.054382324,-0.033264160,0.098693848,-0.117496490,-0.006546021,0.010574341,0.619161606,0.627982140,1.557589531,0.011696815,0.131348610,0.027803421,-0.000019581,-16.538246155,6.888892651,1.225115061,-0.813775837,-0.002203064,0.005966187,-16.528270721,6.909208298,1.275487900,-0.809857368,-0.000640869,-0.000019581,-16.538246155,6.888892651,1.225115061,-0.813775837,-0.002203064,0.000000000,0.000000000,0.000000000,0.000000000,0.000000000,0.000000000,0.000000000,0.000000000,0.000000000,0.000000000,0.000000000,0.000000000,0.000000000,0.000000000,0.000000000,0.000000000,0.000000000,0.000000000,0.005985767,0.009975433,0.020315647,0.050372839,0.003918469,0.001562195,0.006976732,0.010932913,-0.004654222,-0.006999283,0.004639500,-0.000203411
9.149378061,0.619161606,0.627982140,1.557589531,0.011313438,0.131348610,0.027803421,0.012756348,-0.087587357,0.094665527,0.128234863,0.012588501,0.024673462,0.619161606,0.627982140,1.557589531,0.011313438,0.131348610,0.027420044,-0.000019580,-16.537860870,6.888528347,1.224710464,-0.813548684,-0.002201897,0.010635376,-16.550243378,6.916471481,1.291570663,-0.806866646,-0.013458252,-0.000019580,-16.537860870,6.888528347,1.224710464,-0.813548684,-0.002201897,0.000000000,0.000000000,0.000000000,0.000000000,0.000000000,0.000000000,0.000000000,0.000000000,0.000000000,0.000000000,0.000000000,0.000000000,0.000000000,0.000000000,0.000000000,0.000000000,0.000000000,0.000000000,0.010654956,-0.012382507,0.027943134,0.066860199,0.006682038,-0.011256355,0.011645920,-0.011425028,0.002973265,0.009488077,0.007403069,-0.013021961
9.159379959,0.619161606,0.627982140,1.557589531,0.011313438,0.131348610,0.027420044,0.020812988,-0.043642044,-0.140323639,-0.077209473,-0.033737183,0.024673462,0.619161606,0.627982140,1.557972908,0.011313438,0.131348610,0.027420044,-0.000019584,-16.539991379,6.890546799,1.225115657,-0.813775957,-0.002202478,-0.020492554,-16.533763885,6.910764694,1.288976669,-0.825665474,-0.000213623,-0.000019584,-16.539991379,6.890546799,1.225115657,-0.813775957,-0.002202478,0.000000000,0.000000000,0.000000000,0.000000000,0.000000000,0.000000000,0.000000000,0.000000000,0.000000000,0.000000000,0.000000000,0.000000000,0.000000000,0.000000000,0.000000000,0.000000000,0.000000000,0.000000000,-0.020472970,0.006227493,0.020217896,0.063861012,-0.011889517,0.001988855,-0.019482006,0.007184973,-0.004751974,0.006488890,-0.011168486,0.000223249
9.169378042,0.619161606,0.627982140,1.557589531,0.011313438,0.131348610,0.027803421,0.030212402,0.069885254,-0.096012115,0.030212402,0.027694702,0.047836304,0.619161606,0.627982140,1.557589531,0.011313438,0.130965233,0.027420044,-0.000019580,-16.538078308,6.888732910,1.224937797,-0.813589871,-0.002202006,0.019454956,-16.533763885,6.904020309,1.300909042,-0.849592209,-0.010467529,-0.000019580,-16.538078308,6.888732910,1.224937797,-0.813589871,-0.002202006,0.000000000,0.000000000,0.000000000,0.000000000,0.000000000,0.000000000,0.000000000,0.000000000,0.000000000,0.000000000,0.000000000,0.000000000,0.000000000,0.000000000,0.000000000,0.000000000,0.000000000,0.000000000,0.019474536,0.004314423,0.015287399,0.075971246,-0.036002338,-0.008265523,0.020465501,0.005271902,-0.009682470,0.018599124,-0.035281307,-0.010031129
9.179377317,0.619161606,0.627982140,1.557589531,0.011313438,0.130965233,0.027803421,0.091979980,-0.018615723,0.055725098,-0.113468170,0.018630981,-0.019638062,0.619161606,0.627982140,1.557589531,0.011313438,0.131348610,0.027803421,-0.000019580,-16.537860870,6.888527870,1.224709868,-0.813548565,-0.002202483,0.040206909,-16.542919159,6.904539108,1.302984238,-0.832928658,-0.007904053,-0.000019580,-16.537860870,6.888527870,1.224709868,-0.813548565,-0.002202483,0.000000000,0.000000000,0.000000000,0.000000000,0.000000000,0.000000000,0.000000000,0.000000000,0.000000000,0.000000000,0.000000000,0.000000000,0.000000000,0.000000000,0.000000000,0.000000000,0.000000000,0.000000000,0.040226489,-0.005058289,0.016011238,0.078274369,-0.019380093,-0.005701569,0.041217454,-0.004100809,-0.008958631,0.020902247,-0.018659062,-0.007467175
9.189377546,0.618778229,0.627982140,1.557589531,0.011313438,0.131348610,0.027803421,0.117492676,0.039978027,0.035583496,-0.126895905,0.016616821,0.053878784,0.619161606,0.627982140,1.557589531,0.011313438,0.131348610,0.027803421,-0.000019580,-16.537860870,6.888527870,1.224709868,-0.813548565,-0.002202483,0.025680542,-16.564891815,6.908689499,1.289495468,-0.802594185,-0.000213623,-0.000019580,-16.537860870,6.888527870,1.224709868,-0.813548565,-0.002202483,0.000000000,0.000000000,0.000000000,0.000000000,0.000000000,0.000000000,0.000000000,0.000000000,0.000000000,0.000000000,0.000000000,0.000000000,0.000000000,0.000000000,0.000000000,0.000000000,0.000000000,0.000000000,0.025700122,-0.027030945,0.020161629,0.064785600,0.010954380,0.001988860,0.026691086,-0.026073465,-0.004808241,0.007413477,0.011675411,0.000223255
9.199380398,0.618778229,0.627982140,1.557589531,0.011313438,0.131348610,0.027803421,-0.148380280,-0.068056107,0.034240723,0.054382324,0.019638062,0.020645142,0.618778229,0.627982140,1.557589531,0.011313438,0.131348610,0.027420044,-0.000019564,-16.537860870,6.888528347,1.224710464,-0.813548684,-0.002201897,-0.010635376,-16.544750214,6.903501511,1.324773788,-0.801739693,-0.007049561,-0.000019564,-16.537860870,6.888528347,1.224710464,-0.813548684,-0.002201897,0.000000000,0.000000000,0.000000000,0.000000000,0.000000000,0.000000000,0.000000000,0.000000000,0.000000000,0.000000000,0.000000000,0.000000000,0.000000000,0.000000000,0.000000000,0.000000000,0.000000000,0.000000000,-0.010615812,-0.006889343,0.014973164,0.100063324,0.011808991,-0.004847664,-0.009624848,-0.005931864,-0.009996706,0.042691202,0.012530022,-0.006613269
9.209412813,0.619161606,0.627982140,1.557589531,0.011313438,0.131348610,0.027420044,-0.002014160,0.086366653,-0.019470215,-0.031555176,0.026687622,0.026687622,0.619161606,0.627982140,1.557589531,0.011313438,0.131348610,0.027420044,-0.000019580,-16.537860870,6.888528347,1.224710464,-0.813548684,-0.002201897,-0.012710571,-16.572216034,6.915952682,1.264074326,-0.847027779,-0.001068115,-0.000019580,-16.537860870,6.888528347,1.224710464,-0.813548684,-0.002201897,0.000000000,0.000000000,0.000000000,0.000000000,0.000000000,0.000000000,0.000000000,0.000000000,0.000000000,0.000000000,0.000000000,0.000000000,0.000000000,0.000000000,0.000000000,0.000000000,0.000000000,0.000000000,-0.012690991,-0.034355164,0.027424335,0.039363861,-0.033479095,0.001133782,-0.011700027,-0.033397684,0.002454466,-0.018008261,-0.032758064,-0.000631824
9.219392776,0.619161606,0.627982140,1.557589531,0.011313438,0.131348610,0.027420044,-0.032897949,-0.102235794,0.006042480,0.010070801,-0.014602661,-0.045822144,0.619161606,0.627982140,1.557589531,0.011313438,0.131348610,0.027420044,-0.000019580,-16.537860870,6.888528347,1.224710464,-0.813548684,-0.002201897,0.003890991,-16.531932831,6.909208298,1.271856308,-0.797894478,-0.002777100,-0.000019580,-16.537860870,6.888528347,1.224710464,-0.813548684,-0.002201897,0.000000000,0.000000000,0.000000000,0.000000000,0.000000000,0.000000000,0.000000000,0.000000000,0.000000000,0.000000000,0.000000000,0.000000000,0.000000000,0.000000000,0.000000000,0.000000000,0.000000000,0.000000000,0.003910571,0.005928040,0.020679951,0.047145844,0.015654206,-0.000575203,0.004901536,0.006885519,-0.004289919,-0.010226279,0.016375237,-0.002340808
9.229438782,0.619161606,0.627982140,1.557589531,0.011313438,0.131348610,0.027803421,0.024841309,-0.068056107,0.020812988,-0.031555176,-0.026687622,-0.003524780,0.618778229,0.627982140,1.557589531,0.011313438,0.131348610,0.027803421,-0.000019564,-16.537860870,6.888527870,1.224709868,-0.813548565,-0.002202483,0.019973755,-16.585033417,6.901945114,1.307134628,-0.816266060,-0.019439697,-0.000019564,-16.537860870,6.888527870,1.224709868,-0.813548565,-0.002202483,0.000000000,0.000000000,0.000000000,0.000000000,0.000000000,0.000000000,0.000000000,0.000000000,0.000000000,0.000000000,0.000000000,0.000000000,0.000000000,0.000000000,0.000000000,0.000000000,0.000000000,0.000000000,0.019993319,-0.047172546,0.013417244,0.082424760,-0.002717495,-0.017237214,0.020984283,-0.046215067,-0.011552626,0.025052638,-0.001996464,-0.019002820
9.239375830,0.619161606,0.627982140,1.557589531,0.011313438,0.131348610,0.027803421,-0.152408600,-0.060121536,-0.070495605,-0.097354889,0.044815063,0.033737183,0.618778229,0.627982140,1.557589531,0.011313438,0.131348610,0.027420044,-0.000019564,-16.537860870,6.888528347,1.224710464,-0.813548684,-0.002201897,-0.000259399,-16.590526581,6.912321091,1.271337509,-0.811139107,0.017303467,-0.000019564,-16.537860870,6.888528347,1.224710464,-0.813548684,-0.002201897,0.000000000,0.000000000,0.000000000,0.000000000,0.000000000,0.000000000,0.000000000,0.000000000,0.000000000,0.000000000,0.000000000,0.000000000,0.000000000,0.000000000,0.000000000,0.000000000,0.000000000,0.000000000,-0.000239836,-0.052665710,0.023792744,0.046627045,0.002409577,0.019505364,0.000751129,-0.051708231,-0.001177126,-0.010745078,0.003130608,0.017739758
9.249376774,0.619161606,0.627982140,1.557589531,0.011313438,0.131348610,0.027803421,-0.145694733,0.066833496,0.112121582,-0.124210358,-0.015609741,0.002517700,0.619161606,0.627982140,1.557589531,0.011313438,0.131348610,0.027420044,-0.000019580,-16.537860870,6.888528347,1.224710464,-0.813548684,-0.002201897,0.003372192,-16.504463196,6.908170700,1.270818710,-0.848310471,0.005767822,-0.000019580,-16.537860870,6.888528347,1.224710464,-0.813548684,-0.002201897,0.000000000,0.000000000,0.000000000,0.000000000,0.000000000,0.000000000,0.000000000,0.000000000,0.000000000,0.000000000,0.000000000,0.000000000,0.000000000,0.000000000,0.000000000,0.000000000,0.000000000,0.000000000,0.003391772,0.033397675,0.019642353,0.046108246,-0.034761786,0.007969719,0.004382737,0.034355154,-0.005327517,-0.011263876,-0.034040756,0.006204113
9.259379625,0.619161606,0.627982140,1.557589531,0.011313438,0.130965233,0.027803421,0.122863770,-0.051576614,0.101379395,0.112121582,-0.017623901,-0.060928345,0.619161606,0.627982140,1.557589531,0.011313438,0.131348610,0.027420044,-0.000019580,-16.537860870,6.888528347,1.224710464,-0.813548684,-0.002201897,0.016342163,-16.563060760,6.890012741,1.277044296,-0.832928658,-0.011322021,-0.000019580,-16.537860870,6.888528347,1.224710464,-0.813548684,-0.002201897,0.000000000,0.000000000,0.000000000,0.000000000,0.000000000,0.000000000,0.000000000,0.000000000,0.000000000,0.000000000,0.000000000,0.000000000,0.000000000,0.000000000,0.000000000,0.000000000,0.000000000,0.000000000,0.016361743,-0.025199890,0.001484394,0.052333832,-0.019379973,-0.009120125,0.017352708,-0.024242411,-0.023485476,-0.005038290,-0.018658943,-0.010885730
9.269408941,0.619161606,0.627982140,1.557589531,0.011313438,0.131348610,0.027803421,0.114807129,-0.039979935,0.071838379,0.038269043,-0.045822144,0.012588501,0.619161606,0.627982140,1.557589531,0.011313438,0.131348610,0.027803421,-0.000019580,-16.537860870,6.888527870,1.224709868,-0.813548565,-0.002202483,0.012191772,-16.561229706,6.904020309,1.301427841,-0.808575630,-0.001068115,-0.000019580,-16.537860870,6.888527870,1.224709868,-0.813548565,-0.002202483,0.000000000,0.000000000,0.000000000,0.000000000,0.000000000,0.000000000,0.000000000,0.000000000,0.000000000,0.000000000,0.000000000,0.000000000,0.000000000,0.000000000,0.000000000,0.000000000,0.000000000,0.000000000,0.012211353,-0.023368835,0.015492439,0.076717973,0.004972935,0.001134368,0.013202317,-0.022411356,-0.009477430,0.019345850,0.005693966,-0.000631238
9.279407978,0.619161606,0.627982140,1.557589531,0.011313438,0.130965233,0.027803421,-0.046325684,0.069274902,-0.031555176,-0.027526855,-0.012588501,0.057907104,0.619161606,0.627982140,1.557589531,0.011313438,0.131348610,0.027803421,-0.000019580,-16.537860870,6.888527870,1.224709868,-0.813548565,-0.002202483,-0.035539627,-16.559398651,6.915433884,1.300909042,-0.796185493,-0.013458252,-0.000019580,-16.537860870,6.888527870,1.224709868,-0.813548565,-0.002202483,0.000000000,0.000000000,0.000000000,0.000000000,0.000000000,0.000000000,0.000000000,0.000000000,0.000000000,0.000000000,0.000000000,0.000000000,0.000000000,0.000000000,0.000000000,0.000000000,0.000000000,0.000000000,-0.035520047,-0.021537781,0.026906013,0.076199174,0.017363071,-0.011255769,-0.034529083,-0.020580301,0.001936144,0.018827052,0.018084102,-0.013021374
9.289378643,0.619161606,0.627982140,1.557589531,0.011313438,0.131348610,0.027803421,0.019470215,-0.083314896,-0.006042480,-0.044982910,-0.039779663,0.037765503,0.619161606,0.627982140,1.557589531,0.011313438,0.130965233,0.027803421,-0.000019580,-16.538076401,6.888732433,1.224937201,-0.813589752,-0.002202593,0.033462524,-16.570384979,6.923215866,1.292608261,-0.779521942,0.009613037,-0.000019580,-16.538076401,6.888732433,1.224937201,-0.813589752,-0.002202593,0.000000000,0.000000000,0.000000000,0.000000000,0.000000000,0.000000000,0.000000000,0.000000000,0.000000000,0.000000000,0.000000000,0.000000000,0.000000000,0.000000000,0.000000000,0.000000000,0.000000000,0.000000000,0.033482105,-0.032308578,0.034483433,0.067671061,0.034067810,0.011815630,0.034473069,-0.031351099,0.009513563,0.010298938,0.034788840,0.010050024
9.299378157,0.619161606,0.627982140,1.557589531,0.011313438,0.131348610,0.027803421,-0.065124512,-0.018005371,-0.047668457,0.019470215,0.035751343,0.039779663,0.619161606,0.627982140,1.557589531,0.011313438,0.131348610,0.027420044,-0.000019580,-16.537860870,6.888528347,1.224710464,-0.813548684,-0.002201897,-0.021011353,-16.513618469,6.905057907,1.267705917,-0.823101997,-0.023284912,-0.000019580,-16.537860870,6.888528347,1.224710464,-0.813548684,-0.002201897,0.000000000,0.000000000,0.000000000,0.000000000,0.000000000,0.000000000,0.000000000,0.000000000,0.000000000,0.000000000,0.000000000,0.000000000,0.000000000,0.000000000,0.000000000,0.000000000,0.000000000,0.000000000,-0.020991772,0.024242401,0.016529560,0.042995453,-0.009553313,-0.021083015,-0.020000808,0.025199881,-0.008440309,-0.014376669,-0.008832282,-0.022848621
9.309382439,0.619161606,0.627982140,1.557589531,0.011313438,0.131348610,0.027803421,0.020812988,0.015563965,0.169860840,-0.038269043,-0.024673462,0.083084106,0.619161606,0.627982140,1.557589531,0.011313438,0.131348610,0.027803421,-0.000019580,-16.537860870,6.888527870,1.224709868,-0.813548565,-0.002202483,-0.005966187,-16.575878143,6.913358688,1.235538483,-0.788494110,-0.001922607,-0.000019580,-16.537860870,6.888527870,1.224709868,-0.813548565,-0.002202483,0.000000000,0.000000000,0.000000000,0.000000000,0.000000000,0.000000000,0.000000000,0.000000000,0.000000000,0.000000000,0.000000000,0.000000000,0.000000000,0.000000000,0.000000000,0.000000000,0.000000000,0.000000000,-0.005946606,-0.038017273,0.024830818,0.010828614,0.025054455,0.000279876,-0.004955642,-0.037059793,-0.000139051,-0.046543508,0.025775486,-0.001485730
9.319423199,0.619161606,0.627982140,1.557589531,0.011313438,0.131348610,0.027420044,-0.090641022,-0.029602051,-0.038269043,0.035583496,-0.004531860,-0.019638062,0.619161606,0.627982140,1.557589531,0.011313438,0.130965233,0.027803421,-0.000019580,-16.538076401,6.888732433,1.224937201,-0.813589752,-0.002202593,0.007003784,-16.594188690,6.907133102,1.307134628,-0.811139107,-0.005767822,-0.000019580,-16.538076401,6.888732433,1.224937201,-0.813589752,-0.002202593,0.000000000,0.000000000,0.000000000,0.000000000,0.000000000,0.000000000,0.000000000,0.000000000,0.000000000,0.000000000,0.000000000,0.000000000,0.000000000,0.000000000,0.000000000,0.000000000,0.000000000,0.000000000,0.007023364,-0.056112289,0.018400669,0.082197428,0.002450645,-0.003565230,0.008014329,-0.055154810,-0.006569200,0.024825305,0.003171676,-0.005330835
9.329396248,0.619161606,0.627982140,1.557589531,0.011313438,0.131348610,0.027420044,-0.028869629,0.162050247,0.038269043,-0.071838379,-0.012588501,0.011581421,0.619161606,0.627982140,1.557589531,0.011313438,0.131348610,0.027803421,-0.000019580,-16.537860870,6.888527870,1.224709868,-0.813548565,-0.002202483,0.024124146,-16.563060760,6.876005173,1.247989655,-0.832074165,-0.006622314,-0.000019580,-16.537860870,6.888527870,1.224709868,-0.813548565,-0.002202483,0.000000000,0.000000000,0.000000000,0.000000000,0.000000000,0.000000000,0.000000000,0.000000000,0.000000000,0.000000000,0.000000000,0.000000000,0.000000000,0.000000000,0.000000000,0.000000000,0.000000000,0.000000000,0.024143726,-0.025199890,-0.012522697,0.023279786,-0.018525600,-0.004419831,0.025134690,-0.024242411,-0.037492567,-0.034092336,-0.017804570,-0.006185437
9.339412928,0.619161606,0.627982140,1.557589531,0.011313438,0.131348610,0.027803421,0.151062012,-0.128480911,-0.063781738,0.050354004,-0.007553101,0.013595581,0.619161606,0.627982140,1.557589531,0.011313438,0.131348610,0.027803421,-0.000019580,-16.537860870,6.888527870,1.224709868,-0.813548565,-0.002202483,-0.002334595,-16.520942688,6.922697067,1.294164658,-0.771831512,-0.004058838,-0.000019580,-16.537860870,6.888527870,1.224709868,-0.813548565,-0.002202483,0.000000000,0.000000000,0.000000000,0.000000000,0.000000000,0.000000000,0.000000000,0.000000000,0.000000000,0.000000000,0.000000000,0.000000000,0.000000000,0.000000000,0.000000000,0.000000000,0.000000000,0.000000000,-0.002315015,0.016918182,0.034169197,0.069454789,0.041717052,-0.001856355,-0.001324050,0.017875662,0.009199327,0.012082667,0.042438083,-0.003621960
9.349412680,0.619161606,0.627982140,1.557589531,0.011313438,0.131348610,0.027420044,-0.106754303,0.075988770,0.008728027,0.130920410,0.021652222,-0.033737183,0.619161606,0.627982140,1.557589531,0.011313438,0.131348610,0.027803421,-0.000019580,-16.537860870,6.888527870,1.224709868,-0.813548565,-0.002202483,0.001815796,-16.539257050,6.903501511,1.274450302,-0.819256783,-0.014739990,-0.000019580,-16.537860870,6.888527870,1.224709868,-0.813548565,-0.002202483,0.000000000,0.000000000,0.000000000,0.000000000,0.000000000,0.000000000,0.000000000,0.000000000,0.000000000,0.000000000,0.000000000,0.000000000,0.000000000,0.000000000,0.000000000,0.000000000,0.000000000,0.000000000,0.001835376,-0.001396179,0.014973640,0.049740434,-0.005708218,-0.012537507,0.002826340,-0.000438700,-0.009996229,-0.007631689,-0.004987187,-0.014303113
9.359380960,0.619161606,0.627982140,1.557589531,0.011313438,0.131348610,0.027420044,-0.118839264,-0.033874512,-0.083923340,0.087951660,-0.040786743,-0.047836304,0.619161606,0.627982140,1.557589531,0.011313438,0.131348610,0.027803421,-0.000019580,-16.537860870,6.888527870,1.224709868,-0.813548565,-0.002202483,0.008560181,-16.528270721,6.915952682,1.293645859,-0.772258759,-0.007049561,-0.000019580,-16.537860870,6.888527870,1.224709868,-0.813548565,-0.002202483,0.000000000,0.000000000,0.000000000,0.000000000,0.000000000,0.000000000,0.000000000,0.000000000,0.000000000,0.000000000,0.000000000,0.000000000,0.000000000,0.000000000,0.000000000,0.000000000,0.000000000,0.000000000,0.008579761,0.009590149,0.027424812,0.068935990,0.041289806,-0.004847077,0.009570725,0.010547628,0.002454943,0.011563868,0.042010837,-0.006612683
9.369378567,0.619161606,0.627982140,1.557589531,0.011313438,0.131348610,0.027420044,0.014099121,-0.070497513,0.148376465,0.032897949,0.005538940,-0.018630981,0.619161606,0.627982140,1.557589531,0.011313438,0.131348610,0.027420044,-0.000019580,-16.537860870,6.888528347,1.224710464,-0.813548684,-0.002201897,-0.029830933,-16.515449524,6.904539108,1.329961777,-0.804730415,0.012603760,-0.000019580,-16.537860870,6.888528347,1.224710464,-0.813548684,-0.002201897,0.000000000,0.000000000,0.000000000,0.000000000,0.000000000,0.000000000,0.000000000,0.000000000,0.000000000,0.000000000,0.000000000,0.000000000,0.000000000,0.000000000,0.000000000,0.000000000,0.000000000,0.000000000,-0.029811353,0.022411346,0.016010761,0.105251312,0.008818269,0.014805657,-0.028820388,0.023368826,-0.008959108,0.047879190,0.009539300,0.013040051
9.379400015,0.619161606,0.627982140,1.557589531,0.011313438,0.131348610,0.027803421,0.087951660,0.101015091,0.046325684,0.110778809,0.065963745,0.007553101,0.619161606,0.627982140,1.557589531,0.011313438,0.131348610,0.027420044,-0.000019580,-16.537860870,6.888528347,1.224710464,-0.813548684,-0.002201897,-0.002334595,-16.568553925,6.932035446,1.279638290,-0.775249481,-0.005767822,-0.000019580,-16.537860870,6.888528347,1.224710464,-0.813548684,-0.002201897,0.000000000,0.000000000,0.000000000,0.000000000,0.000000000,0.000000000,0.000000000,0.000000000,0.000000000,0.000000000,0.000000000,0.000000000,0.000000000,0.000000000,0.000000000,0.000000000,0.000000000,0.000000000,-0.002315015,-0.030693054,0.043507099,0.054927826,0.038299203,-0.003565925,-0.001324050,-0.029735575,0.018537230,-0.002444296,0.039020234,-0.005331531
9.389377594,0.619161606,0.627982140,1.557972908,0.011696815,0.131348610,0.027803421,-0.019470215,-0.100404739,0.065124512,0.271915436,0.004531860,-0.003524780,0.619161606,0.627982140,1.557589531,0.011696815,0.131348610,0.027420044,-0.000019581,-16.538246155,6.888893127,1.225115657,-0.813775957,-0.002202478,-0.000259399,-16.539257050,6.923734665,1.284307480,-0.764995575,-0.019012451,-0.000019581,-16.538246155,6.888893127,1.225115657,-0.813775957,-0.002202478,0.000000000,0.000000000,0.000000000,0.000000000,0.000000000,0.000000000,0.000000000,0.000000000,0.000000000,0.000000000,0.000000000,0.000000000,0.000000000,0.000000000,0.000000000,0.000000000,0.000000000,0.000000000,-0.000239819,-0.001010895,0.034841537,0.059191823,0.048780382,-0.016809973,0.000751146,-0.000053415,0.009871668,0.001819701,0.049501413,-0.018575579
9.399379253,0.619161606,0.627982140,1.557589531,0.011313438,0.131348610,0.027420044,-0.110782623,-0.049745560,0.063781738,-0.059753418,-0.008560181,-0.013595581,0.618778229,0.627982140,1.557589531,0.011313438,0.131348610,0.027420044,-0.000019564,-16.537860870,6.888528347,1.224710464,-0.813548684,-0.002201897,-0.024642944,-16.493476868,6.916471481,1.286382675,-0.798748970,-0.002349854,-0.000019564,-16.537860870,6.888528347,1.224710464,-0.813548684,-0.002201897,0.000000000,0.000000000,0.000000000,0.000000000,0.000000000,0.000000000,0.000000000,0.000000000,0.000000000,0.000000000,0.000000000,0.000000000,0.000000000,0.000000000,0.000000000,0.000000000,0.000000000,0.000000000,-0.024623381,0.044384003,0.027943134,0.061672211,0.014799714,-0.000147957,-0.023632416,0.045341482,0.002973265,0.004300088,0.015520745,-0.001913562
9.409378767,0.619161606,0.627982140,1.557589531,0.011313438,0.131348610,0.027803421,0.026184082,-0.087587357,-0.039611816,0.022155762,0.006546021,0.037765503,0.619161606,0.627982140,1.557972908,0.011313438,0.131348610,0.027803421,-0.000019584,-16.539991379,6.890546322,1.225115061,-0.813775837,-0.002203064,-0.009078979,-16.509956360,6.927885056,1.295721054,-0.818402290,-0.009185791,-0.000019584,-16.539991379,6.890546322,1.225115061,-0.813775837,-0.002203064,0.000000000,0.000000000,0.000000000,0.000000000,0.000000000,0.000000000,0.000000000,0.000000000,0.000000000,0.000000000,0.000000000,0.000000000,0.000000000,0.000000000,0.000000000,0.000000000,0.000000000,0.000000000,-0.009059396,0.030035019,0.037338734,0.070605993,-0.004626453,-0.006982727,-0.008068432,0.030992498,0.012368864,0.013233871,-0.003905422,-0.008748333
9.419426680,0.619161606,0.627982140,1.557589531,0.011313438,0.131348610,0.027803421,0.114807129,0.155336380,-0.007385254,-0.152408600,-0.016616821,-0.027694702,0.619161606,0.627982140,1.557589531,0.011313438,0.131348610,0.027420044,-0.000019580,-16.537860870,6.888528347,1.224710464,-0.813548684,-0.002201897,0.020492554,-16.542919159,6.906095505,1.297277451,-0.814984322,-0.006622314,-0.000019580,-16.537860870,6.888528347,1.224710464,-0.813548684,-0.002201897,0.000000000,0.000000000,0.000000000,0.000000000,0.000000000,0.000000000,0.000000000,0.000000000,0.000000000,0.000000000,0.000000000,0.000000000,0.000000000,0.000000000,0.000000000,0.000000000,0.000000000,0.000000000,0.020512134,-0.005058289,0.017567158,0.072566986,-0.001435637,-0.004420418,0.021503098,-0.004100809,-0.007402712,0.015194864,-0.000714607,-0.006186023
9.429415226,0.619161606,0.627982140,1.557589531,0.011313438,0.131348610,0.027803421,0.148376465,-0.118715286,0.067810059,-0.113468170,-0.017623901,0.039779663,0.618778229,0.627982140,1.557589531,0.011313438,0.131348610,0.027420044,-0.000019564,-16.537860870,6.888528347,1.224710464,-0.813548684,-0.002201897,0.003890991,-16.583202362,6.910764694,1.281713486,-0.803448677,0.006622314,-0.000019564,-16.537860870,6.888528347,1.224710464,-0.813548684,-0.002201897,0.000000000,0.000000000,0.000000000,0.000000000,0.000000000,0.000000000,0.000000000,0.000000000,0.000000000,0.000000000,0.000000000,0.000000000,0.000000000,0.000000000,0.000000000,0.000000000,0.000000000,0.000000000,0.003910555,-0.045341492,0.022236347,0.057003021,0.010100007,0.008824211,0.004901519,-0.044384012,-0.002733522,-0.000369101,0.010821038,0.007058606
9.439380169,0.619161606,0.627982140,1.557589531,0.011313438,0.131348610,0.027420044,0.002014160,0.038146973,0.015441895,0.024841309,-0.080066681,-0.021652222,0.619161606,0.627982140,1.557589531,0.011313438,0.130965233,0.027803421,-0.000019580,-16.538076401,6.888732433,1.224937201,-0.813589752,-0.002202593,-0.024124146,-16.504463196,6.911802292,1.240726471,-0.830792427,0.003631592,-0.000019580,-16.538076401,6.888732433,1.224937201,-0.813589752,-0.002202593,0.000000000,0.000000000,0.000000000,0.000000000,0.000000000,0.000000000,0.000000000,0.000000000,0.000000000,0.000000000,0.000000000,0.000000000,0.000000000,0.000000000,0.000000000,0.000000000,0.000000000,0.000000000,-0.024104565,0.033613205,0.023069859,0.015789270,-0.017202675,0.005834184,-0.023113601,0.034570684,-0.001900011,-0.041582852,-0.016481644,0.004068579
9.449380636,0.619161606,0.627982140,1.557589531,0.011313438,0.131348610,0.027803421,0.019470215,0.051574707,0.051696777,0.073181152,0.057907104,0.037765503,0.619161606,0.627982140,1.557589531,0.011313438,0.131348610,0.027803421,-0.000019580,-16.537860870,6.888527870,1.224709868,-0.813548565,-0.002202483,-0.015304565,-16.561229706,6.925291061,1.257328033,-0.802594185,-0.018585205,-0.000019580,-16.537860870,6.888527870,1.224709868,-0.813548565,-0.002202483,0.000000000,0.000000000,0.000000000,0.000000000,0.000000000,0.000000000,0.000000000,0.000000000,0.000000000,0.000000000,0.000000000,0.000000000,0.000000000,0.000000000,0.000000000,0.000000000,0.000000000,0.000000000,-0.015284985,-0.023368835,0.036763191,0.032618165,0.010954380,-0.016382722,-0.014294021,-0.022411356,0.011793322,-0.024753957,0.011675411,-0.018148327
9.459426880,0.618778229,0.627982140,1.557589531,0.011313438,0.130965233,0.027803421,-0.054382324,-0.020446777,-0.130924225,-0.085266113,-0.049850464,0.017623901,0.619161606,0.627982140,1.557589531,0.011313438,0.131348610,0.027803421,-0.000019580,-16.537860870,6.888527870,1.224709868,-0.813548565,-0.002202483,0.003372192,-16.583202362,6.912839890,1.290533066,-0.791912079,0.006622314,-0.000019580,-16.537860870,6.888527870,1.224709868,-0.813548565,-0.002202483,0.000000000,0.000000000,0.000000000,0.000000000,0.000000000,0.000000000,0.000000000,0.000000000,0.000000000,0.000000000,0.000000000,0.000000000,0.000000000,0.000000000,0.000000000,0.000000000,0.000000000,0.000000000,0.003391772,-0.045341492,0.024312019,0.065823197,0.021636486,0.008824798,0.004382737,-0.044384012,-0.000657850,0.008451075,0.022357517,0.007059192
9.469409227,0.619161606,0.627982140,1.557589531,0.011313438,0.130965233,0.027803421,-0.043640137,0.086366653,-0.050354004,-0.141666412,-0.038772583,-0.009567261,0.619545937,0.627982140,1.557589531,0.011313438,0.131348610,0.027803421,-0.000019596,-16.537860870,6.888527870,1.224709868,-0.813548565,-0.002202483,0.010635376,-16.555736542,6.906614304,1.277563095,-0.826092720,0.005767822,-0.000019596,-16.537860870,6.888527870,1.224709868,-0.813548565,-0.002202483,0.000000000,0.000000000,0.000000000,0.000000000,0.000000000,0.000000000,0.000000000,0.000000000,0.000000000,0.000000000,0.000000000,0.000000000,0.000000000,0.000000000,0.000000000,0.000000000,0.000000000,0.000000000,0.010654972,-0.017875671,0.018086433,0.052853227,-0.012544155,0.007970306,0.011645937,-0.016918192,-0.006883436,-0.004518896,-0.011823124,0.006204700
9.479409218,0.619161606,0.627982140,1.557589531,0.011313438,0.131348610,0.027803421,-0.028869629,0.043640137,0.094665527,-0.101383209,0.011581421,0.024673462,0.619161606,0.627982140,1.557589531,0.011313438,0.130965233,0.027803421,-0.000019580,-16.538076401,6.888732433,1.224937201,-0.813589752,-0.002202593,0.001815796,-16.610668182,6.912321091,1.223606110,-0.794049263,-0.016021729,-0.000019580,-16.538076401,6.888732433,1.224937201,-0.813589752,-0.002202593,0.000000000,0.000000000,0.000000000,0.000000000,0.000000000,0.000000000,0.000000000,0.000000000,0.000000000,0.000000000,0.000000000,0.000000000,0.000000000,0.000000000,0.000000000,0.000000000,0.000000000,0.000000000,0.001835376,-0.072591782,0.023588657,-0.001331091,0.019540489,-0.013819136,0.002826341,-0.071634302,-0.001381212,-0.058703213,0.020261520,-0.015584742
9.489377975,0.619161606,0.627982140,1.557589531,0.011313438,0.131348610,0.027803421,0.000671387,0.000915527,0.002014160,-0.019470215,0.033737183,-0.046829224,0.619161606,0.627982140,1.557589531,0.011313438,0.131348610,0.027803421,-0.000019580,-16.537860870,6.888527870,1.224709868,-0.813548565,-0.002202483,0.011672974,-16.541088104,6.910245895,1.266668320,-0.796185493,0.013885498,-0.000019580,-16.537860870,6.888527870,1.224709868,-0.813548565,-0.002202483,0.000000000,0.000000000,0.000000000,0.000000000,0.000000000,0.000000000,0.000000000,0.000000000,0.000000000,0.000000000,0.000000000,0.000000000,0.000000000,0.000000000,0.000000000,0.000000000,0.000000000,0.000000000,0.011692554,-0.003227234,0.021718025,0.041958451,0.017363071,0.016087981,0.012683518,-0.002269754,-0.003251844,-0.015413671,0.018084102,0.014322376
9.499388456,0.619161606,0.627982140,1.557589531,0.011313438,0.131348610,0.027420044,0.141662598,-0.070497513,-0.126895905,0.055725098,-0.001510620,-0.045822144,0.619161606,0.627982140,1.557589531,0.011313438,0.131348610,0.027420044,-0.000019580,-16.537860870,6.888528347,1.224710464,-0.813548684,-0.002201897,-0.007003784,-16.550243378,6.910245895,1.310766220,-0.817547798,-0.000213623,-0.000019580,-16.537860870,6.888528347,1.224710464,-0.813548684,-0.002201897,0.000000000,0.000000000,0.000000000,0.000000000,0.000000000,0.000000000,0.000000000,0.000000000,0.000000000,0.000000000,0.000000000,0.000000000,0.000000000,0.000000000,0.000000000,0.000000000,0.000000000,0.000000000,-0.006984204,-0.012382507,0.021717548,0.086055756,-0.003999114,0.001988274,-0.005993240,-0.011425028,-0.003252321,0.028683633,-0.003278083,0.000222668
9.509378672,0.619161606,0.627982140,1.557589531,0.011313438,0.130965233,0.027803421,-0.136295319,-0.045473099,0.059753418,-0.003356934,-0.046829224,-0.009567261,0.619161606,0.627982140,1.557589531,0.011313438,0.131348610,0.027420044,-0.000019580,-16.537860870,6.888528347,1.224710464,-0.813548684,-0.002201897,-0.015823364,-16.506294250,6.910245895,1.245395660,-0.829937935,-0.003204346,-0.000019580,-16.537860870,6.888528347,1.224710464,-0.813548684,-0.002201897,0.000000000,0.000000000,0.000000000,0.000000000,0.000000000,0.000000000,0.000000000,0.000000000,0.000000000,0.000000000,0.000000000,0.000000000,0.000000000,0.000000000,0.000000000,0.000000000,0.000000000,0.000000000,-0.015803784,0.031566620,0.021717548,0.020685196,-0.016389251,-0.001002449,-0.014812820,0.032524099,-0.003252321,-0.036686926,-0.015668220,-0.002768055
9.519391537,0.619161606,0.627982140,1.557589531,0.011313438,0.131348610,0.027803421,0.030212402,-0.009460449,0.136291504,-0.061096191,0.046829224,-0.053878784,0.619161606,0.627982140,1.557589531,0.011313438,0.131348610,0.027420044,-0.000019580,-16.537860870,6.888528347,1.224710464,-0.813548684,-0.002201897,0.008560181,-16.550243378,6.909727097,1.286382675,-0.796185493,-0.006195068,-0.000019580,-16.537860870,6.888528347,1.224710464,-0.813548684,-0.002201897,0.000000000,0.000000000,0.000000000,0.000000000,0.000000000,0.000000000,0.000000000,0.000000000,0.000000000,0.000000000,0.000000000,0.000000000,0.000000000,0.000000000,0.000000000,0.000000000,0.000000000,0.000000000,0.008579761,-0.012382507,0.021198750,0.061672211,0.017363191,-0.003993172,0.009570725,-0.011425028,-0.003771120,0.004300088,0.018084222,-0.005758777
9.529419422,0.619161606,0.627982140,1.557589531,0.011313438,0.131348610,0.027803421,-0.053039551,0.047302246,0.015441895,-0.156436920,0.048843384,0.107254028,0.619161606,0.627982140,1.557206154,0.011313438,0.131348610,0.027803421,-0.000019577,-16.535730362,6.886508465,1.224304318,-0.813321173,-0.002201902,0.001815796,-16.509956360,6.905057907,1.285863876,-0.818402290,0.004486084,-0.000019577,-16.535730362,6.886508465,1.224304318,-0.813321173,-0.002201902,0.000000000,0.000000000,0.000000000,0.000000000,0.000000000,0.000000000,0.000000000,0.000000000,0.000000000,0.000000000,0.000000000,0.000000000,0.000000000,0.000000000,0.000000000,0.000000000,0.000000000,0.000000000,0.001835372,0.025774002,0.018549442,0.061559558,-0.005081117,0.006687986,0.002826337,0.026731482,-0.006420427,0.004187436,-0.004360086,0.004922381
9.539412498,0.618778229,0.627982140,1.557589531,0.010930061,0.131348610,0.027803421,-0.063781738,-0.022888184,-0.063781738,0.003356934,-0.010574341,0.007553101,0.619161606,0.627982140,1.557589531,0.011313438,0.131348610,0.027803421,-0.000019580,-16.537860870,6.888527870,1.224709868,-0.813548565,-0.002202483,0.007522583,-16.530101776,6.925291061,1.284307480,-0.812848091,0.006622314,-0.000019580,-16.537860870,6.888527870,1.224709868,-0.813548565,-0.002202483,0.000000000,0.000000000,0.000000000,0.000000000,0.000000000,0.000000000,0.000000000,0.000000000,0.000000000,0.000000000,0.000000000,0.000000000,0.000000000,0.000000000,0.000000000,0.000000000,0.000000000,0.000000000,0.007542163,0.007759094,0.036763191,0.059597611,0.000700474,0.008824798,0.008533128,0.008716574,0.011793322,0.002225489,0.001421505,0.007059192
9.549411774,0.619161606,0.627982140,1.557589531,0.011313438,0.131348610,0.027803421,0.069152832,0.012512207,-0.046325684,-0.027526855,0.014602661,0.006546021,0.619161606,0.627982140,1.557589531,0.011313438,0.131348610,0.027803421,-0.000019580,-16.537860870,6.888527870,1.224709868,-0.813548565,-0.002202483,-0.007522583,-16.526439667,6.919584274,1.212192535,-0.814129829,0.013885498,-0.000019580,-16.537860870,6.888527870,1.224709868,-0.813548565,-0.002202483,0.000000000,0.000000000,0.000000000,0.000000000,0.000000000,0.000000000,0.000000000,0.000000000,0.000000000,0.000000000,0.000000000,0.000000000,0.000000000,0.000000000,0.000000000,0.000000000,0.000000000,0.000000000,-0.007503003,0.011421204,0.031056404,-0.012517333,-0.000581264,0.016087981,-0.006512039,0.012378683,0.006086535,-0.069889455,0.000139766,0.014322376
9.559421539,0.619161606,0.627982140,1.557589531,0.011313438,0.131348610,0.027420044,-0.019470215,-0.116273880,0.006042480,-0.078552246,0.063949585,0.008560181,0.619161606,0.627982140,1.557589531,0.011313438,0.131348610,0.027803421,-0.000019580,-16.537860870,6.888527870,1.224709868,-0.813548565,-0.002202483,0.019454956,-16.550243378,6.903501511,1.259403229,-0.798321724,-0.024993896,-0.000019580,-16.537860870,6.888527870,1.224709868,-0.813548565,-0.002202483,0.000000000,0.000000000,0.000000000,0.000000000,0.000000000,0.000000000,0.000000000,0.000000000,0.000000000,0.000000000,0.000000000,0.000000000,0.000000000,0.000000000,0.000000000,0.000000000,0.000000000,0.000000000,0.019474536,-0.012382507,0.014973640,0.034693360,0.015226841,-0.022791413,0.020465501,-0.011425028,-0.009996229,-0.022678762,0.015947872,-0.024557019
9.569412231,0.619161606,0.627982140,1.557589531,0.011313438,0.131348610,0.027420044,0.034240723,-0.041810989,-0.096012115,-0.133609772,0.020645142,-0.047836304,0.619161606,0.627982140,1.557206154,0.011313438,0.131348610,0.027420044,-0.000019577,-16.535730362,6.886508942,1.224304914,-0.813321292,-0.002201315,0.002853394,-16.542919159,6.904539108,1.289495468,-0.797467232,-0.004913330,-0.000019577,-16.535730362,6.886508942,1.224304914,-0.813321292,-0.002201315,0.000000000,0.000000000,0.000000000,0.000000000,0.000000000,0.000000000,0.000000000,0.000000000,0.000000000,0.000000000,0.000000000,0.000000000,0.000000000,0.000000000,0.000000000,0.000000000,0.000000000,0.000000000,0.002872970,-0.007188797,0.018030167,0.065190554,0.015854061,-0.002712015,0.003863935,-0.006231317,-0.006939703,0.007818431,0.016575092,-0.004477620
9.579465866,0.619161606,0.627982140,1.557589531,0.011313438,0.130965233,0.027803421,0.110778809,0.082704544,0.008728027,-0.105411530,-0.014602661,0.015609741,0.619161606,0.627982140,1.557589531,0.011313438,0.131348610,0.027803421,-0.000019580,-16.537860870,6.888527870,1.224709868,-0.813548565,-0.002202483,-0.005447388,-16.530101776,6.906614304,1.287420273,-0.804730415,0.000640869,-0.000019580,-16.537860870,6.888527870,1.224709868,-0.813548565,-0.002202483,0.000000000,0.000000000,0.000000000,0.000000000,0.000000000,0.000000000,0.000000000,0.000000000,0.000000000,0.000000000,0.000000000,0.000000000,0.000000000,0.000000000,0.000000000,0.000000000,0.000000000,0.000000000,-0.005427808,0.007759094,0.018086433,0.062710404,0.008818150,0.002843353,-0.004436843,0.008716574,-0.006883436,0.005338282,0.009539180,0.001077747
9.589381933,0.619161606,0.627982140,1.557972908,0.011313438,0.131348610,0.027803421,0.165832520,-0.024108887,0.112121582,0.118835449,0.055892944,-0.021652222,0.619161606,0.627982140,1.557589531,0.011313438,0.131348610,0.027803421,-0.000019580,-16.537860870,6.888527870,1.224709868,-0.813548565,-0.002202483,0.004409790,-16.537425995,6.903501511,1.236576080,-0.803021431,0.014312744,-0.000019580,-16.537860870,6.888527870,1.224709868,-0.813548565,-0.002202483,0.000000000,0.000000000,0.000000000,0.000000000,0.000000000,0.000000000,0.000000000,0.000000000,0.000000000,0.000000000,0.000000000,0.000000000,0.000000000,0.000000000,0.000000000,0.000000000,0.000000000,0.000000000,0.004429370,0.000434875,0.014973640,0.011866212,0.010527134,0.016515228,0.005420335,0.001392355,-0.009996229,-0.045505910,0.011248165,0.014749622
9.599412203,0.619161606,0.627982140,1.557589531,0.011313438,0.131348610,0.027803421,-0.012756348,0.155336380,-0.070495605,0.044982910,0.026687622,0.025680542,0.619161606,0.627982140,1.557589531,0.011313438,0.130965233,0.027420044,-0.000019580,-16.538078308,6.888732910,1.224937797,-0.813589871,-0.002202006,-0.012191772,-16.555736542,6.908170700,1.304540634,-0.820111275,0.004058838,-0.000019580,-16.538078308,6.888732910,1.224937797,-0.813589871,-0.002202006,0.000000000,0.000000000,0.000000000,0.000000000,0.000000000,0.000000000,0.000000000,0.000000000,0.000000000,0.000000000,0.000000000,0.000000000,0.000000000,0.000000000,0.000000000,0.000000000,0.000000000,0.000000000,-0.012172192,-0.017658234,0.019437790,0.079602838,-0.006521404,0.006260844,-0.011181228,-0.016700754,-0.005532080,0.022230715,-0.005800373,0.004495238
9.609381914,0.618778229,0.627982140,1.557589531,0.011313438,0.131348610,0.027803421,-0.053039551,-0.069276810,-0.039611816,-0.019470215,0.005538940,0.017623901,0.618778229,0.627982140,1.557589531,0.011313438,0.131348610,0.027803421,-0.000019564,-16.537860870,6.888527870,1.224709868,-0.813548565,-0.002202483,0.006484985,-16.509956360,6.908689499,1.314397812,-0.809430122,0.005767822,-0.000019564,-16.537860870,6.888527870,1.224709868,-0.813548565,-0.002202483,0.000000000,0.000000000,0.000000000,0.000000000,0.000000000,0.000000000,0.000000000,0.000000000,0.000000000,0.000000000,0.000000000,0.000000000,0.000000000,0.000000000,0.000000000,0.000000000,0.000000000,0.000000000,0.006504549,0.027904510,0.020161629,0.089687943,0.004118443,0.007970306,0.007495513,0.028861990,-0.004808241,0.032315821,0.004839473,0.006204700
9.619445801,0.618778229,0.627982140,1.557589531,0.011313438,0.131348610,0.027803421,-0.089298248,-0.054628372,-0.002014160,0.011413574,-0.065967560,0.000503540,0.619161606,0.627982140,1.557589531,0.011313438,0.131348610,0.027803421,-0.000019580,-16.537860870,6.888527870,1.224709868,-0.813548565,-0.002202483,0.012710571,-16.497138977,6.913358688,1.252658844,-0.828656197,-0.007476807,-0.000019580,-16.537860870,6.888527870,1.224709868,-0.813548565,-0.002202483,0.000000000,0.000000000,0.000000000,0.000000000,0.000000000,0.000000000,0.000000000,0.000000000,0.000000000,0.000000000,0.000000000,0.000000000,0.000000000,0.000000000,0.000000000,0.000000000,0.000000000,0.000000000,0.012730151,0.040721893,0.024830818,0.027948976,-0.015107632,-0.005274323,0.013721116,0.041679373,-0.000139051,-0.029423147,-0.014386601,-0.007039929
9.629376650,0.619161606,0.627982140,1.557589531,0.011313438,0.130965233,0.027803421,-0.044982910,0.050964355,0.074523926,0.086608887,-0.097187042,0.005538940,0.619161606,0.627982140,1.557589531,0.011313438,0.131348610,0.027803421,-0.000019580,-16.537860870,6.888527870,1.224709868,-0.813548565,-0.002202483,0.014785767,-16.528270721,6.921659470,1.297277451,-0.805157661,-0.001068115,-0.000019580,-16.537860870,6.888527870,1.224709868,-0.813548565,-0.002202483,0.000000000,0.000000000,0.000000000,0.000000000,0.000000000,0.000000000,0.000000000,0.000000000,0.000000000,0.000000000,0.000000000,0.000000000,0.000000000,0.000000000,0.000000000,0.000000000,0.000000000,0.000000000,0.014805347,0.009590149,0.033131599,0.072567582,0.008390903,0.001134368,0.015796311,0.010547628,0.008161730,0.015195460,0.009111934,-0.000631238
9.639363050,0.619161606,0.627982140,1.557589531,0.011313438,0.131348610,0.027420044,-0.004699707,0.102235794,0.044982910,-0.087955475,0.003524780,0.022659302,0.619161606,0.627982140,1.557589531,0.011313438,0.130965233,0.027420044,-0.000019580,-16.538078308,6.888732910,1.224937797,-0.813589871,-0.002202006,-0.011672974,-16.577709198,6.918546677,1.278081894,-0.889753342,-0.003631592,-0.000019580,-16.538078308,6.888732910,1.224937797,-0.813589871,-0.002202006,0.000000000,0.000000000,0.000000000,0.000000000,0.000000000,0.000000000,0.000000000,0.000000000,0.000000000,0.000000000,0.000000000,0.000000000,0.000000000,0.000000000,0.000000000,0.000000000,0.000000000,0.000000000,-0.011653393,-0.039630890,0.029813766,0.053144097,-0.076163471,-0.001429586,-0.010662429,-0.038673410,0.004843897,-0.004228025,-0.075442440,-0.003195191
9.649408340,0.619161606,0.627982140,1.557589531,0.011313438,0.130965233,0.027420044,-0.004699707,-0.002136230,0.070495605,-0.058410645,-0.075031281,-0.008560181,0.619161606,0.627982140,1.557589531,0.011313438,0.131348610,0.027420044,-0.000019580,-16.537860870,6.888528347,1.224710464,-0.813548684,-0.002201897,-0.037096024,-16.524608612,6.915433884,1.315435410,-0.803875923,0.012176514,-0.000019580,-16.537860870,6.888528347,1.224710464,-0.813548684,-0.002201897,0.000000000,0.000000000,0.000000000,0.000000000,0.000000000,0.000000000,0.000000000,0.000000000,0.000000000,0.000000000,0.000000000,0.000000000,0.000000000,0.000000000,0.000000000,0.000000000,0.000000000,0.000000000,-0.037076444,0.013252258,0.026905537,0.090724945,0.009672761,0.014378411,-0.036085479,0.014209738,0.001935667,0.033352823,0.010393792,0.012612805
9.659447908,0.619161606,0.627982140,1.557589531,0.011313438,0.131348610,0.027803421,-0.054382324,-0.019836426,0.051696777,0.104064941,0.007553101,0.027694702,0.619161606,0.627982140,1.557589531,0.011313438,0.131348610,0.027803421,-0.000019580,-16.537860870,6.888527870,1.224709868,-0.813548565,-0.002202483,0.020492554,-16.519111633,6.899351120,1.294683456,-0.793622017,-0.005340576,-0.000019580,-16.537860870,6.888527870,1.224709868,-0.813548565,-0.002202483,0.000000000,0.000000000,0.000000000,0.000000000,0.000000000,0.000000000,0.000000000,0.000000000,0.000000000,0.000000000,0.000000000,0.000000000,0.000000000,0.000000000,0.000000000,0.000000000,0.000000000,0.000000000,0.020512134,0.018749237,0.010823250,0.069973588,0.019926548,-0.003138093,0.021503098,0.019706717,-0.014146620,0.012601466,0.020647579,-0.004903698
9.669376373,0.619161606,0.627982140,1.557589531,0.011313438,0.131348610,0.027420044,0.101379395,0.041198730,0.053039551,-0.069152832,-0.021652222,-0.039779663,0.619161606,0.627982140,1.557589531,0.011313438,0.131348610,0.027803421,-0.000019580,-16.537860870,6.888527870,1.224709868,-0.813548565,-0.002202483,0.030349731,-16.504463196,6.891050339,1.267705917,-0.813275337,0.003631592,-0.000019580,-16.537860870,6.888527870,1.224709868,-0.813548565,-0.002202483,0.000000000,0.000000000,0.000000000,0.000000000,0.000000000,0.000000000,0.000000000,0.000000000,0.000000000,0.000000000,0.000000000,0.000000000,0.000000000,0.000000000,0.000000000,0.000000000,0.000000000,0.000000000,0.030369311,0.033397675,0.002522469,0.042996049,0.000273228,0.005834075,0.031360276,0.034355154,-0.022447401,-0.014376073,0.000994259,0.004068469
9.679473639,0.619161606,0.627982140,1.557589531,0.011313438,0.131348610,0.027803421,-0.121524811,-0.028991699,0.132263184,-0.081237793,0.032730103,0.041793823,0.619161606,0.627982140,1.557589531,0.011313438,0.131348610,0.027803421,-0.000019580,-16.537860870,6.888527870,1.224709868,-0.813548565,-0.002202483,-0.006484985,-16.550243378,6.920621872,1.281713486,-0.774394989,0.007049561,-0.000019580,-16.537860870,6.888527870,1.224709868,-0.813548565,-0.002202483,0.000000000,0.000000000,0.000000000,0.000000000,0.000000000,0.000000000,0.000000000,0.000000000,0.000000000,0.000000000,0.000000000,0.000000000,0.000000000,0.000000000,0.000000000,0.000000000,0.000000000,0.000000000,-0.006465405,-0.012382507,0.032094002,0.057003617,0.039153576,0.009252044,-0.005474441,-0.011425028,0.007124132,-0.000368505,0.039874607,0.007486438
9.689378738,0.619161606,0.627982140,1.557589531,0.011313438,0.131348610,0.027803421,0.106750488,-0.025939941,0.050354004,-0.018127441,0.003524780,0.019638062,0.619161606,0.627982140,1.557589531,0.011313438,0.131348610,0.027803421,-0.000019580,-16.537860870,6.888527870,1.224709868,-0.813548565,-0.002202483,-0.012191772,-16.519111633,6.906095505,1.285863876,-0.822247505,-0.000640869,-0.000019580,-16.537860870,6.888527870,1.224709868,-0.813548565,-0.002202483,0.000000000,0.000000000,0.000000000,0.000000000,0.000000000,0.000000000,0.000000000,0.000000000,0.000000000,0.000000000,0.000000000,0.000000000,0.000000000,0.000000000,0.000000000,0.000000000,0.000000000,0.000000000,-0.012172192,0.018749237,0.017567635,0.061154008,-0.008698940,0.001561614,-0.011181228,0.019706717,-0.007402235,0.003781886,-0.007977909,-0.000203991
9.699419260,0.619161606,0.627982140,1.557589531,0.011313438,0.131348610,0.027803421,0.010070801,0.007019043,-0.149723053,-0.039611816,0.031723022,-0.060928345,0.618778229,0.627982140,1.557589531,0.011313438,0.131348610,0.027420044,-0.000019564,-16.537860870,6.888528347,1.224710464,-0.813548684,-0.002201897,0.000259399,-16.557567596,6.914396286,1.284826279,-0.801312447,-0.001922607,-0.000019564,-16.537860870,6.888528347,1.224710464,-0.813548684,-0.002201897,0.000000000,0.000000000,0.000000000,0.000000000,0.000000000,0.000000000,0.000000000,0.000000000,0.000000000,0.000000000,0.000000000,0.000000000,0.000000000,0.000000000,0.000000000,0.000000000,0.000000000,0.000000000,0.000278963,-0.019706726,0.025867939,0.060115814,0.012236238,0.000279289,0.001269928,-0.018749247,0.000898069,0.002743692,0.012957268,-0.001486316
9.709376574,0.619161606,0.627982140,1.557972908,0.011313438,0.131348610,0.027803421,0.071838379,0.035095215,0.081237793,-0.198062897,-0.007553101,0.012588501,0.619161606,0.627982140,1.557972908,0.011313438,0.131348610,0.027420044,-0.000019584,-16.539991379,6.890546799,1.225115657,-0.813775957,-0.002202478,-0.012191772,-16.542919159,6.912839890,1.282232285,-0.822674751,0.002777100,-0.000019584,-16.539991379,6.890546799,1.225115657,-0.813775957,-0.002202478,0.000000000,0.000000000,0.000000000,0.000000000,0.000000000,0.000000000,0.000000000,0.000000000,0.000000000,0.000000000,0.000000000,0.000000000,0.000000000,0.000000000,0.000000000,0.000000000,0.000000000,0.000000000,-0.012172189,-0.002927780,0.022293091,0.057116628,-0.008898795,0.004979578,-0.011181225,-0.001970301,-0.002676779,-0.000255495,-0.008177764,0.003213972
9.719377279,0.619161606,0.627982140,1.557589531,0.011313438,0.131348610,0.027803421,0.082580566,-0.033264160,-0.108097076,-0.140323639,0.012588501,-0.026687622,0.619161606,0.627982140,1.557589531,0.011313438,0.131348610,0.027803421,-0.000019580,-16.537860870,6.888527870,1.224709868,-0.813548565,-0.002202483,0.008041382,-16.541088104,6.913358688,1.274450302,-0.786357880,-0.004058838,-0.000019580,-16.537860870,6.888527870,1.224709868,-0.813548565,-0.002202483,0.000000000,0.000000000,0.000000000,0.000000000,0.000000000,0.000000000,0.000000000,0.000000000,0.000000000,0.000000000,0.000000000,0.000000000,0.000000000,0.000000000,0.000000000,0.000000000,0.000000000,0.000000000,0.008060962,-0.003227234,0.024830818,0.049740434,0.027190685,-0.001856355,0.009051926,-0.002269754,-0.000139051,-0.007631689,0.027911716,-0.003621960
9.729378939,0.619161606,0.627982140,1.557589531,0.011313438,0.131348610,0.027803421,-0.078552246,-0.018005371,-0.159122467,-0.063781738,0.026687622,0.030715942,0.619161606,0.627982140,1.557589531,0.011313438,0.131348610,0.027803421,-0.000019580,-16.537860870,6.888527870,1.224709868,-0.813548565,-0.002202483,-0.000259399,-16.537425995,6.907651901,1.237613678,-0.811993599,0.010040283,-0.000019580,-16.537860870,6.888527870,1.224709868,-0.813548565,-0.002202483,0.000000000,0.000000000,0.000000000,0.000000000,0.000000000,0.000000000,0.000000000,0.000000000,0.000000000,0.000000000,0.000000000,0.000000000,0.000000000,0.000000000,0.000000000,0.000000000,0.000000000,0.000000000,-0.000239819,0.000434875,0.019124031,0.012903810,0.001554966,0.012242767,0.000751145,0.001392355,-0.005845839,-0.044468313,0.002275997,0.010477161
9.739411592,0.619161606,0.627982140,1.557589531,0.011313438,0.131348610,0.027420044,-0.010070801,0.062561035,0.134948730,0.002014160,0.034744263,0.011581421,0.619161606,0.627982140,1.557589531,0.011313438,0.130965233,0.027420044,-0.000019580,-16.538078308,6.888732910,1.224937797,-0.813589871,-0.002202006,0.021530151,-16.601512909,6.904539108,1.251102448,-0.820538521,-0.003631592,-0.000019580,-16.538078308,6.888732910,1.224937797,-0.813589871,-0.002202006,0.000000000,0.000000000,0.000000000,0.000000000,0.000000000,0.000000000,0.000000000,0.000000000,0.000000000,0.000000000,0.000000000,0.000000000,0.000000000,0.000000000,0.000000000,0.000000000,0.000000000,0.000000000,0.021549732,-0.063434601,0.015806198,0.026164651,-0.006948650,-0.001429586,0.022540696,-0.062477121,-0.009163671,-0.031207471,-0.006227619,-0.003195191
9.749399662,0.619161606,0.627982140,1.557589531,0.011313438,0.131348610,0.027803421,0.079895020,-0.052797318,-0.049011230,-0.079895020,0.025680542,0.018630981,0.619161606,0.627982140,1.557589531,0.011313438,0.131348610,0.027420044,-0.000019580,-16.537860870,6.888528347,1.224710464,-0.813548684,-0.002201897,-0.009597778,-16.515449524,6.914396286,1.293645859,-0.817547798,-0.002349854,-0.000019580,-16.537860870,6.888528347,1.224710464,-0.813548684,-0.002201897,0.000000000,0.000000000,0.000000000,0.000000000,0.000000000,0.000000000,0.000000000,0.000000000,0.000000000,0.000000000,0.000000000,0.000000000,0.000000000,0.000000000,0.000000000,0.000000000,0.000000000,0.000000000,-0.009578198,0.022411346,0.025867939,0.068935394,-0.003999114,-0.000147957,-0.008587234,0.023368826,0.000898069,0.011563272,-0.003278083,-0.001913562
9.759532213,0.619161606,0.627982140,1.557589531,0.011313438,0.131348610,0.027420044,0.138977051,-0.009460449,-0.007385254,-0.148380280,0.052871704,-0.009567261,0.619161606,0.627982140,1.557589531,0.011313438,0.131348610,0.027420044,-0.000019580,-16.537860870,6.888528347,1.224710464,-0.813548684,-0.002201897,0.028793335,-16.531932831,6.922697067,1.280675888,-0.804303169,-0.008758545,-0.000019580,-16.537860870,6.888528347,1.224710464,-0.813548684,-0.002201897,0.000000000,0.000000000,0.000000000,0.000000000,0.000000000,0.000000000,0.000000000,0.000000000,0.000000000,0.000000000,0.000000000,0.000000000,0.000000000,0.000000000,0.000000000,0.000000000,0.000000000,0.000000000,0.028812915,0.005928040,0.034168720,0.055965424,0.009245515,-0.006556648,0.029803879,0.006885519,0.009198851,-0.001406699,0.009966546,-0.008322254
9.769462824,0.619161606,0.627982140,1.557589531,0.011313438,0.130965233,0.027803421,0.046325684,-0.027160645,-0.034240723,-0.081237793,0.001510620,0.000503540,0.619161606,0.627982140,1.557589531,0.011313438,0.131348610,0.027420044,-0.000019580,-16.537860870,6.888528347,1.224710464,-0.813548684,-0.002201897,-0.028274536,-16.535594940,6.908689499,1.285345078,-0.849164963,-0.016876221,-0.000019580,-16.537860870,6.888528347,1.224710464,-0.813548684,-0.002201897,0.000000000,0.000000000,0.000000000,0.000000000,0.000000000,0.000000000,0.000000000,0.000000000,0.000000000,0.000000000,0.000000000,0.000000000,0.000000000,0.000000000,0.000000000,0.000000000,0.000000000,0.000000000,-0.028254956,0.002265930,0.020161152,0.060634613,-0.035616279,-0.014674324,-0.027263992,0.003223410,-0.004808718,0.003262491,-0.034895248,-0.016439930
9.779376984,0.619161606,0.627982140,1.557206154,0.011313438,0.131348610,0.027803421,0.071838379,0.132753372,-0.242374420,-0.043640137,-0.044815063,0.005538940,0.619161606,0.627982140,1.557589531,0.011313438,0.130965233,0.027420044,-0.000019580,-16.538078308,6.888732910,1.224937797,-0.813589871,-0.002202006,0.010635376,-16.500801086,6.928403854,1.269262314,-0.785503387,0.003204346,-0.000019580,-16.538078308,6.888732910,1.224937797,-0.813589871,-0.002202006,0.000000000,0.000000000,0.000000000,0.000000000,0.000000000,0.000000000,0.000000000,0.000000000,0.000000000,0.000000000,0.000000000,0.000000000,0.000000000,0.000000000,0.000000000,0.000000000,0.000000000,0.000000000,0.010654956,0.037277222,0.039670944,0.044324517,0.028086483,0.005406352,0.011645921,0.038234701,0.014701075,-0.013047605,0.028807514,0.003640746
9.789375782,0.619161606,0.627982140,1.557589531,0.011313438,0.131348610,0.027420044,-0.098697662,0.033874512,0.062438965,0.010070801,0.013595581,-0.059921265,0.618778229,0.627982140,1.557589531,0.011313438,0.131348610,0.027803421,-0.000019564,-16.537860870,6.888527870,1.224709868,-0.813548565,-0.002202483,-0.025161743,-16.579540253,6.897275925,1.284307480,-0.842328072,0.014312744,-0.000019564,-16.537860870,6.888527870,1.224709868,-0.813548565,-0.002202483,0.000000000,0.000000000,0.000000000,0.000000000,0.000000000,0.000000000,0.000000000,0.000000000,0.000000000,0.000000000,0.000000000,0.000000000,0.000000000,0.000000000,0.000000000,0.000000000,0.000000000,0.000000000,-0.025142180,-0.041679382,0.008748055,0.059597611,-0.028779507,0.016515228,-0.024151215,-0.040721903,-0.016221815,0.002225489,-0.028058476,0.014749622
9.799408913,0.619161606,0.627982140,1.557589531,0.011313438,0.131348610,0.027420044,-0.149723053,0.092470169,0.006042480,-0.117496490,0.054885864,-0.032730103,0.619161606,0.627982140,1.557589531,0.011313438,0.131348610,0.027803421,-0.000019580,-16.537860870,6.888527870,1.224709868,-0.813548565,-0.002202483,0.008041382,-16.539257050,6.904020309,1.297277451,-0.803875923,-0.017303467,-0.000019580,-16.537860870,6.888527870,1.224709868,-0.813548565,-0.002202483,0.000000000,0.000000000,0.000000000,0.000000000,0.000000000,0.000000000,0.000000000,0.000000000,0.000000000,0.000000000,0.000000000,0.000000000,0.000000000,0.000000000,0.000000000,0.000000000,0.000000000,0.000000000,0.008060962,-0.001396179,0.015492439,0.072567582,0.009672642,-0.015100983,0.009051926,-0.000438700,-0.009477430,0.015195460,0.010393673,-0.016866589
9.809530020,0.619161606,0.627982140,1.557589531,0.011313438,0.130965233,0.027420044,-0.020812988,-0.127260208,0.024841309,-0.069152832,-0.106250763,-0.025680542,0.619161606,0.627982140,1.557589531,0.011313438,0.130965233,0.027420044,-0.000019580,-16.538078308,6.888732910,1.224937797,-0.813589871,-0.002202006,-0.003372192,-16.572216034,6.909727097,1.311285019,-0.839764595,-0.010467529,-0.000019580,-16.538078308,6.888732910,1.224937797,-0.813589871,-0.002202006,0.000000000,0.000000000,0.000000000,0.000000000,0.000000000,0.000000000,0.000000000,0.000000000,0.000000000,0.000000000,0.000000000,0.000000000,0.000000000,0.000000000,0.000000000,0.000000000,0.000000000,0.000000000,-0.003352612,-0.034137726,0.020994186,0.086347222,-0.026174724,-0.008265523,-0.002361648,-0.033180246,-0.003975683,0.028975100,-0.025453693,-0.010031129
9.819401503,0.619161606,0.627982140,1.557589531,0.011313438,0.130965233,0.027803421,-0.104068756,-0.117494583,0.063781738,-0.086612701,0.017623901,-0.017623901,0.618778229,0.627982140,1.557589531,0.011313438,0.131348610,0.027803421,-0.000019564,-16.537860870,6.888527870,1.224709868,-0.813548565,-0.002202483,-0.013748169,-16.526439667,6.911802292,1.294164658,-0.823529243,-0.004486084,-0.000019564,-16.537860870,6.888527870,1.224709868,-0.813548565,-0.002202483,0.000000000,0.000000000,0.000000000,0.000000000,0.000000000,0.000000000,0.000000000,0.000000000,0.000000000,0.000000000,0.000000000,0.000000000,0.000000000,0.000000000,0.000000000,0.000000000,0.000000000,0.000000000,-0.013728605,0.011421204,0.023274422,0.069454789,-0.009980679,-0.002283601,-0.012737641,0.012378683,-0.001695448,0.012082667,-0.009259648,-0.004049206
9.829397678,0.619161606,0.627982140,1.557589531,0.011313438,0.131348610,0.027803421,-0.014099121,-0.047914505,0.098693848,-0.122867584,-0.037765503,0.023666382,0.619161606,0.627982140,1.557589531,0.011313438,0.131348610,0.027803421,-0.000019580,-16.537860870,6.888527870,1.224709868,-0.813548565,-0.002202483,-0.013748169,-16.539257050,6.911802292,1.268743515,-0.814129829,0.013031006,-0.000019580,-16.537860870,6.888527870,1.224709868,-0.813548565,-0.002202483,0.000000000,0.000000000,0.000000000,0.000000000,0.000000000,0.000000000,0.000000000,0.000000000,0.000000000,0.000000000,0.000000000,0.000000000,0.000000000,0.000000000,0.000000000,0.000000000,0.000000000,0.000000000,-0.013728589,-0.001396179,0.023274422,0.044033647,-0.000581264,0.015233489,-0.012737624,-0.000438700,-0.001695448,-0.013338476,0.000139766,0.013467884
9.839478016,0.619161606,0.627982140,1.557589531,0.011313438,0.131348610,0.027420044,-0.071838379,0.018615723,-0.087955475,0.024841309,0.011581421,-0.014602661,0.619161606,0.627982140,1.557589531,0.011313438,0.131348610,0.027420044,-0.000019580,-16.537860870,6.888528347,1.224710464,-0.813548684,-0.002201897,-0.013748169,-16.520942688,6.920103073,1.257846832,-0.793622017,0.009185791,-0.000019580,-16.537860870,6.888528347,1.224710464,-0.813548684,-0.002201897,0.000000000,0.000000000,0.000000000,0.000000000,0.000000000,0.000000000,0.000000000,0.000000000,0.000000000,0.000000000,0.000000000,0.000000000,0.000000000,0.000000000,0.000000000,0.000000000,0.000000000,0.000000000,-0.013728589,0.016918182,0.031574726,0.033136368,0.019926667,0.011387688,-0.012737624,0.017875662,0.006604857,-0.024235754,0.020647698,0.009622082
9.849383354,0.619161606,0.627982140,1.557589531,0.011313438,0.131348610,0.027803421,0.003356934,-0.002746582,0.024841309,-0.023498535,-0.003524780,-0.000503540,0.618778229,0.627982140,1.557589531,0.011313438,0.130965233,0.027420044,-0.000019564,-16.538078308,6.888732910,1.224937797,-0.813589871,-0.002202006,0.007003784,-16.564891815,6.893644333,1.278600693,-0.843609810,0.003204346,-0.000019564,-16.538078308,6.888732910,1.224937797,-0.813589871,-0.002202006,0.000000000,0.000000000,0.000000000,0.000000000,0.000000000,0.000000000,0.000000000,0.000000000,0.000000000,0.000000000,0.000000000,0.000000000,0.000000000,0.000000000,0.000000000,0.000000000,0.000000000,0.000000000,0.007023348,-0.026813507,0.004911423,0.053662896,-0.030019939,0.005406352,0.008014313,-0.025856028,-0.020058447,-0.003709226,-0.029298908,0.003640746
9.859463692,0.619161606,0.627982140,1.557589531,0.011313438,0.131348610,0.027420044,0.161804199,0.002136230,-0.089298248,-0.020812988,-0.005538940,0.031723022,0.619161606,0.627982140,1.557589531,0.011313438,0.131348610,0.027803421,-0.000019580,-16.537860870,6.888527870,1.224709868,-0.813548565,-0.002202483,-0.000259399,-16.533763885,6.911283493,1.255771637,-0.809857368,0.003631592,-0.000019580,-16.537860870,6.888527870,1.224709868,-0.813548565,-0.002202483,0.000000000,0.000000000,0.000000000,0.000000000,0.000000000,0.000000000,0.000000000,0.000000000,0.000000000,0.000000000,0.000000000,0.000000000,0.000000000,0.000000000,0.000000000,0.000000000,0.000000000,0.000000000,-0.000239819,0.004096985,0.022755623,0.031061769,0.003691196,0.005834075,0.000751145,0.005054464,-0.002214247,-0.026310354,0.004412227,0.004068469
9.869378328,0.618778229,0.627982140,1.557206154,0.011313438,0.131348610,0.027803421,-0.105411530,0.024108887,-0.238346100,-0.073181152,0.043807983,-0.003524780,0.619161606,0.627982140,1.557589531,0.011313438,0.131348610,0.027803421,-0.000019580,-16.537860870,6.888527870,1.224709868,-0.813548565,-0.002202483,-0.016860962,-16.564891815,6.920621872,1.257328033,-0.801739693,0.007049561,-0.000019580,-16.537860870,6.888527870,1.224709868,-0.813548565,-0.002202483,0.000000000,0.000000000,0.000000000,0.000000000,0.000000000,0.000000000,0.000000000,0.000000000,0.000000000,0.000000000,0.000000000,0.000000000,0.000000000,0.000000000,0.000000000,0.000000000,0.000000000,0.000000000,-0.016841382,-0.027030945,0.032094002,0.032618165,0.011808872,0.009252044,-0.015850417,-0.026073465,0.007124132,-0.024753957,0.012529903,0.007486438
9.879385710,0.618778229,0.627982140,1.557589531,0.011313438,0.130965233,0.027420044,-0.043640137,0.043640137,0.075866699,-0.022155762,-0.043807983,-0.014602661,0.618778229,0.627982140,1.557589531,0.011313438,0.131348610,0.027420044,-0.000019564,-16.537860870,6.888528347,1.224710464,-0.813548684,-0.002201897,-0.013748169,-16.541088104,6.947599411,1.257328033,-0.788921356,-0.003631592,-0.000019564,-16.537860870,6.888528347,1.224710464,-0.813548684,-0.002201897,0.000000000,0.000000000,0.000000000,0.000000000,0.000000000,0.000000000,0.000000000,0.000000000,0.000000000,0.000000000,0.000000000,0.000000000,0.000000000,0.000000000,0.000000000,0.000000000,0.000000000,0.000000000,-0.013728605,-0.003227234,0.059071064,0.032617569,0.024627328,-0.001429695,-0.012737641,-0.002269754,0.034101194,-0.024754553,0.025348359,-0.003195301
9.889423132,0.619161606,0.627982140,1.557589531,0.011313438,0.131348610,0.027803421,0.028869629,-0.012512207,-0.053039551,0.151062012,-0.031723022,0.001510620,0.619161606,0.627982140,1.557589531,0.011313438,0.131348610,0.027803421,-0.000019580,-16.537860870,6.888527870,1.224709868,-0.813548565,-0.002202483,0.041763306,-16.508125305,6.916471481,1.274450302,-0.792766571,0.005340576,-0.000019580,-16.537860870,6.888527870,1.224709868,-0.813548565,-0.002202483,0.000000000,0.000000000,0.000000000,0.000000000,0.000000000,0.000000000,0.000000000,0.000000000,0.000000000,0.000000000,0.000000000,0.000000000,0.000000000,0.000000000,0.000000000,0.000000000,0.000000000,0.000000000,0.041782886,0.029735565,0.027943611,0.049740434,0.020781994,0.007543060,0.042773850,0.030693045,0.002973742,-0.007631689,0.021503025,0.005777454
9.899378777,0.619161606,0.627982140,1.557589531,0.011313438,0.130965233,0.027803421,0.097351074,-0.060731888,-0.044982910,-0.093326569,-0.042800903,0.022659302,0.619161606,0.627982140,1.557589531,0.011313438,0.130965233,0.027803421,-0.000019580,-16.538076401,6.888732433,1.224937201,-0.813589752,-0.002202593,0.028274536,-16.542919159,6.903501511,1.280157089,-0.793622017,-0.005767822,-0.000019580,-16.538076401,6.888732433,1.224937201,-0.813589752,-0.002202593,0.000000000,0.000000000,0.000000000,0.000000000,0.000000000,0.000000000,0.000000000,0.000000000,0.000000000,0.000000000,0.000000000,0.000000000,0.000000000,0.000000000,0.000000000,0.000000000,0.000000000,0.000000000,0.028294116,-0.004842758,0.014769077,0.055219889,0.019967735,-0.003565230,0.029285081,-0.003885279,-0.010200792,-0.002152234,0.020688766,-0.005330835
9.909376383,0.619161606,0.627982140,1.557589531,0.011313438,0.131348610,0.027803421,-0.061096191,-0.051576614,-0.073181152,-0.104068756,-0.054885864,0.043807983,0.619161606,0.627982140,1.557589531,0.011313438,0.131348610,0.027420044,-0.000019580,-16.537860870,6.888528347,1.224710464,-0.813548684,-0.002201897,-0.017898560,-16.561229706,6.911802292,1.288457870,-0.806439400,0.013458252,-0.000019580,-16.537860870,6.888528347,1.224710464,-0.813548684,-0.002201897,0.000000000,0.000000000,0.000000000,0.000000000,0.000000000,0.000000000,0.000000000,0.000000000,0.000000000,0.000000000,0.000000000,0.000000000,0.000000000,0.000000000,0.000000000,0.000000000,0.000000000,0.000000000,-0.017878980,-0.023368835,0.023273945,0.063747406,0.007109284,0.015660149,-0.016888015,-0.022411356,-0.001695925,0.006375284,0.007830315,0.013894543
9.919398308,0.619161606,0.627982140,1.557589531,0.011313438,0.131348610,0.027420044,0.043640137,0.000915527,0.008728027,0.196720123,-0.004531860,-0.043807983,0.619161606,0.627982140,1.557589531,0.011313438,0.131348610,0.027803421,-0.000019580,-16.537860870,6.888527870,1.224709868,-0.813548565,-0.002202483,-0.058366776,-16.555736542,6.919065475,1.291051865,-0.804730415,-0.004058838,-0.000019580,-16.537860870,6.888527870,1.224709868,-0.813548565,-0.002202483,0.000000000,0.000000000,0.000000000,0.000000000,0.000000000,0.000000000,0.000000000,0.000000000,0.000000000,0.000000000,0.000000000,0.000000000,0.000000000,0.000000000,0.000000000,0.000000000,0.000000000,0.000000000,-0.058347195,-0.017875671,0.030537605,0.066341996,0.008818150,-0.001856355,-0.057356231,-0.016918192,0.005567736,0.008969874,0.009539180,-0.003621960
9.929381609,0.618778229,0.627982140,1.557589531,0.011313438,0.131348610,0.027420044,-0.028869629,-0.040590286,0.078552246,0.106750488,0.027694702,0.020645142,0.619161606,0.627982140,1.557589531,0.011313438,0.131348610,0.027420044,-0.000019580,-16.537860870,6.888528347,1.224710464,-0.813548684,-0.002201897,-0.002334595,-16.564891815,6.919065475,1.298833847,-0.812420845,0.003204346,-0.000019580,-16.537860870,6.888528347,1.224710464,-0.813548684,-0.002201897,0.000000000,0.000000000,0.000000000,0.000000000,0.000000000,0.000000000,0.000000000,0.000000000,0.000000000,0.000000000,0.000000000,0.000000000,0.000000000,0.000000000,0.000000000,0.000000000,0.000000000,0.000000000,-0.002315015,-0.027030945,0.030537128,0.074123383,0.001127839,0.005406243,-0.001324050,-0.026073465,0.005567259,0.016751260,0.001848870,0.003640637
9.939395428,0.619161606,0.627982140,1.557589531,0.011313438,0.130965233,0.027803421,0.067810059,0.122987747,-0.085266113,0.042297363,-0.055892944,-0.018630981,0.619161606,0.627982140,1.557589531,0.011313438,0.131348610,0.027420044,-0.000019580,-16.537860870,6.888528347,1.224710464,-0.813548684,-0.002201897,0.006484985,-16.539257050,6.896238327,1.294683456,-0.808575630,0.009185791,-0.000019580,-16.537860870,6.888528347,1.224710464,-0.813548684,-0.002201897,0.000000000,0.000000000,0.000000000,0.000000000,0.000000000,0.000000000,0.000000000,0.000000000,0.000000000,0.000000000,0.000000000,0.000000000,0.000000000,0.000000000,0.000000000,0.000000000,0.000000000,0.000000000,0.006504565,-0.001396179,0.007709980,0.069972992,0.004973054,0.011387688,0.007495530,-0.000438700,-0.017259890,0.012600870,0.005694085,0.009622082
9.949377060,0.619161606,0.627982140,1.557589531,0.011313438,0.131348610,0.027420044,-0.063781738,-0.030212402,0.070495605,-0.035583496,-0.048843384,0.002517700,0.619161606,0.627982140,1.557589531,0.011313438,0.131348610,0.027803421,-0.000019580,-16.537860870,6.888527870,1.224709868,-0.813548565,-0.002202483,0.002334595,-16.537425995,6.925809860,1.303503036,-0.800457954,-0.002777100,-0.000019580,-16.537860870,6.888527870,1.224709868,-0.813548565,-0.002202483,0.000000000,0.000000000,0.000000000,0.000000000,0.000000000,0.000000000,0.000000000,0.000000000,0.000000000,0.000000000,0.000000000,0.000000000,0.000000000,0.000000000,0.000000000,0.000000000,0.000000000,0.000000000,0.002354175,0.000434875,0.037281990,0.078793168,0.013090611,-0.000574616,0.003345139,0.001392355,0.012312120,0.021421046,0.013811641,-0.002340222
9.959403276,0.619161606,0.627982140,1.557589531,0.011313438,0.131348610,0.027803421,-0.020812988,0.038757324,-0.083923340,-0.121524811,-0.021652222,0.017623901,0.619161606,0.627982140,1.557589531,0.011313438,0.131348610,0.027803421,-0.000019580,-16.537860870,6.888527870,1.224709868,-0.813548565,-0.002202483,0.015304565,-16.564891815,6.918027878,1.297796249,-0.811139107,0.001495361,-0.000019580,-16.537860870,6.888527870,1.224709868,-0.813548565,-0.002202483,0.000000000,0.000000000,0.000000000,0.000000000,0.000000000,0.000000000,0.000000000,0.000000000,0.000000000,0.000000000,0.000000000,0.000000000,0.000000000,0.000000000,0.000000000,0.000000000,0.000000000,0.000000000,0.015324145,-0.027030945,0.029500008,0.073086381,0.002409458,0.003697845,0.016315110,-0.026073465,0.004530138,0.015714259,0.003130489,0.001932239
9.969382048,0.619161606,0.627982140,1.557589531,0.011313438,0.131348610,0.027803421,0.143005371,-0.116273880,-0.194034576,-0.019470215,-0.010574341,0.010574341,0.619161606,0.627982140,1.557589531,0.011313438,0.131348610,0.027803421,-0.000019580,-16.537860870,6.888527870,1.224709868,-0.813548565,-0.002202483,-0.022567749,-16.577709198,6.902463913,1.345006943,-0.812848091,0.009185791,-0.000019580,-16.537860870,6.888527870,1.224709868,-0.813548565,-0.002202483,0.000000000,0.000000000,0.000000000,0.000000000,0.000000000,0.000000000,0.000000000,0.000000000,0.000000000,0.000000000,0.000000000,0.000000000,0.000000000,0.000000000,0.000000000,0.000000000,0.000000000,0.000000000,-0.022548169,-0.039848328,0.013936043,0.120297074,0.000700474,0.011388274,-0.021557205,-0.038890848,-0.011033827,0.062924952,0.001421505,0.009622669
9.979423046,0.619161606,0.627982140,1.557589531,0.011313438,0.131348610,0.027803421,-0.047668457,0.022277832,0.031555176,-0.083923340,0.060928345,0.036758423,0.619161606,0.627982140,1.557589531,0.011313438,0.130965233,0.027803421,-0.000019580,-16.538076401,6.888732433,1.224937201,-0.813589752,-0.002202593,-0.003372192,-16.513618469,6.933073044,1.289495468,-0.802166939,0.008331299,-0.000019580,-16.538076401,6.888732433,1.224937201,-0.813589752,-0.002202593,0.000000000,0.000000000,0.000000000,0.000000000,0.000000000,0.000000000,0.000000000,0.000000000,0.000000000,0.000000000,0.000000000,0.000000000,0.000000000,0.000000000,0.000000000,0.000000000,0.000000000,0.000000000,-0.003352612,0.024457932,0.044340611,0.064558268,0.011422813,0.010533891,-0.002361648,0.025415411,0.019370741,0.007186145,0.012143844,0.008768286
9.989379883,0.619161606,0.627982140,1.557589531,0.011313438,0.131348610,0.027420044,0.188663483,-0.117494583,0.058410645,-0.125553131,-0.032730103,-0.006546021,0.619161606,0.627982140,1.557589531,0.011313438,0.131348610,0.027420044,-0.000019580,-16.537860870,6.888528347,1.224710464,-0.813548684,-0.002201897,-0.005966187,-16.528270721,6.887937546,1.254215240,-0.817120552,0.005340576,-0.000019580,-16.537860870,6.888528347,1.224710464,-0.813548684,-0.002201897,0.000000000,0.000000000,0.000000000,0.000000000,0.000000000,0.000000000,0.000000000,0.000000000,0.000000000,0.000000000,0.000000000,0.000000000,0.000000000,0.000000000,0.000000000,0.000000000,0.000000000,0.000000000,-0.005946606,0.009590149,-0.000590801,0.029504776,-0.003571868,0.007542473,-0.004955642,0.010547628,-0.025560671,-0.027867346,-0.002850837,0.005776867
9.999403715,0.619161606,0.627982140,1.557589531,0.011313438,0.131348610,0.027420044,-0.022155762,0.030822754,-0.012756348,0.030212402,-0.020645142,0.013595581,0.618778229,0.627982140,1.557589531,0.011313438,0.131348610,0.027420044,-0.000019564,-16.537860870,6.888528347,1.224710464,-0.813548684,-0.002201897,-0.011154175,-16.537425995,6.925809860,1.225162506,-0.821820259,0.003204346,-0.000019564,-16.537860870,6.888528347,1.224710464,-0.813548684,-0.002201897,0.000000000,0.000000000,0.000000000,0.000000000,0.000000000,0.000000000,0.000000000,0.000000000,0.000000000,0.000000000,0.000000000,0.000000000,0.000000000,0.000000000,0.000000000,0.000000000,0.000000000,0.000000000,-0.011134611,0.000434875,0.037281513,0.000452042,-0.008271575,0.005406243,-0.010143647,0.001392355,0.012311644,-0.056920081,-0.007550544,0.003640637
