time,q1,q2,q3,q4,q5,q6,qdot1,qdot2,qdot3,qdot4,qdot5,qdot6,q_des1,q_des2,q_des3,q_des4,q_des5,q_des6,tau_cmd1,tau_cmd2,tau_cmd3,tau_cmd4,tau_cmd5,tau_cmd6,tau_meas1,tau_meas2,tau_meas3,tau_meas4,tau_meas5,tau_meas6,tau_ff1,tau_ff2,tau_ff3,tau_ff4,tau_ff5,tau_ff6,kp1,kp2,kp3,kp4,kp5,kp6,kd1,kd2,kd3,kd4,kd5,kd6,qdot_des1,qdot_des2,qdot_des3,qdot_des4,qdot_des5,qdot_des6,tau_residual1,tau_residual2,tau_residual3,tau_residual4,tau_residual5,tau_residual6,tau_residual_corrected1,tau_residual_corrected2,tau_residual_corrected3,tau_residual_corrected4,tau_residual_corrected5,tau_residual_corrected6
0.000000000,-0.004409790,0.047361374,-0.016681671,-0.004794121,0.010545731,0.036240578,0.216861725,0.039367676,0.071838379,0.191349030,0.005538940,0.051864624,-0.004794121,0.047361374,-0.016681671,-0.004794121,0.010545731,0.035857201,0.000008902,-0.147308230,-0.567833185,-0.121691234,0.069839187,0.000090937,0.000259399,-0.156558990,-0.591699600,-0.132555008,0.064729691,0.008758545,0.000008902,-0.147308230,-0.567833185,-0.121691234,0.069839187,0.000090937,0.000000000,0.000000000,0.000000000,0.000000000,0.000000000,0.000000000,0.000000000,0.000000000,0.000000000,0.000000000,0.000000000,0.000000000,0.000000000,0.000000000,0.000000000,0.000000000,0.000000000,0.000000000,0.000250498,-0.009250760,-0.023866415,-0.010863774,-0.005109496,0.008667608,0.000000000,0.000000000,0.000000000,0.000000000,0.000000000,0.000000000
0.009747744,-0.004409790,0.047361374,-0.016681671,-0.005177498,0.010545731,0.036240578,0.249088287,0.011901855,0.112121582,0.027526855,0.009567261,0.042800903,-0.004409790,0.047361374,-0.016681671,-0.005177498,0.010545731,0.035857201,0.000008902,-0.146722600,-0.568387985,-0.122307688,0.070227556,0.000091970,0.001296997,-0.121768951,-0.603631973,-0.130998611,0.080110550,-0.017730713,0.000008902,-0.146722600,-0.568387985,-0.122307688,0.070227556,0.000091970,0.000000000,0.000000000,0.000000000,0.000000000,0.000000000,0.000000000,0.000000000,0.000000000,0.000000000,0.000000000,0.000000000,0.000000000,0.000000000,0.000000000,0.000000000,0.000000000,0.000000000,0.000000000,0.001288096,0.024953648,-0.035243988,-0.008690923,0.009882994,-0.017822683,0.000518799,0.017102204,-0.005688787,0.001086425,0.007496245,-0.013245145
0.019687414,-0.004409790,0.047361374,-0.016681671,-0.005177498,0.010545731,0.035857201,-0.010070801,-0.086366653,-0.016784668,0.028869629,-0.019638062,-0.014602661,-0.004409790,0.047361374,-0.016681671,-0.004794121,0.010545731,0.036240578,0.000008902,-0.147307247,-0.567834139,-0.121692270,0.069839187,0.000089904,0.000259399,-0.140079498,-0.592218399,-0.123735428,0.058748245,0.019012451,0.000008902,-0.147307247,-0.567834139,-0.121692270,0.069839187,0.000089904,0.000000000,0.000000000,0.000000000,0.000000000,0.000000000,0.000000000,0.000000000,0.000000000,0.000000000,0.000000000,0.000000000,0.000000000,0.000000000,0.000000000,0.000000000,0.000000000,0.000000000,0.000000000,0.000250498,0.007227749,-0.024384260,-0.002043158,-0.011090942,0.018922548,-0.000345866,-0.000415797,0.003447294,0.005156127,-0.008985127,0.015666723
0.029689312,-0.004409790,0.047361374,-0.016681671,-0.004794121,0.010545731,0.036240578,-0.063781738,0.047302246,-0.031555176,-0.026184082,0.062942505,-0.012588501,-0.004794121,0.047361374,-0.017066002,-0.004794121,0.010545731,0.035857201,0.000008902,-0.143799007,-0.571157694,-0.122309223,0.070228517,0.000091973,-0.024124146,-0.127262115,-0.596368790,-0.119585037,0.083101273,0.013885498,0.000008902,-0.143799007,-0.571157694,-0.122309223,0.070228517,0.000091973,0.000000000,0.000000000,0.000000000,0.000000000,0.000000000,0.000000000,0.000000000,0.000000000,0.000000000,0.000000000,0.000000000,0.000000000,0.000000000,0.000000000,0.000000000,0.000000000,0.000000000,0.000000000,-0.024133047,0.016536891,-0.025211096,0.002724186,0.012872756,0.013793526,-0.018547058,0.006670009,0.001965344,0.007442603,0.011233928,0.007903276
0.039796114,-0.004794121,0.047361374,-0.017066002,-0.004794121,0.010545731,0.035857201,-0.038269043,0.044860840,-0.077209473,0.093322754,0.012588501,0.010574341,-0.004794121,0.047361374,-0.016681671,-0.005177498,0.010545731,0.035857201,0.000008902,-0.146722600,-0.568387985,-0.122307688,0.070227556,0.000091970,0.000259399,-0.200504303,-0.580286026,-0.145006180,0.069429398,0.000640869,0.000008902,-0.146722600,-0.568387985,-0.122307688,0.070227556,0.000091970,0.000000000,0.000000000,0.000000000,0.000000000,0.000000000,0.000000000,0.000000000,0.000000000,0.000000000,0.000000000,0.000000000,0.000000000,0.000000000,0.000000000,0.000000000,0.000000000,0.000000000,0.000000000,0.000250498,-0.053781703,-0.011898041,-0.022698492,-0.000798158,0.000548899,0.004669189,-0.050918868,0.012222719,-0.014384060,-0.001949589,-0.004273080
0.049765587,-0.004409790,0.047361374,-0.016681671,-0.005177498,0.010545731,0.035857201,-0.086612701,-0.101015091,-0.036926270,-0.019470215,0.061935425,-0.051864624,-0.004409790,0.047361374,-0.016681671,-0.005177498,0.010545731,0.035857201,0.000008902,-0.146722600,-0.568387985,-0.122307688,0.070227556,0.000091970,0.003890991,-0.151065826,-0.578210831,-0.137742996,0.075410843,0.007904053,0.000008902,-0.146722600,-0.568387985,-0.122307688,0.070227556,0.000091970,0.000000000,0.000000000,0.000000000,0.000000000,0.000000000,0.000000000,0.000000000,0.000000000,0.000000000,0.000000000,0.000000000,0.000000000,0.000000000,0.000000000,0.000000000,0.000000000,0.000000000,0.000000000,0.003882090,-0.004343227,-0.009822845,-0.015435308,0.005183287,0.007812083,0.006917318,-0.001233660,0.011914929,-0.005934063,0.003359880,0.002491753
0.059725761,-0.004409790,0.047361374,-0.016681671,-0.004794121,0.010545731,0.036240578,-0.040954590,0.039978027,0.137634277,-0.075866699,-0.044815063,0.053878784,-0.004794121,0.047361374,-0.016681671,-0.005177498,0.010545731,0.035857201,0.000008902,-0.146722600,-0.568387985,-0.122307688,0.070227556,0.000091970,0.019454956,-0.154727936,-0.667444229,-0.120622635,0.045501709,0.001495361,0.000008902,-0.146722600,-0.568387985,-0.122307688,0.070227556,0.000091970,0.000000000,0.000000000,0.000000000,0.000000000,0.000000000,0.000000000,0.000000000,0.000000000,0.000000000,0.000000000,0.000000000,0.000000000,0.000000000,0.000000000,0.000000000,0.000000000,0.000000000,0.000000000,0.019446054,-0.008005336,-0.099056244,0.001685053,-0.024725847,0.001403391,0.019269671,-0.004196373,-0.066272974,0.009588255,-0.022756503,-0.003357376
0.069687843,-0.004794121,0.047361374,-0.016681671,-0.005177498,0.010545731,0.036240578,-0.061096191,-0.041810989,0.006042480,-0.034240723,0.029708862,-0.000503540,-0.004794121,0.047361374,-0.016681671,-0.005177498,0.010545731,0.035857201,0.000008902,-0.146722600,-0.568387985,-0.122307688,0.070227556,0.000091970,-0.020492554,-0.096130371,-0.624902725,-0.099870682,0.071565628,-0.017303467,0.000008902,-0.146722600,-0.568387985,-0.122307688,0.070227556,0.000091970,0.000000000,0.000000000,0.000000000,0.000000000,0.000000000,0.000000000,0.000000000,0.000000000,0.000000000,0.000000000,0.000000000,0.000000000,0.000000000,0.000000000,0.000000000,0.000000000,0.000000000,0.000000000,-0.020501455,0.050592229,-0.056514740,0.022437006,0.001338072,-0.017395437,-0.018093109,0.047601042,-0.020765036,0.026547682,0.002893989,-0.019386679
0.079722643,-0.004794121,0.047361374,-0.017066002,-0.005177498,0.010545731,0.035857201,-0.108097076,0.127870560,-0.172550201,-0.006042480,0.012588501,-0.009567261,-0.004794121,0.047361374,-0.016681671,-0.005177498,0.010545731,0.035857201,0.000008902,-0.146722600,-0.568387985,-0.122307688,0.070227556,0.000091970,-0.007003784,-0.116271973,-0.606744766,-0.120103836,0.074556351,-0.012603760,0.000008902,-0.146722600,-0.568387985,-0.122307688,0.070227556,0.000091970,0.000000000,0.000000000,0.000000000,0.000000000,0.000000000,0.000000000,0.000000000,0.000000000,0.000000000,0.000000000,0.000000000,0.000000000,0.000000000,0.000000000,0.000000000,0.000000000,0.000000000,0.000000000,-0.007012686,0.030450627,-0.038356781,0.002203852,0.004328795,-0.012695730,-0.004092746,0.024408392,-0.002317402,0.005612914,0.005230855,-0.013055086
0.089686394,-0.004794121,0.047361374,-0.016681671,-0.004794121,0.010545731,0.036240578,-0.058410645,0.068054199,-0.071838379,0.136291504,-0.044815063,0.003524780,-0.004409790,0.047744751,-0.016681671,-0.004794121,0.010545731,0.036240578,0.000008902,-0.149846792,-0.571150422,-0.122308724,0.070227556,0.000090937,-0.013229370,-0.134586334,-0.590143204,-0.131517410,0.051910400,-0.013031006,0.000008902,-0.149846792,-0.571150422,-0.122308724,0.070227556,0.000090937,0.000000000,0.000000000,0.000000000,0.000000000,0.000000000,0.000000000,0.000000000,0.000000000,0.000000000,0.000000000,0.000000000,0.000000000,0.000000000,0.000000000,0.000000000,0.000000000,0.000000000,0.000000000,-0.013238272,0.015260458,-0.018992782,-0.009208687,-0.018317156,-0.013121943,-0.009286499,0.008296400,0.015341938,-0.005219662,-0.015673586,-0.012133169
0.099660158,-0.004409790,0.047361374,-0.016681671,-0.005177498,0.010545731,0.035857201,0.058410645,-0.039369583,-0.071838379,0.007385254,0.016616821,0.014602661,-0.004409790,0.047361374,-0.016681671,-0.004794121,0.010545731,0.036240578,0.000008902,-0.147307247,-0.567834139,-0.121692270,0.069839187,0.000089904,0.001296997,-0.176700592,-0.570428848,-0.129442215,0.076265335,0.026702881,0.000008902,-0.147307247,-0.567834139,-0.121692270,0.069839187,0.000089904,0.000000000,0.000000000,0.000000000,0.000000000,0.000000000,0.000000000,0.000000000,0.000000000,0.000000000,0.000000000,0.000000000,0.000000000,0.000000000,0.000000000,0.000000000,0.000000000,0.000000000,0.000000000,0.001288096,-0.029393345,-0.002594709,-0.007749945,0.006426148,0.026612977,0.004763517,-0.033052184,0.028854554,-0.003419019,0.008245198,0.025092501
0.109690666,-0.004794121,0.047361374,-0.016681671,-0.004794121,0.010545731,0.035857201,0.066467285,0.008850098,-0.077209473,0.096008301,0.023666382,-0.016616821,-0.004409790,0.047361374,-0.016681671,-0.005177498,0.010545731,0.036240578,0.000008902,-0.146721616,-0.568388939,-0.122308724,0.070227556,0.000090937,-0.010116577,-0.154727936,-0.619714737,-0.125810623,0.080965042,0.003204346,0.000008902,-0.146721616,-0.568388939,-0.122308724,0.070227556,0.000090937,0.000000000,0.000000000,0.000000000,0.000000000,0.000000000,0.000000000,0.000000000,0.000000000,0.000000000,0.000000000,0.000000000,0.000000000,0.000000000,0.000000000,0.000000000,0.000000000,0.000000000,0.000000000,-0.010125479,-0.008006319,-0.051325798,-0.003501900,0.010737486,0.003113409,-0.006095886,-0.010693062,-0.018220156,0.000759941,0.011510158,0.001460188
0.119725466,-0.004409790,0.047361374,-0.016681671,-0.005177498,0.010545731,0.035857201,-0.149723053,0.141298294,0.014099121,-0.010070801,-0.025680542,-0.000503540,-0.004409790,0.047361374,-0.016681671,-0.005177498,0.010545731,0.035857201,0.000008902,-0.146722600,-0.568387985,-0.122307688,0.070227556,0.000091970,0.019973755,-0.132755280,-0.594293594,-0.142930984,0.074556351,0.001068115,0.000008902,-0.146722600,-0.568387985,-0.122307688,0.070227556,0.000091970,0.000000000,0.000000000,0.000000000,0.000000000,0.000000000,0.000000000,0.000000000,0.000000000,0.000000000,0.000000000,0.000000000,0.000000000,0.000000000,0.000000000,0.000000000,0.000000000,0.000000000,0.000000000,0.019964853,0.013967320,-0.025905609,-0.020623296,0.004328795,0.000976145,0.022148719,0.010412841,0.006646184,-0.015102882,0.004709046,-0.000624993
0.129743576,-0.004794121,0.047361374,-0.016681671,-0.004794121,0.010545731,0.036240578,0.042297363,-0.001525879,0.007385254,0.066467285,-0.014602661,-0.004531860,-0.004409790,0.047361374,-0.016681671,-0.004794121,0.010545731,0.036240578,0.000008902,-0.147307247,-0.567834139,-0.121692270,0.069839187,0.000089904,-0.009078979,-0.140079498,-0.618158340,-0.132555008,0.075838089,0.009613037,0.000008902,-0.147307247,-0.567834139,-0.121692270,0.069839187,0.000089904,0.000000000,0.000000000,0.000000000,0.000000000,0.000000000,0.000000000,0.000000000,0.000000000,0.000000000,0.000000000,0.000000000,0.000000000,0.000000000,0.000000000,0.000000000,0.000000000,0.000000000,0.000000000,-0.009087881,0.007227749,-0.050324202,-0.010862738,0.005998902,0.009523134,-0.006410871,0.003410893,-0.016502951,-0.004960729,0.005923499,0.007356139
0.139755011,-0.004794121,0.047361374,-0.016681671,-0.004794121,0.010545731,0.035857201,-0.102725983,-0.082704544,0.194034576,0.089294434,0.006546021,0.004531860,-0.004794121,0.047361374,-0.017066002,-0.005177498,0.010545731,0.036240578,0.000008902,-0.143212408,-0.571713448,-0.122926690,0.070616879,0.000091972,0.016860962,-0.140079498,-0.595849991,-0.130479813,0.063447952,-0.027558327,0.000008902,-0.143212408,-0.571713448,-0.122926690,0.070616879,0.000091972,0.000000000,0.000000000,0.000000000,0.000000000,0.000000000,0.000000000,0.000000000,0.000000000,0.000000000,0.000000000,0.000000000,0.000000000,0.000000000,0.000000000,0.000000000,0.000000000,0.000000000,0.000000000,0.016852060,0.003132910,-0.024136543,-0.007553123,-0.007168926,-0.027650299,0.018227132,-0.000638350,0.009039060,-0.001541040,-0.006761374,-0.027829474
0.149714470,-0.004794121,0.047361374,-0.017066002,-0.004794121,0.010545731,0.036240578,-0.081237793,-0.052186966,-0.090641022,0.020812988,0.024673462,0.043807983,-0.004409790,0.047361374,-0.016681671,-0.005177498,0.010545731,0.035857201,0.000008902,-0.146722600,-0.568387985,-0.122307688,0.070227556,0.000091970,0.000778198,-0.184024811,-0.606225967,-0.117509842,0.077119827,0.013458252,0.000008902,-0.146722600,-0.568387985,-0.122307688,0.070227556,0.000091970,0.000000000,0.000000000,0.000000000,0.000000000,0.000000000,0.000000000,0.000000000,0.000000000,0.000000000,0.000000000,0.000000000,0.000000000,0.000000000,0.000000000,0.000000000,0.000000000,0.000000000,0.000000000,0.000769297,-0.037302211,-0.037837982,0.004797846,0.006892271,0.013366282,0.002010346,-0.038506378,-0.004370980,0.010134309,0.006843585,0.012362913
0.159728050,-0.004794121,0.047361374,-0.016681671,-0.004794121,0.010545731,0.036240578,-0.206119537,-0.066835403,-0.018127441,0.153747559,0.029708862,-0.023666382,-0.004794121,0.047361374,-0.016681671,-0.005177498,0.010545731,0.035857201,0.000008902,-0.146722600,-0.568387985,-0.122307688,0.070227556,0.000091970,0.000778198,-0.140079498,-0.569910049,-0.133073807,0.070283890,0.016021729,0.000008902,-0.146722600,-0.568387985,-0.122307688,0.070227556,0.000091970,0.000000000,0.000000000,0.000000000,0.000000000,0.000000000,0.000000000,0.000000000,0.000000000,0.000000000,0.000000000,0.000000000,0.000000000,0.000000000,0.000000000,0.000000000,0.000000000,0.000000000,0.000000000,0.000769297,0.006643102,-0.001522064,-0.010766119,0.000056334,0.015929759,0.001892090,0.005118997,0.030065824,-0.005110265,0.000007198,0.014048366
0.169687510,-0.004794121,0.047361374,-0.017066002,-0.004794121,0.010545731,0.035857201,-0.091983795,0.060119629,-0.223575592,0.122863770,0.047836304,-0.031723022,-0.004794121,0.047361374,-0.016681671,-0.004794121,0.010545731,0.035857201,0.000008902,-0.147308230,-0.567833185,-0.121691234,0.069839187,0.000090937,0.000259399,-0.129093170,-0.629053116,-0.145524979,0.073701859,-0.004913330,0.000008902,-0.147308230,-0.567833185,-0.121691234,0.069839187,0.000090937,0.000000000,0.000000000,0.000000000,0.000000000,0.000000000,0.000000000,0.000000000,0.000000000,0.000000000,0.000000000,0.000000000,0.000000000,0.000000000,0.000000000,0.000000000,0.000000000,0.000000000,0.000000000,0.000250498,0.018215060,-0.061219931,-0.023833744,0.003862672,-0.005004267,0.001296997,0.015763680,-0.027985818,-0.017168007,0.003601672,-0.006503123
0.179697990,-0.004794121,0.047361374,-0.016681671,-0.004794121,0.010545731,0.035857201,-0.078552246,-0.065004349,0.038269043,0.069152832,0.027694702,-0.031723022,-0.004794121,0.047361374,-0.016681671,-0.005177498,0.010545731,0.035857201,0.000008902,-0.146722600,-0.568387985,-0.122307688,0.070227556,0.000091970,0.002853394,-0.145572662,-0.600519180,-0.135667801,0.069429398,-0.004913330,0.000008902,-0.146722600,-0.568387985,-0.122307688,0.070227556,0.000091970,0.000000000,0.000000000,0.000000000,0.000000000,0.000000000,0.000000000,0.000000000,0.000000000,0.000000000,0.000000000,0.000000000,0.000000000,0.000000000,0.000000000,0.000000000,0.000000000,0.000000000,0.000000000,0.002844492,0.001149938,-0.032131195,-0.013360113,-0.000798158,-0.005005300,0.003686202,-0.001232946,0.001044869,-0.006342040,-0.001003412,-0.006161832
0.189712763,-0.004409790,0.047361374,-0.016681671,-0.004794121,0.010545731,0.035857201,0.026184082,-0.087587357,-0.004699707,-0.075866699,0.027694702,-0.031723022,-0.004409790,0.047361374,-0.016681671,-0.005177498,0.010545731,0.035857201,0.000008902,-0.146722600,-0.568387985,-0.122307688,0.070227556,0.000091970,-0.007522583,-0.149234772,-0.586511612,-0.098833084,0.071565628,-0.004913330,0.000008902,-0.146722600,-0.568387985,-0.122307688,0.070227556,0.000091970,0.000000000,0.000000000,0.000000000,0.000000000,0.000000000,0.000000000,0.000000000,0.000000000,0.000000000,0.000000000,0.000000000,0.000000000,0.000000000,0.000000000,0.000000000,0.000000000,0.000000000,0.000000000,-0.007531485,-0.002512172,-0.018123627,0.023474604,0.001338072,-0.005005300,-0.006355286,-0.004650302,0.014299816,0.028968043,0.001076177,-0.005853740
0.199692249,-0.004794121,0.047361374,-0.016681671,-0.005177498,0.010545731,0.035857201,-0.113468170,0.010070801,-0.138980865,-0.185977936,-0.027694702,-0.031723022,-0.004794121,0.047361374,-0.016681671,-0.005177498,0.010545731,0.035857201,0.000008902,-0.146722600,-0.568387985,-0.122307688,0.070227556,0.000091970,-0.000778198,-0.156558990,-0.615564346,-0.120622635,0.061738968,-0.004913330,0.000008902,-0.146722600,-0.568387985,-0.122307688,0.070227556,0.000091970,0.000000000,0.000000000,0.000000000,0.000000000,0.000000000,0.000000000,0.000000000,0.000000000,0.000000000,0.000000000,0.000000000,0.000000000,0.000000000,0.000000000,0.000000000,0.000000000,0.000000000,0.000000000,-0.000787100,-0.009836391,-0.047176361,0.001685053,-0.008488588,-0.005005300,0.000370571,-0.011404306,-0.014050399,0.006836659,-0.008333793,-0.005574991
0.209630966,-0.004409790,0.047361374,-0.016681671,-0.005177498,0.010545731,0.035857201,0.090637207,-0.060121536,-0.024841309,-0.149723053,-0.023666382,-0.031723022,-0.004794121,0.047361374,-0.016681671,-0.004794121,0.010545731,0.035857201,0.000008902,-0.147308230,-0.567833185,-0.121691234,0.069839187,0.000090937,-0.005966187,-0.145572662,-0.676782608,-0.116472244,0.063447952,-0.004913330,0.000008902,-0.147308230,-0.567833185,-0.121691234,0.069839187,0.000090937,0.000000000,0.000000000,0.000000000,0.000000000,0.000000000,0.000000000,0.000000000,0.000000000,0.000000000,0.000000000,0.000000000,0.000000000,0.000000000,0.000000000,0.000000000,0.000000000,0.000000000,0.000000000,-0.005975088,0.001735568,-0.108949423,0.005218990,-0.006391235,-0.005004267,-0.004598444,0.000160032,-0.072376939,0.009899205,-0.005952965,-0.005320596
0.219688177,-0.004794121,0.047361374,-0.016681671,-0.004794121,0.010545731,0.035857201,0.136291504,-0.077821732,0.062438965,0.040954590,0.007553101,0.041793823,-0.004409790,0.047361374,-0.016681671,-0.005177498,0.010545731,0.035857201,0.000008902,-0.146722600,-0.568387985,-0.122307688,0.070227556,0.000091970,-0.010116577,-0.141910553,-0.589624405,-0.135667801,0.072420120,-0.007904053,0.000008902,-0.146722600,-0.568387985,-0.122307688,0.070227556,0.000091970,0.000000000,0.000000000,0.000000000,0.000000000,0.000000000,0.000000000,0.000000000,0.000000000,0.000000000,0.000000000,0.000000000,0.000000000,0.000000000,0.000000000,0.000000000,0.000000000,0.000000000,0.000000000,-0.010125479,0.004812047,-0.021236420,-0.013360113,0.002192564,-0.007996023,-0.008368451,0.003095793,0.014669278,-0.008302511,0.002516449,-0.007950945
0.229690790,-0.004794121,0.047361374,-0.016681671,-0.004794121,0.010545731,0.035857201,0.050354004,0.090639114,0.044982910,0.065124512,0.006546021,0.001510620,-0.004409790,0.047361374,-0.016681671,-0.005177498,0.010545731,0.036240578,0.000008902,-0.146721616,-0.568388939,-0.122308724,0.070227556,0.000090937,-0.002334595,-0.143741608,-0.571985245,-0.130479813,0.074129105,0.008758545,0.000008902,-0.146721616,-0.568388939,-0.122308724,0.070227556,0.000090937,0.000000000,0.000000000,0.000000000,0.000000000,0.000000000,0.000000000,0.000000000,0.000000000,0.000000000,0.000000000,0.000000000,0.000000000,0.000000000,0.000000000,0.000000000,0.000000000,0.000000000,0.000000000,-0.002343496,0.002980009,-0.003596306,-0.008171089,0.003901549,0.008667608,-0.000562032,0.001211099,0.030963168,-0.002983759,0.004049374,0.008349657
0.239688158,-0.004794121,0.047361374,-0.017066002,-0.005177498,0.010545731,0.036240578,-0.049011230,-0.054018021,-0.058410645,0.018127441,-0.016616821,-0.008560181,-0.004794121,0.047361374,-0.016681671,-0.005177498,0.010545731,0.035857201,0.000008902,-0.146722600,-0.568387985,-0.122307688,0.070227556,0.000091970,0.004928589,-0.167545319,-0.609338760,-0.121660233,0.076265335,0.002777100,0.000008902,-0.146722600,-0.568387985,-0.122307688,0.070227556,0.000091970,0.000000000,0.000000000,0.000000000,0.000000000,0.000000000,0.000000000,0.000000000,0.000000000,0.000000000,0.000000000,0.000000000,0.000000000,0.000000000,0.000000000,0.000000000,0.000000000,0.000000000,0.000000000,0.004919687,-0.020822719,-0.040950775,0.000647455,0.006037779,0.002685130,0.006433105,-0.021687964,-0.006135650,0.005601394,0.005938180,0.002272492
0.249689102,-0.004794121,0.047361374,-0.016681671,-0.004794121,0.010545731,0.035857201,-0.069152832,0.088808060,0.090637207,0.003356934,0.002517700,0.006546021,-0.004409790,0.047361374,-0.016681671,-0.005177498,0.010545731,0.036240578,0.000008902,-0.146721616,-0.568388939,-0.122308724,0.070227556,0.000090937,0.005447388,-0.143741608,-0.602594376,-0.145524979,0.066438675,-0.016021729,0.000008902,-0.146721616,-0.568388939,-0.122308724,0.070227556,0.000090937,0.000000000,0.000000000,0.000000000,0.000000000,0.000000000,0.000000000,0.000000000,0.000000000,0.000000000,0.000000000,0.000000000,0.000000000,0.000000000,0.000000000,0.000000000,0.000000000,0.000000000,0.000000000,0.005438486,0.002980009,-0.034205437,-0.023216255,-0.003788881,-0.016112665,0.006684523,0.002033427,0.000586239,-0.017559919,-0.003738923,-0.015889715
0.259727955,-0.004409790,0.047361374,-0.016681671,-0.005177498,0.010545731,0.036240578,-0.010070801,0.080263138,-0.075866699,-0.117496490,-0.016616821,-0.041793823,-0.004409790,0.047361374,-0.016681671,-0.005177498,0.010545731,0.035857201,0.000008902,-0.146722600,-0.568387985,-0.122307688,0.070227556,0.000091970,0.014785767,-0.149234772,-0.595849991,-0.134111404,0.074556351,-0.001922607,0.000008902,-0.146722600,-0.568387985,-0.122307688,0.070227556,0.000091970,0.000000000,0.000000000,0.000000000,0.000000000,0.000000000,0.000000000,0.000000000,0.000000000,0.000000000,0.000000000,0.000000000,0.000000000,0.000000000,0.000000000,0.000000000,0.000000000,0.000000000,0.000000000,0.014776865,-0.002512172,-0.027462006,-0.011803716,0.004328795,-0.002014577,0.015429462,-0.003330652,0.007058201,-0.005919700,0.004216577,-0.001725270
0.269811392,-0.004794121,0.047361374,-0.016681671,-0.005177498,0.010930061,0.036240578,-0.057067871,-0.034484863,0.097351074,-0.031555176,0.059921265,0.038772583,-0.004794121,0.047361374,-0.016681671,-0.005177498,0.010545731,0.036240578,0.000008902,-0.146721616,-0.568388939,-0.122308724,0.070227556,0.000090937,0.002334595,-0.127262115,-0.582361221,-0.133073807,0.067293167,-0.003631592,0.000008902,-0.146721616,-0.568388939,-0.122308724,0.070227556,0.000090937,0.000000000,0.000000000,0.000000000,0.000000000,0.000000000,0.000000000,0.000000000,0.000000000,0.000000000,0.000000000,0.000000000,0.000000000,0.000000000,0.000000000,0.000000000,0.000000000,0.000000000,0.000000000,0.002325693,0.019459501,-0.013972282,-0.010765083,-0.002934389,-0.003722529,0.002871922,0.017975270,0.019814070,-0.004706743,-0.002937799,-0.003310606
0.279697180,-0.004409790,0.047361374,-0.016681671,-0.004794121,0.010545731,0.036240578,0.044982910,-0.079652786,-0.015441895,0.102722168,0.049850464,0.017623901,-0.004409790,0.047361374,-0.016681671,-0.004794121,0.010545731,0.035857201,0.000008902,-0.147308230,-0.567833185,-0.121691234,0.069839187,0.000090937,-0.005447388,-0.132755280,-0.578729630,-0.128404617,0.082246780,0.044647217,0.000008902,-0.147308230,-0.567833185,-0.121691234,0.069839187,0.000090937,0.000000000,0.000000000,0.000000000,0.000000000,0.000000000,0.000000000,0.000000000,0.000000000,0.000000000,0.000000000,0.000000000,0.000000000,0.000000000,0.000000000,0.000000000,0.000000000,0.000000000,0.000000000,-0.005456289,0.014552951,-0.010896444,-0.006713383,0.012407593,0.044556280,-0.004740748,0.012618075,0.022100601,-0.000632455,0.011976452,0.043417575
0.289686441,-0.004794121,0.047361374,-0.017066002,-0.005177498,0.010545731,0.035857201,-0.171207428,-0.074769974,-0.015441895,0.047668457,0.010574341,-0.031723022,-0.004794121,0.047361374,-0.017066002,-0.005177498,0.010545731,0.036240578,0.000008902,-0.143212408,-0.571713448,-0.122926690,0.070616879,0.000091972,-0.013748169,-0.171207428,-0.588586807,-0.132036209,0.057893753,0.003631592,0.000008902,-0.143212408,-0.571713448,-0.122926690,0.070616879,0.000091972,0.000000000,0.000000000,0.000000000,0.000000000,0.000000000,0.000000000,0.000000000,0.000000000,0.000000000,0.000000000,0.000000000,0.000000000,0.000000000,0.000000000,0.000000000,0.000000000,0.000000000,0.000000000,-0.013757071,-0.027995020,-0.016873360,-0.009109519,-0.012723126,0.003539619,-0.012606812,-0.028932233,0.015586229,-0.002927638,-0.012715791,0.002320883
0.299730778,-0.004794121,0.047361374,-0.016681671,-0.004794121,0.010545731,0.035857201,-0.003356934,-0.077821732,-0.212833405,-0.091983795,-0.023666382,-0.080066681,-0.004794121,0.047361374,-0.017066002,-0.005177498,0.010545731,0.035857201,0.000008902,-0.143213391,-0.571712494,-0.122925662,0.070616879,0.000093006,0.003890991,-0.171207428,-0.584955215,-0.129961014,0.062593460,0.031829834,0.000008902,-0.143213391,-0.571712494,-0.122925662,0.070616879,0.000093006,0.000000000,0.000000000,0.000000000,0.000000000,0.000000000,0.000000000,0.000000000,0.000000000,0.000000000,0.000000000,0.000000000,0.000000000,0.000000000,0.000000000,0.000000000,0.000000000,0.000000000,0.000000000,0.003882090,-0.027994037,-0.013242722,-0.007035352,-0.008023418,0.031736828,0.004870015,-0.027997984,0.018596968,-0.000825940,-0.007757501,0.029533638
0.309719324,-0.004409790,0.047361374,-0.017066002,-0.004794121,0.010930061,0.035857201,0.015441895,-0.106508255,-0.104068756,0.059753418,0.015609741,-0.051864624,-0.004409790,0.047361374,-0.017066002,-0.004794121,0.010930061,0.036240578,0.000008901,-0.143428162,-0.571509063,-0.122699589,0.070228226,0.000090939,0.014266968,-0.143741608,-0.593255997,-0.116472244,0.064729691,-0.000213623,0.000008901,-0.143428162,-0.571509063,-0.122699589,0.070228226,0.000090939,0.000000000,0.000000000,0.000000000,0.000000000,0.000000000,0.000000000,0.000000000,0.000000000,0.000000000,0.000000000,0.000000000,0.000000000,0.000000000,0.000000000,0.000000000,0.000000000,0.000000000,0.000000000,0.014258066,-0.000313446,-0.021746933,0.006227344,-0.005498536,-0.000304562,0.014769554,-0.000307474,0.009777358,0.012048108,-0.005069099,-0.002429385
0.319688320,-0.004409790,0.047361374,-0.016681671,-0.004794121,0.010545731,0.036240578,0.188663483,-0.083314896,0.028869629,0.134948730,0.022659302,-0.028701782,-0.004409790,0.047361374,-0.016681671,-0.005177498,0.010545731,0.035857201,0.000008902,-0.146722600,-0.568387985,-0.122307688,0.070227556,0.000091970,0.005966187,-0.119937897,-0.596368790,-0.133073807,0.069856644,0.009613037,0.000008902,-0.146722600,-0.568387985,-0.122307688,0.070227556,0.000091970,0.000000000,0.000000000,0.000000000,0.000000000,0.000000000,0.000000000,0.000000000,0.000000000,0.000000000,0.000000000,0.000000000,0.000000000,0.000000000,0.000000000,0.000000000,0.000000000,0.000000000,0.000000000,0.005957285,0.026784703,-0.027980804,-0.010766119,-0.000370912,0.009521067,0.006272750,0.025978836,0.003436108,-0.004795496,0.000056752,0.007172115
0.329691648,-0.004409790,0.047361374,-0.016681671,-0.005177498,0.010545731,0.035857201,-0.014099121,-0.043031693,-0.011413574,-0.062438965,-0.012588501,0.025680542,-0.004409790,0.047361374,-0.016681671,-0.004794121,0.010545731,0.035857201,0.000008902,-0.147308230,-0.567833185,-0.121691234,0.069839187,0.000090937,-0.002334595,-0.112609863,-0.651361465,-0.138261795,0.071138382,-0.007904053,0.000008902,-0.147308230,-0.567833185,-0.121691234,0.069839187,0.000090937,0.000000000,0.000000000,0.000000000,0.000000000,0.000000000,0.000000000,0.000000000,0.000000000,0.000000000,0.000000000,0.000000000,0.000000000,0.000000000,0.000000000,0.000000000,0.000000000,0.000000000,0.000000000,-0.002343496,0.034698367,-0.083528280,-0.016570561,0.001299195,-0.007994990,-0.001968384,0.032895662,-0.050578680,-0.010288175,0.001676069,-0.010039708
0.339692116,-0.004409790,0.047361374,-0.016681671,-0.005177498,0.010545731,0.035857201,0.011413574,-0.070497513,-0.065124512,-0.062438965,-0.016616821,0.024673462,-0.004409790,0.047361374,-0.017066002,-0.004794121,0.010545731,0.035857201,0.000008901,-0.143799007,-0.571157694,-0.122309223,0.070228517,0.000091973,-0.008041382,-0.129093170,-0.529960632,-0.134111404,0.065584183,-0.000213623,0.000008901,-0.143799007,-0.571157694,-0.122309223,0.070228517,0.000091973,0.000000000,0.000000000,0.000000000,0.000000000,0.000000000,0.000000000,0.000000000,0.000000000,0.000000000,0.000000000,0.000000000,0.000000000,0.000000000,0.000000000,0.000000000,0.000000000,0.000000000,0.000000000,-0.008050283,0.014705837,0.041197062,-0.011802182,-0.004644334,-0.000305596,-0.007455880,0.012534471,0.072028186,-0.005362087,-0.004145533,-0.002283162
0.349688292,-0.004794121,0.047361374,-0.017066002,-0.004794121,0.010545731,0.035857201,0.006042480,0.019836426,-0.007385254,0.070495605,-0.020645142,-0.093158722,-0.004794121,0.047361374,-0.016681671,-0.004794121,0.010545731,0.035857201,0.000008902,-0.147308230,-0.567833185,-0.121691234,0.069839187,0.000090937,0.005447388,-0.143741608,-0.647729874,-0.127885818,0.069429398,0.008331299,0.000008902,-0.147308230,-0.567833185,-0.121691234,0.069839187,0.000090937,0.000000000,0.000000000,0.000000000,0.000000000,0.000000000,0.000000000,0.000000000,0.000000000,0.000000000,0.000000000,0.000000000,0.000000000,0.000000000,0.000000000,0.000000000,0.000000000,0.000000000,0.000000000,0.005438486,0.003566623,-0.079896688,-0.006194584,-0.000409789,0.008240362,0.005865309,0.001356499,-0.047702632,0.000238691,0.000086539,0.006088829
0.359724283,-0.004794121,0.047361374,-0.017066002,-0.005177498,0.010545731,0.035857201,-0.020812988,-0.049745560,-0.157779694,0.027526855,0.013595581,-0.011581421,-0.004794121,0.047361374,-0.016681671,-0.005177498,0.010545731,0.035857201,0.000008902,-0.146722600,-0.568387985,-0.122307688,0.070227556,0.000091970,0.007522583,-0.149234772,-0.601556778,-0.145524979,0.074129105,-0.006195068,0.000008902,-0.146722600,-0.568387985,-0.122307688,0.070227556,0.000091970,0.000000000,0.000000000,0.000000000,0.000000000,0.000000000,0.000000000,0.000000000,0.000000000,0.000000000,0.000000000,0.000000000,0.000000000,0.000000000,0.000000000,0.000000000,0.000000000,0.000000000,0.000000000,0.007513681,-0.002512172,-0.033168793,-0.023217291,0.003901549,-0.006287038,0.007725896,-0.004594666,-0.000948392,-0.016330394,0.004279016,-0.008210502
0.369744539,-0.004794121,0.047361374,-0.016681671,-0.004794121,0.010545731,0.036240578,-0.073181152,-0.076601028,-0.050354004,-0.069152832,0.022659302,0.044815063,-0.004409790,0.047361374,-0.016681671,-0.004794121,0.010545731,0.036240578,0.000008902,-0.147307247,-0.567834139,-0.121692270,0.069839187,0.000089904,-0.003890991,-0.171207428,-0.643579483,-0.121141434,0.063020706,0.003204346,0.000008902,-0.147307247,-0.567834139,-0.121692270,0.069839187,0.000089904,0.000000000,0.000000000,0.000000000,0.000000000,0.000000000,0.000000000,0.000000000,0.000000000,0.000000000,0.000000000,0.000000000,0.000000000,0.000000000,0.000000000,0.000000000,0.000000000,0.000000000,0.000000000,-0.003899893,-0.023900181,-0.075745344,0.000550836,-0.006818481,0.003114442,-0.003590634,-0.025298920,-0.042379550,0.007242003,-0.006271513,0.001159637
0.379686594,-0.004409790,0.047361374,-0.016681671,-0.005177498,0.010545731,0.035857201,0.040954590,-0.120546341,0.160461426,-0.043640137,-0.023666382,0.029708862,-0.004794121,0.047361374,-0.016681671,-0.005177498,0.010545731,0.036240578,0.000008902,-0.146721616,-0.568388939,-0.122308724,0.070227556,0.000090937,-0.004409790,-0.162052155,-0.598443985,-0.113878250,0.076692581,0.010894775,0.000008902,-0.146721616,-0.568388939,-0.122308724,0.070227556,0.000090937,0.000000000,0.000000000,0.000000000,0.000000000,0.000000000,0.000000000,0.000000000,0.000000000,0.000000000,0.000000000,0.000000000,0.000000000,0.000000000,0.000000000,0.000000000,0.000000000,0.000000000,0.000000000,-0.004418692,-0.015330538,-0.030055046,0.008430474,0.006465025,0.010803839,-0.004004063,-0.016300321,0.003225857,0.014733906,0.006832198,0.008622135
0.389705896,-0.004409790,0.047361374,-0.016681671,-0.004794121,0.010545731,0.036240578,-0.126895905,-0.106508255,-0.022155762,-0.059753418,-0.020645142,-0.022659302,-0.004794121,0.047361374,-0.016681671,-0.005177498,0.010545731,0.036240578,0.000008902,-0.146721616,-0.568388939,-0.122308724,0.070227556,0.000090937,0.002853394,-0.136417389,-0.580286026,-0.124254227,0.073274612,-0.027985573,0.000008902,-0.146721616,-0.568388939,-0.122308724,0.070227556,0.000090937,0.000000000,0.000000000,0.000000000,0.000000000,0.000000000,0.000000000,0.000000000,0.000000000,0.000000000,0.000000000,0.000000000,0.000000000,0.000000000,0.000000000,0.000000000,0.000000000,0.000000000,0.000000000,0.002844492,0.010304227,-0.011897087,-0.001945503,0.003047056,-0.028076510,0.003177643,0.009101083,0.020849220,0.004248981,0.003328874,-0.029501758
0.399723530,-0.004794121,0.047361374,-0.016681671,-0.004794121,0.010545731,0.035857201,0.042297363,-0.040590286,0.069152832,0.121520996,0.063949585,0.006546021,-0.004409790,0.047361374,-0.016681671,-0.004794121,0.010545731,0.035857201,0.000008902,-0.147308230,-0.567833185,-0.121691234,0.069839187,0.000090937,0.011672974,-0.141910553,-0.624902725,-0.130479813,0.073701859,-0.010467529,0.000008902,-0.147308230,-0.567833185,-0.121691234,0.069839187,0.000090937,0.000000000,0.000000000,0.000000000,0.000000000,0.000000000,0.000000000,0.000000000,0.000000000,0.000000000,0.000000000,0.000000000,0.000000000,0.000000000,0.000000000,0.000000000,0.000000000,0.000000000,0.000000000,0.011664072,0.005397677,-0.057069540,-0.008788578,0.003862672,-0.010558466,0.011704608,0.004092227,-0.023729983,-0.002530823,0.004043404,-0.011691428
0.409690857,-0.004794121,0.047361374,-0.016681671,-0.004794121,0.010545731,0.035857201,-0.032897949,0.026550293,0.058410645,0.024841309,-0.015609741,-0.024673462,-0.004409790,0.047361374,-0.016681671,-0.004794121,0.010545731,0.036240578,0.000008902,-0.147307247,-0.567834139,-0.121692270,0.069839187,0.000089904,0.001296997,-0.167545319,-0.591180801,-0.125291824,0.068147659,-0.009613037,0.000008902,-0.147307247,-0.567834139,-0.121692270,0.069839187,0.000089904,0.000000000,0.000000000,0.000000000,0.000000000,0.000000000,0.000000000,0.000000000,0.000000000,0.000000000,0.000000000,0.000000000,0.000000000,0.000000000,0.000000000,0.000000000,0.000000000,0.000000000,0.000000000,0.001288096,-0.020238072,-0.023346663,-0.003599554,-0.001691528,-0.009702941,0.001296997,-0.021030581,0.009754969,0.002594910,-0.001474824,-0.010577905
0.419710875,-0.004409790,0.047361374,-0.016681671,-0.004794121,0.010545731,0.036240578,0.054382324,0.004577637,-0.004699707,0.067810059,-0.057907104,0.055892944,-0.004409790,0.047361374,-0.016681671,-0.004794121,0.010545731,0.035857201,0.000008902,-0.147308230,-0.567833185,-0.121691234,0.069839187,0.000090937,0.017379761,-0.140079498,-0.563682556,-0.143449783,0.060884476,-0.021575928,0.000008902,-0.147308230,-0.567833185,-0.121691234,0.069839187,0.000090937,0.000000000,0.000000000,0.000000000,0.000000000,0.000000000,0.000000000,0.000000000,0.000000000,0.000000000,0.000000000,0.000000000,0.000000000,0.000000000,0.000000000,0.000000000,0.000000000,0.000000000,0.000000000,0.017370859,0.007228732,0.004150629,-0.021758549,-0.008954711,-0.021666865,0.016975580,0.006286543,0.036385928,-0.015202129,-0.008534798,-0.022017601
0.429690599,-0.004794121,0.047361374,-0.017066002,-0.004794121,0.010545731,0.035857201,0.004699707,-0.041200638,-0.094669342,0.081237793,0.044815063,-0.040786743,-0.004409790,0.047361374,-0.017066002,-0.004794121,0.010545731,0.035857201,0.000008901,-0.143799007,-0.571157694,-0.122309223,0.070228517,0.000091973,0.000778198,-0.174869537,-0.601556778,-0.140336990,0.069856644,0.001922607,0.000008901,-0.143799007,-0.571157694,-0.122309223,0.070228517,0.000091973,0.000000000,0.000000000,0.000000000,0.000000000,0.000000000,0.000000000,0.000000000,0.000000000,0.000000000,0.000000000,0.000000000,0.000000000,0.000000000,0.000000000,0.000000000,0.000000000,0.000000000,0.000000000,0.000769297,-0.031070530,-0.030399084,-0.018027768,-0.000371873,0.001830635,0.000365517,-0.031285157,0.001794483,-0.011210635,0.000046948,0.001446265
0.439738035,-0.004794121,0.047361374,-0.016681671,-0.004794121,0.010545731,0.036240578,-0.011413574,0.065002441,0.093322754,0.061096191,-0.028701782,-0.018630981,-0.004794121,0.047744751,-0.017066002,-0.004794121,0.010545731,0.036240578,0.000008902,-0.146337658,-0.574474812,-0.122926690,0.070616879,0.000091972,-0.002334595,-0.123600006,-0.566278458,-0.129442215,0.073701859,0.003631592,0.000008902,-0.146337658,-0.574474812,-0.122926690,0.070616879,0.000091972,0.000000000,0.000000000,0.000000000,0.000000000,0.000000000,0.000000000,0.000000000,0.000000000,0.000000000,0.000000000,0.000000000,0.000000000,0.000000000,0.000000000,0.000000000,0.000000000,0.000000000,0.000000000,-0.002343496,0.022737652,0.008196354,-0.006515525,0.003084980,0.003539619,-0.002686225,0.022022514,0.039492367,0.000294905,0.003425939,0.003085133
0.449694633,-0.004794121,0.047361374,-0.016681671,-0.004794121,0.010545731,0.035857201,-0.094669342,0.036315918,0.177921295,0.081237793,0.036758423,0.013595581,-0.004794121,0.047361374,-0.016681671,-0.004794121,0.010545731,0.035857201,0.000008902,-0.147308230,-0.567833185,-0.121691234,0.069839187,0.000090937,0.003890991,-0.147403717,-0.592218399,-0.135149002,0.060884476,-0.026275635,0.000008902,-0.147308230,-0.567833185,-0.121691234,0.069839187,0.000090937,0.000000000,0.000000000,0.000000000,0.000000000,0.000000000,0.000000000,0.000000000,0.000000000,0.000000000,0.000000000,0.000000000,0.000000000,0.000000000,0.000000000,0.000000000,0.000000000,0.000000000,0.000000000,0.003882090,-0.000095487,-0.024385214,-0.013457768,-0.008954711,-0.026366572,0.003462418,-0.000793003,0.006760565,-0.006502830,-0.008426497,-0.026237992
0.459689617,-0.004409790,0.047361374,-0.016681671,-0.004794121,0.010545731,0.035857201,-0.012756348,0.024719238,-0.059753418,-0.155094147,-0.057907104,0.010574341,-0.004409790,0.047361374,-0.016681671,-0.004794121,0.010545731,0.036240578,0.000008902,-0.147307247,-0.567834139,-0.121692270,0.069839187,0.000089904,0.001815796,-0.125431061,-0.594293594,-0.138261795,0.069856644,0.036529541,0.000008902,-0.147307247,-0.567834139,-0.121692270,0.069839187,0.000089904,0.000000000,0.000000000,0.000000000,0.000000000,0.000000000,0.000000000,0.000000000,0.000000000,0.000000000,0.000000000,0.000000000,0.000000000,0.000000000,0.000000000,0.000000000,0.000000000,0.000000000,0.000000000,0.001806894,0.021876186,-0.026459455,-0.016569525,0.000017457,0.036439637,0.001357708,0.020728060,0.004586614,-0.009410022,0.000534061,0.035790170
0.469689608,-0.004409790,0.047361374,-0.016681671,-0.004794121,0.010545731,0.035857201,0.113464355,0.148622513,0.008728027,-0.019470215,0.018630981,-0.040786743,-0.004794121,0.047361374,-0.016681671,-0.005177498,0.010545731,0.035857201,0.000008902,-0.146722600,-0.568387985,-0.122307688,0.070227556,0.000091970,0.002334595,-0.130924225,-0.549156189,-0.136186600,0.069429398,-0.003204346,0.000008902,-0.146722600,-0.568387985,-0.122307688,0.070227556,0.000091970,0.000000000,0.000000000,0.000000000,0.000000000,0.000000000,0.000000000,0.000000000,0.000000000,0.000000000,0.000000000,0.000000000,0.000000000,0.000000000,0.000000000,0.000000000,0.000000000,0.000000000,0.000000000,0.002325693,0.015798375,0.019231796,-0.013878912,-0.000798158,-0.003296316,0.001837412,0.014345035,0.049230410,-0.006579421,-0.000275688,-0.003863579
0.479735613,-0.004794121,0.047361374,-0.017066002,-0.004794121,0.010545731,0.035857201,-0.028869629,-0.026550293,-0.086612701,0.120178223,-0.020645142,-0.013595581,-0.004794121,0.047361374,-0.017066002,-0.004794121,0.010545731,0.036240578,0.000008902,-0.143798023,-0.571158648,-0.122310258,0.070228517,0.000090939,0.001815796,-0.138248444,-0.584955215,-0.143449783,0.054903030,-0.007476807,0.000008902,-0.143798023,-0.571158648,-0.122310258,0.070228517,0.000090939,0.000000000,0.000000000,0.000000000,0.000000000,0.000000000,0.000000000,0.000000000,0.000000000,0.000000000,0.000000000,0.000000000,0.000000000,0.000000000,0.000000000,0.000000000,0.000000000,0.000000000,0.000000000,0.001806894,0.005549580,-0.013796568,-0.021139525,-0.015325487,-0.007567746,0.001291703,0.004012643,0.015871392,-0.013557585,-0.014500914,-0.007968989
0.489722967,-0.004794121,0.047361374,-0.016681671,-0.005177498,0.010545731,0.036240578,-0.026184082,-0.101015091,-0.015441895,0.023498535,-0.057907104,-0.012588501,-0.004794121,0.047361374,-0.016681671,-0.005177498,0.010545731,0.036240578,0.000008902,-0.146721616,-0.568388939,-0.122308724,0.070227556,0.000090937,-0.027236938,-0.151065826,-0.560050964,-0.138261795,0.064302444,0.013458252,0.000008902,-0.146721616,-0.568388939,-0.122308724,0.070227556,0.000090937,0.000000000,0.000000000,0.000000000,0.000000000,0.000000000,0.000000000,0.000000000,0.000000000,0.000000000,0.000000000,0.000000000,0.000000000,0.000000000,0.000000000,0.000000000,0.000000000,0.000000000,0.000000000,-0.027245840,-0.004344210,0.008337975,-0.015953071,-0.005925111,0.013367315,-0.027205811,-0.005763524,0.037245816,-0.008203709,-0.004998528,0.012706751
0.499687910,-0.004794121,0.047361374,-0.016681671,-0.005177498,0.010545731,0.036240578,0.018127441,-0.079652786,-0.065124512,0.027526855,0.009567261,0.020645142,-0.004794121,0.047361374,-0.016681671,-0.004794121,0.010545731,0.036240578,0.000008902,-0.147307247,-0.567834139,-0.121692270,0.069839187,0.000089904,-0.009078979,-0.134586334,-0.569910049,-0.139299393,0.074129105,0.019439697,0.000008902,-0.147307247,-0.567834139,-0.121692270,0.069839187,0.000089904,0.000000000,0.000000000,0.000000000,0.000000000,0.000000000,0.000000000,0.000000000,0.000000000,0.000000000,0.000000000,0.000000000,0.000000000,0.000000000,0.000000000,0.000000000,0.000000000,0.000000000,0.000000000,-0.009087881,0.012720913,-0.002075911,-0.017607123,0.004289918,0.019349794,-0.008870443,0.011079999,0.026305815,-0.009664470,0.005114216,0.018322774
0.509687901,-0.004409790,0.047361374,-0.017066002,-0.004794121,0.010545731,0.036240578,-0.065124512,0.054016113,-0.055725098,-0.042297363,0.038772583,0.035751343,-0.004794121,0.047361374,-0.016681671,-0.005177498,0.010545731,0.035857201,0.000008902,-0.146722600,-0.568387985,-0.122307688,0.070227556,0.000091970,0.010116577,-0.088806152,-0.609857559,-0.146562576,0.069429398,-0.007049561,0.000008902,-0.146722600,-0.568387985,-0.122307688,0.070227556,0.000091970,0.000000000,0.000000000,0.000000000,0.000000000,0.000000000,0.000000000,0.000000000,0.000000000,0.000000000,0.000000000,0.000000000,0.000000000,0.000000000,0.000000000,0.000000000,0.000000000,0.000000000,0.000000000,0.010107675,0.057916448,-0.041469574,-0.024254888,-0.000798158,-0.007141530,0.010126554,0.055193312,-0.012836159,-0.015998539,0.000025638,-0.008011463
0.519723892,-0.004409790,0.047361374,-0.016681671,-0.005177498,0.010545731,0.036240578,0.039611816,0.086977005,-0.094669342,-0.083923340,-0.074024200,-0.006546021,-0.004794121,0.047361374,-0.016681671,-0.004794121,0.010545731,0.036240578,0.000008902,-0.147307247,-0.567834139,-0.121692270,0.069839187,0.000089904,0.000778198,-0.141910553,-0.602075577,-0.157976151,0.078828812,-0.004058838,0.000008902,-0.147307247,-0.567834139,-0.121692270,0.069839187,0.000089904,0.000000000,0.000000000,0.000000000,0.000000000,0.000000000,0.000000000,0.000000000,0.000000000,0.000000000,0.000000000,0.000000000,0.000000000,0.000000000,0.000000000,0.000000000,0.000000000,0.000000000,0.000000000,0.000769297,0.005396694,-0.034241438,-0.036283880,0.008989625,-0.004148741,0.000773304,0.002623114,-0.005502212,-0.027498710,0.009628262,-0.004923982
0.529688597,-0.004794121,0.047361374,-0.017066002,-0.005177498,0.010545731,0.035857201,0.034240723,-0.076601028,-0.022155762,0.069152832,0.000503540,-0.033737183,-0.004409790,0.047361374,-0.016681671,-0.004794121,0.010545731,0.035857201,0.000008902,-0.147308230,-0.567833185,-0.121691234,0.069839187,0.000090937,0.008041382,-0.169376373,-0.592737198,-0.136705399,0.071992874,-0.002777100,0.000008902,-0.147308230,-0.567833185,-0.121691234,0.069839187,0.000090937,0.000000000,0.000000000,0.000000000,0.000000000,0.000000000,0.000000000,0.000000000,0.000000000,0.000000000,0.000000000,0.000000000,0.000000000,0.000000000,0.000000000,0.000000000,0.000000000,0.000000000,0.000000000,0.008032480,-0.022068143,-0.024904013,-0.015014164,0.002153687,-0.002868036,0.007887664,-0.024381691,0.003764191,-0.006113642,0.002740615,-0.003575809
0.539691210,-0.004409790,0.047361374,-0.016681671,-0.004794121,0.010545731,0.035857201,-0.004699707,-0.034484863,-0.046325684,0.109436035,-0.012588501,0.002517700,-0.004794121,0.047361374,-0.016681671,-0.005177498,0.010545731,0.035857201,0.000008902,-0.146722600,-0.568387985,-0.122307688,0.070227556,0.000091970,0.000778198,-0.167545319,-0.532035828,-0.082231522,0.065584183,0.015167236,0.000008902,-0.146722600,-0.568387985,-0.122307688,0.070227556,0.000091970,0.000000000,0.000000000,0.000000000,0.000000000,0.000000000,0.000000000,0.000000000,0.000000000,0.000000000,0.000000000,0.000000000,0.000000000,0.000000000,0.000000000,0.000000000,0.000000000,0.000000000,0.000000000,0.000769297,-0.020822719,0.036352158,0.040076166,-0.004643373,0.015075266,0.000613126,-0.022715607,0.063838173,0.048086203,-0.003982692,0.014106267
0.549728155,-0.004409790,0.047361374,-0.016681671,-0.004794121,0.010545731,0.035857201,-0.039611816,-0.035705566,0.058410645,0.122863770,-0.068988800,0.027694702,-0.004409790,0.047361374,-0.016681671,-0.005177498,0.010545731,0.036240578,0.000008902,-0.146721616,-0.568388939,-0.122308724,0.070227556,0.000090937,-0.010635376,-0.147403717,-0.587549210,-0.136705399,0.069429398,-0.000640869,0.000008902,-0.146721616,-0.568388939,-0.122308724,0.070227556,0.000090937,0.000000000,0.000000000,0.000000000,0.000000000,0.000000000,0.000000000,0.000000000,0.000000000,0.000000000,0.000000000,0.000000000,0.000000000,0.000000000,0.000000000,0.000000000,0.000000000,0.000000000,0.000000000,-0.010644277,-0.000682101,-0.019160271,-0.014396675,-0.000798158,-0.000731806,-0.010607583,-0.002529007,0.008177071,-0.006272591,-0.000135022,-0.001670434
0.559800386,-0.004794121,0.047361374,-0.016681671,-0.005177498,0.010545731,0.035857201,0.062438965,-0.027770996,-0.031555176,-0.058410645,-0.031723022,0.037765503,-0.004409790,0.047361374,-0.016681671,-0.004794121,0.010545731,0.035857201,0.000008902,-0.147308230,-0.567833185,-0.121691234,0.069839187,0.000090937,0.008560181,-0.138248444,-0.569391251,-0.107652664,0.072420120,-0.004486084,0.000008902,-0.147308230,-0.567833185,-0.121691234,0.069839187,0.000090937,0.000000000,0.000000000,0.000000000,0.000000000,0.000000000,0.000000000,0.000000000,0.000000000,0.000000000,0.000000000,0.000000000,0.000000000,0.000000000,0.000000000,0.000000000,0.000000000,0.000000000,0.000000000,0.008551279,0.009059787,-0.001558065,0.014038570,0.002580933,-0.004577021,0.008437307,0.007086338,0.025327008,0.021773836,0.003187156,-0.005418883
0.569688082,-0.004794121,0.047361374,-0.016681671,-0.004794121,0.010545731,0.036240578,0.019470215,0.044250488,-0.032897949,0.043640137,-0.002517700,-0.006546021,-0.004409790,0.047361374,-0.016681671,-0.005177498,0.010545731,0.035857201,0.000008902,-0.146722600,-0.568387985,-0.122307688,0.070227556,0.000091970,0.000259399,-0.134586334,-0.590662003,-0.129961014,0.075838089,0.016021729,0.000008902,-0.146722600,-0.568387985,-0.122307688,0.070227556,0.000091970,0.000000000,0.000000000,0.000000000,0.000000000,0.000000000,0.000000000,0.000000000,0.000000000,0.000000000,0.000000000,0.000000000,0.000000000,0.000000000,0.000000000,0.000000000,0.000000000,0.000000000,0.000000000,0.000250498,0.012136266,-0.022274017,-0.007653326,0.005610533,0.015929759,0.000134172,0.009987596,0.004531555,0.000080527,0.006109570,0.014827760
0.579648495,-0.004794121,0.047361374,-0.016681671,-0.004794121,0.010545731,0.036240578,-0.035583496,0.016784668,-0.116153717,0.075866699,-0.002517700,0.015609741,-0.004409790,0.047361374,-0.016681671,-0.005177498,0.010545731,0.035857201,0.000008902,-0.146722600,-0.568387985,-0.122307688,0.070227556,0.000091970,-0.004409790,-0.127262115,-0.579248428,-0.138780594,0.069429398,0.001922607,0.000008902,-0.146722600,-0.568387985,-0.122307688,0.070227556,0.000091970,0.000000000,0.000000000,0.000000000,0.000000000,0.000000000,0.000000000,0.000000000,0.000000000,0.000000000,0.000000000,0.000000000,0.000000000,0.000000000,0.000000000,0.000000000,0.000000000,0.000000000,0.000000000,-0.004418692,0.019460484,-0.010860443,-0.016472906,-0.000798158,0.001830637,-0.004458153,0.017018394,0.015674873,-0.008590934,-0.000294051,0.000716289
0.589697361,-0.004409790,0.047361374,-0.016681671,-0.004794121,0.010545731,0.035857201,-0.040954590,-0.042421341,0.036926270,-0.031555176,-0.032730103,-0.018630981,-0.004794121,0.047361374,-0.016681671,-0.004794121,0.010545731,0.035857201,0.000008902,-0.147308230,-0.567833185,-0.121691234,0.069839187,0.000090937,-0.005966187,-0.169376373,-0.565759659,-0.134630203,0.066865921,-0.010894775,0.000008902,-0.147308230,-0.567833185,-0.121691234,0.069839187,0.000090937,0.000000000,0.000000000,0.000000000,0.000000000,0.000000000,0.000000000,0.000000000,0.000000000,0.000000000,0.000000000,0.000000000,0.000000000,0.000000000,0.000000000,0.000000000,0.000000000,0.000000000,0.000000000,-0.005975088,-0.022068143,0.002073526,-0.012938969,-0.002973266,-0.010985712,-0.005914307,-0.024101729,0.028132028,-0.004972713,-0.002428006,-0.011898393
0.599771023,-0.004794121,0.047361374,-0.016681671,-0.005177498,0.010545731,0.035857201,-0.113468170,-0.002746582,-0.027526855,0.101379395,-0.000503540,0.032730103,-0.004794121,0.047361374,-0.016681671,-0.005177498,0.010545731,0.035857201,0.000008902,-0.146722600,-0.568387985,-0.122307688,0.070227556,0.000091970,-0.008560181,-0.167545319,-0.605707169,-0.109209061,0.074983597,-0.002349854,0.000008902,-0.146722600,-0.568387985,-0.122307688,0.070227556,0.000091970,0.000000000,0.000000000,0.000000000,0.000000000,0.000000000,0.000000000,0.000000000,0.000000000,0.000000000,0.000000000,0.000000000,0.000000000,0.000000000,0.000000000,0.000000000,0.000000000,0.000000000,0.000000000,-0.008569082,-0.020822719,-0.037319183,0.013098627,0.004756041,-0.002441823,-0.008368821,-0.022481611,-0.011076080,0.020719557,0.005214394,-0.003299512
0.609687567,-0.004794121,0.047361374,-0.016681671,-0.004794121,0.010545731,0.036240578,-0.237003326,-0.097352982,0.163146973,-0.020812988,-0.023666382,-0.001510620,-0.004794121,0.047361374,-0.016681671,-0.005177498,0.010545731,0.035857201,0.000008902,-0.146722600,-0.568387985,-0.122307688,0.070227556,0.000091970,-0.005966187,-0.152896881,-0.621789932,-0.128404617,0.074983597,-0.004913330,0.000008902,-0.146722600,-0.568387985,-0.122307688,0.070227556,0.000091970,0.000000000,0.000000000,0.000000000,0.000000000,0.000000000,0.000000000,0.000000000,0.000000000,0.000000000,0.000000000,0.000000000,0.000000000,0.000000000,0.000000000,0.000000000,0.000000000,0.000000000,0.000000000,-0.005975088,-0.006174281,-0.053401947,-0.006096929,0.004756041,-0.005005300,-0.005681684,-0.007706832,-0.026720798,0.001499420,0.005130291,-0.005768424
0.619749784,-0.004794121,0.047361374,-0.017066002,-0.004794121,0.010545731,0.036240578,-0.018127441,-0.007019043,-0.091983795,0.114807129,0.091140747,0.014602661,-0.004409790,0.047361374,-0.016681671,-0.005177498,0.010545731,0.035857201,0.000008902,-0.146722600,-0.568387985,-0.122307688,0.070227556,0.000091970,0.000259399,-0.123600006,-0.633203506,-0.127885818,0.077547073,-0.010467529,0.000008902,-0.146722600,-0.568387985,-0.122307688,0.070227556,0.000091970,0.000000000,0.000000000,0.000000000,0.000000000,0.000000000,0.000000000,0.000000000,0.000000000,0.000000000,0.000000000,0.000000000,0.000000000,0.000000000,0.000000000,0.000000000,0.000000000,0.000000000,0.000000000,0.000250498,0.023122594,-0.064815521,-0.005578130,0.007319517,-0.010559499,0.000535269,0.021247344,-0.037529065,0.001986183,0.007571644,-0.011142899
0.629687071,-0.004409790,0.047361374,-0.016681671,-0.004794121,0.010545731,0.036240578,0.014099121,-0.099794388,-0.089298248,-0.070495605,0.031723022,0.038772583,-0.004794121,0.047361374,-0.016681671,-0.004794121,0.010545731,0.036240578,0.000008902,-0.147307247,-0.567834139,-0.121692270,0.069839187,0.000089904,0.014785767,-0.125431061,-0.601037979,-0.122697830,0.070711136,0.000213623,0.000008902,-0.147307247,-0.567834139,-0.121692270,0.069839187,0.000089904,0.000000000,0.000000000,0.000000000,0.000000000,0.000000000,0.000000000,0.000000000,0.000000000,0.000000000,0.000000000,0.000000000,0.000000000,0.000000000,0.000000000,0.000000000,0.000000000,0.000000000,0.000000000,0.014776865,0.021876186,-0.033203840,-0.001005560,0.000871949,0.000123719,0.014826298,0.019688421,-0.005824924,0.006456273,0.001106512,-0.000452498
0.639737368,-0.004409790,0.047361374,-0.016681671,-0.004794121,0.010545731,0.035857201,0.018127441,0.007019043,0.094665527,0.192691803,-0.037765503,-0.014602661,-0.004794121,0.047361374,-0.016681671,-0.005177498,0.010545731,0.035857201,0.000008902,-0.146722600,-0.568387985,-0.122307688,0.070227556,0.000091970,-0.004928589,-0.147403717,-0.647729874,-0.096757889,0.068147659,0.008331299,0.000008902,-0.146722600,-0.568387985,-0.122307688,0.070227556,0.000091970,0.000000000,0.000000000,0.000000000,0.000000000,0.000000000,0.000000000,0.000000000,0.000000000,0.000000000,0.000000000,0.000000000,0.000000000,0.000000000,0.000000000,0.000000000,0.000000000,0.000000000,0.000000000,-0.004937491,-0.000681117,-0.079341888,0.025549799,-0.002079897,0.008239329,-0.004812857,-0.002824745,-0.051163542,0.032503761,-0.001816944,0.007545217
0.649703503,-0.004409790,0.047361374,-0.016681671,-0.004794121,0.010545731,0.035857201,-0.030212402,0.087587357,-0.012756348,0.105407715,0.024673462,0.020645142,-0.004794121,0.047361374,-0.016681671,-0.004794121,0.010545731,0.035857201,0.000008902,-0.147308230,-0.567833185,-0.121691234,0.069839187,0.000090937,0.000778198,-0.173038483,-0.593255997,-0.120103836,0.070711136,0.001922607,0.000008902,-0.147308230,-0.567833185,-0.121691234,0.069839187,0.000090937,0.000000000,0.000000000,0.000000000,0.000000000,0.000000000,0.000000000,0.000000000,0.000000000,0.000000000,0.000000000,0.000000000,0.000000000,0.000000000,0.000000000,0.000000000,0.000000000,0.000000000,0.000000000,0.000769297,-0.025730252,-0.025422812,0.001587398,0.000871949,0.001831671,0.000880386,-0.027451549,0.002713784,0.008411946,0.001117706,0.001120323
0.659738779,-0.004794121,0.047361374,-0.016681671,-0.005177498,0.010545731,0.035857201,-0.126895905,-0.031433105,0.065124512,-0.020812988,0.080062866,-0.017623901,-0.004409790,0.047361374,-0.016681671,-0.005177498,0.010545731,0.035857201,0.000008902,-0.146722600,-0.568387985,-0.122307688,0.070227556,0.000091970,-0.011672974,-0.151065826,-0.601037979,-0.132036209,0.075410843,0.001922607,0.000008902,-0.146722600,-0.568387985,-0.122307688,0.070227556,0.000091970,0.000000000,0.000000000,0.000000000,0.000000000,0.000000000,0.000000000,0.000000000,0.000000000,0.000000000,0.000000000,0.000000000,0.000000000,0.000000000,0.000000000,0.000000000,0.000000000,0.000000000,0.000000000,-0.011681875,-0.004343227,-0.032649994,-0.009728521,0.005183287,0.001830637,-0.011398088,-0.005974008,-0.004446034,-0.002860631,0.005348014,0.001102584
0.669687271,-0.004409790,0.047361374,-0.016681671,-0.005177498,0.010545731,0.036240578,-0.023498535,-0.118104935,0.105407715,-0.124210358,0.021652222,-0.051864624,-0.004409790,0.047361374,-0.017066002,-0.005177498,0.010545731,0.036240578,0.000008901,-0.143212408,-0.571713448,-0.122926690,0.070616879,0.000091972,-0.003890991,-0.138248444,-0.585992813,-0.107133865,0.069002151,0.015594482,0.000008901,-0.143212408,-0.571713448,-0.122926690,0.070616879,0.000091972,0.000000000,0.000000000,0.000000000,0.000000000,0.000000000,0.000000000,0.000000000,0.000000000,0.000000000,0.000000000,0.000000000,0.000000000,0.000000000,0.000000000,0.000000000,0.000000000,0.000000000,0.000000000,-0.003899893,0.004963964,-0.014279366,0.015792824,-0.001614727,0.015502510,-0.003562927,0.003284166,0.013719821,0.022327469,-0.001428677,0.014557185
0.679768801,-0.004794121,0.047361374,-0.016681671,-0.005177498,0.010545731,0.036240578,-0.058410645,0.106508255,-0.030212402,-0.030212402,-0.009567261,0.036758423,-0.004409790,0.047361374,-0.016681671,-0.005177498,0.010545731,0.036240578,0.000008902,-0.146721616,-0.568388939,-0.122308724,0.070227556,0.000090937,-0.016342163,-0.116271973,-0.612970352,-0.125291824,0.066011429,0.011322021,0.000008902,-0.146721616,-0.568388939,-0.122308724,0.070227556,0.000090937,0.000000000,0.000000000,0.000000000,0.000000000,0.000000000,0.000000000,0.000000000,0.000000000,0.000000000,0.000000000,0.000000000,0.000000000,0.000000000,0.000000000,0.000000000,0.000000000,0.000000000,0.000000000,-0.016351065,0.030449644,-0.044581413,-0.002983101,-0.004216127,0.011231085,-0.015782011,0.028352891,-0.016341905,0.003500072,-0.003971670,0.010136691
0.689801693,-0.004409790,0.047361374,-0.016681671,-0.005177498,0.010545731,0.036240578,0.078552246,-0.003967285,-0.214176178,-0.038269043,-0.000503540,0.052871704,-0.004794121,0.047361374,-0.016681671,-0.005177498,0.010545731,0.035857201,0.000008902,-0.146722600,-0.568387985,-0.122307688,0.070227556,0.000091970,-0.010116577,-0.132755280,-0.607782364,-0.122179031,0.075838089,-0.002777100,0.000008902,-0.146722600,-0.568387985,-0.122307688,0.070227556,0.000091970,0.000000000,0.000000000,0.000000000,0.000000000,0.000000000,0.000000000,0.000000000,0.000000000,0.000000000,0.000000000,0.000000000,0.000000000,0.000000000,0.000000000,0.000000000,0.000000000,0.000000000,0.000000000,-0.010125479,0.013967320,-0.039394379,0.000128657,0.005610533,-0.002869070,-0.009419905,0.011700988,-0.010995515,0.006517375,0.005771347,-0.003906842
0.699726105,-0.004409790,0.047361374,-0.016681671,-0.005177498,0.010545731,0.036240578,-0.002014160,0.007019043,0.090637207,-0.018127441,-0.006546021,-0.007553101,-0.004409790,0.047361374,-0.016681671,-0.005177498,0.010545731,0.036240578,0.000008902,-0.146721616,-0.568388939,-0.122308724,0.070227556,0.000090937,0.002853394,-0.171207428,-0.614526749,-0.124254227,0.064302444,-0.007049561,0.000008902,-0.146721616,-0.568388939,-0.122308724,0.070227556,0.000090937,0.000000000,0.000000000,0.000000000,0.000000000,0.000000000,0.000000000,0.000000000,0.000000000,0.000000000,0.000000000,0.000000000,0.000000000,0.000000000,0.000000000,0.000000000,0.000000000,0.000000000,0.000000000,0.002844492,-0.024485812,-0.046137810,-0.001945503,-0.005925111,-0.007140497,0.003500065,-0.026375353,-0.017489102,0.004380635,-0.005683110,-0.008063083
0.709687233,-0.004409790,0.047361374,-0.016681671,-0.005177498,0.010545731,0.036240578,-0.028869629,0.010070801,0.044982910,0.036926270,0.027694702,0.004531860,-0.004409790,0.047361374,-0.017066002,-0.005177498,0.010545731,0.036240578,0.000008901,-0.143212408,-0.571713448,-0.122926690,0.070616879,0.000091972,0.014785767,-0.140079498,-0.607263565,-0.109209061,0.073701859,0.027557373,0.000008901,-0.143212408,-0.571713448,-0.122926690,0.070616879,0.000091972,0.000000000,0.000000000,0.000000000,0.000000000,0.000000000,0.000000000,0.000000000,0.000000000,0.000000000,0.000000000,0.000000000,0.000000000,0.000000000,0.000000000,0.000000000,0.000000000,0.000000000,0.000000000,0.014776865,0.003132910,-0.035550117,0.013717629,0.003084980,0.027465401,0.015218099,0.001226099,-0.006805557,0.019765381,0.003280774,0.026174165
0.719687700,-0.004409790,0.047361374,-0.016681671,-0.005177498,0.010545731,0.036240578,0.152404785,-0.007019043,0.082580566,-0.027526855,0.014602661,0.009567261,-0.004409790,0.047361374,-0.016681671,-0.004794121,0.010545731,0.036240578,0.000008902,-0.147307247,-0.567834139,-0.121692270,0.069839187,0.000089904,-0.001296997,-0.125431061,-0.611413956,-0.130998611,0.071565628,0.003204346,0.000008902,-0.147307247,-0.567834139,-0.121692270,0.069839187,0.000089904,0.000000000,0.000000000,0.000000000,0.000000000,0.000000000,0.000000000,0.000000000,0.000000000,0.000000000,0.000000000,0.000000000,0.000000000,0.000000000,0.000000000,0.000000000,0.000000000,0.000000000,0.000000000,-0.001305899,0.021876186,-0.043579817,-0.009306341,0.001726441,0.003114442,-0.000852820,0.019695822,-0.014632033,-0.003213951,0.001895903,0.001798231
0.729690552,-0.004794121,0.047361374,-0.016681671,-0.004794121,0.010545731,0.036240578,-0.085266113,-0.036926270,0.062438965,0.020812988,-0.031723022,-0.017623901,-0.004794121,0.047361374,-0.016681671,-0.005177498,0.010545731,0.036240578,0.000008902,-0.146721616,-0.568388939,-0.122308724,0.070227556,0.000090937,-0.008041382,-0.171207428,-0.603113174,-0.117509842,0.068574905,-0.016876221,0.000008902,-0.146721616,-0.568388939,-0.122308724,0.070227556,0.000090937,0.000000000,0.000000000,0.000000000,0.000000000,0.000000000,0.000000000,0.000000000,0.000000000,0.000000000,0.000000000,0.000000000,0.000000000,0.000000000,0.000000000,0.000000000,0.000000000,0.000000000,0.000000000,-0.008050283,-0.024485812,-0.034724236,0.004798882,-0.001652651,-0.016967157,-0.007494540,-0.026305822,-0.005698392,0.010744093,-0.001463146,-0.018036296
0.739714146,-0.004794121,0.047361374,-0.016681671,-0.004794121,0.010545731,0.036240578,-0.018127441,0.050964355,-0.000671387,0.028869629,-0.016616821,0.030715942,-0.004794121,0.047361374,-0.017066002,-0.004794121,0.010930061,0.036240578,0.000008902,-0.143428162,-0.571509063,-0.122699589,0.070228226,0.000090939,0.000259399,-0.151065826,-0.629571915,-0.137224197,0.062166214,0.006195068,0.000008902,-0.143428162,-0.571509063,-0.122699589,0.070228226,0.000090939,0.000000000,0.000000000,0.000000000,0.000000000,0.000000000,0.000000000,0.000000000,0.000000000,0.000000000,0.000000000,0.000000000,0.000000000,0.000000000,0.000000000,0.000000000,0.000000000,0.000000000,0.000000000,0.000250498,-0.007637665,-0.058062851,-0.014524609,-0.008062012,0.006104130,0.000795492,-0.009331572,-0.028649848,-0.008465006,-0.007767541,0.004967858
0.749687433,-0.004794121,0.047361374,-0.017066002,-0.005177498,0.010545731,0.036240578,0.187320709,0.020446777,-0.196720123,0.030212402,-0.015609741,0.030715942,-0.004794121,0.047361374,-0.016681671,-0.004794121,0.010545731,0.036240578,0.000008902,-0.147307247,-0.567834139,-0.121692270,0.069839187,0.000089904,0.006484985,-0.158390045,-0.588586807,-0.127885818,0.066865921,-0.001922607,0.000008902,-0.147307247,-0.567834139,-0.121692270,0.069839187,0.000089904,0.000000000,0.000000000,0.000000000,0.000000000,0.000000000,0.000000000,0.000000000,0.000000000,0.000000000,0.000000000,0.000000000,0.000000000,0.000000000,0.000000000,0.000000000,0.000000000,0.000000000,0.000000000,0.006476084,-0.011082798,-0.020752668,-0.006193548,-0.002973266,-0.002012511,0.006928695,-0.012608591,0.008546384,-0.000132183,-0.002643547,-0.003107352
0.759672642,-0.004409790,0.047361374,-0.017066002,-0.005177498,0.010930061,0.036240578,-0.002014160,-0.005187988,-0.096012115,-0.180606842,0.050857544,0.045822144,-0.004409790,0.047361374,-0.016681671,-0.005177498,0.010545731,0.035857201,0.000008902,-0.146722600,-0.568387985,-0.122307688,0.070227556,0.000091970,0.008560181,-0.178531647,-0.593774796,-0.148118973,0.057466507,-0.021575928,0.000008902,-0.146722600,-0.568387985,-0.122307688,0.070227556,0.000091970,0.000000000,0.000000000,0.000000000,0.000000000,0.000000000,0.000000000,0.000000000,0.000000000,0.000000000,0.000000000,0.000000000,0.000000000,0.000000000,0.000000000,0.000000000,0.000000000,0.000000000,0.000000000,0.008551279,-0.031809047,-0.025386810,-0.025811285,-0.012761049,-0.021667898,0.008886957,-0.032901920,0.003861433,-0.019493427,-0.012269884,-0.022467118
0.769687176,-0.004409790,0.047361374,-0.016681671,-0.005177498,0.010545731,0.036240578,0.122863770,0.151063919,-0.118839264,-0.012756348,0.050857544,0.031723022,-0.004794121,0.047361374,-0.016681671,-0.005177498,0.010545731,0.036240578,0.000008902,-0.146721616,-0.568388939,-0.122308724,0.070227556,0.000090937,0.005966187,-0.193180084,-0.610376358,-0.104021072,0.055757523,0.016876221,0.000008902,-0.146721616,-0.568388939,-0.122308724,0.070227556,0.000090937,0.000000000,0.000000000,0.000000000,0.000000000,0.000000000,0.000000000,0.000000000,0.000000000,0.000000000,0.000000000,0.000000000,0.000000000,0.000000000,0.000000000,0.000000000,0.000000000,0.000000000,0.000000000,0.005957285,-0.046458468,-0.041987419,0.018287651,-0.014470033,0.016785284,0.006212283,-0.046941708,-0.012575853,0.024290054,-0.013799652,0.015781114
0.779688120,-0.004794121,0.047361374,-0.016681671,-0.004794121,0.010545731,0.036240578,0.120178223,-0.020446777,-0.108097076,-0.042297363,-0.002517700,0.024673462,-0.004409790,0.047361374,-0.016681671,-0.005177498,0.010545731,0.036240578,0.000008902,-0.146721616,-0.568388939,-0.122308724,0.070227556,0.000090937,-0.009597778,-0.160221100,-0.667963028,-0.112321854,0.057039261,0.007904053,0.000008902,-0.146721616,-0.568388939,-0.122308724,0.070227556,0.000090937,0.000000000,0.000000000,0.000000000,0.000000000,0.000000000,0.000000000,0.000000000,0.000000000,0.000000000,0.000000000,0.000000000,0.000000000,0.000000000,0.000000000,0.000000000,0.000000000,0.000000000,0.000000000,-0.009606680,-0.013499483,-0.099574089,0.009986870,-0.013188295,0.007813116,-0.009233306,-0.013805728,-0.069274389,0.015786877,-0.012359460,0.006722756
0.789666891,-0.004794121,0.047361374,-0.016681671,-0.005177498,0.010545731,0.036240578,0.015441895,-0.036926270,-0.002014160,-0.040954590,0.001510620,0.042800903,-0.004409790,0.047361374,-0.016681671,-0.005177498,0.010545731,0.035857201,0.000008902,-0.146722600,-0.568387985,-0.122307688,0.070227556,0.000091970,-0.008041382,-0.145572662,-0.623865128,-0.121660233,0.077547073,0.021148682,0.000008902,-0.146722600,-0.568387985,-0.122307688,0.070227556,0.000091970,0.000000000,0.000000000,0.000000000,0.000000000,0.000000000,0.000000000,0.000000000,0.000000000,0.000000000,0.000000000,0.000000000,0.000000000,0.000000000,0.000000000,0.000000000,0.000000000,0.000000000,0.000000000,-0.008050283,0.001149938,-0.055477142,0.000647455,0.007319517,0.021056712,-0.007580948,0.000833147,-0.024862725,0.006366869,0.008046499,0.019716773
0.799730539,-0.004409790,0.047361374,-0.016681671,-0.005177498,0.010545731,0.035857201,0.101379395,0.075378418,-0.089298248,-0.008728027,0.001510620,-0.102222443,-0.004794121,0.047744751,-0.016681671,-0.005177498,0.010545731,0.036240578,0.000008902,-0.149261177,-0.571705163,-0.122925155,0.070615910,0.000091970,-0.000259399,-0.178531647,-0.607263565,-0.126329422,0.070711136,0.050628662,0.000008902,-0.149261177,-0.571705163,-0.122925155,0.070615910,0.000091970,0.000000000,0.000000000,0.000000000,0.000000000,0.000000000,0.000000000,0.000000000,0.000000000,0.000000000,0.000000000,0.000000000,0.000000000,0.000000000,0.000000000,0.000000000,0.000000000,0.000000000,0.000000000,-0.000268301,-0.029270470,-0.035558403,-0.003404267,0.000095226,0.050536692,0.000198553,-0.029221986,-0.004882948,0.002286564,0.000812056,0.048589386
0.809763670,-0.004409790,0.047361374,-0.016681671,-0.005177498,0.010545731,0.036240578,-0.069152832,0.096132278,-0.155094147,-0.063781738,-0.032730103,0.004531860,-0.004794121,0.047361374,-0.016681671,-0.004794121,0.010545731,0.036240578,0.000008902,-0.147307247,-0.567834139,-0.121692270,0.069839187,0.000089904,0.005447388,-0.125431061,-0.604669571,-0.153306961,0.053192139,0.006622314,0.000008902,-0.147307247,-0.567834139,-0.121692270,0.069839187,0.000089904,0.000000000,0.000000000,0.000000000,0.000000000,0.000000000,0.000000000,0.000000000,0.000000000,0.000000000,0.000000000,0.000000000,0.000000000,0.000000000,0.000000000,0.000000000,0.000000000,0.000000000,0.000000000,0.005438486,0.021876186,-0.036835432,-0.031614691,-0.016647048,0.006532411,0.005833323,0.021657297,-0.006084856,-0.025607715,-0.015735947,0.004529189
0.819720745,-0.004409790,0.047361374,-0.016681671,-0.004794121,0.010545731,0.035857201,0.204776764,0.082704544,0.016784668,-0.016784668,0.023666382,0.009567261,-0.004409790,0.047361374,-0.016681671,-0.005177498,0.010545731,0.036240578,0.000008902,-0.146721616,-0.568388939,-0.122308724,0.070227556,0.000090937,-0.000778198,-0.158390045,-0.550712585,-0.132036209,0.067293167,-0.011322021,0.000008902,-0.146721616,-0.568388939,-0.122308724,0.070227556,0.000090937,0.000000000,0.000000000,0.000000000,0.000000000,0.000000000,0.000000000,0.000000000,0.000000000,0.000000000,0.000000000,0.000000000,0.000000000,0.000000000,0.000000000,0.000000000,0.000000000,0.000000000,0.000000000,-0.000787100,-0.011668429,0.017676353,-0.009727485,-0.002934389,-0.011412958,-0.000387536,-0.011744098,0.047843473,-0.003675684,-0.001998911,-0.013254540
0.829687834,-0.004409790,0.047361374,-0.016681671,-0.005177498,0.010545731,0.036240578,0.077209473,0.091859818,-0.007385254,0.078552246,-0.004531860,0.017623901,-0.004794121,0.047361374,-0.016681671,-0.005177498,0.010545731,0.036240578,0.000008902,-0.146721616,-0.568388939,-0.122308724,0.070227556,0.000090937,0.010116577,-0.125431061,-0.587030411,-0.116472244,0.086519241,0.023712158,0.000008902,-0.146721616,-0.568388939,-0.122308724,0.070227556,0.000090937,0.000000000,0.000000000,0.000000000,0.000000000,0.000000000,0.000000000,0.000000000,0.000000000,0.000000000,0.000000000,0.000000000,0.000000000,0.000000000,0.000000000,0.000000000,0.000000000,0.000000000,0.000000000,0.010107675,0.021290556,-0.018641472,0.005836479,0.016291685,0.023621221,0.010382153,0.020962329,0.011388437,0.011746754,0.017022078,0.021520359
0.839717865,-0.004794121,0.047361374,-0.016681671,-0.005177498,0.010545731,0.035857201,-0.011413574,-0.125429153,-0.003356934,-0.010070801,0.058914185,-0.030715942,-0.004794121,0.047361374,-0.016681671,-0.004794121,0.010545731,0.036240578,0.000008902,-0.147307247,-0.567834139,-0.121692270,0.069839187,0.000089904,-0.010116577,-0.136417389,-0.571985245,-0.134111404,0.084810257,-0.003204346,0.000008902,-0.147307247,-0.567834139,-0.121692270,0.069839187,0.000089904,0.000000000,0.000000000,0.000000000,0.000000000,0.000000000,0.000000000,0.000000000,0.000000000,0.000000000,0.000000000,0.000000000,0.000000000,0.000000000,0.000000000,0.000000000,0.000000000,0.000000000,0.000000000,-0.010125479,0.010889858,-0.004151106,-0.012419134,0.014971070,-0.003294249,-0.009735108,0.010437377,0.025574347,-0.006432285,0.015516740,-0.005331640
0.849670649,-0.004409790,0.047361374,-0.016681671,-0.004794121,0.010545731,0.036240578,0.185977936,0.178529739,-0.020812988,0.063781738,-0.011581421,-0.016616821,-0.004794121,0.047361374,-0.016681671,-0.005177498,0.010545731,0.036240578,0.000008902,-0.146721616,-0.568388939,-0.122308724,0.070227556,0.000090937,-0.009597778,-0.182193756,-0.567316055,-0.119585037,0.081392288,-0.001068115,0.000008902,-0.146721616,-0.568388939,-0.122308724,0.070227556,0.000090937,0.000000000,0.000000000,0.000000000,0.000000000,0.000000000,0.000000000,0.000000000,0.000000000,0.000000000,0.000000000,0.000000000,0.000000000,0.000000000,0.000000000,0.000000000,0.000000000,0.000000000,0.000000000,-0.009606680,-0.035472140,0.001072884,0.002723686,0.011164732,-0.001159052,-0.009109142,-0.035506893,0.030440216,0.008609250,0.011574235,-0.003159275
0.859719992,-0.004794121,0.047361374,-0.016681671,-0.005177498,0.010930061,0.035857201,0.054382324,-0.053407669,0.018127441,0.026184082,-0.005538940,-0.013595581,-0.004794121,0.047361374,-0.016681671,-0.004794121,0.010545731,0.035857201,0.000008902,-0.147308230,-0.567833185,-0.121691234,0.069839187,0.000090937,0.008560181,-0.180362701,-0.632165909,-0.113359451,0.059175491,0.003204346,0.000008902,-0.147308230,-0.567833185,-0.121691234,0.069839187,0.000090937,0.000000000,0.000000000,0.000000000,0.000000000,0.000000000,0.000000000,0.000000000,0.000000000,0.000000000,0.000000000,0.000000000,0.000000000,0.000000000,0.000000000,0.000000000,0.000000000,0.000000000,0.000000000,0.008551279,-0.033054471,-0.064332724,0.008331783,-0.010663696,0.003113409,0.008944807,-0.032708888,-0.034563490,0.014053929,-0.010136329,0.001100391
0.869668722,-0.004409790,0.047361374,-0.016681671,-0.005177498,0.010545731,0.036240578,-0.126895905,0.089418411,-0.117496490,-0.010070801,0.006546021,0.021652222,-0.004794121,0.047361374,-0.016681671,-0.004794121,0.010545731,0.036240578,0.000008902,-0.147307247,-0.567834139,-0.121692270,0.069839187,0.000089904,0.003890991,-0.127262115,-0.573022842,-0.130998611,0.073274612,0.014312744,0.000008902,-0.147307247,-0.567834139,-0.121692270,0.069839187,0.000089904,0.000000000,0.000000000,0.000000000,0.000000000,0.000000000,0.000000000,0.000000000,0.000000000,0.000000000,0.000000000,0.000000000,0.000000000,0.000000000,0.000000000,0.000000000,0.000000000,0.000000000,0.000000000,0.003882090,0.020045131,-0.005188704,-0.009306341,0.003435425,0.014222841,0.004227031,0.020159001,0.024301206,-0.003543466,0.003917760,0.012071074
0.879792690,-0.004409790,0.047361374,-0.017066002,-0.004794121,0.010545731,0.036240578,-0.014099121,0.002746582,-0.003356934,0.062438965,0.014602661,0.040786743,-0.004409790,0.047361374,-0.016681671,-0.005177498,0.010545731,0.036240578,0.000008902,-0.146721616,-0.568388939,-0.122308724,0.070227556,0.000090937,0.011672974,-0.156558990,-0.624383926,-0.138261795,0.069002151,-0.075409889,0.000008902,-0.146721616,-0.568388939,-0.122308724,0.070227556,0.000090937,0.000000000,0.000000000,0.000000000,0.000000000,0.000000000,0.000000000,0.000000000,0.000000000,0.000000000,0.000000000,0.000000000,0.000000000,0.000000000,0.000000000,0.000000000,0.000000000,0.000000000,0.000000000,0.011664072,-0.009837374,-0.055994987,-0.015953071,-0.001225404,-0.075500826,0.011874081,-0.009614251,-0.026207268,-0.010075699,-0.000734720,-0.076780091
0.889666080,-0.004794121,0.047361374,-0.016681671,-0.004794121,0.010545731,0.035857201,-0.144351959,0.010070801,0.008728027,0.102722168,-0.004531860,0.005538940,-0.004409790,0.047361374,-0.016681671,-0.004794121,0.010545731,0.036240578,0.000008902,-0.147307247,-0.567834139,-0.121692270,0.069839187,0.000089904,-0.006484985,-0.116271973,-0.595849991,-0.108171463,0.071992874,-0.023712158,0.000008902,-0.147307247,-0.567834139,-0.121692270,0.069839187,0.000089904,0.000000000,0.000000000,0.000000000,0.000000000,0.000000000,0.000000000,0.000000000,0.000000000,0.000000000,0.000000000,0.000000000,0.000000000,0.000000000,0.000000000,0.000000000,0.000000000,0.000000000,0.000000000,-0.006493887,0.031035274,-0.028015852,0.013520807,0.002153687,-0.023802062,-0.006214057,0.030911082,0.001752180,0.019182644,0.002614989,-0.024802646
0.899719477,-0.004794121,0.047361374,-0.016681671,-0.005177498,0.010545731,0.036240578,-0.046325684,0.005187988,0.002014160,0.024841309,0.078048706,0.035751343,-0.004409790,0.047361374,-0.016681671,-0.005177498,0.010545731,0.035857201,0.000008902,-0.146722600,-0.568387985,-0.122307688,0.070227556,0.000091970,-0.004928589,-0.154727936,-0.577692032,-0.130998611,0.067293167,0.012603760,0.000008902,-0.146722600,-0.568387985,-0.122307688,0.070227556,0.000091970,0.000000000,0.000000000,0.000000000,0.000000000,0.000000000,0.000000000,0.000000000,0.000000000,0.000000000,0.000000000,0.000000000,0.000000000,0.000000000,0.000000000,0.000000000,0.000000000,0.000000000,0.000000000,-0.004937490,-0.008005336,-0.009304047,-0.008690923,-0.002934389,0.012511790,-0.004606477,-0.008040193,0.020239106,-0.002995800,-0.002445910,0.011384709
0.909675360,-0.004409790,0.047361374,-0.016681671,-0.004794121,0.010545731,0.036240578,0.006042480,-0.033264160,0.046325684,0.077209473,0.047836304,0.002517700,-0.004794121,0.047361374,-0.017066002,-0.005177498,0.010545731,0.035857201,0.000008902,-0.143213391,-0.571712494,-0.122925662,0.070616879,0.000093006,-0.006484985,-0.108947754,-0.580804825,-0.136186600,0.084810257,-0.007476807,0.000008902,-0.143213391,-0.571712494,-0.122925662,0.070616879,0.000093006,0.000000000,0.000000000,0.000000000,0.000000000,0.000000000,0.000000000,0.000000000,0.000000000,0.000000000,0.000000000,0.000000000,0.000000000,0.000000000,0.000000000,0.000000000,0.000000000,0.000000000,0.000000000,-0.006493887,0.034265637,-0.009092331,-0.013260938,0.014193378,-0.007569812,-0.006095886,0.033858706,0.020228530,-0.007483578,0.014522272,-0.008602361
0.919689655,-0.004409790,0.047361374,-0.017066002,-0.005177498,0.010545731,0.035857201,0.132263184,-0.082094193,0.063781738,-0.106754303,-0.018630981,-0.053878784,-0.004794121,0.047361374,-0.016681671,-0.005177498,0.010545731,0.035857201,0.000008902,-0.146722600,-0.568387985,-0.122307688,0.070227556,0.000091970,-0.000259399,-0.160221100,-0.612451553,-0.134630203,0.070711136,-0.004913330,0.000008902,-0.146722600,-0.568387985,-0.122307688,0.070227556,0.000091970,0.000000000,0.000000000,0.000000000,0.000000000,0.000000000,0.000000000,0.000000000,0.000000000,0.000000000,0.000000000,0.000000000,0.000000000,0.000000000,0.000000000,0.000000000,0.000000000,0.000000000,0.000000000,-0.000268301,-0.013498500,-0.044063568,-0.012322515,0.000483580,-0.005005300,0.000128305,-0.013755910,-0.014584183,-0.006474777,0.000803737,-0.005972926
0.929688215,-0.004409790,0.047361374,-0.016681671,-0.005177498,0.010930061,0.036240578,-0.038269043,0.000305176,-0.047668457,0.012756348,0.024673462,-0.021652222,-0.004409790,0.047361374,-0.016681671,-0.005177498,0.010545731,0.035857201,0.000008902,-0.146722600,-0.568387985,-0.122307688,0.070227556,0.000091970,-0.016860962,-0.149234772,-0.574579239,-0.152269363,0.071138382,0.028411865,0.000008902,-0.146722600,-0.568387985,-0.122307688,0.070227556,0.000091970,0.000000000,0.000000000,0.000000000,0.000000000,0.000000000,0.000000000,0.000000000,0.000000000,0.000000000,0.000000000,0.000000000,0.000000000,0.000000000,0.000000000,0.000000000,0.000000000,0.000000000,0.000000000,-0.016869863,-0.002512172,-0.006191254,-0.029961675,0.000910826,0.028319895,-0.016298010,-0.002740118,0.023040385,-0.023857406,0.001217888,0.027061288
0.939690351,-0.004794121,0.047361374,-0.016681671,-0.005177498,0.010545731,0.036240578,0.058410645,0.018005371,-0.078552246,-0.031555176,0.002517700,0.012588501,-0.004794121,0.047361374,-0.016681671,-0.005177498,0.010545731,0.036240578,0.000008902,-0.146721616,-0.568388939,-0.122308724,0.070227556,0.000090937,0.005966187,-0.132755280,-0.605707169,-0.135667801,0.077547073,-0.002349854,0.000008902,-0.146721616,-0.568388939,-0.122308724,0.070227556,0.000090937,0.000000000,0.000000000,0.000000000,0.000000000,0.000000000,0.000000000,0.000000000,0.000000000,0.000000000,0.000000000,0.000000000,0.000000000,0.000000000,0.000000000,0.000000000,0.000000000,0.000000000,0.000000000,0.005957285,0.013966337,-0.037318230,-0.013359077,0.007319517,-0.002440790,0.006460411,0.013593776,-0.008001469,-0.007178441,0.007546299,-0.003660457
0.949690342,-0.004794121,0.047361374,-0.016681671,-0.005177498,0.010545731,0.035857201,-0.104068756,0.013732910,0.030212402,-0.002014160,-0.025680542,-0.010574341,-0.004409790,0.047361374,-0.016681671,-0.005177498,0.010545731,0.036240578,0.000008902,-0.146721616,-0.568388939,-0.122308724,0.070227556,0.000090937,-0.002853394,-0.136417389,-0.594812393,-0.134111404,0.079683304,-0.029267311,0.000008902,-0.146721616,-0.568388939,-0.122308724,0.070227556,0.000090937,0.000000000,0.000000000,0.000000000,0.000000000,0.000000000,0.000000000,0.000000000,0.000000000,0.000000000,0.000000000,0.000000000,0.000000000,0.000000000,0.000000000,0.000000000,0.000000000,0.000000000,0.000000000,-0.002862295,0.010304227,-0.026423454,-0.011802681,0.009455748,-0.029358248,-0.002334595,0.009828211,0.002863168,-0.005563482,0.009581670,-0.030259394
0.959741354,-0.004794121,0.047361374,-0.016681671,-0.005177498,0.010930061,0.036240578,0.065124512,0.041198730,-0.161808014,-0.100040436,-0.041793823,-0.025680542,-0.004409790,0.047361374,-0.016681671,-0.005177498,0.010545731,0.036240578,0.000008902,-0.146721616,-0.568388939,-0.122308724,0.070227556,0.000090937,-0.010635376,-0.127262115,-0.590143204,-0.143968582,0.066438675,0.000213623,0.000008902,-0.146721616,-0.568388939,-0.122308724,0.070227556,0.000090937,0.000000000,0.000000000,0.000000000,0.000000000,0.000000000,0.000000000,0.000000000,0.000000000,0.000000000,0.000000000,0.000000000,0.000000000,0.000000000,0.000000000,0.000000000,0.000000000,0.000000000,0.000000000,-0.010644277,0.019459501,-0.021754265,-0.021659859,-0.003788881,0.000122686,-0.010012282,0.018787779,0.007454704,-0.015261683,-0.003625196,-0.000770435
0.969721079,-0.004794121,0.047361374,-0.016681671,-0.005177498,0.010545731,0.036240578,0.093322754,-0.052186966,-0.133609772,-0.114810944,0.021652222,0.006546021,-0.004794121,0.047361374,-0.016681671,-0.004794121,0.010545731,0.036240578,0.000008902,-0.147307247,-0.567834139,-0.121692270,0.069839187,0.000089904,0.009597778,-0.156558990,-0.606744766,-0.149675369,0.072420120,-0.011749268,0.000008902,-0.147307247,-0.567834139,-0.121692270,0.069839187,0.000089904,0.000000000,0.000000000,0.000000000,0.000000000,0.000000000,0.000000000,0.000000000,0.000000000,0.000000000,0.000000000,0.000000000,0.000000000,0.000000000,0.000000000,0.000000000,0.000000000,0.000000000,0.000000000,0.009588877,-0.009251744,-0.038910627,-0.027983099,0.002580933,-0.011839171,0.010116577,-0.009822206,-0.009602662,-0.021364670,0.002716612,-0.012602371
0.979730368,-0.004409790,0.047361374,-0.016681671,-0.005177498,0.010545731,0.036240578,-0.104068756,-0.123598099,0.152404785,0.073181152,0.015609741,0.064956665,-0.004794121,0.047361374,-0.017066002,-0.005177498,0.010545731,0.036240578,0.000008902,-0.143212408,-0.571713448,-0.122926690,0.070616879,0.000091972,0.003890991,-0.160221100,-0.590143204,-0.108171463,0.065156937,0.019012451,0.000008902,-0.143212408,-0.571713448,-0.122926690,0.070616879,0.000091972,0.000000000,0.000000000,0.000000000,0.000000000,0.000000000,0.000000000,0.000000000,0.000000000,0.000000000,0.000000000,0.000000000,0.000000000,0.000000000,0.000000000,0.000000000,0.000000000,0.000000000,0.000000000,0.003882090,-0.017008692,-0.018429756,0.014755227,-0.005459942,0.018920479,0.004365247,-0.017401587,0.010768329,0.021157761,-0.005270483,0.017973872
0.989688635,-0.004794121,0.047361374,-0.016681671,-0.005177498,0.010545731,0.036240578,0.038269043,0.133974075,-0.120182037,-0.089298248,-0.041793823,0.004531860,-0.004794121,0.047361374,-0.016681671,-0.005177498,0.010545731,0.036240578,0.000008902,-0.146721616,-0.568388939,-0.122308724,0.070227556,0.000090937,0.011672974,-0.151065826,-0.576135635,-0.133592606,0.066865921,0.002777100,0.000008902,-0.146721616,-0.568388939,-0.122308724,0.070227556,0.000090937,0.000000000,0.000000000,0.000000000,0.000000000,0.000000000,0.000000000,0.000000000,0.000000000,0.000000000,0.000000000,0.000000000,0.000000000,0.000000000,0.000000000,0.000000000,0.000000000,0.000000000,0.000000000,0.011664072,-0.004344210,-0.007746696,-0.011283882,-0.003361635,0.002686163,0.012025757,-0.004689734,0.021236874,-0.004832535,-0.003140454,0.001722161
0.999719858,-0.004794121,0.047361374,-0.016681671,-0.005177498,0.010545731,0.036240578,0.027526855,0.100404739,0.024841309,0.093322754,0.040786743,0.043807983,-0.004409790,0.047361374,-0.016681671,-0.005177498,0.010545731,0.035857201,0.000008902,-0.146722600,-0.568387985,-0.122307688,0.070227556,0.000091970,-0.011672974,-0.158390045,-0.602075577,-0.125810623,0.067720413,0.005340576,0.000008902,-0.146722600,-0.568387985,-0.122307688,0.070227556,0.000091970,0.000000000,0.000000000,0.000000000,0.000000000,0.000000000,0.000000000,0.000000000,0.000000000,0.000000000,0.000000000,0.000000000,0.000000000,0.000000000,0.000000000,0.000000000,0.000000000,0.000000000,0.000000000,-0.011681875,-0.011667445,-0.033687592,-0.003502935,-0.002507143,0.005248606,-0.011208109,-0.011894029,-0.004657446,0.002919220,-0.002263329,0.004242182
1.009686708,-0.004794121,0.047361374,-0.016681671,-0.005177498,0.010545731,0.036240578,-0.036926270,0.074157715,-0.086612701,0.031555176,0.020645142,0.022659302,-0.004794121,0.047361374,-0.016681671,-0.004794121,0.010545731,0.035857201,0.000008902,-0.147308230,-0.567833185,-0.121691234,0.069839187,0.000090937,-0.013748169,-0.173038483,-0.602075577,-0.148637772,0.072847366,-0.011749268,0.000008902,-0.147308230,-0.567833185,-0.121691234,0.069839187,0.000090937,0.000000000,0.000000000,0.000000000,0.000000000,0.000000000,0.000000000,0.000000000,0.000000000,0.000000000,0.000000000,0.000000000,0.000000000,0.000000000,0.000000000,0.000000000,0.000000000,0.000000000,0.000000000,-0.013757071,-0.025730252,-0.034242392,-0.026946537,0.003008179,-0.011840204,-0.013153076,-0.025702357,-0.005161146,-0.020323163,0.003220111,-0.012720681
1.019727945,-0.004794121,0.047361374,-0.016681671,-0.005177498,0.010545731,0.035857201,-0.091983795,0.084535599,0.002014160,-0.137638092,-0.013595581,0.048843384,-0.004409790,0.047744751,-0.016681671,-0.004794121,0.010545731,0.036240578,0.000008902,-0.149846792,-0.571150422,-0.122308724,0.070227556,0.000090937,0.005966187,-0.154727936,-0.584436417,-0.146562576,0.064729691,-0.016021729,0.000008902,-0.149846792,-0.571150422,-0.122308724,0.070227556,0.000090937,0.000000000,0.000000000,0.000000000,0.000000000,0.000000000,0.000000000,0.000000000,0.000000000,0.000000000,0.000000000,0.000000000,0.000000000,0.000000000,0.000000000,0.000000000,0.000000000,0.000000000,0.000000000,0.005957285,-0.004881144,-0.013285995,-0.024253853,-0.005497865,-0.016112665,0.006497578,-0.004806130,0.015641899,-0.017459308,-0.005234614,-0.016828160
1.029688120,-0.004794121,0.047361374,-0.016681671,-0.004794121,0.010545731,0.036240578,0.028869629,-0.049135208,-0.151065826,0.031555176,-0.014602661,-0.044815063,-0.004794121,0.047744751,-0.016681671,-0.005177498,0.010545731,0.035857201,0.000008902,-0.149262160,-0.571704268,-0.122924127,0.070615910,0.000093003,-0.012191772,-0.174869537,-0.625940323,-0.134111404,0.070283890,-0.001922607,0.000008902,-0.149262160,-0.571704268,-0.122924127,0.070615910,0.000093003,0.000000000,0.000000000,0.000000000,0.000000000,0.000000000,0.000000000,0.000000000,0.000000000,0.000000000,0.000000000,0.000000000,0.000000000,0.000000000,0.000000000,0.000000000,0.000000000,0.000000000,0.000000000,-0.012200674,-0.025607377,-0.054236054,-0.011187278,-0.000332020,-0.002015610,-0.011548262,-0.025286860,-0.025064813,-0.004350496,-0.000068108,-0.002704845
1.039720535,-0.004409790,0.047361374,-0.017066002,-0.004794121,0.010930061,0.036240578,0.171203613,0.087587357,-0.179264069,-0.007385254,0.046829224,0.003524780,-0.004794121,0.047361374,-0.016681671,-0.005177498,0.010545731,0.036240578,0.000008902,-0.146721616,-0.568388939,-0.122308724,0.070227556,0.000090937,0.004409790,-0.129093170,-0.594812393,-0.108171463,0.071992874,-0.008758545,0.000008902,-0.146721616,-0.568388939,-0.122308724,0.070227556,0.000090937,0.000000000,0.000000000,0.000000000,0.000000000,0.000000000,0.000000000,0.000000000,0.000000000,0.000000000,0.000000000,0.000000000,0.000000000,0.000000000,0.000000000,0.000000000,0.000000000,0.000000000,0.000000000,0.004400888,0.017628446,-0.026423454,0.014137261,0.001765318,-0.008849482,0.005005173,0.017778021,0.002721618,0.020774290,0.002009905,-0.009447871
1.049693584,-0.004409790,0.047361374,-0.016681671,-0.004794121,0.010545731,0.036240578,0.065124512,-0.141298294,-0.014099121,-0.067810059,-0.013595581,-0.035751343,-0.004409790,0.047361374,-0.016681671,-0.005177498,0.010545731,0.036240578,0.000008902,-0.146721616,-0.568388939,-0.122308724,0.070227556,0.000090937,0.007522583,-0.160221100,-0.587030411,-0.110765457,0.066011429,0.024139404,0.000008902,-0.146721616,-0.568388939,-0.122308724,0.070227556,0.000090937,0.000000000,0.000000000,0.000000000,0.000000000,0.000000000,0.000000000,0.000000000,0.000000000,0.000000000,0.000000000,0.000000000,0.000000000,0.000000000,0.000000000,0.000000000,0.000000000,0.000000000,0.000000000,0.007513681,-0.013499483,-0.018641472,0.011543266,-0.004216127,0.024048468,0.008041382,-0.013223966,0.010404510,0.018008784,-0.003934073,0.023228851
1.059721708,-0.004794121,0.047361374,-0.016681671,-0.005177498,0.010545731,0.035857201,0.061096191,-0.135194778,-0.155094147,-0.014099121,0.028701782,-0.041793823,-0.004409790,0.047361374,-0.016681671,-0.005177498,0.010930061,0.036240578,0.000008902,-0.146351755,-0.568739355,-0.122698054,0.070227258,0.000090936,0.037094116,-0.151065826,-0.585474014,-0.112840652,0.063447952,-0.012176514,0.000008902,-0.146351755,-0.568739355,-0.122698054,0.070227258,0.000090936,0.000000000,0.000000000,0.000000000,0.000000000,0.000000000,0.000000000,0.000000000,0.000000000,0.000000000,0.000000000,0.000000000,0.000000000,0.000000000,0.000000000,0.000000000,0.000000000,0.000000000,0.000000000,0.037085215,-0.004714072,-0.016734660,0.009857401,-0.006779306,-0.012267450,0.037261393,-0.004397072,0.012196263,0.016170368,-0.006436530,-0.012964757
1.069687128,-0.004794121,0.047361374,-0.016681671,-0.004794121,0.010545731,0.036240578,-0.128238678,-0.030212402,-0.028869629,0.050354004,0.051864624,-0.009567261,-0.004409790,0.047361374,-0.016681671,-0.005177498,0.010545731,0.036240578,0.000008902,-0.146721616,-0.568388939,-0.122308724,0.070227556,0.000090937,-0.003890991,-0.158390045,-0.596887589,-0.101945877,0.071138382,0.046356201,0.000008902,-0.146721616,-0.568388939,-0.122308724,0.070227556,0.000090937,0.000000000,0.000000000,0.000000000,0.000000000,0.000000000,0.000000000,0.000000000,0.000000000,0.000000000,0.000000000,0.000000000,0.000000000,0.000000000,0.000000000,0.000000000,0.000000000,0.000000000,0.000000000,-0.003899893,-0.011668429,-0.028498650,0.020362847,0.000910826,0.046265264,-0.003689236,-0.011246324,0.000428270,0.026428815,0.001241995,0.045146031
1.079687834,-0.004409790,0.047361374,-0.016681671,-0.004794121,0.010545731,0.035857201,0.014099121,-0.018005371,-0.035583496,0.180606842,-0.003524780,-0.088123322,-0.004794121,0.047361374,-0.016681671,-0.004794121,0.010545731,0.035857201,0.000008902,-0.147308230,-0.567833185,-0.121691234,0.069839187,0.000090937,0.000259399,-0.167545319,-0.593774796,-0.108171463,0.078828812,0.007904053,0.000008902,-0.147308230,-0.567833185,-0.121691234,0.069839187,0.000090937,0.000000000,0.000000000,0.000000000,0.000000000,0.000000000,0.000000000,0.000000000,0.000000000,0.000000000,0.000000000,0.000000000,0.000000000,0.000000000,0.000000000,0.000000000,0.000000000,0.000000000,0.000000000,0.000250498,-0.020237088,-0.025941610,0.013519771,0.008989625,0.007813116,0.000456924,-0.019633194,0.002957922,0.019406054,0.009235281,0.006632471
1.089720249,-0.004409790,0.047361374,-0.016681671,-0.005177498,0.010545731,0.035857201,0.079895020,0.038146973,0.134948730,-0.063781738,-0.000503540,0.033737183,-0.004409790,0.047361374,-0.016681671,-0.005177498,0.010545731,0.036240578,0.000008902,-0.146721616,-0.568388939,-0.122308724,0.070227556,0.000090937,-0.004928589,-0.160221100,-0.578729630,-0.112840652,0.060029984,-0.002349854,0.000008902,-0.146721616,-0.568388939,-0.122308724,0.070227556,0.000090937,0.000000000,0.000000000,0.000000000,0.000000000,0.000000000,0.000000000,0.000000000,0.000000000,0.000000000,0.000000000,0.000000000,0.000000000,0.000000000,0.000000000,0.000000000,0.000000000,0.000000000,0.000000000,-0.004937490,-0.013499483,-0.010340691,0.009468071,-0.010197572,-0.002440790,-0.004688055,-0.012778357,0.018390124,0.015214769,-0.009861444,-0.003588513
1.099687338,-0.004794121,0.047744751,-0.016681671,-0.005177498,0.010930061,0.036240578,-0.067810059,0.083314896,0.081237793,-0.159122467,0.022659302,0.027694702,-0.004794121,0.047361374,-0.016681671,-0.005177498,0.010545731,0.036240578,0.000008902,-0.146721616,-0.568388939,-0.122308724,0.070227556,0.000090937,0.000259399,-0.116271973,-0.597406387,-0.135667801,0.061738968,-0.003631592,0.000008902,-0.146721616,-0.568388939,-0.122308724,0.070227556,0.000090937,0.000000000,0.000000000,0.000000000,0.000000000,0.000000000,0.000000000,0.000000000,0.000000000,0.000000000,0.000000000,0.000000000,0.000000000,0.000000000,0.000000000,0.000000000,0.000000000,0.000000000,0.000000000,0.000250498,0.030449644,-0.029017448,-0.013359077,-0.008488588,-0.003722529,0.000495429,0.030889953,-0.000284051,-0.007543800,-0.008079014,-0.004826375
1.109687090,-0.004794121,0.047361374,-0.016681671,-0.005177498,0.010545731,0.036240578,-0.102725983,-0.020446777,-0.006042480,-0.151065826,0.026687622,0.013595581,-0.004794121,0.047361374,-0.016681671,-0.004794121,0.010545731,0.035857201,0.000008902,-0.147308230,-0.567833185,-0.121691234,0.069839187,0.000090937,0.010635376,-0.134586334,-0.584436417,-0.136186600,0.057039261,0.013458252,0.000008902,-0.147308230,-0.567833185,-0.121691234,0.069839187,0.000090937,0.000000000,0.000000000,0.000000000,0.000000000,0.000000000,0.000000000,0.000000000,0.000000000,0.000000000,0.000000000,0.000000000,0.000000000,0.000000000,0.000000000,0.000000000,0.000000000,0.000000000,0.000000000,0.010626474,0.012721896,-0.016603231,-0.014495365,-0.012799926,0.013367315,0.010774340,0.013044685,0.012021861,-0.008602587,-0.012279724,0.012153973
1.119726896,-0.004794121,0.047361374,-0.016681671,-0.005177498,0.010545731,0.036240578,-0.035583496,-0.078432083,0.075866699,0.036926270,0.048843384,0.080062866,-0.004409790,0.047361374,-0.016681671,-0.005177498,0.010545731,0.036240578,0.000008902,-0.146721616,-0.568388939,-0.122308724,0.070227556,0.000090937,-0.009078979,-0.156558990,-0.579248428,-0.114397049,0.058748245,-0.003631592,0.000008902,-0.146721616,-0.568388939,-0.122308724,0.070227556,0.000090937,0.000000000,0.000000000,0.000000000,0.000000000,0.000000000,0.000000000,0.000000000,0.000000000,0.000000000,0.000000000,0.000000000,0.000000000,0.000000000,0.000000000,0.000000000,0.000000000,0.000000000,0.000000000,-0.009087881,-0.009837374,-0.010859489,0.007911675,-0.011479311,-0.003722529,-0.008860900,-0.009430385,0.017608385,0.013682290,-0.010862125,-0.004892190
1.129687548,-0.004794121,0.047361374,-0.017066002,-0.005177498,0.010545731,0.036240578,0.006042480,-0.148622513,-0.049011230,-0.083923340,0.016616821,0.043807983,-0.004794121,0.047361374,-0.016681671,-0.005177498,0.010545731,0.036240578,0.000008902,-0.146721616,-0.568388939,-0.122308724,0.070227556,0.000090937,-0.002853394,-0.143741608,-0.585992813,-0.136186600,0.071565628,0.009613037,0.000008902,-0.146721616,-0.568388939,-0.122308724,0.070227556,0.000090937,0.000000000,0.000000000,0.000000000,0.000000000,0.000000000,0.000000000,0.000000000,0.000000000,0.000000000,0.000000000,0.000000000,0.000000000,0.000000000,0.000000000,0.000000000,0.000000000,0.000000000,0.000000000,-0.002862295,0.002980009,-0.017603874,-0.013877876,0.001338072,0.009522100,-0.002612198,0.003357287,0.010768702,-0.008036145,0.001938106,0.008279172
1.139695883,-0.004409790,0.047361374,-0.016681671,-0.005177498,0.010930061,0.036240578,-0.030212402,0.094301224,-0.003356934,0.015441895,0.042800903,0.011581421,-0.004794121,0.047361374,-0.016681671,-0.004794121,0.010545731,0.036240578,0.000008902,-0.147307247,-0.567834139,-0.121692270,0.069839187,0.000089904,0.021011353,-0.130924225,-0.596368790,-0.134111404,0.075838089,0.012176514,0.000008902,-0.147307247,-0.567834139,-0.121692270,0.069839187,0.000089904,0.000000000,0.000000000,0.000000000,0.000000000,0.000000000,0.000000000,0.000000000,0.000000000,0.000000000,0.000000000,0.000000000,0.000000000,0.000000000,0.000000000,0.000000000,0.000000000,0.000000000,0.000000000,0.021002451,0.016383022,-0.028534651,-0.012419134,0.005998902,0.012086610,0.021067744,0.016614559,-0.000160665,-0.006520208,0.006541554,0.010749389
1.149687290,-0.004409790,0.047361374,-0.016681671,-0.004794121,0.010545731,0.036240578,-0.054382324,-0.078432083,0.169860840,0.165832520,0.051864624,-0.005538940,-0.004409790,0.047361374,-0.016681671,-0.005177498,0.010545731,0.036240578,0.000008902,-0.146721616,-0.568388939,-0.122308724,0.070227556,0.000090937,-0.006484985,-0.163883209,-0.591699600,-0.148118973,0.057039261,-0.018157959,0.000008902,-0.146721616,-0.568388939,-0.122308724,0.070227556,0.000090937,0.000000000,0.000000000,0.000000000,0.000000000,0.000000000,0.000000000,0.000000000,0.000000000,0.000000000,0.000000000,0.000000000,0.000000000,0.000000000,0.000000000,0.000000000,0.000000000,0.000000000,0.000000000,-0.006493887,-0.017161593,-0.023310661,-0.025810249,-0.013188295,-0.018248896,-0.006373175,-0.016784107,0.005019675,-0.019739674,-0.012536629,-0.019417271
1.159676552,-0.004794121,0.047361374,-0.016681671,-0.005177498,0.010930061,0.036240578,-0.062438965,0.002746582,0.181949615,0.030212402,0.042800903,-0.009567261,-0.004409790,0.047361374,-0.016681671,-0.005177498,0.010545731,0.036240578,0.000008902,-0.146721616,-0.568388939,-0.122308724,0.070227556,0.000090937,0.004409790,-0.127262115,-0.581842422,-0.130998611,0.080110550,-0.003204346,0.000008902,-0.146721616,-0.568388939,-0.122308724,0.070227556,0.000090937,0.000000000,0.000000000,0.000000000,0.000000000,0.000000000,0.000000000,0.000000000,0.000000000,0.000000000,0.000000000,0.000000000,0.000000000,0.000000000,0.000000000,0.000000000,0.000000000,0.000000000,0.000000000,0.004400889,0.019459501,-0.013453484,-0.008689888,0.009882994,-0.003295282,0.004482954,0.019667440,0.014749700,-0.002596925,0.010444620,-0.004425507
1.169691324,-0.004409790,0.047361374,-0.016681671,-0.005177498,0.010545731,0.036240578,0.094665527,0.017395020,-0.010070801,-0.116153717,0.013595581,-0.033737183,-0.004794121,0.047361374,-0.016681671,-0.005177498,0.010545731,0.036240578,0.000008902,-0.146721616,-0.568388939,-0.122308724,0.070227556,0.000090937,-0.004409790,-0.141910553,-0.592737198,-0.154344559,0.065156937,-0.007904053,0.000008902,-0.146721616,-0.568388939,-0.122308724,0.070227556,0.000090937,0.000000000,0.000000000,0.000000000,0.000000000,0.000000000,0.000000000,0.000000000,0.000000000,0.000000000,0.000000000,0.000000000,0.000000000,0.000000000,0.000000000,0.000000000,0.000000000,0.000000000,0.000000000,-0.004418692,0.004811063,-0.024348259,-0.032035835,-0.005070619,-0.007994989,-0.004299875,0.004976468,0.003822256,-0.025723018,-0.004470781,-0.009047882
1.179677248,-0.004794121,0.047361374,-0.016681671,-0.005177498,0.010930061,0.036240578,0.053039551,-0.039369583,0.112121582,0.016784668,0.020645142,0.027694702,-0.004794121,0.047744751,-0.016681671,-0.004794121,0.010545731,0.036240578,0.000008902,-0.149846792,-0.571150422,-0.122308724,0.070227556,0.000090937,0.002853394,-0.114440918,-0.631128311,-0.097276688,0.066438675,0.001495361,0.000008902,-0.149846792,-0.571150422,-0.122308724,0.070227556,0.000090937,0.000000000,0.000000000,0.000000000,0.000000000,0.000000000,0.000000000,0.000000000,0.000000000,0.000000000,0.000000000,0.000000000,0.000000000,0.000000000,0.000000000,0.000000000,0.000000000,0.000000000,0.000000000,0.002844492,0.035405874,-0.059977889,0.025032036,-0.003788881,0.001404425,0.002938407,0.035272361,-0.031540085,0.031081451,-0.003162244,0.000348578
1.189687729,-0.004409790,0.047361374,-0.016681671,-0.004794121,0.010930061,0.035857201,-0.028869629,-0.107118607,0.040954590,0.049011230,0.089126587,-0.059921265,-0.004794121,0.047361374,-0.016681671,-0.004794121,0.010930061,0.036240578,0.000008902,-0.146937370,-0.568184555,-0.122081608,0.069838889,0.000089903,0.012191772,-0.147403717,-0.599481583,-0.147081375,0.071565628,-0.008331299,0.000008902,-0.146937370,-0.568184555,-0.122081608,0.069838889,0.000089903,0.000000000,0.000000000,0.000000000,0.000000000,0.000000000,0.000000000,0.000000000,0.000000000,0.000000000,0.000000000,0.000000000,0.000000000,0.000000000,0.000000000,0.000000000,0.000000000,0.000000000,0.000000000,0.012182871,-0.000466347,-0.031297028,-0.024999768,0.001726739,-0.008421202,0.012174479,-0.000594861,-0.002835397,-0.018792433,0.002333765,-0.009398073
1.199687243,-0.004794121,0.047361374,-0.016681671,-0.004794121,0.010545731,0.035857201,-0.141666412,0.032043457,-0.042297363,-0.050354004,0.010574341,0.009567261,-0.004794121,0.047361374,-0.016681671,-0.004794121,0.010930061,0.036240578,0.000008902,-0.146937370,-0.568184555,-0.122081608,0.069838889,0.000089903,-0.012710571,-0.143741608,-0.588586807,-0.116472244,0.070711136,0.011749268,0.000008902,-0.146937370,-0.568184555,-0.122081608,0.069838889,0.000089903,0.000000000,0.000000000,0.000000000,0.000000000,0.000000000,0.000000000,0.000000000,0.000000000,0.000000000,0.000000000,0.000000000,0.000000000,0.000000000,0.000000000,0.000000000,0.000000000,0.000000000,0.000000000,-0.012719473,0.003195763,-0.020402253,0.005609363,0.000872247,0.011659365,-0.012622676,0.003041899,0.007992772,0.011719040,0.001467047,0.010594209
1.209718466,-0.004794121,0.047361374,-0.016681671,-0.004794121,0.010545731,0.036240578,-0.055725098,0.029602051,0.044982910,0.036926270,-0.039779663,0.049850464,-0.004409790,0.047361374,-0.017066002,-0.005177498,0.010545731,0.036240578,0.000008901,-0.143212408,-0.571713448,-0.122926690,0.070616879,0.000091972,-0.018936157,-0.134586334,-0.614007950,-0.137224197,0.064302444,0.005767822,0.000008901,-0.143212408,-0.571713448,-0.122926690,0.070616879,0.000091972,0.000000000,0.000000000,0.000000000,0.000000000,0.000000000,0.000000000,0.000000000,0.000000000,0.000000000,0.000000000,0.000000000,0.000000000,0.000000000,0.000000000,0.000000000,0.000000000,0.000000000,0.000000000,-0.018945059,0.008626074,-0.042294502,-0.014297508,-0.006314434,0.005675850,-0.018693767,0.008402765,-0.013785548,-0.008120718,-0.005672752,0.004572901
1.219731092,-0.004794121,0.047361374,-0.017066002,-0.005177498,0.010545731,0.036240578,-0.054382324,-0.031433105,-0.028869629,-0.000671387,0.022659302,0.034744263,-0.004409790,0.047361374,-0.016681671,-0.005177498,0.010545731,0.035857201,0.000008902,-0.146722600,-0.568387985,-0.122307688,0.070227556,0.000091970,0.004928589,-0.171207428,-0.594293594,-0.130998611,0.092500687,0.003631592,0.000008902,-0.146722600,-0.568387985,-0.122307688,0.070227556,0.000091970,0.000000000,0.000000000,0.000000000,0.000000000,0.000000000,0.000000000,0.000000000,0.000000000,0.000000000,0.000000000,0.000000000,0.000000000,0.000000000,0.000000000,0.000000000,0.000000000,0.000000000,0.000000000,0.004919687,-0.024484828,-0.025905609,-0.008690923,0.022273131,0.003539622,0.005128938,-0.024507257,0.002582180,-0.002493694,0.022728514,0.002416863
1.229713917,-0.004794121,0.047361374,-0.016681671,-0.004794121,0.010545731,0.036240578,-0.118839264,0.003356934,-0.000671387,-0.027526855,-0.021652222,0.010574341,-0.004409790,0.047361374,-0.016681671,-0.005177498,0.010545731,0.036240578,0.000008902,-0.146721616,-0.568388939,-0.122308724,0.070227556,0.000090937,-0.001815796,-0.149234772,-0.596368790,-0.125810623,0.061738968,-0.039521217,0.000008902,-0.146721616,-0.568388939,-0.122308724,0.070227556,0.000090937,0.000000000,0.000000000,0.000000000,0.000000000,0.000000000,0.000000000,0.000000000,0.000000000,0.000000000,0.000000000,0.000000000,0.000000000,0.000000000,0.000000000,0.000000000,0.000000000,0.000000000,0.000000000,-0.001824697,-0.002513155,-0.027979851,-0.003501900,-0.008488588,-0.039612154,-0.001602419,-0.002515136,0.000503842,0.002673594,-0.007968421,-0.040406406
1.239653587,-0.004409790,0.047361374,-0.016681671,-0.005177498,0.010545731,0.036240578,-0.040954590,-0.052797318,-0.065124512,-0.016784668,-0.033737183,-0.043807983,-0.004409790,0.047361374,-0.016681671,-0.004794121,0.010545731,0.035857201,0.000008902,-0.147308230,-0.567833185,-0.121691234,0.069839187,0.000090937,-0.001815796,-0.132755280,-0.587549210,-0.147600174,0.067720413,0.021575928,0.000008902,-0.147308230,-0.567833185,-0.121691234,0.069839187,0.000090937,0.000000000,0.000000000,0.000000000,0.000000000,0.000000000,0.000000000,0.000000000,0.000000000,0.000000000,0.000000000,0.000000000,0.000000000,0.000000000,0.000000000,0.000000000,0.000000000,0.000000000,0.000000000,-0.001824697,0.014552951,-0.019716024,-0.025908940,-0.002118774,0.021484991,-0.001589600,0.014434562,0.008697527,-0.019575579,-0.001585818,0.020525213
1.249687195,-0.004794121,0.047744751,-0.016681671,-0.005177498,0.010545731,0.036240578,-0.134952545,0.026550293,-0.035583496,-0.044982910,-0.022659302,0.042800903,-0.004794121,0.047361374,-0.017066002,-0.004794121,0.010545731,0.036240578,0.000008902,-0.143798023,-0.571158648,-0.122310258,0.070228517,0.000090939,-0.001815796,-0.141910553,-0.608819962,-0.139299393,0.069856644,0.007049561,0.000008902,-0.143798023,-0.571158648,-0.122310258,0.070228517,0.000090939,0.000000000,0.000000000,0.000000000,0.000000000,0.000000000,0.000000000,0.000000000,0.000000000,0.000000000,0.000000000,0.000000000,0.000000000,0.000000000,0.000000000,0.000000000,0.000000000,0.000000000,0.000000000,-0.001824698,0.001887470,-0.037661314,-0.016989134,-0.000371873,0.006958621,-0.001576984,0.001755042,-0.009174368,-0.010571204,0.000159804,0.005951234
1.259704113,-0.004794121,0.047361374,-0.016681671,-0.005177498,0.010545731,0.036240578,-0.044982910,0.188905716,0.087951660,-0.117496490,0.009567261,0.018630981,-0.004409790,0.047361374,-0.016681671,-0.005177498,0.010545731,0.035857201,0.000008902,-0.146722600,-0.568387985,-0.122307688,0.070227556,0.000091970,-0.010116577,-0.167545319,-0.580804825,-0.138261795,0.064729691,0.017730713,0.000008902,-0.146722600,-0.568387985,-0.122307688,0.070227556,0.000091970,0.000000000,0.000000000,0.000000000,0.000000000,0.000000000,0.000000000,0.000000000,0.000000000,0.000000000,0.000000000,0.000000000,0.000000000,0.000000000,0.000000000,0.000000000,0.000000000,0.000000000,0.000000000,-0.010125479,-0.020822719,-0.012416840,-0.015954107,-0.005497865,0.017638743,-0.009799987,-0.020790146,0.015943570,-0.009461089,-0.004927084,0.016500400
1.269710541,-0.004794121,0.047361374,-0.016681671,-0.004794121,0.010545731,0.036240578,0.097351074,0.135194778,-0.010070801,0.046325684,-0.060928345,0.025680542,-0.004409790,0.047361374,-0.017066002,-0.005177498,0.010545731,0.035857201,0.000008901,-0.143213391,-0.571712494,-0.122925662,0.070616879,0.000093006,-0.004928589,-0.136417389,-0.601556778,-0.122179031,0.068574905,-0.022003174,0.000008901,-0.143213391,-0.571712494,-0.122925662,0.070616879,0.000093006,0.000000000,0.000000000,0.000000000,0.000000000,0.000000000,0.000000000,0.000000000,0.000000000,0.000000000,0.000000000,0.000000000,0.000000000,0.000000000,0.000000000,0.000000000,0.000000000,0.000000000,0.000000000,-0.004937490,0.006796002,-0.029844284,0.000746630,-0.002041973,-0.022096179,-0.004575968,0.006775226,-0.001472281,0.007183089,-0.001459698,-0.023053003
1.279673100,-0.004409790,0.047361374,-0.016681671,-0.005177498,0.010545731,0.036240578,0.018127441,-0.137025833,0.085266113,-0.015441895,0.001510620,0.058914185,-0.004409790,0.047361374,-0.016681671,-0.004794121,0.010545731,0.035857201,0.000008902,-0.147308230,-0.567833185,-0.121691234,0.069839187,0.000090937,0.006484985,-0.094299316,-0.588068008,-0.152788162,0.069429398,0.003204346,0.000008902,-0.147308230,-0.567833185,-0.121691234,0.069839187,0.000090937,0.000000000,0.000000000,0.000000000,0.000000000,0.000000000,0.000000000,0.000000000,0.000000000,0.000000000,0.000000000,0.000000000,0.000000000,0.000000000,0.000000000,0.000000000,0.000000000,0.000000000,0.000000000,0.006476084,0.053008914,-0.020234823,-0.031096928,-0.000409789,0.003113409,0.006784602,0.052577377,0.008074101,-0.024469303,0.000171148,0.002139868
1.289687157,-0.004409790,0.047361374,-0.017066002,-0.004794121,0.010545731,0.035857201,-0.006042480,0.075988770,-0.036926270,0.090637207,0.025680542,-0.013595581,-0.004794121,0.047361374,-0.016681671,-0.004794121,0.010545731,0.035857201,0.000008902,-0.147308230,-0.567833185,-0.121691234,0.069839187,0.000090937,-0.003372192,-0.184024811,-0.591180801,-0.130479813,0.077547073,0.007904053,0.000008902,-0.147308230,-0.567833185,-0.121691234,0.069839187,0.000090937,0.000000000,0.000000000,0.000000000,0.000000000,0.000000000,0.000000000,0.000000000,0.000000000,0.000000000,0.000000000,0.000000000,0.000000000,0.000000000,0.000000000,0.000000000,0.000000000,0.000000000,0.000000000,-0.003381094,-0.036716580,-0.023347616,-0.008788578,0.007707886,0.007813116,-0.003048941,-0.036862362,0.004923144,-0.002144330,0.008225064,0.006786963
1.299844742,-0.004409790,0.047361374,-0.016681671,-0.004794121,0.010545731,0.036240578,-0.085266113,-0.052186966,0.218204498,0.152404785,-0.022659302,0.075027466,-0.004409790,0.047361374,-0.016681671,-0.005177498,0.010545731,0.035857201,0.000008902,-0.146722600,-0.568387985,-0.122307688,0.070227556,0.000091970,-0.002853394,-0.123600006,-0.608301163,-0.129442215,0.069856644,0.000640869,0.000008902,-0.146722600,-0.568387985,-0.122307688,0.070227556,0.000091970,0.000000000,0.000000000,0.000000000,0.000000000,0.000000000,0.000000000,0.000000000,0.000000000,0.000000000,0.000000000,0.000000000,0.000000000,0.000000000,0.000000000,0.000000000,0.000000000,0.000000000,0.000000000,-0.002862295,0.023122594,-0.039913177,-0.007134527,-0.000370912,0.000548899,-0.002510828,0.022801416,-0.011553544,-0.000486537,0.000145149,-0.000473611
1.309689522,-0.004409790,0.047361374,-0.016681671,-0.005177498,0.010545731,0.036240578,0.140319824,0.000915527,-0.024841309,0.008728027,-0.026687622,0.055892944,-0.004409790,0.047361374,-0.016681671,-0.005177498,0.010930061,0.035857201,0.000008902,-0.146352738,-0.568738401,-0.122697018,0.070227258,0.000091969,-0.002853394,-0.103454590,-0.598962784,-0.133073807,0.068574905,0.001068115,0.000008902,-0.146352738,-0.568738401,-0.122697018,0.070227258,0.000091969,0.000000000,0.000000000,0.000000000,0.000000000,0.000000000,0.000000000,0.000000000,0.000000000,0.000000000,0.000000000,0.000000000,0.000000000,0.000000000,0.000000000,0.000000000,0.000000000,0.000000000,0.000000000,-0.002862295,0.042898148,-0.030224383,-0.010376789,-0.001652353,0.000976146,-0.002491806,0.042254418,-0.001850623,-0.003700550,-0.001127683,-0.000046013
1.319723368,-0.004409790,0.047361374,-0.016681671,-0.005177498,0.010545731,0.036240578,0.059753418,-0.061342239,0.002014160,-0.063781738,-0.049850464,0.032730103,-0.004409790,0.047361374,-0.016681671,-0.004794121,0.010545731,0.036240578,0.000008902,-0.147307247,-0.567834139,-0.121692270,0.069839187,0.000089904,-0.010116577,-0.160221100,-0.608301163,-0.137742996,0.077119827,0.010467529,0.000008902,-0.147307247,-0.567834139,-0.121692270,0.069839187,0.000089904,0.000000000,0.000000000,0.000000000,0.000000000,0.000000000,0.000000000,0.000000000,0.000000000,0.000000000,0.000000000,0.000000000,0.000000000,0.000000000,0.000000000,0.000000000,0.000000000,0.000000000,0.000000000,-0.010125479,-0.012913853,-0.040467024,-0.016050726,0.007280640,0.010377626,-0.009681644,-0.013455646,-0.012002337,-0.009304002,0.007746623,0.009285125
1.329724312,-0.004409790,0.047361374,-0.016681671,-0.004794121,0.010545731,0.035857201,0.022155762,0.021667480,0.035583496,0.065124512,-0.024673462,0.047836304,-0.004794121,0.047361374,-0.016681671,-0.005177498,0.010545731,0.035857201,0.000008902,-0.146722600,-0.568387985,-0.122307688,0.070227556,0.000091970,-0.004928589,-0.160221100,-0.589624405,-0.109209061,0.071565628,-0.014739990,0.000008902,-0.146722600,-0.568387985,-0.122307688,0.070227556,0.000091970,0.000000000,0.000000000,0.000000000,0.000000000,0.000000000,0.000000000,0.000000000,0.000000000,0.000000000,0.000000000,0.000000000,0.000000000,0.000000000,0.000000000,0.000000000,0.000000000,0.000000000,0.000000000,-0.004937491,-0.013498500,-0.021236420,0.013098627,0.001338072,-0.014831960,-0.004460121,-0.013935515,0.007174325,0.019697251,0.001790592,-0.015805621
1.339725256,-0.004409790,0.047361374,-0.016681671,-0.005177498,0.010545731,0.036240578,0.160461426,-0.056459427,-0.019470215,-0.046325684,0.006546021,0.039779663,-0.004409790,0.047361374,-0.016681671,-0.005177498,0.010545731,0.035857201,0.000008902,-0.146722600,-0.568387985,-0.122307688,0.070227556,0.000091970,0.000259399,-0.176700592,-0.592737198,-0.146562576,0.078401566,-0.013031006,0.000008902,-0.146722600,-0.568387985,-0.122307688,0.070227556,0.000091970,0.000000000,0.000000000,0.000000000,0.000000000,0.000000000,0.000000000,0.000000000,0.000000000,0.000000000,0.000000000,0.000000000,0.000000000,0.000000000,0.000000000,0.000000000,0.000000000,0.000000000,0.000000000,0.000250498,-0.029977992,-0.024349213,-0.024254888,0.008174010,-0.013122976,0.000722475,-0.030189711,0.004031447,-0.017525477,0.008562629,-0.013992217
1.349709749,-0.004409790,0.047361374,-0.016681671,-0.005177498,0.010545731,0.036240578,-0.040954590,-0.035705566,-0.081237793,0.038269043,-0.024673462,0.003524780,-0.004794121,0.047361374,-0.017066002,-0.005177498,0.010545731,0.036240578,0.000008902,-0.143212408,-0.571713448,-0.122926690,0.070616879,0.000091972,-0.008560181,-0.136417389,-0.612451553,-0.137742996,0.055330276,-0.033112526,0.000008902,-0.143212408,-0.571713448,-0.122926690,0.070616879,0.000091972,0.000000000,0.000000000,0.000000000,0.000000000,0.000000000,0.000000000,0.000000000,0.000000000,0.000000000,0.000000000,0.000000000,0.000000000,0.000000000,0.000000000,0.000000000,0.000000000,0.000000000,0.000000000,-0.008569082,0.006795019,-0.040738106,-0.014816307,-0.015286602,-0.033204498,-0.008037567,0.006534893,-0.012266583,-0.008027433,-0.014788439,-0.033823198
1.359787464,-0.004794121,0.047361374,-0.016681671,-0.005177498,0.010545731,0.035857201,-0.050354004,0.143129349,0.074523926,0.011413574,-0.042800903,-0.023666382,-0.004409790,0.047361374,-0.016681671,-0.005177498,0.010930061,0.035857201,0.000008902,-0.146352738,-0.568738401,-0.122697018,0.070227258,0.000091969,0.007522583,-0.132755280,-0.583398819,-0.141893387,0.070283890,-0.002777100,0.000008902,-0.146352738,-0.568738401,-0.122697018,0.070227258,0.000091969,0.000000000,0.000000000,0.000000000,0.000000000,0.000000000,0.000000000,0.000000000,0.000000000,0.000000000,0.000000000,0.000000000,0.000000000,0.000000000,0.000000000,0.000000000,0.000000000,0.000000000,0.000000000,0.007513682,0.013597459,-0.014660418,-0.019196369,0.000056632,-0.002869069,0.007986473,0.013239980,0.013710294,-0.012316929,0.000550746,-0.003462310
1.369706631,-0.004409790,0.047361374,-0.016681671,-0.004794121,0.010545731,0.036240578,0.071838379,0.083314896,0.036926270,0.105407715,0.063949585,-0.006546021,-0.004409790,0.047744751,-0.016681671,-0.004794121,0.010545731,0.036240578,0.000008902,-0.149846792,-0.571150422,-0.122308724,0.070227556,0.000090937,0.001296997,-0.171207428,-0.607263565,-0.141893387,0.080110550,-0.038239479,0.000008902,-0.149846792,-0.571150422,-0.122308724,0.070227556,0.000090937,0.000000000,0.000000000,0.000000000,0.000000000,0.000000000,0.000000000,0.000000000,0.000000000,0.000000000,0.000000000,0.000000000,0.000000000,0.000000000,0.000000000,0.000000000,0.000000000,0.000000000,0.000000000,0.001288096,-0.021360636,-0.036113143,-0.019584663,0.009882994,-0.038330416,0.001748127,-0.021560736,-0.007686326,-0.012613157,0.010301911,-0.038641602
1.379692316,-0.004794121,0.047744751,-0.016681671,-0.004794121,0.010930061,0.036240578,-0.093326569,0.191957474,0.047668457,0.130920410,0.002517700,0.057907104,-0.004409790,0.047361374,-0.016681671,-0.005177498,0.010545731,0.036240578,0.000008902,-0.146721616,-0.568388939,-0.122308724,0.070227556,0.000090937,-0.002853394,-0.162052155,-0.616601944,-0.130479813,0.078828812,0.004913330,0.000008902,-0.146721616,-0.568388939,-0.122308724,0.070227556,0.000090937,0.000000000,0.000000000,0.000000000,0.000000000,0.000000000,0.000000000,0.000000000,0.000000000,0.000000000,0.000000000,0.000000000,0.000000000,0.000000000,0.000000000,0.000000000,0.000000000,0.000000000,0.000000000,-0.002862295,-0.015330538,-0.048213005,-0.008171089,0.008601256,0.004822393,-0.002384982,-0.015418908,-0.019643842,-0.001190953,0.008955280,0.004478753
1.389715910,-0.004409790,0.047361374,-0.016681671,-0.005177498,0.010545731,0.035857201,-0.002014160,0.042419434,0.002014160,-0.053039551,0.044815063,0.044815063,-0.004794121,0.047361374,-0.016681671,-0.005177498,0.010545731,0.036240578,0.000008902,-0.146721616,-0.568388939,-0.122308724,0.070227556,0.000090937,-0.003372192,-0.116271973,-0.588068008,-0.104539871,0.060884476,-0.006622314,0.000008902,-0.146721616,-0.568388939,-0.122308724,0.070227556,0.000090937,0.000000000,0.000000000,0.000000000,0.000000000,0.000000000,0.000000000,0.000000000,0.000000000,0.000000000,0.000000000,0.000000000,0.000000000,0.000000000,0.000000000,0.000000000,0.000000000,0.000000000,0.000000000,-0.003381094,0.030449644,-0.019679070,0.017768852,-0.009343080,-0.006713251,-0.002883039,0.030144408,0.008826593,0.024572210,-0.008924849,-0.007006485
1.399700403,-0.004409790,0.047361374,-0.016681671,-0.004794121,0.010545731,0.036240578,0.003356934,-0.052186966,0.102722168,0.086608887,-0.031723022,-0.007553101,-0.004794121,0.047744751,-0.017066002,-0.004794121,0.010545731,0.036240578,0.000008902,-0.146337658,-0.574474812,-0.122926690,0.070616879,0.000091972,-0.004409790,-0.108947754,-0.580286026,-0.116472244,0.060884476,-0.004913330,0.000008902,-0.146337658,-0.574474812,-0.122926690,0.070616879,0.000091972,0.000000000,0.000000000,0.000000000,0.000000000,0.000000000,0.000000000,0.000000000,0.000000000,0.000000000,0.000000000,0.000000000,0.000000000,0.000000000,0.000000000,0.000000000,0.000000000,0.000000000,0.000000000,-0.004418692,0.037389904,-0.005811214,0.006454445,-0.009732403,-0.005005303,-0.003892831,0.036821657,0.022533495,0.013163776,-0.009248113,-0.005260958
1.409715652,-0.004409790,0.047361374,-0.016681671,-0.004794121,0.010545731,0.036240578,-0.077209473,-0.038757324,-0.031555176,0.011413574,0.040786743,0.026687622,-0.004409790,0.047361374,-0.016681671,-0.004794121,0.010545731,0.036240578,0.000008902,-0.147307247,-0.567834139,-0.121692270,0.069839187,0.000089904,0.003890991,-0.156558990,-0.662256241,-0.139818192,0.078401566,0.004058838,0.000008902,-0.147307247,-0.567834139,-0.121692270,0.069839187,0.000089904,0.000000000,0.000000000,0.000000000,0.000000000,0.000000000,0.000000000,0.000000000,0.000000000,0.000000000,0.000000000,0.000000000,0.000000000,0.000000000,0.000000000,0.000000000,0.000000000,0.000000000,0.000000000,0.003882090,-0.009251744,-0.094422102,-0.018125921,0.008562379,0.003968934,0.004376908,-0.009750836,-0.065612059,-0.011336192,0.008982959,0.003687129
1.419832230,-0.004794121,0.047361374,-0.016681671,-0.005177498,0.010545731,0.035857201,0.008728027,0.013122559,0.168518066,0.055725098,-0.027694702,-0.001510620,-0.004794121,0.047361374,-0.016681671,-0.005177498,0.010545731,0.036240578,0.000008902,-0.146721616,-0.568388939,-0.122308724,0.070227556,0.000090937,-0.014266968,-0.158390045,-0.603631973,-0.104539871,0.083955765,0.004913330,0.000008902,-0.146721616,-0.568388939,-0.122308724,0.070227556,0.000090937,0.000000000,0.000000000,0.000000000,0.000000000,0.000000000,0.000000000,0.000000000,0.000000000,0.000000000,0.000000000,0.000000000,0.000000000,0.000000000,0.000000000,0.000000000,0.000000000,0.000000000,0.000000000,-0.014275869,-0.011668429,-0.035243034,0.017768852,0.013728209,0.004822393,-0.013684680,-0.012082434,-0.006388006,0.024386843,0.014049847,0.004508835
1.429688692,-0.004409790,0.047361374,-0.016681671,-0.005177498,0.010545731,0.035857201,0.177921295,0.096742630,-0.016784668,0.004699707,0.021652222,0.014602661,-0.004794121,0.047361374,-0.016681671,-0.005177498,0.010545731,0.035857201,0.000008902,-0.146722600,-0.568387985,-0.122307688,0.070227556,0.000091970,-0.000259399,-0.162052155,-0.568872452,-0.096239090,0.076692581,-0.032685280,0.000008902,-0.146722600,-0.568387985,-0.122307688,0.070227556,0.000091970,0.000000000,0.000000000,0.000000000,0.000000000,0.000000000,0.000000000,0.000000000,0.000000000,0.000000000,0.000000000,0.000000000,0.000000000,0.000000000,0.000000000,0.000000000,0.000000000,0.000000000,0.000000000,-0.000268301,-0.015329555,-0.000484467,0.026068598,0.006465025,-0.032777250,0.000320646,-0.015634230,0.028173544,0.032459599,0.006739534,-0.032861011
1.439728498,-0.004794121,0.047361374,-0.017066002,-0.005177498,0.010545731,0.035857201,0.042297363,-0.084535599,-0.262516022,-0.038269043,0.025680542,-0.044815063,-0.004794121,0.047361374,-0.016681671,-0.005177498,0.010545731,0.035857201,0.000008902,-0.146722600,-0.568387985,-0.122307688,0.070227556,0.000091970,0.001815796,-0.151065826,-0.579767227,-0.152269363,0.059602737,-0.012603760,0.000008902,-0.146722600,-0.568387985,-0.122307688,0.070227556,0.000091970,0.000000000,0.000000000,0.000000000,0.000000000,0.000000000,0.000000000,0.000000000,0.000000000,0.000000000,0.000000000,0.000000000,0.000000000,0.000000000,0.000000000,0.000000000,0.000000000,0.000000000,0.000000000,0.001806894,-0.004343227,-0.011379242,-0.029961675,-0.010624819,-0.012695730,0.002379319,-0.004615847,0.017159605,-0.023408118,-0.010278929,-0.012691356
1.449687004,-0.004409790,0.047361374,-0.016681671,-0.005177498,0.010545731,0.036240578,0.016784668,-0.175477982,-0.051696777,0.010070801,0.015609741,-0.041793823,-0.004794121,0.047361374,-0.016681671,-0.005177498,0.010545731,0.036240578,0.000008902,-0.146721616,-0.568388939,-0.122308724,0.070227556,0.000090937,0.010116577,-0.173038483,-0.634241104,-0.141893387,0.069002151,-0.023284912,0.000008902,-0.146721616,-0.568388939,-0.122308724,0.070227556,0.000090937,0.000000000,0.000000000,0.000000000,0.000000000,0.000000000,0.000000000,0.000000000,0.000000000,0.000000000,0.000000000,0.000000000,0.000000000,0.000000000,0.000000000,0.000000000,0.000000000,0.000000000,0.000000000,0.010107675,-0.026316866,-0.065852165,-0.019584663,-0.001225404,-0.023375849,0.010606949,-0.026407367,-0.037057748,-0.012941852,-0.000873490,-0.023211397
1.459686756,-0.004794121,0.047361374,-0.017066002,-0.005177498,0.010545731,0.035857201,-0.034240723,-0.044252396,-0.057067871,-0.075866699,0.069992065,-0.050857544,-0.004794121,0.047361374,-0.016681671,-0.005177498,0.010545731,0.036240578,0.000008902,-0.146721616,-0.568388939,-0.122308724,0.070227556,0.000090937,0.007003784,-0.143741608,-0.601556778,-0.119585037,0.084383011,0.002349854,0.000008902,-0.146721616,-0.568388939,-0.122308724,0.070227556,0.000090937,0.000000000,0.000000000,0.000000000,0.000000000,0.000000000,0.000000000,0.000000000,0.000000000,0.000000000,0.000000000,0.000000000,0.000000000,0.000000000,0.000000000,0.000000000,0.000000000,0.000000000,0.000000000,0.006994883,0.002980009,-0.033167839,0.002723686,0.014155455,0.002258917,0.007443175,0.002869852,-0.004343670,0.009302780,0.014408679,0.002406883
1.469686747,-0.004794121,0.047361374,-0.016681671,-0.004794121,0.010545731,0.035857201,-0.061096191,0.032653809,0.074523926,0.085266113,-0.009567261,-0.052871704,-0.004794121,0.047361374,-0.016681671,-0.005177498,0.010545731,0.036240578,0.000008902,-0.146721616,-0.568388939,-0.122308724,0.070227556,0.000090937,-0.000259399,-0.141910553,-0.592218399,-0.141893387,0.075838089,-0.013031006,0.000008902,-0.146721616,-0.568388939,-0.122308724,0.070227556,0.000090937,0.000000000,0.000000000,0.000000000,0.000000000,0.000000000,0.000000000,0.000000000,0.000000000,0.000000000,0.000000000,0.000000000,0.000000000,0.000000000,0.000000000,0.000000000,0.000000000,0.000000000,0.000000000,-0.000268301,0.004811063,-0.023829460,-0.019584663,0.005610533,-0.013121943,0.000178775,0.004669143,0.004960961,-0.012917694,0.005824138,-0.012886314
1.479710817,-0.004409790,0.047361374,-0.016681671,-0.004794121,0.010545731,0.036240578,0.124206543,0.010681152,0.049011230,0.027526855,-0.006546021,0.012588501,-0.004409790,0.047361374,-0.016681671,-0.004794121,0.010545731,0.036240578,0.000008902,-0.147307247,-0.567834139,-0.121692270,0.069839187,0.000089904,-0.004409790,-0.156558990,-0.591699600,-0.140855789,0.066011429,0.017730713,0.000008902,-0.147307247,-0.567834139,-0.121692270,0.069839187,0.000089904,0.000000000,0.000000000,0.000000000,0.000000000,0.000000000,0.000000000,0.000000000,0.000000000,0.000000000,0.000000000,0.000000000,0.000000000,0.000000000,0.000000000,0.000000000,0.000000000,0.000000000,0.000000000,-0.004418692,-0.009251744,-0.023865461,-0.019163519,-0.003827758,0.017640809,-0.003944960,-0.009330619,0.004891906,-0.012412680,-0.003589898,0.017756462
1.489728451,-0.004409790,0.047361374,-0.016681671,-0.005177498,0.010545731,0.036240578,0.125549316,0.026550293,0.114807129,0.002014160,0.040786743,0.001510620,-0.004794121,0.047361374,-0.017066002,-0.005177498,0.010545731,0.036240578,0.000008902,-0.143212408,-0.571713448,-0.122926690,0.070616879,0.000091972,0.001815796,-0.151065826,-0.598962784,-0.145006180,0.068147659,0.001495361,0.000008902,-0.143212408,-0.571713448,-0.122926690,0.070616879,0.000091972,0.000000000,0.000000000,0.000000000,0.000000000,0.000000000,0.000000000,0.000000000,0.000000000,0.000000000,0.000000000,0.000000000,0.000000000,0.000000000,0.000000000,0.000000000,0.000000000,0.000000000,0.000000000,0.001806894,-0.007853419,-0.027249336,-0.022079490,-0.002469219,0.001403389,0.002265422,-0.007879412,0.001497978,-0.015226460,-0.002216483,0.001508915
1.499795914,-0.004794121,0.047361374,-0.016681671,-0.004794121,0.010545731,0.035857201,-0.118839264,-0.011291504,0.006042480,0.028869629,-0.047836304,0.022659302,-0.004794121,0.047361374,-0.016681671,-0.005177498,0.010545731,0.036240578,0.000008902,-0.146721616,-0.568388939,-0.122308724,0.070227556,0.000090937,-0.000259399,-0.147403717,-0.577173233,-0.129961014,0.076265335,0.015594482,0.000008902,-0.146721616,-0.568388939,-0.122308724,0.070227556,0.000090937,0.000000000,0.000000000,0.000000000,0.000000000,0.000000000,0.000000000,0.000000000,0.000000000,0.000000000,0.000000000,0.000000000,0.000000000,0.000000000,0.000000000,0.000000000,0.000000000,0.000000000,0.000000000,-0.000268301,-0.000682101,-0.008784294,-0.007652290,0.006037779,0.015503546,0.000188966,-0.000703405,0.019830814,-0.000793967,0.006248856,0.015505700
1.509718657,-0.004794121,0.047361374,-0.016681671,-0.005177498,0.010545731,0.035857201,-0.129581451,0.101015091,-0.014099121,-0.073181152,0.016616821,-0.049850464,-0.004794121,0.047361374,-0.017066002,-0.004794121,0.010545731,0.036240578,0.000008902,-0.143798023,-0.571158648,-0.122310258,0.070228517,0.000090939,0.010116577,-0.163883209,-0.582361221,-0.141374588,0.076265335,0.013031006,0.000008902,-0.143798023,-0.571158648,-0.122310258,0.070228517,0.000090939,0.000000000,0.000000000,0.000000000,0.000000000,0.000000000,0.000000000,0.000000000,0.000000000,0.000000000,0.000000000,0.000000000,0.000000000,0.000000000,0.000000000,0.000000000,0.000000000,0.000000000,0.000000000,0.010107676,-0.020085186,-0.011202574,-0.019064330,0.006036818,0.012940067,0.010495437,-0.019974210,0.017297978,-0.012125704,0.006206791,0.012857075
1.519785166,-0.004794121,0.047361374,-0.017066002,-0.004794121,0.010545731,0.036240578,-0.008728027,-0.032043457,-0.102725983,0.006042480,0.043807983,0.040786743,-0.004794121,0.047361374,-0.017066002,-0.004794121,0.010545731,0.035857201,0.000008902,-0.143799007,-0.571157694,-0.122309223,0.070228517,0.000091973,-0.000778198,-0.162052155,-0.589624405,-0.130479813,0.070283890,-0.021575928,0.000008902,-0.143799007,-0.571157694,-0.122309223,0.070228517,0.000091973,0.000000000,0.000000000,0.000000000,0.000000000,0.000000000,0.000000000,0.000000000,0.000000000,0.000000000,0.000000000,0.000000000,0.000000000,0.000000000,0.000000000,0.000000000,0.000000000,0.000000000,0.000000000,-0.000787100,-0.018253148,-0.018466711,-0.008170590,0.000055373,-0.021667900,-0.000396729,-0.018023596,0.009968261,-0.001223912,0.000223873,-0.021608729
1.529723406,-0.004409790,0.047361374,-0.016681671,-0.005177498,0.010545731,0.035857201,0.101379395,-0.119325638,0.011413574,0.057067871,-0.016616821,-0.042800903,-0.004409790,0.047361374,-0.016681671,-0.005177498,0.010545731,0.035857201,0.000008902,-0.146722600,-0.568387985,-0.122307688,0.070227556,0.000091970,0.031387329,-0.162052155,-0.607782364,-0.139818192,0.060457230,0.011749268,0.000008902,-0.146722600,-0.568387985,-0.122307688,0.070227556,0.000091970,0.000000000,0.000000000,0.000000000,0.000000000,0.000000000,0.000000000,0.000000000,0.000000000,0.000000000,0.000000000,0.000000000,0.000000000,0.000000000,0.000000000,0.000000000,0.000000000,0.000000000,0.000000000,0.031378428,-0.015329555,-0.039394379,-0.017510504,-0.009770326,0.011657298,0.031562508,-0.015001951,-0.010888242,-0.010495230,-0.009539477,0.011640387
1.539707661,-0.004409790,0.047361374,-0.016681671,-0.004794121,0.010545731,0.035857201,0.184635162,0.021057129,-0.073181152,0.160461426,-0.011581421,-0.012588501,-0.004794121,0.047361374,-0.016681671,-0.005177498,0.010545731,0.036240578,0.000008902,-0.146721616,-0.568388939,-0.122308724,0.070227556,0.000090937,0.003372192,-0.099792480,-0.598962784,-0.135149002,0.077119827,0.017730713,0.000008902,-0.146721616,-0.568388939,-0.122308724,0.070227556,0.000090937,0.000000000,0.000000000,0.000000000,0.000000000,0.000000000,0.000000000,0.000000000,0.000000000,0.000000000,0.000000000,0.000000000,0.000000000,0.000000000,0.000000000,0.000000000,0.000000000,0.000000000,0.000000000,0.003363291,0.046929136,-0.030573845,-0.012840278,0.006892271,0.017639776,0.003524485,0.046951858,-0.002054368,-0.005787424,0.007077165,0.017509170
1.549685717,-0.004409790,0.047361374,-0.016681671,-0.005177498,0.010545731,0.035857201,0.046325684,0.028381348,-0.030212402,0.055725098,-0.011581421,-0.033737183,-0.004409790,0.047361374,-0.016681671,-0.005177498,0.010545731,0.035857201,0.000008902,-0.146722600,-0.568387985,-0.122307688,0.070227556,0.000091970,0.004409790,-0.171207428,-0.594812393,-0.145524979,0.073701859,0.001922607,0.000008902,-0.146722600,-0.568387985,-0.122307688,0.070227556,0.000091970,0.000000000,0.000000000,0.000000000,0.000000000,0.000000000,0.000000000,0.000000000,0.000000000,0.000000000,0.000000000,0.000000000,0.000000000,0.000000000,0.000000000,0.000000000,0.000000000,0.000000000,0.000000000,0.004400889,-0.024484828,-0.026424408,-0.023217291,0.003474303,0.001830637,0.004532839,-0.024305298,0.002081639,-0.016060818,0.003635740,0.001689134
1.559687138,-0.004409790,0.047361374,-0.016681671,-0.004794121,0.010545731,0.035857201,0.086608887,0.003967285,0.023498535,0.161804199,0.002517700,0.024673462,-0.004409790,0.047361374,-0.016681671,-0.004794121,0.010545731,0.036240578,0.000008902,-0.147307247,-0.567834139,-0.121692270,0.069839187,0.000089904,-0.017379761,-0.169376373,-0.621789932,-0.135667801,0.076692581,0.007049561,0.000008902,-0.147307247,-0.567834139,-0.121692270,0.069839187,0.000089904,0.000000000,0.000000000,0.000000000,0.000000000,0.000000000,0.000000000,0.000000000,0.000000000,0.000000000,0.000000000,0.000000000,0.000000000,0.000000000,0.000000000,0.000000000,0.000000000,0.000000000,0.000000000,-0.017388662,-0.022069126,-0.053955793,-0.013975531,0.006853394,0.006959657,-0.017146797,-0.021750172,-0.025287646,-0.006775625,0.006970151,0.006774726
1.569696903,-0.004794121,0.047361374,-0.016681671,-0.005177498,0.010545731,0.035857201,0.053039551,-0.094911575,0.040954590,-0.053039551,-0.030715942,-0.079059601,-0.004794121,0.047361374,-0.016681671,-0.004794121,0.010545731,0.035857201,0.000008902,-0.147308230,-0.567833185,-0.121691234,0.069839187,0.000090937,-0.007003784,-0.141910553,-0.589105606,-0.121141434,0.058748245,-0.013458252,0.000008902,-0.147308230,-0.567833185,-0.121691234,0.069839187,0.000090937,0.000000000,0.000000000,0.000000000,0.000000000,0.000000000,0.000000000,0.000000000,0.000000000,0.000000000,0.000000000,0.000000000,0.000000000,0.000000000,0.000000000,0.000000000,0.000000000,0.000000000,0.000000000,-0.007012686,0.005397677,-0.021272421,0.000549801,-0.011090942,-0.013549189,-0.006727967,0.005680450,0.007348918,0.007700658,-0.010904728,-0.013647195
1.579795361,-0.004794121,0.047361374,-0.016681671,-0.004794121,0.010545731,0.035857201,0.014099121,-0.101015091,-0.035583496,0.085266113,0.006546021,-0.021652222,-0.004409790,0.047744751,-0.016681671,-0.005177498,0.010545731,0.035857201,0.000008902,-0.149262160,-0.571704268,-0.122924127,0.070615910,0.000093003,0.018417358,-0.167545319,-0.594812393,-0.146043777,0.065156937,0.011322021,0.000008902,-0.149262160,-0.571704268,-0.122924127,0.070615910,0.000093003,0.000000000,0.000000000,0.000000000,0.000000000,0.000000000,0.000000000,0.000000000,0.000000000,0.000000000,0.000000000,0.000000000,0.000000000,0.000000000,0.000000000,0.000000000,0.000000000,0.000000000,0.000000000,0.018408457,-0.018283159,-0.023108125,-0.023119651,-0.005458973,0.011229018,0.018575608,-0.017887176,0.005478540,-0.015868361,-0.005239598,0.011061005
1.589704275,-0.004794121,0.047361374,-0.017066002,-0.005177498,0.010545731,0.035857201,-0.100040436,0.055236816,0.018127441,0.036926270,-0.018630981,0.007553101,-0.004409790,0.047361374,-0.016681671,-0.004794121,0.010545731,0.035857201,0.000008902,-0.147308230,-0.567833185,-0.121691234,0.069839187,0.000090937,-0.017379761,-0.169376373,-0.592737198,-0.087938309,0.078828812,-0.006195068,0.000008902,-0.147308230,-0.567833185,-0.121691234,0.069839187,0.000090937,0.000000000,0.000000000,0.000000000,0.000000000,0.000000000,0.000000000,0.000000000,0.000000000,0.000000000,0.000000000,0.000000000,0.000000000,0.000000000,0.000000000,0.000000000,0.000000000,0.000000000,0.000000000,-0.017388662,-0.022068143,-0.024904013,0.033752926,0.008989625,-0.006286005,-0.017113876,-0.021536709,0.003659635,0.040747939,0.009151444,-0.006413681
1.599698782,-0.004794121,0.047361374,-0.016681671,-0.005177498,0.010545731,0.035857201,-0.026184082,-0.052797318,0.034240723,-0.028869629,-0.074024200,0.000503540,-0.004794121,0.047361374,-0.016681671,-0.005177498,0.010545731,0.035857201,0.000008902,-0.146722600,-0.568387985,-0.122307688,0.070227556,0.000091970,0.007522583,-0.136417389,-0.624902725,-0.139818192,0.060884476,-0.003204346,0.000008902,-0.146722600,-0.568387985,-0.122307688,0.070227556,0.000091970,0.000000000,0.000000000,0.000000000,0.000000000,0.000000000,0.000000000,0.000000000,0.000000000,0.000000000,0.000000000,0.000000000,0.000000000,0.000000000,0.000000000,0.000000000,0.000000000,0.000000000,0.000000000,0.007513681,0.010305211,-0.056514740,-0.017510504,-0.009343080,-0.003296316,0.007740092,0.010769337,-0.027777483,-0.010450176,-0.009124234,-0.003402724
1.609687090,-0.004794121,0.047361374,-0.017066002,-0.004794121,0.010545731,0.036240578,-0.098697662,-0.006408691,-0.020812988,0.114807129,0.008560181,-0.062942505,-0.004409790,0.047361374,-0.016681671,-0.004794121,0.010545731,0.036240578,0.000008902,-0.147307247,-0.567834139,-0.121692270,0.069839187,0.000089904,0.000259399,-0.092468262,-0.585992813,-0.136186600,0.074129105,-0.020721436,0.000008902,-0.147307247,-0.567834139,-0.121692270,0.069839187,0.000089904,0.000000000,0.000000000,0.000000000,0.000000000,0.000000000,0.000000000,0.000000000,0.000000000,0.000000000,0.000000000,0.000000000,0.000000000,0.000000000,0.000000000,0.000000000,0.000000000,0.000000000,0.000000000,0.000250498,0.054838985,-0.018158674,-0.014494330,0.004289918,-0.020811339,0.000473964,0.054961734,0.010513283,-0.007388114,0.004480932,-0.020788626
1.619693518,-0.004794121,0.047361374,-0.016681671,-0.004794121,0.010545731,0.035857201,0.070495605,0.003967285,-0.014099121,0.058410645,0.034744263,-0.045822144,-0.004409790,0.047361374,-0.017066002,-0.004794121,0.010545731,0.035857201,0.000008901,-0.143799007,-0.571157694,-0.122309223,0.070228517,0.000091973,0.000778198,-0.136417389,-0.590662003,-0.140336990,0.073701859,0.009185791,0.000008901,-0.143799007,-0.571157694,-0.122309223,0.070228517,0.000091973,0.000000000,0.000000000,0.000000000,0.000000000,0.000000000,0.000000000,0.000000000,0.000000000,0.000000000,0.000000000,0.000000000,0.000000000,0.000000000,0.000000000,0.000000000,0.000000000,0.000000000,0.000000000,0.000769297,0.007381618,-0.019504309,-0.018027768,0.003473341,0.009093819,0.000986673,0.007458327,0.009111405,-0.010854548,0.003641875,0.009060602
1.629726648,-0.004409790,0.047361374,-0.017066002,-0.005177498,0.010545731,0.036240578,0.069152832,-0.021667480,-0.043640137,-0.100040436,-0.002517700,0.005538940,-0.004409790,0.047361374,-0.016681671,-0.004794121,0.010545731,0.035857201,0.000008902,-0.147308230,-0.567833185,-0.121691234,0.069839187,0.000090937,-0.001296997,-0.151065826,-0.593774796,-0.113359451,0.063875198,-0.023712158,0.000008902,-0.147308230,-0.567833185,-0.121691234,0.069839187,0.000090937,0.000000000,0.000000000,0.000000000,0.000000000,0.000000000,0.000000000,0.000000000,0.000000000,0.000000000,0.000000000,0.000000000,0.000000000,0.000000000,0.000000000,0.000000000,0.000000000,0.000000000,0.000000000,-0.001305899,-0.003757596,-0.025941610,0.008331783,-0.005963989,-0.023803095,-0.001081885,-0.003658442,0.002657798,0.015410460,-0.005760117,-0.023690968
1.639688492,-0.004794121,0.047361374,-0.016681671,-0.005177498,0.010545731,0.036240578,0.038269043,0.021057129,-0.014099121,-0.040954590,-0.030715942,0.016616821,-0.004409790,0.047361374,-0.017066002,-0.005177498,0.010545731,0.035857201,0.000008901,-0.143213391,-0.571712494,-0.122925662,0.070616879,0.000093006,0.017379761,-0.136417389,-0.629053116,-0.144487381,0.067720413,0.004913330,0.000008901,-0.143213391,-0.571712494,-0.122925662,0.070616879,0.000093006,0.000000000,0.000000000,0.000000000,0.000000000,0.000000000,0.000000000,0.000000000,0.000000000,0.000000000,0.000000000,0.000000000,0.000000000,0.000000000,0.000000000,0.000000000,0.000000000,0.000000000,0.000000000,0.017370859,0.006796002,-0.057340622,-0.021561719,-0.002896465,0.004820324,0.017488237,0.006853367,-0.028567024,-0.014395267,-0.002676275,0.004902558
1.649688005,-0.004409790,0.047361374,-0.016681671,-0.005177498,0.010545731,0.036240578,-0.002014160,-0.118104935,-0.023498535,-0.069152832,-0.031723022,-0.036758423,-0.004794121,0.047361374,-0.016681671,-0.004794121,0.010545731,0.035857201,0.000008902,-0.147308230,-0.567833185,-0.121691234,0.069839187,0.000090937,0.006484985,-0.140079498,-0.589624405,-0.154344559,0.063020706,-0.008758545,0.000008902,-0.147308230,-0.567833185,-0.121691234,0.069839187,0.000090937,0.000000000,0.000000000,0.000000000,0.000000000,0.000000000,0.000000000,0.000000000,0.000000000,0.000000000,0.000000000,0.000000000,0.000000000,0.000000000,0.000000000,0.000000000,0.000000000,0.000000000,0.000000000,0.006476084,0.007228732,-0.021791220,-0.032653324,-0.006818481,-0.008849482,0.006553742,0.007242205,0.006940315,-0.025333336,-0.006558542,-0.008714433
1.659723759,-0.004409790,0.047361374,-0.016681671,-0.005177498,0.010545731,0.035857201,0.137634277,-0.083314896,-0.079895020,0.007385254,-0.014602661,-0.096179962,-0.004794121,0.047361374,-0.017066002,-0.005177498,0.010545731,0.036240578,0.000008902,-0.143212408,-0.571713448,-0.122926690,0.070616879,0.000091972,0.005447388,-0.189517975,-0.595849991,-0.140855789,0.061738968,0.040374756,0.000008902,-0.143212408,-0.571713448,-0.122926690,0.070616879,0.000091972,0.000000000,0.000000000,0.000000000,0.000000000,0.000000000,0.000000000,0.000000000,0.000000000,0.000000000,0.000000000,0.000000000,0.000000000,0.000000000,0.000000000,0.000000000,0.000000000,0.000000000,0.000000000,0.005438486,-0.046305567,-0.024136543,-0.017929100,-0.008877911,0.040282783,0.005483113,-0.046014896,0.004567477,-0.010545584,-0.008566367,0.040175809
1.669686079,-0.004794121,0.047361374,-0.016681671,-0.005177498,0.010545731,0.035857201,-0.061096191,-0.038757324,0.078552246,-0.078552246,0.021652222,0.081069946,-0.004794121,0.047361374,-0.017066002,-0.005177498,0.010545731,0.036240578,0.000008902,-0.143212408,-0.571713448,-0.122926690,0.070616879,0.000091972,0.008560181,-0.163883209,-0.587030411,-0.124773026,0.074129105,0.019866943,0.000008902,-0.143212408,-0.571713448,-0.122926690,0.070616879,0.000091972,0.000000000,0.000000000,0.000000000,0.000000000,0.000000000,0.000000000,0.000000000,0.000000000,0.000000000,0.000000000,0.000000000,0.000000000,0.000000000,0.000000000,0.000000000,0.000000000,0.000000000,0.000000000,0.008551279,-0.020670801,-0.015316963,-0.001846336,0.003512226,0.019774971,0.008544740,-0.020258820,0.013307372,0.005504221,0.003801009,0.019550925
1.679685116,-0.004409790,0.047361374,-0.016681671,-0.005177498,0.010545731,0.035857201,-0.120182037,-0.138856888,-0.102725983,-0.030212402,0.052871704,0.005538940,-0.004409790,0.047361374,-0.016681671,-0.005177498,0.010545731,0.036240578,0.000008902,-0.146721616,-0.568388939,-0.122308724,0.070227556,0.000090937,0.007522583,-0.130924225,-0.688714981,-0.126329422,0.067720413,0.009185791,0.000008902,-0.146721616,-0.568388939,-0.122308724,0.070227556,0.000090937,0.000000000,0.000000000,0.000000000,0.000000000,0.000000000,0.000000000,0.000000000,0.000000000,0.000000000,0.000000000,0.000000000,0.000000000,0.000000000,0.000000000,0.000000000,0.000000000,0.000000000,0.000000000,0.007513681,0.015797392,-0.120326042,-0.004020698,-0.002507143,0.009094854,0.007462722,0.016113459,-0.091159093,0.003310155,-0.002205233,0.008818318
1.689678431,-0.004794121,0.047361374,-0.016681671,-0.004794121,0.010545731,0.036240578,-0.038269043,-0.091859818,0.061096191,0.122863770,0.016616821,-0.024673462,-0.004794121,0.047361374,-0.017066002,-0.005177498,0.010545731,0.035857201,0.000008902,-0.143213391,-0.571712494,-0.122925662,0.070616879,0.000093006,-0.005966187,-0.169376373,-0.596368790,-0.136705399,0.071565628,-0.000640869,0.000008902,-0.143213391,-0.571712494,-0.122925662,0.070616879,0.000093006,0.000000000,0.000000000,0.000000000,0.000000000,0.000000000,0.000000000,0.000000000,0.000000000,0.000000000,0.000000000,0.000000000,0.000000000,0.000000000,0.000000000,0.000000000,0.000000000,0.000000000,0.000000000,-0.005975088,-0.026162982,-0.024656296,-0.013779737,0.000948749,-0.000733875,-0.005990601,-0.025694873,0.004484120,-0.006410949,0.001243302,-0.001004467
1.699753523,-0.004794121,0.047361374,-0.016681671,-0.005177498,0.010545731,0.035857201,-0.042297363,-0.062562943,0.086608887,0.030212402,0.026687622,-0.001510620,-0.004794121,0.047361374,-0.016681671,-0.005177498,0.010545731,0.036240578,0.000008902,-0.146721616,-0.568388939,-0.122308724,0.070227556,0.000090937,-0.009078979,-0.127262115,-0.560050964,-0.113878250,0.074129105,0.084810257,0.000008902,-0.146721616,-0.568388939,-0.122308724,0.070227556,0.000090937,0.000000000,0.000000000,0.000000000,0.000000000,0.000000000,0.000000000,0.000000000,0.000000000,0.000000000,0.000000000,0.000000000,0.000000000,0.000000000,0.000000000,0.000000000,0.000000000,0.000000000,0.000000000,-0.009087881,0.019459501,0.008337975,0.008430474,0.003901549,0.084719320,-0.009050157,0.019811074,0.037259218,0.015706868,0.004171563,0.083954876
1.709736824,-0.004409790,0.047361374,-0.016681671,-0.004794121,0.010545731,0.035857201,0.050354004,-0.037536621,-0.000671387,0.159118652,0.005538940,-0.005538940,-0.004794121,0.047361374,-0.016681671,-0.005177498,0.010545731,0.036240578,0.000008902,-0.146721616,-0.568388939,-0.122308724,0.070227556,0.000090937,-0.002853394,-0.103454590,-0.606225967,-0.098314285,0.080537796,0.009185791,0.000008902,-0.146721616,-0.568388939,-0.122308724,0.070227556,0.000090937,0.000000000,0.000000000,0.000000000,0.000000000,0.000000000,0.000000000,0.000000000,0.000000000,0.000000000,0.000000000,0.000000000,0.000000000,0.000000000,0.000000000,0.000000000,0.000000000,0.000000000,0.000000000,-0.002862295,0.043267027,-0.037837029,0.023994438,0.010310240,0.009094854,-0.002808150,0.043365003,-0.008863949,0.031089026,0.010518741,0.008281977
1.719721556,-0.004794121,0.047361374,-0.016681671,-0.005177498,0.010545731,0.036240578,-0.071838379,-0.116273880,-0.051696777,0.124206543,-0.026687622,-0.023666382,-0.004409790,0.047361374,-0.016681671,-0.005177498,0.010545731,0.035857201,0.000008902,-0.146722600,-0.568387985,-0.122307688,0.070227556,0.000091970,0.002853394,-0.169376373,-0.593255997,-0.134630203,0.068147659,-0.005767822,0.000008902,-0.146722600,-0.568387985,-0.122307688,0.070227556,0.000091970,0.000000000,0.000000000,0.000000000,0.000000000,0.000000000,0.000000000,0.000000000,0.000000000,0.000000000,0.000000000,0.000000000,0.000000000,0.000000000,0.000000000,0.000000000,0.000000000,0.000000000,0.000000000,0.002844492,-0.022653773,-0.024868011,-0.012322515,-0.002079897,-0.005859792,0.002881883,-0.022425417,0.004081340,-0.005197709,-0.001860578,-0.006634099
1.729689121,-0.004794121,0.047361374,-0.016681671,-0.005177498,0.010545731,0.036240578,-0.117496490,-0.049135208,0.058410645,0.000671387,-0.009567261,0.002517700,-0.004409790,0.047361374,-0.016681671,-0.005177498,0.010545731,0.036240578,0.000008902,-0.146721616,-0.568388939,-0.122308724,0.070227556,0.000090937,-0.012191772,-0.105285645,-0.575098038,-0.121660233,0.060457230,0.006195068,0.000008902,-0.146721616,-0.568388939,-0.122308724,0.070227556,0.000090937,0.000000000,0.000000000,0.000000000,0.000000000,0.000000000,0.000000000,0.000000000,0.000000000,0.000000000,0.000000000,0.000000000,0.000000000,0.000000000,0.000000000,0.000000000,0.000000000,0.000000000,0.000000000,-0.012200674,0.041435972,-0.006709099,0.000648491,-0.009770326,0.006104132,-0.012093380,0.041424878,0.022112435,0.007728623,-0.009496117,0.005299194
1.739769697,-0.004409790,0.047361374,-0.017066002,-0.005177498,0.010545731,0.036240578,0.036926270,0.024719238,-0.191349030,-0.090641022,0.006546021,0.048843384,-0.004409790,0.047361374,-0.016681671,-0.005177498,0.010545731,0.036240578,0.000008902,-0.146721616,-0.568388939,-0.122308724,0.070227556,0.000090937,-0.010635376,-0.165714264,-0.597406387,-0.142930984,0.063020706,-0.000640869,0.000008902,-0.146721616,-0.568388939,-0.122308724,0.070227556,0.000090937,0.000000000,0.000000000,0.000000000,0.000000000,0.000000000,0.000000000,0.000000000,0.000000000,0.000000000,0.000000000,0.000000000,0.000000000,0.000000000,0.000000000,0.000000000,0.000000000,0.000000000,0.000000000,-0.010644277,-0.018992648,-0.029017448,-0.020622261,-0.007206850,-0.000731806,-0.010476772,-0.018895148,-0.000194795,-0.013464745,-0.006893026,-0.001527963
1.749686956,-0.004794121,0.047361374,-0.016681671,-0.004794121,0.010545731,0.035857201,-0.027526855,-0.075380325,-0.007385254,0.114807129,-0.022659302,-0.048843384,-0.004794121,0.047361374,-0.016681671,-0.005177498,0.010545731,0.036240578,0.000008902,-0.146721616,-0.568388939,-0.122308724,0.070227556,0.000090937,-0.017379761,-0.138248444,-0.614526749,-0.140855789,0.065156937,0.002777100,0.000008902,-0.146721616,-0.568388939,-0.122308724,0.070227556,0.000090937,0.000000000,0.000000000,0.000000000,0.000000000,0.000000000,0.000000000,0.000000000,0.000000000,0.000000000,0.000000000,0.000000000,0.000000000,0.000000000,0.000000000,0.000000000,0.000000000,0.000000000,0.000000000,-0.017388662,0.008473173,-0.046137810,-0.018547066,-0.005070619,0.002686163,-0.017123309,0.008521975,-0.017216775,-0.011324836,-0.004729768,0.001879268
1.759745359,-0.004794121,0.047361374,-0.016681671,-0.005177498,0.010545731,0.036240578,-0.028869629,-0.041810989,0.058410645,-0.136295319,0.004531860,-0.028701782,-0.004794121,0.047361374,-0.016681671,-0.005177498,0.010545731,0.035857201,0.000008902,-0.146722600,-0.568387985,-0.122307688,0.070227556,0.000091970,0.006484985,-0.173038483,-0.590662003,-0.138780594,0.082246780,-0.001922607,0.000008902,-0.146722600,-0.568387985,-0.122307688,0.070227556,0.000091970,0.000000000,0.000000000,0.000000000,0.000000000,0.000000000,0.000000000,0.000000000,0.000000000,0.000000000,0.000000000,0.000000000,0.000000000,0.000000000,0.000000000,0.000000000,0.000000000,0.000000000,0.000000000,0.006476084,-0.026315883,-0.022274017,-0.016472906,0.012019224,-0.002014577,0.006703350,-0.026118679,0.006609463,-0.009198413,0.012290245,-0.002805532
1.769728422,-0.004409790,0.047361374,-0.016681671,-0.004794121,0.010545731,0.036240578,-0.002014160,0.014343262,0.082580566,0.024841309,0.023666382,0.023666382,-0.004409790,0.047361374,-0.016681671,-0.004794121,0.010545731,0.036240578,0.000008902,-0.147307247,-0.567834139,-0.121692270,0.069839187,0.000089904,0.010116577,-0.141910553,-0.592218399,-0.111803055,0.074983597,0.016021729,0.000008902,-0.147307247,-0.567834139,-0.121692270,0.069839187,0.000089904,0.000000000,0.000000000,0.000000000,0.000000000,0.000000000,0.000000000,0.000000000,0.000000000,0.000000000,0.000000000,0.000000000,0.000000000,0.000000000,0.000000000,0.000000000,0.000000000,0.000000000,0.000000000,0.010107676,0.005396694,-0.024384260,0.009889215,0.005144410,0.015931825,0.010276880,0.005562471,0.004473944,0.017067283,0.005385007,0.015055809
1.779687643,-0.004409790,0.047361374,-0.017066002,-0.004794121,0.010545731,0.036240578,0.071838379,0.083925247,-0.065124512,0.066467285,0.072006226,0.050857544,-0.004409790,0.047361374,-0.017066002,-0.005177498,0.010545731,0.035857201,0.000008901,-0.143213391,-0.571712494,-0.122925662,0.070616879,0.000093006,0.011672974,-0.154727936,-0.585474014,-0.128923416,0.070283890,-0.023712158,0.000008901,-0.143213391,-0.571712494,-0.122925662,0.070616879,0.000093006,0.000000000,0.000000000,0.000000000,0.000000000,0.000000000,0.000000000,0.000000000,0.000000000,0.000000000,0.000000000,0.000000000,0.000000000,0.000000000,0.000000000,0.000000000,0.000000000,0.000000000,0.000000000,0.011664072,-0.011514544,-0.013761520,-0.005997755,-0.000332989,-0.023805164,0.011767169,-0.011285366,0.015012345,0.001173719,-0.000091876,-0.024543296
1.789695978,-0.004794121,0.047361374,-0.016681671,-0.004794121,0.010545731,0.035857201,-0.059753418,-0.043031693,-0.031555176,0.133605957,-0.062942505,0.004531860,-0.004794121,0.047361374,-0.016681671,-0.004794121,0.010545731,0.035857201,0.000008902,-0.147308230,-0.567833185,-0.121691234,0.069839187,0.000090937,-0.012710571,-0.152896881,-0.593774796,-0.118028641,0.064729691,0.027130127,0.000008902,-0.147308230,-0.567833185,-0.121691234,0.069839187,0.000090937,0.000000000,0.000000000,0.000000000,0.000000000,0.000000000,0.000000000,0.000000000,0.000000000,0.000000000,0.000000000,0.000000000,0.000000000,0.000000000,0.000000000,0.000000000,0.000000000,0.000000000,0.000000000,-0.012719473,-0.005588651,-0.025941610,0.003662594,-0.005109496,0.027039190,-0.012546285,-0.005329697,0.002816520,0.010773878,-0.004841337,0.026154941
1.799723625,-0.004409790,0.047361374,-0.016681671,-0.005177498,0.010545731,0.035857201,-0.003356934,0.117494583,-0.153751373,-0.020812988,-0.026687622,0.015609741,-0.004794121,0.047361374,-0.016681671,-0.005177498,0.010545731,0.036240578,0.000008902,-0.146721616,-0.568388939,-0.122308724,0.070227556,0.000090937,-0.030349731,-0.140079498,-0.548637390,-0.150194168,0.075410843,-0.010040283,0.000008902,-0.146721616,-0.568388939,-0.122308724,0.070227556,0.000090937,0.000000000,0.000000000,0.000000000,0.000000000,0.000000000,0.000000000,0.000000000,0.000000000,0.000000000,0.000000000,0.000000000,0.000000000,0.000000000,0.000000000,0.000000000,0.000000000,0.000000000,0.000000000,-0.030358633,0.006642118,0.019751549,-0.027885444,0.005183287,-0.010131220,-0.030018675,0.006862944,0.048241670,-0.020659386,0.005421328,-0.010954610
1.809688330,-0.004794121,0.047361374,-0.016681671,-0.005177498,0.010545731,0.036240578,-0.022155762,0.068054199,-0.085266113,-0.012756348,-0.020645142,-0.004531860,-0.004794121,0.047361374,-0.016681671,-0.005177498,0.010930061,0.036240578,0.000008902,-0.146351755,-0.568739355,-0.122698054,0.070227258,0.000090936,0.000778198,-0.143741608,-0.585992813,-0.137742996,0.054473877,0.005340576,0.000008902,-0.146351755,-0.568739355,-0.122698054,0.070227258,0.000090936,0.000000000,0.000000000,0.000000000,0.000000000,0.000000000,0.000000000,0.000000000,0.000000000,0.000000000,0.000000000,0.000000000,0.000000000,0.000000000,0.000000000,0.000000000,0.000000000,0.000000000,0.000000000,0.000769297,0.002610147,-0.017253458,-0.015044942,-0.015753381,0.005249640,0.001103160,0.002815418,0.011174923,-0.007775923,-0.015430091,0.004401930
1.819725752,-0.004794121,0.047361374,-0.016681671,-0.004794121,0.010545731,0.035857201,-0.020812988,0.030212402,0.008728027,-0.026184082,-0.034744263,-0.024673462,-0.004794121,0.047361374,-0.017066002,-0.004794121,0.010545731,0.036240578,0.000008902,-0.143798023,-0.571158648,-0.122310258,0.070228517,0.000090939,0.009078979,-0.156558990,-0.566797256,-0.125291824,0.077547073,-0.011749268,0.000008902,-0.143798023,-0.571158648,-0.122310258,0.070228517,0.000090939,0.000000000,0.000000000,0.000000000,0.000000000,0.000000000,0.000000000,0.000000000,0.000000000,0.000000000,0.000000000,0.000000000,0.000000000,0.000000000,0.000000000,0.000000000,0.000000000,0.000000000,0.000000000,0.009070078,-0.012760967,0.004361391,-0.002981566,0.007318556,-0.011840207,0.009352554,-0.012487086,0.032610593,0.004264025,0.007600088,-0.012618584
1.829685926,-0.004409790,0.047361374,-0.016681671,-0.005177498,0.010545731,0.036240578,-0.039611816,-0.046083450,0.087951660,0.051696777,0.012588501,-0.008560181,-0.004794121,0.047361374,-0.016681671,-0.004794121,0.010545731,0.035857201,0.000008902,-0.147308230,-0.567833185,-0.121691234,0.069839187,0.000090937,-0.008041382,-0.174869537,-0.604669571,-0.137224197,0.081392288,0.013458252,0.000008902,-0.147308230,-0.567833185,-0.121691234,0.069839187,0.000090937,0.000000000,0.000000000,0.000000000,0.000000000,0.000000000,0.000000000,0.000000000,0.000000000,0.000000000,0.000000000,0.000000000,0.000000000,0.000000000,0.000000000,0.000000000,0.000000000,0.000000000,0.000000000,-0.008050284,-0.027561307,-0.036836386,-0.015532963,0.011553101,0.013367315,-0.007725591,-0.027139124,-0.008540514,-0.008242332,0.011770314,0.012520520
1.839659929,-0.004409790,0.047361374,-0.016681671,-0.005177498,0.010545731,0.036240578,0.073181152,-0.010681152,0.133605957,0.059753418,0.034744263,0.065963745,-0.004409790,0.047361374,-0.016681671,-0.005177498,0.010545731,0.035857201,0.000008902,-0.146722600,-0.568387985,-0.122307688,0.070227556,0.000091970,-0.000778198,-0.114440918,-0.615564346,-0.116991043,0.077547073,-0.032685280,0.000008902,-0.146722600,-0.568387985,-0.122307688,0.070227556,0.000091970,0.000000000,0.000000000,0.000000000,0.000000000,0.000000000,0.000000000,0.000000000,0.000000000,0.000000000,0.000000000,0.000000000,0.000000000,0.000000000,0.000000000,0.000000000,0.000000000,0.000000000,0.000000000,-0.000787100,0.032281682,-0.047176361,0.005316645,0.007319517,-0.032777250,-0.000459908,0.032527087,-0.018778433,0.012539129,0.007495991,-0.033442294
1.849686146,-0.004794121,0.047361374,-0.016681671,-0.005177498,0.010545731,0.036240578,0.105407715,0.042419434,0.047668457,-0.077209473,-0.006546021,0.002517700,-0.004794121,0.047361374,-0.016681671,-0.004794121,0.010545731,0.036240578,0.000008902,-0.147307247,-0.567834139,-0.121692270,0.069839187,0.000089904,-0.004928589,-0.147403717,-0.579248428,-0.136705399,0.060457230,0.016021729,0.000008902,-0.147307247,-0.567834139,-0.121692270,0.069839187,0.000089904,0.000000000,0.000000000,0.000000000,0.000000000,0.000000000,0.000000000,0.000000000,0.000000000,0.000000000,0.000000000,0.000000000,0.000000000,0.000000000,0.000000000,0.000000000,0.000000000,0.000000000,0.000000000,-0.004937491,-0.000096470,-0.011414289,-0.015013129,-0.009381957,0.015931825,-0.004585512,0.000148134,0.016892329,-0.007748760,-0.009155992,0.015184702
1.859719753,-0.004794121,0.047361374,-0.016681671,-0.005177498,0.010545731,0.036240578,0.006042480,-0.161439896,0.120178223,-0.035583496,0.005538940,-0.016616821,-0.004794121,0.047361374,-0.016681671,-0.004794121,0.010545731,0.036240578,0.000008902,-0.147307247,-0.567834139,-0.121692270,0.069839187,0.000089904,0.015304565,-0.149234772,-0.585992813,-0.155900955,0.065584183,0.018157959,0.000008902,-0.147307247,-0.567834139,-0.121692270,0.069839187,0.000089904,0.000000000,0.000000000,0.000000000,0.000000000,0.000000000,0.000000000,0.000000000,0.000000000,0.000000000,0.000000000,0.000000000,0.000000000,0.000000000,0.000000000,0.000000000,0.000000000,0.000000000,0.000000000,0.015295664,-0.001927525,-0.018158674,-0.034208685,-0.004255004,0.018068055,0.015563965,-0.001673921,0.010093677,-0.026800229,-0.004007493,0.017228307
1.869719744,-0.004409790,0.047361374,-0.016681671,-0.005177498,0.010545731,0.036240578,0.105407715,-0.047914505,0.069152832,-0.106754303,0.074020386,0.015609741,-0.004794121,0.047361374,-0.016681671,-0.005177498,0.010545731,0.036240578,0.000008902,-0.146721616,-0.568388939,-0.122308724,0.070227556,0.000090937,0.001296997,-0.158390045,-0.575098038,-0.121141434,0.062166214,-0.016448975,0.000008902,-0.146721616,-0.568388939,-0.122308724,0.070227556,0.000090937,0.000000000,0.000000000,0.000000000,0.000000000,0.000000000,0.000000000,0.000000000,0.000000000,0.000000000,0.000000000,0.000000000,0.000000000,0.000000000,0.000000000,0.000000000,0.000000000,0.000000000,0.000000000,0.001288095,-0.011668429,-0.006709099,0.001167290,-0.008061342,-0.016539911,0.001548118,-0.011354108,0.021428661,0.008530130,-0.007772268,-0.017287215
1.879685879,-0.004794121,0.047361374,-0.016681671,-0.005177498,0.010545731,0.036240578,-0.141666412,0.118715286,0.011413574,-0.039611816,0.015609741,0.034744263,-0.004409790,0.047361374,-0.016681671,-0.005177498,0.010545731,0.035857201,0.000008902,-0.146722600,-0.568387985,-0.122307688,0.070227556,0.000091970,-0.006484985,-0.160221100,-0.598962784,-0.116472244,0.072420120,0.001922607,0.000008902,-0.146722600,-0.568387985,-0.122307688,0.070227556,0.000091970,0.000000000,0.000000000,0.000000000,0.000000000,0.000000000,0.000000000,0.000000000,0.000000000,0.000000000,0.000000000,0.000000000,0.000000000,0.000000000,0.000000000,0.000000000,0.000000000,0.000000000,0.000000000,-0.006493887,-0.013498500,-0.030574799,0.005835444,0.002192564,0.001830637,-0.006200881,-0.013114422,-0.002424145,0.013128452,0.002468508,0.001077602
1.889685392,-0.004794121,0.047361374,-0.016681671,-0.005177498,0.010545731,0.036240578,0.000671387,-0.014343262,0.053039551,-0.089298248,-0.036758423,0.065963745,-0.004794121,0.047361374,-0.017066002,-0.004794121,0.010545731,0.036240578,0.000008902,-0.143798023,-0.571158648,-0.122310258,0.070228517,0.000090939,0.004928589,-0.147403717,-0.590143204,-0.139818192,0.061738968,0.014739990,0.000008902,-0.143798023,-0.571158648,-0.122310258,0.070228517,0.000090939,0.000000000,0.000000000,0.000000000,0.000000000,0.000000000,0.000000000,0.000000000,0.000000000,0.000000000,0.000000000,0.000000000,0.000000000,0.000000000,0.000000000,0.000000000,0.000000000,0.000000000,0.000000000,0.004919687,-0.003605694,-0.018984556,-0.017507933,-0.008489549,0.014649051,0.005185258,-0.003204659,0.009117855,-0.010161162,-0.008170376,0.013822878
1.899721861,-0.004409790,0.047361374,-0.017066002,-0.004794121,0.010545731,0.036240578,0.096008301,0.030822754,-0.046325684,0.031555176,-0.017623901,0.011581421,-0.004409790,0.047361374,-0.016681671,-0.005177498,0.010545731,0.036240578,0.000008902,-0.146721616,-0.568388939,-0.122308724,0.070227556,0.000090937,-0.006484985,-0.156558990,-0.612451553,-0.139299393,0.065156937,0.003204346,0.000008902,-0.146721616,-0.568388939,-0.122308724,0.070227556,0.000090937,0.000000000,0.000000000,0.000000000,0.000000000,0.000000000,0.000000000,0.000000000,0.000000000,0.000000000,0.000000000,0.000000000,0.000000000,0.000000000,0.000000000,0.000000000,0.000000000,0.000000000,0.000000000,-0.006493887,-0.009837374,-0.044062614,-0.016990669,-0.005070619,0.003113409,-0.006195707,-0.009386935,-0.015876642,-0.009593406,-0.004726569,0.002275261
1.909713984,-0.004409790,0.047361374,-0.016681671,-0.005177498,0.010545731,0.035857201,0.054382324,0.069274902,0.030212402,-0.019470215,0.002517700,-0.051864624,-0.004794121,0.047361374,-0.016681671,-0.005177498,0.010545731,0.036240578,0.000008902,-0.146721616,-0.568388939,-0.122308724,0.070227556,0.000090937,-0.005447388,-0.165714264,-0.628534317,-0.122697830,0.068574905,0.001922607,0.000008902,-0.146721616,-0.568388939,-0.122308724,0.070227556,0.000090937,0.000000000,0.000000000,0.000000000,0.000000000,0.000000000,0.000000000,0.000000000,0.000000000,0.000000000,0.000000000,0.000000000,0.000000000,0.000000000,0.000000000,0.000000000,0.000000000,0.000000000,0.000000000,-0.005456289,-0.018992648,-0.060145378,-0.000389107,-0.001652651,0.001831671,-0.005131245,-0.018445634,-0.031792950,0.006971655,-0.001301785,0.000988348
1.919699907,-0.004794121,0.047361374,-0.016681671,-0.004794121,0.010545731,0.036240578,-0.058410645,0.129091263,0.053039551,-0.057067871,0.009567261,-0.056900024,-0.004794121,0.047361374,-0.016681671,-0.004794121,0.010545731,0.035857201,0.000008902,-0.147308230,-0.567833185,-0.121691234,0.069839187,0.000090937,0.003372192,-0.173038483,-0.595849991,-0.119066238,0.081819534,0.006622314,0.000008902,-0.147308230,-0.567833185,-0.121691234,0.069839187,0.000090937,0.000000000,0.000000000,0.000000000,0.000000000,0.000000000,0.000000000,0.000000000,0.000000000,0.000000000,0.000000000,0.000000000,0.000000000,0.000000000,0.000000000,0.000000000,0.000000000,0.000000000,0.000000000,0.003363291,-0.025730252,-0.028016806,0.002624996,0.011980347,0.006531378,0.003669225,-0.025052756,0.000333883,0.009934018,0.012267321,0.005658584
1.929689169,-0.004794121,0.047361374,-0.016681671,-0.004794121,0.010545731,0.036240578,0.028869629,-0.013732910,-0.137638092,-0.042297363,0.029708862,0.028701782,-0.004409790,0.047361374,-0.017066002,-0.004794121,0.010545731,0.036240578,0.000008901,-0.143798023,-0.571158648,-0.122310258,0.070228517,0.000090939,-0.000259399,-0.121768951,-0.569910049,-0.136705399,0.069002151,0.005340576,0.000008901,-0.143798023,-0.571158648,-0.122310258,0.070228517,0.000090939,0.000000000,0.000000000,0.000000000,0.000000000,0.000000000,0.000000000,0.000000000,0.000000000,0.000000000,0.000000000,0.000000000,0.000000000,0.000000000,0.000000000,0.000000000,0.000000000,0.000000000,0.000000000,-0.000268301,0.022029072,0.001248598,-0.014395140,-0.001226366,0.005249637,0.000037439,0.022589524,0.029446713,-0.007049592,-0.000934550,0.004354282
1.939720392,-0.004794121,0.047361374,-0.016681671,-0.005177498,0.010545731,0.036240578,0.113464355,0.041198730,-0.008728027,-0.043640137,0.010574341,0.001510620,-0.004794121,0.047361374,-0.016681671,-0.005177498,0.010545731,0.035857201,0.000008902,-0.146722600,-0.568387985,-0.122307688,0.070227556,0.000091970,0.002334595,-0.169376373,-0.587030411,-0.137224197,0.073701859,-0.012176514,0.000008902,-0.146722600,-0.568387985,-0.122307688,0.070227556,0.000091970,0.000000000,0.000000000,0.000000000,0.000000000,0.000000000,0.000000000,0.000000000,0.000000000,0.000000000,0.000000000,0.000000000,0.000000000,0.000000000,0.000000000,0.000000000,0.000000000,0.000000000,0.000000000,0.002325693,-0.022653773,-0.018642426,-0.014916509,0.003474303,-0.012268484,0.002617939,-0.021980022,0.009506686,-0.007532135,0.003746805,-0.013096332
1.949688673,-0.004794121,0.047361374,-0.016681671,-0.005177498,0.010545731,0.036240578,-0.034240723,0.043029785,-0.002014160,0.007385254,0.035751343,0.031723022,-0.004794121,0.047361374,-0.016681671,-0.005177498,0.010545731,0.036240578,0.000008902,-0.146721616,-0.568388939,-0.122308724,0.070227556,0.000090937,-0.008560181,-0.134586334,-0.592737198,-0.133073807,0.068574905,-0.012603760,0.000008902,-0.146721616,-0.568388939,-0.122308724,0.070227556,0.000090937,0.000000000,0.000000000,0.000000000,0.000000000,0.000000000,0.000000000,0.000000000,0.000000000,0.000000000,0.000000000,0.000000000,0.000000000,0.000000000,0.000000000,0.000000000,0.000000000,0.000000000,0.000000000,-0.008569082,0.012135282,-0.024348259,-0.010765083,-0.001652651,-0.012694697,-0.008234608,0.012743681,0.003781461,-0.003363461,-0.001373107,-0.013453552
1.959686518,-0.004794121,0.047361374,-0.016681671,-0.005177498,0.010545731,0.036240578,0.187320709,0.085145950,-0.079895020,0.039611816,0.028701782,0.003524780,-0.004794121,0.047361374,-0.017066002,-0.005177498,0.010545731,0.036240578,0.000008902,-0.143212408,-0.571713448,-0.122926690,0.070616879,0.000091972,-0.001815796,-0.149234772,-0.591180801,-0.111803055,0.071138382,-0.022430420,0.000008902,-0.143212408,-0.571713448,-0.122926690,0.070616879,0.000091972,0.000000000,0.000000000,0.000000000,0.000000000,0.000000000,0.000000000,0.000000000,0.000000000,0.000000000,0.000000000,0.000000000,0.000000000,0.000000000,0.000000000,0.000000000,0.000000000,0.000000000,0.000000000,-0.001824698,-0.006022364,-0.019467354,0.011123635,0.000521503,-0.022522392,-0.001482659,-0.005386483,0.008618394,0.018431221,0.000796981,-0.023163069
1.969685555,-0.004794121,0.047744751,-0.016681671,-0.005177498,0.010545731,0.035857201,-0.157779694,0.078432083,-0.034240723,0.053039551,-0.008560181,-0.028701782,-0.004794121,0.047361374,-0.016681671,-0.005177498,0.010545731,0.035857201,0.000008902,-0.146722600,-0.568387985,-0.122307688,0.070227556,0.000091970,-0.025161743,-0.151065826,-0.579767227,-0.133592606,0.077974319,-0.037384987,0.000008902,-0.146722600,-0.568387985,-0.122307688,0.070227556,0.000091970,0.000000000,0.000000000,0.000000000,0.000000000,0.000000000,0.000000000,0.000000000,0.000000000,0.000000000,0.000000000,0.000000000,0.000000000,0.000000000,0.000000000,0.000000000,0.000000000,0.000000000,0.000000000,-0.025170645,-0.004343227,-0.011379242,-0.011284918,0.007746764,-0.037476957,-0.024703209,-0.003688621,0.016622130,-0.003957244,0.007981725,-0.037925120
1.979859114,-0.004794121,0.047361374,-0.016681671,-0.005177498,0.010545731,0.036240578,0.049011230,0.030822754,0.138977051,-0.087955475,-0.000503540,-0.004531860,-0.004794121,0.047361374,-0.016681671,-0.004794121,0.010545731,0.036240578,0.000008902,-0.147307247,-0.567834139,-0.121692270,0.069839187,0.000089904,0.006484985,-0.167545319,-0.599481583,-0.136186600,0.070711136,0.000640869,0.000008902,-0.147307247,-0.567834139,-0.121692270,0.069839187,0.000089904,0.000000000,0.000000000,0.000000000,0.000000000,0.000000000,0.000000000,0.000000000,0.000000000,0.000000000,0.000000000,0.000000000,0.000000000,0.000000000,0.000000000,0.000000000,0.000000000,0.000000000,0.000000000,0.006476084,-0.020238072,-0.031647444,-0.014494330,0.000871949,0.000550966,0.006908628,-0.019485057,-0.003627750,-0.007130643,0.001101348,0.000102286
1.989709616,-0.004409790,0.047361374,-0.016681671,-0.005177498,0.010545731,0.036240578,0.105407715,0.093080521,0.085266113,-0.000671387,0.034744263,-0.004531860,-0.004794121,0.047361374,-0.016681671,-0.005177498,0.010545731,0.036240578,0.000008902,-0.146721616,-0.568388939,-0.122308724,0.070227556,0.000090937,-0.014266968,-0.090637207,-0.616601944,-0.150194168,0.079683304,-0.002349854,0.000008902,-0.146721616,-0.568388939,-0.122308724,0.070227556,0.000090937,0.000000000,0.000000000,0.000000000,0.000000000,0.000000000,0.000000000,0.000000000,0.000000000,0.000000000,0.000000000,0.000000000,0.000000000,0.000000000,0.000000000,0.000000000,0.000000000,0.000000000,0.000000000,-0.014275869,0.056084409,-0.048213005,-0.027885444,0.009455748,-0.002440790,-0.013774109,0.056553237,-0.020092345,-0.020419149,0.009636721,-0.002875023
1.999712944,-0.004794121,0.047361374,-0.016681671,-0.004794121,0.010545731,0.036240578,0.086608887,-0.047914505,0.067810059,-0.057067871,-0.049850464,-0.005538940,-0.004409790,0.047361374,-0.017066002,-0.005177498,0.010545731,0.036240578,0.000008901,-0.143212408,-0.571713448,-0.122926690,0.070616879,0.000091972,0.001296997,-0.145572662,-0.650323868,-0.137742996,0.070711136,-0.007904053,0.000008901,-0.143212408,-0.571713448,-0.122926690,0.070616879,0.000091972,0.000000000,0.000000000,0.000000000,0.000000000,0.000000000,0.000000000,0.000000000,0.000000000,0.000000000,0.000000000,0.000000000,0.000000000,0.000000000,0.000000000,0.000000000,0.000000000,0.000000000,0.000000000,0.001288096,-0.002360255,-0.078610420,-0.014816307,0.000094257,-0.007996025,0.001780951,-0.001882017,-0.050238567,-0.007313444,0.000273861,-0.008388316
2.009721041,-0.004794121,0.047361374,-0.016681671,-0.004794121,0.010545731,0.036240578,0.030212402,-0.071107864,0.069152832,-0.069152832,-0.076038361,-0.001510620,-0.004794121,0.047361374,-0.016681671,-0.005177498,0.010545731,0.036240578,0.000008902,-0.146721616,-0.568388939,-0.122308724,0.070227556,0.000090937,-0.004409790,-0.086975098,-0.549674988,-0.119066238,0.063875198,0.009613037,0.000008902,-0.146721616,-0.568388939,-0.122308724,0.070227556,0.000090937,0.000000000,0.000000000,0.000000000,0.000000000,0.000000000,0.000000000,0.000000000,0.000000000,0.000000000,0.000000000,0.000000000,0.000000000,0.000000000,0.000000000,0.000000000,0.000000000,0.000000000,0.000000000,-0.004418692,0.059746519,0.018713951,0.003242485,-0.006352358,0.009522100,-0.003925836,0.060224756,0.047085804,0.010745348,-0.006172754,0.009129809
2.019768953,-0.004409790,0.047361374,-0.016681671,-0.005177498,0.010545731,0.036240578,-0.003356934,0.118104935,0.000671387,-0.031555176,0.029708862,-0.012588501,-0.004409790,0.047361374,-0.016681671,-0.004794121,0.010545731,0.036240578,0.000008902,-0.147307247,-0.567834139,-0.121692270,0.069839187,0.000089904,0.012191772,-0.127262115,-0.582361221,-0.115434647,0.065584183,-0.008758545,0.000008902,-0.147307247,-0.567834139,-0.121692270,0.069839187,0.000089904,0.000000000,0.000000000,0.000000000,0.000000000,0.000000000,0.000000000,0.000000000,0.000000000,0.000000000,0.000000000,0.000000000,0.000000000,0.000000000,0.000000000,0.000000000,0.000000000,0.000000000,0.000000000,0.012182871,0.020045131,-0.014527082,0.006257623,-0.004255004,-0.008848449,0.012675727,0.020523369,0.013844771,0.013760486,-0.004075401,-0.009240740
2.029744625,-0.004409790,0.047361374,-0.016681671,-0.005177498,0.010545731,0.036240578,-0.031555176,-0.091859818,-0.136295319,-0.117496490,0.012588501,-0.049850464,-0.004794121,0.047361374,-0.016681671,-0.005177498,0.010545731,0.036240578,0.000008902,-0.146721616,-0.568388939,-0.122308724,0.070227556,0.000090937,0.014785767,-0.160221100,-0.612970352,-0.122179031,0.067720413,0.014312744,0.000008902,-0.146721616,-0.568388939,-0.122308724,0.070227556,0.000090937,0.000000000,0.000000000,0.000000000,0.000000000,0.000000000,0.000000000,0.000000000,0.000000000,0.000000000,0.000000000,0.000000000,0.000000000,0.000000000,0.000000000,0.000000000,0.000000000,0.000000000,0.000000000,0.014776865,-0.013499483,-0.044581413,0.000129692,-0.002507143,0.014221807,0.015269721,-0.013021246,-0.016209560,0.007632555,-0.002327539,0.013829516
2.039855242,-0.004409790,0.047361374,-0.016681671,-0.005177498,0.010930061,0.036240578,0.089294434,-0.064393997,0.042297363,-0.031555176,0.043807983,-0.039779663,-0.004794121,0.047361374,-0.017066002,-0.005177498,0.010545731,0.036240578,0.000008902,-0.143212408,-0.571713448,-0.122926690,0.070616879,0.000091972,-0.014266968,-0.138248444,-0.596368790,-0.128404617,0.075838089,0.006622314,0.000008902,-0.143212408,-0.571713448,-0.122926690,0.070616879,0.000091972,0.000000000,0.000000000,0.000000000,0.000000000,0.000000000,0.000000000,0.000000000,0.000000000,0.000000000,0.000000000,0.000000000,0.000000000,0.000000000,0.000000000,0.000000000,0.000000000,0.000000000,0.000000000,-0.014275869,0.004963964,-0.024655342,-0.005477928,0.005221210,0.006530342,-0.013783014,0.005442202,0.003716511,0.002024935,0.005400814,0.006138051
2.049697161,-0.004794121,0.047361374,-0.016681671,-0.005177498,0.010545731,0.036240578,0.032897949,0.000305176,-0.055725098,-0.034240723,-0.007553101,0.015609741,-0.004794121,0.047361374,-0.016681671,-0.005177498,0.010545731,0.035857201,0.000008902,-0.146722600,-0.568387985,-0.122307688,0.070227556,0.000091970,0.002853394,-0.136417389,-0.635278702,-0.140336990,0.072847366,-0.024993896,0.000008902,-0.146722600,-0.568387985,-0.122307688,0.070227556,0.000091970,0.000000000,0.000000000,0.000000000,0.000000000,0.000000000,0.000000000,0.000000000,0.000000000,0.000000000,0.000000000,0.000000000,0.000000000,0.000000000,0.000000000,0.000000000,0.000000000,0.000000000,0.000000000,0.002844492,0.010305211,-0.066890717,-0.018029302,0.002619810,-0.025085866,0.003337348,0.010783448,-0.038518863,-0.010526440,0.002799414,-0.025478157
2.059738636,-0.004794121,0.047361374,-0.016681671,-0.005177498,0.010545731,0.036240578,-0.055725098,0.000915527,-0.047668457,-0.134952545,-0.027694702,0.035751343,-0.004794121,0.047361374,-0.016681671,-0.004794121,0.010545731,0.036240578,0.000008902,-0.147307247,-0.567834139,-0.121692270,0.069839187,0.000089904,0.007003784,-0.145572662,-0.599481583,-0.133592606,0.071992874,-0.010040283,0.000008902,-0.147307247,-0.567834139,-0.121692270,0.069839187,0.000089904,0.000000000,0.000000000,0.000000000,0.000000000,0.000000000,0.000000000,0.000000000,0.000000000,0.000000000,0.000000000,0.000000000,0.000000000,0.000000000,0.000000000,0.000000000,0.000000000,0.000000000,0.000000000,0.006994883,0.001734585,-0.031647444,-0.011900336,0.002153687,-0.010130187,0.007487738,0.002212822,-0.003275590,-0.004397473,0.002333291,-0.010522478
2.069688797,-0.004409790,0.047361374,-0.017066002,-0.005177498,0.010545731,0.036240578,0.117492676,0.010681152,-0.137638092,0.038269043,-0.039779663,-0.015609741,-0.004409790,0.047361374,-0.016681671,-0.005177498,0.010545731,0.036240578,0.000008902,-0.146721616,-0.568388939,-0.122308724,0.070227556,0.000090937,-0.001815796,-0.171207428,-0.622308731,-0.134630203,0.055757523,-0.004486084,0.000008902,-0.146721616,-0.568388939,-0.122308724,0.070227556,0.000090937,0.000000000,0.000000000,0.000000000,0.000000000,0.000000000,0.000000000,0.000000000,0.000000000,0.000000000,0.000000000,0.000000000,0.000000000,0.000000000,0.000000000,0.000000000,0.000000000,0.000000000,0.000000000,-0.001824697,-0.024485812,-0.053919792,-0.012321480,-0.014470033,-0.004577021,-0.001331842,-0.024007574,-0.025547939,-0.004818617,-0.014290430,-0.004969312
2.079721451,-0.004409790,0.047361374,-0.016681671,-0.005177498,0.010545731,0.036240578,0.002014160,0.015563965,0.153747559,0.057067871,-0.060928345,0.030715942,-0.004794121,0.047361374,-0.017066002,-0.005177498,0.010545731,0.036240578,0.000008902,-0.143212408,-0.571713448,-0.122926690,0.070616879,0.000091972,0.001296997,-0.162052155,-0.588586807,-0.122697830,0.069429398,0.034393311,0.000008902,-0.143212408,-0.571713448,-0.122926690,0.070616879,0.000091972,0.000000000,0.000000000,0.000000000,0.000000000,0.000000000,0.000000000,0.000000000,0.000000000,0.000000000,0.000000000,0.000000000,0.000000000,0.000000000,0.000000000,0.000000000,0.000000000,0.000000000,0.000000000,0.001288095,-0.018839747,-0.016873360,0.000228859,-0.001187481,0.034301338,0.001780951,-0.018361509,0.011498494,0.007731722,-0.001007877,0.033909047
2.089685678,-0.004794121,0.047361374,-0.016681671,-0.005177498,0.010545731,0.036240578,0.122863770,-0.004577637,0.046325684,0.036926270,-0.010574341,0.000503540,-0.004794121,0.047361374,-0.016681671,-0.005177498,0.010545731,0.036240578,0.000008902,-0.146721616,-0.568388939,-0.122308724,0.070227556,0.000090937,0.012710571,-0.149234772,-0.611932755,-0.136705399,0.075410843,-0.010040283,0.000008902,-0.146721616,-0.568388939,-0.122308724,0.070227556,0.000090937,0.000000000,0.000000000,0.000000000,0.000000000,0.000000000,0.000000000,0.000000000,0.000000000,0.000000000,0.000000000,0.000000000,0.000000000,0.000000000,0.000000000,0.000000000,0.000000000,0.000000000,0.000000000,0.012701670,-0.002513155,-0.043543816,-0.014396675,0.005183287,-0.010131220,0.013194525,-0.002034918,-0.015171962,-0.006893812,0.005362891,-0.010523511
2.099685431,-0.004794121,0.047361374,-0.016681671,-0.005177498,0.010930061,0.036240578,-0.120182037,-0.002136230,0.079895020,-0.022155762,0.057907104,-0.024673462,-0.004409790,0.047361374,-0.016681671,-0.005177498,0.010545731,0.036240578,0.000008902,-0.146721616,-0.568388939,-0.122308724,0.070227556,0.000090937,-0.005966187,-0.195011139,-0.606744766,-0.130479813,0.062593460,0.018585205,0.000008902,-0.146721616,-0.568388939,-0.122308724,0.070227556,0.000090937,0.000000000,0.000000000,0.000000000,0.000000000,0.000000000,0.000000000,0.000000000,0.000000000,0.000000000,0.000000000,0.000000000,0.000000000,0.000000000,0.000000000,0.000000000,0.000000000,0.000000000,0.000000000,-0.005975088,-0.048289523,-0.038355827,-0.008171089,-0.007634096,0.018494268,-0.005482232,-0.047811285,-0.009983974,-0.000668226,-0.007454492,0.018101977
2.109685898,-0.004409790,0.047361374,-0.016681671,-0.004794121,0.010545731,0.036240578,0.008728027,0.154115677,0.054382324,0.096008301,0.000503540,0.058914185,-0.004409790,0.047361374,-0.016681671,-0.004794121,0.010545731,0.036240578,0.000008902,-0.147307247,-0.567834139,-0.121692270,0.069839187,0.000089904,-0.017379761,-0.129093170,-0.611413956,-0.136705399,0.080537796,0.008331299,0.000008902,-0.147307247,-0.567834139,-0.121692270,0.069839187,0.000089904,0.000000000,0.000000000,0.000000000,0.000000000,0.000000000,0.000000000,0.000000000,0.000000000,0.000000000,0.000000000,0.000000000,0.000000000,0.000000000,0.000000000,0.000000000,0.000000000,0.000000000,0.000000000,-0.017388662,0.018214077,-0.043579817,-0.015013129,0.010698609,0.008241395,-0.016895807,0.018692314,-0.015207963,-0.007510266,0.010878213,0.007849104
2.119717121,-0.004409790,0.047361374,-0.016681671,-0.005177498,0.010930061,0.035857201,-0.038269043,0.038146973,0.022155762,-0.104068756,0.058914185,-0.016616821,-0.004409790,0.047361374,-0.017066002,-0.005177498,0.010545731,0.036240578,0.000008901,-0.143212408,-0.571713448,-0.122926690,0.070616879,0.000091972,-0.003372192,-0.143741608,-0.562126160,-0.123735428,0.081392288,-0.035248756,0.000008901,-0.143212408,-0.571713448,-0.122926690,0.070616879,0.000091972,0.000000000,0.000000000,0.000000000,0.000000000,0.000000000,0.000000000,0.000000000,0.000000000,0.000000000,0.000000000,0.000000000,0.000000000,0.000000000,0.000000000,0.000000000,0.000000000,0.000000000,0.000000000,-0.003381094,-0.000529200,0.009587288,-0.000808738,0.010775410,-0.035340729,-0.002888238,-0.000050962,0.037959141,0.006694124,0.010955013,-0.035733020
2.129773140,-0.004794121,0.047361374,-0.016681671,-0.005177498,0.010545731,0.036240578,-0.098697662,0.017395020,-0.069152832,-0.196720123,-0.075031281,0.047836304,-0.004794121,0.047361374,-0.016681671,-0.005177498,0.010545731,0.036240578,0.000008902,-0.146721616,-0.568388939,-0.122308724,0.070227556,0.000090937,0.010635376,-0.138248444,-0.583917618,-0.139299393,0.072847366,-0.002349854,0.000008902,-0.146721616,-0.568388939,-0.122308724,0.070227556,0.000090937,0.000000000,0.000000000,0.000000000,0.000000000,0.000000000,0.000000000,0.000000000,0.000000000,0.000000000,0.000000000,0.000000000,0.000000000,0.000000000,0.000000000,0.000000000,0.000000000,0.000000000,0.000000000,0.010626474,0.008473173,-0.015528679,-0.016990669,0.002619810,-0.002440790,0.011119330,0.008951410,0.012843174,-0.009487807,0.002799414,-0.002833081
2.139756203,-0.004794121,0.047361374,-0.016681671,-0.004794121,0.010545731,0.036240578,0.070495605,0.069274902,0.110778809,0.040954590,-0.059921265,-0.020645142,-0.004794121,0.047361374,-0.016681671,-0.005177498,0.010545731,0.036240578,0.000008902,-0.146721616,-0.568388939,-0.122308724,0.070227556,0.000090937,0.028793335,-0.158390045,-0.594293594,-0.110765457,0.077119827,-0.030121803,0.000008902,-0.146721616,-0.568388939,-0.122308724,0.070227556,0.000090937,0.000000000,0.000000000,0.000000000,0.000000000,0.000000000,0.000000000,0.000000000,0.000000000,0.000000000,0.000000000,0.000000000,0.000000000,0.000000000,0.000000000,0.000000000,0.000000000,0.000000000,0.000000000,0.028784433,-0.011668429,-0.025904655,0.011543266,0.006892271,-0.030212740,0.029277289,-0.011190191,0.002467198,0.019046129,0.007071875,-0.030605031
2.149751663,-0.004794121,0.047361374,-0.016681671,-0.005177498,0.010545731,0.036240578,0.069152832,-0.113832474,-0.023498535,0.075866699,0.013595581,0.045822144,-0.004794121,0.047361374,-0.016681671,-0.005177498,0.010545731,0.036240578,0.000008902,-0.146721616,-0.568388939,-0.122308724,0.070227556,0.000090937,-0.000778198,-0.152896881,-0.672632217,-0.127367020,0.071992874,0.004913330,0.000008902,-0.146721616,-0.568388939,-0.122308724,0.070227556,0.000090937,0.000000000,0.000000000,0.000000000,0.000000000,0.000000000,0.000000000,0.000000000,0.000000000,0.000000000,0.000000000,0.000000000,0.000000000,0.000000000,0.000000000,0.000000000,0.000000000,0.000000000,0.000000000,-0.000787100,-0.006175265,-0.104243279,-0.005058296,0.001765318,0.004822393,-0.000294244,-0.005697027,-0.075871425,0.002444567,0.001944922,0.004430102
2.159720898,-0.004409790,0.047361374,-0.016681671,-0.004794121,0.010545731,0.036240578,0.012756348,0.033264160,-0.066467285,0.078552246,0.008560181,0.052871704,-0.004794121,0.047361374,-0.017066002,-0.005177498,0.010545731,0.036240578,0.000008902,-0.143212408,-0.571713448,-0.122926690,0.070616879,0.000091972,0.000778198,-0.147403717,-0.577692032,-0.132555008,0.069856644,0.008758545,0.000008902,-0.143212408,-0.571713448,-0.122926690,0.070616879,0.000091972,0.000000000,0.000000000,0.000000000,0.000000000,0.000000000,0.000000000,0.000000000,0.000000000,0.000000000,0.000000000,0.000000000,0.000000000,0.000000000,0.000000000,0.000000000,0.000000000,0.000000000,0.000000000,0.000769297,-0.004191309,-0.005978584,-0.009628318,-0.000760235,0.008666572,0.001262152,-0.003713072,0.022393269,-0.002125456,-0.000580631,0.008274281
2.169687986,-0.004794121,0.047361374,-0.016681671,-0.005177498,0.010545731,0.035857201,0.122863770,0.028381348,0.143005371,-0.085266113,0.024673462,0.013595581,-0.004794121,0.047361374,-0.016681671,-0.005177498,0.010545731,0.036240578,0.000008902,-0.146721616,-0.568388939,-0.122308724,0.070227556,0.000090937,0.005966187,-0.143741608,-0.582361221,-0.120622635,0.063447952,0.005767822,0.000008902,-0.146721616,-0.568388939,-0.122308724,0.070227556,0.000090937,0.000000000,0.000000000,0.000000000,0.000000000,0.000000000,0.000000000,0.000000000,0.000000000,0.000000000,0.000000000,0.000000000,0.000000000,0.000000000,0.000000000,0.000000000,0.000000000,0.000000000,0.000000000,0.005957285,0.002980009,-0.013972282,0.001686089,-0.006779604,0.005676886,0.006450141,0.003458246,0.014399571,0.009188951,-0.006600000,0.005284594
2.179718018,-0.004794121,0.047361374,-0.016681671,-0.005177498,0.010930061,0.036240578,-0.023498535,-0.028381348,0.012756348,-0.010070801,0.016616821,-0.023666382,-0.004794121,0.047361374,-0.016681671,-0.004794121,0.010545731,0.036240578,0.000008902,-0.147307247,-0.567834139,-0.121692270,0.069839187,0.000089904,-0.014266968,-0.130924225,-0.590143204,-0.108690262,0.068147659,0.014739990,0.000008902,-0.147307247,-0.567834139,-0.121692270,0.069839187,0.000089904,0.000000000,0.000000000,0.000000000,0.000000000,0.000000000,0.000000000,0.000000000,0.000000000,0.000000000,0.000000000,0.000000000,0.000000000,0.000000000,0.000000000,0.000000000,0.000000000,0.000000000,0.000000000,-0.014275869,0.016383022,-0.022309065,0.013002008,-0.001691528,0.014650087,-0.013783014,0.016861259,0.006062788,0.020504871,-0.001511924,0.014257796
2.189701080,-0.004794121,0.047361374,-0.016681671,-0.004794121,0.010545731,0.036240578,-0.000671387,0.021057129,0.019470215,-0.011413574,0.043807983,-0.003524780,-0.004409790,0.047361374,-0.016681671,-0.004794121,0.010545731,0.036240578,0.000008902,-0.147307247,-0.567834139,-0.121692270,0.069839187,0.000089904,-0.011154175,-0.090637207,-0.604669571,-0.152788162,0.065584183,0.011749268,0.000008902,-0.147307247,-0.567834139,-0.121692270,0.069839187,0.000089904,0.000000000,0.000000000,0.000000000,0.000000000,0.000000000,0.000000000,0.000000000,0.000000000,0.000000000,0.000000000,0.000000000,0.000000000,0.000000000,0.000000000,0.000000000,0.000000000,0.000000000,0.000000000,-0.011163076,0.056670040,-0.036835432,-0.031095892,-0.004255004,0.011659364,-0.010670221,0.057148277,-0.008463579,-0.023593030,-0.004075401,0.011267073
2.199724674,-0.004794121,0.047361374,-0.017066002,-0.004794121,0.010545731,0.036240578,0.053039551,0.127260208,-0.026184082,-0.031555176,-0.007553101,-0.050857544,-0.004794121,0.047361374,-0.016681671,-0.004794121,0.010545731,0.036240578,0.000008902,-0.147307247,-0.567834139,-0.121692270,0.069839187,0.000089904,0.005966187,-0.134586334,-0.588068008,-0.099870682,0.071138382,0.001922607,0.000008902,-0.147307247,-0.567834139,-0.121692270,0.069839187,0.000089904,0.000000000,0.000000000,0.000000000,0.000000000,0.000000000,0.000000000,0.000000000,0.000000000,0.000000000,0.000000000,0.000000000,0.000000000,0.000000000,0.000000000,0.000000000,0.000000000,0.000000000,0.000000000,0.005957285,0.012720913,-0.020233870,0.021821588,0.001299195,0.001832704,0.006450141,0.013199150,0.008137984,0.029324451,0.001478799,0.001440413
2.209693432,-0.004409790,0.047361374,-0.016681671,-0.004794121,0.010545731,0.036240578,0.096008301,-0.220645905,-0.132266998,-0.035583496,0.051864624,-0.000503540,-0.004794121,0.047361374,-0.017066002,-0.004794121,0.010545731,0.036240578,0.000008902,-0.143798023,-0.571158648,-0.122310258,0.070228517,0.000090939,-0.001815796,-0.178531647,-0.621271133,-0.097276688,0.076265335,0.009185791,0.000008902,-0.143798023,-0.571158648,-0.122310258,0.070228517,0.000090939,0.000000000,0.000000000,0.000000000,0.000000000,0.000000000,0.000000000,0.000000000,0.000000000,0.000000000,0.000000000,0.000000000,0.000000000,0.000000000,0.000000000,0.000000000,0.000000000,0.000000000,0.000000000,-0.001824698,-0.034733623,-0.050112486,0.025033571,0.006036818,0.009094852,-0.001331842,-0.034255386,-0.021740633,0.032536433,0.006216422,0.008702561
2.219702005,-0.004794121,0.047361374,-0.016681671,-0.004794121,0.010545731,0.036240578,0.038269043,-0.082704544,0.039611816,0.012756348,0.045822144,0.035751343,-0.004409790,0.047361374,-0.016681671,-0.005177498,0.010545731,0.036240578,0.000008902,-0.146721616,-0.568388939,-0.122308724,0.070227556,0.000090937,0.014785767,-0.121768951,-0.617120743,-0.123216629,0.062166214,0.013458252,0.000008902,-0.146721616,-0.568388939,-0.122308724,0.070227556,0.000090937,0.000000000,0.000000000,0.000000000,0.000000000,0.000000000,0.000000000,0.000000000,0.000000000,0.000000000,0.000000000,0.000000000,0.000000000,0.000000000,0.000000000,0.000000000,0.000000000,0.000000000,0.000000000,0.014776865,0.024952665,-0.048731804,-0.000907905,-0.008061342,0.013367315,0.015269721,0.025430902,-0.020359951,0.006594957,-0.007881738,0.012975024
2.229797602,-0.004794121,0.047361374,-0.017066002,-0.005177498,0.010545731,0.035857201,-0.113468170,0.027770996,0.019470215,0.059753418,-0.061935425,-0.072010040,-0.004794121,0.047361374,-0.016681671,-0.005177498,0.010545731,0.036240578,0.000008902,-0.146721616,-0.568388939,-0.122308724,0.070227556,0.000090937,-0.004409790,-0.174869537,-0.589105606,-0.130479813,0.069429398,0.056184769,0.000008902,-0.146721616,-0.568388939,-0.122308724,0.070227556,0.000090937,0.000000000,0.000000000,0.000000000,0.000000000,0.000000000,0.000000000,0.000000000,0.000000000,0.000000000,0.000000000,0.000000000,0.000000000,0.000000000,0.000000000,0.000000000,0.000000000,0.000000000,0.000000000,-0.004418692,-0.028147921,-0.020716667,-0.008171089,-0.000798158,0.056093832,-0.003925836,-0.027669684,0.007655186,-0.000668226,-0.000618555,0.055701541
2.239717007,-0.004794121,0.047361374,-0.016681671,-0.005177498,0.010545731,0.036240578,0.024841309,-0.038146973,-0.075866699,-0.058410645,0.033737183,0.053878784,-0.004409790,0.047361374,-0.016681671,-0.005177498,0.010545731,0.035857201,0.000008902,-0.146722600,-0.568387985,-0.122307688,0.070227556,0.000091970,0.005447388,-0.189517975,-0.562644958,-0.112321854,0.071992874,-0.000640869,0.000008902,-0.146722600,-0.568387985,-0.122307688,0.070227556,0.000091970,0.000000000,0.000000000,0.000000000,0.000000000,0.000000000,0.000000000,0.000000000,0.000000000,0.000000000,0.000000000,0.000000000,0.000000000,0.000000000,0.000000000,0.000000000,0.000000000,0.000000000,0.000000000,0.005438486,-0.042795375,0.005743027,0.009985834,0.001765318,-0.000732839,0.005931342,-0.042317138,0.034114880,0.017488697,0.001944922,-0.001125130
2.249688625,-0.004794121,0.047361374,-0.016681671,-0.005177498,0.010545731,0.036240578,-0.081237793,-0.003967285,-0.105411530,0.054382324,-0.010574341,-0.007553101,-0.004409790,0.047361374,-0.016681671,-0.005177498,0.010545731,0.036240578,0.000008902,-0.146721616,-0.568388939,-0.122308724,0.070227556,0.000090937,0.008560181,-0.149234772,-0.606744766,-0.128404617,0.070283890,0.007904053,0.000008902,-0.146721616,-0.568388939,-0.122308724,0.070227556,0.000090937,0.000000000,0.000000000,0.000000000,0.000000000,0.000000000,0.000000000,0.000000000,0.000000000,0.000000000,0.000000000,0.000000000,0.000000000,0.000000000,0.000000000,0.000000000,0.000000000,0.000000000,0.000000000,0.008551279,-0.002513155,-0.038355827,-0.006095894,0.000056334,0.007813116,0.009044135,-0.002034918,-0.009983974,0.001406969,0.000235937,0.007420825
2.259694099,-0.004409790,0.047361374,-0.017066002,-0.004794121,0.010545731,0.036240578,0.006042480,0.045471191,-0.077209473,0.106750488,0.015609741,-0.023666382,-0.004794121,0.047361374,-0.016681671,-0.005177498,0.010545731,0.036240578,0.000008902,-0.146721616,-0.568388939,-0.122308724,0.070227556,0.000090937,-0.010635376,-0.163883209,-0.584955215,-0.133073807,0.077119827,-0.007904053,0.000008902,-0.146721616,-0.568388939,-0.122308724,0.070227556,0.000090937,0.000000000,0.000000000,0.000000000,0.000000000,0.000000000,0.000000000,0.000000000,0.000000000,0.000000000,0.000000000,0.000000000,0.000000000,0.000000000,0.000000000,0.000000000,0.000000000,0.000000000,0.000000000,-0.010644278,-0.017161593,-0.016566277,-0.010765083,0.006892271,-0.007994989,-0.010151422,-0.016683355,0.011805577,-0.003262221,0.007071875,-0.008387281
2.269689798,-0.004794121,0.047361374,-0.016681671,-0.004794121,0.010545731,0.036240578,0.011413574,0.005187988,0.039611816,-0.090641022,0.072006226,-0.009567261,-0.004794121,0.047361374,-0.016681671,-0.004794121,0.010545731,0.035857201,0.000008902,-0.147308230,-0.567833185,-0.121691234,0.069839187,0.000090937,-0.000259399,-0.189517975,-0.596368790,-0.134111404,0.065584183,-0.005340576,0.000008902,-0.147308230,-0.567833185,-0.121691234,0.069839187,0.000090937,0.000000000,0.000000000,0.000000000,0.000000000,0.000000000,0.000000000,0.000000000,0.000000000,0.000000000,0.000000000,0.000000000,0.000000000,0.000000000,0.000000000,0.000000000,0.000000000,0.000000000,0.000000000,-0.000268301,-0.042209744,-0.028535604,-0.012420170,-0.004255004,-0.005431513,0.000224555,-0.041731507,-0.000163751,-0.004917307,-0.004075401,-0.005823804
2.279688120,-0.004409790,0.047361374,-0.016681671,-0.005177498,0.010545731,0.036240578,0.046325684,0.004577637,0.028869629,-0.081237793,-0.027694702,-0.017623901,-0.004409790,0.047361374,-0.016681671,-0.005177498,0.010545731,0.036240578,0.000008902,-0.146721616,-0.568388939,-0.122308724,0.070227556,0.000090937,-0.000259399,-0.136417389,-0.625940323,-0.131517410,0.072847366,-0.007476807,0.000008902,-0.146721616,-0.568388939,-0.122308724,0.070227556,0.000090937,0.000000000,0.000000000,0.000000000,0.000000000,0.000000000,0.000000000,0.000000000,0.000000000,0.000000000,0.000000000,0.000000000,0.000000000,0.000000000,0.000000000,0.000000000,0.000000000,0.000000000,0.000000000,-0.000268301,0.010304227,-0.057551384,-0.009208687,0.002619810,-0.007567743,0.000224555,0.010782465,-0.029179531,-0.001705824,0.002799414,-0.007960034
2.289688110,-0.004409790,0.047361374,-0.016681671,-0.004794121,0.010545731,0.035857201,0.108093262,0.033874512,0.014099121,0.172550201,0.008560181,-0.042800903,-0.004409790,0.047361374,-0.016681671,-0.005177498,0.010545731,0.036240578,0.000008902,-0.146721616,-0.568388939,-0.122308724,0.070227556,0.000090937,0.004928589,-0.165714264,-0.576135635,-0.114915848,0.076265335,-0.041657448,0.000008902,-0.146721616,-0.568388939,-0.122308724,0.070227556,0.000090937,0.000000000,0.000000000,0.000000000,0.000000000,0.000000000,0.000000000,0.000000000,0.000000000,0.000000000,0.000000000,0.000000000,0.000000000,0.000000000,0.000000000,0.000000000,0.000000000,0.000000000,0.000000000,0.004919687,-0.018992648,-0.007746696,0.007392876,0.006037779,-0.041748385,0.005412543,-0.018514410,0.020625157,0.014895738,0.006217383,-0.042140676
2.299733162,-0.004409790,0.047361374,-0.016681671,-0.005177498,0.010545731,0.036240578,0.097351074,0.054626465,0.061096191,0.093322754,-0.018630981,0.001510620,-0.004409790,0.047361374,-0.016681671,-0.005177498,0.010545731,0.036240578,0.000008902,-0.146721616,-0.568388939,-0.122308724,0.070227556,0.000090937,-0.002334595,-0.173038483,-0.590662003,-0.125291824,0.067720413,0.000213623,0.000008902,-0.146721616,-0.568388939,-0.122308724,0.070227556,0.000090937,0.000000000,0.000000000,0.000000000,0.000000000,0.000000000,0.000000000,0.000000000,0.000000000,0.000000000,0.000000000,0.000000000,0.000000000,0.000000000,0.000000000,0.000000000,0.000000000,0.000000000,0.000000000,-0.002343496,-0.026316866,-0.022273064,-0.002983101,-0.002507143,0.000122686,-0.001850641,-0.025838629,0.006098790,0.004519762,-0.002327539,-0.000269605
2.309687376,-0.004794121,0.047361374,-0.016681671,-0.005177498,0.010545731,0.036240578,0.012756348,-0.071107864,-0.058410645,-0.074523926,0.047836304,0.009567261,-0.004794121,0.047361374,-0.016681671,-0.004794121,0.010545731,0.035857201,0.000008902,-0.147308230,-0.567833185,-0.121691234,0.069839187,0.000090937,-0.003890991,-0.127262115,-0.605707169,-0.141893387,0.071138382,-0.002349854,0.000008902,-0.147308230,-0.567833185,-0.121691234,0.069839187,0.000090937,0.000000000,0.000000000,0.000000000,0.000000000,0.000000000,0.000000000,0.000000000,0.000000000,0.000000000,0.000000000,0.000000000,0.000000000,0.000000000,0.000000000,0.000000000,0.000000000,0.000000000,0.000000000,-0.003899893,0.020046115,-0.037873983,-0.020202152,0.001299195,-0.002440790,-0.003407037,0.020524352,-0.009502130,-0.012699290,0.001478799,-0.002833081
2.319679022,-0.004794121,0.047361374,-0.016681671,-0.005177498,0.010545731,0.036240578,0.011413574,0.047302246,0.079895020,-0.047668457,-0.021652222,-0.057907104,-0.004794121,0.047361374,-0.016681671,-0.005177498,0.010545731,0.036240578,0.000008902,-0.146721616,-0.568388939,-0.122308724,0.070227556,0.000090937,0.000259399,-0.165714264,-0.601556778,-0.145524979,0.081392288,-0.000213623,0.000008902,-0.146721616,-0.568388939,-0.122308724,0.070227556,0.000090937,0.000000000,0.000000000,0.000000000,0.000000000,0.000000000,0.000000000,0.000000000,0.000000000,0.000000000,0.000000000,0.000000000,0.000000000,0.000000000,0.000000000,0.000000000,0.000000000,0.000000000,0.000000000,0.000250498,-0.018992648,-0.033167839,-0.023216255,0.011164732,-0.000304560,0.000743353,-0.018514410,-0.004795986,-0.015713392,0.011344336,-0.000696851
2.329686642,-0.004409790,0.047361374,-0.016681671,-0.004794121,0.010545731,0.035857201,0.100036621,-0.008239746,-0.003356934,-0.032897949,-0.002517700,-0.022659302,-0.004409790,0.047361374,-0.016681671,-0.004794121,0.010545731,0.036240578,0.000008902,-0.147307247,-0.567834139,-0.121692270,0.069839187,0.000089904,-0.005447388,-0.167545319,-0.601556778,-0.137224197,0.065156937,0.016021729,0.000008902,-0.147307247,-0.567834139,-0.121692270,0.069839187,0.000089904,0.000000000,0.000000000,0.000000000,0.000000000,0.000000000,0.000000000,0.000000000,0.000000000,0.000000000,0.000000000,0.000000000,0.000000000,0.000000000,0.000000000,0.000000000,0.000000000,0.000000000,0.000000000,-0.005456289,-0.020238072,-0.033722639,-0.015531927,-0.004682250,0.015931825,-0.004963433,-0.019759834,-0.005350786,-0.008029065,-0.004502647,0.015539534
2.339687347,-0.004409790,0.047361374,-0.016681671,-0.005177498,0.010545731,0.035857201,0.042297363,-0.013732910,0.153747559,-0.126895905,-0.012588501,-0.039779663,-0.004409790,0.047361374,-0.016681671,-0.004794121,0.010545731,0.036240578,0.000008902,-0.147307247,-0.567834139,-0.121692270,0.069839187,0.000089904,0.007003784,-0.130924225,-0.601556778,-0.114915848,0.066011429,-0.007049561,0.000008902,-0.147307247,-0.567834139,-0.121692270,0.069839187,0.000089904,0.000000000,0.000000000,0.000000000,0.000000000,0.000000000,0.000000000,0.000000000,0.000000000,0.000000000,0.000000000,0.000000000,0.000000000,0.000000000,0.000000000,0.000000000,0.000000000,0.000000000,0.000000000,0.006994883,0.016383022,-0.033722639,0.006776422,-0.003827758,-0.007139464,0.007487738,0.016861259,-0.005350786,0.014279285,-0.003648155,-0.007531755
2.349695444,-0.004409790,0.047361374,-0.017066002,-0.004794121,0.010545731,0.036240578,-0.124210358,0.011291504,0.071838379,0.055725098,-0.013595581,-0.009567261,-0.004794121,0.047361374,-0.016681671,-0.005177498,0.010545731,0.036240578,0.000008902,-0.146721616,-0.568388939,-0.122308724,0.070227556,0.000090937,-0.004409790,-0.138248444,-0.570428848,-0.149675369,0.075838089,0.013885498,0.000008902,-0.146721616,-0.568388939,-0.122308724,0.070227556,0.000090937,0.000000000,0.000000000,0.000000000,0.000000000,0.000000000,0.000000000,0.000000000,0.000000000,0.000000000,0.000000000,0.000000000,0.000000000,0.000000000,0.000000000,0.000000000,0.000000000,0.000000000,0.000000000,-0.004418692,0.008473173,-0.002039909,-0.027366646,0.005610533,0.013794561,-0.003925836,0.008951410,0.026331944,-0.019863783,0.005790137,0.013402270
2.359736681,-0.004409790,0.047361374,-0.017066002,-0.004794121,0.010545731,0.036240578,0.137634277,-0.079652786,-0.050354004,0.043640137,-0.013595581,-0.010574341,-0.004794121,0.047361374,-0.016681671,-0.004794121,0.010930061,0.036240578,0.000008902,-0.146937370,-0.568184555,-0.122081608,0.069838889,0.000089903,0.007003784,-0.141910553,-0.604150772,-0.141893387,0.072420120,-0.006622314,0.000008902,-0.146937370,-0.568184555,-0.122081608,0.069838889,0.000089903,0.000000000,0.000000000,0.000000000,0.000000000,0.000000000,0.000000000,0.000000000,0.000000000,0.000000000,0.000000000,0.000000000,0.000000000,0.000000000,0.000000000,0.000000000,0.000000000,0.000000000,0.000000000,0.006994883,0.005026817,-0.035966218,-0.019811779,0.002581231,-0.006712217,0.007487738,0.005505055,-0.007594364,-0.012308917,0.002760835,-0.007104508
2.369652033,-0.004794121,0.047361374,-0.016681671,-0.005177498,0.010930061,0.036240578,-0.050354004,-0.002746582,0.118835449,-0.059753418,0.077041626,0.013595581,-0.004794121,0.047361374,-0.016681671,-0.005177498,0.010545731,0.036240578,0.000008902,-0.146721616,-0.568388939,-0.122308724,0.070227556,0.000090937,0.002853394,-0.127262115,-0.604669571,-0.130998611,0.069856644,-0.003631592,0.000008902,-0.146721616,-0.568388939,-0.122308724,0.070227556,0.000090937,0.000000000,0.000000000,0.000000000,0.000000000,0.000000000,0.000000000,0.000000000,0.000000000,0.000000000,0.000000000,0.000000000,0.000000000,0.000000000,0.000000000,0.000000000,0.000000000,0.000000000,0.000000000,0.002844492,0.019459501,-0.036280632,-0.008689888,-0.000370912,-0.003722529,0.003337348,0.019937738,-0.007908779,-0.001187025,-0.000191309,-0.004114820
2.379782677,-0.004794121,0.047361374,-0.017066002,-0.004794121,0.010545731,0.036240578,-0.027526855,-0.030822754,-0.044982910,0.133605957,0.039779663,-0.005538940,-0.004794121,0.047361374,-0.016681671,-0.004794121,0.010545731,0.036240578,0.000008902,-0.147307247,-0.567834139,-0.121692270,0.069839187,0.000089904,0.015823364,-0.165714264,-0.589624405,-0.121660233,0.065584183,-0.010040283,0.000008902,-0.147307247,-0.567834139,-0.121692270,0.069839187,0.000089904,0.000000000,0.000000000,0.000000000,0.000000000,0.000000000,0.000000000,0.000000000,0.000000000,0.000000000,0.000000000,0.000000000,0.000000000,0.000000000,0.000000000,0.000000000,0.000000000,0.000000000,0.000000000,0.015814463,-0.018407017,-0.021790266,0.000032037,-0.004255004,-0.010130187,0.016307318,-0.017928780,0.006581587,0.007534900,-0.004075401,-0.010522478
2.389652252,-0.004794121,0.047361374,-0.016681671,-0.005177498,0.010930061,0.036240578,-0.102725983,-0.019836426,-0.003356934,0.063781738,0.023666382,-0.044815063,-0.004409790,0.047361374,-0.016681671,-0.005177498,0.010545731,0.036240578,0.000008902,-0.146721616,-0.568388939,-0.122308724,0.070227556,0.000090937,0.022048950,-0.154727936,-0.601037979,-0.108690262,0.064729691,-0.005767822,0.000008902,-0.146721616,-0.568388939,-0.122308724,0.070227556,0.000090937,0.000000000,0.000000000,0.000000000,0.000000000,0.000000000,0.000000000,0.000000000,0.000000000,0.000000000,0.000000000,0.000000000,0.000000000,0.000000000,0.000000000,0.000000000,0.000000000,0.000000000,0.000000000,0.022040049,-0.008006319,-0.032649040,0.013618462,-0.005497865,-0.005858759,0.022532904,-0.007528082,-0.004277187,0.021121324,-0.005318262,-0.006251050
2.399707079,-0.004409790,0.047361374,-0.016681671,-0.005177498,0.010930061,0.036240578,-0.030212402,0.049133301,0.063781738,0.061096191,0.030715942,-0.015609741,-0.004794121,0.047361374,-0.016681671,-0.005177498,0.010545731,0.036240578,0.000008902,-0.146721616,-0.568388939,-0.122308724,0.070227556,0.000090937,0.002853394,-0.182193756,-0.555381775,-0.138261795,0.066865921,-0.038239479,0.000008902,-0.146721616,-0.568388939,-0.122308724,0.070227556,0.000090937,0.000000000,0.000000000,0.000000000,0.000000000,0.000000000,0.000000000,0.000000000,0.000000000,0.000000000,0.000000000,0.000000000,0.000000000,0.000000000,0.000000000,0.000000000,0.000000000,0.000000000,0.000000000,0.002844492,-0.035472140,0.013007164,-0.015953071,-0.003361635,-0.038330416,0.003337348,-0.034993902,0.041379017,-0.008450209,-0.003182031,-0.038722707
2.409704924,-0.004409790,0.047361374,-0.016681671,-0.005177498,0.010545731,0.036240578,-0.024841309,-0.086366653,0.050354004,-0.074523926,-0.003524780,-0.059921265,-0.004409790,0.047361374,-0.016681671,-0.005177498,0.010545731,0.036240578,0.000008902,-0.146721616,-0.568388939,-0.122308724,0.070227556,0.000090937,-0.011154175,-0.149234772,-0.593255997,-0.123216629,0.060029984,0.010467529,0.000008902,-0.146721616,-0.568388939,-0.122308724,0.070227556,0.000090937,0.000000000,0.000000000,0.000000000,0.000000000,0.000000000,0.000000000,0.000000000,0.000000000,0.000000000,0.000000000,0.000000000,0.000000000,0.000000000,0.000000000,0.000000000,0.000000000,0.000000000,0.000000000,-0.011163076,-0.002513155,-0.024867058,-0.000907905,-0.010197572,0.010376593,-0.010670221,-0.002034918,0.003504796,0.006594957,-0.010017969,0.009984302
2.419699907,-0.004409790,0.047361374,-0.017066002,-0.005177498,0.010545731,0.035857201,-0.019470215,-0.075990677,-0.184635162,-0.067810059,0.034744263,-0.024673462,-0.004794121,0.047361374,-0.016681671,-0.005177498,0.010545731,0.036240578,0.000008902,-0.146721616,-0.568388939,-0.122308724,0.070227556,0.000090937,0.000778198,-0.149234772,-0.619714737,-0.125810623,0.063020706,-0.005767822,0.000008902,-0.146721616,-0.568388939,-0.122308724,0.070227556,0.000090937,0.000000000,0.000000000,0.000000000,0.000000000,0.000000000,0.000000000,0.000000000,0.000000000,0.000000000,0.000000000,0.000000000,0.000000000,0.000000000,0.000000000,0.000000000,0.000000000,0.000000000,0.000000000,0.000769297,-0.002513155,-0.051325798,-0.003501900,-0.007206850,-0.005858759,0.001262152,-0.002034918,-0.022953945,0.004000963,-0.007027246,-0.006251050
2.429685354,-0.004794121,0.047361374,-0.017066002,-0.004794121,0.010545731,0.036240578,-0.067810059,-0.033874512,-0.082580566,0.126892090,-0.008560181,0.027694702,-0.004409790,0.047361374,-0.016681671,-0.005177498,0.010545731,0.036240578,0.000008902,-0.146721616,-0.568388939,-0.122308724,0.070227556,0.000090937,0.007003784,-0.163883209,-0.608819962,-0.105058670,0.083528519,-0.040802956,0.000008902,-0.146721616,-0.568388939,-0.122308724,0.070227556,0.000090937,0.000000000,0.000000000,0.000000000,0.000000000,0.000000000,0.000000000,0.000000000,0.000000000,0.000000000,0.000000000,0.000000000,0.000000000,0.000000000,0.000000000,0.000000000,0.000000000,0.000000000,0.000000000,0.006994883,-0.017161593,-0.040431023,0.017250054,0.013300963,-0.040893892,0.007487738,-0.016683355,-0.012059169,0.024752916,0.013480566,-0.041286183
2.439719915,-0.004409790,0.047361374,-0.016681671,-0.004794121,0.010545731,0.035857201,0.126892090,-0.068056107,0.108093262,0.038269043,0.010574341,-0.041793823,-0.004409790,0.047361374,-0.016681671,-0.004794121,0.010545731,0.035857201,0.000008902,-0.147308230,-0.567833185,-0.121691234,0.069839187,0.000090937,-0.001815796,-0.158390045,-0.618158340,-0.142930984,0.077119827,-0.006622314,0.000008902,-0.147308230,-0.567833185,-0.121691234,0.069839187,0.000090937,0.000000000,0.000000000,0.000000000,0.000000000,0.000000000,0.000000000,0.000000000,0.000000000,0.000000000,0.000000000,0.000000000,0.000000000,0.000000000,0.000000000,0.000000000,0.000000000,0.000000000,0.000000000,-0.001824697,-0.011081815,-0.050325155,-0.021239750,0.007280640,-0.006713251,-0.001331842,-0.010603577,-0.021953302,-0.013736888,0.007460244,-0.007105542
2.449686289,-0.004794121,0.047361374,-0.016681671,-0.005177498,0.010545731,0.036240578,-0.071838379,0.020446777,0.110778809,-0.016784668,-0.007553101,0.001510620,-0.004794121,0.047361374,-0.016681671,-0.005177498,0.010545731,0.036240578,0.000008902,-0.146721616,-0.568388939,-0.122308724,0.070227556,0.000090937,0.000778198,-0.162052155,-0.608301163,-0.116472244,0.065156937,0.015594482,0.000008902,-0.146721616,-0.568388939,-0.122308724,0.070227556,0.000090937,0.000000000,0.000000000,0.000000000,0.000000000,0.000000000,0.000000000,0.000000000,0.000000000,0.000000000,0.000000000,0.000000000,0.000000000,0.000000000,0.000000000,0.000000000,0.000000000,0.000000000,0.000000000,0.000769297,-0.015330538,-0.039912224,0.005836479,-0.005070619,0.015503546,0.001262152,-0.014852301,-0.011540370,0.013339342,-0.004891016,0.015111255
2.459687710,-0.004409790,0.047361374,-0.017066002,-0.004794121,0.010545731,0.036240578,0.090637207,-0.115663528,0.016784668,0.067810059,-0.019638062,0.049850464,-0.004794121,0.047361374,-0.016681671,-0.005177498,0.010545731,0.035857201,0.000008902,-0.146722600,-0.568387985,-0.122307688,0.070227556,0.000091970,0.011154175,-0.151065826,-0.598443985,-0.133592606,0.063875198,0.057466507,0.000008902,-0.146722600,-0.568387985,-0.122307688,0.070227556,0.000091970,0.000000000,0.000000000,0.000000000,0.000000000,0.000000000,0.000000000,0.000000000,0.000000000,0.000000000,0.000000000,0.000000000,0.000000000,0.000000000,0.000000000,0.000000000,0.000000000,0.000000000,0.000000000,0.011145273,-0.004343227,-0.030056000,-0.011284918,-0.006352358,0.057374537,0.011638129,-0.003864989,-0.001684146,-0.003782055,-0.006172754,0.056982246
2.469686270,-0.004409790,0.047361374,-0.016681671,-0.005177498,0.010545731,0.036240578,0.020812988,-0.086977005,-0.016784668,-0.058410645,0.046829224,0.031723022,-0.004409790,0.047361374,-0.016681671,-0.004794121,0.010545731,0.036240578,0.000008902,-0.147307247,-0.567834139,-0.121692270,0.069839187,0.000089904,-0.008560181,-0.167545319,-0.641504288,-0.143968582,0.058748245,-0.011749268,0.000008902,-0.147307247,-0.567834139,-0.121692270,0.069839187,0.000089904,0.000000000,0.000000000,0.000000000,0.000000000,0.000000000,0.000000000,0.000000000,0.000000000,0.000000000,0.000000000,0.000000000,0.000000000,0.000000000,0.000000000,0.000000000,0.000000000,0.000000000,0.000000000,-0.008569082,-0.020238072,-0.073670149,-0.022276312,-0.011090942,-0.011839171,-0.008076226,-0.019759834,-0.045298296,-0.014773450,-0.010911338,-0.012231462
2.479719400,-0.004794121,0.047361374,-0.016681671,-0.005177498,0.010545731,0.036240578,-0.015441895,-0.034484863,0.010070801,-0.085266113,0.019638062,-0.006546021,-0.004409790,0.047361374,-0.016681671,-0.005177498,0.010545731,0.036240578,0.000008902,-0.146721616,-0.568388939,-0.122308724,0.070227556,0.000090937,0.011154175,-0.149234772,-0.598962784,-0.144487381,0.059602737,0.006195068,0.000008902,-0.146721616,-0.568388939,-0.122308724,0.070227556,0.000090937,0.000000000,0.000000000,0.000000000,0.000000000,0.000000000,0.000000000,0.000000000,0.000000000,0.000000000,0.000000000,0.000000000,0.000000000,0.000000000,0.000000000,0.000000000,0.000000000,0.000000000,0.000000000,0.011145273,-0.002513155,-0.030573845,-0.022178657,-0.010624819,0.006104132,0.011638129,-0.002034918,-0.002201992,-0.014675795,-0.010445215,0.005711841
2.489684582,-0.004794121,0.047361374,-0.016681671,-0.005177498,0.010930061,0.036240578,-0.134952545,-0.039369583,0.035583496,-0.053039551,0.063949585,0.008560181,-0.004409790,0.047361374,-0.016681671,-0.005177498,0.010545731,0.036240578,0.000008902,-0.146721616,-0.568388939,-0.122308724,0.070227556,0.000090937,-0.011672974,-0.141910553,-0.578729630,-0.133592606,0.067293167,-0.029694557,0.000008902,-0.146721616,-0.568388939,-0.122308724,0.070227556,0.000090937,0.000000000,0.000000000,0.000000000,0.000000000,0.000000000,0.000000000,0.000000000,0.000000000,0.000000000,0.000000000,0.000000000,0.000000000,0.000000000,0.000000000,0.000000000,0.000000000,0.000000000,0.000000000,-0.011681875,0.004811063,-0.010340691,-0.011283882,-0.002934389,-0.029785494,-0.011189019,0.005289301,0.018031163,-0.003781019,-0.002754785,-0.030177785
2.499670744,-0.004794121,0.047361374,-0.017066002,-0.004794121,0.010545731,0.036240578,0.023498535,-0.095521927,-0.016784668,0.083923340,-0.023666382,0.011581421,-0.004409790,0.047361374,-0.016681671,-0.005177498,0.010545731,0.036240578,0.000008902,-0.146721616,-0.568388939,-0.122308724,0.070227556,0.000090937,0.000778198,-0.154727936,-0.589105606,-0.134111404,0.078401566,-0.027130127,0.000008902,-0.146721616,-0.568388939,-0.122308724,0.070227556,0.000090937,0.000000000,0.000000000,0.000000000,0.000000000,0.000000000,0.000000000,0.000000000,0.000000000,0.000000000,0.000000000,0.000000000,0.000000000,0.000000000,0.000000000,0.000000000,0.000000000,0.000000000,0.000000000,0.000769297,-0.008006319,-0.020716667,-0.011802681,0.008174010,-0.027221064,0.001262152,-0.007528082,0.007655186,-0.004299818,0.008353613,-0.027613355
2.509733438,-0.004794121,0.047361374,-0.016681671,-0.005177498,0.010545731,0.036240578,0.067810059,0.046691895,0.077209473,-0.004699707,0.008560181,0.005538940,-0.004794121,0.047361374,-0.016681671,-0.005177498,0.010545731,0.036240578,0.000008902,-0.146721616,-0.568388939,-0.122308724,0.070227556,0.000090937,0.009078979,-0.158390045,-0.608819962,-0.126329422,0.070711136,0.020721436,0.000008902,-0.146721616,-0.568388939,-0.122308724,0.070227556,0.000090937,0.000000000,0.000000000,0.000000000,0.000000000,0.000000000,0.000000000,0.000000000,0.000000000,0.000000000,0.000000000,0.000000000,0.000000000,0.000000000,0.000000000,0.000000000,0.000000000,0.000000000,0.000000000,0.009070078,-0.011668429,-0.040431023,-0.004020698,0.000483580,0.020630499,0.009562934,-0.011190191,-0.012059169,0.003482164,0.000663184,0.020238208
2.519686222,-0.004409790,0.047361374,-0.016681671,-0.005177498,0.010545731,0.036240578,-0.058410645,0.110780716,-0.051696777,-0.094669342,-0.018630981,-0.006546021,-0.004794121,0.047361374,-0.016681671,-0.005177498,0.010545731,0.036240578,0.000008902,-0.146721616,-0.568388939,-0.122308724,0.070227556,0.000090937,0.001815796,-0.108947754,-0.592218399,-0.155900955,0.074129105,0.046356201,0.000008902,-0.146721616,-0.568388939,-0.122308724,0.070227556,0.000090937,0.000000000,0.000000000,0.000000000,0.000000000,0.000000000,0.000000000,0.000000000,0.000000000,0.000000000,0.000000000,0.000000000,0.000000000,0.000000000,0.000000000,0.000000000,0.000000000,0.000000000,0.000000000,0.001806894,0.037773862,-0.023829460,-0.033592232,0.003901549,0.046265264,0.002299750,0.038252100,0.004542393,-0.026089369,0.004081152,0.045872973
2.529690266,-0.004409790,0.047361374,-0.016681671,-0.005177498,0.010545731,0.035857201,-0.016784668,-0.028991699,0.039611816,0.038269043,0.000503540,0.007553101,-0.004409790,0.047361374,-0.016681671,-0.004794121,0.010545731,0.035857201,0.000008902,-0.147308230,-0.567833185,-0.121691234,0.069839187,0.000090937,0.000259399,-0.136417389,-0.592218399,-0.134630203,0.073701859,-0.029267311,0.000008902,-0.147308230,-0.567833185,-0.121691234,0.069839187,0.000090937,0.000000000,0.000000000,0.000000000,0.000000000,0.000000000,0.000000000,0.000000000,0.000000000,0.000000000,0.000000000,0.000000000,0.000000000,0.000000000,0.000000000,0.000000000,0.000000000,0.000000000,0.000000000,0.000250498,0.010890841,-0.024385214,-0.012938969,0.003862672,-0.029358248,0.000743354,0.011369079,0.003986639,-0.005436106,0.004042275,-0.029750539
2.539675474,-0.004409790,0.047361374,-0.016681671,-0.005177498,0.010545731,0.035857201,0.113464355,0.085145950,0.082580566,0.067810059,-0.029708862,-0.024673462,-0.004409790,0.047361374,-0.016681671,-0.005177498,0.010545731,0.036240578,0.000008902,-0.146721616,-0.568388939,-0.122308724,0.070227556,0.000090937,0.046432495,-0.156558990,-0.592218399,-0.123216629,0.068574905,-0.023712158,0.000008902,-0.146721616,-0.568388939,-0.122308724,0.070227556,0.000090937,0.000000000,0.000000000,0.000000000,0.000000000,0.000000000,0.000000000,0.000000000,0.000000000,0.000000000,0.000000000,0.000000000,0.000000000,0.000000000,0.000000000,0.000000000,0.000000000,0.000000000,0.000000000,0.046423594,-0.009837374,-0.023829460,-0.000907905,-0.001652651,-0.023803095,0.046916449,-0.009359137,0.004542393,0.006594957,-0.001473047,-0.024195386
2.549742699,-0.004409790,0.047361374,-0.017066002,-0.004794121,0.010545731,0.036240578,0.004699707,0.132143021,-0.097354889,-0.042297363,-0.071002960,-0.010574341,-0.004409790,0.047361374,-0.017066002,-0.005177498,0.010545731,0.036240578,0.000008901,-0.143212408,-0.571713448,-0.122926690,0.070616879,0.000091972,0.004928589,-0.143741608,-0.575616837,-0.135149002,0.049774170,0.018585205,0.000008901,-0.143212408,-0.571713448,-0.122926690,0.070616879,0.000091972,0.000000000,0.000000000,0.000000000,0.000000000,0.000000000,0.000000000,0.000000000,0.000000000,0.000000000,0.000000000,0.000000000,0.000000000,0.000000000,0.000000000,0.000000000,0.000000000,0.000000000,0.000000000,0.004919687,-0.000529200,-0.003903389,-0.012222312,-0.020842709,0.018493233,0.005412543,-0.000050962,0.024468464,-0.004719450,-0.020663105,0.018100942
2.559718847,-0.004409790,0.047361374,-0.016681671,-0.005177498,0.010545731,0.035857201,0.067810059,0.039978027,-0.106754303,-0.030212402,0.012588501,-0.048843384,-0.004794121,0.047361374,-0.016681671,-0.004794121,0.010545731,0.036240578,0.000008902,-0.147307247,-0.567834139,-0.121692270,0.069839187,0.000089904,0.001815796,-0.114440918,-0.589624405,-0.129442215,0.074983597,-0.036530495,0.000008902,-0.147307247,-0.567834139,-0.121692270,0.069839187,0.000089904,0.000000000,0.000000000,0.000000000,0.000000000,0.000000000,0.000000000,0.000000000,0.000000000,0.000000000,0.000000000,0.000000000,0.000000000,0.000000000,0.000000000,0.000000000,0.000000000,0.000000000,0.000000000,0.001806894,0.032866329,-0.021790266,-0.007749945,0.005144410,-0.036620398,0.002299750,0.033344566,0.006581587,-0.000247082,0.005324013,-0.037012689
2.569720984,-0.004794121,0.047361374,-0.017066002,-0.005177498,0.010545731,0.036240578,-0.058410645,-0.080873489,-0.124210358,-0.042297363,-0.035751343,-0.028701782,-0.004409790,0.047361374,-0.016681671,-0.004794121,0.010545731,0.036240578,0.000008902,-0.147307247,-0.567834139,-0.121692270,0.069839187,0.000089904,-0.018417358,-0.152896881,-0.609857559,-0.100389481,0.073274612,0.023712158,0.000008902,-0.147307247,-0.567834139,-0.121692270,0.069839187,0.000089904,0.000000000,0.000000000,0.000000000,0.000000000,0.000000000,0.000000000,0.000000000,0.000000000,0.000000000,0.000000000,0.000000000,0.000000000,0.000000000,0.000000000,0.000000000,0.000000000,0.000000000,0.000000000,-0.018426260,-0.005589634,-0.042023420,0.021302789,0.003435425,0.023622255,-0.017933404,-0.005111397,-0.013651567,0.028805652,0.003615029,0.023229964
2.579720020,-0.004794121,0.047361374,-0.016681671,-0.004794121,0.010545731,0.036240578,0.070495605,-0.076601028,0.101379395,-0.044982910,0.013595581,-0.017623901,-0.004409790,0.047361374,-0.017066002,-0.005177498,0.010545731,0.035857201,0.000008901,-0.143213391,-0.571712494,-0.122925662,0.070616879,0.000093006,-0.003890991,-0.184024811,-0.595849991,-0.121660233,0.063447952,-0.002777100,0.000008901,-0.143213391,-0.571712494,-0.122925662,0.070616879,0.000093006,0.000000000,0.000000000,0.000000000,0.000000000,0.000000000,0.000000000,0.000000000,0.000000000,0.000000000,0.000000000,0.000000000,0.000000000,0.000000000,0.000000000,0.000000000,0.000000000,0.000000000,0.000000000,-0.003899893,-0.040811419,-0.024137497,0.001265429,-0.007168926,-0.002870105,-0.003407037,-0.040333182,0.004234356,0.008768292,-0.006989323,-0.003262396
2.589720726,-0.004409790,0.047361374,-0.016681671,-0.005177498,0.010545731,0.036240578,0.141662598,-0.113832474,0.128234863,-0.004699707,-0.005538940,0.019638062,-0.004794121,0.047361374,-0.016681671,-0.005177498,0.010545731,0.036240578,0.000008902,-0.146721616,-0.568388939,-0.122308724,0.070227556,0.000090937,-0.005966187,-0.138248444,-0.618158340,-0.133073807,0.071992874,0.004058838,0.000008902,-0.146721616,-0.568388939,-0.122308724,0.070227556,0.000090937,0.000000000,0.000000000,0.000000000,0.000000000,0.000000000,0.000000000,0.000000000,0.000000000,0.000000000,0.000000000,0.000000000,0.000000000,0.000000000,0.000000000,0.000000000,0.000000000,0.000000000,0.000000000,-0.005975088,0.008473173,-0.049769402,-0.010765083,0.001765318,0.003967901,-0.005482232,0.008951410,-0.021397548,-0.003262221,0.001944922,0.003575610
2.599684238,-0.004794121,0.047361374,-0.016681671,-0.005177498,0.010930061,0.035857201,-0.083923340,-0.050966263,-0.087955475,-0.020812988,0.037765503,-0.003524780,-0.004409790,0.047361374,-0.016681671,-0.005177498,0.010545731,0.036240578,0.000008902,-0.146721616,-0.568388939,-0.122308724,0.070227556,0.000090937,0.000259399,-0.132755280,-0.582361221,-0.140336990,0.066865921,0.025421143,0.000008902,-0.146721616,-0.568388939,-0.122308724,0.070227556,0.000090937,0.000000000,0.000000000,0.000000000,0.000000000,0.000000000,0.000000000,0.000000000,0.000000000,0.000000000,0.000000000,0.000000000,0.000000000,0.000000000,0.000000000,0.000000000,0.000000000,0.000000000,0.000000000,0.000250498,0.013966337,-0.013972282,-0.018028267,-0.003361635,0.025330206,0.000743354,0.014444574,0.014399571,-0.010525404,-0.003182031,0.024937915
2.609684229,-0.004409790,0.047361374,-0.017066002,-0.004794121,0.010545731,0.036240578,0.034240723,-0.035095215,-0.137638092,-0.079895020,0.051864624,0.004531860,-0.004794121,0.047361374,-0.016681671,-0.005177498,0.010545731,0.036240578,0.000008902,-0.146721616,-0.568388939,-0.122308724,0.070227556,0.000090937,0.004928589,-0.147403717,-0.635278702,-0.114915848,0.083955765,-0.011322021,0.000008902,-0.146721616,-0.568388939,-0.122308724,0.070227556,0.000090937,0.000000000,0.000000000,0.000000000,0.000000000,0.000000000,0.000000000,0.000000000,0.000000000,0.000000000,0.000000000,0.000000000,0.000000000,0.000000000,0.000000000,0.000000000,0.000000000,0.000000000,0.000000000,0.004919687,-0.000682101,-0.066889763,0.007392876,0.013728209,-0.011412958,0.005412543,-0.000203863,-0.038517910,0.014895738,0.013907812,-0.011805249
2.619695187,-0.004794121,0.047361374,-0.016681671,-0.005177498,0.010545731,0.035857201,0.007385254,0.036315918,0.078552246,-0.090641022,-0.036758423,0.006546021,-0.004794121,0.047361374,-0.016681671,-0.005177498,0.010545731,0.036240578,0.000008902,-0.146721616,-0.568388939,-0.122308724,0.070227556,0.000090937,-0.005447388,-0.152896881,-0.599481583,-0.126848221,0.079683304,-0.000640869,0.000008902,-0.146721616,-0.568388939,-0.122308724,0.070227556,0.000090937,0.000000000,0.000000000,0.000000000,0.000000000,0.000000000,0.000000000,0.000000000,0.000000000,0.000000000,0.000000000,0.000000000,0.000000000,0.000000000,0.000000000,0.000000000,0.000000000,0.000000000,0.000000000,-0.005456289,-0.006175265,-0.031092644,-0.004539497,0.009455748,-0.000731806,-0.004963434,-0.005697027,-0.002720790,0.002963365,0.009635352,-0.001124097
2.629685879,-0.004409790,0.047361374,-0.016681671,-0.005177498,0.010545731,0.035857201,0.188663483,-0.036315918,0.059753418,0.053039551,-0.024673462,0.013595581,-0.004794121,0.047361374,-0.016681671,-0.004794121,0.010545731,0.035857201,0.000008902,-0.147308230,-0.567833185,-0.121691234,0.069839187,0.000090937,0.001296997,-0.121768951,-0.593774796,-0.118547440,0.077547073,0.008758545,0.000008902,-0.147308230,-0.567833185,-0.121691234,0.069839187,0.000090937,0.000000000,0.000000000,0.000000000,0.000000000,0.000000000,0.000000000,0.000000000,0.000000000,0.000000000,0.000000000,0.000000000,0.000000000,0.000000000,0.000000000,0.000000000,0.000000000,0.000000000,0.000000000,0.001288095,0.025539279,-0.025941610,0.003143795,0.007707886,0.008667608,0.001780951,0.026017516,0.002430243,0.010646657,0.007887490,0.008275317
2.639727116,-0.004794121,0.047361374,-0.016681671,-0.005177498,0.010545731,0.036240578,-0.011413574,-0.002746582,-0.053039551,-0.140323639,0.033737183,-0.029708862,-0.004794121,0.047361374,-0.016681671,-0.005177498,0.010545731,0.036240578,0.000008902,-0.146721616,-0.568388939,-0.122308724,0.070227556,0.000090937,0.009597778,-0.132755280,-0.605707169,-0.132555008,0.070711136,0.015594482,0.000008902,-0.146721616,-0.568388939,-0.122308724,0.070227556,0.000090937,0.000000000,0.000000000,0.000000000,0.000000000,0.000000000,0.000000000,0.000000000,0.000000000,0.000000000,0.000000000,0.000000000,0.000000000,0.000000000,0.000000000,0.000000000,0.000000000,0.000000000,0.000000000,0.009588877,0.013966337,-0.037318230,-0.010246284,0.000483580,0.015503546,0.010081732,0.014444574,-0.008946376,-0.002743422,0.000663184,0.015111255
2.649717808,-0.004409790,0.047361374,-0.016681671,-0.005177498,0.010545731,0.036240578,-0.121524811,0.047302246,0.022155762,-0.122867584,0.080062866,0.032730103,-0.004794121,0.047361374,-0.016681671,-0.005177498,0.010545731,0.036240578,0.000008902,-0.146721616,-0.568388939,-0.122308724,0.070227556,0.000090937,0.007003784,-0.180362701,-0.587030411,-0.125810623,0.073701859,-0.015594482,0.000008902,-0.146721616,-0.568388939,-0.122308724,0.070227556,0.000090937,0.000000000,0.000000000,0.000000000,0.000000000,0.000000000,0.000000000,0.000000000,0.000000000,0.000000000,0.000000000,0.000000000,0.000000000,0.000000000,0.000000000,0.000000000,0.000000000,0.000000000,0.000000000,0.006994883,-0.033641085,-0.018641472,-0.003501900,0.003474303,-0.015685419,0.007487738,-0.033162848,0.009730381,0.004000963,0.003653906,-0.016077710
2.659685135,-0.004409790,0.047361374,-0.016681671,-0.004794121,0.010545731,0.035857201,-0.014099121,-0.009460449,-0.079895020,-0.011413574,-0.007553101,0.021652222,-0.004409790,0.047361374,-0.016681671,-0.005177498,0.010545731,0.036240578,0.000008902,-0.146721616,-0.568388939,-0.122308724,0.070227556,0.000090937,-0.006484985,-0.156558990,-0.597925186,-0.137742996,0.061738968,0.000213623,0.000008902,-0.146721616,-0.568388939,-0.122308724,0.070227556,0.000090937,0.000000000,0.000000000,0.000000000,0.000000000,0.000000000,0.000000000,0.000000000,0.000000000,0.000000000,0.000000000,0.000000000,0.000000000,0.000000000,0.000000000,0.000000000,0.000000000,0.000000000,0.000000000,-0.006493887,-0.009837374,-0.029536247,-0.015434273,-0.008488588,0.000122686,-0.006001031,-0.009359137,-0.001164394,-0.007931410,-0.008308984,-0.000269605
2.669687510,-0.004794121,0.047361374,-0.017066002,-0.005177498,0.010545731,0.036240578,0.032897949,-0.060731888,0.034240723,-0.040954590,-0.013595581,-0.047836304,-0.004794121,0.047361374,-0.016681671,-0.005177498,0.010545731,0.036240578,0.000008902,-0.146721616,-0.568388939,-0.122308724,0.070227556,0.000090937,-0.015304565,-0.125431061,-0.580804825,-0.138780594,0.075410843,0.007904053,0.000008902,-0.146721616,-0.568388939,-0.122308724,0.070227556,0.000090937,0.000000000,0.000000000,0.000000000,0.000000000,0.000000000,0.000000000,0.000000000,0.000000000,0.000000000,0.000000000,0.000000000,0.000000000,0.000000000,0.000000000,0.000000000,0.000000000,0.000000000,0.000000000,-0.015313467,0.021290556,-0.012415886,-0.016471870,0.005183287,0.007813116,-0.014820611,0.021768793,0.015955967,-0.008969008,0.005362891,0.007420825
2.679718018,-0.004409790,0.047361374,-0.016681671,-0.005177498,0.010545731,0.035857201,0.050354004,0.019836426,-0.022155762,-0.038269043,-0.055892944,-0.056900024,-0.004794121,0.047361374,-0.017066002,-0.005177498,0.010545731,0.036240578,0.000008902,-0.143212408,-0.571713448,-0.122926690,0.070616879,0.000091972,0.003372192,-0.118106842,-0.587549210,-0.138261795,0.068147659,0.023284912,0.000008902,-0.143212408,-0.571713448,-0.122926690,0.070616879,0.000091972,0.000000000,0.000000000,0.000000000,0.000000000,0.000000000,0.000000000,0.000000000,0.000000000,0.000000000,0.000000000,0.000000000,0.000000000,0.000000000,0.000000000,0.000000000,0.000000000,0.000000000,0.000000000,0.003363291,0.025105566,-0.015835762,-0.015335105,-0.002469219,0.023192940,0.003856146,0.025583803,0.012536091,-0.007832243,-0.002289616,0.022800649
2.689684629,-0.004409790,0.047361374,-0.016681671,-0.005177498,0.010545731,0.036240578,-0.079895020,0.027770996,-0.153751373,0.050354004,-0.004531860,0.021652222,-0.004409790,0.047361374,-0.016681671,-0.005177498,0.010545731,0.035857201,0.000008902,-0.146722600,-0.568387985,-0.122307688,0.070227556,0.000091970,0.005447388,-0.119937897,-0.636835098,-0.107133865,0.066865921,0.015594482,0.000008902,-0.146722600,-0.568387985,-0.122307688,0.070227556,0.000091970,0.000000000,0.000000000,0.000000000,0.000000000,0.000000000,0.000000000,0.000000000,0.000000000,0.000000000,0.000000000,0.000000000,0.000000000,0.000000000,0.000000000,0.000000000,0.000000000,0.000000000,0.000000000,0.005438486,0.026784703,-0.068447113,0.015173823,-0.003361635,0.015502512,0.005931342,0.027262941,-0.040075260,0.022676685,-0.003182031,0.015110221
2.699685812,-0.004794121,0.047361374,-0.016681671,-0.004794121,0.010545731,0.036240578,-0.038269043,0.036315918,-0.043640137,-0.071838379,-0.035751343,0.012588501,-0.004794121,0.047361374,-0.016681671,-0.005177498,0.010545731,0.036240578,0.000008902,-0.146721616,-0.568388939,-0.122308724,0.070227556,0.000090937,-0.012710571,-0.171207428,-0.610895157,-0.123735428,0.070283890,0.007904053,0.000008902,-0.146721616,-0.568388939,-0.122308724,0.070227556,0.000090937,0.000000000,0.000000000,0.000000000,0.000000000,0.000000000,0.000000000,0.000000000,0.000000000,0.000000000,0.000000000,0.000000000,0.000000000,0.000000000,0.000000000,0.000000000,0.000000000,0.000000000,0.000000000,-0.012719473,-0.024485812,-0.042506218,-0.001426704,0.000056334,0.007813116,-0.012226617,-0.024007574,-0.014134365,0.006076158,0.000235937,0.007420825
2.709689617,-0.004794121,0.047361374,-0.016681671,-0.005177498,0.010545731,0.036240578,-0.046325684,-0.059511185,-0.082580566,0.010070801,-0.022659302,0.004531860,-0.004409790,0.047361374,-0.016681671,-0.004794121,0.010545731,0.036240578,0.000008902,-0.147307247,-0.567834139,-0.121692270,0.069839187,0.000089904,-0.010116577,-0.145572662,-0.606225967,-0.141893387,0.074556351,0.000640869,0.000008902,-0.147307247,-0.567834139,-0.121692270,0.069839187,0.000089904,0.000000000,0.000000000,0.000000000,0.000000000,0.000000000,0.000000000,0.000000000,0.000000000,0.000000000,0.000000000,0.000000000,0.000000000,0.000000000,0.000000000,0.000000000,0.000000000,0.000000000,0.000000000,-0.010125479,0.001734585,-0.038391829,-0.020201117,0.004717164,0.000550966,-0.009632623,0.002212822,-0.010019975,-0.012698254,0.004896767,0.000158675
2.719723225,-0.004794121,0.047361374,-0.016681671,-0.004794121,0.010545731,0.036240578,-0.031555176,-0.003967285,0.106750488,0.071838379,0.011581421,0.017623901,-0.004409790,0.047361374,-0.016681671,-0.005177498,0.010545731,0.035857201,0.000008902,-0.146722600,-0.568387985,-0.122307688,0.070227556,0.000091970,-0.012191772,-0.094299316,-0.594293594,-0.136186600,0.069002151,0.009185791,0.000008902,-0.146722600,-0.568387985,-0.122307688,0.070227556,0.000091970,0.000000000,0.000000000,0.000000000,0.000000000,0.000000000,0.000000000,0.000000000,0.000000000,0.000000000,0.000000000,0.000000000,0.000000000,0.000000000,0.000000000,0.000000000,0.000000000,0.000000000,0.000000000,-0.012200674,0.052423283,-0.025905609,-0.013878912,-0.001225404,0.009093821,-0.011707818,0.052901521,0.002466244,-0.006376049,-0.001045801,0.008701530
2.729685783,-0.004794121,0.047361374,-0.016681671,-0.005177498,0.010545731,0.035857201,-0.073181152,-0.017395020,0.141662598,-0.069152832,-0.019638062,-0.044815063,-0.004409790,0.047361374,-0.016681671,-0.004794121,0.010545731,0.035857201,0.000008902,-0.147308230,-0.567833185,-0.121691234,0.069839187,0.000090937,0.007522583,-0.163883209,-0.586511612,-0.136705399,0.071992874,-0.003204346,0.000008902,-0.147308230,-0.567833185,-0.121691234,0.069839187,0.000090937,0.000000000,0.000000000,0.000000000,0.000000000,0.000000000,0.000000000,0.000000000,0.000000000,0.000000000,0.000000000,0.000000000,0.000000000,0.000000000,0.000000000,0.000000000,0.000000000,0.000000000,0.000000000,0.007513681,-0.016574979,-0.018678427,-0.015014164,0.002153687,-0.003295283,0.008006537,-0.016096741,0.009693427,-0.007511302,0.002333291,-0.003687574
2.739721537,-0.004409790,0.047361374,-0.016681671,-0.005177498,0.010545731,0.036240578,-0.071838379,0.127870560,-0.223575592,0.124206543,0.050857544,0.008560181,-0.004409790,0.047361374,-0.016681671,-0.005177498,0.010545731,0.035857201,0.000008902,-0.146722600,-0.568387985,-0.122307688,0.070227556,0.000091970,-0.005447388,-0.141910553,-0.608819962,-0.132036209,0.074129105,-0.010040283,0.000008902,-0.146722600,-0.568387985,-0.122307688,0.070227556,0.000091970,0.000000000,0.000000000,0.000000000,0.000000000,0.000000000,0.000000000,0.000000000,0.000000000,0.000000000,0.000000000,0.000000000,0.000000000,0.000000000,0.000000000,0.000000000,0.000000000,0.000000000,0.000000000,-0.005456289,0.004812047,-0.040431976,-0.009728521,0.003901549,-0.010132253,-0.004963433,0.005290284,-0.012060123,-0.002225659,0.004081152,-0.010524544
2.749694347,-0.004409790,0.047361374,-0.017066002,-0.005177498,0.010545731,0.036240578,0.062438965,-0.083925247,-0.077209473,0.055725098,-0.046829224,0.013595581,-0.004409790,0.047361374,-0.016681671,-0.005177498,0.010545731,0.035857201,0.000008902,-0.146722600,-0.568387985,-0.122307688,0.070227556,0.000091970,0.002334595,-0.165714264,-0.603631973,-0.131517410,0.073274612,-0.017730713,0.000008902,-0.146722600,-0.568387985,-0.122307688,0.070227556,0.000091970,0.000000000,0.000000000,0.000000000,0.000000000,0.000000000,0.000000000,0.000000000,0.000000000,0.000000000,0.000000000,0.000000000,0.000000000,0.000000000,0.000000000,0.000000000,0.000000000,0.000000000,0.000000000,0.002325693,-0.018991664,-0.035243988,-0.009209722,0.003047056,-0.017822683,0.002818549,-0.018513427,-0.006872135,-0.001706860,0.003226660,-0.018214974
2.759699583,-0.004794121,0.047361374,-0.016681671,-0.004794121,0.010545731,0.035857201,-0.112125397,-0.000915527,0.105407715,0.112121582,-0.046829224,-0.063949585,-0.004409790,0.047361374,-0.016681671,-0.005177498,0.010545731,0.036240578,0.000008902,-0.146721616,-0.568388939,-0.122308724,0.070227556,0.000090937,-0.005447388,-0.162052155,-0.571466446,-0.113359451,0.082246780,0.027130127,0.000008902,-0.146721616,-0.568388939,-0.122308724,0.070227556,0.000090937,0.000000000,0.000000000,0.000000000,0.000000000,0.000000000,0.000000000,0.000000000,0.000000000,0.000000000,0.000000000,0.000000000,0.000000000,0.000000000,0.000000000,0.000000000,0.000000000,0.000000000,0.000000000,-0.005456289,-0.015330538,-0.003077507,0.008949272,0.012019224,0.027039190,-0.004963433,-0.014852301,0.025294346,0.016452135,0.012198828,0.026646899
2.769720554,-0.004794121,0.047361374,-0.017066002,-0.004794121,0.010545731,0.035857201,-0.134952545,-0.111391068,0.112121582,0.171203613,-0.021652222,0.008560181,-0.004794121,0.047361374,-0.017066002,-0.004794121,0.010545731,0.036240578,0.000008902,-0.143798023,-0.571158648,-0.122310258,0.070228517,0.000090939,-0.005447388,-0.138248444,-0.644617081,-0.147600174,0.070283890,0.006195068,0.000008902,-0.143798023,-0.571158648,-0.122310258,0.070228517,0.000090939,0.000000000,0.000000000,0.000000000,0.000000000,0.000000000,0.000000000,0.000000000,0.000000000,0.000000000,0.000000000,0.000000000,0.000000000,0.000000000,0.000000000,0.000000000,0.000000000,0.000000000,0.000000000,-0.005456289,0.005549580,-0.073458433,-0.025289916,0.000055373,0.006104129,-0.004963434,0.006027817,-0.045086580,-0.017787053,0.000234976,0.005711838
2.779688358,-0.004409790,0.047361374,-0.016681671,-0.004794121,0.010545731,0.036240578,0.014099121,-0.074769974,0.016784668,-0.090641022,-0.030715942,0.061935425,-0.004794121,0.047361374,-0.017066002,-0.005177498,0.010545731,0.035857201,0.000008902,-0.143213391,-0.571712494,-0.122925662,0.070616879,0.000093006,-0.003890991,-0.136417389,-0.622827530,-0.138780594,0.074983597,-0.045502663,0.000008902,-0.143213391,-0.571712494,-0.122925662,0.070616879,0.000093006,0.000000000,0.000000000,0.000000000,0.000000000,0.000000000,0.000000000,0.000000000,0.000000000,0.000000000,0.000000000,0.000000000,0.000000000,0.000000000,0.000000000,0.000000000,0.000000000,0.000000000,0.000000000,-0.003899893,0.006796002,-0.051115036,-0.015854932,0.004366718,-0.045595668,-0.003407037,0.007274240,-0.022743183,-0.008352070,0.004546322,-0.045987959
2.789705753,-0.004794121,0.047361374,-0.016681671,-0.005177498,0.010930061,0.036240578,-0.069152832,-0.002136230,-0.279972076,-0.100040436,0.055892944,0.045822144,-0.004794121,0.047361374,-0.016681671,-0.005177498,0.010930061,0.035857201,0.000008902,-0.146352738,-0.568738401,-0.122697018,0.070227258,0.000091969,0.004928589,-0.182193756,-0.581842422,-0.129961014,0.067720413,0.004058838,0.000008902,-0.146352738,-0.568738401,-0.122697018,0.070227258,0.000091969,0.000000000,0.000000000,0.000000000,0.000000000,0.000000000,0.000000000,0.000000000,0.000000000,0.000000000,0.000000000,0.000000000,0.000000000,0.000000000,0.000000000,0.000000000,0.000000000,0.000000000,0.000000000,0.004919687,-0.035841018,-0.013104022,-0.007263996,-0.002506845,0.003966869,0.005412543,-0.035362781,0.015267832,0.000238867,-0.002327241,0.003574578
2.799696445,-0.004794121,0.047361374,-0.016681671,-0.004794121,0.010545731,0.036240578,0.002014160,-0.012512207,-0.055725098,0.073181152,-0.006546021,0.047836304,-0.004794121,0.047361374,-0.016681671,-0.005177498,0.010545731,0.036240578,0.000008902,-0.146721616,-0.568388939,-0.122308724,0.070227556,0.000090937,0.015304565,-0.140079498,-0.594812393,-0.125810623,0.063875198,-0.013458252,0.000008902,-0.146721616,-0.568388939,-0.122308724,0.070227556,0.000090937,0.000000000,0.000000000,0.000000000,0.000000000,0.000000000,0.000000000,0.000000000,0.000000000,0.000000000,0.000000000,0.000000000,0.000000000,0.000000000,0.000000000,0.000000000,0.000000000,0.000000000,0.000000000,0.015295664,0.006642118,-0.026423454,-0.003501900,-0.006352358,-0.013549189,0.015788519,0.007120356,0.001948399,0.004000963,-0.006172754,-0.013941480
2.809688091,-0.004409790,0.047361374,-0.016681671,-0.004794121,0.010930061,0.036240578,0.081237793,-0.060731888,-0.105411530,0.100036621,0.056900024,0.011581421,-0.004794121,0.047361374,-0.017066002,-0.005177498,0.010545731,0.036240578,0.000008902,-0.143212408,-0.571713448,-0.122926690,0.070616879,0.000091972,-0.009597778,-0.163883209,-0.615045547,-0.133073807,0.073274612,-0.002777100,0.000008902,-0.143212408,-0.571713448,-0.122926690,0.070616879,0.000091972,0.000000000,0.000000000,0.000000000,0.000000000,0.000000000,0.000000000,0.000000000,0.000000000,0.000000000,0.000000000,0.000000000,0.000000000,0.000000000,0.000000000,0.000000000,0.000000000,0.000000000,0.000000000,-0.009606680,-0.020670801,-0.043332100,-0.010147117,0.002657734,-0.002869072,-0.009113824,-0.020192564,-0.014960247,-0.002644255,0.002837337,-0.003261363
2.819723845,-0.004794121,0.047361374,-0.016681671,-0.004794121,0.010545731,0.035857201,0.159118652,0.019836426,-0.032897949,0.046325684,-0.008560181,-0.009567261,-0.004794121,0.047361374,-0.016681671,-0.005177498,0.010545731,0.035857201,0.000008902,-0.146722600,-0.568387985,-0.122307688,0.070227556,0.000091970,-0.000259399,-0.125431061,-0.581323624,-0.138780594,0.071565628,-0.021575928,0.000008902,-0.146722600,-0.568387985,-0.122307688,0.070227556,0.000091970,0.000000000,0.000000000,0.000000000,0.000000000,0.000000000,0.000000000,0.000000000,0.000000000,0.000000000,0.000000000,0.000000000,0.000000000,0.000000000,0.000000000,0.000000000,0.000000000,0.000000000,0.000000000,-0.000268301,0.021291539,-0.012935638,-0.016472906,0.001338072,-0.021667898,0.000224555,0.021769776,0.015436215,-0.008970043,0.001517676,-0.022060189
2.829740524,-0.004794121,0.047361374,-0.016681671,-0.004794121,0.010930061,0.035857201,-0.040954590,-0.048524857,0.012756348,0.070495605,0.077041626,0.035751343,-0.004794121,0.047361374,-0.016681671,-0.005177498,0.010545731,0.036240578,0.000008902,-0.146721616,-0.568388939,-0.122308724,0.070227556,0.000090937,0.004409790,-0.123600006,-0.591699600,-0.150712967,0.072847366,0.003204346,0.000008902,-0.146721616,-0.568388939,-0.122308724,0.070227556,0.000090937,0.000000000,0.000000000,0.000000000,0.000000000,0.000000000,0.000000000,0.000000000,0.000000000,0.000000000,0.000000000,0.000000000,0.000000000,0.000000000,0.000000000,0.000000000,0.000000000,0.000000000,0.000000000,0.004400888,0.023121610,-0.023310661,-0.028404243,0.002619810,0.003113409,0.004893744,0.023599848,0.005061192,-0.020901381,0.002799414,0.002721118
2.839702606,-0.004409790,0.047361374,-0.016681671,-0.005177498,0.010545731,0.036240578,-0.008728027,-0.005187988,0.003356934,0.043640137,0.013595581,0.009567261,-0.004409790,0.047361374,-0.016681671,-0.004794121,0.010930061,0.035857201,0.000008902,-0.146938354,-0.568183601,-0.122080579,0.069838889,0.000090936,-0.008041382,-0.174869537,-0.605188370,-0.097795486,0.062593460,0.006195068,0.000008902,-0.146938354,-0.568183601,-0.122080579,0.069838889,0.000090936,0.000000000,0.000000000,0.000000000,0.000000000,0.000000000,0.000000000,0.000000000,0.000000000,0.000000000,0.000000000,0.000000000,0.000000000,0.000000000,0.000000000,0.000000000,0.000000000,0.000000000,0.000000000,-0.008050283,-0.027931184,-0.037004769,0.024285093,-0.007245429,0.006104132,-0.007557428,-0.027452946,-0.008632916,0.031787955,-0.007065825,0.005711841
2.849687099,-0.004794121,0.047361374,-0.017066002,-0.005177498,0.010545731,0.035857201,0.023498535,0.079652786,-0.094669342,-0.057067871,-0.044815063,-0.073017120,-0.004794121,0.047361374,-0.016681671,-0.005177498,0.010545731,0.036240578,0.000008902,-0.146721616,-0.568388939,-0.122308724,0.070227556,0.000090937,-0.011154175,-0.151065826,-0.611413956,-0.121660233,0.066438675,0.023284912,0.000008902,-0.146721616,-0.568388939,-0.122308724,0.070227556,0.000090937,0.000000000,0.000000000,0.000000000,0.000000000,0.000000000,0.000000000,0.000000000,0.000000000,0.000000000,0.000000000,0.000000000,0.000000000,0.000000000,0.000000000,0.000000000,0.000000000,0.000000000,0.000000000,-0.011163076,-0.004344210,-0.043025017,0.000648491,-0.003788881,0.023193975,-0.010670221,-0.003865973,-0.014653163,0.008151354,-0.003609277,0.022801684
2.859720469,-0.004794121,0.047361374,-0.016681671,-0.004794121,0.010545731,0.036240578,0.020812988,-0.120546341,0.050354004,0.109436035,0.020645142,-0.051864624,-0.004794121,0.047361374,-0.016681671,-0.005177498,0.010545731,0.035857201,0.000008902,-0.146722600,-0.568387985,-0.122307688,0.070227556,0.000091970,-0.015823364,-0.129093170,-0.591180801,-0.127367020,0.074129105,-0.002349854,0.000008902,-0.146722600,-0.568387985,-0.122307688,0.070227556,0.000091970,0.000000000,0.000000000,0.000000000,0.000000000,0.000000000,0.000000000,0.000000000,0.000000000,0.000000000,0.000000000,0.000000000,0.000000000,0.000000000,0.000000000,0.000000000,0.000000000,0.000000000,0.000000000,-0.015832266,0.017629430,-0.022792816,-0.005059332,0.003901549,-0.002441823,-0.015339410,0.018107667,0.005579037,0.002443531,0.004081152,-0.002834115
2.869691133,-0.004409790,0.047361374,-0.016681671,-0.005177498,0.010545731,0.036240578,0.012756348,-0.014953613,-0.097354889,-0.050354004,0.012588501,-0.022659302,-0.004409790,0.047361374,-0.016681671,-0.004794121,0.010545731,0.036240578,0.000008902,-0.147307247,-0.567834139,-0.121692270,0.069839187,0.000089904,0.019454956,-0.151065826,-0.602594376,-0.126329422,0.075410843,-0.017730713,0.000008902,-0.147307247,-0.567834139,-0.121692270,0.069839187,0.000089904,0.000000000,0.000000000,0.000000000,0.000000000,0.000000000,0.000000000,0.000000000,0.000000000,0.000000000,0.000000000,0.000000000,0.000000000,0.000000000,0.000000000,0.000000000,0.000000000,0.000000000,0.000000000,0.019446055,-0.003758579,-0.034760237,-0.004637152,0.005571656,-0.017820616,0.019938910,-0.003280342,-0.006388383,0.002865711,0.005751260,-0.018212908
2.879732132,-0.004794121,0.047361374,-0.016681671,-0.004794121,0.010545731,0.036240578,-0.015441895,0.052795410,-0.010070801,0.152404785,0.013595581,-0.007553101,-0.004409790,0.047361374,-0.017066002,-0.005177498,0.010545731,0.036240578,0.000008901,-0.143212408,-0.571713448,-0.122926690,0.070616879,0.000091972,0.005966187,-0.114440918,-0.592737198,-0.131517410,0.066865921,-0.008758545,0.000008901,-0.143212408,-0.571713448,-0.122926690,0.070616879,0.000091972,0.000000000,0.000000000,0.000000000,0.000000000,0.000000000,0.000000000,0.000000000,0.000000000,0.000000000,0.000000000,0.000000000,0.000000000,0.000000000,0.000000000,0.000000000,0.000000000,0.000000000,0.000000000,0.005957285,0.028771490,-0.021023750,-0.008590721,-0.003750958,-0.008850517,0.006450141,0.029249727,0.007348103,-0.001087858,-0.003571354,-0.009242808
2.889687300,-0.004794121,0.047361374,-0.017066002,-0.005177498,0.010545731,0.035857201,-0.036926270,0.009460449,-0.073181152,-0.028869629,0.031723022,-0.109272003,-0.004794121,0.047361374,-0.017066002,-0.005177498,0.010545731,0.036240578,0.000008902,-0.143212408,-0.571713448,-0.122926690,0.070616879,0.000091972,-0.007003784,-0.167545319,-0.592737198,-0.142412186,0.067720413,0.011749268,0.000008902,-0.143212408,-0.571713448,-0.122926690,0.070616879,0.000091972,0.000000000,0.000000000,0.000000000,0.000000000,0.000000000,0.000000000,0.000000000,0.000000000,0.000000000,0.000000000,0.000000000,0.000000000,0.000000000,0.000000000,0.000000000,0.000000000,0.000000000,0.000000000,-0.007012686,-0.024332911,-0.021023750,-0.019485496,-0.002896465,0.011657295,-0.006519830,-0.023854673,0.007348103,-0.011982633,-0.002716862,0.011265004
2.899720430,-0.004409790,0.047361374,-0.016681671,-0.005177498,0.010545731,0.036240578,-0.085266113,-0.010070801,-0.058410645,-0.015441895,0.031723022,-0.006546021,-0.004794121,0.047361374,-0.016681671,-0.005177498,0.010545731,0.036240578,0.000008902,-0.146721616,-0.568388939,-0.122308724,0.070227556,0.000090937,-0.008560181,-0.134586334,-0.604150772,-0.148637772,0.067293167,-0.004058838,0.000008902,-0.146721616,-0.568388939,-0.122308724,0.070227556,0.000090937,0.000000000,0.000000000,0.000000000,0.000000000,0.000000000,0.000000000,0.000000000,0.000000000,0.000000000,0.000000000,0.000000000,0.000000000,0.000000000,0.000000000,0.000000000,0.000000000,0.000000000,0.000000000,-0.008569082,0.012135282,-0.035761833,-0.026329048,-0.002934389,-0.004149775,-0.008076227,0.012613520,-0.007389980,-0.018826185,-0.002754785,-0.004542066
2.909693480,-0.004409790,0.047361374,-0.016681671,-0.005177498,0.010545731,0.035857201,0.002014160,-0.180971146,-0.019470215,-0.065124512,0.020645142,-0.029708862,-0.004794121,0.047744751,-0.016681671,-0.004794121,0.010545731,0.035857201,0.000008902,-0.149847776,-0.571149468,-0.122307688,0.070227556,0.000091970,-0.008041382,-0.165714264,-0.591180801,-0.147081375,0.080965042,-0.020721436,0.000008902,-0.149847776,-0.571149468,-0.122307688,0.070227556,0.000091970,0.000000000,0.000000000,0.000000000,0.000000000,0.000000000,0.000000000,0.000000000,0.000000000,0.000000000,0.000000000,0.000000000,0.000000000,0.000000000,0.000000000,0.000000000,0.000000000,0.000000000,0.000000000,-0.008050284,-0.015866488,-0.020031333,-0.024773687,0.010737486,-0.020813405,-0.007557428,-0.015388251,0.008340520,-0.017270825,0.010917090,-0.021205697
2.919706106,-0.004794121,0.047361374,-0.017066002,-0.004794121,0.010545731,0.036240578,-0.054382324,-0.021057129,-0.078552246,-0.050354004,0.007553101,-0.013595581,-0.004794121,0.047361374,-0.016681671,-0.005177498,0.010545731,0.035857201,0.000008902,-0.146722600,-0.568387985,-0.122307688,0.070227556,0.000091970,-0.000778198,-0.127262115,-0.646173477,-0.116472244,0.077547073,-0.001922607,0.000008902,-0.146722600,-0.568387985,-0.122307688,0.070227556,0.000091970,0.000000000,0.000000000,0.000000000,0.000000000,0.000000000,0.000000000,0.000000000,0.000000000,0.000000000,0.000000000,0.000000000,0.000000000,0.000000000,0.000000000,0.000000000,0.000000000,0.000000000,0.000000000,-0.000787100,0.019460484,-0.077785492,0.005835444,0.007319517,-0.002014577,-0.000294244,0.019938722,-0.049413639,0.013338306,0.007499121,-0.002406868
2.929628372,-0.004409790,0.047361374,-0.017066002,-0.005177498,0.010930061,0.035857201,0.152404785,0.107118607,-0.020812988,0.054382324,0.024673462,-0.026687622,-0.004794121,0.047744751,-0.016681671,-0.005177498,0.010545731,0.036240578,0.000008902,-0.149261177,-0.571705163,-0.122925155,0.070615910,0.000091970,0.010635376,-0.130924225,-0.598962784,-0.154344559,0.073274612,-0.000213623,0.000008902,-0.149261177,-0.571705163,-0.122925155,0.070615910,0.000091970,0.000000000,0.000000000,0.000000000,0.000000000,0.000000000,0.000000000,0.000000000,0.000000000,0.000000000,0.000000000,0.000000000,0.000000000,0.000000000,0.000000000,0.000000000,0.000000000,0.000000000,0.000000000,0.010626474,0.018336952,-0.027257621,-0.031419404,0.002658702,-0.000305593,0.011119330,0.018815189,0.001114232,-0.023916541,0.002838306,-0.000697884
2.939719677,-0.004794121,0.047361374,-0.016681671,-0.004794121,0.010545731,0.035857201,0.046325684,-0.030822754,-0.043640137,0.042297363,0.008560181,0.032730103,-0.004794121,0.047361374,-0.016681671,-0.005177498,0.010545731,0.036240578,0.000008902,-0.146721616,-0.568388939,-0.122308724,0.070227556,0.000090937,-0.000778198,-0.136417389,-0.600519180,-0.151231766,0.075838089,0.003204346,0.000008902,-0.146721616,-0.568388939,-0.122308724,0.070227556,0.000090937,0.000000000,0.000000000,0.000000000,0.000000000,0.000000000,0.000000000,0.000000000,0.000000000,0.000000000,0.000000000,0.000000000,0.000000000,0.000000000,0.000000000,0.000000000,0.000000000,0.000000000,0.000000000,-0.000787100,0.010304227,-0.032130241,-0.028923042,0.005610533,0.003113409,-0.000294244,0.010782465,-0.003758388,-0.021420180,0.005790137,0.002721118
2.949644566,-0.004409790,0.047361374,-0.016681671,-0.005177498,0.010545731,0.035857201,0.006042480,-0.002136230,0.141662598,0.079895020,-0.001510620,-0.007553101,-0.004409790,0.047361374,-0.016681671,-0.005177498,0.010545731,0.035857201,0.000008902,-0.146722600,-0.568387985,-0.122307688,0.070227556,0.000091970,0.002334595,-0.132755280,-0.590662003,-0.149675369,0.064729691,0.047637939,0.000008902,-0.146722600,-0.568387985,-0.122307688,0.070227556,0.000091970,0.000000000,0.000000000,0.000000000,0.000000000,0.000000000,0.000000000,0.000000000,0.000000000,0.000000000,0.000000000,0.000000000,0.000000000,0.000000000,0.000000000,0.000000000,0.000000000,0.000000000,0.000000000,0.002325693,0.013967320,-0.022274017,-0.027367681,-0.005497865,0.047545970,0.002818549,0.014445558,0.006097836,-0.019864819,-0.005318262,0.047153678
2.959753513,-0.004794121,0.047361374,-0.016681671,-0.005177498,0.010545731,0.036240578,-0.179264069,0.019226074,0.066467285,0.082580566,-0.036758423,0.055892944,-0.004409790,0.047361374,-0.016681671,-0.005177498,0.010545731,0.035857201,0.000008902,-0.146722600,-0.568387985,-0.122307688,0.070227556,0.000091970,0.005966187,-0.156558990,-0.600519180,-0.145524979,0.068574905,0.002777100,0.000008902,-0.146722600,-0.568387985,-0.122307688,0.070227556,0.000091970,0.000000000,0.000000000,0.000000000,0.000000000,0.000000000,0.000000000,0.000000000,0.000000000,0.000000000,0.000000000,0.000000000,0.000000000,0.000000000,0.000000000,0.000000000,0.000000000,0.000000000,0.000000000,0.005957285,-0.009836391,-0.032131195,-0.023217291,-0.001652651,0.002685130,0.006450141,-0.009358153,-0.003759342,-0.015714428,-0.001473047,0.002292839
2.969690323,-0.004409790,0.047361374,-0.016681671,-0.004794121,0.010545731,0.035857201,-0.061096191,0.079042435,0.063781738,0.019470215,-0.062942505,-0.009567261,-0.004409790,0.047361374,-0.016681671,-0.004794121,0.010545731,0.036240578,0.000008902,-0.147307247,-0.567834139,-0.121692270,0.069839187,0.000089904,0.006484985,-0.149234772,-0.625421524,-0.125810623,0.069002151,-0.001922607,0.000008902,-0.147307247,-0.567834139,-0.121692270,0.069839187,0.000089904,0.000000000,0.000000000,0.000000000,0.000000000,0.000000000,0.000000000,0.000000000,0.000000000,0.000000000,0.000000000,0.000000000,0.000000000,0.000000000,0.000000000,0.000000000,0.000000000,0.000000000,0.000000000,0.006476084,-0.001927525,-0.057587385,-0.004118353,-0.000837035,-0.002012511,0.006968940,-0.001449287,-0.029215532,0.003384509,-0.000657432,-0.002404802
2.979696989,-0.004794121,0.047361374,-0.016681671,-0.005177498,0.010545731,0.036240578,-0.066467285,-0.027770996,0.026184082,-0.020812988,-0.037765503,-0.002517700,-0.004409790,0.047361374,-0.016681671,-0.004794121,0.010545731,0.036240578,0.000008902,-0.147307247,-0.567834139,-0.121692270,0.069839187,0.000089904,0.005966187,-0.149234772,-0.589105606,-0.147081375,0.071992874,-0.017303467,0.000008902,-0.147307247,-0.567834139,-0.121692270,0.069839187,0.000089904,0.000000000,0.000000000,0.000000000,0.000000000,0.000000000,0.000000000,0.000000000,0.000000000,0.000000000,0.000000000,0.000000000,0.000000000,0.000000000,0.000000000,0.000000000,0.000000000,0.000000000,0.000000000,0.005957285,-0.001927525,-0.021271467,-0.025389105,0.002153687,-0.017393370,0.006450141,-0.001449287,0.007100386,-0.017886243,0.002333291,-0.017785661
2.989707470,-0.004409790,0.047361374,-0.016681671,-0.005177498,0.010545731,0.036240578,0.108093262,-0.033264160,0.016784668,-0.089298248,0.011581421,0.039779663,-0.004409790,0.047361374,-0.016681671,-0.005177498,0.010545731,0.036240578,0.000008902,-0.146721616,-0.568388939,-0.122308724,0.070227556,0.000090937,-0.002853394,-0.130924225,-0.591699600,-0.122697830,0.083101273,0.019012451,0.000008902,-0.146721616,-0.568388939,-0.122308724,0.070227556,0.000090937,0.000000000,0.000000000,0.000000000,0.000000000,0.000000000,0.000000000,0.000000000,0.000000000,0.000000000,0.000000000,0.000000000,0.000000000,0.000000000,0.000000000,0.000000000,0.000000000,0.000000000,0.000000000,-0.002862295,0.015797392,-0.023310661,-0.000389107,0.012873717,0.018921514,-0.002369439,0.016275629,0.005061192,0.007113756,0.013053320,0.018529223
2.999722958,-0.004794121,0.047361374,-0.016681671,-0.005177498,0.010545731,0.036240578,-0.071838379,0.087587357,-0.024841309,-0.031555176,-0.027694702,0.045822144,-0.004409790,0.047361374,-0.016681671,-0.005177498,0.010545731,0.035857201,0.000008902,-0.146722600,-0.568387985,-0.122307688,0.070227556,0.000091970,0.029312134,-0.105285645,-0.595849991,-0.150712967,0.073701859,0.011749268,0.000008902,-0.146722600,-0.568387985,-0.122307688,0.070227556,0.000091970,0.000000000,0.000000000,0.000000000,0.000000000,0.000000000,0.000000000,0.000000000,0.000000000,0.000000000,0.000000000,0.000000000,0.000000000,0.000000000,0.000000000,0.000000000,0.000000000,0.000000000,0.000000000,0.029303232,0.041436955,-0.027462006,-0.028405279,0.003474303,0.011657298,0.029796088,0.041915193,0.000909848,-0.020902416,0.003653906,0.011265007
3.009732723,-0.004409790,0.047361374,-0.016681671,-0.004794121,0.010545731,0.036240578,0.023498535,-0.043031693,0.006042480,0.000671387,0.006546021,0.020645142,-0.004794121,0.047361374,-0.016681671,-0.005177498,0.010930061,0.035857201,0.000008902,-0.146352738,-0.568738401,-0.122697018,0.070227258,0.000091969,0.007003784,-0.118106842,-0.558494568,-0.105577469,0.063020706,0.007476807,0.000008902,-0.146352738,-0.568738401,-0.122697018,0.070227258,0.000091969,0.000000000,0.000000000,0.000000000,0.000000000,0.000000000,0.000000000,0.000000000,0.000000000,0.000000000,0.000000000,0.000000000,0.000000000,0.000000000,0.000000000,0.000000000,0.000000000,0.000000000,0.000000000,0.006994883,0.028245896,0.010243833,0.017119549,-0.007206552,0.007384837,0.007487738,0.028724134,0.038615686,0.024622412,-0.007026948,0.006992546
3.019690275,-0.004794121,0.047361374,-0.016681671,-0.004794121,0.010545731,0.036240578,-0.047668457,-0.061342239,-0.054382324,0.047668457,-0.022659302,-0.013595581,-0.004794121,0.047361374,-0.016681671,-0.005177498,0.010545731,0.036240578,0.000008902,-0.146721616,-0.568388939,-0.122308724,0.070227556,0.000090937,0.000778198,-0.162052155,-0.603113174,-0.082750320,0.060029984,-0.021575928,0.000008902,-0.146721616,-0.568388939,-0.122308724,0.070227556,0.000090937,0.000000000,0.000000000,0.000000000,0.000000000,0.000000000,0.000000000,0.000000000,0.000000000,0.000000000,0.000000000,0.000000000,0.000000000,0.000000000,0.000000000,0.000000000,0.000000000,0.000000000,0.000000000,0.000769297,-0.015330538,-0.034724236,0.039558403,-0.010197572,-0.021666864,0.001262152,-0.014852301,-0.006352382,0.047061266,-0.010017969,-0.022059156
3.029688120,-0.004409790,0.047361374,-0.016681671,-0.005177498,0.010545731,0.036240578,0.003356934,0.126039505,-0.098697662,0.003356934,-0.059921265,-0.019638062,-0.004794121,0.047361374,-0.017066002,-0.005177498,0.010545731,0.036240578,0.000008902,-0.143212408,-0.571713448,-0.122926690,0.070616879,0.000091972,0.000259399,-0.149234772,-0.592737198,-0.143968582,0.064302444,-0.000640869,0.000008902,-0.143212408,-0.571713448,-0.122926690,0.070616879,0.000091972,0.000000000,0.000000000,0.000000000,0.000000000,0.000000000,0.000000000,0.000000000,0.000000000,0.000000000,0.000000000,0.000000000,0.000000000,0.000000000,0.000000000,0.000000000,0.000000000,0.000000000,0.000000000,0.000250498,-0.006022364,-0.021023750,-0.021041892,-0.006314434,-0.000732842,0.000743354,-0.005544126,0.007348103,-0.013539030,-0.006134830,-0.001125133
3.039691925,-0.004794121,0.047361374,-0.016681671,-0.005177498,0.010545731,0.036240578,0.089294434,0.079652786,0.032897949,-0.030212402,0.014602661,-0.027694702,-0.004794121,0.047361374,-0.016681671,-0.005177498,0.010545731,0.036240578,0.000008902,-0.146721616,-0.568388939,-0.122308724,0.070227556,0.000090937,0.024642944,-0.143741608,-0.586511612,-0.134111404,0.065156937,-0.004058838,0.000008902,-0.146721616,-0.568388939,-0.122308724,0.070227556,0.000090937,0.000000000,0.000000000,0.000000000,0.000000000,0.000000000,0.000000000,0.000000000,0.000000000,0.000000000,0.000000000,0.000000000,0.000000000,0.000000000,0.000000000,0.000000000,0.000000000,0.000000000,0.000000000,0.024634043,0.002980009,-0.018122673,-0.011802681,-0.005070619,-0.004149775,0.025126898,0.003458246,0.010249180,-0.004299818,-0.004891016,-0.004542066
3.049685955,-0.004409790,0.047361374,-0.017066002,-0.005177498,0.010545731,0.036240578,0.004699707,-0.014343262,-0.130924225,0.090637207,0.063949585,-0.038772583,-0.004409790,0.047361374,-0.016681671,-0.005177498,0.010545731,0.035857201,0.000008902,-0.146722600,-0.568387985,-0.122307688,0.070227556,0.000091970,-0.009078979,-0.130924225,-0.604150772,-0.156419754,0.071138382,-0.000213623,0.000008902,-0.146722600,-0.568387985,-0.122307688,0.070227556,0.000091970,0.000000000,0.000000000,0.000000000,0.000000000,0.000000000,0.000000000,0.000000000,0.000000000,0.000000000,0.000000000,0.000000000,0.000000000,0.000000000,0.000000000,0.000000000,0.000000000,0.000000000,0.000000000,-0.009087881,0.015798375,-0.035762787,-0.034112066,0.000910826,-0.000305593,-0.008595025,0.016276612,-0.007390934,-0.026609203,0.001090430,-0.000697884
3.059685230,-0.004794121,0.047361374,-0.017066002,-0.005177498,0.010545731,0.036240578,0.012756348,-0.035095215,0.097351074,-0.012756348,0.002517700,0.035751343,-0.004409790,0.047361374,-0.017066002,-0.005177498,0.010545731,0.036240578,0.000008901,-0.143212408,-0.571713448,-0.122926690,0.070616879,0.000091972,-0.002853394,-0.141910553,-0.618158340,-0.132555008,0.076692581,-0.013458252,0.000008901,-0.143212408,-0.571713448,-0.122926690,0.070616879,0.000091972,0.000000000,0.000000000,0.000000000,0.000000000,0.000000000,0.000000000,0.000000000,0.000000000,0.000000000,0.000000000,0.000000000,0.000000000,0.000000000,0.000000000,0.000000000,0.000000000,0.000000000,0.000000000,-0.002862295,0.001301855,-0.046444893,-0.009628318,0.006075703,-0.013550224,-0.002369439,0.001780092,-0.018073040,-0.002125456,0.006255306,-0.013942515
3.069721937,-0.004794121,0.047361374,-0.016681671,-0.005177498,0.010545731,0.036240578,-0.008728027,0.080263138,-0.075866699,0.015441895,0.004531860,0.019638062,-0.004409790,0.047361374,-0.016681671,-0.005177498,0.010545731,0.035857201,0.000008902,-0.146722600,-0.568387985,-0.122307688,0.070227556,0.000091970,-0.009078979,-0.138248444,-0.604150772,-0.138261795,0.073274612,-0.000213623,0.000008902,-0.146722600,-0.568387985,-0.122307688,0.070227556,0.000091970,0.000000000,0.000000000,0.000000000,0.000000000,0.000000000,0.000000000,0.000000000,0.000000000,0.000000000,0.000000000,0.000000000,0.000000000,0.000000000,0.000000000,0.000000000,0.000000000,0.000000000,0.000000000,-0.009087881,0.008474156,-0.035762787,-0.015954107,0.003047056,-0.000305593,-0.008595025,0.008952394,-0.007390934,-0.008451245,0.003226660,-0.000697884
3.079689503,-0.004794121,0.047361374,-0.016681671,-0.004794121,0.010545731,0.035857201,-0.059753418,0.018615723,0.053039551,0.063781738,-0.024673462,-0.008560181,-0.004409790,0.047361374,-0.016681671,-0.005177498,0.010545731,0.036240578,0.000008902,-0.146721616,-0.568388939,-0.122308724,0.070227556,0.000090937,-0.001815796,-0.171207428,-0.634759903,-0.116991043,0.072847366,-0.007476807,0.000008902,-0.146721616,-0.568388939,-0.122308724,0.070227556,0.000090937,0.000000000,0.000000000,0.000000000,0.000000000,0.000000000,0.000000000,0.000000000,0.000000000,0.000000000,0.000000000,0.000000000,0.000000000,0.000000000,0.000000000,0.000000000,0.000000000,0.000000000,0.000000000,-0.001824697,-0.024485812,-0.066370964,0.005317681,0.002619810,-0.007567743,-0.001331842,-0.024007574,-0.037999111,0.012820543,0.002799414,-0.007960034
3.089689016,-0.004794121,0.047361374,-0.016681671,-0.005177498,0.010545731,0.036240578,0.117492676,0.030212402,0.006042480,-0.116153717,-0.019638062,-0.030715942,-0.004794121,0.047361374,-0.016681671,-0.005177498,0.010545731,0.036240578,0.000008902,-0.146721616,-0.568388939,-0.122308724,0.070227556,0.000090937,-0.015823364,-0.105285645,-0.599481583,-0.120622635,0.071138382,-0.052765846,0.000008902,-0.146721616,-0.568388939,-0.122308724,0.070227556,0.000090937,0.000000000,0.000000000,0.000000000,0.000000000,0.000000000,0.000000000,0.000000000,0.000000000,0.000000000,0.000000000,0.000000000,0.000000000,0.000000000,0.000000000,0.000000000,0.000000000,0.000000000,0.000000000,-0.015832266,0.041435972,-0.031092644,0.001686089,0.000910826,-0.052856783,-0.015339410,0.041914209,-0.002720790,0.009188951,0.001090430,-0.053249074
3.099672556,-0.004794121,0.047361374,-0.016681671,-0.004794121,0.010545731,0.036240578,0.011413574,-0.136415482,-0.167179108,0.063781738,-0.019638062,0.000503540,-0.004409790,0.047361374,-0.016681671,-0.005177498,0.010545731,0.036240578,0.000008902,-0.146721616,-0.568388939,-0.122308724,0.070227556,0.000090937,-0.000778198,-0.154727936,-0.569391251,-0.136186600,0.079256058,0.017730713,0.000008902,-0.146721616,-0.568388939,-0.122308724,0.070227556,0.000090937,0.000000000,0.000000000,0.000000000,0.000000000,0.000000000,0.000000000,0.000000000,0.000000000,0.000000000,0.000000000,0.000000000,0.000000000,0.000000000,0.000000000,0.000000000,0.000000000,0.000000000,0.000000000,-0.000787100,-0.008006319,-0.001002312,-0.013877876,0.009028502,0.017639776,-0.000294244,-0.007528082,0.027369542,-0.006375014,0.009208105,0.017247485
3.109709978,-0.004794121,0.047361374,-0.016681671,-0.005177498,0.010545731,0.035857201,-0.098697662,-0.177309036,-0.081237793,-0.066467285,-0.002517700,-0.041793823,-0.004409790,0.047361374,-0.016681671,-0.004794121,0.010545731,0.036240578,0.000008902,-0.147307247,-0.567834139,-0.121692270,0.069839187,0.000089904,0.002334595,-0.160221100,-0.598443985,-0.106096268,0.073701859,-0.006195068,0.000008902,-0.147307247,-0.567834139,-0.121692270,0.069839187,0.000089904,0.000000000,0.000000000,0.000000000,0.000000000,0.000000000,0.000000000,0.000000000,0.000000000,0.000000000,0.000000000,0.000000000,0.000000000,0.000000000,0.000000000,0.000000000,0.000000000,0.000000000,0.000000000,0.002325693,-0.012913853,-0.030609846,0.015596002,0.003862672,-0.006284972,0.002818549,-0.012435616,-0.002237993,0.023098865,0.004042275,-0.006677263
3.119718552,-0.004409790,0.047361374,-0.016681671,-0.004794121,0.010545731,0.036240578,0.038269043,0.003967285,0.102722168,0.024841309,-0.027694702,0.008560181,-0.004409790,0.047361374,-0.016681671,-0.005177498,0.010545731,0.036240578,0.000008902,-0.146721616,-0.568388939,-0.122308724,0.070227556,0.000090937,-0.003372192,-0.156558990,-0.629053116,-0.128404617,0.067293167,-0.011322021,0.000008902,-0.146721616,-0.568388939,-0.122308724,0.070227556,0.000090937,0.000000000,0.000000000,0.000000000,0.000000000,0.000000000,0.000000000,0.000000000,0.000000000,0.000000000,0.000000000,0.000000000,0.000000000,0.000000000,0.000000000,0.000000000,0.000000000,0.000000000,0.000000000,-0.003381094,-0.009837374,-0.060664177,-0.006095894,-0.002934389,-0.011412958,-0.002888238,-0.009359137,-0.032292324,0.001406969,-0.002754785,-0.011805249
3.129691124,-0.004409790,0.047361374,-0.016681671,-0.005177498,0.010930061,0.036240578,0.023498535,-0.112001419,-0.129581451,-0.003356934,0.029708862,0.022659302,-0.004409790,0.047361374,-0.017066002,-0.005177498,0.010545731,0.036240578,0.000008901,-0.143212408,-0.571713448,-0.122926690,0.070616879,0.000091972,0.025680542,-0.162052155,-0.591699600,-0.134630203,0.063875198,-0.004913330,0.000008901,-0.143212408,-0.571713448,-0.122926690,0.070616879,0.000091972,0.000000000,0.000000000,0.000000000,0.000000000,0.000000000,0.000000000,0.000000000,0.000000000,0.000000000,0.000000000,0.000000000,0.000000000,0.000000000,0.000000000,0.000000000,0.000000000,0.000000000,0.000000000,0.025671641,-0.018839747,-0.019986153,-0.011703514,-0.006741680,-0.005005303,0.026164496,-0.018361509,0.008385701,-0.004200651,-0.006562077,-0.005397594
3.139724016,-0.004409790,0.047361374,-0.016681671,-0.004794121,0.010545731,0.035857201,0.010070801,-0.045473099,-0.010070801,-0.129581451,-0.031723022,-0.031723022,-0.004409790,0.047361374,-0.016681671,-0.005177498,0.010545731,0.036240578,0.000008902,-0.146721616,-0.568388939,-0.122308724,0.070227556,0.000090937,-0.005966187,-0.129093170,-0.589105606,-0.140855789,0.067293167,-0.000213623,0.000008902,-0.146721616,-0.568388939,-0.122308724,0.070227556,0.000090937,0.000000000,0.000000000,0.000000000,0.000000000,0.000000000,0.000000000,0.000000000,0.000000000,0.000000000,0.000000000,0.000000000,0.000000000,0.000000000,0.000000000,0.000000000,0.000000000,0.000000000,0.000000000,-0.005975088,0.017628446,-0.020716667,-0.018547066,-0.002934389,-0.000304560,-0.005482232,0.018106684,0.007655186,-0.011044203,-0.002754785,-0.000696851
3.149724722,-0.004409790,0.047361374,-0.016681671,-0.005177498,0.010545731,0.036240578,0.043640137,0.025329590,0.125549316,-0.152408600,0.011581421,0.010574341,-0.004409790,0.047744751,-0.016681671,-0.004794121,0.010545731,0.036240578,0.000008902,-0.149846792,-0.571150422,-0.122308724,0.070227556,0.000090937,0.001296997,-0.147403717,-0.595849991,-0.115434647,0.074983597,0.004058838,0.000008902,-0.149846792,-0.571150422,-0.122308724,0.070227556,0.000090937,0.000000000,0.000000000,0.000000000,0.000000000,0.000000000,0.000000000,0.000000000,0.000000000,0.000000000,0.000000000,0.000000000,0.000000000,0.000000000,0.000000000,0.000000000,0.000000000,0.000000000,0.000000000,0.001288096,0.002443075,-0.024699569,0.006874077,0.004756041,0.003967901,0.001780951,0.002921313,0.003672285,0.014376940,0.004935644,0.003575610
3.159666061,-0.004409790,0.047361374,-0.016681671,-0.005177498,0.010545731,0.035857201,-0.020812988,-0.035705566,-0.053039551,-0.237003326,0.041793823,-0.083087921,-0.004409790,0.047361374,-0.016681671,-0.005177498,0.010930061,0.036240578,0.000008902,-0.146351755,-0.568739355,-0.122698054,0.070227258,0.000090936,0.009078979,-0.151065826,-0.610895157,-0.137224197,0.074129105,-0.017303467,0.000008902,-0.146351755,-0.568739355,-0.122698054,0.070227258,0.000090936,0.000000000,0.000000000,0.000000000,0.000000000,0.000000000,0.000000000,0.000000000,0.000000000,0.000000000,0.000000000,0.000000000,0.000000000,0.000000000,0.000000000,0.000000000,0.000000000,0.000000000,0.000000000,0.009070078,-0.004714072,-0.042155802,-0.014526144,0.003901847,-0.017394403,0.009562934,-0.004235834,-0.013783949,-0.007023281,0.004081450,-0.017786694
3.169763803,-0.004409790,0.047361374,-0.016681671,-0.004794121,0.010545731,0.035857201,-0.006042480,-0.012512207,0.063781738,-0.010070801,-0.054885864,0.002517700,-0.004409790,0.047361374,-0.016681671,-0.005177498,0.010545731,0.036240578,0.000008902,-0.146721616,-0.568388939,-0.122308724,0.070227556,0.000090937,0.007003784,-0.167545319,-0.595331192,-0.156419754,0.077547073,-0.001922607,0.000008902,-0.146721616,-0.568388939,-0.122308724,0.070227556,0.000090937,0.000000000,0.000000000,0.000000000,0.000000000,0.000000000,0.000000000,0.000000000,0.000000000,0.000000000,0.000000000,0.000000000,0.000000000,0.000000000,0.000000000,0.000000000,0.000000000,0.000000000,0.000000000,0.006994883,-0.020823702,-0.026942253,-0.034111030,0.007319517,-0.002013544,0.007487738,-0.020345465,0.001429600,-0.026608168,0.007499121,-0.002405835
3.179697752,-0.004409790,0.047361374,-0.016681671,-0.004794121,0.010545731,0.036240578,0.063781738,0.087587357,-0.004699707,-0.012756348,0.015609741,0.042800903,-0.004409790,0.047361374,-0.016681671,-0.005177498,0.010545731,0.036240578,0.000008902,-0.146721616,-0.568388939,-0.122308724,0.070227556,0.000090937,-0.010116577,-0.145572662,-0.609338760,-0.091051102,0.068574905,-0.019012451,0.000008902,-0.146721616,-0.568388939,-0.122308724,0.070227556,0.000090937,0.000000000,0.000000000,0.000000000,0.000000000,0.000000000,0.000000000,0.000000000,0.000000000,0.000000000,0.000000000,0.000000000,0.000000000,0.000000000,0.000000000,0.000000000,0.000000000,0.000000000,0.000000000,-0.010125479,0.001148954,-0.040949821,0.031257622,-0.001652651,-0.019103388,-0.009632623,0.001627191,-0.012577968,0.038760484,-0.001473047,-0.019495679
3.189723492,-0.004409790,0.047361374,-0.016681671,-0.004794121,0.010545731,0.035857201,0.004699707,0.061340332,0.128234863,0.012756348,0.006546021,-0.021652222,-0.004409790,0.047361374,-0.016681671,-0.005177498,0.010545731,0.035857201,0.000008902,-0.146722600,-0.568387985,-0.122307688,0.070227556,0.000091970,0.000778198,-0.151065826,-0.602594376,-0.139299393,0.065156937,-0.002777100,0.000008902,-0.146722600,-0.568387985,-0.122307688,0.070227556,0.000091970,0.000000000,0.000000000,0.000000000,0.000000000,0.000000000,0.000000000,0.000000000,0.000000000,0.000000000,0.000000000,0.000000000,0.000000000,0.000000000,0.000000000,0.000000000,0.000000000,0.000000000,0.000000000,0.000769297,-0.004343227,-0.034206390,-0.016991705,-0.005070619,-0.002869070,0.001262152,-0.003864989,-0.005834537,-0.009488842,-0.004891016,-0.003261361
3.199854612,-0.004794121,0.047361374,-0.016681671,-0.005177498,0.010545731,0.036240578,-0.004699707,0.003967285,-0.083923340,-0.130924225,0.047836304,0.011581421,-0.004409790,0.047361374,-0.016681671,-0.004794121,0.010545731,0.036240578,0.000008902,-0.147307247,-0.567834139,-0.121692270,0.069839187,0.000089904,0.003890991,-0.182193756,-0.590662003,-0.133592606,0.066011429,0.007476807,0.000008902,-0.147307247,-0.567834139,-0.121692270,0.069839187,0.000089904,0.000000000,0.000000000,0.000000000,0.000000000,0.000000000,0.000000000,0.000000000,0.000000000,0.000000000,0.000000000,0.000000000,0.000000000,0.000000000,0.000000000,0.000000000,0.000000000,0.000000000,0.000000000,0.003882090,-0.034886509,-0.022827864,-0.011900336,-0.003827758,0.007386903,0.004374945,-0.034408272,0.005543990,-0.004397473,-0.003648155,0.006994612
3.209688902,-0.004794121,0.047361374,-0.016681671,-0.004794121,0.010545731,0.036240578,-0.023498535,0.004577637,0.018127441,0.006042480,-0.026687622,0.018630981,-0.004409790,0.047361374,-0.016681671,-0.004794121,0.010545731,0.035857201,0.000008902,-0.147308230,-0.567833185,-0.121691234,0.069839187,0.000090937,-0.007522583,-0.173038483,-0.590662003,-0.102983475,0.071565628,-0.023712158,0.000008902,-0.147308230,-0.567833185,-0.121691234,0.069839187,0.000090937,0.000000000,0.000000000,0.000000000,0.000000000,0.000000000,0.000000000,0.000000000,0.000000000,0.000000000,0.000000000,0.000000000,0.000000000,0.000000000,0.000000000,0.000000000,0.000000000,0.000000000,0.000000000,-0.007531485,-0.025730252,-0.022828817,0.018707760,0.001726441,-0.023803095,-0.007038629,-0.025252015,0.005543036,0.026210622,0.001906045,-0.024195386
3.219721317,-0.004409790,0.047361374,-0.016681671,-0.005177498,0.010545731,0.035857201,0.071838379,-0.004577637,-0.019470215,0.089294434,-0.020645142,0.029708862,-0.004409790,0.047361374,-0.016681671,-0.004794121,0.010545731,0.036240578,0.000008902,-0.147307247,-0.567834139,-0.121692270,0.069839187,0.000089904,-0.010116577,-0.140079498,-0.608819962,-0.118028641,0.063020706,0.032684326,0.000008902,-0.147307247,-0.567834139,-0.121692270,0.069839187,0.000089904,0.000000000,0.000000000,0.000000000,0.000000000,0.000000000,0.000000000,0.000000000,0.000000000,0.000000000,0.000000000,0.000000000,0.000000000,0.000000000,0.000000000,0.000000000,0.000000000,0.000000000,0.000000000,-0.010125479,0.007227749,-0.040985823,0.003663629,-0.006818481,0.032594423,-0.009632623,0.007705986,-0.012613969,0.011166492,-0.006638877,0.032202132
3.229693651,-0.004409790,0.047361374,-0.016681671,-0.004794121,0.010545731,0.036240578,0.126892090,-0.105287552,0.002014160,-0.122867584,-0.022659302,-0.023666382,-0.004794121,0.047361374,-0.017066002,-0.005177498,0.010545731,0.035857201,0.000008902,-0.143213391,-0.571712494,-0.122925662,0.070616879,0.000093006,0.013229370,-0.149234772,-0.624383926,-0.146043777,0.082246780,0.011322021,0.000008902,-0.143213391,-0.571712494,-0.122925662,0.070616879,0.000093006,0.000000000,0.000000000,0.000000000,0.000000000,0.000000000,0.000000000,0.000000000,0.000000000,0.000000000,0.000000000,0.000000000,0.000000000,0.000000000,0.000000000,0.000000000,0.000000000,0.000000000,0.000000000,0.013220469,-0.006021380,-0.052671432,-0.023118116,0.011629902,0.011229016,0.013713324,-0.005543143,-0.024299579,-0.015615253,0.011809505,0.010836725
3.239706516,-0.004409790,0.047361374,-0.016681671,-0.005177498,0.010545731,0.035857201,0.018127441,0.117494583,0.067810059,0.002014160,0.016616821,0.001510620,-0.004409790,0.047361374,-0.016681671,-0.005177498,0.010545731,0.036240578,0.000008902,-0.146721616,-0.568388939,-0.122308724,0.070227556,0.000090937,-0.000259399,-0.143741608,-0.597925186,-0.134111404,0.085664749,-0.007049561,0.000008902,-0.146721616,-0.568388939,-0.122308724,0.070227556,0.000090937,0.000000000,0.000000000,0.000000000,0.000000000,0.000000000,0.000000000,0.000000000,0.000000000,0.000000000,0.000000000,0.000000000,0.000000000,0.000000000,0.000000000,0.000000000,0.000000000,0.000000000,0.000000000,-0.000268301,0.002980009,-0.029536247,-0.011802681,0.015437193,-0.007140497,0.000224555,0.003458246,-0.001164394,-0.004299818,0.015616797,-0.007532788
3.249731779,-0.004409790,0.047361374,-0.016681671,-0.004794121,0.010545731,0.036240578,0.138977051,0.028991699,0.112121582,0.000671387,0.014602661,-0.017623901,-0.004794121,0.047361374,-0.016681671,-0.004794121,0.010545731,0.036240578,0.000008902,-0.147307247,-0.567834139,-0.121692270,0.069839187,0.000089904,-0.007003784,-0.180362701,-0.577173233,-0.148118973,0.072420120,-0.002349854,0.000008902,-0.147307247,-0.567834139,-0.121692270,0.069839187,0.000089904,0.000000000,0.000000000,0.000000000,0.000000000,0.000000000,0.000000000,0.000000000,0.000000000,0.000000000,0.000000000,0.000000000,0.000000000,0.000000000,0.000000000,0.000000000,0.000000000,0.000000000,0.000000000,-0.007012686,-0.033055454,-0.009339094,-0.026426703,0.002580933,-0.002439757,-0.006519830,-0.032577217,0.019032759,-0.018923840,0.002760537,-0.002832048
3.259701729,-0.004409790,0.047361374,-0.016681671,-0.005177498,0.010545731,0.036240578,-0.047668457,0.005187988,0.132263184,0.063781738,-0.018630981,0.054885864,-0.004794121,0.047361374,-0.017066002,-0.005177498,0.010545731,0.036240578,0.000008902,-0.143212408,-0.571713448,-0.122926690,0.070616879,0.000091972,0.007003784,-0.171207428,-0.582361221,-0.137224197,0.075410843,-0.035248756,0.000008902,-0.143212408,-0.571713448,-0.122926690,0.070616879,0.000091972,0.000000000,0.000000000,0.000000000,0.000000000,0.000000000,0.000000000,0.000000000,0.000000000,0.000000000,0.000000000,0.000000000,0.000000000,0.000000000,0.000000000,0.000000000,0.000000000,0.000000000,0.000000000,0.006994883,-0.027995020,-0.010647774,-0.014297508,0.004793964,-0.035340729,0.007487738,-0.027516783,0.017724080,-0.006794645,0.004973568,-0.035733020
3.269719124,-0.004794121,0.047361374,-0.016681671,-0.004794121,0.010545731,0.036240578,0.018127441,-0.059511185,-0.012756348,0.012756348,0.007553101,0.086105347,-0.004794121,0.047361374,-0.016681671,-0.005177498,0.010545731,0.036240578,0.000008902,-0.146721616,-0.568388939,-0.122308724,0.070227556,0.000090937,-0.016860962,-0.169376373,-0.573541641,-0.107652664,0.063447952,0.001922607,0.000008902,-0.146721616,-0.568388939,-0.122308724,0.070227556,0.000090937,0.000000000,0.000000000,0.000000000,0.000000000,0.000000000,0.000000000,0.000000000,0.000000000,0.000000000,0.000000000,0.000000000,0.000000000,0.000000000,0.000000000,0.000000000,0.000000000,0.000000000,0.000000000,-0.016869864,-0.022654757,-0.005152702,0.014656059,-0.006779604,0.001831671,-0.016377008,-0.022176519,0.023219151,0.022158922,-0.006600000,0.001439380
3.279719591,-0.004409790,0.047744751,-0.017066002,-0.005177498,0.010930061,0.036240578,0.008728027,0.072326660,-0.126895905,-0.020812988,0.052871704,-0.022659302,-0.004409790,0.047361374,-0.016681671,-0.005177498,0.010545731,0.036240578,0.000008902,-0.146721616,-0.568388939,-0.122308724,0.070227556,0.000090937,0.003372192,-0.189517975,-0.588586807,-0.140855789,0.067293167,-0.010040283,0.000008902,-0.146721616,-0.568388939,-0.122308724,0.070227556,0.000090937,0.000000000,0.000000000,0.000000000,0.000000000,0.000000000,0.000000000,0.000000000,0.000000000,0.000000000,0.000000000,0.000000000,0.000000000,0.000000000,0.000000000,0.000000000,0.000000000,0.000000000,0.000000000,0.003363291,-0.042796358,-0.020197868,-0.018547066,-0.002934389,-0.010131220,0.003856147,-0.042318121,0.008173985,-0.011044203,-0.002754785,-0.010523511
3.289705992,-0.004794121,0.047361374,-0.016681671,-0.005177498,0.010545731,0.036240578,-0.020812988,-0.025939941,-0.002014160,0.032897949,0.038772583,-0.015609741,-0.004409790,0.047361374,-0.016681671,-0.005177498,0.010545731,0.036240578,0.000008902,-0.146721616,-0.568388939,-0.122308724,0.070227556,0.000090937,0.002334595,-0.165714264,-0.563682556,-0.131517410,0.057466507,-0.036103249,0.000008902,-0.146721616,-0.568388939,-0.122308724,0.070227556,0.000090937,0.000000000,0.000000000,0.000000000,0.000000000,0.000000000,0.000000000,0.000000000,0.000000000,0.000000000,0.000000000,0.000000000,0.000000000,0.000000000,0.000000000,0.000000000,0.000000000,0.000000000,0.000000000,0.002325693,-0.018992648,0.004706383,-0.009208687,-0.012761049,-0.036194185,0.002818549,-0.018514410,0.033078236,-0.001705824,-0.012581445,-0.036586476
3.299686909,-0.004409790,0.047361374,-0.016681671,-0.005177498,0.010545731,0.035857201,0.101379395,0.042419434,-0.098697662,0.054382324,-0.018630981,0.011581421,-0.004409790,0.047361374,-0.017066002,-0.005177498,0.010545731,0.036240578,0.000008901,-0.143212408,-0.571713448,-0.122926690,0.070616879,0.000091972,-0.015823364,-0.114440918,-0.597406387,-0.133073807,0.069002151,0.007476807,0.000008901,-0.143212408,-0.571713448,-0.122926690,0.070616879,0.000091972,0.000000000,0.000000000,0.000000000,0.000000000,0.000000000,0.000000000,0.000000000,0.000000000,0.000000000,0.000000000,0.000000000,0.000000000,0.000000000,0.000000000,0.000000000,0.000000000,0.000000000,0.000000000,-0.015832266,0.028771490,-0.025692940,-0.010147117,-0.001614727,0.007384834,-0.015339410,0.029249727,0.002678914,-0.002644255,-0.001435123,0.006992543
3.309741735,-0.004409790,0.047361374,-0.016681671,-0.005177498,0.010545731,0.035857201,0.058410645,0.002746582,0.247745514,-0.136295319,-0.030715942,-0.019638062,-0.004409790,0.047361374,-0.016681671,-0.005177498,0.010545731,0.036240578,0.000008902,-0.146721616,-0.568388939,-0.122308724,0.070227556,0.000090937,-0.010635376,-0.162052155,-0.607782364,-0.104539871,0.057466507,-0.025421143,0.000008902,-0.146721616,-0.568388939,-0.122308724,0.070227556,0.000090937,0.000000000,0.000000000,0.000000000,0.000000000,0.000000000,0.000000000,0.000000000,0.000000000,0.000000000,0.000000000,0.000000000,0.000000000,0.000000000,0.000000000,0.000000000,0.000000000,0.000000000,0.000000000,-0.010644277,-0.015330538,-0.039393425,0.017768852,-0.012761049,-0.025512079,-0.010151422,-0.014852301,-0.011021572,0.025271715,-0.012581445,-0.025904370
3.319691420,-0.004794121,0.047361374,-0.016681671,-0.005177498,0.010545731,0.035857201,-0.087955475,0.048522949,0.016784668,-0.054382324,-0.039779663,0.015609741,-0.004794121,0.047361374,-0.016681671,-0.005177498,0.010545731,0.036240578,0.000008902,-0.146721616,-0.568388939,-0.122308724,0.070227556,0.000090937,-0.003890991,-0.127262115,-0.585474014,-0.150194168,0.055757523,0.013031006,0.000008902,-0.146721616,-0.568388939,-0.122308724,0.070227556,0.000090937,0.000000000,0.000000000,0.000000000,0.000000000,0.000000000,0.000000000,0.000000000,0.000000000,0.000000000,0.000000000,0.000000000,0.000000000,0.000000000,0.000000000,0.000000000,0.000000000,0.000000000,0.000000000,-0.003899893,0.019459501,-0.017085075,-0.027885444,-0.014470033,0.012940069,-0.003407037,0.019937738,0.011286778,-0.020382582,-0.014290430,0.012547778
3.329686642,-0.004409790,0.047361374,-0.016681671,-0.004794121,0.010930061,0.035857201,0.063781738,-0.057680130,-0.054382324,-0.003356934,0.064956665,-0.037765503,-0.004794121,0.047361374,-0.017066002,-0.005177498,0.010545731,0.035857201,0.000008902,-0.143213391,-0.571712494,-0.122925662,0.070616879,0.000093006,0.012710571,-0.147403717,-0.591180801,-0.102983475,0.075838089,0.027557373,0.000008902,-0.143213391,-0.571712494,-0.122925662,0.070616879,0.000093006,0.000000000,0.000000000,0.000000000,0.000000000,0.000000000,0.000000000,0.000000000,0.000000000,0.000000000,0.000000000,0.000000000,0.000000000,0.000000000,0.000000000,0.000000000,0.000000000,0.000000000,0.000000000,0.012701670,-0.004190326,-0.019468307,0.019942187,0.005221210,0.027464367,0.013194525,-0.003712088,0.008903546,0.027445049,0.005400814,0.027072076
3.339709997,-0.004409790,0.047361374,-0.016681671,-0.004794121,0.010545731,0.035857201,-0.046325684,0.055236816,0.102722168,0.082580566,-0.005538940,-0.000503540,-0.004794121,0.047361374,-0.016681671,-0.004794121,0.010545731,0.035857201,0.000008902,-0.147308230,-0.567833185,-0.121691234,0.069839187,0.000090937,0.008041382,-0.163883209,-0.589624405,-0.141893387,0.070711136,0.026275635,0.000008902,-0.147308230,-0.567833185,-0.121691234,0.069839187,0.000090937,0.000000000,0.000000000,0.000000000,0.000000000,0.000000000,0.000000000,0.000000000,0.000000000,0.000000000,0.000000000,0.000000000,0.000000000,0.000000000,0.000000000,0.000000000,0.000000000,0.000000000,0.000000000,0.008032480,-0.016574979,-0.021791220,-0.020202152,0.000871949,0.026184698,0.008525336,-0.016096741,0.006580634,-0.012699290,0.001051553,0.025792407
3.349694729,-0.004794121,0.047361374,-0.016681671,-0.005177498,0.010545731,0.035857201,-0.079895020,0.043029785,0.023498535,0.000671387,-0.016616821,0.024673462,-0.004794121,0.047361374,-0.016681671,-0.004794121,0.010545731,0.036240578,0.000008902,-0.147307247,-0.567834139,-0.121692270,0.069839187,0.000089904,-0.007003784,-0.174869537,-0.596368790,-0.096239090,0.071138382,0.003631592,0.000008902,-0.147307247,-0.567834139,-0.121692270,0.069839187,0.000089904,0.000000000,0.000000000,0.000000000,0.000000000,0.000000000,0.000000000,0.000000000,0.000000000,0.000000000,0.000000000,0.000000000,0.000000000,0.000000000,0.000000000,0.000000000,0.000000000,0.000000000,0.000000000,-0.007012686,-0.027562290,-0.028534651,0.025453180,0.001299195,0.003541688,-0.006519830,-0.027084053,-0.000162797,0.032956043,0.001478799,0.003149397
3.359685659,-0.004794121,0.047361374,-0.016681671,-0.005177498,0.010545731,0.036240578,0.020812988,0.030212402,-0.153751373,-0.049011230,-0.020645142,0.027694702,-0.004409790,0.047361374,-0.016681671,-0.005177498,0.010545731,0.036240578,0.000008902,-0.146721616,-0.568388939,-0.122308724,0.070227556,0.000090937,-0.010116577,-0.154727936,-0.619714737,-0.134111404,0.072847366,-0.013458252,0.000008902,-0.146721616,-0.568388939,-0.122308724,0.070227556,0.000090937,0.000000000,0.000000000,0.000000000,0.000000000,0.000000000,0.000000000,0.000000000,0.000000000,0.000000000,0.000000000,0.000000000,0.000000000,0.000000000,0.000000000,0.000000000,0.000000000,0.000000000,0.000000000,-0.010125479,-0.008006319,-0.051325798,-0.011802681,0.002619810,-0.013549189,-0.009632623,-0.007528082,-0.022953945,-0.004299818,0.002799414,-0.013941480
3.369723558,-0.004409790,0.047361374,-0.017066002,-0.004794121,0.010545731,0.036240578,0.023498535,-0.005798340,-0.067810059,0.105407715,0.003524780,-0.043807983,-0.004409790,0.047361374,-0.016681671,-0.004794121,0.010545731,0.035857201,0.000008902,-0.147308230,-0.567833185,-0.121691234,0.069839187,0.000090937,0.010635376,-0.160221100,-0.576654434,-0.149156570,0.073701859,0.003631592,0.000008902,-0.147308230,-0.567833185,-0.121691234,0.069839187,0.000090937,0.000000000,0.000000000,0.000000000,0.000000000,0.000000000,0.000000000,0.000000000,0.000000000,0.000000000,0.000000000,0.000000000,0.000000000,0.000000000,0.000000000,0.000000000,0.000000000,0.000000000,0.000000000,0.010626474,-0.012912869,-0.008821249,-0.027465336,0.003862672,0.003540655,0.011119330,-0.012434632,0.019550604,-0.019962473,0.004042275,0.003148364
3.379735231,-0.004794121,0.047361374,-0.016681671,-0.005177498,0.010545731,0.035857201,-0.050354004,0.017395020,0.049011230,-0.058410645,0.020645142,0.003524780,-0.004409790,0.047361374,-0.016681671,-0.004794121,0.010545731,0.035857201,0.000008902,-0.147308230,-0.567833185,-0.121691234,0.069839187,0.000090937,-0.001296997,-0.162052155,-0.620752335,-0.122179031,0.061738968,0.007476807,0.000008902,-0.147308230,-0.567833185,-0.121691234,0.069839187,0.000090937,0.000000000,0.000000000,0.000000000,0.000000000,0.000000000,0.000000000,0.000000000,0.000000000,0.000000000,0.000000000,0.000000000,0.000000000,0.000000000,0.000000000,0.000000000,0.000000000,0.000000000,0.000000000,-0.001305899,-0.014743924,-0.052919149,-0.000487797,-0.008100219,0.007385870,-0.000813043,-0.014265687,-0.024547296,0.007015066,-0.007920615,0.006993579
3.389688969,-0.004794121,0.047361374,-0.016681671,-0.004794121,0.010545731,0.035857201,-0.015441895,-0.120546341,0.036926270,0.121520996,-0.025680542,-0.043807983,-0.004409790,0.047361374,-0.016681671,-0.005177498,0.010545731,0.035857201,0.000008902,-0.146722600,-0.568387985,-0.122307688,0.070227556,0.000091970,0.003372192,-0.149234772,-0.619195938,-0.139299393,0.080110550,0.015594482,0.000008902,-0.146722600,-0.568387985,-0.122307688,0.070227556,0.000091970,0.000000000,0.000000000,0.000000000,0.000000000,0.000000000,0.000000000,0.000000000,0.000000000,0.000000000,0.000000000,0.000000000,0.000000000,0.000000000,0.000000000,0.000000000,0.000000000,0.000000000,0.000000000,0.003363291,-0.002512172,-0.050807953,-0.016991705,0.009882994,0.015502512,0.003856147,-0.002033934,-0.022436100,-0.009488842,0.010062598,0.015110221
3.399719715,-0.004409790,0.047744751,-0.016681671,-0.005177498,0.010545731,0.036240578,0.069152832,0.095521927,0.138977051,-0.073181152,0.003524780,0.004531860,-0.004409790,0.047361374,-0.016681671,-0.004794121,0.010545731,0.035857201,0.000008902,-0.147308230,-0.567833185,-0.121691234,0.069839187,0.000090937,-0.008560181,-0.118106842,-0.590662003,-0.145524979,0.083528519,0.019866943,0.000008902,-0.147308230,-0.567833185,-0.121691234,0.069839187,0.000090937,0.000000000,0.000000000,0.000000000,0.000000000,0.000000000,0.000000000,0.000000000,0.000000000,0.000000000,0.000000000,0.000000000,0.000000000,0.000000000,0.000000000,0.000000000,0.000000000,0.000000000,0.000000000,-0.008569082,0.029201388,-0.022828817,-0.023833744,0.013689332,0.019776007,-0.008076226,0.029679626,0.005543036,-0.016330882,0.013868935,0.019383716
3.409686804,-0.004794121,0.047361374,-0.016681671,-0.005177498,0.010545731,0.035857201,-0.066467285,-0.002746582,0.039611816,0.015441895,-0.028701782,-0.053878784,-0.004409790,0.047361374,-0.017066002,-0.004794121,0.010545731,0.035857201,0.000008901,-0.143799007,-0.571157694,-0.122309223,0.070228517,0.000091973,0.002853394,-0.149234772,-0.579248428,-0.143449783,0.076692581,-0.029694557,0.000008901,-0.143799007,-0.571157694,-0.122309223,0.070228517,0.000091973,0.000000000,0.000000000,0.000000000,0.000000000,0.000000000,0.000000000,0.000000000,0.000000000,0.000000000,0.000000000,0.000000000,0.000000000,0.000000000,0.000000000,0.000000000,0.000000000,0.000000000,0.000000000,0.002844492,-0.005435765,-0.008090734,-0.021140561,0.006464064,-0.029786530,0.003337348,-0.004957527,0.020281119,-0.013637698,0.006643668,-0.030178821
3.419685364,-0.004409790,0.047361374,-0.016681671,-0.005177498,0.010545731,0.036240578,0.058410645,-0.000915527,-0.128238678,-0.014099121,-0.010574341,0.035751343,-0.004409790,0.047361374,-0.016681671,-0.005177498,0.010545731,0.036240578,0.000008902,-0.146721616,-0.568388939,-0.122308724,0.070227556,0.000090937,-0.002853394,-0.189517975,-0.607782364,-0.128923416,0.058748245,0.022003174,0.000008902,-0.146721616,-0.568388939,-0.122308724,0.070227556,0.000090937,0.000000000,0.000000000,0.000000000,0.000000000,0.000000000,0.000000000,0.000000000,0.000000000,0.000000000,0.000000000,0.000000000,0.000000000,0.000000000,0.000000000,0.000000000,0.000000000,0.000000000,0.000000000,-0.002862295,-0.042796358,-0.039393425,-0.006614693,-0.011479311,0.021912237,-0.002369439,-0.042318121,-0.011021572,0.000888170,-0.011299707,0.021519946
3.429752827,-0.004794121,0.047361374,-0.017066002,-0.005177498,0.010545731,0.036240578,-0.188663483,0.015563965,-0.039611816,0.078552246,-0.042800903,0.059921265,-0.004794121,0.047361374,-0.017066002,-0.005177498,0.010545731,0.035857201,0.000008902,-0.143213391,-0.571712494,-0.122925662,0.070616879,0.000093006,0.010635376,-0.143741608,-0.600000381,-0.137224197,0.061738968,-0.006195068,0.000008902,-0.143213391,-0.571712494,-0.122925662,0.070616879,0.000093006,0.000000000,0.000000000,0.000000000,0.000000000,0.000000000,0.000000000,0.000000000,0.000000000,0.000000000,0.000000000,0.000000000,0.000000000,0.000000000,0.000000000,0.000000000,0.000000000,0.000000000,0.000000000,0.010626474,-0.000528216,-0.028287888,-0.014298536,-0.008877911,-0.006288074,0.011119330,-0.000049979,0.000083966,-0.006795673,-0.008698307,-0.006680365
3.439787149,-0.004409790,0.047361374,-0.016681671,-0.005177498,0.010545731,0.036240578,0.089294434,0.018005371,0.023498535,-0.094669342,-0.005538940,-0.031723022,-0.004794121,0.047361374,-0.016681671,-0.004794121,0.010545731,0.036240578,0.000008902,-0.147307247,-0.567834139,-0.121692270,0.069839187,0.000089904,0.013229370,-0.158390045,-0.596887589,-0.129961014,0.065156937,0.007904053,0.000008902,-0.147307247,-0.567834139,-0.121692270,0.069839187,0.000089904,0.000000000,0.000000000,0.000000000,0.000000000,0.000000000,0.000000000,0.000000000,0.000000000,0.000000000,0.000000000,0.000000000,0.000000000,0.000000000,0.000000000,0.000000000,0.000000000,0.000000000,0.000000000,0.013220468,-0.011082798,-0.029053450,-0.008268744,-0.004682250,0.007814149,0.013713324,-0.010604561,-0.000681596,-0.000765881,-0.004502647,0.007421858
3.449700832,-0.004409790,0.047361374,-0.016681671,-0.005177498,0.010545731,0.035857201,-0.113468170,-0.029602051,0.043640137,-0.089298248,0.053878784,0.000503540,-0.004409790,0.047361374,-0.016681671,-0.004794121,0.010545731,0.036240578,0.000008902,-0.147307247,-0.567834139,-0.121692270,0.069839187,0.000089904,-0.001815796,-0.145572662,-0.568872452,-0.102464676,0.063875198,0.004058838,0.000008902,-0.147307247,-0.567834139,-0.121692270,0.069839187,0.000089904,0.000000000,0.000000000,0.000000000,0.000000000,0.000000000,0.000000000,0.000000000,0.000000000,0.000000000,0.000000000,0.000000000,0.000000000,0.000000000,0.000000000,0.000000000,0.000000000,0.000000000,0.000000000,-0.001824697,0.001734585,-0.001038313,0.019227594,-0.005963989,0.003968934,-0.001331842,0.002212822,0.027333540,0.026730457,-0.005784385,0.003576643
3.459720612,-0.004794121,0.047361374,-0.016681671,-0.004794121,0.010545731,0.036240578,0.074523926,-0.068056107,0.094665527,-0.026184082,-0.091144562,-0.042800903,-0.004794121,0.047361374,-0.016681671,-0.004794121,0.010545731,0.036240578,0.000008902,-0.147307247,-0.567834139,-0.121692270,0.069839187,0.000089904,-0.003890991,-0.129093170,-0.595331192,-0.143449783,0.060884476,-0.032685280,0.000008902,-0.147307247,-0.567834139,-0.121692270,0.069839187,0.000089904,0.000000000,0.000000000,0.000000000,0.000000000,0.000000000,0.000000000,0.000000000,0.000000000,0.000000000,0.000000000,0.000000000,0.000000000,0.000000000,0.000000000,0.000000000,0.000000000,0.000000000,0.000000000,-0.003899893,0.018214077,-0.027497053,-0.021757513,-0.008954711,-0.032775183,-0.003407037,0.018692314,0.000874800,-0.014254651,-0.008775108,-0.033167474
3.469689131,-0.004409790,0.047361374,-0.016681671,-0.005177498,0.010545731,0.036240578,0.016784668,0.007019043,0.007385254,0.050354004,-0.009567261,-0.019638062,-0.004409790,0.047361374,-0.017066002,-0.005177498,0.010930061,0.036240578,0.000008901,-0.142842561,-0.572063804,-0.123316012,0.070616581,0.000091972,-0.007003784,-0.167545319,-0.606225967,-0.137224197,0.061738968,0.010894775,0.000008901,-0.142842561,-0.572063804,-0.123316012,0.070616581,0.000091972,0.000000000,0.000000000,0.000000000,0.000000000,0.000000000,0.000000000,0.000000000,0.000000000,0.000000000,0.000000000,0.000000000,0.000000000,0.000000000,0.000000000,0.000000000,0.000000000,0.000000000,0.000000000,-0.007012686,-0.024702758,-0.034162164,-0.013908185,-0.008877613,0.010802804,-0.006519830,-0.024224520,-0.005790310,-0.006405323,-0.008698009,0.010410513
3.479728460,-0.004794121,0.047361374,-0.016681671,-0.005177498,0.010545731,0.035857201,-0.087955475,0.140687943,0.106750488,0.085266113,0.031723022,-0.023666382,-0.004409790,0.047361374,-0.017066002,-0.005177498,0.010545731,0.036240578,0.000008901,-0.143212408,-0.571713448,-0.122926690,0.070616879,0.000091972,0.000259399,-0.127262115,-0.618158340,-0.116991043,0.085237503,-0.002349854,0.000008901,-0.143212408,-0.571713448,-0.122926690,0.070616879,0.000091972,0.000000000,0.000000000,0.000000000,0.000000000,0.000000000,0.000000000,0.000000000,0.000000000,0.000000000,0.000000000,0.000000000,0.000000000,0.000000000,0.000000000,0.000000000,0.000000000,0.000000000,0.000000000,0.000250498,0.015950292,-0.046444893,0.005935647,0.014620624,-0.002441826,0.000743354,0.016428530,-0.018073040,0.013438509,0.014800228,-0.002834117
3.489722013,-0.004409790,0.047361374,-0.016681671,-0.005177498,0.010545731,0.036240578,0.063781738,-0.085756302,-0.101383209,0.042297363,-0.031723022,0.003524780,-0.004409790,0.047361374,-0.016681671,-0.004794121,0.010545731,0.036240578,0.000008902,-0.147307247,-0.567834139,-0.121692270,0.069839187,0.000089904,-0.011154175,-0.189517975,-0.576654434,-0.144487381,0.063020706,0.013458252,0.000008902,-0.147307247,-0.567834139,-0.121692270,0.069839187,0.000089904,0.000000000,0.000000000,0.000000000,0.000000000,0.000000000,0.000000000,0.000000000,0.000000000,0.000000000,0.000000000,0.000000000,0.000000000,0.000000000,0.000000000,0.000000000,0.000000000,0.000000000,0.000000000,-0.011163076,-0.042210728,-0.008820295,-0.022795111,-0.006818481,0.013368348,-0.010670221,-0.041732491,0.019551558,-0.015292248,-0.006638877,0.012976057
3.499718904,-0.004794121,0.047361374,-0.016681671,-0.005177498,0.010545731,0.035857201,0.096008301,-0.035095215,-0.054382324,-0.010070801,-0.010574341,0.038772583,-0.004794121,0.047361374,-0.016681671,-0.004794121,0.010545731,0.036240578,0.000008902,-0.147307247,-0.567834139,-0.121692270,0.069839187,0.000089904,0.018936157,-0.143741608,-0.594812393,-0.142930984,0.064729691,0.010040283,0.000008902,-0.147307247,-0.567834139,-0.121692270,0.069839187,0.000089904,0.000000000,0.000000000,0.000000000,0.000000000,0.000000000,0.000000000,0.000000000,0.000000000,0.000000000,0.000000000,0.000000000,0.000000000,0.000000000,0.000000000,0.000000000,0.000000000,0.000000000,0.000000000,0.018927256,0.003565639,-0.026978254,-0.021238714,-0.005109496,0.009950380,0.019420111,0.004043877,0.001393599,-0.013735852,-0.004929893,0.009558089
3.509685040,-0.004409790,0.047361374,-0.016681671,-0.004794121,0.010545731,0.036240578,0.057067871,0.053405762,-0.083923340,0.109436035,0.006546021,0.087112427,-0.004794121,0.047361374,-0.016681671,-0.005177498,0.010545731,0.035857201,0.000008902,-0.146722600,-0.568387985,-0.122307688,0.070227556,0.000091970,0.026718140,-0.143741608,-0.583398819,-0.138261795,0.063447952,-0.014739990,0.000008902,-0.146722600,-0.568387985,-0.122307688,0.070227556,0.000091970,0.000000000,0.000000000,0.000000000,0.000000000,0.000000000,0.000000000,0.000000000,0.000000000,0.000000000,0.000000000,0.000000000,0.000000000,0.000000000,0.000000000,0.000000000,0.000000000,0.000000000,0.000000000,0.026709238,0.002980992,-0.015010834,-0.015954107,-0.006779604,-0.014831960,0.027202094,0.003459230,0.013361020,-0.008451245,-0.006600000,-0.015224251
3.519687176,-0.004409790,0.047361374,-0.017066002,-0.005177498,0.010545731,0.035857201,0.047668457,-0.020446777,-0.062438965,0.019470215,0.048843384,-0.016616821,-0.004409790,0.047361374,-0.016681671,-0.005177498,0.010930061,0.035857201,0.000008902,-0.146352738,-0.568738401,-0.122697018,0.070227258,0.000091969,-0.002853394,-0.136417389,-0.592737198,-0.113878250,0.082246780,0.014739990,0.000008902,-0.146352738,-0.568738401,-0.122697018,0.070227258,0.000091969,0.000000000,0.000000000,0.000000000,0.000000000,0.000000000,0.000000000,0.000000000,0.000000000,0.000000000,0.000000000,0.000000000,0.000000000,0.000000000,0.000000000,0.000000000,0.000000000,0.000000000,0.000000000,-0.002862295,0.009935349,-0.023998797,0.008818768,0.012019522,0.014648021,-0.002369439,0.010413587,0.004373056,0.016321631,0.012199126,0.014255730
3.529684782,-0.004794121,0.047361374,-0.016681671,-0.005177498,0.010545731,0.036240578,0.019470215,0.021057129,0.143005371,-0.038269043,0.001510620,-0.033737183,-0.004794121,0.047361374,-0.016681671,-0.004794121,0.010545731,0.035857201,0.000008902,-0.147308230,-0.567833185,-0.121691234,0.069839187,0.000090937,0.003372192,-0.141910553,-0.622308731,-0.133073807,0.064302444,0.002349854,0.000008902,-0.147308230,-0.567833185,-0.121691234,0.069839187,0.000090937,0.000000000,0.000000000,0.000000000,0.000000000,0.000000000,0.000000000,0.000000000,0.000000000,0.000000000,0.000000000,0.000000000,0.000000000,0.000000000,0.000000000,0.000000000,0.000000000,0.000000000,0.000000000,0.003363291,0.005397677,-0.054475546,-0.011382572,-0.005536743,0.002258917,0.003856146,0.005875915,-0.026103693,-0.003879710,-0.005357139,0.001866626
3.539686203,-0.004794121,0.047361374,-0.016681671,-0.005177498,0.010545731,0.035857201,-0.114810944,0.032653809,-0.039611816,0.022155762,-0.008560181,-0.053878784,-0.004794121,0.047361374,-0.017066002,-0.005177498,0.010545731,0.035857201,0.000008902,-0.143213391,-0.571712494,-0.122925662,0.070616879,0.000093006,-0.000259399,-0.123600006,-0.585992813,-0.128404617,0.067720413,-0.002777100,0.000008902,-0.143213391,-0.571712494,-0.122925662,0.070616879,0.000093006,0.000000000,0.000000000,0.000000000,0.000000000,0.000000000,0.000000000,0.000000000,0.000000000,0.000000000,0.000000000,0.000000000,0.000000000,0.000000000,0.000000000,0.000000000,0.000000000,0.000000000,0.000000000,-0.000268301,0.019613385,-0.014280319,-0.005478956,-0.002896465,-0.002870105,0.000224555,0.020091623,0.014091534,0.002023907,-0.002716862,-0.003262396
3.549687147,-0.004794121,0.047361374,-0.016681671,-0.005177498,0.010545731,0.035857201,0.032897949,0.066833496,0.215518951,-0.145694733,0.002517700,-0.006546021,-0.004409790,0.047361374,-0.016681671,-0.004794121,0.010545731,0.036240578,0.000008902,-0.147307247,-0.567834139,-0.121692270,0.069839187,0.000089904,-0.008560181,-0.140079498,-0.610376358,-0.103502274,0.075838089,0.031829834,0.000008902,-0.147307247,-0.567834139,-0.121692270,0.069839187,0.000089904,0.000000000,0.000000000,0.000000000,0.000000000,0.000000000,0.000000000,0.000000000,0.000000000,0.000000000,0.000000000,0.000000000,0.000000000,0.000000000,0.000000000,0.000000000,0.000000000,0.000000000,0.000000000,-0.008569082,0.007227749,-0.042542219,0.018189996,0.005998902,0.031739930,-0.008076226,0.007705986,-0.014170366,0.025692859,0.006178506,0.031347639
3.559685230,-0.004409790,0.047361374,-0.017066002,-0.005177498,0.010545731,0.035857201,0.091979980,-0.024108887,-0.114810944,-0.010070801,0.010574341,-0.034744263,-0.004409790,0.047361374,-0.016681671,-0.005177498,0.010545731,0.035857201,0.000008902,-0.146722600,-0.568387985,-0.122307688,0.070227556,0.000091970,0.003372192,-0.118106842,-0.587030411,-0.114915848,0.064729691,-0.008331299,0.000008902,-0.146722600,-0.568387985,-0.122307688,0.070227556,0.000091970,0.000000000,0.000000000,0.000000000,0.000000000,0.000000000,0.000000000,0.000000000,0.000000000,0.000000000,0.000000000,0.000000000,0.000000000,0.000000000,0.000000000,0.000000000,0.000000000,0.000000000,0.000000000,0.003363291,0.028615758,-0.018642426,0.007391840,-0.005497865,-0.008423269,0.003856147,0.029093995,0.009729428,0.014894703,-0.005318262,-0.008815560
3.569684744,-0.004409790,0.047361374,-0.016681671,-0.005177498,0.010545731,0.036240578,0.148376465,-0.124818802,0.116149902,0.143005371,-0.025680542,-0.050857544,-0.004409790,0.047361374,-0.016681671,-0.005177498,0.010545731,0.035857201,0.000008902,-0.146722600,-0.568387985,-0.122307688,0.070227556,0.000091970,0.008041382,-0.162052155,-0.622308731,-0.148118973,0.074129105,0.000640869,0.000008902,-0.146722600,-0.568387985,-0.122307688,0.070227556,0.000091970,0.000000000,0.000000000,0.000000000,0.000000000,0.000000000,0.000000000,0.000000000,0.000000000,0.000000000,0.000000000,0.000000000,0.000000000,0.000000000,0.000000000,0.000000000,0.000000000,0.000000000,0.000000000,0.008032480,-0.015329555,-0.053920746,-0.025811285,0.003901549,0.000548899,0.008525336,-0.014851317,-0.025548893,-0.018308422,0.004081152,0.000156608
3.579722881,-0.004794121,0.047361374,-0.016681671,-0.005177498,0.010545731,0.035857201,-0.087955475,0.018615723,0.097351074,0.022155762,0.006546021,0.026687622,-0.004409790,0.047361374,-0.017066002,-0.005177498,0.010545731,0.035857201,0.000008901,-0.143213391,-0.571712494,-0.122925662,0.070616879,0.000093006,0.004409790,-0.143741608,-0.628015518,-0.154344559,0.067720413,0.015167236,0.000008901,-0.143213391,-0.571712494,-0.122925662,0.070616879,0.000093006,0.000000000,0.000000000,0.000000000,0.000000000,0.000000000,0.000000000,0.000000000,0.000000000,0.000000000,0.000000000,0.000000000,0.000000000,0.000000000,0.000000000,0.000000000,0.000000000,0.000000000,0.000000000,0.004400889,-0.000528216,-0.056303024,-0.031418897,-0.002896465,0.015074231,0.004893744,-0.000049979,-0.027931171,-0.023916035,-0.002716862,0.014681940
3.589686871,-0.004409790,0.047361374,-0.016681671,-0.005177498,0.010545731,0.036240578,0.130920410,-0.053407669,0.030212402,-0.004699707,-0.086109161,0.008560181,-0.004409790,0.047361374,-0.016681671,-0.005177498,0.010545731,0.035857201,0.000008902,-0.146722600,-0.568387985,-0.122307688,0.070227556,0.000091970,-0.011154175,-0.138248444,-0.585992813,-0.148637772,0.065584183,0.004486084,0.000008902,-0.146722600,-0.568387985,-0.122307688,0.070227556,0.000091970,0.000000000,0.000000000,0.000000000,0.000000000,0.000000000,0.000000000,0.000000000,0.000000000,0.000000000,0.000000000,0.000000000,0.000000000,0.000000000,0.000000000,0.000000000,0.000000000,0.000000000,0.000000000,-0.011163076,0.008474156,-0.017604828,-0.026330084,-0.004643373,0.004394114,-0.010670221,0.008952394,0.010767025,-0.018827221,-0.004463770,0.004001823
3.599720478,-0.004794121,0.047361374,-0.017066002,-0.004794121,0.010545731,0.036240578,-0.145694733,-0.028381348,0.026184082,0.046325684,-0.013595581,-0.039779663,-0.004409790,0.047361374,-0.016681671,-0.004794121,0.010545731,0.036240578,0.000008902,-0.147307247,-0.567834139,-0.121692270,0.069839187,0.000089904,-0.012191772,-0.162052155,-0.596368790,-0.104539871,0.062166214,-0.020721436,0.000008902,-0.147307247,-0.567834139,-0.121692270,0.069839187,0.000089904,0.000000000,0.000000000,0.000000000,0.000000000,0.000000000,0.000000000,0.000000000,0.000000000,0.000000000,0.000000000,0.000000000,0.000000000,0.000000000,0.000000000,0.000000000,0.000000000,0.000000000,0.000000000,-0.012200674,-0.014744908,-0.028534651,0.017152399,-0.007672973,-0.020811339,-0.011707818,-0.014266670,-0.000162797,0.024655261,-0.007493369,-0.021203630
3.609691381,-0.004794121,0.047361374,-0.016681671,-0.005177498,0.010545731,0.036240578,0.066467285,0.033874512,0.000671387,-0.203433990,-0.005538940,0.007553101,-0.004794121,0.047361374,-0.016681671,-0.005177498,0.010545731,0.036240578,0.000008902,-0.146721616,-0.568388939,-0.122308724,0.070227556,0.000090937,0.016860962,-0.162052155,-0.620752335,-0.129442215,0.082674026,-0.018585205,0.000008902,-0.146721616,-0.568388939,-0.122308724,0.070227556,0.000090937,0.000000000,0.000000000,0.000000000,0.000000000,0.000000000,0.000000000,0.000000000,0.000000000,0.000000000,0.000000000,0.000000000,0.000000000,0.000000000,0.000000000,0.000000000,0.000000000,0.000000000,0.000000000,0.016852060,-0.015330538,-0.052363396,-0.007133491,0.012446471,-0.018676142,0.017344916,-0.014852301,-0.023991542,0.000369371,0.012626074,-0.019068433
3.619688749,-0.004409790,0.047361374,-0.016681671,-0.004794121,0.010545731,0.036240578,0.098693848,-0.003356934,-0.090641022,0.003356934,0.031723022,0.000503540,-0.004794121,0.047361374,-0.016681671,-0.005177498,0.010545731,0.035857201,0.000008902,-0.146722600,-0.568387985,-0.122307688,0.070227556,0.000091970,-0.002853394,-0.154727936,-0.571985245,-0.102983475,0.079256058,-0.007904053,0.000008902,-0.146722600,-0.568387985,-0.122307688,0.070227556,0.000091970,0.000000000,0.000000000,0.000000000,0.000000000,0.000000000,0.000000000,0.000000000,0.000000000,0.000000000,0.000000000,0.000000000,0.000000000,0.000000000,0.000000000,0.000000000,0.000000000,0.000000000,0.000000000,-0.002862295,-0.008005336,-0.003597260,0.019324213,0.009028502,-0.007996023,-0.002369439,-0.007527099,0.024774594,0.026827076,0.009208105,-0.008388314
3.629695415,-0.004794121,0.047361374,-0.016681671,-0.005177498,0.010930061,0.036240578,0.027526855,-0.034484863,-0.003356934,-0.038269043,0.020645142,0.065963745,-0.004794121,0.047361374,-0.016681671,-0.005177498,0.010930061,0.035857201,0.000008902,-0.146352738,-0.568738401,-0.122697018,0.070227258,0.000091969,0.005447388,-0.154727936,-0.592737198,-0.137224197,0.072847366,-0.006622314,0.000008902,-0.146352738,-0.568738401,-0.122697018,0.070227258,0.000091969,0.000000000,0.000000000,0.000000000,0.000000000,0.000000000,0.000000000,0.000000000,0.000000000,0.000000000,0.000000000,0.000000000,0.000000000,0.000000000,0.000000000,0.000000000,0.000000000,0.000000000,0.000000000,0.005438486,-0.008375198,-0.023998797,-0.014527179,0.002620108,-0.006714284,0.005931342,-0.007896960,0.004373056,-0.007024317,0.002799712,-0.007106575
3.639690161,-0.004794121,0.047361374,-0.016681671,-0.004794121,0.010545731,0.036240578,-0.038269043,-0.224308014,0.112121582,0.132263184,0.007553101,0.008560181,-0.004409790,0.047361374,-0.016681671,-0.004794121,0.010545731,0.035857201,0.000008902,-0.147308230,-0.567833185,-0.121691234,0.069839187,0.000090937,-0.000259399,-0.167545319,-0.588586807,-0.133592606,0.053619385,-0.016876221,0.000008902,-0.147308230,-0.567833185,-0.121691234,0.069839187,0.000090937,0.000000000,0.000000000,0.000000000,0.000000000,0.000000000,0.000000000,0.000000000,0.000000000,0.000000000,0.000000000,0.000000000,0.000000000,0.000000000,0.000000000,0.000000000,0.000000000,0.000000000,0.000000000,-0.000268301,-0.020237088,-0.020753622,-0.011901371,-0.016219802,-0.016967158,0.000224555,-0.019758851,0.007618231,-0.004398509,-0.016040199,-0.017359449
3.649688005,-0.004409790,0.047361374,-0.016681671,-0.004794121,0.010545731,0.035857201,0.040954590,-0.007019043,0.024841309,-0.026184082,-0.008560181,-0.027694702,-0.004409790,0.047361374,-0.016681671,-0.005177498,0.010545731,0.035857201,0.000008902,-0.146722600,-0.568387985,-0.122307688,0.070227556,0.000091970,-0.012191772,-0.162052155,-0.575616837,-0.132036209,0.078828812,-0.019439697,0.000008902,-0.146722600,-0.568387985,-0.122307688,0.070227556,0.000091970,0.000000000,0.000000000,0.000000000,0.000000000,0.000000000,0.000000000,0.000000000,0.000000000,0.000000000,0.000000000,0.000000000,0.000000000,0.000000000,0.000000000,0.000000000,0.000000000,0.000000000,0.000000000,-0.012200674,-0.015329555,-0.007228851,-0.009728521,0.008601256,-0.019531667,-0.011707818,-0.014851317,0.021143002,-0.002225659,0.008780859,-0.019923958
3.659678698,-0.004794121,0.047361374,-0.017066002,-0.005177498,0.010545731,0.035857201,-0.026184082,-0.149843216,-0.074523926,0.014099121,0.056900024,-0.046829224,-0.004794121,0.047361374,-0.016681671,-0.005177498,0.010545731,0.036240578,0.000008902,-0.146721616,-0.568388939,-0.122308724,0.070227556,0.000090937,-0.023086548,-0.136417389,-0.602594376,-0.150712967,0.056184769,0.001068115,0.000008902,-0.146721616,-0.568388939,-0.122308724,0.070227556,0.000090937,0.000000000,0.000000000,0.000000000,0.000000000,0.000000000,0.000000000,0.000000000,0.000000000,0.000000000,0.000000000,0.000000000,0.000000000,0.000000000,0.000000000,0.000000000,0.000000000,0.000000000,0.000000000,-0.023095450,0.010304227,-0.034205437,-0.028404243,-0.014042787,0.000977178,-0.022602594,0.010782465,-0.005833583,-0.020901381,-0.013863184,0.000584887
3.669686079,-0.004794121,0.047361374,-0.016681671,-0.005177498,0.010545731,0.036240578,0.085266113,-0.077821732,-0.028869629,0.040954590,0.043807983,0.016616821,-0.004794121,0.047361374,-0.016681671,-0.005177498,0.010545731,0.035857201,0.000008902,-0.146722600,-0.568387985,-0.122307688,0.070227556,0.000091970,-0.011154175,-0.114440918,-0.588068008,-0.143449783,0.062166214,-0.013458252,0.000008902,-0.146722600,-0.568387985,-0.122307688,0.070227556,0.000091970,0.000000000,0.000000000,0.000000000,0.000000000,0.000000000,0.000000000,0.000000000,0.000000000,0.000000000,0.000000000,0.000000000,0.000000000,0.000000000,0.000000000,0.000000000,0.000000000,0.000000000,0.000000000,-0.011163076,0.032281682,-0.019680023,-0.021142095,-0.008061342,-0.013550222,-0.010670221,0.032759919,0.008691830,-0.013639233,-0.007881738,-0.013942513
3.679688931,-0.004409790,0.047361374,-0.016681671,-0.005177498,0.010545731,0.035857201,0.114807129,-0.067445755,0.089294434,-0.066467285,0.039779663,-0.000503540,-0.004794121,0.047361374,-0.016681671,-0.004794121,0.010545731,0.035857201,0.000008902,-0.147308230,-0.567833185,-0.121691234,0.069839187,0.000090937,0.003890991,-0.138248444,-0.586511612,-0.137224197,0.071565628,0.036102295,0.000008902,-0.147308230,-0.567833185,-0.121691234,0.069839187,0.000090937,0.000000000,0.000000000,0.000000000,0.000000000,0.000000000,0.000000000,0.000000000,0.000000000,0.000000000,0.000000000,0.000000000,0.000000000,0.000000000,0.000000000,0.000000000,0.000000000,0.000000000,0.000000000,0.003882090,0.009059787,-0.018678427,-0.015532963,0.001726441,0.036011358,0.004374945,0.009538024,0.009693427,-0.008030100,0.001906045,0.035619067
3.689688921,-0.004409790,0.047361374,-0.016681671,-0.005177498,0.010545731,0.036240578,0.057067871,0.066833496,0.101379395,-0.155094147,-0.094165802,0.016616821,-0.004794121,0.047744751,-0.016681671,-0.004794121,0.010545731,0.035857201,0.000008902,-0.149847776,-0.571149468,-0.122307688,0.070227556,0.000091970,-0.009597778,-0.145572662,-0.629571915,-0.103502274,0.075410843,-0.019012451,0.000008902,-0.149847776,-0.571149468,-0.122307688,0.070227556,0.000091970,0.000000000,0.000000000,0.000000000,0.000000000,0.000000000,0.000000000,0.000000000,0.000000000,0.000000000,0.000000000,0.000000000,0.000000000,0.000000000,0.000000000,0.000000000,0.000000000,0.000000000,0.000000000,-0.009606680,0.004275113,-0.058422446,0.018805414,0.005183287,-0.019104421,-0.009113824,0.004753351,-0.030050593,0.026308277,0.005362891,-0.019496712
3.699671268,-0.004409790,0.047361374,-0.017066002,-0.004794121,0.010545731,0.035857201,-0.022155762,0.028991699,-0.175235748,-0.070495605,0.085098267,-0.029708862,-0.004794121,0.047361374,-0.016681671,-0.005177498,0.010545731,0.035857201,0.000008902,-0.146722600,-0.568387985,-0.122307688,0.070227556,0.000091970,-0.003372192,-0.136417389,-0.591180801,-0.120622635,0.066865921,0.019866943,0.000008902,-0.146722600,-0.568387985,-0.122307688,0.070227556,0.000091970,0.000000000,0.000000000,0.000000000,0.000000000,0.000000000,0.000000000,0.000000000,0.000000000,0.000000000,0.000000000,0.000000000,0.000000000,0.000000000,0.000000000,0.000000000,0.000000000,0.000000000,0.000000000,-0.003381094,0.010305211,-0.022792816,0.001685053,-0.003361635,0.019774973,-0.002888238,0.010783448,0.005579037,0.009187916,-0.003182031,0.019382682
3.709685564,-0.004409790,0.047361374,-0.017066002,-0.005177498,0.010545731,0.036240578,0.049011230,-0.063173294,-0.242374420,-0.270572662,0.010574341,-0.036758423,-0.004794121,0.047361374,-0.016681671,-0.005177498,0.010545731,0.036240578,0.000008902,-0.146721616,-0.568388939,-0.122308724,0.070227556,0.000090937,-0.011154175,-0.134586334,-0.577173233,-0.119585037,0.076265335,0.021148682,0.000008902,-0.146721616,-0.568388939,-0.122308724,0.070227556,0.000090937,0.000000000,0.000000000,0.000000000,0.000000000,0.000000000,0.000000000,0.000000000,0.000000000,0.000000000,0.000000000,0.000000000,0.000000000,0.000000000,0.000000000,0.000000000,0.000000000,0.000000000,0.000000000,-0.011163076,0.012135282,-0.008784294,0.002723686,0.006037779,0.021057745,-0.010670221,0.012613520,0.019587559,0.010226549,0.006217383,0.020665454
3.719685078,-0.004794121,0.047361374,-0.016681671,-0.005177498,0.010545731,0.035857201,-0.036926270,0.077209473,0.010070801,-0.016784668,-0.054885864,0.013595581,-0.004409790,0.047361374,-0.016681671,-0.005177498,0.010545731,0.036240578,0.000008902,-0.146721616,-0.568388939,-0.122308724,0.070227556,0.000090937,-0.007003784,-0.136417389,-0.560050964,-0.141893387,0.078828812,0.002777100,0.000008902,-0.146721616,-0.568388939,-0.122308724,0.070227556,0.000090937,0.000000000,0.000000000,0.000000000,0.000000000,0.000000000,0.000000000,0.000000000,0.000000000,0.000000000,0.000000000,0.000000000,0.000000000,0.000000000,0.000000000,0.000000000,0.000000000,0.000000000,0.000000000,-0.007012686,0.010304227,0.008337975,-0.019584663,0.008601256,0.002686163,-0.006519830,0.010782465,0.036709828,-0.012081801,0.008780859,0.002293872
3.729702711,-0.004794121,0.047361374,-0.016681671,-0.004794121,0.010545731,0.036240578,-0.075866699,-0.013122559,0.098693848,0.082580566,-0.008560181,0.002517700,-0.004794121,0.047361374,-0.016681671,-0.004794121,0.010545731,0.036240578,0.000008902,-0.147307247,-0.567834139,-0.121692270,0.069839187,0.000089904,-0.003372192,-0.185855865,-0.637353897,-0.138261795,0.064729691,0.008331299,0.000008902,-0.147307247,-0.567834139,-0.121692270,0.069839187,0.000089904,0.000000000,0.000000000,0.000000000,0.000000000,0.000000000,0.000000000,0.000000000,0.000000000,0.000000000,0.000000000,0.000000000,0.000000000,0.000000000,0.000000000,0.000000000,0.000000000,0.000000000,0.000000000,-0.003381094,-0.038548619,-0.069519758,-0.016569525,-0.005109496,0.008241395,-0.002888238,-0.038070381,-0.041147905,-0.009066662,-0.004929893,0.007849104
3.739679098,-0.004409790,0.047361374,-0.016681671,-0.005177498,0.010545731,0.035857201,-0.002014160,0.075378418,-0.054382324,0.049011230,0.048843384,-0.039779663,-0.004409790,0.047361374,-0.016681671,-0.004794121,0.010545731,0.035857201,0.000008902,-0.147308230,-0.567833185,-0.121691234,0.069839187,0.000090937,-0.009597778,-0.152896881,-0.633722305,-0.144487381,0.081392288,0.005340576,0.000008902,-0.147308230,-0.567833185,-0.121691234,0.069839187,0.000090937,0.000000000,0.000000000,0.000000000,0.000000000,0.000000000,0.000000000,0.000000000,0.000000000,0.000000000,0.000000000,0.000000000,0.000000000,0.000000000,0.000000000,0.000000000,0.000000000,0.000000000,0.000000000,-0.009606680,-0.005588651,-0.065889120,-0.022796147,0.011553101,0.005249639,-0.009113824,-0.005110413,-0.037517267,-0.015293284,0.011732705,0.004857348
3.749702930,-0.004409790,0.047361374,-0.016681671,-0.005177498,0.010545731,0.035857201,0.004699707,-0.119935989,-0.014099121,-0.144351959,-0.005538940,0.032730103,-0.004409790,0.047361374,-0.017066002,-0.004794121,0.010545731,0.036240578,0.000008901,-0.143798023,-0.571158648,-0.122310258,0.070228517,0.000090939,0.017898560,-0.169376373,-0.595331192,-0.138261795,0.078401566,-0.002349854,0.000008901,-0.143798023,-0.571158648,-0.122310258,0.070228517,0.000090939,0.000000000,0.000000000,0.000000000,0.000000000,0.000000000,0.000000000,0.000000000,0.000000000,0.000000000,0.000000000,0.000000000,0.000000000,0.000000000,0.000000000,0.000000000,0.000000000,0.000000000,0.000000000,0.017889658,-0.025578350,-0.024172544,-0.015951537,0.008173048,-0.002440793,0.018382514,-0.025100112,0.004199309,-0.008448674,0.008352652,-0.002833084
3.759692907,-0.004409790,0.047361374,-0.016681671,-0.005177498,0.010545731,0.036240578,0.075866699,-0.010070801,0.065124512,-0.057067871,0.046829224,-0.008560181,-0.004794121,0.047361374,-0.016681671,-0.005177498,0.010545731,0.035857201,0.000008902,-0.146722600,-0.568387985,-0.122307688,0.070227556,0.000091970,0.005447388,-0.138248444,-0.625421524,-0.136705399,0.066438675,0.013458252,0.000008902,-0.146722600,-0.568387985,-0.122307688,0.070227556,0.000091970,0.000000000,0.000000000,0.000000000,0.000000000,0.000000000,0.000000000,0.000000000,0.000000000,0.000000000,0.000000000,0.000000000,0.000000000,0.000000000,0.000000000,0.000000000,0.000000000,0.000000000,0.000000000,0.005438486,0.008474156,-0.057033539,-0.014397711,-0.003788881,0.013366282,0.005931342,0.008952394,-0.028661685,-0.006894848,-0.003609277,0.012973991
3.769688368,-0.004409790,0.047361374,-0.016681671,-0.005177498,0.010545731,0.036240578,0.140319824,-0.184633255,0.047668457,-0.163150787,-0.031723022,0.046829224,-0.004409790,0.047361374,-0.016681671,-0.005177498,0.010545731,0.036240578,0.000008902,-0.146721616,-0.568388939,-0.122308724,0.070227556,0.000090937,0.008560181,-0.173038483,-0.592218399,-0.137742996,0.075838089,-0.007049561,0.000008902,-0.146721616,-0.568388939,-0.122308724,0.070227556,0.000090937,0.000000000,0.000000000,0.000000000,0.000000000,0.000000000,0.000000000,0.000000000,0.000000000,0.000000000,0.000000000,0.000000000,0.000000000,0.000000000,0.000000000,0.000000000,0.000000000,0.000000000,0.000000000,0.008551279,-0.026316866,-0.023829460,-0.015434273,0.005610533,-0.007140497,0.009044135,-0.025838629,0.004542393,-0.007931410,0.005790137,-0.007532788
3.779744148,-0.004794121,0.047361374,-0.016681671,-0.005177498,0.010545731,0.036240578,-0.023498535,0.010681152,0.117492676,0.042297363,0.005538940,0.012588501,-0.004409790,0.047361374,-0.016681671,-0.004794121,0.010545731,0.036240578,0.000008902,-0.147307247,-0.567834139,-0.121692270,0.069839187,0.000089904,-0.013748169,-0.176700592,-0.574579239,-0.137742996,0.061738968,0.004058838,0.000008902,-0.147307247,-0.567834139,-0.121692270,0.069839187,0.000089904,0.000000000,0.000000000,0.000000000,0.000000000,0.000000000,0.000000000,0.000000000,0.000000000,0.000000000,0.000000000,0.000000000,0.000000000,0.000000000,0.000000000,0.000000000,0.000000000,0.000000000,0.000000000,-0.013757070,-0.029393345,-0.006745100,-0.016050726,-0.008100219,0.003968934,-0.013264215,-0.028915108,0.021626753,-0.008547864,-0.007920615,0.003576643
3.789685965,-0.004409790,0.047744751,-0.016681671,-0.004794121,0.010545731,0.036240578,0.032897949,0.121156693,0.102722168,-0.028869629,-0.003524780,0.066970825,-0.004409790,0.047744751,-0.016681671,-0.005177498,0.010545731,0.035857201,0.000008902,-0.149262160,-0.571704268,-0.122924127,0.070615910,0.000093003,-0.010635376,-0.127262115,-0.594812393,-0.138261795,0.069002151,-0.003204346,0.000008902,-0.149262160,-0.571704268,-0.122924127,0.070615910,0.000093003,0.000000000,0.000000000,0.000000000,0.000000000,0.000000000,0.000000000,0.000000000,0.000000000,0.000000000,0.000000000,0.000000000,0.000000000,0.000000000,0.000000000,0.000000000,0.000000000,0.000000000,0.000000000,-0.010644278,0.022000045,-0.023108125,-0.015337668,-0.001613759,-0.003297349,-0.010151422,0.022478282,0.005263729,-0.007834806,-0.001434155,-0.003689640
3.799710751,-0.004794121,0.047361374,-0.016681671,-0.004794121,0.010545731,0.036240578,-0.132266998,-0.133363724,0.008728027,0.156433105,0.074020386,-0.029708862,-0.004794121,0.047361374,-0.016681671,-0.004794121,0.010545731,0.035857201,0.000008902,-0.147308230,-0.567833185,-0.121691234,0.069839187,0.000090937,0.018936157,-0.123600006,-0.584955215,-0.127367020,0.069429398,0.001922607,0.000008902,-0.147308230,-0.567833185,-0.121691234,0.069839187,0.000090937,0.000000000,0.000000000,0.000000000,0.000000000,0.000000000,0.000000000,0.000000000,0.000000000,0.000000000,0.000000000,0.000000000,0.000000000,0.000000000,0.000000000,0.000000000,0.000000000,0.000000000,0.000000000,0.018927256,0.023708224,-0.017122030,-0.005675785,-0.000409789,0.001831671,0.019420111,0.024186462,0.011249823,0.001827077,-0.000230186,0.001439380
3.809687376,-0.004794121,0.047361374,-0.016681671,-0.004794121,0.010545731,0.035857201,-0.105411530,-0.080263138,-0.110782623,-0.007385254,-0.008560181,-0.065967560,-0.004794121,0.047361374,-0.016681671,-0.005177498,0.010545731,0.035857201,0.000008902,-0.146722600,-0.568387985,-0.122307688,0.070227556,0.000091970,-0.005966187,-0.134586334,-0.656549454,-0.124254227,0.072420120,-0.003631592,0.000008902,-0.146722600,-0.568387985,-0.122307688,0.070227556,0.000091970,0.000000000,0.000000000,0.000000000,0.000000000,0.000000000,0.000000000,0.000000000,0.000000000,0.000000000,0.000000000,0.000000000,0.000000000,0.000000000,0.000000000,0.000000000,0.000000000,0.000000000,0.000000000,-0.005975088,0.012136266,-0.088161469,-0.001946539,0.002192564,-0.003723562,-0.005482232,0.012614503,-0.059789615,0.005556324,0.002372168,-0.004115853
3.819676161,-0.004794121,0.047361374,-0.016681671,-0.005177498,0.010545731,0.036240578,0.089294434,0.108949661,0.104064941,-0.003356934,0.001510620,0.037765503,-0.004409790,0.047361374,-0.016681671,-0.004794121,0.010545731,0.036240578,0.000008902,-0.147307247,-0.567834139,-0.121692270,0.069839187,0.000089904,-0.002334595,-0.152896881,-0.598962784,-0.130998611,0.061311722,-0.013458252,0.000008902,-0.147307247,-0.567834139,-0.121692270,0.069839187,0.000089904,0.000000000,0.000000000,0.000000000,0.000000000,0.000000000,0.000000000,0.000000000,0.000000000,0.000000000,0.000000000,0.000000000,0.000000000,0.000000000,0.000000000,0.000000000,0.000000000,0.000000000,0.000000000,-0.002343496,-0.005589634,-0.031128645,-0.009306341,-0.008527465,-0.013548156,-0.001850641,-0.005111397,-0.002756792,-0.001803479,-0.008347862,-0.013940447
3.829685211,-0.004409790,0.047361374,-0.016681671,-0.005177498,0.010545731,0.036240578,0.089294434,-0.032653809,0.093322754,0.003356934,0.013595581,0.032730103,-0.004794121,0.047361374,-0.016681671,-0.005177498,0.010545731,0.035857201,0.000008902,-0.146722600,-0.568387985,-0.122307688,0.070227556,0.000091970,-0.004409790,-0.174869537,-0.622308731,-0.126329422,0.066011429,-0.001922607,0.000008902,-0.146722600,-0.568387985,-0.122307688,0.070227556,0.000091970,0.000000000,0.000000000,0.000000000,0.000000000,0.000000000,0.000000000,0.000000000,0.000000000,0.000000000,0.000000000,0.000000000,0.000000000,0.000000000,0.000000000,0.000000000,0.000000000,0.000000000,0.000000000,-0.004418692,-0.028146937,-0.053920746,-0.004021734,-0.004216127,-0.002014577,-0.003925836,-0.027668700,-0.025548893,0.003481129,-0.004036523,-0.002406868
3.839684963,-0.004409790,0.047361374,-0.016681671,-0.005177498,0.010545731,0.035857201,-0.011413574,0.096132278,0.035583496,-0.012756348,0.021652222,-0.004531860,-0.004409790,0.047361374,-0.016681671,-0.005177498,0.010545731,0.036240578,0.000008902,-0.146721616,-0.568388939,-0.122308724,0.070227556,0.000090937,0.027236938,-0.165714264,-0.641504288,-0.139299393,0.062593460,0.010467529,0.000008902,-0.146721616,-0.568388939,-0.122308724,0.070227556,0.000090937,0.000000000,0.000000000,0.000000000,0.000000000,0.000000000,0.000000000,0.000000000,0.000000000,0.000000000,0.000000000,0.000000000,0.000000000,0.000000000,0.000000000,0.000000000,0.000000000,0.000000000,0.000000000,0.027228037,-0.018992648,-0.073115349,-0.016990669,-0.007634096,0.010376593,0.027720893,-0.018514410,-0.044743495,-0.009487807,-0.007454492,0.009984302
3.849684954,-0.004409790,0.047361374,-0.017066002,-0.004794121,0.010545731,0.036240578,0.002014160,0.099794388,-0.012756348,-0.043640137,-0.057907104,-0.009567261,-0.004794121,0.047361374,-0.016681671,-0.005177498,0.010545731,0.036240578,0.000008902,-0.146721616,-0.568388939,-0.122308724,0.070227556,0.000090937,0.003372192,-0.184024811,-0.571466446,-0.137742996,0.073274612,-0.024566650,0.000008902,-0.146721616,-0.568388939,-0.122308724,0.070227556,0.000090937,0.000000000,0.000000000,0.000000000,0.000000000,0.000000000,0.000000000,0.000000000,0.000000000,0.000000000,0.000000000,0.000000000,0.000000000,0.000000000,0.000000000,0.000000000,0.000000000,0.000000000,0.000000000,0.003363291,-0.037303194,-0.003077507,-0.015434273,0.003047056,-0.024657587,0.003856146,-0.036824957,0.025294346,-0.007931410,0.003226660,-0.025049878
3.859684706,-0.004409790,0.047361374,-0.016681671,-0.005177498,0.010545731,0.036240578,-0.089298248,0.011291504,-0.036926270,-0.122867584,0.014602661,0.004531860,-0.004794121,0.047361374,-0.017066002,-0.004794121,0.010545731,0.035857201,0.000008902,-0.143799007,-0.571157694,-0.122309223,0.070228517,0.000091973,-0.022567749,-0.160221100,-0.592737198,-0.107133865,0.066438675,-0.016876221,0.000008902,-0.143799007,-0.571157694,-0.122309223,0.070228517,0.000091973,0.000000000,0.000000000,0.000000000,0.000000000,0.000000000,0.000000000,0.000000000,0.000000000,0.000000000,0.000000000,0.000000000,0.000000000,0.000000000,0.000000000,0.000000000,0.000000000,0.000000000,0.000000000,-0.022576651,-0.016422093,-0.021579504,0.015175357,-0.003789842,-0.016968193,-0.022083795,-0.015943855,0.006792349,0.022678220,-0.003610239,-0.017360484
3.869690895,-0.004794121,0.047361374,-0.016681671,-0.004794121,0.010545731,0.036240578,0.020812988,0.001525879,-0.003356934,0.104064941,0.019638062,-0.016616821,-0.004794121,0.047361374,-0.016681671,-0.005177498,0.010545731,0.035857201,0.000008902,-0.146722600,-0.568387985,-0.122307688,0.070227556,0.000091970,0.007522583,-0.167545319,-0.603113174,-0.125291824,0.077119827,0.004058838,0.000008902,-0.146722600,-0.568387985,-0.122307688,0.070227556,0.000091970,0.000000000,0.000000000,0.000000000,0.000000000,0.000000000,0.000000000,0.000000000,0.000000000,0.000000000,0.000000000,0.000000000,0.000000000,0.000000000,0.000000000,0.000000000,0.000000000,0.000000000,0.000000000,0.007513681,-0.020822719,-0.034725189,-0.002984136,0.006892271,0.003966868,0.008006537,-0.020344481,-0.006353336,0.004518726,0.007071875,0.003574577
3.879661560,-0.004409790,0.047361374,-0.016681671,-0.005177498,0.010545731,0.035857201,0.073181152,0.024108887,0.028869629,0.050354004,-0.004531860,-0.015609741,-0.004409790,0.047361374,-0.016681671,-0.005177498,0.010545731,0.036240578,0.000008902,-0.146721616,-0.568388939,-0.122308724,0.070227556,0.000090937,-0.007522583,-0.103454590,-0.590662003,-0.138780594,0.072847366,0.005340576,0.000008902,-0.146721616,-0.568388939,-0.122308724,0.070227556,0.000090937,0.000000000,0.000000000,0.000000000,0.000000000,0.000000000,0.000000000,0.000000000,0.000000000,0.000000000,0.000000000,0.000000000,0.000000000,0.000000000,0.000000000,0.000000000,0.000000000,0.000000000,0.000000000,-0.007531485,0.043267027,-0.022273064,-0.016471870,0.002619810,0.005249639,-0.007038629,0.043745264,0.006098790,-0.008969008,0.002799414,0.004857348
3.889686584,-0.004794121,0.047361374,-0.016681671,-0.004794121,0.010930061,0.036240578,-0.081237793,-0.016174316,-0.065124512,0.117492676,0.079055786,0.034744263,-0.004409790,0.047361374,-0.016681671,-0.004794121,0.010545731,0.036240578,0.000008902,-0.147307247,-0.567834139,-0.121692270,0.069839187,0.000089904,-0.000778198,-0.151065826,-0.574060440,-0.128923416,0.057039261,0.022003174,0.000008902,-0.147307247,-0.567834139,-0.121692270,0.069839187,0.000089904,0.000000000,0.000000000,0.000000000,0.000000000,0.000000000,0.000000000,0.000000000,0.000000000,0.000000000,0.000000000,0.000000000,0.000000000,0.000000000,0.000000000,0.000000000,0.000000000,0.000000000,0.000000000,-0.000787100,-0.003758579,-0.006226301,-0.007231146,-0.012799926,0.021913270,-0.000294244,-0.003280342,0.022145552,0.000271716,-0.012620322,0.021520979
3.899686575,-0.004409790,0.047361374,-0.017066002,-0.005177498,0.010545731,0.036240578,0.156433105,-0.012512207,0.006042480,-0.012756348,-0.002517700,-0.034744263,-0.004409790,0.047361374,-0.016681671,-0.004794121,0.010545731,0.035857201,0.000008902,-0.147308230,-0.567833185,-0.121691234,0.069839187,0.000090937,0.001815796,-0.160221100,-0.583398819,-0.139299393,0.057039261,0.001068115,0.000008902,-0.147308230,-0.567833185,-0.121691234,0.069839187,0.000090937,0.000000000,0.000000000,0.000000000,0.000000000,0.000000000,0.000000000,0.000000000,0.000000000,0.000000000,0.000000000,0.000000000,0.000000000,0.000000000,0.000000000,0.000000000,0.000000000,0.000000000,0.000000000,0.001806894,-0.012912869,-0.015565634,-0.017608158,-0.012799926,0.000977178,0.002299750,-0.012434632,0.012806220,-0.010105296,-0.012620322,0.000584887
3.909705162,-0.004794121,0.047361374,-0.016681671,-0.005177498,0.010545731,0.035857201,-0.105411530,0.045471191,0.038269043,-0.032897949,0.029708862,0.011581421,-0.004794121,0.047361374,-0.016681671,-0.005177498,0.010545731,0.036240578,0.000008902,-0.146721616,-0.568388939,-0.122308724,0.070227556,0.000090937,-0.000259399,-0.162052155,-0.598962784,-0.146562576,0.083101273,0.017730713,0.000008902,-0.146721616,-0.568388939,-0.122308724,0.070227556,0.000090937,0.000000000,0.000000000,0.000000000,0.000000000,0.000000000,0.000000000,0.000000000,0.000000000,0.000000000,0.000000000,0.000000000,0.000000000,0.000000000,0.000000000,0.000000000,0.000000000,0.000000000,0.000000000,-0.000268301,-0.015330538,-0.030573845,-0.024253853,0.012873717,0.017639776,0.000224555,-0.014852301,-0.002201992,-0.016750990,0.013053320,0.017247485
3.919695139,-0.004409790,0.047361374,-0.016681671,-0.004794121,0.010545731,0.035857201,0.077209473,-0.073549271,0.129577637,0.191349030,-0.060928345,-0.011581421,-0.004794121,0.047361374,-0.016681671,-0.004794121,0.010545731,0.036240578,0.000008902,-0.147307247,-0.567834139,-0.121692270,0.069839187,0.000089904,0.000778198,-0.143741608,-0.600519180,-0.141893387,0.054473877,0.004486084,0.000008902,-0.147307247,-0.567834139,-0.121692270,0.069839187,0.000089904,0.000000000,0.000000000,0.000000000,0.000000000,0.000000000,0.000000000,0.000000000,0.000000000,0.000000000,0.000000000,0.000000000,0.000000000,0.000000000,0.000000000,0.000000000,0.000000000,0.000000000,0.000000000,0.000769297,0.003565639,-0.032685041,-0.020201117,-0.015365310,0.004396180,0.001262152,0.004043877,-0.004313188,-0.012698254,-0.015185706,0.004003889
3.929686308,-0.004794121,0.047361374,-0.016681671,-0.005177498,0.010545731,0.036240578,-0.190006256,0.025939941,-0.006042480,-0.079895020,-0.023666382,-0.005538940,-0.004794121,0.047361374,-0.017066002,-0.004794121,0.010545731,0.036240578,0.000008902,-0.143798023,-0.571158648,-0.122310258,0.070228517,0.000090939,-0.006484985,-0.112609863,-0.596368790,-0.147081375,0.069856644,-0.017303467,0.000008902,-0.143798023,-0.571158648,-0.122310258,0.070228517,0.000090939,0.000000000,0.000000000,0.000000000,0.000000000,0.000000000,0.000000000,0.000000000,0.000000000,0.000000000,0.000000000,0.000000000,0.000000000,0.000000000,0.000000000,0.000000000,0.000000000,0.000000000,0.000000000,-0.006493887,0.031188160,-0.025210142,-0.024771117,-0.000371873,-0.017394406,-0.006001031,0.031666398,0.003161711,-0.017268254,-0.000192270,-0.017786697
3.939688444,-0.004409790,0.047361374,-0.016681671,-0.005177498,0.010545731,0.036240578,-0.066467285,-0.150453568,-0.038269043,0.069152832,0.074020386,0.017623901,-0.004409790,0.047361374,-0.016681671,-0.005177498,0.010545731,0.035857201,0.000008902,-0.146722600,-0.568387985,-0.122307688,0.070227556,0.000091970,0.005447388,-0.158390045,-0.589624405,-0.132036209,0.075410843,-0.005340576,0.000008902,-0.146722600,-0.568387985,-0.122307688,0.070227556,0.000091970,0.000000000,0.000000000,0.000000000,0.000000000,0.000000000,0.000000000,0.000000000,0.000000000,0.000000000,0.000000000,0.000000000,0.000000000,0.000000000,0.000000000,0.000000000,0.000000000,0.000000000,0.000000000,0.005438486,-0.011667445,-0.021236420,-0.009728521,0.005183287,-0.005432546,0.005931342,-0.011189208,0.007135434,-0.002225659,0.005362891,-0.005824837
3.949688196,-0.004794121,0.047361374,-0.016681671,-0.005177498,0.010545731,0.035857201,-0.130924225,0.004577637,0.097351074,-0.110782623,0.031723022,-0.021652222,-0.004409790,0.047361374,-0.016681671,-0.005177498,0.010545731,0.036240578,0.000008902,-0.146721616,-0.568388939,-0.122308724,0.070227556,0.000090937,0.010635376,-0.147403717,-0.580286026,-0.128404617,0.067293167,-0.007476807,0.000008902,-0.146721616,-0.568388939,-0.122308724,0.070227556,0.000090937,0.000000000,0.000000000,0.000000000,0.000000000,0.000000000,0.000000000,0.000000000,0.000000000,0.000000000,0.000000000,0.000000000,0.000000000,0.000000000,0.000000000,0.000000000,0.000000000,0.000000000,0.000000000,0.010626474,-0.000682101,-0.011897087,-0.006095894,-0.002934389,-0.007567743,0.011119330,-0.000203863,0.016474766,0.001406969,-0.002754785,-0.007960034
3.959735870,-0.004794121,0.047361374,-0.017066002,-0.005177498,0.010545731,0.036240578,-0.082580566,0.034484863,-0.086612701,0.073181152,0.003524780,0.031723022,-0.004409790,0.047361374,-0.016681671,-0.005177498,0.010930061,0.035857201,0.000008902,-0.146352738,-0.568738401,-0.122697018,0.070227258,0.000091969,0.007522583,-0.178531647,-0.586511612,-0.116991043,0.058748245,0.002349854,0.000008902,-0.146352738,-0.568738401,-0.122697018,0.070227258,0.000091969,0.000000000,0.000000000,0.000000000,0.000000000,0.000000000,0.000000000,0.000000000,0.000000000,0.000000000,0.000000000,0.000000000,0.000000000,0.000000000,0.000000000,0.000000000,0.000000000,0.000000000,0.000000000,0.007513682,-0.032178909,-0.017773211,0.005705975,-0.011479013,0.002257884,0.008006537,-0.031700671,0.010598642,0.013208838,-0.011299409,0.001865593
3.969686747,-0.004794121,0.047361374,-0.016681671,-0.004794121,0.010545731,0.036240578,-0.027526855,0.050354004,0.204776764,0.059753418,-0.022659302,0.014602661,-0.004794121,0.047361374,-0.016681671,-0.005177498,0.010545731,0.036240578,0.000008902,-0.146721616,-0.568388939,-0.122308724,0.070227556,0.000090937,-0.010635376,-0.143741608,-0.639429092,-0.141893387,0.068147659,-0.022857666,0.000008902,-0.146721616,-0.568388939,-0.122308724,0.070227556,0.000090937,0.000000000,0.000000000,0.000000000,0.000000000,0.000000000,0.000000000,0.000000000,0.000000000,0.000000000,0.000000000,0.000000000,0.000000000,0.000000000,0.000000000,0.000000000,0.000000000,0.000000000,0.000000000,-0.010644278,0.002980009,-0.071040154,-0.019584663,-0.002079897,-0.022948603,-0.010151422,0.003458246,-0.042668300,-0.012081801,-0.001900293,-0.023340894
3.979687214,-0.004794121,0.047361374,-0.016681671,-0.004794121,0.010545731,0.035857201,-0.023498535,0.050354004,0.042297363,0.081237793,0.014602661,0.047836304,-0.004794121,0.047361374,-0.016681671,-0.005177498,0.010545731,0.035857201,0.000008902,-0.146722600,-0.568387985,-0.122307688,0.070227556,0.000091970,0.024642944,-0.151065826,-0.598962784,-0.128404617,0.070283890,0.001495361,0.000008902,-0.146722600,-0.568387985,-0.122307688,0.070227556,0.000091970,0.000000000,0.000000000,0.000000000,0.000000000,0.000000000,0.000000000,0.000000000,0.000000000,0.000000000,0.000000000,0.000000000,0.000000000,0.000000000,0.000000000,0.000000000,0.000000000,0.000000000,0.000000000,0.024634043,-0.004343227,-0.030574799,-0.006096929,0.000056334,0.001403391,0.025126898,-0.003864989,-0.002202945,0.001405933,0.000235937,0.001011100
3.989686728,-0.004409790,0.047361374,-0.016681671,-0.004794121,0.010545731,0.035857201,-0.006042480,-0.011901855,0.069152832,-0.003356934,0.004531860,0.012588501,-0.004794121,0.047361374,-0.016681671,-0.005177498,0.010545731,0.035857201,0.000008902,-0.146722600,-0.568387985,-0.122307688,0.070227556,0.000091970,0.010116577,-0.163883209,-0.617639542,-0.103502274,0.078828812,0.056612015,0.000008902,-0.146722600,-0.568387985,-0.122307688,0.070227556,0.000091970,0.000000000,0.000000000,0.000000000,0.000000000,0.000000000,0.000000000,0.000000000,0.000000000,0.000000000,0.000000000,0.000000000,0.000000000,0.000000000,0.000000000,0.000000000,0.000000000,0.000000000,0.000000000,0.010107675,-0.017160609,-0.049251556,0.018805414,0.008601256,0.056520045,0.010600531,-0.016682372,-0.020879703,0.026308277,0.008780859,0.056127754
3.999690771,-0.004409790,0.047361374,-0.016681671,-0.004794121,0.010545731,0.035857201,0.098693848,-0.045473099,-0.074523926,0.003356934,0.017623901,0.007553101,-0.004794121,0.047361374,-0.017066002,-0.005177498,0.010545731,0.036240578,0.000008902,-0.143212408,-0.571713448,-0.122926690,0.070616879,0.000091972,0.005447388,-0.143741608,-0.575098038,-0.126329422,0.081819534,0.000213623,0.000008902,-0.143212408,-0.571713448,-0.122926690,0.070616879,0.000091972,0.000000000,0.000000000,0.000000000,0.000000000,0.000000000,0.000000000,0.000000000,0.000000000,0.000000000,0.000000000,0.000000000,0.000000000,0.000000000,0.000000000,0.000000000,0.000000000,0.000000000,0.000000000,0.005438486,-0.000529200,-0.003384590,-0.003402732,0.011202656,0.000121651,0.005931342,-0.000050962,0.024987263,0.004100130,0.011382259,-0.000270640
4.009697437,-0.004409790,0.047361374,-0.017066002,-0.004794121,0.010545731,0.036240578,0.007385254,0.088808060,-0.047668457,0.151062012,-0.060928345,0.010574341,-0.004409790,0.047361374,-0.016681671,-0.005177498,0.010930061,0.035857201,0.000008902,-0.146352738,-0.568738401,-0.122697018,0.070227258,0.000091969,0.011154175,-0.134586334,-0.595849991,-0.139818192,0.077547073,0.007049561,0.000008902,-0.146352738,-0.568738401,-0.122697018,0.070227258,0.000091969,0.000000000,0.000000000,0.000000000,0.000000000,0.000000000,0.000000000,0.000000000,0.000000000,0.000000000,0.000000000,0.000000000,0.000000000,0.000000000,0.000000000,0.000000000,0.000000000,0.000000000,0.000000000,0.011145273,0.011766404,-0.027111590,-0.017121173,0.007319815,0.006957591,0.011638129,0.012244641,0.001260263,-0.009618311,0.007499419,0.006565300
4.019685984,-0.004409790,0.047744751,-0.016681671,-0.004794121,0.010545731,0.036240578,0.010070801,0.158388138,-0.014099121,0.054382324,0.080062866,-0.009567261,-0.004409790,0.047361374,-0.016681671,-0.004794121,0.010545731,0.036240578,0.000008902,-0.147307247,-0.567834139,-0.121692270,0.069839187,0.000089904,0.021530151,-0.149234772,-0.610376358,-0.124254227,0.071992874,0.015594482,0.000008902,-0.147307247,-0.567834139,-0.121692270,0.069839187,0.000089904,0.000000000,0.000000000,0.000000000,0.000000000,0.000000000,0.000000000,0.000000000,0.000000000,0.000000000,0.000000000,0.000000000,0.000000000,0.000000000,0.000000000,0.000000000,0.000000000,0.000000000,0.000000000,0.021521250,-0.001927525,-0.042542219,-0.002561957,0.002153687,0.015504579,0.022014106,-0.001449287,-0.014170366,0.004940906,0.002333291,0.015112288
4.029655695,-0.004794121,0.047361374,-0.016681671,-0.005177498,0.010545731,0.036240578,-0.074523926,0.101625443,0.164489746,0.065124512,0.038772583,0.016616821,-0.004409790,0.047361374,-0.016681671,-0.005177498,0.010545731,0.036240578,0.000008902,-0.146721616,-0.568388939,-0.122308724,0.070227556,0.000090937,-0.003890991,-0.138248444,-0.613489151,-0.119585037,0.070283890,0.015167236,0.000008902,-0.146721616,-0.568388939,-0.122308724,0.070227556,0.000090937,0.000000000,0.000000000,0.000000000,0.000000000,0.000000000,0.000000000,0.000000000,0.000000000,0.000000000,0.000000000,0.000000000,0.000000000,0.000000000,0.000000000,0.000000000,0.000000000,0.000000000,0.000000000,-0.003899893,0.008473173,-0.045100212,0.002723686,0.000056334,0.015076300,-0.003407037,0.008951410,-0.016728359,0.010226549,0.000235937,0.014684009
4.039687872,-0.004794121,0.047361374,-0.016681671,-0.004794121,0.010545731,0.036240578,0.112121582,0.025939941,-0.003356934,-0.003356934,-0.024673462,-0.001510620,-0.004794121,0.047361374,-0.016681671,-0.004794121,0.010545731,0.035857201,0.000008902,-0.147308230,-0.567833185,-0.121691234,0.069839187,0.000090937,0.002334595,-0.140079498,-0.598443985,-0.140855789,0.049346924,0.000213623,0.000008902,-0.147308230,-0.567833185,-0.121691234,0.069839187,0.000090937,0.000000000,0.000000000,0.000000000,0.000000000,0.000000000,0.000000000,0.000000000,0.000000000,0.000000000,0.000000000,0.000000000,0.000000000,0.000000000,0.000000000,0.000000000,0.000000000,0.000000000,0.000000000,0.002325693,0.007228732,-0.030610800,-0.019164555,-0.020492263,0.000122686,0.002818549,0.007706970,-0.002238946,-0.011661692,-0.020312660,-0.000269605
4.049687624,-0.004409790,0.047361374,-0.016681671,-0.004794121,0.010545731,0.036240578,0.051696777,-0.016174316,0.070495605,-0.121524811,0.066970825,0.068984985,-0.004409790,0.047361374,-0.016681671,-0.005177498,0.010545731,0.036240578,0.000008902,-0.146721616,-0.568388939,-0.122308724,0.070227556,0.000090937,-0.001296997,-0.127262115,-0.595849991,-0.145524979,0.062593460,-0.015594482,0.000008902,-0.146721616,-0.568388939,-0.122308724,0.070227556,0.000090937,0.000000000,0.000000000,0.000000000,0.000000000,0.000000000,0.000000000,0.000000000,0.000000000,0.000000000,0.000000000,0.000000000,0.000000000,0.000000000,0.000000000,0.000000000,0.000000000,0.000000000,0.000000000,-0.001305899,0.019459501,-0.027461052,-0.023216255,-0.007634096,-0.015685419,-0.000813043,0.019937738,0.000910801,-0.015713392,-0.007454492,-0.016077710
4.059730768,-0.004409790,0.047361374,-0.016681671,-0.004794121,0.010545731,0.036240578,-0.058410645,0.036926270,-0.044982910,0.004699707,-0.018630981,-0.068988800,-0.004409790,0.047361374,-0.016681671,-0.005177498,0.010545731,0.036240578,0.000008902,-0.146721616,-0.568388939,-0.122308724,0.070227556,0.000090937,0.002334595,-0.145572662,-0.604669571,-0.100908279,0.063875198,0.016876221,0.000008902,-0.146721616,-0.568388939,-0.122308724,0.070227556,0.000090937,0.000000000,0.000000000,0.000000000,0.000000000,0.000000000,0.000000000,0.000000000,0.000000000,0.000000000,0.000000000,0.000000000,0.000000000,0.000000000,0.000000000,0.000000000,0.000000000,0.000000000,0.000000000,0.002325693,0.001148954,-0.036280632,0.021400444,-0.006352358,0.016785284,0.002818549,0.001627191,-0.007908779,0.028903307,-0.006172754,0.016392993
4.069685459,-0.004794121,0.047361374,-0.016681671,-0.004794121,0.010545731,0.036240578,-0.155094147,0.015563965,-0.091983795,0.024841309,-0.041793823,0.020645142,-0.004794121,0.047361374,-0.016681671,-0.004794121,0.010545731,0.035857201,0.000008902,-0.147308230,-0.567833185,-0.121691234,0.069839187,0.000090937,-0.003372192,-0.147403717,-0.667963028,-0.110246658,0.061738968,-0.026702881,0.000008902,-0.147308230,-0.567833185,-0.121691234,0.069839187,0.000090937,0.000000000,0.000000000,0.000000000,0.000000000,0.000000000,0.000000000,0.000000000,0.000000000,0.000000000,0.000000000,0.000000000,0.000000000,0.000000000,0.000000000,0.000000000,0.000000000,0.000000000,0.000000000,-0.003381094,-0.000095487,-0.100129843,0.011444576,-0.008100219,-0.026793818,-0.002888238,0.000382751,-0.071757989,0.018947439,-0.007920615,-0.027186109
4.079685926,-0.004794121,0.047361374,-0.016681671,-0.005177498,0.010545731,0.035857201,0.006042480,0.030212402,-0.074523926,-0.014099121,-0.019638062,-0.026687622,-0.004409790,0.047361374,-0.016681671,-0.004794121,0.010545731,0.035857201,0.000008902,-0.147308230,-0.567833185,-0.121691234,0.069839187,0.000090937,-0.000778198,-0.187686920,-0.593255997,-0.131517410,0.065156937,0.020294189,0.000008902,-0.147308230,-0.567833185,-0.121691234,0.069839187,0.000090937,0.000000000,0.000000000,0.000000000,0.000000000,0.000000000,0.000000000,0.000000000,0.000000000,0.000000000,0.000000000,0.000000000,0.000000000,0.000000000,0.000000000,0.000000000,0.000000000,0.000000000,0.000000000,-0.000787100,-0.040378690,-0.025422812,-0.009826176,-0.004682250,0.020203253,-0.000294244,-0.039900452,0.002949042,-0.002323313,-0.004502647,0.019810962
4.089705467,-0.004794121,0.047361374,-0.016681671,-0.005177498,0.010545731,0.036240578,-0.047668457,-0.074159622,0.016784668,-0.027526855,0.013595581,0.042800903,-0.004409790,0.047361374,-0.016681671,-0.005177498,0.010545731,0.036240578,0.000008902,-0.146721616,-0.568388939,-0.122308724,0.070227556,0.000090937,0.022567749,-0.169376373,-0.582880020,-0.126848221,0.059175491,-0.013031006,0.000008902,-0.146721616,-0.568388939,-0.122308724,0.070227556,0.000090937,0.000000000,0.000000000,0.000000000,0.000000000,0.000000000,0.000000000,0.000000000,0.000000000,0.000000000,0.000000000,0.000000000,0.000000000,0.000000000,0.000000000,0.000000000,0.000000000,0.000000000,0.000000000,0.022558848,-0.022654757,-0.014491081,-0.004539497,-0.011052065,-0.013121943,0.023051703,-0.022176519,0.013880772,0.002963365,-0.010872461,-0.013514234
4.099690199,-0.004409790,0.047361374,-0.016681671,-0.005177498,0.010545731,0.035857201,0.148376465,0.068664551,-0.047668457,-0.053039551,-0.006546021,-0.018630981,-0.004794121,0.047361374,-0.016681671,-0.005177498,0.010545731,0.035857201,0.000008902,-0.146722600,-0.568387985,-0.122307688,0.070227556,0.000091970,-0.005447388,-0.149234772,-0.594812393,-0.146043777,0.064729691,-0.039093971,0.000008902,-0.146722600,-0.568387985,-0.122307688,0.070227556,0.000091970,0.000000000,0.000000000,0.000000000,0.000000000,0.000000000,0.000000000,0.000000000,0.000000000,0.000000000,0.000000000,0.000000000,0.000000000,0.000000000,0.000000000,0.000000000,0.000000000,0.000000000,0.000000000,-0.005456289,-0.002512172,-0.026424408,-0.023736089,-0.005497865,-0.039185941,-0.004963434,-0.002033934,0.001947445,-0.016233227,-0.005318262,-0.039578232
4.109728813,-0.004409790,0.047361374,-0.016681671,-0.004794121,0.010545731,0.035857201,0.046325684,-0.079042435,0.028869629,0.086608887,0.047836304,-0.037765503,-0.004409790,0.047361374,-0.016681671,-0.005177498,0.010545731,0.035857201,0.000008902,-0.146722600,-0.568387985,-0.122307688,0.070227556,0.000091970,0.008041382,-0.154727936,-0.605188370,-0.138780594,0.064302444,0.008331299,0.000008902,-0.146722600,-0.568387985,-0.122307688,0.070227556,0.000091970,0.000000000,0.000000000,0.000000000,0.000000000,0.000000000,0.000000000,0.000000000,0.000000000,0.000000000,0.000000000,0.000000000,0.000000000,0.000000000,0.000000000,0.000000000,0.000000000,0.000000000,0.000000000,0.008032480,-0.008005336,-0.036800385,-0.016472906,-0.005925111,0.008239329,0.008525336,-0.007527099,-0.008428531,-0.008970043,-0.005745508,0.007847038
4.119741440,-0.004409790,0.047361374,-0.016681671,-0.004794121,0.010545731,0.035857201,-0.010070801,0.096742630,0.121520996,0.104064941,-0.037765503,0.011581421,-0.004409790,0.047361374,-0.017066002,-0.005177498,0.010545731,0.035857201,0.000008901,-0.143213391,-0.571712494,-0.122925662,0.070616879,0.000093006,0.004928589,-0.121768951,-0.666406631,-0.138780594,0.074556351,-0.005340576,0.000008901,-0.143213391,-0.571712494,-0.122925662,0.070616879,0.000093006,0.000000000,0.000000000,0.000000000,0.000000000,0.000000000,0.000000000,0.000000000,0.000000000,0.000000000,0.000000000,0.000000000,0.000000000,0.000000000,0.000000000,0.000000000,0.000000000,0.000000000,0.000000000,0.004919687,0.021444440,-0.094694138,-0.015854932,0.003939472,-0.005433582,0.005412543,0.021922677,-0.066322284,-0.008352070,0.004119076,-0.005825873
4.129671812,-0.004794121,0.047361374,-0.017066002,-0.005177498,0.010545731,0.036240578,0.053039551,-0.077211380,-0.061096191,0.069152832,0.041793823,0.059921265,-0.004409790,0.047744751,-0.016681671,-0.005177498,0.010545731,0.036240578,0.000008902,-0.149261177,-0.571705163,-0.122925155,0.070615910,0.000091970,-0.013229370,-0.101623535,-0.599481583,-0.126848221,0.071992874,-0.001922607,0.000008902,-0.149261177,-0.571705163,-0.122925155,0.070615910,0.000091970,0.000000000,0.000000000,0.000000000,0.000000000,0.000000000,0.000000000,0.000000000,0.000000000,0.000000000,0.000000000,0.000000000,0.000000000,0.000000000,0.000000000,0.000000000,0.000000000,0.000000000,0.000000000,-0.013238272,0.047637641,-0.027776420,-0.003923066,0.001376964,-0.002014577,-0.012745416,0.048115879,0.000595433,0.003579797,0.001556568,-0.002406868
4.139726162,-0.004409790,0.047361374,-0.016681671,-0.005177498,0.010545731,0.036240578,-0.036926270,-0.108339310,0.074523926,-0.143009186,-0.104236603,0.043807983,-0.004409790,0.047361374,-0.016681671,-0.004794121,0.010545731,0.035857201,0.000008902,-0.147308230,-0.567833185,-0.121691234,0.069839187,0.000090937,-0.000778198,-0.184024811,-0.581323624,-0.140336990,0.075838089,0.028839111,0.000008902,-0.147308230,-0.567833185,-0.121691234,0.069839187,0.000090937,0.000000000,0.000000000,0.000000000,0.000000000,0.000000000,0.000000000,0.000000000,0.000000000,0.000000000,0.000000000,0.000000000,0.000000000,0.000000000,0.000000000,0.000000000,0.000000000,0.000000000,0.000000000,-0.000787100,-0.036716580,-0.013490438,-0.018645756,0.005998902,0.028748175,-0.000294244,-0.036238343,0.014881415,-0.011142893,0.006178506,0.028355883
4.149688721,-0.004794121,0.047361374,-0.017066002,-0.005177498,0.010545731,0.036240578,-0.062438965,-0.002136230,-0.175235748,-0.039611816,0.000503540,-0.042800903,-0.004409790,0.047361374,-0.016681671,-0.004794121,0.010545731,0.035857201,0.000008902,-0.147308230,-0.567833185,-0.121691234,0.069839187,0.000090937,-0.004928589,-0.110778809,-0.563163757,-0.128923416,0.073701859,-0.013885498,0.000008902,-0.147308230,-0.567833185,-0.121691234,0.069839187,0.000090937,0.000000000,0.000000000,0.000000000,0.000000000,0.000000000,0.000000000,0.000000000,0.000000000,0.000000000,0.000000000,0.000000000,0.000000000,0.000000000,0.000000000,0.000000000,0.000000000,0.000000000,0.000000000,-0.004937490,0.036529422,0.004669428,-0.007232182,0.003862672,-0.013976435,-0.004444635,0.037007659,0.033041281,0.000270681,0.004042275,-0.014368726
4.159717321,-0.004409790,0.047361374,-0.016681671,-0.005177498,0.010545731,0.035857201,-0.031555176,0.078432083,-0.034240723,-0.114810944,-0.048843384,0.004531860,-0.004409790,0.047361374,-0.016681671,-0.005177498,0.010545731,0.035857201,0.000008902,-0.146722600,-0.568387985,-0.122307688,0.070227556,0.000091970,-0.005447388,-0.136417389,-0.581842422,-0.133592606,0.070711136,-0.008758545,0.000008902,-0.146722600,-0.568387985,-0.122307688,0.070227556,0.000091970,0.000000000,0.000000000,0.000000000,0.000000000,0.000000000,0.000000000,0.000000000,0.000000000,0.000000000,0.000000000,0.000000000,0.000000000,0.000000000,0.000000000,0.000000000,0.000000000,0.000000000,0.000000000,-0.005456289,0.010305211,-0.013454437,-0.011284918,0.000483580,-0.008850515,-0.004963433,0.010783448,0.014917416,-0.003782055,0.000663184,-0.009242806
4.169686317,-0.004409790,0.047361374,-0.016681671,-0.005177498,0.010545731,0.035857201,-0.071838379,-0.011901855,0.010070801,0.117492676,0.037765503,-0.081073761,-0.004794121,0.047361374,-0.016681671,-0.004794121,0.010545731,0.035857201,0.000008902,-0.147308230,-0.567833185,-0.121691234,0.069839187,0.000090937,0.002853394,-0.162052155,-0.614526749,-0.131517410,0.068147659,-0.021575928,0.000008902,-0.147308230,-0.567833185,-0.121691234,0.069839187,0.000090937,0.000000000,0.000000000,0.000000000,0.000000000,0.000000000,0.000000000,0.000000000,0.000000000,0.000000000,0.000000000,0.000000000,0.000000000,0.000000000,0.000000000,0.000000000,0.000000000,0.000000000,0.000000000,0.002844492,-0.014743924,-0.046693563,-0.009826176,-0.001691528,-0.021666865,0.003337348,-0.014265687,-0.018321710,-0.002323313,-0.001511924,-0.022059156
4.179718256,-0.004794121,0.047361374,-0.017066002,-0.005177498,0.010545731,0.035857201,0.019470215,-0.027770996,0.038269043,-0.008728027,-0.024673462,-0.028701782,-0.004409790,0.047361374,-0.016681671,-0.004794121,0.010545731,0.036240578,0.000008902,-0.147307247,-0.567834139,-0.121692270,0.069839187,0.000089904,0.004409790,-0.176700592,-0.598962784,-0.118547440,0.071565628,0.012176514,0.000008902,-0.147307247,-0.567834139,-0.121692270,0.069839187,0.000089904,0.000000000,0.000000000,0.000000000,0.000000000,0.000000000,0.000000000,0.000000000,0.000000000,0.000000000,0.000000000,0.000000000,0.000000000,0.000000000,0.000000000,0.000000000,0.000000000,0.000000000,0.000000000,0.004400889,-0.029393345,-0.031128645,0.003144830,0.001726441,0.012086610,0.004893744,-0.028915108,-0.002756792,0.010647693,0.001906045,0.011694319
4.189685345,-0.004409790,0.047744751,-0.016681671,-0.005177498,0.010545731,0.035857201,-0.024841309,0.098573685,0.117492676,-0.090641022,-0.030715942,0.042800903,-0.004794121,0.047361374,-0.016681671,-0.005177498,0.010545731,0.035857201,0.000008902,-0.146722600,-0.568387985,-0.122307688,0.070227556,0.000091970,-0.023605347,-0.136417389,-0.578729630,-0.143968582,0.065584183,-0.004058838,0.000008902,-0.146722600,-0.568387985,-0.122307688,0.070227556,0.000091970,0.000000000,0.000000000,0.000000000,0.000000000,0.000000000,0.000000000,0.000000000,0.000000000,0.000000000,0.000000000,0.000000000,0.000000000,0.000000000,0.000000000,0.000000000,0.000000000,0.000000000,0.000000000,-0.023614248,0.010305211,-0.010341644,-0.021660894,-0.004643373,-0.004150808,-0.023121393,0.010783448,0.018030209,-0.014158032,-0.004463770,-0.004543099
4.199728012,-0.004409790,0.047361374,-0.016681671,-0.004794121,0.010545731,0.036240578,0.100036621,-0.050355911,0.089294434,-0.027526855,-0.010574341,-0.009567261,-0.004409790,0.047361374,-0.016681671,-0.004794121,0.010545731,0.035857201,0.000008902,-0.147308230,-0.567833185,-0.121691234,0.069839187,0.000090937,0.000778198,-0.154727936,-0.602594376,-0.138780594,0.064729691,-0.007476807,0.000008902,-0.147308230,-0.567833185,-0.121691234,0.069839187,0.000090937,0.000000000,0.000000000,0.000000000,0.000000000,0.000000000,0.000000000,0.000000000,0.000000000,0.000000000,0.000000000,0.000000000,0.000000000,0.000000000,0.000000000,0.000000000,0.000000000,0.000000000,0.000000000,0.000769297,-0.007419705,-0.034761190,-0.017089359,-0.005109496,-0.007567743,0.001262152,-0.006941468,-0.006389337,-0.009586497,-0.004929893,-0.007960034
4.209688187,-0.004794121,0.047361374,-0.017066002,-0.005177498,0.010545731,0.036240578,-0.020812988,0.116273880,-0.198062897,0.079895020,-0.083087921,-0.004531860,-0.004409790,0.047361374,-0.016681671,-0.005177498,0.010545731,0.036240578,0.000008902,-0.146721616,-0.568388939,-0.122308724,0.070227556,0.000090937,0.015304565,-0.138248444,-0.622308731,-0.138261795,0.069856644,-0.023284912,0.000008902,-0.146721616,-0.568388939,-0.122308724,0.070227556,0.000090937,0.000000000,0.000000000,0.000000000,0.000000000,0.000000000,0.000000000,0.000000000,0.000000000,0.000000000,0.000000000,0.000000000,0.000000000,0.000000000,0.000000000,0.000000000,0.000000000,0.000000000,0.000000000,0.015295664,0.008473173,-0.053919792,-0.015953071,-0.000370912,-0.023375849,0.015788520,0.008951410,-0.025547939,-0.008450209,-0.000191309,-0.023768140
4.219685793,-0.004794121,0.047361374,-0.016681671,-0.005177498,0.010545731,0.035857201,-0.065124512,-0.108339310,-0.086612701,-0.008728027,0.048843384,0.021652222,-0.004794121,0.047361374,-0.017066002,-0.005177498,0.010545731,0.036240578,0.000008902,-0.143212408,-0.571713448,-0.122926690,0.070616879,0.000091972,-0.005966187,-0.162052155,-0.604150772,-0.105577469,0.057466507,-0.013885498,0.000008902,-0.143212408,-0.571713448,-0.122926690,0.070616879,0.000091972,0.000000000,0.000000000,0.000000000,0.000000000,0.000000000,0.000000000,0.000000000,0.000000000,0.000000000,0.000000000,0.000000000,0.000000000,0.000000000,0.000000000,0.000000000,0.000000000,0.000000000,0.000000000,-0.005975088,-0.018839747,-0.032437325,0.017349221,-0.013150372,-0.013977471,-0.005482232,-0.018361509,-0.004065471,0.024852083,-0.012970768,-0.014369762
4.229685068,-0.004409790,0.047361374,-0.017066002,-0.004794121,0.010545731,0.036240578,-0.083923340,0.055847168,-0.010070801,0.050354004,-0.052871704,0.028701782,-0.004409790,0.047361374,-0.016681671,-0.005177498,0.010545731,0.035857201,0.000008902,-0.146722600,-0.568387985,-0.122307688,0.070227556,0.000091970,-0.012191772,-0.127262115,-0.591180801,-0.117509842,0.066011429,0.007049561,0.000008902,-0.146722600,-0.568387985,-0.122307688,0.070227556,0.000091970,0.000000000,0.000000000,0.000000000,0.000000000,0.000000000,0.000000000,0.000000000,0.000000000,0.000000000,0.000000000,0.000000000,0.000000000,0.000000000,0.000000000,0.000000000,0.000000000,0.000000000,0.000000000,-0.012200674,0.019460484,-0.022792816,0.004797846,-0.004216127,0.006957591,-0.011707818,0.019938722,0.005579037,0.012300709,-0.004036523,0.006565300
4.239737511,-0.004794121,0.047361374,-0.016681671,-0.004794121,0.010545731,0.035857201,0.015441895,0.075378418,0.034240723,0.016784668,0.056900024,-0.011581421,-0.004409790,0.047361374,-0.017066002,-0.004794121,0.010545731,0.035857201,0.000008901,-0.143799007,-0.571157694,-0.122309223,0.070228517,0.000091973,-0.010116577,-0.129093170,-0.606744766,-0.126329422,0.066438675,0.013885498,0.000008901,-0.143799007,-0.571157694,-0.122309223,0.070228517,0.000091973,0.000000000,0.000000000,0.000000000,0.000000000,0.000000000,0.000000000,0.000000000,0.000000000,0.000000000,0.000000000,0.000000000,0.000000000,0.000000000,0.000000000,0.000000000,0.000000000,0.000000000,0.000000000,-0.010125479,0.014705837,-0.035587072,-0.004020199,-0.003789842,0.013793526,-0.009632623,0.015184074,-0.007215219,0.003482663,-0.003610239,0.013401234
4.249686241,-0.004409790,0.047361374,-0.017066002,-0.005177498,0.010545731,0.035857201,-0.002014160,-0.060121536,0.062438965,0.075866699,0.051864624,0.015609741,-0.004794121,0.047361374,-0.016681671,-0.005177498,0.010545731,0.036240578,0.000008902,-0.146721616,-0.568388939,-0.122308724,0.070227556,0.000090937,0.005447388,-0.129093170,-0.584955215,-0.142930984,0.068574905,-0.016876221,0.000008902,-0.146721616,-0.568388939,-0.122308724,0.070227556,0.000090937,0.000000000,0.000000000,0.000000000,0.000000000,0.000000000,0.000000000,0.000000000,0.000000000,0.000000000,0.000000000,0.000000000,0.000000000,0.000000000,0.000000000,0.000000000,0.000000000,0.000000000,0.000000000,0.005438486,0.017628446,-0.016566277,-0.020622261,-0.001652651,-0.016967157,0.005931342,0.018106684,0.011805577,-0.013119398,-0.001473047,-0.017359448
4.259689569,-0.004409790,0.047744751,-0.016681671,-0.004794121,0.010545731,0.036240578,-0.028869629,0.160219193,-0.026184082,0.110778809,-0.023666382,0.072006226,-0.004794121,0.047361374,-0.016681671,-0.004794121,0.010545731,0.036240578,0.000008902,-0.147307247,-0.567834139,-0.121692270,0.069839187,0.000089904,-0.007003784,-0.182193756,-0.569910049,-0.124773026,0.070283890,0.004913330,0.000008902,-0.147307247,-0.567834139,-0.121692270,0.069839187,0.000089904,0.000000000,0.000000000,0.000000000,0.000000000,0.000000000,0.000000000,0.000000000,0.000000000,0.000000000,0.000000000,0.000000000,0.000000000,0.000000000,0.000000000,0.000000000,0.000000000,0.000000000,0.000000000,-0.007012686,-0.034886509,-0.002075911,-0.003080755,0.000444703,0.004823426,-0.006519830,-0.034408272,0.026295943,0.004422107,0.000624306,0.004431135
4.269724846,-0.004794121,0.047361374,-0.016681671,-0.004794121,0.010545731,0.036240578,-0.136295319,0.060119629,-0.004699707,0.065124512,0.019638062,0.028701782,-0.004794121,0.047361374,-0.016681671,-0.005177498,0.010545731,0.036240578,0.000008902,-0.146721616,-0.568388939,-0.122308724,0.070227556,0.000090937,-0.005966187,-0.152896881,-0.601037979,-0.127885818,0.070283890,-0.023712158,0.000008902,-0.146721616,-0.568388939,-0.122308724,0.070227556,0.000090937,0.000000000,0.000000000,0.000000000,0.000000000,0.000000000,0.000000000,0.000000000,0.000000000,0.000000000,0.000000000,0.000000000,0.000000000,0.000000000,0.000000000,0.000000000,0.000000000,0.000000000,0.000000000,-0.005975088,-0.006175265,-0.032649040,-0.005577095,0.000056334,-0.023803095,-0.005482232,-0.005697027,-0.004277187,0.001925768,0.000235937,-0.024195386
4.279724598,-0.004794121,0.047361374,-0.016681671,-0.005177498,0.010545731,0.035857201,0.003356934,0.093690872,0.121520996,-0.100040436,-0.009567261,-0.000503540,-0.004409790,0.047361374,-0.016681671,-0.005177498,0.010545731,0.035857201,0.000008902,-0.146722600,-0.568387985,-0.122307688,0.070227556,0.000091970,0.028793335,-0.151065826,-0.580286026,-0.081712723,0.071992874,-0.023712158,0.000008902,-0.146722600,-0.568387985,-0.122307688,0.070227556,0.000091970,0.000000000,0.000000000,0.000000000,0.000000000,0.000000000,0.000000000,0.000000000,0.000000000,0.000000000,0.000000000,0.000000000,0.000000000,0.000000000,0.000000000,0.000000000,0.000000000,0.000000000,0.000000000,0.028784433,-0.004343227,-0.011898041,0.040594965,0.001765318,-0.023804128,0.029277289,-0.003864989,0.016473813,0.048097828,0.001944922,-0.024196419
4.289694309,-0.004409790,0.047361374,-0.016681671,-0.004794121,0.010545731,0.035857201,-0.002014160,-0.086366653,0.026184082,-0.066467285,-0.020645142,0.007553101,-0.004409790,0.047361374,-0.016681671,-0.004794121,0.010545731,0.036240578,0.000008902,-0.147307247,-0.567834139,-0.121692270,0.069839187,0.000089904,-0.009078979,-0.167545319,-0.594812393,-0.133592606,0.072420120,0.000640869,0.000008902,-0.147307247,-0.567834139,-0.121692270,0.069839187,0.000089904,0.000000000,0.000000000,0.000000000,0.000000000,0.000000000,0.000000000,0.000000000,0.000000000,0.000000000,0.000000000,0.000000000,0.000000000,0.000000000,0.000000000,0.000000000,0.000000000,0.000000000,0.000000000,-0.009087881,-0.020238072,-0.026978254,-0.011900336,0.002580933,0.000550966,-0.008595025,-0.019759834,0.001393599,-0.004397473,0.002760537,0.000158675
4.299686193,-0.004409790,0.047361374,-0.016681671,-0.004794121,0.010545731,0.035857201,0.106750488,-0.046083450,0.083923340,-0.014099121,-0.034744263,0.000503540,-0.004409790,0.047361374,-0.016681671,-0.005177498,0.010545731,0.036240578,0.000008902,-0.146721616,-0.568388939,-0.122308724,0.070227556,0.000090937,0.009597778,-0.174869537,-0.604150772,-0.111803055,0.071138382,0.001068115,0.000008902,-0.146721616,-0.568388939,-0.122308724,0.070227556,0.000090937,0.000000000,0.000000000,0.000000000,0.000000000,0.000000000,0.000000000,0.000000000,0.000000000,0.000000000,0.000000000,0.000000000,0.000000000,0.000000000,0.000000000,0.000000000,0.000000000,0.000000000,0.000000000,0.009588877,-0.028147921,-0.035761833,0.010505669,0.000910826,0.000977178,0.010081733,-0.027669684,-0.007389980,0.018008531,0.001090430,0.000584887
4.309686184,-0.004794121,0.047361374,-0.016681671,-0.004794121,0.010545731,0.035857201,0.091979980,-0.129091263,-0.126895905,-0.019470215,-0.028701782,0.035751343,-0.004409790,0.047361374,-0.016681671,-0.005177498,0.010545731,0.036240578,0.000008902,-0.146721616,-0.568388939,-0.122308724,0.070227556,0.000090937,-0.004928589,-0.171207428,-0.561607361,-0.102983475,0.074129105,0.023712158,0.000008902,-0.146721616,-0.568388939,-0.122308724,0.070227556,0.000090937,0.000000000,0.000000000,0.000000000,0.000000000,0.000000000,0.000000000,0.000000000,0.000000000,0.000000000,0.000000000,0.000000000,0.000000000,0.000000000,0.000000000,0.000000000,0.000000000,0.000000000,0.000000000,-0.004937490,-0.024485812,0.006781578,0.019325249,0.003901549,0.023621221,-0.004444635,-0.024007574,0.035153431,0.026828111,0.004081152,0.023228930
4.319742203,-0.004409790,0.047361374,-0.016681671,-0.005177498,0.010545731,0.035857201,0.070495605,-0.002746582,-0.016784668,0.134948730,0.002517700,-0.042800903,-0.004794121,0.047361374,-0.016681671,-0.005177498,0.010545731,0.035857201,0.000008902,-0.146722600,-0.568387985,-0.122307688,0.070227556,0.000091970,-0.003890991,-0.191349030,-0.594293594,-0.134630203,0.058320999,-0.007476807,0.000008902,-0.146722600,-0.568387985,-0.122307688,0.070227556,0.000091970,0.000000000,0.000000000,0.000000000,0.000000000,0.000000000,0.000000000,0.000000000,0.000000000,0.000000000,0.000000000,0.000000000,0.000000000,0.000000000,0.000000000,0.000000000,0.000000000,0.000000000,0.000000000,-0.003899893,-0.044626430,-0.025905609,-0.012322515,-0.011906557,-0.007568777,-0.003407037,-0.044148192,0.002466244,-0.004819653,-0.011726953,-0.007961068
4.329713583,-0.004409790,0.047361374,-0.017066002,-0.005177498,0.010545731,0.035857201,0.028869629,-0.029602051,-0.206119537,0.038269043,-0.046829224,-0.000503540,-0.004794121,0.047361374,-0.016681671,-0.005177498,0.010545731,0.035857201,0.000008902,-0.146722600,-0.568387985,-0.122307688,0.070227556,0.000091970,-0.003372192,-0.156558990,-0.588586807,-0.132036209,0.086091995,-0.013885498,0.000008902,-0.146722600,-0.568387985,-0.122307688,0.070227556,0.000091970,0.000000000,0.000000000,0.000000000,0.000000000,0.000000000,0.000000000,0.000000000,0.000000000,0.000000000,0.000000000,0.000000000,0.000000000,0.000000000,0.000000000,0.000000000,0.000000000,0.000000000,0.000000000,-0.003381094,-0.009836391,-0.020198822,-0.009728521,0.015864439,-0.013977468,-0.002888238,-0.009358153,0.008173031,-0.002225659,0.016044043,-0.014369759
4.339737654,-0.004409790,0.047361374,-0.016681671,-0.005177498,0.010545731,0.036240578,-0.039611816,-0.061342239,-0.067810059,0.031555176,0.052871704,0.005538940,-0.004409790,0.047361374,-0.016681671,-0.005177498,0.010545731,0.036240578,0.000008902,-0.146721616,-0.568388939,-0.122308724,0.070227556,0.000090937,0.008041382,-0.156558990,-0.592218399,-0.134111404,0.084810257,0.015594482,0.000008902,-0.146721616,-0.568388939,-0.122308724,0.070227556,0.000090937,0.000000000,0.000000000,0.000000000,0.000000000,0.000000000,0.000000000,0.000000000,0.000000000,0.000000000,0.000000000,0.000000000,0.000000000,0.000000000,0.000000000,0.000000000,0.000000000,0.000000000,0.000000000,0.008032480,-0.009837374,-0.023829460,-0.011802681,0.014582701,0.015503546,0.008525336,-0.009359137,0.004542393,-0.004299818,0.014762305,0.015111255
4.349692345,-0.004794121,0.047361374,-0.016681671,-0.005177498,0.010545731,0.036240578,-0.019470215,-0.001525879,0.122863770,0.002014160,0.022659302,0.049850464,-0.004794121,0.047361374,-0.016681671,-0.005177498,0.010545731,0.035857201,0.000008902,-0.146722600,-0.568387985,-0.122307688,0.070227556,0.000091970,0.005447388,-0.141910553,-0.583398819,-0.137742996,0.071565628,-0.011749268,0.000008902,-0.146722600,-0.568387985,-0.122307688,0.070227556,0.000091970,0.000000000,0.000000000,0.000000000,0.000000000,0.000000000,0.000000000,0.000000000,0.000000000,0.000000000,0.000000000,0.000000000,0.000000000,0.000000000,0.000000000,0.000000000,0.000000000,0.000000000,0.000000000,0.005438486,0.004812047,-0.015010834,-0.015435308,0.001338072,-0.011841238,0.005931342,0.005290284,0.013361020,-0.007932446,0.001517676,-0.012233529
4.359687567,-0.004409790,0.047361374,-0.016681671,-0.005177498,0.010545731,0.035857201,0.110778809,0.022277832,0.148376465,0.027526855,-0.027694702,-0.036758423,-0.004794121,0.047361374,-0.016681671,-0.005177498,0.010545731,0.035857201,0.000008902,-0.146722600,-0.568387985,-0.122307688,0.070227556,0.000091970,-0.004928589,-0.147403717,-0.601037979,-0.129442215,0.057893753,0.012603760,0.000008902,-0.146722600,-0.568387985,-0.122307688,0.070227556,0.000091970,0.000000000,0.000000000,0.000000000,0.000000000,0.000000000,0.000000000,0.000000000,0.000000000,0.000000000,0.000000000,0.000000000,0.000000000,0.000000000,0.000000000,0.000000000,0.000000000,0.000000000,0.000000000,-0.004937491,-0.000681117,-0.032649994,-0.007134527,-0.012333803,0.012511790,-0.004444635,-0.000202880,-0.004278141,0.000368336,-0.012154199,0.012119499
4.369693518,-0.004409790,0.047361374,-0.016681671,-0.005177498,0.010545731,0.035857201,0.106750488,0.020446777,0.134948730,-0.077209473,0.051864624,-0.002517700,-0.004409790,0.047361374,-0.016681671,-0.005177498,0.010545731,0.035857201,0.000008902,-0.146722600,-0.568387985,-0.122307688,0.070227556,0.000091970,0.003890991,-0.180362701,-0.624383926,-0.120622635,0.067293167,-0.006195068,0.000008902,-0.146722600,-0.568387985,-0.122307688,0.070227556,0.000091970,0.000000000,0.000000000,0.000000000,0.000000000,0.000000000,0.000000000,0.000000000,0.000000000,0.000000000,0.000000000,0.000000000,0.000000000,0.000000000,0.000000000,0.000000000,0.000000000,0.000000000,0.000000000,0.003882090,-0.033640102,-0.055995941,0.001685053,-0.002934389,-0.006287038,0.004374945,-0.033161864,-0.027624088,0.009187916,-0.002754785,-0.006679329
4.379691839,-0.004794121,0.047361374,-0.017066002,-0.005177498,0.010545731,0.036240578,-0.149723053,0.048522949,-0.130924225,-0.053039551,0.034744263,-0.012588501,-0.004409790,0.047361374,-0.017066002,-0.004794121,0.010545731,0.036240578,0.000008901,-0.143798023,-0.571158648,-0.122310258,0.070228517,0.000090939,0.023605347,-0.147403717,-0.609857559,-0.129961014,0.066011429,0.007049561,0.000008901,-0.143798023,-0.571158648,-0.122310258,0.070228517,0.000090939,0.000000000,0.000000000,0.000000000,0.000000000,0.000000000,0.000000000,0.000000000,0.000000000,0.000000000,0.000000000,0.000000000,0.000000000,0.000000000,0.000000000,0.000000000,0.000000000,0.000000000,0.000000000,0.023596445,-0.003605694,-0.038698912,-0.007650755,-0.004217088,0.006958621,0.024089301,-0.003127456,-0.010327058,-0.000147893,-0.004037485,0.006566330
4.389688253,-0.004409790,0.047361374,-0.016681671,-0.005177498,0.010545731,0.036240578,-0.063781738,0.029602051,0.152404785,-0.043640137,0.002517700,0.019638062,-0.004409790,0.047361374,-0.016681671,-0.004794121,0.010545731,0.036240578,0.000008902,-0.147307247,-0.567834139,-0.121692270,0.069839187,0.000089904,-0.003372192,-0.130924225,-0.642541885,-0.128404617,0.068147659,-0.010040283,0.000008902,-0.147307247,-0.567834139,-0.121692270,0.069839187,0.000089904,0.000000000,0.000000000,0.000000000,0.000000000,0.000000000,0.000000000,0.000000000,0.000000000,0.000000000,0.000000000,0.000000000,0.000000000,0.000000000,0.000000000,0.000000000,0.000000000,0.000000000,0.000000000,-0.003381094,0.016383022,-0.074707747,-0.006712347,-0.001691528,-0.010130187,-0.002888238,0.016861259,-0.046335893,0.000790515,-0.001511924,-0.010522478
4.399693012,-0.004409790,0.047361374,-0.016681671,-0.004794121,0.010545731,0.035857201,0.035583496,-0.059511185,0.065124512,0.046325684,-0.022659302,-0.004531860,-0.004409790,0.047361374,-0.016681671,-0.005177498,0.010545731,0.036240578,0.000008902,-0.146721616,-0.568388939,-0.122308724,0.070227556,0.000090937,0.003372192,-0.187686920,-0.604150772,-0.146562576,0.071565628,0.012176514,0.000008902,-0.146721616,-0.568388939,-0.122308724,0.070227556,0.000090937,0.000000000,0.000000000,0.000000000,0.000000000,0.000000000,0.000000000,0.000000000,0.000000000,0.000000000,0.000000000,0.000000000,0.000000000,0.000000000,0.000000000,0.000000000,0.000000000,0.000000000,0.000000000,0.003363291,-0.040965304,-0.035761833,-0.024253853,0.001338072,0.012085577,0.003856147,-0.040487066,-0.007389980,-0.016750990,0.001517676,0.011693286
4.409692287,-0.004409790,0.047361374,-0.016681671,-0.005177498,0.010545731,0.036240578,0.164489746,0.008239746,-0.147037506,0.014099121,-0.033737183,0.085098267,-0.004794121,0.047361374,-0.017066002,-0.004794121,0.010545731,0.036240578,0.000008902,-0.143798023,-0.571158648,-0.122310258,0.070228517,0.000090939,0.005966187,-0.163883209,-0.586511612,-0.137742996,0.083101273,-0.027558327,0.000008902,-0.143798023,-0.571158648,-0.122310258,0.070228517,0.000090939,0.000000000,0.000000000,0.000000000,0.000000000,0.000000000,0.000000000,0.000000000,0.000000000,0.000000000,0.000000000,0.000000000,0.000000000,0.000000000,0.000000000,0.000000000,0.000000000,0.000000000,0.000000000,0.005957285,-0.020085186,-0.015352964,-0.015432738,0.012872756,-0.027649266,0.006450141,-0.019606948,0.013018889,-0.007929875,0.013052359,-0.028041557
4.419720650,-0.004409790,0.047361374,-0.016681671,-0.004794121,0.010545731,0.036240578,0.039611816,0.037536621,0.022155762,-0.007385254,0.052871704,0.011581421,-0.004409790,0.047361374,-0.016681671,-0.005177498,0.010545731,0.036240578,0.000008902,-0.146721616,-0.568388939,-0.122308724,0.070227556,0.000090937,-0.000259399,-0.132755280,-0.561088562,-0.122179031,0.072847366,0.002777100,0.000008902,-0.146721616,-0.568388939,-0.122308724,0.070227556,0.000090937,0.000000000,0.000000000,0.000000000,0.000000000,0.000000000,0.000000000,0.000000000,0.000000000,0.000000000,0.000000000,0.000000000,0.000000000,0.000000000,0.000000000,0.000000000,0.000000000,0.000000000,0.000000000,-0.000268301,0.013966337,0.007300377,0.000129692,0.002619810,0.002686163,0.000224555,0.014444574,0.035672230,0.007632555,0.002799414,0.002293872
4.429700136,-0.004409790,0.047361374,-0.016681671,-0.005177498,0.010545731,0.035857201,-0.078552246,0.061340332,-0.006042480,0.028869629,0.061935425,-0.009567261,-0.004409790,0.047361374,-0.016681671,-0.005177498,0.010545731,0.035857201,0.000008902,-0.146722600,-0.568387985,-0.122307688,0.070227556,0.000091970,-0.019454956,-0.140079498,-0.574579239,-0.135667801,0.050628662,-0.002777100,0.000008902,-0.146722600,-0.568387985,-0.122307688,0.070227556,0.000091970,0.000000000,0.000000000,0.000000000,0.000000000,0.000000000,0.000000000,0.000000000,0.000000000,0.000000000,0.000000000,0.000000000,0.000000000,0.000000000,0.000000000,0.000000000,0.000000000,0.000000000,0.000000000,-0.019463858,0.006643102,-0.006191254,-0.013360113,-0.019598894,-0.002869070,-0.018971002,0.007121339,0.022180600,-0.005857250,-0.019419290,-0.003261361
4.439690351,-0.004409790,0.047361374,-0.016681671,-0.004794121,0.010545731,0.035857201,-0.018127441,0.016784668,-0.011413574,0.140319824,0.005538940,0.018630981,-0.004409790,0.047361374,-0.016681671,-0.005177498,0.010545731,0.035857201,0.000008902,-0.146722600,-0.568387985,-0.122307688,0.070227556,0.000091970,-0.015304565,-0.176700592,-0.587549210,-0.138261795,0.081819534,-0.000213623,0.000008902,-0.146722600,-0.568387985,-0.122307688,0.070227556,0.000091970,0.000000000,0.000000000,0.000000000,0.000000000,0.000000000,0.000000000,0.000000000,0.000000000,0.000000000,0.000000000,0.000000000,0.000000000,0.000000000,0.000000000,0.000000000,0.000000000,0.000000000,0.000000000,-0.015313467,-0.029977992,-0.019161224,-0.015954107,0.011591978,-0.000305593,-0.014820611,-0.029499755,0.009210629,-0.008451245,0.011771582,-0.000697884
4.449686050,-0.004409790,0.047361374,-0.016681671,-0.005177498,0.010930061,0.036240578,-0.003356934,0.061950684,0.074523926,-0.087955475,0.046829224,-0.044815063,-0.004794121,0.047361374,-0.016681671,-0.005177498,0.010545731,0.035857201,0.000008902,-0.146722600,-0.568387985,-0.122307688,0.070227556,0.000091970,-0.009078979,-0.156558990,-0.538261414,-0.149156570,0.076692581,0.000213623,0.000008902,-0.146722600,-0.568387985,-0.122307688,0.070227556,0.000091970,0.000000000,0.000000000,0.000000000,0.000000000,0.000000000,0.000000000,0.000000000,0.000000000,0.000000000,0.000000000,0.000000000,0.000000000,0.000000000,0.000000000,0.000000000,0.000000000,0.000000000,0.000000000,-0.009087881,-0.009836391,0.030126572,-0.026848882,0.006465025,0.000121653,-0.008595025,-0.009358153,0.058498425,-0.019346020,0.006644629,-0.000270638
4.459750175,-0.004794121,0.047744751,-0.016681671,-0.005177498,0.010545731,0.035857201,0.027526855,0.071716309,-0.014099121,-0.124210358,0.053878784,-0.002517700,-0.004409790,0.047361374,-0.016681671,-0.005177498,0.010545731,0.036240578,0.000008902,-0.146721616,-0.568388939,-0.122308724,0.070227556,0.000090937,-0.013748169,-0.178531647,-0.569910049,-0.118547440,0.067720413,0.010040283,0.000008902,-0.146721616,-0.568388939,-0.122308724,0.070227556,0.000090937,0.000000000,0.000000000,0.000000000,0.000000000,0.000000000,0.000000000,0.000000000,0.000000000,0.000000000,0.000000000,0.000000000,0.000000000,0.000000000,0.000000000,0.000000000,0.000000000,0.000000000,0.000000000,-0.013757070,-0.031810030,-0.001521111,0.003761284,-0.002507143,0.009949346,-0.013264215,-0.031331793,0.026850743,0.011264147,-0.002327539,0.009557055
4.469694138,-0.004409790,0.047361374,-0.016681671,-0.004794121,0.010545731,0.036240578,0.071838379,0.030212402,0.129577637,0.046325684,0.012588501,-0.026687622,-0.004409790,0.047744751,-0.016681671,-0.004794121,0.010545731,0.035857201,0.000008902,-0.149847776,-0.571149468,-0.122307688,0.070227556,0.000091970,0.017898560,-0.134586334,-0.601556778,-0.123216629,0.074556351,0.004486084,0.000008902,-0.149847776,-0.571149468,-0.122307688,0.070227556,0.000091970,0.000000000,0.000000000,0.000000000,0.000000000,0.000000000,0.000000000,0.000000000,0.000000000,0.000000000,0.000000000,0.000000000,0.000000000,0.000000000,0.000000000,0.000000000,0.000000000,0.000000000,0.000000000,0.017889658,0.015261441,-0.030407310,-0.000908941,0.004328795,0.004394114,0.018382514,0.015739679,-0.002035456,0.006593922,0.004508398,0.004001823
4.479686499,-0.004409790,0.047361374,-0.016681671,-0.005177498,0.010545731,0.036240578,0.141662598,-0.093690872,-0.073181152,-0.047668457,0.025680542,-0.010574341,-0.004794121,0.047361374,-0.016681671,-0.005177498,0.010545731,0.036240578,0.000008902,-0.146721616,-0.568388939,-0.122308724,0.070227556,0.000090937,0.002853394,-0.151065826,-0.610895157,-0.145524979,0.060457230,0.007476807,0.000008902,-0.146721616,-0.568388939,-0.122308724,0.070227556,0.000090937,0.000000000,0.000000000,0.000000000,0.000000000,0.000000000,0.000000000,0.000000000,0.000000000,0.000000000,0.000000000,0.000000000,0.000000000,0.000000000,0.000000000,0.000000000,0.000000000,0.000000000,0.000000000,0.002844492,-0.004344210,-0.042506218,-0.023216255,-0.009770326,0.007385870,0.003337348,-0.003865973,-0.014134365,-0.015713392,-0.009590723,0.006993579
4.489689589,-0.004794121,0.047361374,-0.016681671,-0.004794121,0.010545731,0.036240578,-0.082580566,0.071105957,0.262516022,0.069152832,0.042800903,-0.016616821,-0.004409790,0.047361374,-0.016681671,-0.004794121,0.010545731,0.035857201,0.000008902,-0.147308230,-0.567833185,-0.121691234,0.069839187,0.000090937,-0.024124146,-0.147403717,-0.634759903,-0.120103836,0.069002151,0.013031006,0.000008902,-0.147308230,-0.567833185,-0.121691234,0.069839187,0.000090937,0.000000000,0.000000000,0.000000000,0.000000000,0.000000000,0.000000000,0.000000000,0.000000000,0.000000000,0.000000000,0.000000000,0.000000000,0.000000000,0.000000000,0.000000000,0.000000000,0.000000000,0.000000000,-0.024133047,-0.000095487,-0.066926718,0.001587398,-0.000837035,0.012940069,-0.023640191,0.000382751,-0.038554864,0.009090261,-0.000657432,0.012547778
4.499693394,-0.004794121,0.047361374,-0.016681671,-0.005177498,0.010545731,0.036240578,-0.026184082,-0.118715286,0.008728027,-0.036926270,-0.014602661,-0.072010040,-0.004409790,0.047361374,-0.016681671,-0.004794121,0.010545731,0.035857201,0.000008902,-0.147308230,-0.567833185,-0.121691234,0.069839187,0.000090937,0.018417358,-0.132755280,-0.592218399,-0.132555008,0.077547073,-0.010467529,0.000008902,-0.147308230,-0.567833185,-0.121691234,0.069839187,0.000090937,0.000000000,0.000000000,0.000000000,0.000000000,0.000000000,0.000000000,0.000000000,0.000000000,0.000000000,0.000000000,0.000000000,0.000000000,0.000000000,0.000000000,0.000000000,0.000000000,0.000000000,0.000000000,0.018408457,0.014552951,-0.024385214,-0.010863774,0.007707886,-0.010558466,0.018901313,0.015031188,0.003986639,-0.003360911,0.007887490,-0.010950757
4.509691238,-0.004794121,0.047361374,-0.017066002,-0.005177498,0.010545731,0.036240578,-0.003356934,0.020446777,-0.059753418,-0.026184082,-0.007553101,-0.035751343,-0.004794121,0.047361374,-0.016681671,-0.005177498,0.010545731,0.035857201,0.000008902,-0.146722600,-0.568387985,-0.122307688,0.070227556,0.000091970,-0.001296997,-0.149234772,-0.576135635,-0.126329422,0.066865921,0.007476807,0.000008902,-0.146722600,-0.568387985,-0.122307688,0.070227556,0.000091970,0.000000000,0.000000000,0.000000000,0.000000000,0.000000000,0.000000000,0.000000000,0.000000000,0.000000000,0.000000000,0.000000000,0.000000000,0.000000000,0.000000000,0.000000000,0.000000000,0.000000000,0.000000000,-0.001305899,-0.002512172,-0.007747650,-0.004021734,-0.003361635,0.007384837,-0.000813043,-0.002033934,0.020624203,0.003481129,-0.003182031,0.006992546
4.519685745,-0.004794121,0.047744751,-0.016681671,-0.005177498,0.010930061,0.035857201,0.078552246,0.038146973,-0.035583496,-0.175235748,0.016616821,-0.027694702,-0.004409790,0.047361374,-0.017066002,-0.005177498,0.010545731,0.035857201,0.000008901,-0.143213391,-0.571712494,-0.122925662,0.070616879,0.000093006,0.010635376,-0.169376373,-0.654993057,-0.124254227,0.074983597,-0.007904053,0.000008901,-0.143213391,-0.571712494,-0.122925662,0.070616879,0.000093006,0.000000000,0.000000000,0.000000000,0.000000000,0.000000000,0.000000000,0.000000000,0.000000000,0.000000000,0.000000000,0.000000000,0.000000000,0.000000000,0.000000000,0.000000000,0.000000000,0.000000000,0.000000000,0.010626475,-0.026162982,-0.083280563,-0.001328565,0.004366718,-0.007997058,0.011119330,-0.025684745,-0.054908710,0.006174297,0.004546322,-0.008389349
4.529686928,-0.004794121,0.047361374,-0.017066002,-0.005177498,0.010545731,0.035857201,-0.141666412,0.109560013,0.011413574,-0.000671387,0.008560181,0.031723022,-0.004409790,0.047361374,-0.016681671,-0.005177498,0.010545731,0.036240578,0.000008902,-0.146721616,-0.568388939,-0.122308724,0.070227556,0.000090937,0.007522583,-0.176700592,-0.602075577,-0.144487381,0.075410843,0.023284912,0.000008902,-0.146721616,-0.568388939,-0.122308724,0.070227556,0.000090937,0.000000000,0.000000000,0.000000000,0.000000000,0.000000000,0.000000000,0.000000000,0.000000000,0.000000000,0.000000000,0.000000000,0.000000000,0.000000000,0.000000000,0.000000000,0.000000000,0.000000000,0.000000000,0.007513681,-0.029978976,-0.033686638,-0.022178657,0.005183287,0.023193975,0.008006537,-0.029500738,-0.005314785,-0.014675795,0.005362891,0.022801684
4.539717197,-0.004794121,0.047361374,-0.016681671,-0.004794121,0.010545731,0.036240578,-0.022155762,-0.009460449,0.035583496,-0.130924225,-0.012588501,0.074020386,-0.004794121,0.047361374,-0.016681671,-0.005177498,0.010545731,0.035857201,0.000008902,-0.146722600,-0.568387985,-0.122307688,0.070227556,0.000091970,0.001296997,-0.171207428,-0.607782364,-0.111803055,0.064729691,0.011749268,0.000008902,-0.146722600,-0.568387985,-0.122307688,0.070227556,0.000091970,0.000000000,0.000000000,0.000000000,0.000000000,0.000000000,0.000000000,0.000000000,0.000000000,0.000000000,0.000000000,0.000000000,0.000000000,0.000000000,0.000000000,0.000000000,0.000000000,0.000000000,0.000000000,0.001288095,-0.024484828,-0.039394379,0.010504633,-0.005497865,0.011657298,0.001780951,-0.024006591,-0.011022525,0.018007496,-0.005318262,0.011265007
4.549687862,-0.004794121,0.047361374,-0.016681671,-0.005177498,0.010545731,0.036240578,-0.049011230,0.003356934,0.130920410,0.036926270,-0.044815063,0.041793823,-0.004409790,0.047361374,-0.016681671,-0.005177498,0.010545731,0.036240578,0.000008902,-0.146721616,-0.568388939,-0.122308724,0.070227556,0.000090937,-0.011672974,-0.156558990,-0.599481583,-0.135149002,0.069856644,0.026275635,0.000008902,-0.146721616,-0.568388939,-0.122308724,0.070227556,0.000090937,0.000000000,0.000000000,0.000000000,0.000000000,0.000000000,0.000000000,0.000000000,0.000000000,0.000000000,0.000000000,0.000000000,0.000000000,0.000000000,0.000000000,0.000000000,0.000000000,0.000000000,0.000000000,-0.011681875,-0.009837374,-0.031092644,-0.012840278,-0.000370912,0.026184698,-0.011189019,-0.009359137,-0.002720790,-0.005337416,-0.000191309,0.025792407
4.559688568,-0.004409790,0.047361374,-0.017066002,-0.004794121,0.010545731,0.036240578,0.047668457,0.121767044,-0.153751373,0.185977936,-0.099201202,-0.003524780,-0.004409790,0.047361374,-0.016681671,-0.005177498,0.010545731,0.035857201,0.000008902,-0.146722600,-0.568387985,-0.122307688,0.070227556,0.000091970,0.007522583,-0.140079498,-0.608301163,-0.136186600,0.070283890,-0.003204346,0.000008902,-0.146722600,-0.568387985,-0.122307688,0.070227556,0.000091970,0.000000000,0.000000000,0.000000000,0.000000000,0.000000000,0.000000000,0.000000000,0.000000000,0.000000000,0.000000000,0.000000000,0.000000000,0.000000000,0.000000000,0.000000000,0.000000000,0.000000000,0.000000000,0.007513681,0.006643102,-0.039913177,-0.013878912,0.000056334,-0.003296316,0.008006537,0.007121339,-0.011541324,-0.006376049,0.000235937,-0.003688607
4.569766045,-0.004409790,0.047361374,-0.016681671,-0.005177498,0.010545731,0.036240578,0.089294434,-0.035705566,0.038269043,-0.049011230,0.026687622,-0.001510620,-0.004794121,0.047361374,-0.016681671,-0.005177498,0.010545731,0.036240578,0.000008902,-0.146721616,-0.568388939,-0.122308724,0.070227556,0.000090937,0.028793335,-0.180362701,-0.582361221,-0.129961014,0.060457230,0.013885498,0.000008902,-0.146721616,-0.568388939,-0.122308724,0.070227556,0.000090937,0.000000000,0.000000000,0.000000000,0.000000000,0.000000000,0.000000000,0.000000000,0.000000000,0.000000000,0.000000000,0.000000000,0.000000000,0.000000000,0.000000000,0.000000000,0.000000000,0.000000000,0.000000000,0.028784433,-0.033641085,-0.013972282,-0.007652290,-0.009770326,0.013794561,0.029277289,-0.033162848,0.014399571,-0.000149428,-0.009590723,0.013402270
4.579688072,-0.004409790,0.047361374,-0.016681671,-0.005177498,0.010545731,0.036240578,0.190006256,-0.058290482,0.003356934,0.020812988,-0.045822144,-0.018630981,-0.004794121,0.047361374,-0.016681671,-0.005177498,0.010545731,0.035857201,0.000008902,-0.146722600,-0.568387985,-0.122307688,0.070227556,0.000091970,-0.001815796,-0.119937897,-0.588586807,-0.129442215,0.080537796,0.007049561,0.000008902,-0.146722600,-0.568387985,-0.122307688,0.070227556,0.000091970,0.000000000,0.000000000,0.000000000,0.000000000,0.000000000,0.000000000,0.000000000,0.000000000,0.000000000,0.000000000,0.000000000,0.000000000,0.000000000,0.000000000,0.000000000,0.000000000,0.000000000,0.000000000,-0.001824698,0.026784703,-0.020198822,-0.007134527,0.010310240,0.006957591,-0.001331842,0.027262941,0.008173031,0.000368336,0.010489844,0.006565300
4.589691401,-0.004794121,0.047361374,-0.016681671,-0.005177498,0.010545731,0.036240578,0.070495605,0.046081543,-0.020812988,0.011413574,-0.019638062,0.037765503,-0.004794121,0.047361374,-0.017066002,-0.005177498,0.010545731,0.036240578,0.000008902,-0.143212408,-0.571713448,-0.122926690,0.070616879,0.000091972,0.005447388,-0.162052155,-0.577173233,-0.124254227,0.061311722,-0.012603760,0.000008902,-0.143212408,-0.571713448,-0.122926690,0.070616879,0.000091972,0.000000000,0.000000000,0.000000000,0.000000000,0.000000000,0.000000000,0.000000000,0.000000000,0.000000000,0.000000000,0.000000000,0.000000000,0.000000000,0.000000000,0.000000000,0.000000000,0.000000000,0.000000000,0.005438486,-0.018839747,-0.005459785,-0.001327537,-0.009305157,-0.012695732,0.005931342,-0.018361509,0.022912068,0.006175326,-0.009125553,-0.013088023
4.599696875,-0.004409790,0.047361374,-0.016681671,-0.005177498,0.010545731,0.036240578,0.039611816,0.056457520,-0.081237793,-0.034240723,-0.022659302,0.036758423,-0.004409790,0.047361374,-0.016681671,-0.005177498,0.010545731,0.035857201,0.000008902,-0.146722600,-0.568387985,-0.122307688,0.070227556,0.000091970,-0.004409790,-0.162052155,-0.624902725,-0.131517410,0.073701859,-0.018157959,0.000008902,-0.146722600,-0.568387985,-0.122307688,0.070227556,0.000091970,0.000000000,0.000000000,0.000000000,0.000000000,0.000000000,0.000000000,0.000000000,0.000000000,0.000000000,0.000000000,0.000000000,0.000000000,0.000000000,0.000000000,0.000000000,0.000000000,0.000000000,0.000000000,-0.004418692,-0.015329555,-0.056514740,-0.009209722,0.003474303,-0.018249929,-0.003925836,-0.014851317,-0.028142887,-0.001706860,0.003653906,-0.018642220
4.609688520,-0.004409790,0.047361374,-0.016681671,-0.005177498,0.010545731,0.036240578,-0.070495605,0.025329590,-0.020812988,-0.206119537,-0.017623901,0.011581421,-0.004794121,0.047361374,-0.016681671,-0.005177498,0.010545731,0.035857201,0.000008902,-0.146722600,-0.568387985,-0.122307688,0.070227556,0.000091970,-0.010116577,-0.140079498,-0.591180801,-0.123735428,0.073701859,0.010467529,0.000008902,-0.146722600,-0.568387985,-0.122307688,0.070227556,0.000091970,0.000000000,0.000000000,0.000000000,0.000000000,0.000000000,0.000000000,0.000000000,0.000000000,0.000000000,0.000000000,0.000000000,0.000000000,0.000000000,0.000000000,0.000000000,0.000000000,0.000000000,0.000000000,-0.010125479,0.006643102,-0.022792816,-0.001427740,0.003474303,0.010375559,-0.009632623,0.007121339,0.005579037,0.006075123,0.003653906,0.009983268
4.619688749,-0.004409790,0.047361374,-0.017066002,-0.005177498,0.010545731,0.035857201,0.006042480,0.106508255,-0.167179108,-0.070495605,0.038772583,-0.014602661,-0.004409790,0.047361374,-0.016681671,-0.004794121,0.010545731,0.036240578,0.000008902,-0.147307247,-0.567834139,-0.121692270,0.069839187,0.000089904,0.008041382,-0.101623535,-0.596368790,-0.133073807,0.073274612,0.002777100,0.000008902,-0.147307247,-0.567834139,-0.121692270,0.069839187,0.000089904,0.000000000,0.000000000,0.000000000,0.000000000,0.000000000,0.000000000,0.000000000,0.000000000,0.000000000,0.000000000,0.000000000,0.000000000,0.000000000,0.000000000,0.000000000,0.000000000,0.000000000,0.000000000,0.008032480,0.045683712,-0.028534651,-0.011381537,0.003435425,0.002687196,0.008525336,0.046161949,-0.000162797,-0.003878674,0.003615029,0.002294905
4.629703522,-0.004409790,0.047361374,-0.016681671,-0.004794121,0.010545731,0.036240578,0.036926270,-0.022888184,-0.046325684,0.133605957,-0.024673462,0.047836304,-0.004409790,0.047361374,-0.016681671,-0.004794121,0.010545731,0.036240578,0.000008902,-0.147307247,-0.567834139,-0.121692270,0.069839187,0.000089904,-0.017379761,-0.092468262,-0.616083145,-0.133592606,0.074556351,0.006195068,0.000008902,-0.147307247,-0.567834139,-0.121692270,0.069839187,0.000089904,0.000000000,0.000000000,0.000000000,0.000000000,0.000000000,0.000000000,0.000000000,0.000000000,0.000000000,0.000000000,0.000000000,0.000000000,0.000000000,0.000000000,0.000000000,0.000000000,0.000000000,0.000000000,-0.017388662,0.054838985,-0.048249006,-0.011900336,0.004717164,0.006105165,-0.016895807,0.055317223,-0.019877153,-0.004397473,0.004896767,0.005712874
4.639691830,-0.004794121,0.047361374,-0.016681671,-0.004794121,0.010545731,0.036240578,0.062438965,0.050354004,0.028869629,0.100036621,0.010574341,-0.011581421,-0.004794121,0.047361374,-0.016681671,-0.004794121,0.010545731,0.036240578,0.000008902,-0.147307247,-0.567834139,-0.121692270,0.069839187,0.000089904,-0.003890991,-0.147403717,-0.611413956,-0.139818192,0.073274612,0.014312744,0.000008902,-0.147307247,-0.567834139,-0.121692270,0.069839187,0.000089904,0.000000000,0.000000000,0.000000000,0.000000000,0.000000000,0.000000000,0.000000000,0.000000000,0.000000000,0.000000000,0.000000000,0.000000000,0.000000000,0.000000000,0.000000000,0.000000000,0.000000000,0.000000000,-0.003899893,-0.000096470,-0.043579817,-0.018125921,0.003435425,0.014222841,-0.003407037,0.000381767,-0.015207963,-0.010623059,0.003615029,0.013830550
4.649689913,-0.004794121,0.047361374,-0.016681671,-0.005177498,0.010545731,0.036240578,0.031555176,0.010681152,-0.036926270,0.042297363,-0.005538940,0.014602661,-0.004409790,0.047361374,-0.016681671,-0.004794121,0.010545731,0.036240578,0.000008902,-0.147307247,-0.567834139,-0.121692270,0.069839187,0.000089904,-0.024642944,-0.158390045,-0.604669571,-0.152269363,0.071138382,0.023284912,0.000008902,-0.147307247,-0.567834139,-0.121692270,0.069839187,0.000089904,0.000000000,0.000000000,0.000000000,0.000000000,0.000000000,0.000000000,0.000000000,0.000000000,0.000000000,0.000000000,0.000000000,0.000000000,0.000000000,0.000000000,0.000000000,0.000000000,0.000000000,0.000000000,-0.024651846,-0.011082798,-0.036835432,-0.030577093,0.001299195,0.023195009,-0.024158990,-0.010604561,-0.008463579,-0.023074231,0.001478799,0.022802717
4.659690380,-0.004794121,0.047361374,-0.016681671,-0.004794121,0.010545731,0.036240578,-0.137638092,0.008239746,-0.043640137,0.038269043,-0.047836304,0.000503540,-0.004794121,0.047361374,-0.016681671,-0.005177498,0.010545731,0.035857201,0.000008902,-0.146722600,-0.568387985,-0.122307688,0.070227556,0.000091970,-0.017379761,-0.171207428,-0.581842422,-0.116472244,0.063447952,0.005340576,0.000008902,-0.146722600,-0.568387985,-0.122307688,0.070227556,0.000091970,0.000000000,0.000000000,0.000000000,0.000000000,0.000000000,0.000000000,0.000000000,0.000000000,0.000000000,0.000000000,0.000000000,0.000000000,0.000000000,0.000000000,0.000000000,0.000000000,0.000000000,0.000000000,-0.017388662,-0.024484828,-0.013454437,0.005835444,-0.006779604,0.005248606,-0.016895807,-0.024006591,0.014917416,0.013338306,-0.006600000,0.004856315
4.669686794,-0.004794121,0.047744751,-0.017066002,-0.005177498,0.010545731,0.036240578,-0.059753418,-0.000915527,-0.106754303,0.030212402,0.055892944,0.008560181,-0.004794121,0.047361374,-0.016681671,-0.004794121,0.010545731,0.036240578,0.000008902,-0.147307247,-0.567834139,-0.121692270,0.069839187,0.000089904,0.009597778,-0.184024811,-0.597925186,-0.135149002,0.074983597,0.001922607,0.000008902,-0.147307247,-0.567834139,-0.121692270,0.069839187,0.000089904,0.000000000,0.000000000,0.000000000,0.000000000,0.000000000,0.000000000,0.000000000,0.000000000,0.000000000,0.000000000,0.000000000,0.000000000,0.000000000,0.000000000,0.000000000,0.000000000,0.000000000,0.000000000,0.009588877,-0.036717564,-0.030091047,-0.013456732,0.005144410,0.001832704,0.010081732,-0.036239326,-0.001719194,-0.005953869,0.005324013,0.001440413
4.679683208,-0.004794121,0.047361374,-0.017066002,-0.005177498,0.010545731,0.036240578,-0.096012115,0.028991699,-0.101383209,-0.000671387,0.048843384,0.023666382,-0.004409790,0.047361374,-0.016681671,-0.005177498,0.010545731,0.035857201,0.000008902,-0.146722600,-0.568387985,-0.122307688,0.070227556,0.000091970,-0.011154175,-0.123600006,-0.602075577,-0.126848221,0.066011429,0.007049561,0.000008902,-0.146722600,-0.568387985,-0.122307688,0.070227556,0.000091970,0.000000000,0.000000000,0.000000000,0.000000000,0.000000000,0.000000000,0.000000000,0.000000000,0.000000000,0.000000000,0.000000000,0.000000000,0.000000000,0.000000000,0.000000000,0.000000000,0.000000000,0.000000000,-0.011163076,0.023122594,-0.033687592,-0.004540533,-0.004216127,0.006957591,-0.010670221,0.023600831,-0.005315738,0.002962330,-0.004036523,0.006565300
4.689686298,-0.004409790,0.047744751,-0.016681671,-0.004794121,0.010545731,0.035857201,-0.011413574,0.113222122,-0.082580566,-0.031555176,0.065963745,-0.040786743,-0.004794121,0.047361374,-0.017066002,-0.004794121,0.010545731,0.035857201,0.000008902,-0.143799007,-0.571157694,-0.122309223,0.070228517,0.000091973,0.016860962,-0.112609863,-0.594812393,-0.124773026,0.073274612,-0.012176514,0.000008902,-0.143799007,-0.571157694,-0.122309223,0.070228517,0.000091973,0.000000000,0.000000000,0.000000000,0.000000000,0.000000000,0.000000000,0.000000000,0.000000000,0.000000000,0.000000000,0.000000000,0.000000000,0.000000000,0.000000000,0.000000000,0.000000000,0.000000000,0.000000000,0.016852060,0.031189144,-0.023654699,-0.002463803,0.003046095,-0.012268486,0.017344916,0.031667381,0.004717154,0.005039060,0.003225699,-0.012660777
4.699691772,-0.004794121,0.047361374,-0.016681671,-0.004794121,0.010545731,0.036240578,-0.083923340,-0.043031693,0.042297363,0.130920410,0.091140747,0.093154907,-0.004409790,0.047744751,-0.016681671,-0.005177498,0.010545731,0.035857201,0.000008902,-0.149262160,-0.571704268,-0.122924127,0.070615910,0.000093003,0.000778198,-0.151065826,-0.615045547,-0.128923416,0.074556351,-0.006622314,0.000008902,-0.149262160,-0.571704268,-0.122924127,0.070615910,0.000093003,0.000000000,0.000000000,0.000000000,0.000000000,0.000000000,0.000000000,0.000000000,0.000000000,0.000000000,0.000000000,0.000000000,0.000000000,0.000000000,0.000000000,0.000000000,0.000000000,0.000000000,0.000000000,0.000769297,-0.001803666,-0.043341279,-0.005999289,0.003940441,-0.006715318,0.001262152,-0.001325429,-0.014969426,0.001503573,0.004120044,-0.007107609
4.709695339,-0.004794121,0.047361374,-0.016681671,-0.004794121,0.010545731,0.035857201,-0.109439850,0.155946732,-0.089298248,0.120178223,-0.009567261,0.005538940,-0.004794121,0.047361374,-0.016681671,-0.005177498,0.010545731,0.035857201,0.000008902,-0.146722600,-0.568387985,-0.122307688,0.070227556,0.000091970,-0.003372192,-0.180362701,-0.593255997,-0.124773026,0.077547073,0.002349854,0.000008902,-0.146722600,-0.568387985,-0.122307688,0.070227556,0.000091970,0.000000000,0.000000000,0.000000000,0.000000000,0.000000000,0.000000000,0.000000000,0.000000000,0.000000000,0.000000000,0.000000000,0.000000000,0.000000000,0.000000000,0.000000000,0.000000000,0.000000000,0.000000000,-0.003381094,-0.033640102,-0.024868011,-0.002465338,0.007319517,0.002257884,-0.002888238,-0.033161864,0.003503842,0.005037525,0.007499121,0.001865593
4.719717979,-0.004794121,0.047361374,-0.016681671,-0.005177498,0.010545731,0.035857201,-0.065124512,-0.101625443,0.062438965,-0.079895020,-0.005538940,-0.037765503,-0.004794121,0.047361374,-0.016681671,-0.004794121,0.010545731,0.036240578,0.000008902,-0.147307247,-0.567834139,-0.121692270,0.069839187,0.000089904,0.004928589,-0.158390045,-0.583917618,-0.119585037,0.058748245,0.001068115,0.000008902,-0.147307247,-0.567834139,-0.121692270,0.069839187,0.000089904,0.000000000,0.000000000,0.000000000,0.000000000,0.000000000,0.000000000,0.000000000,0.000000000,0.000000000,0.000000000,0.000000000,0.000000000,0.000000000,0.000000000,0.000000000,0.000000000,0.000000000,0.000000000,0.004919687,-0.011082798,-0.016083479,0.002107233,-0.011090942,0.000978212,0.005412543,-0.010604561,0.012288374,0.009610095,-0.010911338,0.000585921
4.729688168,-0.004409790,0.047361374,-0.017066002,-0.005177498,0.010545731,0.036240578,0.164489746,0.017395020,-0.011413574,-0.143009186,-0.040786743,0.001510620,-0.004794121,0.047361374,-0.016681671,-0.004794121,0.010545731,0.035857201,0.000008902,-0.147308230,-0.567833185,-0.121691234,0.069839187,0.000090937,-0.002334595,-0.180362701,-0.593255997,-0.120103836,0.063020706,-0.009185791,0.000008902,-0.147308230,-0.567833185,-0.121691234,0.069839187,0.000090937,0.000000000,0.000000000,0.000000000,0.000000000,0.000000000,0.000000000,0.000000000,0.000000000,0.000000000,0.000000000,0.000000000,0.000000000,0.000000000,0.000000000,0.000000000,0.000000000,0.000000000,0.000000000,-0.002343496,-0.033054471,-0.025422812,0.001587398,-0.006818481,-0.009276728,-0.001850641,-0.032576234,0.002949042,0.009090261,-0.006638877,-0.009669019
4.739687204,-0.004794121,0.047361374,-0.016681671,-0.004794121,0.010545731,0.036240578,-0.028869629,-0.063173294,-0.083923340,0.156433105,0.028701782,-0.002517700,-0.004409790,0.047361374,-0.017066002,-0.005177498,0.010545731,0.035857201,0.000008901,-0.143213391,-0.571712494,-0.122925662,0.070616879,0.000093006,-0.003372192,-0.121768951,-0.610376358,-0.138780594,0.079256058,0.035675049,0.000008901,-0.143213391,-0.571712494,-0.122925662,0.070616879,0.000093006,0.000000000,0.000000000,0.000000000,0.000000000,0.000000000,0.000000000,0.000000000,0.000000000,0.000000000,0.000000000,0.000000000,0.000000000,0.000000000,0.000000000,0.000000000,0.000000000,0.000000000,0.000000000,-0.003381094,0.021444440,-0.038663864,-0.015854932,0.008639179,0.035582043,-0.002888238,0.021922677,-0.010292011,-0.008352070,0.008818783,0.035189752
4.749714851,-0.004794121,0.047361374,-0.016681671,-0.005177498,0.010545731,0.036240578,-0.020812988,-0.028381348,0.075866699,0.007385254,-0.015609741,0.052871704,-0.004409790,0.047361374,-0.016681671,-0.005177498,0.010930061,0.036240578,0.000008902,-0.146351755,-0.568739355,-0.122698054,0.070227258,0.000090936,-0.002334595,-0.160221100,-0.590143204,-0.138261795,0.077974319,-0.015167236,0.000008902,-0.146351755,-0.568739355,-0.122698054,0.070227258,0.000090936,0.000000000,0.000000000,0.000000000,0.000000000,0.000000000,0.000000000,0.000000000,0.000000000,0.000000000,0.000000000,0.000000000,0.000000000,0.000000000,0.000000000,0.000000000,0.000000000,0.000000000,0.000000000,-0.002343496,-0.013869345,-0.021403849,-0.015563741,0.007747062,-0.015258172,-0.001850641,-0.013391108,0.006968004,-0.008060879,0.007926665,-0.015650463
4.759691954,-0.004409790,0.047361374,-0.016681671,-0.005177498,0.010545731,0.035857201,0.032897949,-0.075990677,-0.108097076,-0.093326569,0.032730103,0.004531860,-0.004794121,0.047361374,-0.016681671,-0.005177498,0.010545731,0.036240578,0.000008902,-0.146721616,-0.568388939,-0.122308724,0.070227556,0.000090937,0.005447388,-0.129093170,-0.586511612,-0.145524979,0.065584183,0.009185791,0.000008902,-0.146721616,-0.568388939,-0.122308724,0.070227556,0.000090937,0.000000000,0.000000000,0.000000000,0.000000000,0.000000000,0.000000000,0.000000000,0.000000000,0.000000000,0.000000000,0.000000000,0.000000000,0.000000000,0.000000000,0.000000000,0.000000000,0.000000000,0.000000000,0.005438486,0.017628446,-0.018122673,-0.023216255,-0.004643373,0.009094854,0.005931342,0.018106684,0.010249180,-0.015713392,-0.004463770,0.008702563
4.769687414,-0.004409790,0.047361374,-0.016681671,-0.004794121,0.010545731,0.035857201,-0.004699707,0.011901855,0.101379395,0.019470215,0.045822144,-0.037765503,-0.004794121,0.047361374,-0.016681671,-0.005177498,0.010545731,0.036240578,0.000008902,-0.146721616,-0.568388939,-0.122308724,0.070227556,0.000090937,0.009597778,-0.171207428,-0.616083145,-0.130479813,0.078401566,0.008331299,0.000008902,-0.146721616,-0.568388939,-0.122308724,0.070227556,0.000090937,0.000000000,0.000000000,0.000000000,0.000000000,0.000000000,0.000000000,0.000000000,0.000000000,0.000000000,0.000000000,0.000000000,0.000000000,0.000000000,0.000000000,0.000000000,0.000000000,0.000000000,0.000000000,0.009588877,-0.024485812,-0.047694206,-0.008171089,0.008174010,0.008240362,0.010081732,-0.024007574,-0.019322353,-0.000668226,0.008353613,0.007848071
4.779735088,-0.004794121,0.047361374,-0.016681671,-0.005177498,0.010545731,0.035857201,-0.035583496,-0.049135208,0.022155762,-0.054382324,-0.010574341,0.015609741,-0.004794121,0.047361374,-0.016681671,-0.005177498,0.010545731,0.035857201,0.000008902,-0.146722600,-0.568387985,-0.122307688,0.070227556,0.000091970,-0.001815796,-0.169376373,-0.605188370,-0.113878250,0.074129105,0.008331299,0.000008902,-0.146722600,-0.568387985,-0.122307688,0.070227556,0.000091970,0.000000000,0.000000000,0.000000000,0.000000000,0.000000000,0.000000000,0.000000000,0.000000000,0.000000000,0.000000000,0.000000000,0.000000000,0.000000000,0.000000000,0.000000000,0.000000000,0.000000000,0.000000000,-0.001824698,-0.022653773,-0.036800385,0.008429438,0.003901549,0.008239329,-0.001331842,-0.022175536,-0.008428531,0.015932300,0.004081152,0.007847038
4.789715290,-0.004794121,0.047361374,-0.016681671,-0.004794121,0.010545731,0.036240578,0.019470215,0.095521927,-0.106754303,-0.079895020,-0.044815063,0.053878784,-0.004409790,0.047361374,-0.016681671,-0.005177498,0.010545731,0.035857201,0.000008902,-0.146722600,-0.568387985,-0.122307688,0.070227556,0.000091970,-0.005966187,-0.134586334,-0.605188370,-0.121141434,0.075838089,0.017303467,0.000008902,-0.146722600,-0.568387985,-0.122307688,0.070227556,0.000091970,0.000000000,0.000000000,0.000000000,0.000000000,0.000000000,0.000000000,0.000000000,0.000000000,0.000000000,0.000000000,0.000000000,0.000000000,0.000000000,0.000000000,0.000000000,0.000000000,0.000000000,0.000000000,-0.005975088,0.012136266,-0.036800385,0.001166254,0.005610533,0.017211497,-0.005482232,0.012614503,-0.008428531,0.008669117,0.005790137,0.016819206
4.799867868,-0.004794121,0.047361374,-0.016681671,-0.005177498,0.010545731,0.035857201,-0.024841309,-0.092470169,0.137634277,-0.156436920,0.051864624,0.022659302,-0.004409790,0.047361374,-0.016681671,-0.004794121,0.010545731,0.036240578,0.000008902,-0.147307247,-0.567834139,-0.121692270,0.069839187,0.000089904,0.026718140,-0.116271973,-0.636316299,-0.142412186,0.065584183,-0.003204346,0.000008902,-0.147307247,-0.567834139,-0.121692270,0.069839187,0.000089904,0.000000000,0.000000000,0.000000000,0.000000000,0.000000000,0.000000000,0.000000000,0.000000000,0.000000000,0.000000000,0.000000000,0.000000000,0.000000000,0.000000000,0.000000000,0.000000000,0.000000000,0.000000000,0.026709238,0.031035274,-0.068482161,-0.020719916,-0.004255004,-0.003294249,0.027202094,0.031513512,-0.040110307,-0.013217053,-0.004075401,-0.003686540
4.809687138,-0.004409790,0.047361374,-0.016681671,-0.004794121,0.010545731,0.036240578,0.011413574,-0.016784668,0.130920410,0.167175293,-0.005538940,0.003524780,-0.004794121,0.047361374,-0.016681671,-0.004794121,0.010545731,0.036240578,0.000008902,-0.147307247,-0.567834139,-0.121692270,0.069839187,0.000089904,-0.002334595,-0.149234772,-0.594293594,-0.137224197,0.063447952,-0.048493385,0.000008902,-0.147307247,-0.567834139,-0.121692270,0.069839187,0.000089904,0.000000000,0.000000000,0.000000000,0.000000000,0.000000000,0.000000000,0.000000000,0.000000000,0.000000000,0.000000000,0.000000000,0.000000000,0.000000000,0.000000000,0.000000000,0.000000000,0.000000000,0.000000000,-0.002343496,-0.001927525,-0.026459455,-0.015531927,-0.006391235,-0.048583289,-0.001850641,-0.001449287,0.001912398,-0.008029065,-0.006211631,-0.048975580
4.819721699,-0.004794121,0.047361374,-0.016681671,-0.005177498,0.010545731,0.036240578,0.077209473,0.060119629,-0.063781738,-0.126895905,-0.012588501,0.017623901,-0.004794121,0.047361374,-0.016681671,-0.005177498,0.010545731,0.035857201,0.000008902,-0.146722600,-0.568387985,-0.122307688,0.070227556,0.000091970,0.000259399,-0.163883209,-0.562126160,-0.128404617,0.067720413,-0.001922607,0.000008902,-0.146722600,-0.568387985,-0.122307688,0.070227556,0.000091970,0.000000000,0.000000000,0.000000000,0.000000000,0.000000000,0.000000000,0.000000000,0.000000000,0.000000000,0.000000000,0.000000000,0.000000000,0.000000000,0.000000000,0.000000000,0.000000000,0.000000000,0.000000000,0.000250498,-0.017160609,0.006261826,-0.006096929,-0.002507143,-0.002014577,0.000743353,-0.016682372,0.034633679,0.001405933,-0.002327539,-0.002406868
4.829688549,-0.004794121,0.047361374,-0.016681671,-0.005177498,0.010545731,0.036240578,-0.169864655,-0.033874512,-0.012756348,-0.104068756,-0.021652222,0.031723022,-0.004409790,0.047361374,-0.016681671,-0.005177498,0.010545731,0.035857201,0.000008902,-0.146722600,-0.568387985,-0.122307688,0.070227556,0.000091970,0.004928589,-0.189517975,-0.594812393,-0.115953445,0.080537796,0.014312744,0.000008902,-0.146722600,-0.568387985,-0.122307688,0.070227556,0.000091970,0.000000000,0.000000000,0.000000000,0.000000000,0.000000000,0.000000000,0.000000000,0.000000000,0.000000000,0.000000000,0.000000000,0.000000000,0.000000000,0.000000000,0.000000000,0.000000000,0.000000000,0.000000000,0.004919687,-0.042795375,-0.026424408,0.006354243,0.010310240,0.014220774,0.005412543,-0.042317138,0.001947445,0.013857105,0.010489844,0.013828483
4.839824915,-0.004794121,0.047361374,-0.016681671,-0.005177498,0.010545731,0.036240578,0.097351074,0.046081543,0.114807129,-0.063781738,-0.011581421,0.011581421,-0.004409790,0.047361374,-0.016681671,-0.005177498,0.010545731,0.036240578,0.000008902,-0.146721616,-0.568388939,-0.122308724,0.070227556,0.000090937,-0.013748169,-0.143741608,-0.593255997,-0.138261795,0.077119827,0.010040283,0.000008902,-0.146721616,-0.568388939,-0.122308724,0.070227556,0.000090937,0.000000000,0.000000000,0.000000000,0.000000000,0.000000000,0.000000000,0.000000000,0.000000000,0.000000000,0.000000000,0.000000000,0.000000000,0.000000000,0.000000000,0.000000000,0.000000000,0.000000000,0.000000000,-0.013757070,0.002980009,-0.024867058,-0.015953071,0.006892271,0.009949346,-0.013264215,0.003458246,0.003504796,-0.008450209,0.007071875,0.009557055
4.849694490,-0.004794121,0.047361374,-0.016681671,-0.004794121,0.010545731,0.035857201,0.036926270,-0.190126419,0.055725098,0.023498535,-0.013595581,-0.046829224,-0.004794121,0.047361374,-0.016681671,-0.005177498,0.010545731,0.036240578,0.000008902,-0.146721616,-0.568388939,-0.122308724,0.070227556,0.000090937,-0.011672974,-0.152896881,-0.601556778,-0.125291824,0.074983597,0.003631592,0.000008902,-0.146721616,-0.568388939,-0.122308724,0.070227556,0.000090937,0.000000000,0.000000000,0.000000000,0.000000000,0.000000000,0.000000000,0.000000000,0.000000000,0.000000000,0.000000000,0.000000000,0.000000000,0.000000000,0.000000000,0.000000000,0.000000000,0.000000000,0.000000000,-0.011681875,-0.006175265,-0.033167839,-0.002983101,0.004756041,0.003540655,-0.011189020,-0.005697027,-0.004795986,0.004519762,0.004935644,0.003148364
4.859690428,-0.004409790,0.047361374,-0.016681671,-0.004794121,0.010545731,0.036240578,0.083923340,-0.001525879,0.126892090,0.054382324,-0.073017120,0.031723022,-0.004794121,0.047361374,-0.016681671,-0.005177498,0.010545731,0.035857201,0.000008902,-0.146722600,-0.568387985,-0.122307688,0.070227556,0.000091970,0.001815796,-0.108947754,-0.602075577,-0.119585037,0.069856644,0.005767822,0.000008902,-0.146722600,-0.568387985,-0.122307688,0.070227556,0.000091970,0.000000000,0.000000000,0.000000000,0.000000000,0.000000000,0.000000000,0.000000000,0.000000000,0.000000000,0.000000000,0.000000000,0.000000000,0.000000000,0.000000000,0.000000000,0.000000000,0.000000000,0.000000000,0.001806894,0.037774846,-0.033687592,0.002722651,-0.000370912,0.005675852,0.002299750,0.038253083,-0.005315738,0.010225513,-0.000191309,0.005283561
4.869686604,-0.004409790,0.047361374,-0.016681671,-0.005177498,0.010545731,0.035857201,-0.020812988,0.054626465,0.015441895,0.058410645,-0.018630981,0.013595581,-0.004409790,0.047361374,-0.017066002,-0.004794121,0.010545731,0.035857201,0.000008901,-0.143799007,-0.571157694,-0.122309223,0.070228517,0.000091973,-0.001815796,-0.147403717,-0.603113174,-0.123735428,0.062166214,-0.005767822,0.000008901,-0.143799007,-0.571157694,-0.122309223,0.070228517,0.000091973,0.000000000,0.000000000,0.000000000,0.000000000,0.000000000,0.000000000,0.000000000,0.000000000,0.000000000,0.000000000,0.000000000,0.000000000,0.000000000,0.000000000,0.000000000,0.000000000,0.000000000,0.000000000,-0.001824697,-0.003604710,-0.031955481,-0.001426205,-0.008062303,-0.005859795,-0.001331842,-0.003126473,-0.003583627,0.006076658,-0.007882699,-0.006252086
4.879677057,-0.004794121,0.047361374,-0.016681671,-0.004794121,0.010545731,0.035857201,-0.204776764,-0.065614700,-0.153751373,0.062438965,0.030715942,-0.020645142,-0.004794121,0.047361374,-0.016681671,-0.005177498,0.010545731,0.035857201,0.000008902,-0.146722600,-0.568387985,-0.122307688,0.070227556,0.000091970,-0.000778198,-0.145572662,-0.605188370,-0.148118973,0.068147659,0.036956787,0.000008902,-0.146722600,-0.568387985,-0.122307688,0.070227556,0.000091970,0.000000000,0.000000000,0.000000000,0.000000000,0.000000000,0.000000000,0.000000000,0.000000000,0.000000000,0.000000000,0.000000000,0.000000000,0.000000000,0.000000000,0.000000000,0.000000000,0.000000000,0.000000000,-0.000787100,0.001149938,-0.036800385,-0.025811285,-0.002079897,0.036864817,-0.000294244,0.001628175,-0.008428531,-0.018308422,-0.001900293,0.036472526
4.889685631,-0.004794121,0.047361374,-0.016681671,-0.005177498,0.010545731,0.036240578,-0.018127441,-0.027770996,-0.016784668,0.002014160,0.032730103,0.044815063,-0.004794121,0.047361374,-0.016681671,-0.005177498,0.010545731,0.035857201,0.000008902,-0.146722600,-0.568387985,-0.122307688,0.070227556,0.000091970,0.004928589,-0.132755280,-0.591699600,-0.145524979,0.078401566,-0.016021729,0.000008902,-0.146722600,-0.568387985,-0.122307688,0.070227556,0.000091970,0.000000000,0.000000000,0.000000000,0.000000000,0.000000000,0.000000000,0.000000000,0.000000000,0.000000000,0.000000000,0.000000000,0.000000000,0.000000000,0.000000000,0.000000000,0.000000000,0.000000000,0.000000000,0.004919687,0.013967320,-0.023311615,-0.023217291,0.008174010,-0.016113698,0.005412543,0.014445558,0.005060238,-0.015714428,0.008353613,-0.016505990
4.899719715,-0.004409790,0.047361374,-0.016681671,-0.005177498,0.010545731,0.036240578,0.157775879,0.036315918,0.085266113,-0.098697662,0.079055786,0.054885864,-0.004794121,0.047361374,-0.016681671,-0.005177498,0.010545731,0.036240578,0.000008902,-0.146721616,-0.568388939,-0.122308724,0.070227556,0.000090937,0.003890991,-0.151065826,-0.616601944,-0.130479813,0.077547073,0.013458252,0.000008902,-0.146721616,-0.568388939,-0.122308724,0.070227556,0.000090937,0.000000000,0.000000000,0.000000000,0.000000000,0.000000000,0.000000000,0.000000000,0.000000000,0.000000000,0.000000000,0.000000000,0.000000000,0.000000000,0.000000000,0.000000000,0.000000000,0.000000000,0.000000000,0.003882090,-0.004344210,-0.048213005,-0.008171089,0.007319517,0.013367315,0.004374945,-0.003865973,-0.019841152,-0.000668226,0.007499121,0.012975024
4.909687042,-0.004794121,0.047361374,-0.016681671,-0.004794121,0.010545731,0.035857201,0.035583496,0.018005371,-0.015441895,0.097351074,-0.034744263,-0.027694702,-0.004409790,0.047361374,-0.016681671,-0.005177498,0.010545731,0.035857201,0.000008902,-0.146722600,-0.568387985,-0.122307688,0.070227556,0.000091970,0.004409790,-0.151065826,-0.590143204,-0.146043777,0.061311722,0.000640869,0.000008902,-0.146722600,-0.568387985,-0.122307688,0.070227556,0.000091970,0.000000000,0.000000000,0.000000000,0.000000000,0.000000000,0.000000000,0.000000000,0.000000000,0.000000000,0.000000000,0.000000000,0.000000000,0.000000000,0.000000000,0.000000000,0.000000000,0.000000000,0.000000000,0.004400889,-0.004343227,-0.021755219,-0.023736089,-0.008915834,0.000548899,0.004893744,-0.003864989,0.006616635,-0.016233227,-0.008736231,0.000156608
4.919685364,-0.004409790,0.047361374,-0.016681671,-0.005177498,0.010545731,0.035857201,-0.008728027,-0.001525879,0.105407715,-0.055725098,0.051864624,-0.054885864,-0.004409790,0.047361374,-0.016681671,-0.004794121,0.010545731,0.036240578,0.000008902,-0.147307247,-0.567834139,-0.121692270,0.069839187,0.000089904,-0.003890991,-0.158390045,-0.620752335,-0.135149002,0.071138382,0.009185791,0.000008902,-0.147307247,-0.567834139,-0.121692270,0.069839187,0.000089904,0.000000000,0.000000000,0.000000000,0.000000000,0.000000000,0.000000000,0.000000000,0.000000000,0.000000000,0.000000000,0.000000000,0.000000000,0.000000000,0.000000000,0.000000000,0.000000000,0.000000000,0.000000000,-0.003899893,-0.011082798,-0.052918196,-0.013456732,0.001299195,0.009095887,-0.003407037,-0.010604561,-0.024546342,-0.005953869,0.001478799,0.008703596
4.929718733,-0.004409790,0.047361374,-0.016681671,-0.005177498,0.010545731,0.036240578,0.082580566,-0.009460449,0.020812988,-0.079895020,-0.037765503,0.035751343,-0.004409790,0.047361374,-0.016681671,-0.004794121,0.010545731,0.036240578,0.000008902,-0.147307247,-0.567834139,-0.121692270,0.069839187,0.000089904,0.013748169,-0.147403717,-0.573541641,-0.136705399,0.077547073,-0.029267311,0.000008902,-0.147307247,-0.567834139,-0.121692270,0.069839187,0.000089904,0.000000000,0.000000000,0.000000000,0.000000000,0.000000000,0.000000000,0.000000000,0.000000000,0.000000000,0.000000000,0.000000000,0.000000000,0.000000000,0.000000000,0.000000000,0.000000000,0.000000000,0.000000000,0.013739267,-0.000096470,-0.005707502,-0.015013129,0.007707886,-0.029357215,0.014232123,0.000381767,0.022664351,-0.007510266,0.007887490,-0.029749506
4.939659834,-0.004409790,0.047361374,-0.016681671,-0.004794121,0.010545731,0.035857201,0.049011230,0.063171387,-0.028869629,0.212833405,-0.011581421,0.005538940,-0.004409790,0.047361374,-0.016681671,-0.005177498,0.010545731,0.036240578,0.000008902,-0.146721616,-0.568388939,-0.122308724,0.070227556,0.000090937,0.001296997,-0.149234772,-0.594293594,-0.129442215,0.078828812,0.015594482,0.000008902,-0.146721616,-0.568388939,-0.122308724,0.070227556,0.000090937,0.000000000,0.000000000,0.000000000,0.000000000,0.000000000,0.000000000,0.000000000,0.000000000,0.000000000,0.000000000,0.000000000,0.000000000,0.000000000,0.000000000,0.000000000,0.000000000,0.000000000,0.000000000,0.001288096,-0.002513155,-0.025904655,-0.007133491,0.008601256,0.015503546,0.001780951,-0.002034918,0.002467198,0.000369371,0.008780859,0.015111255
4.949687243,-0.004794121,0.047361374,-0.016681671,-0.005177498,0.010545731,0.036240578,-0.066467285,0.130311966,-0.055725098,0.117492676,0.030715942,0.020645142,-0.004794121,0.047361374,-0.016681671,-0.005177498,0.010545731,0.036240578,0.000008902,-0.146721616,-0.568388939,-0.122308724,0.070227556,0.000090937,0.008041382,-0.156558990,-0.589105606,-0.148637772,0.063447952,0.026275635,0.000008902,-0.146721616,-0.568388939,-0.122308724,0.070227556,0.000090937,0.000000000,0.000000000,0.000000000,0.000000000,0.000000000,0.000000000,0.000000000,0.000000000,0.000000000,0.000000000,0.000000000,0.000000000,0.000000000,0.000000000,0.000000000,0.000000000,0.000000000,0.000000000,0.008032480,-0.009837374,-0.020716667,-0.026329048,-0.006779604,0.026184698,0.008525336,-0.009359137,0.007655186,-0.018826185,-0.006600000,0.025792407
4.959681988,-0.004794121,0.047361374,-0.016681671,-0.005177498,0.010930061,0.036240578,-0.105411530,-0.010070801,-0.063781738,-0.104068756,0.001510620,0.018630981,-0.004794121,0.047361374,-0.016681671,-0.005177498,0.010545731,0.035857201,0.000008902,-0.146722600,-0.568387985,-0.122307688,0.070227556,0.000091970,0.004409790,-0.165714264,-0.584955215,-0.127885818,0.074129105,0.008331299,0.000008902,-0.146722600,-0.568387985,-0.122307688,0.070227556,0.000091970,0.000000000,0.000000000,0.000000000,0.000000000,0.000000000,0.000000000,0.000000000,0.000000000,0.000000000,0.000000000,0.000000000,0.000000000,0.000000000,0.000000000,0.000000000,0.000000000,0.000000000,0.000000000,0.004400888,-0.018991664,-0.016567230,-0.005578130,0.003901549,0.008239329,0.004893744,-0.018513427,0.011804623,0.001924732,0.004081152,0.007847038
4.969686508,-0.004794121,0.047361374,-0.016681671,-0.005177498,0.010545731,0.035857201,-0.083923340,-0.242008209,-0.278629303,-0.028869629,0.020645142,-0.050857544,-0.004794121,0.047361374,-0.016681671,-0.005177498,0.010545731,0.035857201,0.000008902,-0.146722600,-0.568387985,-0.122307688,0.070227556,0.000091970,0.009078979,-0.151065826,-0.588068008,-0.113359451,0.070711136,-0.015594482,0.000008902,-0.146722600,-0.568387985,-0.122307688,0.070227556,0.000091970,0.000000000,0.000000000,0.000000000,0.000000000,0.000000000,0.000000000,0.000000000,0.000000000,0.000000000,0.000000000,0.000000000,0.000000000,0.000000000,0.000000000,0.000000000,0.000000000,0.000000000,0.000000000,0.009070078,-0.004343227,-0.019680023,0.008948237,0.000483580,-0.015686452,0.009562934,-0.003864989,0.008691830,0.016451099,0.000663184,-0.016078743
4.979686499,-0.004794121,0.047361374,-0.016681671,-0.005177498,0.010545731,0.035857201,-0.219547272,-0.066835403,0.022155762,0.096008301,-0.001510620,0.008560181,-0.004794121,0.047361374,-0.016681671,-0.004794121,0.010545731,0.036240578,0.000008902,-0.147307247,-0.567834139,-0.121692270,0.069839187,0.000089904,0.003372192,-0.149234772,-0.577173233,-0.141893387,0.069856644,0.023712158,0.000008902,-0.147307247,-0.567834139,-0.121692270,0.069839187,0.000089904,0.000000000,0.000000000,0.000000000,0.000000000,0.000000000,0.000000000,0.000000000,0.000000000,0.000000000,0.000000000,0.000000000,0.000000000,0.000000000,0.000000000,0.000000000,0.000000000,0.000000000,0.000000000,0.003363291,-0.001927525,-0.009339094,-0.020201117,0.000017457,0.023622255,0.003856146,-0.001449287,0.019032759,-0.012698254,0.000197060,0.023229964
4.989685535,-0.004409790,0.047361374,-0.016681671,-0.005177498,0.010545731,0.035857201,0.081237793,0.002746582,0.161804199,-0.148380280,-0.009567261,0.033737183,-0.004409790,0.047361374,-0.016681671,-0.005177498,0.010545731,0.035857201,0.000008902,-0.146722600,-0.568387985,-0.122307688,0.070227556,0.000091970,0.001296997,-0.171207428,-0.591699600,-0.133592606,0.063447952,-0.023284912,0.000008902,-0.146722600,-0.568387985,-0.122307688,0.070227556,0.000091970,0.000000000,0.000000000,0.000000000,0.000000000,0.000000000,0.000000000,0.000000000,0.000000000,0.000000000,0.000000000,0.000000000,0.000000000,0.000000000,0.000000000,0.000000000,0.000000000,0.000000000,0.000000000,0.001288096,-0.024484828,-0.023311615,-0.011284918,-0.006779604,-0.023376882,0.001780951,-0.024006591,0.005060238,-0.003782055,-0.006600000,-0.023769173
4.999688387,-0.004794121,0.047361374,-0.017066002,-0.004794121,0.010545731,0.035857201,-0.094669342,-0.018615723,-0.155094147,0.075866699,-0.019638062,0.015609741,-0.004794121,0.047361374,-0.016681671,-0.005177498,0.010545731,0.035857201,0.000008902,-0.146722600,-0.568387985,-0.122307688,0.070227556,0.000091970,-0.000778198,-0.110778809,-0.598443985,-0.098314285,0.079256058,0.014739990,0.000008902,-0.146722600,-0.568387985,-0.122307688,0.070227556,0.000091970,0.000000000,0.000000000,0.000000000,0.000000000,0.000000000,0.000000000,0.000000000,0.000000000,0.000000000,0.000000000,0.000000000,0.000000000,0.000000000,0.000000000,0.000000000,0.000000000,0.000000000,0.000000000,-0.000787100,0.035943791,-0.030056000,0.023993403,0.009028502,0.014648020,-0.000294244,0.036422029,-0.001684146,0.031496265,0.009208105,0.014255729
5.009687901,-0.004794121,0.047361374,-0.016681671,-0.004794121,0.010545731,0.035857201,-0.145694733,-0.024719238,-0.004699707,-0.067810059,-0.024673462,-0.054885864,-0.004794121,0.047361374,-0.016681671,-0.005177498,0.010545731,0.035857201,0.000008902,-0.146722600,-0.568387985,-0.122307688,0.070227556,0.000091970,0.030868530,-0.178531647,-0.610895157,-0.122179031,0.081392288,-0.016021729,0.000008902,-0.146722600,-0.568387985,-0.122307688,0.070227556,0.000091970,0.000000000,0.000000000,0.000000000,0.000000000,0.000000000,0.000000000,0.000000000,0.000000000,0.000000000,0.000000000,0.000000000,0.000000000,0.000000000,0.000000000,0.000000000,0.000000000,0.000000000,0.000000000,0.030859629,-0.031809047,-0.042507172,0.000128657,0.011164732,-0.016113698,0.031352484,-0.031330809,-0.014135318,0.007631519,0.011344336,-0.016505990
5.019680977,-0.004409790,0.047361374,-0.016681671,-0.005177498,0.010545731,0.035857201,-0.027526855,0.065612793,-0.093326569,-0.016784668,0.055892944,0.000503540,-0.004794121,0.047361374,-0.016681671,-0.004794121,0.010545731,0.035857201,0.000008902,-0.147308230,-0.567833185,-0.121691234,0.069839187,0.000090937,-0.005447388,-0.154727936,-0.593774796,-0.132036209,0.074556351,-0.011749268,0.000008902,-0.147308230,-0.567833185,-0.121691234,0.069839187,0.000090937,0.000000000,0.000000000,0.000000000,0.000000000,0.000000000,0.000000000,0.000000000,0.000000000,0.000000000,0.000000000,0.000000000,0.000000000,0.000000000,0.000000000,0.000000000,0.000000000,0.000000000,0.000000000,-0.005456289,-0.007419705,-0.025941610,-0.010344975,0.004717164,-0.011840204,-0.004963434,-0.006941468,0.002430243,-0.002842112,0.004896767,-0.012232495
5.029752254,-0.004794121,0.047361374,-0.016681671,-0.005177498,0.010545731,0.036240578,-0.129581451,0.078432083,0.027526855,-0.028869629,0.013595581,0.035751343,-0.004794121,0.047361374,-0.016681671,-0.005177498,0.010545731,0.036240578,0.000008902,-0.146721616,-0.568388939,-0.122308724,0.070227556,0.000090937,0.001815796,-0.129093170,-0.587030411,-0.145524979,0.050628662,-0.003204346,0.000008902,-0.146721616,-0.568388939,-0.122308724,0.070227556,0.000090937,0.000000000,0.000000000,0.000000000,0.000000000,0.000000000,0.000000000,0.000000000,0.000000000,0.000000000,0.000000000,0.000000000,0.000000000,0.000000000,0.000000000,0.000000000,0.000000000,0.000000000,0.000000000,0.001806894,0.017628446,-0.018641472,-0.023216255,-0.019598894,-0.003295282,0.002299750,0.018106684,0.009730381,-0.015713392,-0.019419290,-0.003687573
5.039755583,-0.004409790,0.047361374,-0.016681671,-0.005177498,0.010545731,0.036240578,0.026184082,0.069274902,0.039611816,-0.118839264,0.049850464,0.025680542,-0.004409790,0.047361374,-0.016681671,-0.005177498,0.010545731,0.035857201,0.000008902,-0.146722600,-0.568387985,-0.122307688,0.070227556,0.000091970,-0.005447388,-0.162052155,-0.587030411,-0.103502274,0.077547073,0.025848389,0.000008902,-0.146722600,-0.568387985,-0.122307688,0.070227556,0.000091970,0.000000000,0.000000000,0.000000000,0.000000000,0.000000000,0.000000000,0.000000000,0.000000000,0.000000000,0.000000000,0.000000000,0.000000000,0.000000000,0.000000000,0.000000000,0.000000000,0.000000000,0.000000000,-0.005456289,-0.015329555,-0.018642426,0.018805414,0.007319517,0.025756419,-0.004963433,-0.014851317,0.009729428,0.026308277,0.007499121,0.025364128
5.049687147,-0.004409790,0.047361374,-0.016681671,-0.005177498,0.010545731,0.035857201,-0.023498535,-0.038146973,-0.040954590,-0.030212402,0.093154907,0.025680542,-0.004794121,0.047361374,-0.016681671,-0.005177498,0.010545731,0.035857201,0.000008902,-0.146722600,-0.568387985,-0.122307688,0.070227556,0.000091970,0.012710571,-0.138248444,-0.574060440,-0.121141434,0.066011429,-0.002349854,0.000008902,-0.146722600,-0.568387985,-0.122307688,0.070227556,0.000091970,0.000000000,0.000000000,0.000000000,0.000000000,0.000000000,0.000000000,0.000000000,0.000000000,0.000000000,0.000000000,0.000000000,0.000000000,0.000000000,0.000000000,0.000000000,0.000000000,0.000000000,0.000000000,0.012701670,0.008474156,-0.005672455,0.001166254,-0.004216127,-0.002441823,0.013194525,0.008952394,0.022699398,0.008669117,-0.004036523,-0.002834115
5.059686661,-0.004794121,0.047744751,-0.016681671,-0.005177498,0.010545731,0.036240578,-0.198062897,0.138246536,0.120178223,-0.036926270,0.046829224,0.025680542,-0.004794121,0.047361374,-0.016681671,-0.005177498,0.010545731,0.036240578,0.000008902,-0.146721616,-0.568388939,-0.122308724,0.070227556,0.000090937,-0.010635376,-0.134586334,-0.643060684,-0.138780594,0.084810257,-0.013458252,0.000008902,-0.146721616,-0.568388939,-0.122308724,0.070227556,0.000090937,0.000000000,0.000000000,0.000000000,0.000000000,0.000000000,0.000000000,0.000000000,0.000000000,0.000000000,0.000000000,0.000000000,0.000000000,0.000000000,0.000000000,0.000000000,0.000000000,0.000000000,0.000000000,-0.010644278,0.012135282,-0.074671745,-0.016471870,0.014582701,-0.013549189,-0.010151422,0.012613520,-0.046299892,-0.008969008,0.014762305,-0.013941480
5.069685698,-0.004794121,0.047361374,-0.016681671,-0.005177498,0.010545731,0.036240578,-0.093326569,-0.060731888,0.071838379,-0.049011230,-0.014602661,0.069992065,-0.004794121,0.047361374,-0.016681671,-0.004794121,0.010545731,0.036240578,0.000008902,-0.147307247,-0.567834139,-0.121692270,0.069839187,0.000089904,0.003372192,-0.200504303,-0.596887589,-0.120103836,0.063447952,0.008331299,0.000008902,-0.147307247,-0.567834139,-0.121692270,0.069839187,0.000089904,0.000000000,0.000000000,0.000000000,0.000000000,0.000000000,0.000000000,0.000000000,0.000000000,0.000000000,0.000000000,0.000000000,0.000000000,0.000000000,0.000000000,0.000000000,0.000000000,0.000000000,0.000000000,0.003363291,-0.053197056,-0.029053450,0.001588434,-0.006391235,0.008241395,0.003856146,-0.052718819,-0.000681596,0.009091297,-0.006211631,0.007849104
5.079669237,-0.004794121,0.047361374,-0.016681671,-0.004794121,0.010545731,0.035857201,0.006042480,-0.013122559,-0.067810059,0.035583496,0.067977905,-0.011581421,-0.004409790,0.047361374,-0.016681671,-0.004794121,0.010545731,0.035857201,0.000008902,-0.147308230,-0.567833185,-0.121691234,0.069839187,0.000090937,-0.010635376,-0.134586334,-0.629053116,-0.103502274,0.075838089,-0.017730713,0.000008902,-0.147308230,-0.567833185,-0.121691234,0.069839187,0.000090937,0.000000000,0.000000000,0.000000000,0.000000000,0.000000000,0.000000000,0.000000000,0.000000000,0.000000000,0.000000000,0.000000000,0.000000000,0.000000000,0.000000000,0.000000000,0.000000000,0.000000000,0.000000000,-0.010644278,0.012721896,-0.061219931,0.018188961,0.005998902,-0.017821650,-0.010151422,0.013200134,-0.032848077,0.025691823,0.006178506,-0.018213941
5.089686394,-0.004409790,0.047361374,-0.016681671,-0.004794121,0.010545731,0.036240578,0.019470215,-0.044862747,0.180606842,0.027526855,0.012588501,0.007553101,-0.004409790,0.047361374,-0.016681671,-0.004794121,0.010545731,0.035857201,0.000008902,-0.147308230,-0.567833185,-0.121691234,0.069839187,0.000090937,0.018936157,-0.136417389,-0.556419373,-0.098833084,0.060884476,0.009613037,0.000008902,-0.147308230,-0.567833185,-0.121691234,0.069839187,0.000090937,0.000000000,0.000000000,0.000000000,0.000000000,0.000000000,0.000000000,0.000000000,0.000000000,0.000000000,0.000000000,0.000000000,0.000000000,0.000000000,0.000000000,0.000000000,0.000000000,0.000000000,0.000000000,0.018927256,0.010890841,0.011413813,0.022858150,-0.008954711,0.009522100,0.019420111,0.011369079,0.039785666,0.030361013,-0.008775108,0.009129809
5.099777460,-0.004794121,0.047361374,-0.016681671,-0.005177498,0.010545731,0.035857201,0.086608887,-0.000305176,0.040954590,0.067810059,0.015609741,-0.015609741,-0.004409790,0.047361374,-0.016681671,-0.004794121,0.010545731,0.036240578,0.000008902,-0.147307247,-0.567834139,-0.121692270,0.069839187,0.000089904,0.007003784,-0.147403717,-0.609857559,-0.128404617,0.060884476,-0.005340576,0.000008902,-0.147307247,-0.567834139,-0.121692270,0.069839187,0.000089904,0.000000000,0.000000000,0.000000000,0.000000000,0.000000000,0.000000000,0.000000000,0.000000000,0.000000000,0.000000000,0.000000000,0.000000000,0.000000000,0.000000000,0.000000000,0.000000000,0.000000000,0.000000000,0.006994883,-0.000096470,-0.042023420,-0.006712347,-0.008954711,-0.005430480,0.007487738,0.000381767,-0.013651567,0.000790515,-0.008775108,-0.005822771
5.109797001,-0.004409790,0.047744751,-0.016681671,-0.004794121,0.010545731,0.036240578,-0.040954590,0.034484863,0.024841309,0.204776764,0.042800903,-0.012588501,-0.004409790,0.047361374,-0.016681671,-0.005177498,0.010545731,0.036240578,0.000008902,-0.146721616,-0.568388939,-0.122308724,0.070227556,0.000090937,0.002853394,-0.143741608,-0.610895157,-0.137742996,0.070283890,-0.012603760,0.000008902,-0.146721616,-0.568388939,-0.122308724,0.070227556,0.000090937,0.000000000,0.000000000,0.000000000,0.000000000,0.000000000,0.000000000,0.000000000,0.000000000,0.000000000,0.000000000,0.000000000,0.000000000,0.000000000,0.000000000,0.000000000,0.000000000,0.000000000,0.000000000,0.002844492,0.002980009,-0.042506218,-0.015434273,0.000056334,-0.012694697,0.003337348,0.003458246,-0.014134365,-0.007931410,0.000235937,-0.013086988
5.119694948,-0.004794121,0.047361374,-0.016681671,-0.004794121,0.010545731,0.035857201,-0.061096191,-0.004577637,0.075866699,0.109436035,0.023666382,-0.059921265,-0.004409790,0.047361374,-0.016681671,-0.005177498,0.010545731,0.036240578,0.000008902,-0.146721616,-0.568388939,-0.122308724,0.070227556,0.000090937,-0.012191772,-0.132755280,-0.585474014,-0.143449783,0.071565628,0.001068115,0.000008902,-0.146721616,-0.568388939,-0.122308724,0.070227556,0.000090937,0.000000000,0.000000000,0.000000000,0.000000000,0.000000000,0.000000000,0.000000000,0.000000000,0.000000000,0.000000000,0.000000000,0.000000000,0.000000000,0.000000000,0.000000000,0.000000000,0.000000000,0.000000000,-0.012200674,0.013966337,-0.017085075,-0.021141060,0.001338072,0.000977178,-0.011707818,0.014444574,0.011286778,-0.013638197,0.001517676,0.000584887
5.129688978,-0.004409790,0.047361374,-0.016681671,-0.005177498,0.010545731,0.036240578,0.030212402,-0.041200638,0.152404785,-0.057067871,0.003524780,-0.005538940,-0.004794121,0.047361374,-0.016681671,-0.004794121,0.010545731,0.035857201,0.000008902,-0.147308230,-0.567833185,-0.121691234,0.069839187,0.000090937,0.014785767,-0.097961426,-0.605188370,-0.148637772,0.073701859,-0.002777100,0.000008902,-0.147308230,-0.567833185,-0.121691234,0.069839187,0.000090937,0.000000000,0.000000000,0.000000000,0.000000000,0.000000000,0.000000000,0.000000000,0.000000000,0.000000000,0.000000000,0.000000000,0.000000000,0.000000000,0.000000000,0.000000000,0.000000000,0.000000000,0.000000000,0.014776865,0.049346805,-0.037355185,-0.026946537,0.003862672,-0.002868036,0.015269721,0.049825042,-0.008983331,-0.019443675,0.004042275,-0.003260327
5.139687777,-0.004409790,0.047361374,-0.016681671,-0.005177498,0.010545731,0.035857201,0.130920410,-0.057680130,0.071838379,-0.034240723,0.004531860,-0.032730103,-0.004409790,0.047361374,-0.016681671,-0.004794121,0.010545731,0.036240578,0.000008902,-0.147307247,-0.567834139,-0.121692270,0.069839187,0.000089904,-0.011672974,-0.110778809,-0.586511612,-0.128923416,0.065156937,0.003204346,0.000008902,-0.147307247,-0.567834139,-0.121692270,0.069839187,0.000089904,0.000000000,0.000000000,0.000000000,0.000000000,0.000000000,0.000000000,0.000000000,0.000000000,0.000000000,0.000000000,0.000000000,0.000000000,0.000000000,0.000000000,0.000000000,0.000000000,0.000000000,0.000000000,-0.011681875,0.036528438,-0.018677473,-0.007231146,-0.004682250,0.003114442,-0.011189019,0.037006676,0.009694380,0.000271716,-0.004502647,0.002722151
5.149691105,-0.004794121,0.047361374,-0.016681671,-0.004794121,0.010545731,0.035857201,-0.074523926,0.012512207,-0.020812988,-0.075866699,0.029708862,0.018630981,-0.004794121,0.047361374,-0.016681671,-0.004794121,0.010545731,0.036240578,0.000008902,-0.147307247,-0.567834139,-0.121692270,0.069839187,0.000089904,0.002853394,-0.163883209,-0.632165909,-0.139299393,0.076692581,-0.003204346,0.000008902,-0.147307247,-0.567834139,-0.121692270,0.069839187,0.000089904,0.000000000,0.000000000,0.000000000,0.000000000,0.000000000,0.000000000,0.000000000,0.000000000,0.000000000,0.000000000,0.000000000,0.000000000,0.000000000,0.000000000,0.000000000,0.000000000,0.000000000,0.000000000,0.002844492,-0.016575962,-0.064331770,-0.017607123,0.006853394,-0.003294249,0.003337348,-0.016097725,-0.035959917,-0.010104260,0.007032998,-0.003686540
5.159723282,-0.004409790,0.047361374,-0.016681671,-0.005177498,0.010545731,0.036240578,0.062438965,-0.076601028,-0.062438965,-0.096012115,0.031723022,0.049850464,-0.004409790,0.047361374,-0.017066002,-0.005177498,0.010545731,0.036240578,0.000008901,-0.143212408,-0.571713448,-0.122926690,0.070616879,0.000091972,0.002334595,-0.180362701,-0.652917862,-0.142412186,0.064302444,-0.016448975,0.000008901,-0.143212408,-0.571713448,-0.122926690,0.070616879,0.000091972,0.000000000,0.000000000,0.000000000,0.000000000,0.000000000,0.000000000,0.000000000,0.000000000,0.000000000,0.000000000,0.000000000,0.000000000,0.000000000,0.000000000,0.000000000,0.000000000,0.000000000,0.000000000,0.002325693,-0.037150294,-0.081204414,-0.019485496,-0.006314434,-0.016540947,0.002818549,-0.036672056,-0.052832561,-0.011982633,-0.006134830,-0.016933238
5.169686794,-0.004409790,0.047361374,-0.016681671,-0.004794121,0.010545731,0.036240578,0.075866699,-0.030212402,0.083923340,-0.030212402,0.010574341,0.026687622,-0.004794121,0.047361374,-0.016681671,-0.005177498,0.010545731,0.036240578,0.000008902,-0.146721616,-0.568388939,-0.122308724,0.070227556,0.000090937,0.022567749,-0.187686920,-0.592218399,-0.144487381,0.067720413,0.006622314,0.000008902,-0.146721616,-0.568388939,-0.122308724,0.070227556,0.000090937,0.000000000,0.000000000,0.000000000,0.000000000,0.000000000,0.000000000,0.000000000,0.000000000,0.000000000,0.000000000,0.000000000,0.000000000,0.000000000,0.000000000,0.000000000,0.000000000,0.000000000,0.000000000,0.022558847,-0.040965304,-0.023829460,-0.022178657,-0.002507143,0.006531378,0.023051703,-0.040487066,0.004542393,-0.014675795,-0.002327539,0.006139087
5.179686785,-0.004409790,0.047361374,-0.016681671,-0.005177498,0.010545731,0.036240578,0.020812988,0.007629395,-0.077209473,-0.042297363,-0.040786743,-0.040786743,-0.004409790,0.047361374,-0.016681671,-0.005177498,0.010545731,0.036240578,0.000008902,-0.146721616,-0.568388939,-0.122308724,0.070227556,0.000090937,-0.003372192,-0.196842194,-0.634241104,-0.119585037,0.071992874,-0.006195068,0.000008902,-0.146721616,-0.568388939,-0.122308724,0.070227556,0.000090937,0.000000000,0.000000000,0.000000000,0.000000000,0.000000000,0.000000000,0.000000000,0.000000000,0.000000000,0.000000000,0.000000000,0.000000000,0.000000000,0.000000000,0.000000000,0.000000000,0.000000000,0.000000000,-0.003381094,-0.050120577,-0.065852165,0.002723686,0.001765318,-0.006286005,-0.002888238,-0.049642340,-0.037480312,0.010226549,0.001944922,-0.006678296
5.189686537,-0.004409790,0.047361374,-0.016681671,-0.004794121,0.010545731,0.036240578,-0.050354004,-0.123598099,0.007385254,0.006042480,-0.000503540,-0.009567261,-0.004409790,0.047361374,-0.016681671,-0.005177498,0.010545731,0.036240578,0.000008902,-0.146721616,-0.568388939,-0.122308724,0.070227556,0.000090937,0.003890991,-0.121768951,-0.590662003,-0.112321854,0.066011429,-0.001922607,0.000008902,-0.146721616,-0.568388939,-0.122308724,0.070227556,0.000090937,0.000000000,0.000000000,0.000000000,0.000000000,0.000000000,0.000000000,0.000000000,0.000000000,0.000000000,0.000000000,0.000000000,0.000000000,0.000000000,0.000000000,0.000000000,0.000000000,0.000000000,0.000000000,0.003882090,0.024952665,-0.022273064,0.009986870,-0.004216127,-0.002013544,0.004374945,0.025430902,0.006098790,0.017489733,-0.004036523,-0.002405835
5.199719667,-0.004409790,0.047361374,-0.017066002,-0.004794121,0.010545731,0.035857201,-0.053039551,0.010681152,-0.071838379,0.091979980,0.014602661,-0.035751343,-0.004794121,0.047361374,-0.017066002,-0.004794121,0.010545731,0.035857201,0.000008902,-0.143799007,-0.571157694,-0.122309223,0.070228517,0.000091973,0.003372192,-0.140079498,-0.600000381,-0.140336990,0.075410843,0.017730713,0.000008902,-0.143799007,-0.571157694,-0.122309223,0.070228517,0.000091973,0.000000000,0.000000000,0.000000000,0.000000000,0.000000000,0.000000000,0.000000000,0.000000000,0.000000000,0.000000000,0.000000000,0.000000000,0.000000000,0.000000000,0.000000000,0.000000000,0.000000000,0.000000000,0.003363291,0.003719509,-0.028842688,-0.018027768,0.005182326,0.017638740,0.003856146,0.004197746,-0.000470834,-0.010524905,0.005361929,0.017246449
5.209709406,-0.004794121,0.047361374,-0.016681671,-0.004794121,0.010545731,0.036240578,-0.010070801,0.099794388,0.059753418,-0.010070801,0.070999146,0.029708862,-0.004794121,0.047361374,-0.016681671,-0.004794121,0.010545731,0.036240578,0.000008902,-0.147307247,-0.567834139,-0.121692270,0.069839187,0.000089904,-0.000778198,-0.158390045,-0.568872452,-0.135667801,0.068147659,-0.088228226,0.000008902,-0.147307247,-0.567834139,-0.121692270,0.069839187,0.000089904,0.000000000,0.000000000,0.000000000,0.000000000,0.000000000,0.000000000,0.000000000,0.000000000,0.000000000,0.000000000,0.000000000,0.000000000,0.000000000,0.000000000,0.000000000,0.000000000,0.000000000,0.000000000,-0.000787100,-0.011082798,-0.001038313,-0.013975531,-0.001691528,-0.088318129,-0.000294244,-0.010604561,0.027333540,-0.006472668,-0.001511924,-0.088710420
5.219772100,-0.004409790,0.047361374,-0.016681671,-0.005177498,0.010545731,0.035857201,-0.043640137,-0.002136230,-0.091983795,-0.104068756,0.031723022,-0.018630981,-0.004409790,0.047361374,-0.017066002,-0.005177498,0.010545731,0.036240578,0.000008901,-0.143212408,-0.571713448,-0.122926690,0.070616879,0.000091972,-0.013748169,-0.127262115,-0.547599792,-0.101945877,0.071138382,-0.027985573,0.000008901,-0.143212408,-0.571713448,-0.122926690,0.070616879,0.000091972,0.000000000,0.000000000,0.000000000,0.000000000,0.000000000,0.000000000,0.000000000,0.000000000,0.000000000,0.000000000,0.000000000,0.000000000,0.000000000,0.000000000,0.000000000,0.000000000,0.000000000,0.000000000,-0.013757070,0.015950292,0.024113655,0.020980813,0.000521503,-0.028077545,-0.013264215,0.016428530,0.052485508,0.028483675,0.000701107,-0.028469836
5.229707956,-0.004409790,0.047361374,-0.017066002,-0.005177498,0.010545731,0.035857201,0.022155762,0.038757324,-0.043640137,0.042297363,0.026687622,-0.007553101,-0.004409790,0.047361374,-0.016681671,-0.005177498,0.010545731,0.036240578,0.000008902,-0.146721616,-0.568388939,-0.122308724,0.070227556,0.000090937,-0.006484985,-0.195011139,-0.578210831,-0.136186600,0.079683304,-0.024566650,0.000008902,-0.146721616,-0.568388939,-0.122308724,0.070227556,0.000090937,0.000000000,0.000000000,0.000000000,0.000000000,0.000000000,0.000000000,0.000000000,0.000000000,0.000000000,0.000000000,0.000000000,0.000000000,0.000000000,0.000000000,0.000000000,0.000000000,0.000000000,0.000000000,-0.006493887,-0.048289523,-0.009821892,-0.013877876,0.009455748,-0.024657587,-0.006001031,-0.047811285,0.018549962,-0.006375014,0.009635352,-0.025049878
5.239687920,-0.004794121,0.047361374,-0.016681671,-0.005177498,0.010545731,0.036240578,-0.050354004,0.044250488,0.050354004,-0.089298248,0.005538940,-0.004531860,-0.004409790,0.047361374,-0.017066002,-0.005177498,0.010545731,0.036240578,0.000008901,-0.143212408,-0.571713448,-0.122926690,0.070616879,0.000091972,0.009597778,-0.180362701,-0.591180801,-0.101945877,0.069429398,-0.003631592,0.000008901,-0.143212408,-0.571713448,-0.122926690,0.070616879,0.000091972,0.000000000,0.000000000,0.000000000,0.000000000,0.000000000,0.000000000,0.000000000,0.000000000,0.000000000,0.000000000,0.000000000,0.000000000,0.000000000,0.000000000,0.000000000,0.000000000,0.000000000,0.000000000,0.009588877,-0.037150294,-0.019467354,0.020980813,-0.001187481,-0.003723564,0.010081733,-0.036672056,0.008904499,0.028483675,-0.001007877,-0.004115855
5.249686956,-0.004794121,0.047361374,-0.017066002,-0.004794121,0.010545731,0.036240578,-0.094669342,-0.030822754,-0.160465240,0.096008301,-0.001510620,-0.040786743,-0.004409790,0.047361374,-0.017066002,-0.004794121,0.010545731,0.036240578,0.000008901,-0.143798023,-0.571158648,-0.122310258,0.070228517,0.000090939,-0.008041382,-0.154727936,-0.648248672,-0.144487381,0.080965042,0.018157959,0.000008901,-0.143798023,-0.571158648,-0.122310258,0.070228517,0.000090939,0.000000000,0.000000000,0.000000000,0.000000000,0.000000000,0.000000000,0.000000000,0.000000000,0.000000000,0.000000000,0.000000000,0.000000000,0.000000000,0.000000000,0.000000000,0.000000000,0.000000000,0.000000000,-0.008050283,-0.010929912,-0.077090025,-0.022177123,0.010736525,0.018067020,-0.007557428,-0.010451675,-0.048718172,-0.014674260,0.010916129,0.017674729
5.259789467,-0.004409790,0.047361374,-0.016681671,-0.004794121,0.010545731,0.036240578,-0.091983795,-0.099184036,0.171203613,0.023498535,0.020645142,0.004531860,-0.004409790,0.047361374,-0.016681671,-0.005177498,0.010545731,0.036240578,0.000008902,-0.146721616,-0.568388939,-0.122308724,0.070227556,0.000090937,0.004409790,-0.191349030,-0.625421524,-0.124254227,0.069856644,0.014739990,0.000008902,-0.146721616,-0.568388939,-0.122308724,0.070227556,0.000090937,0.000000000,0.000000000,0.000000000,0.000000000,0.000000000,0.000000000,0.000000000,0.000000000,0.000000000,0.000000000,0.000000000,0.000000000,0.000000000,0.000000000,0.000000000,0.000000000,0.000000000,0.000000000,0.004400889,-0.044627413,-0.057032585,-0.001945503,-0.000370912,0.014649053,0.004893744,-0.044149176,-0.028660732,0.005557359,-0.000191309,0.014256762
5.269724846,-0.004794121,0.047361374,-0.016681671,-0.005177498,0.010545731,0.035857201,0.059753418,0.044860840,-0.049011230,-0.081237793,-0.016616821,-0.023666382,-0.004409790,0.047361374,-0.016681671,-0.005177498,0.010545731,0.035857201,0.000008902,-0.146722600,-0.568387985,-0.122307688,0.070227556,0.000091970,0.001815796,-0.149234772,-0.593774796,-0.126848221,0.071565628,-0.009185791,0.000008902,-0.146722600,-0.568387985,-0.122307688,0.070227556,0.000091970,0.000000000,0.000000000,0.000000000,0.000000000,0.000000000,0.000000000,0.000000000,0.000000000,0.000000000,0.000000000,0.000000000,0.000000000,0.000000000,0.000000000,0.000000000,0.000000000,0.000000000,0.000000000,0.001806894,-0.002512172,-0.025386810,-0.004540533,0.001338072,-0.009277761,0.002299750,-0.002033934,0.002985043,0.002962330,0.001517676,-0.009670052
5.279875278,-0.004794121,0.047361374,-0.016681671,-0.005177498,0.010545731,0.036240578,0.019470215,0.008850098,0.024841309,-0.026184082,-0.102222443,0.021652222,-0.004794121,0.047361374,-0.016681671,-0.005177498,0.010545731,0.035857201,0.000008902,-0.146722600,-0.568387985,-0.122307688,0.070227556,0.000091970,-0.005966187,-0.145572662,-0.617639542,-0.134630203,0.070283890,-0.003204346,0.000008902,-0.146722600,-0.568387985,-0.122307688,0.070227556,0.000091970,0.000000000,0.000000000,0.000000000,0.000000000,0.000000000,0.000000000,0.000000000,0.000000000,0.000000000,0.000000000,0.000000000,0.000000000,0.000000000,0.000000000,0.000000000,0.000000000,0.000000000,0.000000000,-0.005975088,0.001149938,-0.049251556,-0.012322515,0.000056334,-0.003296316,-0.005482232,0.001628175,-0.020879703,-0.004819653,0.000235937,-0.003688607
5.289754629,-0.004409790,0.047361374,-0.016681671,-0.005177498,0.010545731,0.036240578,-0.083923340,0.074157715,-0.034240723,0.083923340,0.035751343,-0.043807983,-0.004794121,0.047361374,-0.016681671,-0.005177498,0.010545731,0.035857201,0.000008902,-0.146722600,-0.568387985,-0.122307688,0.070227556,0.000091970,-0.001815796,-0.123600006,-0.594293594,-0.145006180,0.069856644,-0.029694557,0.000008902,-0.146722600,-0.568387985,-0.122307688,0.070227556,0.000091970,0.000000000,0.000000000,0.000000000,0.000000000,0.000000000,0.000000000,0.000000000,0.000000000,0.000000000,0.000000000,0.000000000,0.000000000,0.000000000,0.000000000,0.000000000,0.000000000,0.000000000,0.000000000,-0.001824698,0.023122594,-0.025905609,-0.022698492,-0.000370912,-0.029786527,-0.001331842,0.023600831,0.002466244,-0.015195629,-0.000191309,-0.030178818
5.299719572,-0.004794121,0.047361374,-0.017066002,-0.004794121,0.010545731,0.035857201,0.019470215,-0.061342239,-0.049011230,0.090637207,-0.004531860,-0.025680542,-0.004794121,0.047361374,-0.016681671,-0.004794121,0.010545731,0.036240578,0.000008902,-0.147307247,-0.567834139,-0.121692270,0.069839187,0.000089904,0.003372192,-0.158390045,-0.601037979,-0.134111404,0.074983597,-0.006195068,0.000008902,-0.147307247,-0.567834139,-0.121692270,0.069839187,0.000089904,0.000000000,0.000000000,0.000000000,0.000000000,0.000000000,0.000000000,0.000000000,0.000000000,0.000000000,0.000000000,0.000000000,0.000000000,0.000000000,0.000000000,0.000000000,0.000000000,0.000000000,0.000000000,0.003363291,-0.011082798,-0.033203840,-0.012419134,0.005144410,-0.006284972,0.003856146,-0.010604561,-0.004831987,-0.004916272,0.005324013,-0.006677263
5.309687614,-0.004409790,0.047361374,-0.016681671,-0.005177498,0.010545731,0.035857201,0.022155762,-0.106508255,-0.116153717,0.036926270,0.018630981,-0.001510620,-0.004409790,0.047361374,-0.016681671,-0.005177498,0.010545731,0.035857201,0.000008902,-0.146722600,-0.568387985,-0.122307688,0.070227556,0.000091970,-0.005447388,-0.143741608,-0.606225967,-0.136186600,0.061311722,0.004913330,0.000008902,-0.146722600,-0.568387985,-0.122307688,0.070227556,0.000091970,0.000000000,0.000000000,0.000000000,0.000000000,0.000000000,0.000000000,0.000000000,0.000000000,0.000000000,0.000000000,0.000000000,0.000000000,0.000000000,0.000000000,0.000000000,0.000000000,0.000000000,0.000000000,-0.005456289,0.002980992,-0.037837982,-0.013878912,-0.008915834,0.004821360,-0.004963433,0.003459230,-0.009466129,-0.006376049,-0.008736231,0.004429069
5.319709778,-0.004794121,0.047361374,-0.016681671,-0.005177498,0.010545731,0.035857201,0.016784668,0.047912598,0.022155762,-0.038269043,0.014602661,-0.029708862,-0.004409790,0.047361374,-0.016681671,-0.005177498,0.010545731,0.036240578,0.000008902,-0.146721616,-0.568388939,-0.122308724,0.070227556,0.000090937,0.001296997,-0.151065826,-0.609338760,-0.146562576,0.069429398,0.004913330,0.000008902,-0.146721616,-0.568388939,-0.122308724,0.070227556,0.000090937,0.000000000,0.000000000,0.000000000,0.000000000,0.000000000,0.000000000,0.000000000,0.000000000,0.000000000,0.000000000,0.000000000,0.000000000,0.000000000,0.000000000,0.000000000,0.000000000,0.000000000,0.000000000,0.001288096,-0.004344210,-0.040949821,-0.024253853,-0.000798158,0.004822393,0.001780951,-0.003865973,-0.012577968,-0.016750990,-0.000618555,0.004430102
5.329700708,-0.004409790,0.047361374,-0.016681671,-0.005177498,0.010545731,0.036240578,0.091979980,-0.083314896,0.161804199,0.004699707,0.001510620,-0.013595581,-0.004409790,0.047361374,-0.016681671,-0.005177498,0.010545731,0.036240578,0.000008902,-0.146721616,-0.568388939,-0.122308724,0.070227556,0.000090937,0.007522583,-0.191349030,-0.605188370,-0.125810623,0.067720413,0.011322021,0.000008902,-0.146721616,-0.568388939,-0.122308724,0.070227556,0.000090937,0.000000000,0.000000000,0.000000000,0.000000000,0.000000000,0.000000000,0.000000000,0.000000000,0.000000000,0.000000000,0.000000000,0.000000000,0.000000000,0.000000000,0.000000000,0.000000000,0.000000000,0.000000000,0.007513681,-0.044627413,-0.036799431,-0.003501900,-0.002507143,0.011231085,0.008006537,-0.044149176,-0.008427578,0.004000963,-0.002327539,0.010838794
5.339690208,-0.004794121,0.047361374,-0.016681671,-0.005177498,0.010545731,0.035857201,-0.002014160,0.061950684,0.027526855,0.075866699,-0.040786743,-0.041793823,-0.004409790,0.047361374,-0.016681671,-0.004794121,0.010545731,0.036240578,0.000008902,-0.147307247,-0.567834139,-0.121692270,0.069839187,0.000089904,-0.003372192,-0.121768951,-0.599481583,-0.115434647,0.068574905,0.019012451,0.000008902,-0.147307247,-0.567834139,-0.121692270,0.069839187,0.000089904,0.000000000,0.000000000,0.000000000,0.000000000,0.000000000,0.000000000,0.000000000,0.000000000,0.000000000,0.000000000,0.000000000,0.000000000,0.000000000,0.000000000,0.000000000,0.000000000,0.000000000,0.000000000,-0.003381094,0.025538296,-0.031647444,0.006257623,-0.001264282,0.018922548,-0.002888238,0.026016533,-0.003275590,0.013760486,-0.001084678,0.018530257
5.349720478,-0.004794121,0.047744751,-0.016681671,-0.004794121,0.010545731,0.035857201,-0.059753418,0.040588379,-0.093326569,0.050354004,-0.019638062,-0.006546021,-0.004409790,0.047361374,-0.017066002,-0.005177498,0.010545731,0.035857201,0.000008901,-0.143213391,-0.571712494,-0.122925662,0.070616879,0.000093006,-0.008041382,-0.152896881,-0.616083145,-0.119585037,0.074129105,-0.002777100,0.000008901,-0.143213391,-0.571712494,-0.122925662,0.070616879,0.000093006,0.000000000,0.000000000,0.000000000,0.000000000,0.000000000,0.000000000,0.000000000,0.000000000,0.000000000,0.000000000,0.000000000,0.000000000,0.000000000,0.000000000,0.000000000,0.000000000,0.000000000,0.000000000,-0.008050283,-0.009683490,-0.044370651,0.003340624,0.003512226,-0.002870105,-0.007557428,-0.009205252,-0.015998798,0.010843487,0.003691830,-0.003262396
5.359719753,-0.004409790,0.047361374,-0.016681671,-0.005177498,0.010545731,0.035857201,0.100036621,0.082704544,0.049011230,-0.093326569,-0.000503540,-0.074024200,-0.004794121,0.047361374,-0.016681671,-0.005177498,0.010545731,0.035857201,0.000008902,-0.146722600,-0.568387985,-0.122307688,0.070227556,0.000091970,-0.003372192,-0.107116699,-0.607263565,-0.135149002,0.060884476,0.002349854,0.000008902,-0.146722600,-0.568387985,-0.122307688,0.070227556,0.000091970,0.000000000,0.000000000,0.000000000,0.000000000,0.000000000,0.000000000,0.000000000,0.000000000,0.000000000,0.000000000,0.000000000,0.000000000,0.000000000,0.000000000,0.000000000,0.000000000,0.000000000,0.000000000,-0.003381094,0.039605901,-0.038875580,-0.012841314,-0.009343080,0.002257884,-0.002888238,0.040084138,-0.010503727,-0.005338452,-0.009163477,0.001865593
5.369685173,-0.004409790,0.047361374,-0.016681671,-0.005177498,0.010545731,0.036240578,-0.002014160,0.124208450,0.058410645,-0.172550201,0.013595581,0.026687622,-0.004794121,0.047361374,-0.016681671,-0.005177498,0.010545731,0.035857201,0.000008902,-0.146722600,-0.568387985,-0.122307688,0.070227556,0.000091970,-0.017898560,-0.160221100,-0.632684708,-0.132036209,0.055757523,0.007049561,0.000008902,-0.146722600,-0.568387985,-0.122307688,0.070227556,0.000091970,0.000000000,0.000000000,0.000000000,0.000000000,0.000000000,0.000000000,0.000000000,0.000000000,0.000000000,0.000000000,0.000000000,0.000000000,0.000000000,0.000000000,0.000000000,0.000000000,0.000000000,0.000000000,-0.017907461,-0.013498500,-0.064296722,-0.009728521,-0.014470033,0.006957591,-0.017414606,-0.013020263,-0.035924869,-0.002225659,-0.014290430,0.006565300
5.379748583,-0.004794121,0.047361374,-0.017066002,-0.004794121,0.010545731,0.036240578,0.070495605,-0.066835403,-0.169864655,0.104064941,0.015609741,0.008560181,-0.004794121,0.047361374,-0.016681671,-0.004794121,0.010545731,0.035857201,0.000008902,-0.147308230,-0.567833185,-0.121691234,0.069839187,0.000090937,-0.019454956,-0.132755280,-0.604669571,-0.122697830,0.069002151,0.002777100,0.000008902,-0.147308230,-0.567833185,-0.121691234,0.069839187,0.000090937,0.000000000,0.000000000,0.000000000,0.000000000,0.000000000,0.000000000,0.000000000,0.000000000,0.000000000,0.000000000,0.000000000,0.000000000,0.000000000,0.000000000,0.000000000,0.000000000,0.000000000,0.000000000,-0.019463858,0.014552951,-0.036836386,-0.001006596,-0.000837035,0.002686163,-0.018971002,0.015031188,-0.008464532,0.006496267,-0.000657432,0.002293872
5.389720678,-0.004794121,0.047361374,-0.016681671,-0.005177498,0.010545731,0.035857201,0.140319824,-0.057680130,0.122863770,0.090637207,-0.005538940,-0.007553101,-0.004409790,0.047361374,-0.016681671,-0.005177498,0.010545731,0.036240578,0.000008902,-0.146721616,-0.568388939,-0.122308724,0.070227556,0.000090937,-0.011154175,-0.145572662,-0.619714737,-0.121660233,0.058320999,0.005340576,0.000008902,-0.146721616,-0.568388939,-0.122308724,0.070227556,0.000090937,0.000000000,0.000000000,0.000000000,0.000000000,0.000000000,0.000000000,0.000000000,0.000000000,0.000000000,0.000000000,0.000000000,0.000000000,0.000000000,0.000000000,0.000000000,0.000000000,0.000000000,0.000000000,-0.011163076,0.001148954,-0.051325798,0.000648491,-0.011906557,0.005249639,-0.010670221,0.001627191,-0.022953945,0.008151354,-0.011726953,0.004857348
5.399720430,-0.004794121,0.047361374,-0.016681671,-0.005177498,0.010545731,0.035857201,0.010070801,0.103456497,0.113464355,-0.203433990,0.014602661,-0.041793823,-0.004794121,0.047361374,-0.016681671,-0.005177498,0.010545731,0.035857201,0.000008902,-0.146722600,-0.568387985,-0.122307688,0.070227556,0.000091970,-0.002334595,-0.180362701,-0.614526749,-0.098833084,0.070711136,-0.001495361,0.000008902,-0.146722600,-0.568387985,-0.122307688,0.070227556,0.000091970,0.000000000,0.000000000,0.000000000,0.000000000,0.000000000,0.000000000,0.000000000,0.000000000,0.000000000,0.000000000,0.000000000,0.000000000,0.000000000,0.000000000,0.000000000,0.000000000,0.000000000,0.000000000,-0.002343496,-0.033640102,-0.046138763,0.023474604,0.000483580,-0.001587331,-0.001850641,-0.033161864,-0.017766910,0.030977466,0.000663184,-0.001979622
5.409687519,-0.004409790,0.047361374,-0.016681671,-0.005177498,0.010545731,0.035857201,-0.031555176,0.046081543,-0.061096191,-0.112125397,0.008560181,-0.047836304,-0.004409790,0.047361374,-0.016681671,-0.005177498,0.010545731,0.036240578,0.000008902,-0.146721616,-0.568388939,-0.122308724,0.070227556,0.000090937,-0.002334595,-0.158390045,-0.608819962,-0.138261795,0.073274612,-0.016021729,0.000008902,-0.146721616,-0.568388939,-0.122308724,0.070227556,0.000090937,0.000000000,0.000000000,0.000000000,0.000000000,0.000000000,0.000000000,0.000000000,0.000000000,0.000000000,0.000000000,0.000000000,0.000000000,0.000000000,0.000000000,0.000000000,0.000000000,0.000000000,0.000000000,-0.002343496,-0.011668429,-0.040431023,-0.015953071,0.003047056,-0.016112665,-0.001850641,-0.011190191,-0.012059169,-0.008450209,0.003226660,-0.016504956
5.419754028,-0.004409790,0.047361374,-0.016681671,-0.005177498,0.010545731,0.036240578,-0.071838379,-0.043031693,0.061096191,-0.096012115,-0.042800903,0.013595581,-0.004794121,0.047361374,-0.016681671,-0.005177498,0.010545731,0.035857201,0.000008902,-0.146722600,-0.568387985,-0.122307688,0.070227556,0.000091970,-0.009597778,-0.163883209,-0.581323624,-0.147081375,0.079683304,0.010467529,0.000008902,-0.146722600,-0.568387985,-0.122307688,0.070227556,0.000091970,0.000000000,0.000000000,0.000000000,0.000000000,0.000000000,0.000000000,0.000000000,0.000000000,0.000000000,0.000000000,0.000000000,0.000000000,0.000000000,0.000000000,0.000000000,0.000000000,0.000000000,0.000000000,-0.009606680,-0.017160609,-0.012935638,-0.024773687,0.009455748,0.010375559,-0.009113824,-0.016682372,0.015436215,-0.017270825,0.009635352,0.009983268
5.429802895,-0.004409790,0.047361374,-0.016681671,-0.005177498,0.010545731,0.036240578,-0.057067871,-0.032043457,0.035583496,-0.062438965,-0.022659302,0.005538940,-0.004409790,0.047361374,-0.017066002,-0.004794121,0.010545731,0.036240578,0.000008901,-0.143798023,-0.571158648,-0.122310258,0.070228517,0.000090939,0.009078979,-0.132755280,-0.640985489,-0.098833084,0.068574905,-0.010040283,0.000008901,-0.143798023,-0.571158648,-0.122310258,0.070228517,0.000090939,0.000000000,0.000000000,0.000000000,0.000000000,0.000000000,0.000000000,0.000000000,0.000000000,0.000000000,0.000000000,0.000000000,0.000000000,0.000000000,0.000000000,0.000000000,0.000000000,0.000000000,0.000000000,0.009070078,0.011042744,-0.069826841,0.023477174,-0.001653612,-0.010131223,0.009562934,0.011520981,-0.041454988,0.030980037,-0.001474008,-0.010523514
5.439720631,-0.004794121,0.047361374,-0.016681671,-0.005177498,0.010545731,0.036240578,-0.038269043,0.019226074,-0.082580566,-0.051696777,-0.028701782,-0.078052521,-0.004409790,0.047361374,-0.016681671,-0.005177498,0.010545731,0.035857201,0.000008902,-0.146722600,-0.568387985,-0.122307688,0.070227556,0.000091970,0.005966187,-0.147403717,-0.610376358,-0.119585037,0.060457230,0.002777100,0.000008902,-0.146722600,-0.568387985,-0.122307688,0.070227556,0.000091970,0.000000000,0.000000000,0.000000000,0.000000000,0.000000000,0.000000000,0.000000000,0.000000000,0.000000000,0.000000000,0.000000000,0.000000000,0.000000000,0.000000000,0.000000000,0.000000000,0.000000000,0.000000000,0.005957285,-0.000681117,-0.041988373,0.002722651,-0.009770326,0.002685130,0.006450141,-0.000202880,-0.013616519,0.010225513,-0.009590723,0.002292839
5.449734211,-0.004794121,0.047361374,-0.016681671,-0.005177498,0.010545731,0.035857201,-0.143009186,0.084535599,0.012756348,0.018127441,-0.089130402,0.019638062,-0.004794121,0.047361374,-0.016681671,-0.005177498,0.010545731,0.036240578,0.000008902,-0.146721616,-0.568388939,-0.122308724,0.070227556,0.000090937,-0.008041382,-0.138248444,-0.605707169,-0.129961014,0.072847366,0.000213623,0.000008902,-0.146721616,-0.568388939,-0.122308724,0.070227556,0.000090937,0.000000000,0.000000000,0.000000000,0.000000000,0.000000000,0.000000000,0.000000000,0.000000000,0.000000000,0.000000000,0.000000000,0.000000000,0.000000000,0.000000000,0.000000000,0.000000000,0.000000000,0.000000000,-0.008050283,0.008473173,-0.037318230,-0.007652290,0.002619810,0.000122686,-0.007557428,0.008951410,-0.008946376,-0.000149428,0.002799414,-0.000269605
5.459751129,-0.004794121,0.047361374,-0.016681671,-0.005177498,0.010545731,0.035857201,0.023498535,-0.007019043,-0.078552246,0.140319824,0.005538940,-0.018630981,-0.004794121,0.047361374,-0.016681671,-0.005177498,0.010545731,0.035857201,0.000008902,-0.146722600,-0.568387985,-0.122307688,0.070227556,0.000091970,-0.010116577,-0.171207428,-0.587549210,-0.136186600,0.069002151,-0.034821510,0.000008902,-0.146722600,-0.568387985,-0.122307688,0.070227556,0.000091970,0.000000000,0.000000000,0.000000000,0.000000000,0.000000000,0.000000000,0.000000000,0.000000000,0.000000000,0.000000000,0.000000000,0.000000000,0.000000000,0.000000000,0.000000000,0.000000000,0.000000000,0.000000000,-0.010125479,-0.024484828,-0.019161224,-0.013878912,-0.001225404,-0.034913480,-0.009632623,-0.024006591,0.009210629,-0.006376049,-0.001045801,-0.035305771
5.469728470,-0.004794121,0.047361374,-0.016681671,-0.005177498,0.010545731,0.036240578,-0.054382324,0.082704544,0.004699707,0.093322754,0.006546021,0.001510620,-0.004409790,0.047361374,-0.016681671,-0.004794121,0.010545731,0.036240578,0.000008902,-0.147307247,-0.567834139,-0.121692270,0.069839187,0.000089904,0.017898560,-0.162052155,-0.611932755,-0.135149002,0.081819534,-0.002777100,0.000008902,-0.147307247,-0.567834139,-0.121692270,0.069839187,0.000089904,0.000000000,0.000000000,0.000000000,0.000000000,0.000000000,0.000000000,0.000000000,0.000000000,0.000000000,0.000000000,0.000000000,0.000000000,0.000000000,0.000000000,0.000000000,0.000000000,0.000000000,0.000000000,0.017889658,-0.014744908,-0.044098616,-0.013456732,0.011980347,-0.002867003,0.018382514,-0.014266670,-0.015726762,-0.005953869,0.012159951,-0.003259294
5.479691505,-0.004794121,0.047361374,-0.016681671,-0.005177498,0.010545731,0.036240578,-0.023498535,-0.043642044,-0.062438965,-0.073181152,-0.005538940,0.007553101,-0.004409790,0.047361374,-0.017066002,-0.005177498,0.010545731,0.035857201,0.000008901,-0.143213391,-0.571712494,-0.122925662,0.070616879,0.000093006,-0.011154175,-0.156558990,-0.606225967,-0.119585037,0.073274612,-0.005340576,0.000008901,-0.143213391,-0.571712494,-0.122925662,0.070616879,0.000093006,0.000000000,0.000000000,0.000000000,0.000000000,0.000000000,0.000000000,0.000000000,0.000000000,0.000000000,0.000000000,0.000000000,0.000000000,0.000000000,0.000000000,0.000000000,0.000000000,0.000000000,0.000000000,-0.011163076,-0.013345599,-0.034513474,0.003340624,0.002657734,-0.005433582,-0.010670221,-0.012867362,-0.006141620,0.010843487,0.002837337,-0.005825873
5.489687204,-0.004409790,0.047361374,-0.016681671,-0.005177498,0.010545731,0.035857201,-0.047668457,-0.058290482,0.081237793,-0.126895905,-0.007553101,-0.021652222,-0.004794121,0.047361374,-0.016681671,-0.005177498,0.010545731,0.036240578,0.000008902,-0.146721616,-0.568388939,-0.122308724,0.070227556,0.000090937,0.006484985,-0.141910553,-0.617120743,-0.125810623,0.071138382,-0.022857666,0.000008902,-0.146721616,-0.568388939,-0.122308724,0.070227556,0.000090937,0.000000000,0.000000000,0.000000000,0.000000000,0.000000000,0.000000000,0.000000000,0.000000000,0.000000000,0.000000000,0.000000000,0.000000000,0.000000000,0.000000000,0.000000000,0.000000000,0.000000000,0.000000000,0.006476084,0.004811063,-0.048731804,-0.003501900,0.000910826,-0.022948603,0.006968939,0.005289301,-0.020359951,0.004000963,0.001090430,-0.023340894
5.499714375,-0.004409790,0.047361374,-0.016681671,-0.005177498,0.010545731,0.035857201,0.027526855,0.007019043,-0.085266113,0.007385254,0.023666382,-0.027694702,-0.004409790,0.047361374,-0.016681671,-0.004794121,0.010545731,0.035857201,0.000008902,-0.147308230,-0.567833185,-0.121691234,0.069839187,0.000090937,0.003372192,-0.145572662,-0.589624405,-0.143968582,0.067720413,-0.013458252,0.000008902,-0.147308230,-0.567833185,-0.121691234,0.069839187,0.000090937,0.000000000,0.000000000,0.000000000,0.000000000,0.000000000,0.000000000,0.000000000,0.000000000,0.000000000,0.000000000,0.000000000,0.000000000,0.000000000,0.000000000,0.000000000,0.000000000,0.000000000,0.000000000,0.003363291,0.001735568,-0.021791220,-0.022277348,-0.002118774,-0.013549189,0.003856147,0.002213805,0.006580634,-0.014774485,-0.001939170,-0.013941480
5.509743452,-0.004409790,0.047361374,-0.016681671,-0.005177498,0.010545731,0.035857201,-0.106754303,-0.061342239,-0.024841309,-0.082580566,-0.033737183,-0.081073761,-0.004409790,0.047361374,-0.016681671,-0.005177498,0.010545731,0.036240578,0.000008902,-0.146721616,-0.568388939,-0.122308724,0.070227556,0.000090937,0.016860962,-0.101623535,-0.578210831,-0.140855789,0.065156937,-0.024139404,0.000008902,-0.146721616,-0.568388939,-0.122308724,0.070227556,0.000090937,0.000000000,0.000000000,0.000000000,0.000000000,0.000000000,0.000000000,0.000000000,0.000000000,0.000000000,0.000000000,0.000000000,0.000000000,0.000000000,0.000000000,0.000000000,0.000000000,0.000000000,0.000000000,0.016852060,0.045098081,-0.009821892,-0.018547066,-0.005070619,-0.024230341,0.017344916,0.045576319,0.018549962,-0.011044203,-0.004891016,-0.024622632
5.519706488,-0.004794121,0.047361374,-0.017066002,-0.004794121,0.010545731,0.035857201,-0.042297363,0.126039505,-0.026184082,0.098693848,-0.056900024,0.032730103,-0.004409790,0.047361374,-0.017066002,-0.004794121,0.010545731,0.035857201,0.000008901,-0.143799007,-0.571157694,-0.122309223,0.070228517,0.000091973,0.002853394,-0.154727936,-0.561088562,-0.099870682,0.064729691,-0.018585205,0.000008901,-0.143799007,-0.571157694,-0.122309223,0.070228517,0.000091973,0.000000000,0.000000000,0.000000000,0.000000000,0.000000000,0.000000000,0.000000000,0.000000000,0.000000000,0.000000000,0.000000000,0.000000000,0.000000000,0.000000000,0.000000000,0.000000000,0.000000000,0.000000000,0.002844492,-0.010928929,0.010069132,0.022438541,-0.005498827,-0.018677178,0.003337348,-0.010450691,0.038440985,0.029941404,-0.005319223,-0.019069469
5.529687166,-0.004794121,0.047361374,-0.016681671,-0.004794121,0.010545731,0.035857201,-0.145694733,-0.019836426,-0.044982910,-0.039611816,0.019638062,-0.039779663,-0.004409790,0.047361374,-0.016681671,-0.005177498,0.010545731,0.035857201,0.000008902,-0.146722600,-0.568387985,-0.122307688,0.070227556,0.000091970,-0.017379761,-0.140079498,-0.605707169,-0.138261795,0.070283890,0.014312744,0.000008902,-0.146722600,-0.568387985,-0.122307688,0.070227556,0.000091970,0.000000000,0.000000000,0.000000000,0.000000000,0.000000000,0.000000000,0.000000000,0.000000000,0.000000000,0.000000000,0.000000000,0.000000000,0.000000000,0.000000000,0.000000000,0.000000000,0.000000000,0.000000000,-0.017388662,0.006643102,-0.037319183,-0.015954107,0.000056334,0.014220774,-0.016895807,0.007121339,-0.008947330,-0.008451245,0.000235937,0.013828483
5.539721012,-0.004409790,0.047361374,-0.016681671,-0.005177498,0.010545731,0.036240578,0.007385254,0.002746582,0.164489746,0.023498535,-0.007553101,0.015609741,-0.004409790,0.047361374,-0.017066002,-0.005177498,0.010545731,0.035857201,0.000008901,-0.143213391,-0.571712494,-0.122925662,0.070616879,0.000093006,-0.005447388,-0.149234772,-0.584955215,-0.122179031,0.075838089,-0.016876221,0.000008901,-0.143213391,-0.571712494,-0.122925662,0.070616879,0.000093006,0.000000000,0.000000000,0.000000000,0.000000000,0.000000000,0.000000000,0.000000000,0.000000000,0.000000000,0.000000000,0.000000000,0.000000000,0.000000000,0.000000000,0.000000000,0.000000000,0.000000000,0.000000000,-0.005456289,-0.006021380,-0.013242722,0.000746630,0.005221210,-0.016969226,-0.004963433,-0.005543143,0.015129132,0.008249493,0.005400814,-0.017361517
5.549686432,-0.004794121,0.047361374,-0.016681671,-0.004794121,0.010545731,0.036240578,-0.028869629,-0.010681152,0.082580566,0.069152832,0.051864624,-0.002517700,-0.004409790,0.047361374,-0.016681671,-0.005177498,0.010545731,0.036240578,0.000008902,-0.146721616,-0.568388939,-0.122308724,0.070227556,0.000090937,-0.024124146,-0.130924225,-0.610376358,-0.135149002,0.065584183,-0.011322021,0.000008902,-0.146721616,-0.568388939,-0.122308724,0.070227556,0.000090937,0.000000000,0.000000000,0.000000000,0.000000000,0.000000000,0.000000000,0.000000000,0.000000000,0.000000000,0.000000000,0.000000000,0.000000000,0.000000000,0.000000000,0.000000000,0.000000000,0.000000000,0.000000000,-0.024133047,0.015797392,-0.041987419,-0.012840278,-0.004643373,-0.011412958,-0.023640191,0.016275629,-0.013615566,-0.005337416,-0.004463770,-0.011805249
5.559832096,-0.004794121,0.047361374,-0.016681671,-0.005177498,0.010545731,0.036240578,0.067810059,0.058288574,0.022155762,-0.096012115,-0.032730103,0.020645142,-0.004794121,0.047361374,-0.016681671,-0.005177498,0.010545731,0.036240578,0.000008902,-0.146721616,-0.568388939,-0.122308724,0.070227556,0.000090937,-0.002334595,-0.127262115,-0.592737198,-0.146562576,0.067720413,-0.029267311,0.000008902,-0.146721616,-0.568388939,-0.122308724,0.070227556,0.000090937,0.000000000,0.000000000,0.000000000,0.000000000,0.000000000,0.000000000,0.000000000,0.000000000,0.000000000,0.000000000,0.000000000,0.000000000,0.000000000,0.000000000,0.000000000,0.000000000,0.000000000,0.000000000,-0.002343496,0.019459501,-0.024348259,-0.024253853,-0.002507143,-0.029358248,-0.001850641,0.019937738,0.004023594,-0.016750990,-0.002327539,-0.029750539
5.569739580,-0.004409790,0.047361374,-0.017066002,-0.005177498,0.010545731,0.035857201,0.065124512,-0.049745560,0.020812988,0.043640137,-0.029708862,-0.006546021,-0.004409790,0.047361374,-0.016681671,-0.005177498,0.010545731,0.035857201,0.000008902,-0.146722600,-0.568387985,-0.122307688,0.070227556,0.000091970,0.008560181,-0.182193756,-0.606225967,-0.141893387,0.064302444,0.010040283,0.000008902,-0.146722600,-0.568387985,-0.122307688,0.070227556,0.000091970,0.000000000,0.000000000,0.000000000,0.000000000,0.000000000,0.000000000,0.000000000,0.000000000,0.000000000,0.000000000,0.000000000,0.000000000,0.000000000,0.000000000,0.000000000,0.000000000,0.000000000,0.000000000,0.008551279,-0.035471156,-0.037837982,-0.019585699,-0.005925111,0.009948313,0.009044135,-0.034992919,-0.009466129,-0.012082836,-0.005745508,0.009556022
5.579819202,-0.004409790,0.047361374,-0.016681671,-0.005177498,0.010545731,0.035857201,-0.032897949,-0.075380325,0.188663483,0.136291504,-0.009567261,-0.034744263,-0.004794121,0.047361374,-0.016681671,-0.005177498,0.010545731,0.036240578,0.000008902,-0.146721616,-0.568388939,-0.122308724,0.070227556,0.000090937,0.014785767,-0.114440918,-0.595331192,-0.142930984,0.065584183,-0.014739990,0.000008902,-0.146721616,-0.568388939,-0.122308724,0.070227556,0.000090937,0.000000000,0.000000000,0.000000000,0.000000000,0.000000000,0.000000000,0.000000000,0.000000000,0.000000000,0.000000000,0.000000000,0.000000000,0.000000000,0.000000000,0.000000000,0.000000000,0.000000000,0.000000000,0.014776865,0.032280698,-0.026942253,-0.020622261,-0.004643373,-0.014830927,0.015269721,0.032758936,0.001429600,-0.013119398,-0.004463770,-0.015223218
5.589720964,-0.004409790,0.047361374,-0.016681671,-0.004794121,0.010545731,0.035857201,0.073181152,0.012512207,-0.062438965,0.090637207,-0.013595581,-0.016616821,-0.004794121,0.047361374,-0.016681671,-0.005177498,0.010930061,0.036240578,0.000008902,-0.146351755,-0.568739355,-0.122698054,0.070227258,0.000090936,0.000259399,-0.143741608,-0.603631973,-0.131517410,0.081392288,-0.002777100,0.000008902,-0.146351755,-0.568739355,-0.122698054,0.070227258,0.000090936,0.000000000,0.000000000,0.000000000,0.000000000,0.000000000,0.000000000,0.000000000,0.000000000,0.000000000,0.000000000,0.000000000,0.000000000,0.000000000,0.000000000,0.000000000,0.000000000,0.000000000,0.000000000,0.000250498,0.002610147,-0.034892619,-0.008819357,0.011165030,-0.002868036,0.000743353,0.003088384,-0.006520765,-0.001316494,0.011344634,-0.003260327
5.599827051,-0.004409790,0.047361374,-0.016681671,-0.005177498,0.010545731,0.036240578,0.054382324,0.004577637,0.031555176,0.040954590,-0.018630981,0.005538940,-0.004409790,0.047361374,-0.016681671,-0.004794121,0.010930061,0.035857201,0.000008902,-0.146938354,-0.568183601,-0.122080579,0.069838889,0.000090936,0.001296997,-0.189517975,-0.576135635,-0.124254227,0.066438675,-0.010040283,0.000008902,-0.146938354,-0.568183601,-0.122080579,0.069838889,0.000090936,0.000000000,0.000000000,0.000000000,0.000000000,0.000000000,0.000000000,0.000000000,0.000000000,0.000000000,0.000000000,0.000000000,0.000000000,0.000000000,0.000000000,0.000000000,0.000000000,0.000000000,0.000000000,0.001288096,-0.042579621,-0.007952034,-0.002173647,-0.003400214,-0.010131219,0.001780951,-0.042101384,0.020419819,0.005329215,-0.003220610,-0.010523510
5.609733820,-0.004794121,0.047361374,-0.016298294,-0.005177498,0.010545731,0.036240578,0.008728027,-0.055238724,0.292057037,-0.047668457,0.018630981,0.045822144,-0.004794121,0.047361374,-0.016681671,-0.004794121,0.010545731,0.035857201,0.000008902,-0.147308230,-0.567833185,-0.121691234,0.069839187,0.000090937,0.012191772,-0.149234772,-0.597406387,-0.105577469,0.077547073,-0.004058838,0.000008902,-0.147308230,-0.567833185,-0.121691234,0.069839187,0.000090937,0.000000000,0.000000000,0.000000000,0.000000000,0.000000000,0.000000000,0.000000000,0.000000000,0.000000000,0.000000000,0.000000000,0.000000000,0.000000000,0.000000000,0.000000000,0.000000000,0.000000000,0.000000000,0.012182871,-0.001926541,-0.029573202,0.016113766,0.007707886,-0.004149775,0.012675727,-0.001448304,-0.001201349,0.023616628,0.007887490,-0.004542066
5.619719505,-0.004409790,0.047361374,-0.016681671,-0.005177498,0.010545731,0.036240578,0.141662598,0.007629395,-0.034240723,-0.054382324,0.006546021,0.009567261,-0.004409790,0.047361374,-0.016681671,-0.004794121,0.010545731,0.036240578,0.000008902,-0.147307247,-0.567834139,-0.121692270,0.069839187,0.000089904,-0.011672974,-0.138248444,-0.591180801,-0.122697830,0.073701859,-0.006195068,0.000008902,-0.147307247,-0.567834139,-0.121692270,0.069839187,0.000089904,0.000000000,0.000000000,0.000000000,0.000000000,0.000000000,0.000000000,0.000000000,0.000000000,0.000000000,0.000000000,0.000000000,0.000000000,0.000000000,0.000000000,0.000000000,0.000000000,0.000000000,0.000000000,-0.011681875,0.009058803,-0.023346663,-0.001005560,0.003862672,-0.006284972,-0.011189019,0.009537041,0.005025191,0.006497302,0.004042275,-0.006677263
5.629720688,-0.004794121,0.047361374,-0.016681671,-0.005177498,0.010545731,0.036240578,-0.094669342,0.039978027,0.114807129,0.073181152,0.023666382,0.069992065,-0.004409790,0.047361374,-0.016681671,-0.005177498,0.010545731,0.036240578,0.000008902,-0.146721616,-0.568388939,-0.122308724,0.070227556,0.000090937,-0.011672974,-0.173038483,-0.616083145,-0.136186600,0.070283890,-0.012176514,0.000008902,-0.146721616,-0.568388939,-0.122308724,0.070227556,0.000090937,0.000000000,0.000000000,0.000000000,0.000000000,0.000000000,0.000000000,0.000000000,0.000000000,0.000000000,0.000000000,0.000000000,0.000000000,0.000000000,0.000000000,0.000000000,0.000000000,0.000000000,0.000000000,-0.011681875,-0.026316866,-0.047694206,-0.013877876,0.000056334,-0.012267450,-0.011189019,-0.025838629,-0.019322353,-0.006375014,0.000235937,-0.012659741
5.639837742,-0.004409790,0.047361374,-0.016681671,-0.005177498,0.010545731,0.036240578,0.006042480,0.013122559,0.167175293,0.020812988,0.025680542,-0.002517700,-0.004409790,0.047361374,-0.017066002,-0.005177498,0.010545731,0.036240578,0.000008901,-0.143212408,-0.571713448,-0.122926690,0.070616879,0.000091972,-0.020492554,-0.149234772,-0.570947647,-0.126329422,0.065584183,0.015594482,0.000008901,-0.143212408,-0.571713448,-0.122926690,0.070616879,0.000091972,0.000000000,0.000000000,0.000000000,0.000000000,0.000000000,0.000000000,0.000000000,0.000000000,0.000000000,0.000000000,0.000000000,0.000000000,0.000000000,0.000000000,0.000000000,0.000000000,0.000000000,0.000000000,-0.020501455,-0.006022364,0.000765800,-0.003402732,-0.005032696,0.015502510,-0.020008599,-0.005544126,0.029137654,0.004100130,-0.004853092,0.015110219
5.649719715,-0.004794121,0.047361374,-0.016681671,-0.005177498,0.010545731,0.035857201,-0.169864655,-0.065004349,0.143005371,0.034240723,-0.022659302,-0.053878784,-0.004409790,0.047361374,-0.016681671,-0.005177498,0.010545731,0.035857201,0.000008902,-0.146722600,-0.568387985,-0.122307688,0.070227556,0.000091970,-0.004409790,-0.127262115,-0.609338760,-0.144487381,0.071138382,0.007904053,0.000008902,-0.146722600,-0.568387985,-0.122307688,0.070227556,0.000091970,0.000000000,0.000000000,0.000000000,0.000000000,0.000000000,0.000000000,0.000000000,0.000000000,0.000000000,0.000000000,0.000000000,0.000000000,0.000000000,0.000000000,0.000000000,0.000000000,0.000000000,0.000000000,-0.004418692,0.019460484,-0.040950775,-0.022179693,0.000910826,0.007812083,-0.003925836,0.019938722,-0.012578922,-0.014676830,0.001090430,0.007419792
5.659689188,-0.004409790,0.047361374,-0.017066002,-0.005177498,0.010545731,0.036240578,-0.024841309,0.074157715,-0.081237793,-0.028869629,0.030715942,-0.009567261,-0.004794121,0.047361374,-0.017066002,-0.004794121,0.010545731,0.035857201,0.000008902,-0.143799007,-0.571157694,-0.122309223,0.070228517,0.000091973,0.001815796,-0.134586334,-0.644098282,-0.126848221,0.080537796,-0.008331299,0.000008902,-0.143799007,-0.571157694,-0.122309223,0.070228517,0.000091973,0.000000000,0.000000000,0.000000000,0.000000000,0.000000000,0.000000000,0.000000000,0.000000000,0.000000000,0.000000000,0.000000000,0.000000000,0.000000000,0.000000000,0.000000000,0.000000000,0.000000000,0.000000000,0.001806894,0.009212673,-0.072940588,-0.004538998,0.010309279,-0.008423271,0.002299750,0.009690910,-0.044568735,0.002963865,0.010488883,-0.008815562
5.669685841,-0.004794121,0.047361374,-0.016681671,-0.004794121,0.010545731,0.035857201,-0.105411530,-0.014343262,-0.061096191,0.019470215,0.014602661,-0.061935425,-0.004794121,0.047361374,-0.016681671,-0.005177498,0.010545731,0.035857201,0.000008902,-0.146722600,-0.568387985,-0.122307688,0.070227556,0.000091970,0.004928589,-0.176700592,-0.605707169,-0.141893387,0.071138382,0.010467529,0.000008902,-0.146722600,-0.568387985,-0.122307688,0.070227556,0.000091970,0.000000000,0.000000000,0.000000000,0.000000000,0.000000000,0.000000000,0.000000000,0.000000000,0.000000000,0.000000000,0.000000000,0.000000000,0.000000000,0.000000000,0.000000000,0.000000000,0.000000000,0.000000000,0.004919687,-0.029977992,-0.037319183,-0.019585699,0.000910826,0.010375559,0.005412543,-0.029499755,-0.008947330,-0.012082836,0.001090430,0.009983268
5.679662466,-0.004409790,0.047361374,-0.016681671,-0.004794121,0.010545731,0.036240578,-0.004699707,0.092470169,0.066467285,0.102722168,0.004531860,0.021652222,-0.004409790,0.047361374,-0.016681671,-0.004794121,0.010545731,0.036240578,0.000008902,-0.147307247,-0.567834139,-0.121692270,0.069839187,0.000089904,0.001296997,-0.162052155,-0.596368790,-0.137224197,0.074983597,0.003631592,0.000008902,-0.147307247,-0.567834139,-0.121692270,0.069839187,0.000089904,0.000000000,0.000000000,0.000000000,0.000000000,0.000000000,0.000000000,0.000000000,0.000000000,0.000000000,0.000000000,0.000000000,0.000000000,0.000000000,0.000000000,0.000000000,0.000000000,0.000000000,0.000000000,0.001288096,-0.014744908,-0.028534651,-0.015531927,0.005144410,0.003541688,0.001780951,-0.014266670,-0.000162797,-0.008029065,0.005324013,0.003149397
5.689686537,-0.004794121,0.047361374,-0.016681671,-0.005177498,0.010545731,0.036240578,-0.077209473,-0.035095215,0.007385254,0.079895020,-0.050857544,0.054885864,-0.004409790,0.047361374,-0.017066002,-0.005177498,0.010545731,0.035857201,0.000008901,-0.143213391,-0.571712494,-0.122925662,0.070616879,0.000093006,0.010116577,-0.158390045,-0.592218399,-0.129961014,0.065584183,0.011749268,0.000008901,-0.143213391,-0.571712494,-0.122925662,0.070616879,0.000093006,0.000000000,0.000000000,0.000000000,0.000000000,0.000000000,0.000000000,0.000000000,0.000000000,0.000000000,0.000000000,0.000000000,0.000000000,0.000000000,0.000000000,0.000000000,0.000000000,0.000000000,0.000000000,0.010107676,-0.015176654,-0.020505905,-0.007035352,-0.005032696,0.011656262,0.010600531,-0.014698416,0.007865948,0.000467510,-0.004853092,0.011263971
5.699689865,-0.004409790,0.047361374,-0.016681671,-0.004794121,0.010545731,0.036240578,0.034240723,0.014953613,0.102722168,0.061096191,-0.010574341,-0.003524780,-0.004409790,0.047361374,-0.017066002,-0.004794121,0.010545731,0.036240578,0.000008901,-0.143798023,-0.571158648,-0.122310258,0.070228517,0.000090939,0.011154175,-0.174869537,-0.596887589,-0.148118973,0.077119827,0.025848389,0.000008901,-0.143798023,-0.571158648,-0.122310258,0.070228517,0.000090939,0.000000000,0.000000000,0.000000000,0.000000000,0.000000000,0.000000000,0.000000000,0.000000000,0.000000000,0.000000000,0.000000000,0.000000000,0.000000000,0.000000000,0.000000000,0.000000000,0.000000000,0.000000000,0.011145273,-0.031071514,-0.025728941,-0.025808714,0.006891310,0.025757449,0.011638129,-0.030593276,0.002642912,-0.018305852,0.007070914,0.025365158
5.709686518,-0.004409790,0.047361374,-0.017066002,-0.004794121,0.010545731,0.035857201,0.094665527,-0.036315918,-0.207462311,-0.114810944,0.036758423,0.088119507,-0.004409790,0.047361374,-0.016681671,-0.004794121,0.010545731,0.035857201,0.000008902,-0.147308230,-0.567833185,-0.121691234,0.069839187,0.000090937,0.002334595,-0.136417389,-0.615045547,-0.123216629,0.067293167,-0.000213623,0.000008902,-0.147308230,-0.567833185,-0.121691234,0.069839187,0.000090937,0.000000000,0.000000000,0.000000000,0.000000000,0.000000000,0.000000000,0.000000000,0.000000000,0.000000000,0.000000000,0.000000000,0.000000000,0.000000000,0.000000000,0.000000000,0.000000000,0.000000000,0.000000000,0.002325693,0.010890841,-0.047212362,-0.001525395,-0.002546020,-0.000304560,0.002818549,0.011369079,-0.018840509,0.005977468,-0.002366416,-0.000696851
5.719686270,-0.004409790,0.047361374,-0.016681671,-0.005177498,0.010545731,0.036240578,-0.059753418,0.039367676,0.169860840,-0.090641022,-0.031723022,0.011581421,-0.004409790,0.047361374,-0.017066002,-0.004794121,0.010545731,0.035857201,0.000008901,-0.143799007,-0.571157694,-0.122309223,0.070228517,0.000091973,0.005447388,-0.129093170,-0.574060440,-0.131517410,0.077547073,0.003631592,0.000008901,-0.143799007,-0.571157694,-0.122309223,0.070228517,0.000091973,0.000000000,0.000000000,0.000000000,0.000000000,0.000000000,0.000000000,0.000000000,0.000000000,0.000000000,0.000000000,0.000000000,0.000000000,0.000000000,0.000000000,0.000000000,0.000000000,0.000000000,0.000000000,0.005438486,0.014705837,-0.002902746,-0.009208187,0.007318556,0.003539619,0.005931342,0.015184074,0.025469107,-0.001705325,0.007498160,0.003147328
5.729685783,-0.004409790,0.047361374,-0.016681671,-0.005177498,0.010545731,0.035857201,0.039611816,-0.019226074,0.083923340,-0.031555176,-0.013595581,0.015609741,-0.004409790,0.047361374,-0.017066002,-0.005177498,0.010545731,0.035857201,0.000008901,-0.143213391,-0.571712494,-0.122925662,0.070616879,0.000093006,0.009078979,-0.110778809,-0.604669571,-0.132036209,0.077119827,-0.024139404,0.000008901,-0.143213391,-0.571712494,-0.122925662,0.070616879,0.000093006,0.000000000,0.000000000,0.000000000,0.000000000,0.000000000,0.000000000,0.000000000,0.000000000,0.000000000,0.000000000,0.000000000,0.000000000,0.000000000,0.000000000,0.000000000,0.000000000,0.000000000,0.000000000,0.009070078,0.032434583,-0.032957077,-0.009110548,0.006502949,-0.024232410,0.009562934,0.032912820,-0.004585224,-0.001607685,0.006682552,-0.024624701
5.739753723,-0.004794121,0.047361374,-0.017066002,-0.005177498,0.010545731,0.036240578,-0.034240723,0.059509277,-0.008728027,-0.075866699,-0.066974640,0.039779663,-0.004794121,0.047361374,-0.016681671,-0.005177498,0.010545731,0.036240578,0.000008902,-0.146721616,-0.568388939,-0.122308724,0.070227556,0.000090937,0.007003784,-0.116271973,-0.596368790,-0.109727859,0.067293167,0.000640869,0.000008902,-0.146721616,-0.568388939,-0.122308724,0.070227556,0.000090937,0.000000000,0.000000000,0.000000000,0.000000000,0.000000000,0.000000000,0.000000000,0.000000000,0.000000000,0.000000000,0.000000000,0.000000000,0.000000000,0.000000000,0.000000000,0.000000000,0.000000000,0.000000000,0.006994883,0.030449644,-0.027979851,0.012580864,-0.002934389,0.000549932,0.007487738,0.030927881,0.000392003,0.020083727,-0.002754785,0.000157641
5.749768496,-0.004794121,0.047361374,-0.016681671,-0.004794121,0.010545731,0.036240578,-0.171207428,-0.002136230,0.036926270,0.188663483,-0.011581421,0.040786743,-0.004794121,0.047361374,-0.016681671,-0.004794121,0.010545731,0.035857201,0.000008902,-0.147308230,-0.567833185,-0.121691234,0.069839187,0.000090937,-0.004928589,-0.136417389,-0.627496719,-0.147600174,0.073274612,0.000640869,0.000008902,-0.147308230,-0.567833185,-0.121691234,0.069839187,0.000090937,0.000000000,0.000000000,0.000000000,0.000000000,0.000000000,0.000000000,0.000000000,0.000000000,0.000000000,0.000000000,0.000000000,0.000000000,0.000000000,0.000000000,0.000000000,0.000000000,0.000000000,0.000000000,-0.004937491,0.010890841,-0.059663534,-0.025908940,0.003435425,0.000549932,-0.004444635,0.011369079,-0.031291681,-0.018406077,0.003615029,0.000157641
5.759693384,-0.004794121,0.047361374,-0.016681671,-0.004794121,0.010545731,0.035857201,0.049011230,0.134584427,-0.121524811,0.165832520,-0.041793823,-0.016616821,-0.004409790,0.047361374,-0.016681671,-0.004794121,0.010545731,0.035857201,0.000008902,-0.147308230,-0.567833185,-0.121691234,0.069839187,0.000090937,-0.018417358,-0.167545319,-0.597406387,-0.132036209,0.072847366,-0.000640869,0.000008902,-0.147308230,-0.567833185,-0.121691234,0.069839187,0.000090937,0.000000000,0.000000000,0.000000000,0.000000000,0.000000000,0.000000000,0.000000000,0.000000000,0.000000000,0.000000000,0.000000000,0.000000000,0.000000000,0.000000000,0.000000000,0.000000000,0.000000000,0.000000000,-0.018426260,-0.020237088,-0.029573202,-0.010344975,0.003008179,-0.000731806,-0.017933404,-0.019758851,-0.001201349,-0.002842112,0.003187783,-0.001124097
5.769718885,-0.004409790,0.047361374,-0.016681671,-0.005177498,0.010545731,0.035857201,0.040954590,-0.063173294,0.093322754,0.020812988,-0.006546021,-0.059921265,-0.004794121,0.047361374,-0.016681671,-0.005177498,0.010545731,0.035857201,0.000008902,-0.146722600,-0.568387985,-0.122307688,0.070227556,0.000091970,0.002853394,-0.121768951,-0.626459122,-0.141893387,0.066011429,0.006622314,0.000008902,-0.146722600,-0.568387985,-0.122307688,0.070227556,0.000091970,0.000000000,0.000000000,0.000000000,0.000000000,0.000000000,0.000000000,0.000000000,0.000000000,0.000000000,0.000000000,0.000000000,0.000000000,0.000000000,0.000000000,0.000000000,0.000000000,0.000000000,0.000000000,0.002844492,0.024953648,-0.058071136,-0.019585699,-0.004216127,0.006530345,0.003337348,0.025431886,-0.029699283,-0.012082836,-0.004036523,0.006138053
5.779789686,-0.004409790,0.047361374,-0.016681671,-0.005177498,0.010545731,0.036240578,0.046325684,0.076599121,-0.010070801,-0.106754303,-0.050857544,0.047836304,-0.004409790,0.047361374,-0.016681671,-0.004794121,0.010545731,0.036240578,0.000008902,-0.147307247,-0.567834139,-0.121692270,0.069839187,0.000089904,0.000778198,-0.151065826,-0.595849991,-0.136705399,0.074556351,0.002777100,0.000008902,-0.147307247,-0.567834139,-0.121692270,0.069839187,0.000089904,0.000000000,0.000000000,0.000000000,0.000000000,0.000000000,0.000000000,0.000000000,0.000000000,0.000000000,0.000000000,0.000000000,0.000000000,0.000000000,0.000000000,0.000000000,0.000000000,0.000000000,0.000000000,0.000769297,-0.003758579,-0.028015852,-0.015013129,0.004717164,0.002687196,0.001262152,-0.003280342,0.000356001,-0.007510266,0.004896767,0.002294905
5.789685488,-0.004409790,0.047361374,-0.016681671,-0.005177498,0.010545731,0.035857201,0.018127441,0.008850098,0.066467285,-0.026184082,0.009567261,0.021652222,-0.004409790,0.047361374,-0.016681671,-0.005177498,0.010545731,0.035857201,0.000008902,-0.146722600,-0.568387985,-0.122307688,0.070227556,0.000091970,-0.006484985,-0.184024811,-0.597406387,-0.118028641,0.080110550,-0.003631592,0.000008902,-0.146722600,-0.568387985,-0.122307688,0.070227556,0.000091970,0.000000000,0.000000000,0.000000000,0.000000000,0.000000000,0.000000000,0.000000000,0.000000000,0.000000000,0.000000000,0.000000000,0.000000000,0.000000000,0.000000000,0.000000000,0.000000000,0.000000000,0.000000000,-0.006493887,-0.037302211,-0.029018402,0.004279047,0.009882994,-0.003723562,-0.006001031,-0.036823974,-0.000646549,0.011781910,0.010062598,-0.004115853
5.799694538,-0.004794121,0.047361374,-0.016681671,-0.005177498,0.010545731,0.036240578,-0.031555176,-0.043031693,-0.031555176,-0.004699707,-0.033737183,-0.009567261,-0.004409790,0.047361374,-0.016681671,-0.005177498,0.010545731,0.035857201,0.000008902,-0.146722600,-0.568387985,-0.122307688,0.070227556,0.000091970,-0.001296997,-0.165714264,-0.628534317,-0.144487381,0.058748245,0.006622314,0.000008902,-0.146722600,-0.568387985,-0.122307688,0.070227556,0.000091970,0.000000000,0.000000000,0.000000000,0.000000000,0.000000000,0.000000000,0.000000000,0.000000000,0.000000000,0.000000000,0.000000000,0.000000000,0.000000000,0.000000000,0.000000000,0.000000000,0.000000000,0.000000000,-0.001305899,-0.018991664,-0.060146332,-0.022179693,-0.011479311,0.006530345,-0.000813043,-0.018513427,-0.031774478,-0.014676830,-0.011299707,0.006138053
5.809685469,-0.004409790,0.047361374,-0.016681671,-0.005177498,0.010545731,0.035857201,0.055725098,0.030822754,0.140319824,-0.114810944,0.049850464,0.001510620,-0.004409790,0.047361374,-0.016681671,-0.005177498,0.010545731,0.035857201,0.000008902,-0.146722600,-0.568387985,-0.122307688,0.070227556,0.000091970,0.001815796,-0.141910553,-0.567834854,-0.141893387,0.066865921,0.016021729,0.000008902,-0.146722600,-0.568387985,-0.122307688,0.070227556,0.000091970,0.000000000,0.000000000,0.000000000,0.000000000,0.000000000,0.000000000,0.000000000,0.000000000,0.000000000,0.000000000,0.000000000,0.000000000,0.000000000,0.000000000,0.000000000,0.000000000,0.000000000,0.000000000,0.001806894,0.004812047,0.000553131,-0.019585699,-0.003361635,0.015929759,0.002299750,0.005290284,0.028924984,-0.012082836,-0.003182031,0.015537468
5.819718361,-0.004409790,0.047361374,-0.016681671,-0.005177498,0.010545731,0.035857201,-0.046325684,-0.009460449,0.097351074,0.093322754,-0.021652222,-0.026687622,-0.004409790,0.047361374,-0.016681671,-0.005177498,0.010545731,0.036240578,0.000008902,-0.146721616,-0.568388939,-0.122308724,0.070227556,0.000090937,-0.001296997,-0.149234772,-0.597406387,-0.126848221,0.065156937,0.017303467,0.000008902,-0.146721616,-0.568388939,-0.122308724,0.070227556,0.000090937,0.000000000,0.000000000,0.000000000,0.000000000,0.000000000,0.000000000,0.000000000,0.000000000,0.000000000,0.000000000,0.000000000,0.000000000,0.000000000,0.000000000,0.000000000,0.000000000,0.000000000,0.000000000,-0.001305899,-0.002513155,-0.029017448,-0.004539497,-0.005070619,0.017212530,-0.000813043,-0.002034918,-0.000645595,0.002963365,-0.004891016,0.016820239
5.829732656,-0.004409790,0.047361374,-0.017066002,-0.005177498,0.010545731,0.036240578,0.086608887,0.049133301,-0.012756348,-0.093326569,-0.040786743,0.030715942,-0.004409790,0.047361374,-0.016681671,-0.005177498,0.010545731,0.036240578,0.000008902,-0.146721616,-0.568388939,-0.122308724,0.070227556,0.000090937,0.013748169,-0.152896881,-0.560569763,-0.129442215,0.085237503,0.004486084,0.000008902,-0.146721616,-0.568388939,-0.122308724,0.070227556,0.000090937,0.000000000,0.000000000,0.000000000,0.000000000,0.000000000,0.000000000,0.000000000,0.000000000,0.000000000,0.000000000,0.000000000,0.000000000,0.000000000,0.000000000,0.000000000,0.000000000,0.000000000,0.000000000,0.013739267,-0.006175265,0.007819176,-0.007133491,0.015009947,0.004395147,0.014232123,-0.005697027,0.036191029,0.000369371,0.015189551,0.004002856
5.839686632,-0.004794121,0.047361374,-0.017066002,-0.005177498,0.010545731,0.035857201,0.026184082,0.010070801,-0.116153717,0.028869629,-0.024673462,0.009567261,-0.004794121,0.047361374,-0.017066002,-0.005177498,0.010545731,0.035857201,0.000008902,-0.143213391,-0.571712494,-0.122925662,0.070616879,0.000093006,0.000259399,-0.178531647,-0.614007950,-0.153825760,0.065156937,-0.005767822,0.000008902,-0.143213391,-0.571712494,-0.122925662,0.070616879,0.000093006,0.000000000,0.000000000,0.000000000,0.000000000,0.000000000,0.000000000,0.000000000,0.000000000,0.000000000,0.000000000,0.000000000,0.000000000,0.000000000,0.000000000,0.000000000,0.000000000,0.000000000,0.000000000,0.000250498,-0.035318255,-0.042295456,-0.030900098,-0.005459942,-0.005860828,0.000743354,-0.034840018,-0.013923603,-0.023397236,-0.005280338,-0.006253119
5.849686623,-0.004409790,0.047361374,-0.016681671,-0.005177498,0.010545731,0.035857201,0.105407715,0.005798340,0.024841309,-0.086612701,0.002517700,-0.022659302,-0.004794121,0.047361374,-0.016681671,-0.005177498,0.010545731,0.036240578,0.000008902,-0.146721616,-0.568388939,-0.122308724,0.070227556,0.000090937,0.031906128,-0.108947754,-0.591180801,-0.128923416,0.071138382,-0.014312744,0.000008902,-0.146721616,-0.568388939,-0.122308724,0.070227556,0.000090937,0.000000000,0.000000000,0.000000000,0.000000000,0.000000000,0.000000000,0.000000000,0.000000000,0.000000000,0.000000000,0.000000000,0.000000000,0.000000000,0.000000000,0.000000000,0.000000000,0.000000000,0.000000000,0.031897226,0.037773862,-0.022791862,-0.006614693,0.000910826,-0.014403681,0.032390082,0.038252100,0.005579991,0.000888170,0.001090430,-0.014795972
5.859723568,-0.004794121,0.047361374,-0.016681671,-0.005177498,0.010545731,0.035857201,-0.128238678,-0.221256256,0.083923340,-0.082580566,0.015609741,-0.008560181,-0.004794121,0.047361374,-0.016681671,-0.004794121,0.010545731,0.035857201,0.000008902,-0.147308230,-0.567833185,-0.121691234,0.069839187,0.000090937,-0.004409790,-0.127262115,-0.614007950,-0.130998611,0.077974319,0.016448975,0.000008902,-0.147308230,-0.567833185,-0.121691234,0.069839187,0.000090937,0.000000000,0.000000000,0.000000000,0.000000000,0.000000000,0.000000000,0.000000000,0.000000000,0.000000000,0.000000000,0.000000000,0.000000000,0.000000000,0.000000000,0.000000000,0.000000000,0.000000000,0.000000000,-0.004418692,0.020046115,-0.046174765,-0.009307377,0.008135132,0.016358038,-0.003925836,0.020524352,-0.017802911,-0.001804514,0.008314736,0.015965747
5.869634390,-0.004794121,0.047361374,-0.016681671,-0.004794121,0.010545731,0.035857201,0.016784668,0.031433105,0.058410645,0.067810059,-0.033737183,-0.071002960,-0.004794121,0.047361374,-0.016681671,-0.005177498,0.010545731,0.035857201,0.000008902,-0.146722600,-0.568387985,-0.122307688,0.070227556,0.000091970,-0.000259399,-0.156558990,-0.598962784,-0.116991043,0.065584183,-0.006622314,0.000008902,-0.146722600,-0.568387985,-0.122307688,0.070227556,0.000091970,0.000000000,0.000000000,0.000000000,0.000000000,0.000000000,0.000000000,0.000000000,0.000000000,0.000000000,0.000000000,0.000000000,0.000000000,0.000000000,0.000000000,0.000000000,0.000000000,0.000000000,0.000000000,-0.000268301,-0.009836391,-0.030574799,0.005316645,-0.004643373,-0.006714284,0.000224555,-0.009358153,-0.002202945,0.012819507,-0.004463770,-0.007106575
5.879685879,-0.004409790,0.047361374,-0.017066002,-0.005177498,0.010545731,0.035857201,-0.012756348,0.069885254,-0.134952545,0.078552246,-0.079059601,-0.037765503,-0.004409790,0.047361374,-0.016681671,-0.005177498,0.010545731,0.036240578,0.000008902,-0.146721616,-0.568388939,-0.122308724,0.070227556,0.000090937,-0.019454956,-0.140079498,-0.660181046,-0.147081375,0.074983597,-0.030549049,0.000008902,-0.146721616,-0.568388939,-0.122308724,0.070227556,0.000090937,0.000000000,0.000000000,0.000000000,0.000000000,0.000000000,0.000000000,0.000000000,0.000000000,0.000000000,0.000000000,0.000000000,0.000000000,0.000000000,0.000000000,0.000000000,0.000000000,0.000000000,0.000000000,-0.019463858,0.006642118,-0.091792107,-0.024772651,0.004756041,-0.030639986,-0.018971002,0.007120356,-0.063420253,-0.017269789,0.004935644,-0.031032277
5.889685392,-0.004794121,0.047361374,-0.017066002,-0.005177498,0.010545731,0.035857201,-0.083923340,0.060729980,0.070495605,-0.038269043,-0.001510620,0.042800903,-0.004409790,0.047744751,-0.016681671,-0.005177498,0.010545731,0.035857201,0.000008902,-0.149262160,-0.571704268,-0.122924127,0.070615910,0.000093003,0.001296997,-0.132755280,-0.597925186,-0.136705399,0.071992874,0.022003174,0.000008902,-0.149262160,-0.571704268,-0.122924127,0.070615910,0.000093003,0.000000000,0.000000000,0.000000000,0.000000000,0.000000000,0.000000000,0.000000000,0.000000000,0.000000000,0.000000000,0.000000000,0.000000000,0.000000000,0.000000000,0.000000000,0.000000000,0.000000000,0.000000000,0.001288096,0.016506881,-0.026220918,-0.013781272,0.001376964,0.021910171,0.001780951,0.016985118,0.002150936,-0.006278409,0.001556568,0.021517880
5.899721146,-0.004794121,0.047361374,-0.016681671,-0.005177498,0.010545731,0.035857201,-0.034240723,0.057067871,-0.125553131,0.023498535,-0.037765503,0.024673462,-0.004794121,0.047361374,-0.017066002,-0.005177498,0.010545731,0.035857201,0.000008902,-0.143213391,-0.571712494,-0.122925662,0.070616879,0.000093006,-0.014266968,-0.156558990,-0.576135635,-0.138261795,0.064302444,0.018585205,0.000008902,-0.143213391,-0.571712494,-0.122925662,0.070616879,0.000093006,0.000000000,0.000000000,0.000000000,0.000000000,0.000000000,0.000000000,0.000000000,0.000000000,0.000000000,0.000000000,0.000000000,0.000000000,0.000000000,0.000000000,0.000000000,0.000000000,0.000000000,0.000000000,-0.014275869,-0.013345599,-0.004423141,-0.015336134,-0.006314434,0.018492199,-0.013783014,-0.012867362,0.023948712,-0.007833271,-0.006134830,0.018099908
5.909686089,-0.004409790,0.047361374,-0.017066002,-0.005177498,0.010545731,0.035857201,0.133605957,-0.081483841,-0.032897949,-0.053039551,0.055892944,0.036758423,-0.004794121,0.047361374,-0.016681671,-0.005177498,0.010545731,0.036240578,0.000008902,-0.146721616,-0.568388939,-0.122308724,0.070227556,0.000090937,-0.025161743,-0.160221100,-0.624383926,-0.138780594,0.071565628,0.023712158,0.000008902,-0.146721616,-0.568388939,-0.122308724,0.070227556,0.000090937,0.000000000,0.000000000,0.000000000,0.000000000,0.000000000,0.000000000,0.000000000,0.000000000,0.000000000,0.000000000,0.000000000,0.000000000,0.000000000,0.000000000,0.000000000,0.000000000,0.000000000,0.000000000,-0.025170645,-0.013499483,-0.055994987,-0.016471870,0.001338072,0.023621221,-0.024677789,-0.013021246,-0.027623134,-0.008969008,0.001517676,0.023228930
5.919685841,-0.004409790,0.047361374,-0.017066002,-0.004794121,0.010545731,0.035857201,0.008728027,-0.150453568,-0.100040436,-0.061096191,0.002517700,-0.022659302,-0.004794121,0.047361374,-0.017066002,-0.005177498,0.010545731,0.035857201,0.000008902,-0.143213391,-0.571712494,-0.122925662,0.070616879,0.000093006,-0.012710571,-0.167545319,-0.572504044,-0.134111404,0.080537796,-0.028840065,0.000008902,-0.143213391,-0.571712494,-0.122925662,0.070616879,0.000093006,0.000000000,0.000000000,0.000000000,0.000000000,0.000000000,0.000000000,0.000000000,0.000000000,0.000000000,0.000000000,0.000000000,0.000000000,0.000000000,0.000000000,0.000000000,0.000000000,0.000000000,0.000000000,-0.012719473,-0.024331927,-0.000791550,-0.011185743,0.009920917,-0.028933071,-0.012226617,-0.023853690,0.027580304,-0.003682880,0.010100521,-0.029325362
5.929683924,-0.004409790,0.047361374,-0.016681671,-0.005177498,0.010545731,0.036240578,-0.000671387,0.064392090,0.024841309,0.006042480,-0.017623901,-0.013595581,-0.004409790,0.047744751,-0.016681671,-0.005177498,0.010545731,0.036240578,0.000008902,-0.149261177,-0.571705163,-0.122925155,0.070615910,0.000091970,-0.008560181,-0.129093170,-0.609857559,-0.135667801,0.058748245,0.049774170,0.000008902,-0.149261177,-0.571705163,-0.122925155,0.070615910,0.000091970,0.000000000,0.000000000,0.000000000,0.000000000,0.000000000,0.000000000,0.000000000,0.000000000,0.000000000,0.000000000,0.000000000,0.000000000,0.000000000,0.000000000,0.000000000,0.000000000,0.000000000,0.000000000,-0.008569082,0.020168006,-0.038152397,-0.012742646,-0.011867665,0.049682200,-0.008076226,0.020646244,-0.009780543,-0.005239783,-0.011688061,0.049289909
5.939713717,-0.004794121,0.047361374,-0.016681671,-0.005177498,0.010545731,0.035857201,-0.089298248,0.069274902,0.020812988,-0.004699707,0.022659302,-0.016616821,-0.004794121,0.047361374,-0.016681671,-0.005177498,0.010545731,0.036240578,0.000008902,-0.146721616,-0.568388939,-0.122308724,0.070227556,0.000090937,-0.018417358,-0.136417389,-0.626459122,-0.132555008,0.061311722,-0.019866943,0.000008902,-0.146721616,-0.568388939,-0.122308724,0.070227556,0.000090937,0.000000000,0.000000000,0.000000000,0.000000000,0.000000000,0.000000000,0.000000000,0.000000000,0.000000000,0.000000000,0.000000000,0.000000000,0.000000000,0.000000000,0.000000000,0.000000000,0.000000000,0.000000000,-0.018426260,0.010304227,-0.058070183,-0.010246284,-0.008915834,-0.019957880,-0.017933404,0.010782465,-0.029698329,-0.002743422,-0.008736231,-0.020350171
5.949686050,-0.004409790,0.047361374,-0.016681671,-0.005177498,0.010545731,0.035857201,-0.031555176,-0.026550293,0.065124512,-0.032897949,-0.055892944,-0.033737183,-0.004409790,0.047361374,-0.016681671,-0.005177498,0.010545731,0.035857201,0.000008902,-0.146722600,-0.568387985,-0.122307688,0.070227556,0.000091970,-0.006484985,-0.154727936,-0.602075577,-0.133592606,0.075838089,-0.007904053,0.000008902,-0.146722600,-0.568387985,-0.122307688,0.070227556,0.000091970,0.000000000,0.000000000,0.000000000,0.000000000,0.000000000,0.000000000,0.000000000,0.000000000,0.000000000,0.000000000,0.000000000,0.000000000,0.000000000,0.000000000,0.000000000,0.000000000,0.000000000,0.000000000,-0.006493887,-0.008005336,-0.033687592,-0.011284918,0.005610533,-0.007996023,-0.006001031,-0.007527099,-0.005315738,-0.003782055,0.005790137,-0.008388314
5.959687948,-0.004794121,0.047361374,-0.016681671,-0.004794121,0.010545731,0.035857201,0.074523926,-0.023498535,0.120178223,0.100036621,0.009567261,-0.057907104,-0.004409790,0.047361374,-0.016681671,-0.004794121,0.010545731,0.035857201,0.000008902,-0.147308230,-0.567833185,-0.121691234,0.069839187,0.000090937,-0.002853394,-0.196842194,-0.621789932,-0.142930984,0.060029984,-0.004486084,0.000008902,-0.147308230,-0.567833185,-0.121691234,0.069839187,0.000090937,0.000000000,0.000000000,0.000000000,0.000000000,0.000000000,0.000000000,0.000000000,0.000000000,0.000000000,0.000000000,0.000000000,0.000000000,0.000000000,0.000000000,0.000000000,0.000000000,0.000000000,0.000000000,-0.002862295,-0.049533963,-0.053956747,-0.021239750,-0.009809203,-0.004577021,-0.002369439,-0.049055726,-0.025584894,-0.013736888,-0.009629600,-0.004969312
5.969686270,-0.004409790,0.047361374,-0.017066002,-0.005177498,0.010545731,0.035857201,0.087951660,-0.069276810,-0.195377350,-0.057067871,-0.075031281,0.006546021,-0.004409790,0.047361374,-0.016681671,-0.005177498,0.010545731,0.035857201,0.000008902,-0.146722600,-0.568387985,-0.122307688,0.070227556,0.000091970,0.017898560,-0.127262115,-0.586511612,-0.127885818,0.077547073,0.004058838,0.000008902,-0.146722600,-0.568387985,-0.122307688,0.070227556,0.000091970,0.000000000,0.000000000,0.000000000,0.000000000,0.000000000,0.000000000,0.000000000,0.000000000,0.000000000,0.000000000,0.000000000,0.000000000,0.000000000,0.000000000,0.000000000,0.000000000,0.000000000,0.000000000,0.017889658,0.019460484,-0.018123627,-0.005578130,0.007319517,0.003966868,0.018382514,0.019938722,0.010248227,0.001924732,0.007499121,0.003574577
5.979723930,-0.004794121,0.047361374,-0.016681671,-0.005177498,0.010545731,0.035857201,0.028869629,0.000305176,-0.062438965,-0.022155762,-0.011581421,-0.018630981,-0.004409790,0.047361374,-0.016681671,-0.004794121,0.010545731,0.035857201,0.000008902,-0.147308230,-0.567833185,-0.121691234,0.069839187,0.000090937,0.007003784,-0.196842194,-0.597406387,-0.126848221,0.069002151,-0.009185791,0.000008902,-0.147308230,-0.567833185,-0.121691234,0.069839187,0.000090937,0.000000000,0.000000000,0.000000000,0.000000000,0.000000000,0.000000000,0.000000000,0.000000000,0.000000000,0.000000000,0.000000000,0.000000000,0.000000000,0.000000000,0.000000000,0.000000000,0.000000000,0.000000000,0.006994883,-0.049533963,-0.029573202,-0.005156986,-0.000837035,-0.009276728,0.007487738,-0.049055726,-0.001201349,0.002345876,-0.000657432,-0.009669019
5.989664555,-0.004794121,0.047361374,-0.016681671,-0.004794121,0.010545731,0.036240578,0.000671387,0.036926270,-0.109439850,0.087951660,0.010574341,-0.019638062,-0.004409790,0.047361374,-0.016681671,-0.004794121,0.010545731,0.036240578,0.000008902,-0.147307247,-0.567834139,-0.121692270,0.069839187,0.000089904,0.002334595,-0.118106842,-0.596887589,-0.123216629,0.075410843,0.007476807,0.000008902,-0.147307247,-0.567834139,-0.121692270,0.069839187,0.000089904,0.000000000,0.000000000,0.000000000,0.000000000,0.000000000,0.000000000,0.000000000,0.000000000,0.000000000,0.000000000,0.000000000,0.000000000,0.000000000,0.000000000,0.000000000,0.000000000,0.000000000,0.000000000,0.002325693,0.029200405,-0.029053450,-0.001524359,0.005571656,0.007386903,0.002818549,0.029678642,-0.000681596,0.005978504,0.005751260,0.006994612
5.999714375,-0.004794121,0.047361374,-0.016681671,-0.005177498,0.010545731,0.035857201,-0.050354004,-0.014343262,-0.073181152,-0.110782623,0.056900024,0.021652222,-0.004409790,0.047361374,-0.017066002,-0.005177498,0.010545731,0.036240578,0.000008901,-0.143212408,-0.571713448,-0.122926690,0.070616879,0.000091972,0.009597778,-0.143741608,-0.581842422,-0.129442215,0.062166214,-0.019012451,0.000008901,-0.143212408,-0.571713448,-0.122926690,0.070616879,0.000091972,0.000000000,0.000000000,0.000000000,0.000000000,0.000000000,0.000000000,0.000000000,0.000000000,0.000000000,0.000000000,0.000000000,0.000000000,0.000000000,0.000000000,0.000000000,0.000000000,0.000000000,0.000000000,0.009588877,-0.000529200,-0.010128975,-0.006515525,-0.008450665,-0.019104424,0.010081733,-0.000050962,0.018242878,0.000987337,-0.008271061,-0.019496715
6.009691715,-0.004409790,0.047361374,-0.017066002,-0.005177498,0.010545731,0.036240578,0.073181152,0.020446777,-0.061096191,-0.030212402,0.045822144,0.084091187,-0.004794121,0.047361374,-0.016681671,-0.005177498,0.010545731,0.036240578,0.000008902,-0.146721616,-0.568388939,-0.122308724,0.070227556,0.000090937,-0.002334595,-0.156558990,-0.600519180,-0.126848221,0.062593460,-0.010894775,0.000008902,-0.146721616,-0.568388939,-0.122308724,0.070227556,0.000090937,0.000000000,0.000000000,0.000000000,0.000000000,0.000000000,0.000000000,0.000000000,0.000000000,0.000000000,0.000000000,0.000000000,0.000000000,0.000000000,0.000000000,0.000000000,0.000000000,0.000000000,0.000000000,-0.002343496,-0.009837374,-0.032130241,-0.004539497,-0.007634096,-0.010985712,-0.001850641,-0.009359137,-0.003758388,0.002963365,-0.007454492,-0.011378003
6.019719839,-0.004794121,0.047361374,-0.016681671,-0.005177498,0.010545731,0.036240578,-0.097354889,-0.046083450,-0.096012115,-0.160465240,-0.020645142,0.037765503,-0.004409790,0.047361374,-0.016681671,-0.004794121,0.010545731,0.035857201,0.000008902,-0.147308230,-0.567833185,-0.121691234,0.069839187,0.000090937,-0.005447388,-0.145572662,-0.605707169,-0.142930984,0.069429398,0.010040283,0.000008902,-0.147308230,-0.567833185,-0.121691234,0.069839187,0.000090937,0.000000000,0.000000000,0.000000000,0.000000000,0.000000000,0.000000000,0.000000000,0.000000000,0.000000000,0.000000000,0.000000000,0.000000000,0.000000000,0.000000000,0.000000000,0.000000000,0.000000000,0.000000000,-0.005456289,0.001735568,-0.037873983,-0.021239750,-0.000409789,0.009949346,-0.004963433,0.002213805,-0.009502130,-0.013736888,-0.000230186,0.009557055
6.029685736,-0.004794121,0.047361374,-0.017066002,-0.005177498,0.010545731,0.035857201,0.173892975,-0.007629395,-0.050354004,-0.102725983,0.014602661,0.011581421,-0.004794121,0.047361374,-0.016681671,-0.005177498,0.010545731,0.035857201,0.000008902,-0.146722600,-0.568387985,-0.122307688,0.070227556,0.000091970,0.002334595,-0.130924225,-0.594293594,-0.123216629,0.066438675,-0.008758545,0.000008902,-0.146722600,-0.568387985,-0.122307688,0.070227556,0.000091970,0.000000000,0.000000000,0.000000000,0.000000000,0.000000000,0.000000000,0.000000000,0.000000000,0.000000000,0.000000000,0.000000000,0.000000000,0.000000000,0.000000000,0.000000000,0.000000000,0.000000000,0.000000000,0.002325693,0.015798375,-0.025905609,-0.000908941,-0.003788881,-0.008850515,0.002818549,0.016276612,0.002466244,0.006593922,-0.003609277,-0.009242806
6.039721489,-0.004794121,0.047361374,-0.016681671,-0.004794121,0.010545731,0.036240578,-0.082580566,0.001525879,0.053039551,0.049011230,-0.012588501,-0.028701782,-0.004409790,0.047361374,-0.017066002,-0.005177498,0.010545731,0.036240578,0.000008901,-0.143212408,-0.571713448,-0.122926690,0.070616879,0.000091972,-0.000259399,-0.147403717,-0.576654434,-0.132036209,0.068147659,-0.007476807,0.000008901,-0.143212408,-0.571713448,-0.122926690,0.070616879,0.000091972,0.000000000,0.000000000,0.000000000,0.000000000,0.000000000,0.000000000,0.000000000,0.000000000,0.000000000,0.000000000,0.000000000,0.000000000,0.000000000,0.000000000,0.000000000,0.000000000,0.000000000,0.000000000,-0.000268301,-0.004191309,-0.004940987,-0.009109519,-0.002469219,-0.007568779,0.000224555,-0.003713072,0.023430867,-0.001606657,-0.002289616,-0.007961070
6.049727440,-0.004409790,0.047361374,-0.016681671,-0.005177498,0.010545731,0.035857201,0.079895020,-0.098573685,-0.082580566,-0.004699707,0.042800903,-0.008560181,-0.004409790,0.047361374,-0.016681671,-0.005177498,0.010545731,0.035857201,0.000008902,-0.146722600,-0.568387985,-0.122307688,0.070227556,0.000091970,-0.002853394,-0.138248444,-0.593774796,-0.128404617,0.072847366,0.020721436,0.000008902,-0.146722600,-0.568387985,-0.122307688,0.070227556,0.000091970,0.000000000,0.000000000,0.000000000,0.000000000,0.000000000,0.000000000,0.000000000,0.000000000,0.000000000,0.000000000,0.000000000,0.000000000,0.000000000,0.000000000,0.000000000,0.000000000,0.000000000,0.000000000,-0.002862295,0.008474156,-0.025386810,-0.006096929,0.002619810,0.020629466,-0.002369439,0.008952394,0.002985043,0.001405933,0.002799414,0.020237175
6.059685707,-0.004409790,0.047361374,-0.017066002,-0.004794121,0.010545731,0.035857201,0.007385254,-0.082094193,-0.022155762,0.054382324,-0.034744263,0.050857544,-0.004794121,0.047361374,-0.016681671,-0.004794121,0.010545731,0.035857201,0.000008902,-0.147308230,-0.567833185,-0.121691234,0.069839187,0.000090937,-0.002853394,-0.187686920,-0.601556778,-0.120622635,0.060457230,0.003204346,0.000008902,-0.147308230,-0.567833185,-0.121691234,0.069839187,0.000090937,0.000000000,0.000000000,0.000000000,0.000000000,0.000000000,0.000000000,0.000000000,0.000000000,0.000000000,0.000000000,0.000000000,0.000000000,0.000000000,0.000000000,0.000000000,0.000000000,0.000000000,0.000000000,-0.002862295,-0.040378690,-0.033723593,0.001068600,-0.009381957,0.003113409,-0.002369440,-0.039900452,-0.005351739,0.008571462,-0.009202354,0.002721118
6.069685698,-0.004409790,0.047361374,-0.016681671,-0.004794121,0.010545731,0.036240578,-0.039611816,0.018615723,0.019470215,0.077209473,0.055892944,0.009567261,-0.004409790,0.047361374,-0.016681671,-0.005177498,0.010545731,0.036240578,0.000008902,-0.146721616,-0.568388939,-0.122308724,0.070227556,0.000090937,0.002853394,-0.169376373,-0.619195938,-0.112840652,0.086946487,0.014312744,0.000008902,-0.146721616,-0.568388939,-0.122308724,0.070227556,0.000090937,0.000000000,0.000000000,0.000000000,0.000000000,0.000000000,0.000000000,0.000000000,0.000000000,0.000000000,0.000000000,0.000000000,0.000000000,0.000000000,0.000000000,0.000000000,0.000000000,0.000000000,0.000000000,0.002844492,-0.022654757,-0.050806999,0.009468071,0.016718931,0.014221807,0.003337348,-0.022176519,-0.022435146,0.016970934,0.016898535,0.013829516
6.079717398,-0.004409790,0.047361374,-0.016681671,-0.004794121,0.010545731,0.035857201,0.043640137,0.099794388,0.061096191,0.010070801,-0.019638062,0.029708862,-0.004794121,0.047361374,-0.017066002,-0.005177498,0.010545731,0.035857201,0.000008902,-0.143213391,-0.571712494,-0.122925662,0.070616879,0.000093006,-0.001815796,-0.158390045,-0.603631973,-0.136186600,0.053619385,-0.002777100,0.000008902,-0.143213391,-0.571712494,-0.122925662,0.070616879,0.000093006,0.000000000,0.000000000,0.000000000,0.000000000,0.000000000,0.000000000,0.000000000,0.000000000,0.000000000,0.000000000,0.000000000,0.000000000,0.000000000,0.000000000,0.000000000,0.000000000,0.000000000,0.000000000,-0.001824698,-0.015176654,-0.031919479,-0.013260938,-0.016997494,-0.002870105,-0.001331842,-0.014698416,-0.003547626,-0.005758076,-0.016817890,-0.003262396
6.089694262,-0.004794121,0.047361374,-0.016681671,-0.005177498,0.010545731,0.035857201,-0.044982910,-0.083925247,-0.118839264,-0.149723053,-0.037765503,0.031723022,-0.004794121,0.047361374,-0.016681671,-0.005177498,0.010545731,0.035857201,0.000008902,-0.146722600,-0.568387985,-0.122307688,0.070227556,0.000091970,-0.010116577,-0.134586334,-0.563682556,-0.143449783,0.064302444,-0.004058838,0.000008902,-0.146722600,-0.568387985,-0.122307688,0.070227556,0.000091970,0.000000000,0.000000000,0.000000000,0.000000000,0.000000000,0.000000000,0.000000000,0.000000000,0.000000000,0.000000000,0.000000000,0.000000000,0.000000000,0.000000000,0.000000000,0.000000000,0.000000000,0.000000000,-0.010125479,0.012136266,0.004705429,-0.021142095,-0.005925111,-0.004150808,-0.009632623,0.012614503,0.033077282,-0.013639233,-0.005745508,-0.004543099
6.099709988,-0.004409790,0.047361374,-0.017066002,-0.005177498,0.010930061,0.035857201,0.000671387,-0.033874512,-0.175235748,-0.069152832,0.020645142,0.015609741,-0.004794121,0.047361374,-0.017066002,-0.005177498,0.010545731,0.035857201,0.000008902,-0.143213391,-0.571712494,-0.122925662,0.070616879,0.000093006,-0.011154175,-0.132755280,-0.587549210,-0.105058670,0.073274612,0.035675049,0.000008902,-0.143213391,-0.571712494,-0.122925662,0.070616879,0.000093006,0.000000000,0.000000000,0.000000000,0.000000000,0.000000000,0.000000000,0.000000000,0.000000000,0.000000000,0.000000000,0.000000000,0.000000000,0.000000000,0.000000000,0.000000000,0.000000000,0.000000000,0.000000000,-0.011163076,0.010458112,-0.015836716,0.017866991,0.002657734,0.035582043,-0.010670221,0.010936349,0.012535138,0.025369854,0.002837337,0.035189752
6.109684944,-0.004409790,0.047361374,-0.016681671,-0.005177498,0.010545731,0.035857201,-0.059753418,0.014343262,0.002014160,0.034240723,-0.049850464,-0.010574341,-0.004409790,0.047361374,-0.016681671,-0.005177498,0.010545731,0.035857201,0.000008902,-0.146722600,-0.568387985,-0.122307688,0.070227556,0.000091970,0.004928589,-0.138248444,-0.610376358,-0.144487381,0.067720413,0.012603760,0.000008902,-0.146722600,-0.568387985,-0.122307688,0.070227556,0.000091970,0.000000000,0.000000000,0.000000000,0.000000000,0.000000000,0.000000000,0.000000000,0.000000000,0.000000000,0.000000000,0.000000000,0.000000000,0.000000000,0.000000000,0.000000000,0.000000000,0.000000000,0.000000000,0.004919687,0.008474156,-0.041988373,-0.022179693,-0.002507143,0.012511790,0.005412543,0.008952394,-0.013616519,-0.014676830,-0.002327539,0.012119499
6.119685411,-0.004409790,0.047361374,-0.016681671,-0.005177498,0.010545731,0.035857201,0.028869629,-0.135805130,-0.074523926,-0.047668457,-0.002517700,-0.003524780,-0.004409790,0.047361374,-0.017066002,-0.004794121,0.010545731,0.035857201,0.000008901,-0.143799007,-0.571157694,-0.122309223,0.070228517,0.000091973,0.003372192,-0.125431061,-0.583917618,-0.118028641,0.062593460,-0.006195068,0.000008901,-0.143799007,-0.571157694,-0.122309223,0.070228517,0.000091973,0.000000000,0.000000000,0.000000000,0.000000000,0.000000000,0.000000000,0.000000000,0.000000000,0.000000000,0.000000000,0.000000000,0.000000000,0.000000000,0.000000000,0.000000000,0.000000000,0.000000000,0.000000000,0.003363291,0.018367946,-0.012759924,0.004280582,-0.007635057,-0.006287041,0.003856147,0.018846184,0.015611929,0.011783445,-0.007455453,-0.006679332
6.129721642,-0.004794121,0.047361374,-0.017066002,-0.004794121,0.010545731,0.035857201,-0.035583496,0.032653809,0.049011230,0.044982910,-0.010574341,0.072006226,-0.004409790,0.047361374,-0.016681671,-0.005177498,0.010545731,0.036240578,0.000008902,-0.146721616,-0.568388939,-0.122308724,0.070227556,0.000090937,0.020492554,-0.123600006,-0.588586807,-0.122697830,0.072847366,0.004486084,0.000008902,-0.146721616,-0.568388939,-0.122308724,0.070227556,0.000090937,0.000000000,0.000000000,0.000000000,0.000000000,0.000000000,0.000000000,0.000000000,0.000000000,0.000000000,0.000000000,0.000000000,0.000000000,0.000000000,0.000000000,0.000000000,0.000000000,0.000000000,0.000000000,0.020483652,0.023121610,-0.020197868,-0.000389107,0.002619810,0.004395147,0.020976508,0.023599848,0.008173985,0.007113756,0.002799414,0.004002856
6.139665127,-0.004409790,0.047361374,-0.016681671,-0.004794121,0.010545731,0.035857201,-0.104068756,0.026550293,0.148376465,0.134948730,0.016616821,-0.019638062,-0.004409790,0.047361374,-0.016681671,-0.004794121,0.010545731,0.035857201,0.000008902,-0.147308230,-0.567833185,-0.121691234,0.069839187,0.000090937,-0.007522583,-0.123600006,-0.602594376,-0.121660233,0.066865921,-0.001922607,0.000008902,-0.147308230,-0.567833185,-0.121691234,0.069839187,0.000090937,0.000000000,0.000000000,0.000000000,0.000000000,0.000000000,0.000000000,0.000000000,0.000000000,0.000000000,0.000000000,0.000000000,0.000000000,0.000000000,0.000000000,0.000000000,0.000000000,0.000000000,0.000000000,-0.007531485,0.023708224,-0.034761190,0.000031002,-0.002973266,-0.002013544,-0.007038629,0.024186462,-0.006389337,0.007533864,-0.002793662,-0.002405835
6.149688005,-0.004794121,0.047361374,-0.016681671,-0.005177498,0.010545731,0.036240578,-0.156436920,-0.026550293,-0.094669342,0.096008301,0.037765503,-0.011581421,-0.004409790,0.047361374,-0.016681671,-0.005177498,0.010545731,0.035857201,0.000008902,-0.146722600,-0.568387985,-0.122307688,0.070227556,0.000091970,-0.008560181,-0.154727936,-0.591180801,-0.146562576,0.066011429,-0.020294189,0.000008902,-0.146722600,-0.568387985,-0.122307688,0.070227556,0.000091970,0.000000000,0.000000000,0.000000000,0.000000000,0.000000000,0.000000000,0.000000000,0.000000000,0.000000000,0.000000000,0.000000000,0.000000000,0.000000000,0.000000000,0.000000000,0.000000000,0.000000000,0.000000000,-0.008569082,-0.008005336,-0.022792816,-0.024254888,-0.004216127,-0.020386159,-0.008076226,-0.007527099,0.005579037,-0.016752026,-0.004036523,-0.020778450
6.159688234,-0.004409790,0.047361374,-0.016681671,-0.005177498,0.010545731,0.035857201,-0.020812988,-0.033874512,0.086608887,-0.096012115,0.005538940,-0.016616821,-0.004794121,0.047361374,-0.016681671,-0.004794121,0.010545731,0.036240578,0.000008902,-0.147307247,-0.567834139,-0.121692270,0.069839187,0.000089904,0.012710571,-0.193180084,-0.596368790,-0.140855789,0.066865921,0.004058838,0.000008902,-0.147307247,-0.567834139,-0.121692270,0.069839187,0.000089904,0.000000000,0.000000000,0.000000000,0.000000000,0.000000000,0.000000000,0.000000000,0.000000000,0.000000000,0.000000000,0.000000000,0.000000000,0.000000000,0.000000000,0.000000000,0.000000000,0.000000000,0.000000000,0.012701670,-0.045872837,-0.028534651,-0.019163519,-0.002973266,0.003968934,0.013194525,-0.045394600,-0.000162797,-0.011660657,-0.002793662,0.003576643
6.169693947,-0.004794121,0.047361374,-0.016681671,-0.005177498,0.010545731,0.036240578,0.014099121,-0.043031693,0.066467285,-0.079895020,-0.021652222,0.004531860,-0.004794121,0.047361374,-0.017066002,-0.004794121,0.010545731,0.036240578,0.000008902,-0.143798023,-0.571158648,-0.122310258,0.070228517,0.000090939,0.012191772,-0.165714264,-0.612970352,-0.136705399,0.073274612,-0.005767822,0.000008902,-0.143798023,-0.571158648,-0.122310258,0.070228517,0.000090939,0.000000000,0.000000000,0.000000000,0.000000000,0.000000000,0.000000000,0.000000000,0.000000000,0.000000000,0.000000000,0.000000000,0.000000000,0.000000000,0.000000000,0.000000000,0.000000000,0.000000000,0.000000000,0.012182871,-0.021916240,-0.041811705,-0.014395140,0.003046095,-0.005858762,0.012675727,-0.021438003,-0.013439851,-0.006892278,0.003225699,-0.006251053
6.179754019,-0.004409790,0.047361374,-0.016681671,-0.005177498,0.010545731,0.035857201,0.061096191,0.030822754,0.136291504,-0.074523926,0.058914185,-0.006546021,-0.004409790,0.047361374,-0.016681671,-0.005177498,0.010545731,0.035857201,0.000008902,-0.146722600,-0.568387985,-0.122307688,0.070227556,0.000091970,0.001296997,-0.147403717,-0.592218399,-0.124773026,0.067720413,-0.027558327,0.000008902,-0.146722600,-0.568387985,-0.122307688,0.070227556,0.000091970,0.000000000,0.000000000,0.000000000,0.000000000,0.000000000,0.000000000,0.000000000,0.000000000,0.000000000,0.000000000,0.000000000,0.000000000,0.000000000,0.000000000,0.000000000,0.000000000,0.000000000,0.000000000,0.001288096,-0.000681117,-0.023830414,-0.002465338,-0.002507143,-0.027650297,0.001780951,-0.000202880,0.004541440,0.005037525,-0.002327539,-0.028042588
6.189698696,-0.004409790,0.047361374,-0.016681671,-0.005177498,0.010545731,0.035857201,0.122863770,0.038146973,-0.044982910,0.085266113,-0.025680542,0.083084106,-0.004409790,0.047361374,-0.016681671,-0.005177498,0.010545731,0.035857201,0.000008902,-0.146722600,-0.568387985,-0.122307688,0.070227556,0.000091970,-0.002334595,-0.149234772,-0.588068008,-0.127885818,0.083101273,0.002349854,0.000008902,-0.146722600,-0.568387985,-0.122307688,0.070227556,0.000091970,0.000000000,0.000000000,0.000000000,0.000000000,0.000000000,0.000000000,0.000000000,0.000000000,0.000000000,0.000000000,0.000000000,0.000000000,0.000000000,0.000000000,0.000000000,0.000000000,0.000000000,0.000000000,-0.002343496,-0.002512172,-0.019680023,-0.005578130,0.012873717,0.002257884,-0.001850641,-0.002033934,0.008691830,0.001924732,0.013053320,0.001865593
6.199695110,-0.004409790,0.047744751,-0.016681671,-0.005177498,0.010545731,0.036240578,-0.069152832,0.010070801,0.057067871,0.015441895,0.012588501,0.044815063,-0.004794121,0.047361374,-0.016681671,-0.005177498,0.010545731,0.035857201,0.000008902,-0.146722600,-0.568387985,-0.122307688,0.070227556,0.000091970,-0.001296997,-0.152896881,-0.567834854,-0.138261795,0.058320999,-0.005767822,0.000008902,-0.146722600,-0.568387985,-0.122307688,0.070227556,0.000091970,0.000000000,0.000000000,0.000000000,0.000000000,0.000000000,0.000000000,0.000000000,0.000000000,0.000000000,0.000000000,0.000000000,0.000000000,0.000000000,0.000000000,0.000000000,0.000000000,0.000000000,0.000000000,-0.001305899,-0.006174281,0.000553131,-0.015954107,-0.011906557,-0.005859792,-0.000813043,-0.005696044,0.028924984,-0.008451245,-0.011726953,-0.006252083
6.209685564,-0.004794121,0.047361374,-0.016681671,-0.005177498,0.010545731,0.036240578,-0.046325684,0.063171387,0.050354004,-0.160465240,0.014602661,-0.009567261,-0.004409790,0.047361374,-0.016681671,-0.005177498,0.010545731,0.035857201,0.000008902,-0.146722600,-0.568387985,-0.122307688,0.070227556,0.000091970,0.038650513,-0.152896881,-0.601037979,-0.138780594,0.071138382,-0.024993896,0.000008902,-0.146722600,-0.568387985,-0.122307688,0.070227556,0.000091970,0.000000000,0.000000000,0.000000000,0.000000000,0.000000000,0.000000000,0.000000000,0.000000000,0.000000000,0.000000000,0.000000000,0.000000000,0.000000000,0.000000000,0.000000000,0.000000000,0.000000000,0.000000000,0.038641611,-0.006174281,-0.032649994,-0.016472906,0.000910826,-0.025085866,0.039134467,-0.005696044,-0.004278141,-0.008970043,0.001090430,-0.025478157
6.219786167,-0.004409790,0.047361374,-0.016681671,-0.005177498,0.010545731,0.035857201,0.035583496,0.133363724,-0.109439850,-0.102725983,0.082077026,0.011581421,-0.004794121,0.047361374,-0.016681671,-0.005177498,0.010545731,0.035857201,0.000008902,-0.146722600,-0.568387985,-0.122307688,0.070227556,0.000091970,-0.004409790,-0.149234772,-0.614007950,-0.137742996,0.079683304,0.009185791,0.000008902,-0.146722600,-0.568387985,-0.122307688,0.070227556,0.000091970,0.000000000,0.000000000,0.000000000,0.000000000,0.000000000,0.000000000,0.000000000,0.000000000,0.000000000,0.000000000,0.000000000,0.000000000,0.000000000,0.000000000,0.000000000,0.000000000,0.000000000,0.000000000,-0.004418692,-0.002512172,-0.045619965,-0.015435308,0.009455748,0.009093821,-0.003925836,-0.002033934,-0.017248111,-0.007932446,0.009635352,0.008701530
6.229718447,-0.004794121,0.047361374,-0.016681671,-0.005177498,0.010545731,0.036240578,-0.112125397,0.021667480,0.059753418,-0.018127441,-0.013595581,0.012588501,-0.004409790,0.047361374,-0.016681671,-0.005177498,0.010545731,0.035857201,0.000008902,-0.146722600,-0.568387985,-0.122307688,0.070227556,0.000091970,-0.011672974,-0.130924225,-0.584436417,-0.132036209,0.088228226,-0.026275635,0.000008902,-0.146722600,-0.568387985,-0.122307688,0.070227556,0.000091970,0.000000000,0.000000000,0.000000000,0.000000000,0.000000000,0.000000000,0.000000000,0.000000000,0.000000000,0.000000000,0.000000000,0.000000000,0.000000000,0.000000000,0.000000000,0.000000000,0.000000000,0.000000000,-0.011681875,0.015798375,-0.016048431,-0.009728521,0.018000670,-0.026367605,-0.011189019,0.016276612,0.012323422,-0.002225659,0.018180273,-0.026759896
6.239709377,-0.004794121,0.047361374,-0.017066002,-0.004794121,0.010545731,0.035857201,-0.040954590,0.070495605,-0.020812988,0.094665527,-0.004531860,-0.006546021,-0.004794121,0.047361374,-0.016681671,-0.005177498,0.010545731,0.035857201,0.000008902,-0.146722600,-0.568387985,-0.122307688,0.070227556,0.000091970,0.015304565,-0.151065826,-0.592737198,-0.119585037,0.068574905,-0.001068115,0.000008902,-0.146722600,-0.568387985,-0.122307688,0.070227556,0.000091970,0.000000000,0.000000000,0.000000000,0.000000000,0.000000000,0.000000000,0.000000000,0.000000000,0.000000000,0.000000000,0.000000000,0.000000000,0.000000000,0.000000000,0.000000000,0.000000000,0.000000000,0.000000000,0.015295664,-0.004343227,-0.024349213,0.002722651,-0.001652651,-0.001160085,0.015788519,-0.003864989,0.004022641,0.010225513,-0.001473047,-0.001552376
6.249692202,-0.004409790,0.047361374,-0.017066002,-0.004794121,0.010930061,0.035857201,-0.105411530,-0.132753372,0.003356934,0.044982910,0.013595581,-0.048843384,-0.004794121,0.047361374,-0.016681671,-0.005177498,0.010545731,0.036240578,0.000008902,-0.146721616,-0.568388939,-0.122308724,0.070227556,0.000090937,0.004409790,-0.165714264,-0.588068008,-0.146562576,0.062593460,0.018585205,0.000008902,-0.146721616,-0.568388939,-0.122308724,0.070227556,0.000090937,0.000000000,0.000000000,0.000000000,0.000000000,0.000000000,0.000000000,0.000000000,0.000000000,0.000000000,0.000000000,0.000000000,0.000000000,0.000000000,0.000000000,0.000000000,0.000000000,0.000000000,0.000000000,0.004400888,-0.018992648,-0.019679070,-0.024253853,-0.007634096,0.018494268,0.004893744,-0.018514410,0.008692784,-0.016750990,-0.007454492,0.018101977
6.259692192,-0.004409790,0.047361374,-0.017066002,-0.005177498,0.010545731,0.036240578,0.075866699,-0.005187988,-0.145694733,0.058410645,0.029708862,0.033737183,-0.004409790,0.047361374,-0.017066002,-0.004794121,0.010930061,0.035857201,0.000008901,-0.143429145,-0.571508110,-0.122698553,0.070228226,0.000091972,-0.004928589,-0.149234772,-0.596887589,-0.139818192,0.072420120,0.019012451,0.000008901,-0.143429145,-0.571508110,-0.122698553,0.070228226,0.000091972,0.000000000,0.000000000,0.000000000,0.000000000,0.000000000,0.000000000,0.000000000,0.000000000,0.000000000,0.000000000,0.000000000,0.000000000,0.000000000,0.000000000,0.000000000,0.000000000,0.000000000,0.000000000,-0.004937490,-0.005805627,-0.025379479,-0.017119639,0.002191894,0.018920479,-0.004444635,-0.005327389,0.002992374,-0.009616776,0.002371497,0.018528188
6.269686937,-0.004794121,0.047361374,-0.016681671,-0.005177498,0.010545731,0.036240578,-0.077209473,-0.080873489,-0.102725983,-0.020812988,0.010574341,0.054885864,-0.004794121,0.047361374,-0.016681671,-0.005177498,0.010545731,0.036240578,0.000008902,-0.146721616,-0.568388939,-0.122308724,0.070227556,0.000090937,-0.014266968,-0.151065826,-0.623865128,-0.130998611,0.066438675,-0.001068115,0.000008902,-0.146721616,-0.568388939,-0.122308724,0.070227556,0.000090937,0.000000000,0.000000000,0.000000000,0.000000000,0.000000000,0.000000000,0.000000000,0.000000000,0.000000000,0.000000000,0.000000000,0.000000000,0.000000000,0.000000000,0.000000000,0.000000000,0.000000000,0.000000000,-0.014275869,-0.004344210,-0.055476189,-0.008689888,-0.003788881,-0.001159052,-0.013783014,-0.003865973,-0.027104335,-0.001187025,-0.003609277,-0.001551343
6.279694557,-0.004794121,0.047361374,-0.017066002,-0.004794121,0.010545731,0.036240578,0.031555176,0.017395020,0.042297363,0.085266113,0.005538940,0.005538940,-0.004409790,0.047361374,-0.017066002,-0.005177498,0.010545731,0.035857201,0.000008901,-0.143213391,-0.571712494,-0.122925662,0.070616879,0.000093006,0.007003784,-0.160221100,-0.578729630,-0.137742996,0.080537796,-0.001922607,0.000008901,-0.143213391,-0.571712494,-0.122925662,0.070616879,0.000093006,0.000000000,0.000000000,0.000000000,0.000000000,0.000000000,0.000000000,0.000000000,0.000000000,0.000000000,0.000000000,0.000000000,0.000000000,0.000000000,0.000000000,0.000000000,0.000000000,0.000000000,0.000000000,0.006994883,-0.017007709,-0.007017136,-0.014817335,0.009920917,-0.002015613,0.007487738,-0.016529471,0.021354718,-0.007314472,0.010100521,-0.002407904
6.289708853,-0.004794121,0.047361374,-0.016681671,-0.004794121,0.010545731,0.036240578,-0.055725098,0.008850098,0.039611816,0.108093262,-0.064960480,-0.004531860,-0.004409790,0.047361374,-0.016681671,-0.004794121,0.010545731,0.035857201,0.000008902,-0.147308230,-0.567833185,-0.121691234,0.069839187,0.000090937,0.010635376,-0.119937897,-0.621789932,-0.128923416,0.066438675,0.057893753,0.000008902,-0.147308230,-0.567833185,-0.121691234,0.069839187,0.000090937,0.000000000,0.000000000,0.000000000,0.000000000,0.000000000,0.000000000,0.000000000,0.000000000,0.000000000,0.000000000,0.000000000,0.000000000,0.000000000,0.000000000,0.000000000,0.000000000,0.000000000,0.000000000,0.010626474,0.027370334,-0.053956747,-0.007232182,-0.003400512,0.057802816,0.011119330,0.027848571,-0.025584894,0.000270681,-0.003220908,0.057410525
6.299689531,-0.004794121,0.047361374,-0.017066002,-0.005177498,0.010545731,0.035857201,0.066467285,-0.188905716,-0.063781738,-0.008728027,-0.053878784,-0.010574341,-0.004409790,0.047361374,-0.016681671,-0.005177498,0.010545731,0.036240578,0.000008902,-0.146721616,-0.568388939,-0.122308724,0.070227556,0.000090937,0.009078979,-0.173038483,-0.584955215,-0.129961014,0.069429398,-0.014312744,0.000008902,-0.146721616,-0.568388939,-0.122308724,0.070227556,0.000090937,0.000000000,0.000000000,0.000000000,0.000000000,0.000000000,0.000000000,0.000000000,0.000000000,0.000000000,0.000000000,0.000000000,0.000000000,0.000000000,0.000000000,0.000000000,0.000000000,0.000000000,0.000000000,0.009070078,-0.026316866,-0.016566277,-0.007652290,-0.000798158,-0.014403681,0.009562934,-0.025838629,0.011805577,-0.000149428,-0.000618555,-0.014795972
6.309686184,-0.004409790,0.047361374,-0.016681671,-0.004794121,0.010545731,0.035857201,0.061096191,-0.017395020,0.026184082,0.101379395,-0.029708862,-0.027694702,-0.004409790,0.047361374,-0.017066002,-0.005177498,0.010545731,0.035857201,0.000008901,-0.143213391,-0.571712494,-0.122925662,0.070616879,0.000093006,-0.001296997,-0.108947754,-0.614526749,-0.134630203,0.079683304,0.009613037,0.000008901,-0.143213391,-0.571712494,-0.122925662,0.070616879,0.000093006,0.000000000,0.000000000,0.000000000,0.000000000,0.000000000,0.000000000,0.000000000,0.000000000,0.000000000,0.000000000,0.000000000,0.000000000,0.000000000,0.000000000,0.000000000,0.000000000,0.000000000,0.000000000,-0.001305899,0.034265637,-0.042814255,-0.011704542,0.009066425,0.009520031,-0.000813043,0.034743875,-0.014442401,-0.004201679,0.009246029,0.009127740
6.319729805,-0.004794121,0.047361374,-0.017066002,-0.005177498,0.010545731,0.036240578,-0.065124512,0.074768066,-0.160465240,-0.004699707,-0.051864624,0.042800903,-0.004409790,0.047361374,-0.017066002,-0.005177498,0.010545731,0.035857201,0.000008901,-0.143213391,-0.571712494,-0.122925662,0.070616879,0.000093006,0.007522583,-0.178531647,-0.578729630,-0.135667801,0.080110550,-0.005767822,0.000008901,-0.143213391,-0.571712494,-0.122925662,0.070616879,0.000093006,0.000000000,0.000000000,0.000000000,0.000000000,0.000000000,0.000000000,0.000000000,0.000000000,0.000000000,0.000000000,0.000000000,0.000000000,0.000000000,0.000000000,0.000000000,0.000000000,0.000000000,0.000000000,0.007513682,-0.035318255,-0.007017136,-0.012742139,0.009493671,-0.005860828,0.008006537,-0.034840018,0.021354718,-0.005239277,0.009673275,-0.006253119
6.329695225,-0.004794121,0.047361374,-0.017066002,-0.005177498,0.010545731,0.035857201,0.028869629,0.065002441,-0.061096191,-0.058410645,-0.006546021,0.034744263,-0.004794121,0.047361374,-0.017066002,-0.005177498,0.010545731,0.035857201,0.000008902,-0.143213391,-0.571712494,-0.122925662,0.070616879,0.000093006,0.002334595,-0.141910553,-0.589105606,-0.151231766,0.066011429,-0.001068115,0.000008902,-0.143213391,-0.571712494,-0.122925662,0.070616879,0.000093006,0.000000000,0.000000000,0.000000000,0.000000000,0.000000000,0.000000000,0.000000000,0.000000000,0.000000000,0.000000000,0.000000000,0.000000000,0.000000000,0.000000000,0.000000000,0.000000000,0.000000000,0.000000000,0.002325693,0.001302838,-0.017393112,-0.028306104,-0.004605450,-0.001161121,0.002818549,0.001781076,0.010978741,-0.020803242,-0.004425846,-0.001553412
6.339704752,-0.004794121,0.047361374,-0.017066002,-0.005177498,0.010545731,0.035857201,-0.063781738,-0.055238724,-0.019470215,-0.079895020,-0.021652222,-0.017623901,-0.004409790,0.047361374,-0.016681671,-0.004794121,0.010545731,0.035857201,0.000008902,-0.147308230,-0.567833185,-0.121691234,0.069839187,0.000090937,-0.004409790,-0.145572662,-0.578729630,-0.128923416,0.065156937,-0.017303467,0.000008902,-0.147308230,-0.567833185,-0.121691234,0.069839187,0.000090937,0.000000000,0.000000000,0.000000000,0.000000000,0.000000000,0.000000000,0.000000000,0.000000000,0.000000000,0.000000000,0.000000000,0.000000000,0.000000000,0.000000000,0.000000000,0.000000000,0.000000000,0.000000000,-0.004418692,0.001735568,-0.010896444,-0.007232182,-0.004682250,-0.017394404,-0.003925836,0.002213805,0.017475409,0.000270681,-0.004502647,-0.017786695
6.349690199,-0.004794121,0.047361374,-0.016681671,-0.004794121,0.010545731,0.035857201,-0.196720123,-0.096742630,0.015441895,0.040954590,-0.023666382,0.009567261,-0.004794121,0.047361374,-0.017066002,-0.005177498,0.010545731,0.035857201,0.000008902,-0.143213391,-0.571712494,-0.122925662,0.070616879,0.000093006,-0.021530151,-0.132755280,-0.601556778,-0.147081375,0.069002151,-0.002349854,0.000008902,-0.143213391,-0.571712494,-0.122925662,0.070616879,0.000093006,0.000000000,0.000000000,0.000000000,0.000000000,0.000000000,0.000000000,0.000000000,0.000000000,0.000000000,0.000000000,0.000000000,0.000000000,0.000000000,0.000000000,0.000000000,0.000000000,0.000000000,0.000000000,-0.021539053,0.010458112,-0.029844284,-0.024155714,-0.001614727,-0.002442859,-0.021046197,0.010936349,-0.001472431,-0.016652851,-0.001435123,-0.002835150
6.359690428,-0.004409790,0.047361374,-0.016681671,-0.004794121,0.010545731,0.035857201,0.128234863,-0.102846146,-0.028869629,0.161804199,0.010574341,0.023666382,-0.004409790,0.047361374,-0.016681671,-0.004794121,0.010545731,0.035857201,0.000008902,-0.147308230,-0.567833185,-0.121691234,0.069839187,0.000090937,0.001296997,-0.118106842,-0.588068008,-0.144487381,0.078401566,-0.003631592,0.000008902,-0.147308230,-0.567833185,-0.121691234,0.069839187,0.000090937,0.000000000,0.000000000,0.000000000,0.000000000,0.000000000,0.000000000,0.000000000,0.000000000,0.000000000,0.000000000,0.000000000,0.000000000,0.000000000,0.000000000,0.000000000,0.000000000,0.000000000,0.000000000,0.001288096,0.029201388,-0.020234823,-0.022796147,0.008562379,-0.003722529,0.001780951,0.029679626,0.008137030,-0.015293284,0.008741982,-0.004114820
6.369689465,-0.004409790,0.047361374,-0.016681671,-0.004794121,0.010545731,0.035857201,0.051696777,0.007629395,-0.010070801,-0.024841309,-0.021652222,0.003524780,-0.004794121,0.047361374,-0.016681671,-0.005177498,0.010545731,0.036240578,0.000008902,-0.146721616,-0.568388939,-0.122308724,0.070227556,0.000090937,-0.018417358,-0.163883209,-0.610895157,-0.124254227,0.065584183,0.038238525,0.000008902,-0.146721616,-0.568388939,-0.122308724,0.070227556,0.000090937,0.000000000,0.000000000,0.000000000,0.000000000,0.000000000,0.000000000,0.000000000,0.000000000,0.000000000,0.000000000,0.000000000,0.000000000,0.000000000,0.000000000,0.000000000,0.000000000,0.000000000,0.000000000,-0.018426260,-0.017161593,-0.042506218,-0.001945503,-0.004643373,0.038147589,-0.017933404,-0.016683355,-0.014134365,0.005557359,-0.004463770,0.037755298
6.379721403,-0.004409790,0.047361374,-0.016681671,-0.005177498,0.010545731,0.035857201,0.187320709,-0.014343262,-0.136295319,0.148376465,-0.002517700,-0.021652222,-0.004794121,0.047361374,-0.016681671,-0.005177498,0.010545731,0.035857201,0.000008902,-0.146722600,-0.568387985,-0.122307688,0.070227556,0.000091970,-0.009078979,-0.140079498,-0.598443985,-0.133592606,0.074983597,-0.004913330,0.000008902,-0.146722600,-0.568387985,-0.122307688,0.070227556,0.000091970,0.000000000,0.000000000,0.000000000,0.000000000,0.000000000,0.000000000,0.000000000,0.000000000,0.000000000,0.000000000,0.000000000,0.000000000,0.000000000,0.000000000,0.000000000,0.000000000,0.000000000,0.000000000,-0.009087881,0.006643102,-0.030056000,-0.011284918,0.004756041,-0.005005300,-0.008595025,0.007121339,-0.001684146,-0.003782055,0.004935644,-0.005397591
6.389688492,-0.004794121,0.047361374,-0.016681671,-0.004794121,0.010545731,0.035857201,0.019470215,0.035095215,0.125549316,0.124206543,-0.017623901,0.022659302,-0.004409790,0.047361374,-0.016681671,-0.004794121,0.010545731,0.035857201,0.000008902,-0.147308230,-0.567833185,-0.121691234,0.069839187,0.000090937,-0.005447388,-0.141910553,-0.595331192,-0.123735428,0.074983597,0.001068115,0.000008902,-0.147308230,-0.567833185,-0.121691234,0.069839187,0.000090937,0.000000000,0.000000000,0.000000000,0.000000000,0.000000000,0.000000000,0.000000000,0.000000000,0.000000000,0.000000000,0.000000000,0.000000000,0.000000000,0.000000000,0.000000000,0.000000000,0.000000000,0.000000000,-0.005456289,0.005397677,-0.027498007,-0.002044193,0.005144410,0.000977178,-0.004963433,0.005875915,0.000873846,0.005458669,0.005324013,0.000584887
6.399842501,-0.004409790,0.047361374,-0.016681671,-0.005177498,0.010545731,0.035857201,0.062438965,-0.022888184,-0.014099121,-0.026184082,0.026687622,-0.028701782,-0.004409790,0.047361374,-0.016681671,-0.005177498,0.010545731,0.035857201,0.000008902,-0.146722600,-0.568387985,-0.122307688,0.070227556,0.000091970,-0.012191772,-0.184024811,-0.597925186,-0.143449783,0.067720413,0.024566650,0.000008902,-0.146722600,-0.568387985,-0.122307688,0.070227556,0.000091970,0.000000000,0.000000000,0.000000000,0.000000000,0.000000000,0.000000000,0.000000000,0.000000000,0.000000000,0.000000000,0.000000000,0.000000000,0.000000000,0.000000000,0.000000000,0.000000000,0.000000000,0.000000000,-0.012200674,-0.037302211,-0.029537201,-0.021142095,-0.002507143,0.024474680,-0.011707818,-0.036823974,-0.001165348,-0.013639233,-0.002327539,0.024082389
6.409720421,-0.004409790,0.047361374,-0.016681671,-0.004794121,0.010545731,0.035857201,-0.042297363,-0.108339310,-0.082580566,-0.098697662,-0.031723022,-0.041793823,-0.004409790,0.047361374,-0.016681671,-0.005177498,0.010545731,0.036240578,0.000008902,-0.146721616,-0.568388939,-0.122308724,0.070227556,0.000090937,0.015823364,-0.112609863,-0.589624405,-0.134630203,0.084810257,-0.014739990,0.000008902,-0.146721616,-0.568388939,-0.122308724,0.070227556,0.000090937,0.000000000,0.000000000,0.000000000,0.000000000,0.000000000,0.000000000,0.000000000,0.000000000,0.000000000,0.000000000,0.000000000,0.000000000,0.000000000,0.000000000,0.000000000,0.000000000,0.000000000,0.000000000,0.015814463,0.034111753,-0.021235466,-0.012321480,0.014582701,-0.014830927,0.016307318,0.034589991,0.007136387,-0.004818617,0.014762305,-0.015223218
6.419688463,-0.004409790,0.047361374,-0.016681671,-0.004794121,0.010545731,0.035857201,0.008728027,-0.013122559,0.136291504,0.104064941,0.014602661,0.043807983,-0.004409790,0.047361374,-0.016681671,-0.004794121,0.010545731,0.035857201,0.000008902,-0.147308230,-0.567833185,-0.121691234,0.069839187,0.000090937,-0.006484985,-0.145572662,-0.597406387,-0.143449783,0.068147659,0.005767822,0.000008902,-0.147308230,-0.567833185,-0.121691234,0.069839187,0.000090937,0.000000000,0.000000000,0.000000000,0.000000000,0.000000000,0.000000000,0.000000000,0.000000000,0.000000000,0.000000000,0.000000000,0.000000000,0.000000000,0.000000000,0.000000000,0.000000000,0.000000000,0.000000000,-0.006493887,0.001735568,-0.029573202,-0.021758549,-0.001691528,0.005676885,-0.006001031,0.002213805,-0.001201349,-0.014255686,-0.001511924,0.005284594
6.429685831,-0.004409790,0.047361374,-0.016681671,-0.005177498,0.010545731,0.035857201,-0.089298248,-0.072938919,0.038269043,-0.019470215,-0.013595581,-0.025680542,-0.004794121,0.047361374,-0.016681671,-0.005177498,0.010545731,0.035857201,0.000008902,-0.146722600,-0.568387985,-0.122307688,0.070227556,0.000091970,-0.009078979,-0.130924225,-0.595331192,-0.126329422,0.054046631,0.007049561,0.000008902,-0.146722600,-0.568387985,-0.122307688,0.070227556,0.000091970,0.000000000,0.000000000,0.000000000,0.000000000,0.000000000,0.000000000,0.000000000,0.000000000,0.000000000,0.000000000,0.000000000,0.000000000,0.000000000,0.000000000,0.000000000,0.000000000,0.000000000,0.000000000,-0.009087881,0.015798375,-0.026943207,-0.004021734,-0.016180925,0.006957591,-0.008595025,0.016276612,0.001428647,0.003481129,-0.016001321,0.006565300
6.439823866,-0.004409790,0.047361374,-0.016681671,-0.005177498,0.010545731,0.035857201,0.046325684,-0.138246536,0.011413574,-0.073181152,0.010574341,0.016616821,-0.004409790,0.047361374,-0.016681671,-0.005177498,0.010545731,0.035857201,0.000008902,-0.146722600,-0.568387985,-0.122307688,0.070227556,0.000091970,-0.010635376,-0.187686920,-0.604669571,-0.138261795,0.073701859,0.010467529,0.000008902,-0.146722600,-0.568387985,-0.122307688,0.070227556,0.000091970,0.000000000,0.000000000,0.000000000,0.000000000,0.000000000,0.000000000,0.000000000,0.000000000,0.000000000,0.000000000,0.000000000,0.000000000,0.000000000,0.000000000,0.000000000,0.000000000,0.000000000,0.000000000,-0.010644277,-0.040964320,-0.036281586,-0.015954107,0.003474303,0.010375559,-0.010151422,-0.040486083,-0.007909732,-0.008451245,0.003653906,0.009983268
6.449731827,-0.004409790,0.047361374,-0.017066002,-0.005177498,0.010545731,0.036240578,0.195377350,-0.061342239,-0.104068756,0.130920410,-0.003524780,0.018630981,-0.004409790,0.047361374,-0.017066002,-0.005177498,0.010545731,0.035857201,0.000008901,-0.143213391,-0.571712494,-0.122925662,0.070616879,0.000093006,0.010116577,-0.162052155,-0.579767227,-0.129442215,0.062593460,0.003204346,0.000008901,-0.143213391,-0.571712494,-0.122925662,0.070616879,0.000093006,0.000000000,0.000000000,0.000000000,0.000000000,0.000000000,0.000000000,0.000000000,0.000000000,0.000000000,0.000000000,0.000000000,0.000000000,0.000000000,0.000000000,0.000000000,0.000000000,0.000000000,0.000000000,0.010107676,-0.018838763,-0.008054733,-0.006516553,-0.008023418,0.003111340,0.010600531,-0.018360526,0.020317120,0.000986309,-0.007843815,0.002719049
6.459720612,-0.004794121,0.047361374,-0.016681671,-0.005177498,0.010545731,0.035857201,0.153747559,0.000915527,0.086608887,-0.089298248,-0.057907104,0.015609741,-0.004409790,0.047361374,-0.016681671,-0.004794121,0.010545731,0.036240578,0.000008902,-0.147307247,-0.567834139,-0.121692270,0.069839187,0.000089904,0.010635376,-0.134586334,-0.584955215,-0.125810623,0.057893753,-0.001922607,0.000008902,-0.147307247,-0.567834139,-0.121692270,0.069839187,0.000089904,0.000000000,0.000000000,0.000000000,0.000000000,0.000000000,0.000000000,0.000000000,0.000000000,0.000000000,0.000000000,0.000000000,0.000000000,0.000000000,0.000000000,0.000000000,0.000000000,0.000000000,0.000000000,0.010626474,0.012720913,-0.017121077,-0.004118353,-0.011945434,-0.002012511,0.011119330,0.013199150,0.011250777,0.003384509,-0.011765830,-0.002404802
6.469690323,-0.004409790,0.047361374,-0.016681671,-0.005177498,0.010545731,0.035857201,0.137634277,-0.027160645,0.177921295,-0.108097076,0.006546021,0.044815063,-0.004409790,0.047361374,-0.016681671,-0.005177498,0.010545731,0.035857201,0.000008902,-0.146722600,-0.568387985,-0.122307688,0.070227556,0.000091970,-0.014266968,-0.136417389,-0.568872452,-0.109209061,0.060884476,0.020721436,0.000008902,-0.146722600,-0.568387985,-0.122307688,0.070227556,0.000091970,0.000000000,0.000000000,0.000000000,0.000000000,0.000000000,0.000000000,0.000000000,0.000000000,0.000000000,0.000000000,0.000000000,0.000000000,0.000000000,0.000000000,0.000000000,0.000000000,0.000000000,0.000000000,-0.014275869,0.010305211,-0.000484467,0.013098627,-0.009343080,0.020629466,-0.013783014,0.010783448,0.027887387,0.020601490,-0.009163477,0.020237175
6.479690075,-0.004794121,0.047361374,-0.017066002,-0.005177498,0.010545731,0.035857201,0.043640137,-0.165102005,-0.145694733,-0.105411530,0.011581421,0.001510620,-0.004794121,0.047361374,-0.016681671,-0.005177498,0.010545731,0.036240578,0.000008902,-0.146721616,-0.568388939,-0.122308724,0.070227556,0.000090937,-0.007522583,-0.154727936,-0.584955215,-0.146043777,0.075838089,0.013458252,0.000008902,-0.146721616,-0.568388939,-0.122308724,0.070227556,0.000090937,0.000000000,0.000000000,0.000000000,0.000000000,0.000000000,0.000000000,0.000000000,0.000000000,0.000000000,0.000000000,0.000000000,0.000000000,0.000000000,0.000000000,0.000000000,0.000000000,0.000000000,0.000000000,-0.007531485,-0.008006319,-0.016566277,-0.023735054,0.005610533,0.013367315,-0.007038629,-0.007528082,0.011805577,-0.016232191,0.005790137,0.012975024
6.489688873,-0.004794121,0.047361374,-0.016681671,-0.004794121,0.010545731,0.035857201,-0.055725098,-0.050355911,0.031555176,-0.087955475,0.036758423,0.012588501,-0.004409790,0.047361374,-0.016681671,-0.005177498,0.010545731,0.036240578,0.000008902,-0.146721616,-0.568388939,-0.122308724,0.070227556,0.000090937,0.005447388,-0.138248444,-0.599481583,-0.132036209,0.071138382,0.001068115,0.000008902,-0.146721616,-0.568388939,-0.122308724,0.070227556,0.000090937,0.000000000,0.000000000,0.000000000,0.000000000,0.000000000,0.000000000,0.000000000,0.000000000,0.000000000,0.000000000,0.000000000,0.000000000,0.000000000,0.000000000,0.000000000,0.000000000,0.000000000,0.000000000,0.005438486,0.008473173,-0.031092644,-0.009727485,0.000910826,0.000977178,0.005931342,0.008951410,-0.002720790,-0.002224623,0.001090430,0.000584887
6.499709845,-0.004794121,0.047361374,-0.017066002,-0.005177498,0.010545731,0.035857201,-0.003356934,0.105897903,-0.137638092,-0.063781738,-0.016616821,-0.041793823,-0.004409790,0.047361374,-0.017066002,-0.004794121,0.010545731,0.035857201,0.000008901,-0.143799007,-0.571157694,-0.122309223,0.070228517,0.000091973,0.005966187,-0.165714264,-0.623346329,-0.122697830,0.075838089,0.022430420,0.000008901,-0.143799007,-0.571157694,-0.122309223,0.070228517,0.000091973,0.000000000,0.000000000,0.000000000,0.000000000,0.000000000,0.000000000,0.000000000,0.000000000,0.000000000,0.000000000,0.000000000,0.000000000,0.000000000,0.000000000,0.000000000,0.000000000,0.000000000,0.000000000,0.005957285,-0.021915257,-0.052188635,-0.000388607,0.005609572,0.022338447,0.006450141,-0.021437020,-0.023816782,0.007114255,0.005789176,0.021946156
6.509669065,-0.004794121,0.047361374,-0.016681671,-0.005177498,0.010545731,0.035857201,-0.014099121,0.047302246,-0.002014160,-0.079895020,-0.006546021,0.022659302,-0.004409790,0.047361374,-0.016681671,-0.005177498,0.010545731,0.036240578,0.000008902,-0.146721616,-0.568388939,-0.122308724,0.070227556,0.000090937,0.002853394,-0.163883209,-0.602594376,-0.115953445,0.069002151,-0.048493385,0.000008902,-0.146721616,-0.568388939,-0.122308724,0.070227556,0.000090937,0.000000000,0.000000000,0.000000000,0.000000000,0.000000000,0.000000000,0.000000000,0.000000000,0.000000000,0.000000000,0.000000000,0.000000000,0.000000000,0.000000000,0.000000000,0.000000000,0.000000000,0.000000000,0.002844492,-0.017161593,-0.034205437,0.006355278,-0.001225404,-0.048584322,0.003337348,-0.016683355,-0.005833583,0.013858141,-0.001045801,-0.048976613
6.519662380,-0.004409790,0.047361374,-0.016681671,-0.005177498,0.010545731,0.035857201,0.087951660,0.041809082,-0.028869629,-0.054382324,-0.035751343,0.053878784,-0.004409790,0.047361374,-0.016681671,-0.005177498,0.010545731,0.035857201,0.000008902,-0.146722600,-0.568387985,-0.122307688,0.070227556,0.000091970,0.005966187,-0.143741608,-0.638910294,-0.105577469,0.060029984,-0.003631592,0.000008902,-0.146722600,-0.568387985,-0.122307688,0.070227556,0.000091970,0.000000000,0.000000000,0.000000000,0.000000000,0.000000000,0.000000000,0.000000000,0.000000000,0.000000000,0.000000000,0.000000000,0.000000000,0.000000000,0.000000000,0.000000000,0.000000000,0.000000000,0.000000000,0.005957285,0.002980992,-0.070522308,0.016730219,-0.010197572,-0.003723562,0.006450141,0.003459230,-0.042150455,0.024233082,-0.010017969,-0.004115853
6.529655933,-0.004794121,0.047361374,-0.016681671,-0.005177498,0.010545731,0.035857201,0.038269043,0.054626465,0.014099121,-0.078552246,0.008560181,0.008560181,-0.004794121,0.047361374,-0.016681671,-0.005177498,0.010545731,0.036240578,0.000008902,-0.146721616,-0.568388939,-0.122308724,0.070227556,0.000090937,-0.019973755,-0.107116699,-0.570428848,-0.140855789,0.068574905,-0.001922607,0.000008902,-0.146721616,-0.568388939,-0.122308724,0.070227556,0.000090937,0.000000000,0.000000000,0.000000000,0.000000000,0.000000000,0.000000000,0.000000000,0.000000000,0.000000000,0.000000000,0.000000000,0.000000000,0.000000000,0.000000000,0.000000000,0.000000000,0.000000000,0.000000000,-0.019982657,0.039604917,-0.002039909,-0.018547066,-0.001652651,-0.002013544,-0.019489801,0.040083155,0.026331944,-0.011044203,-0.001473047,-0.002405835
6.539690733,-0.004794121,0.047361374,-0.017066002,-0.005177498,0.010545731,0.035857201,-0.051696777,0.124208450,-0.114810944,-0.018127441,-0.003524780,0.054885864,-0.004409790,0.047361374,-0.016681671,-0.005177498,0.010545731,0.035857201,0.000008902,-0.146722600,-0.568387985,-0.122307688,0.070227556,0.000091970,0.010635376,-0.134586334,-0.634759903,-0.146562576,0.075838089,-0.007476807,0.000008902,-0.146722600,-0.568387985,-0.122307688,0.070227556,0.000091970,0.000000000,0.000000000,0.000000000,0.000000000,0.000000000,0.000000000,0.000000000,0.000000000,0.000000000,0.000000000,0.000000000,0.000000000,0.000000000,0.000000000,0.000000000,0.000000000,0.000000000,0.000000000,0.010626474,0.012136266,-0.066371918,-0.024254888,0.005610533,-0.007568777,0.011119330,0.012614503,-0.038000064,-0.016752026,0.005790137,-0.007961068
6.549694777,-0.004794121,0.047361374,-0.016681671,-0.004794121,0.010545731,0.035857201,0.120178223,0.114442825,0.018127441,0.065124512,0.027694702,0.013595581,-0.004794121,0.047361374,-0.016681671,-0.004794121,0.010545731,0.036240578,0.000008902,-0.147307247,-0.567834139,-0.121692270,0.069839187,0.000089904,0.013229370,-0.154727936,-0.581842422,-0.128404617,0.062166214,-0.021148682,0.000008902,-0.147307247,-0.567834139,-0.121692270,0.069839187,0.000089904,0.000000000,0.000000000,0.000000000,0.000000000,0.000000000,0.000000000,0.000000000,0.000000000,0.000000000,0.000000000,0.000000000,0.000000000,0.000000000,0.000000000,0.000000000,0.000000000,0.000000000,0.000000000,0.013220468,-0.007420689,-0.014008284,-0.006712347,-0.007672973,-0.021238585,0.013713324,-0.006942451,0.014363570,0.000790515,-0.007493369,-0.021630876
6.559712172,-0.004409790,0.047361374,-0.016681671,-0.004794121,0.010930061,0.036240578,0.000671387,-0.102235794,0.104064941,0.035583496,-0.004531860,0.001510620,-0.004409790,0.047361374,-0.016681671,-0.005177498,0.010545731,0.035857201,0.000008902,-0.146722600,-0.568387985,-0.122307688,0.070227556,0.000091970,0.008560181,-0.138248444,-0.596887589,-0.109209061,0.072847366,0.013458252,0.000008902,-0.146722600,-0.568387985,-0.122307688,0.070227556,0.000091970,0.000000000,0.000000000,0.000000000,0.000000000,0.000000000,0.000000000,0.000000000,0.000000000,0.000000000,0.000000000,0.000000000,0.000000000,0.000000000,0.000000000,0.000000000,0.000000000,0.000000000,0.000000000,0.008551279,0.008474156,-0.028499603,0.013098627,0.002619810,0.013366282,0.009044135,0.008952394,-0.000127750,0.020601490,0.002799414,0.012973991
6.569686890,-0.004794121,0.047361374,-0.016681671,-0.005177498,0.010545731,0.035857201,-0.083923340,-0.045473099,0.012756348,-0.149723053,0.000503540,-0.024673462,-0.004794121,0.047361374,-0.016681671,-0.005177498,0.010545731,0.035857201,0.000008902,-0.146722600,-0.568387985,-0.122307688,0.070227556,0.000091970,0.010635376,-0.158390045,-0.584436417,-0.136186600,0.068574905,-0.001068115,0.000008902,-0.146722600,-0.568387985,-0.122307688,0.070227556,0.000091970,0.000000000,0.000000000,0.000000000,0.000000000,0.000000000,0.000000000,0.000000000,0.000000000,0.000000000,0.000000000,0.000000000,0.000000000,0.000000000,0.000000000,0.000000000,0.000000000,0.000000000,0.000000000,0.010626474,-0.011667445,-0.016048431,-0.013878912,-0.001652651,-0.001160085,0.011119330,-0.011189208,0.012323422,-0.006376049,-0.001473047,-0.001552376
6.579735518,-0.004409790,0.047361374,-0.016681671,-0.005177498,0.010545731,0.035857201,0.069152832,-0.019226074,0.002014160,0.043640137,0.043807983,-0.043807983,-0.004794121,0.047361374,-0.016681671,-0.005177498,0.010545731,0.036240578,0.000008902,-0.146721616,-0.568388939,-0.122308724,0.070227556,0.000090937,-0.009078979,-0.162052155,-0.599481583,-0.133592606,0.074556351,0.003204346,0.000008902,-0.146721616,-0.568388939,-0.122308724,0.070227556,0.000090937,0.000000000,0.000000000,0.000000000,0.000000000,0.000000000,0.000000000,0.000000000,0.000000000,0.000000000,0.000000000,0.000000000,0.000000000,0.000000000,0.000000000,0.000000000,0.000000000,0.000000000,0.000000000,-0.009087881,-0.015330538,-0.031092644,-0.011283882,0.004328795,0.003113409,-0.008595025,-0.014852301,-0.002720790,-0.003781019,0.004508398,0.002721118
6.589689732,-0.004409790,0.047361374,-0.017066002,-0.005177498,0.010545731,0.036240578,0.014099121,0.024719238,0.049011230,-0.011413574,0.017623901,0.046829224,-0.004409790,0.047361374,-0.016681671,-0.005177498,0.010545731,0.035857201,0.000008902,-0.146722600,-0.568387985,-0.122307688,0.070227556,0.000091970,0.002853394,-0.110778809,-0.595331192,-0.125810623,0.069856644,0.003631592,0.000008902,-0.146722600,-0.568387985,-0.122307688,0.070227556,0.000091970,0.000000000,0.000000000,0.000000000,0.000000000,0.000000000,0.000000000,0.000000000,0.000000000,0.000000000,0.000000000,0.000000000,0.000000000,0.000000000,0.000000000,0.000000000,0.000000000,0.000000000,0.000000000,0.002844492,0.035943791,-0.026943207,-0.003502935,-0.000370912,0.003539622,0.003337348,0.036422029,0.001428647,0.003999927,-0.000191309,0.003147331
6.599676847,-0.004409790,0.047361374,-0.016681671,-0.005177498,0.010545731,0.035857201,0.105407715,-0.046693802,0.070495605,-0.141666412,0.033737183,0.007553101,-0.004794121,0.047361374,-0.017066002,-0.005177498,0.010545731,0.036240578,0.000008902,-0.143212408,-0.571713448,-0.122926690,0.070616879,0.000091972,-0.007522583,-0.138248444,-0.594812393,-0.110246658,0.067293167,0.000213623,0.000008902,-0.143212408,-0.571713448,-0.122926690,0.070616879,0.000091972,0.000000000,0.000000000,0.000000000,0.000000000,0.000000000,0.000000000,0.000000000,0.000000000,0.000000000,0.000000000,0.000000000,0.000000000,0.000000000,0.000000000,0.000000000,0.000000000,0.000000000,0.000000000,-0.007531485,0.004963964,-0.023098946,0.012680031,-0.003323711,0.000121651,-0.007038629,0.005442202,0.005272908,0.020182894,-0.003144108,-0.000270640
6.609689713,-0.004794121,0.047361374,-0.016681671,-0.005177498,0.010545731,0.035857201,-0.065124512,-0.028991699,0.075866699,-0.043640137,0.004531860,-0.004531860,-0.004409790,0.047361374,-0.016681671,-0.005177498,0.010545731,0.036240578,0.000008902,-0.146721616,-0.568388939,-0.122308724,0.070227556,0.000090937,-0.021530151,-0.147403717,-0.629571915,-0.131517410,0.075838089,0.009185791,0.000008902,-0.146721616,-0.568388939,-0.122308724,0.070227556,0.000090937,0.000000000,0.000000000,0.000000000,0.000000000,0.000000000,0.000000000,0.000000000,0.000000000,0.000000000,0.000000000,0.000000000,0.000000000,0.000000000,0.000000000,0.000000000,0.000000000,0.000000000,0.000000000,-0.021539053,-0.000682101,-0.061182976,-0.009208687,0.005610533,0.009094854,-0.021046197,-0.000203863,-0.032811122,-0.001705824,0.005790137,0.008702563
6.619689465,-0.004794121,0.047361374,-0.017066002,-0.005177498,0.010545731,0.035857201,-0.007385254,0.010070801,-0.089298248,0.031555176,0.016616821,0.028701782,-0.004409790,0.047361374,-0.016681671,-0.005177498,0.010545731,0.035857201,0.000008902,-0.146722600,-0.568387985,-0.122307688,0.070227556,0.000091970,-0.022048950,-0.185855865,-0.598443985,-0.112321854,0.063875198,-0.003204346,0.000008902,-0.146722600,-0.568387985,-0.122307688,0.070227556,0.000091970,0.000000000,0.000000000,0.000000000,0.000000000,0.000000000,0.000000000,0.000000000,0.000000000,0.000000000,0.000000000,0.000000000,0.000000000,0.000000000,0.000000000,0.000000000,0.000000000,0.000000000,0.000000000,-0.022057852,-0.039133266,-0.030056000,0.009985834,-0.006352358,-0.003296316,-0.021564996,-0.038655028,-0.001684146,0.017488697,-0.006172754,-0.003688607
6.629708290,-0.004409790,0.047361374,-0.016681671,-0.004794121,0.010545731,0.035857201,-0.058410645,0.051574707,0.188663483,0.090637207,-0.029708862,-0.039779663,-0.004409790,0.047361374,-0.016681671,-0.005177498,0.010545731,0.035857201,0.000008902,-0.146722600,-0.568387985,-0.122307688,0.070227556,0.000091970,-0.009597778,-0.125431061,-0.588068008,-0.144487381,0.079683304,0.013031006,0.000008902,-0.146722600,-0.568387985,-0.122307688,0.070227556,0.000091970,0.000000000,0.000000000,0.000000000,0.000000000,0.000000000,0.000000000,0.000000000,0.000000000,0.000000000,0.000000000,0.000000000,0.000000000,0.000000000,0.000000000,0.000000000,0.000000000,0.000000000,0.000000000,-0.009606680,0.021291539,-0.019680023,-0.022179693,0.009455748,0.012939036,-0.009113824,0.021769776,0.008691830,-0.014676830,0.009635352,0.012546745
6.639696121,-0.004409790,0.047361374,-0.016681671,-0.005177498,0.010545731,0.036240578,0.038269043,-0.051576614,0.114807129,0.104064941,-0.007553101,-0.006546021,-0.004794121,0.047361374,-0.016681671,-0.005177498,0.010545731,0.036240578,0.000008902,-0.146721616,-0.568388939,-0.122308724,0.070227556,0.000090937,-0.009078979,-0.143741608,-0.635797501,-0.122697830,0.073274612,0.036529541,0.000008902,-0.146721616,-0.568388939,-0.122308724,0.070227556,0.000090937,0.000000000,0.000000000,0.000000000,0.000000000,0.000000000,0.000000000,0.000000000,0.000000000,0.000000000,0.000000000,0.000000000,0.000000000,0.000000000,0.000000000,0.000000000,0.000000000,0.000000000,0.000000000,-0.009087881,0.002980009,-0.067408562,-0.000389107,0.003047056,0.036438604,-0.008595025,0.003458246,-0.039036708,0.007113756,0.003226660,0.036046313
6.649686575,-0.004409790,0.047361374,-0.016681671,-0.005177498,0.010545731,0.035857201,0.078552246,0.046081543,0.024841309,-0.160465240,0.057907104,0.034744263,-0.004794121,0.047361374,-0.016681671,-0.004794121,0.010545731,0.035857201,0.000008902,-0.147308230,-0.567833185,-0.121691234,0.069839187,0.000090937,-0.010116577,-0.149234772,-0.556419373,-0.129961014,0.063447952,-0.005767822,0.000008902,-0.147308230,-0.567833185,-0.121691234,0.069839187,0.000090937,0.000000000,0.000000000,0.000000000,0.000000000,0.000000000,0.000000000,0.000000000,0.000000000,0.000000000,0.000000000,0.000000000,0.000000000,0.000000000,0.000000000,0.000000000,0.000000000,0.000000000,0.000000000,-0.010125479,-0.001926541,0.011413813,-0.008269779,-0.006391235,-0.005858759,-0.009632623,-0.001448304,0.039785666,-0.000766917,-0.006211631,-0.006251050
6.659685850,-0.004409790,0.047361374,-0.016681671,-0.004794121,0.010545731,0.035857201,0.074523926,-0.157167435,-0.034240723,0.063781738,0.022659302,0.016616821,-0.004409790,0.047361374,-0.016681671,-0.005177498,0.010545731,0.036240578,0.000008902,-0.146721616,-0.568388939,-0.122308724,0.070227556,0.000090937,0.035537720,-0.134586334,-0.594293594,-0.108690262,0.077547073,0.003631592,0.000008902,-0.146721616,-0.568388939,-0.122308724,0.070227556,0.000090937,0.000000000,0.000000000,0.000000000,0.000000000,0.000000000,0.000000000,0.000000000,0.000000000,0.000000000,0.000000000,0.000000000,0.000000000,0.000000000,0.000000000,0.000000000,0.000000000,0.000000000,0.000000000,0.035528818,0.012135282,-0.025904655,0.013618462,0.007319517,0.003540655,0.036021674,0.012613520,0.002467198,0.021121324,0.007499121,0.003148364
6.669686317,-0.004794121,0.047361374,-0.016681671,-0.005177498,0.010545731,0.035857201,-0.032897949,-0.045473099,-0.024841309,-0.102725983,0.027694702,0.004531860,-0.004409790,0.047361374,-0.016681671,-0.005177498,0.010545731,0.036240578,0.000008902,-0.146721616,-0.568388939,-0.122308724,0.070227556,0.000090937,0.008560181,-0.151065826,-0.582880020,-0.137742996,0.075838089,0.024566650,0.000008902,-0.146721616,-0.568388939,-0.122308724,0.070227556,0.000090937,0.000000000,0.000000000,0.000000000,0.000000000,0.000000000,0.000000000,0.000000000,0.000000000,0.000000000,0.000000000,0.000000000,0.000000000,0.000000000,0.000000000,0.000000000,0.000000000,0.000000000,0.000000000,0.008551279,-0.004344210,-0.014491081,-0.015434273,0.005610533,0.024475714,0.009044135,-0.003865973,0.013880772,-0.007931410,0.005790137,0.024083423
6.679671288,-0.004794121,0.047361374,-0.016681671,-0.005177498,0.010545731,0.035857201,0.003356934,-0.086366653,0.043640137,-0.117496490,0.009567261,-0.044815063,-0.004794121,0.047361374,-0.016681671,-0.005177498,0.010545731,0.035857201,0.000008902,-0.146722600,-0.568387985,-0.122307688,0.070227556,0.000091970,0.010116577,-0.129093170,-0.588586807,-0.126329422,0.066865921,-0.012603760,0.000008902,-0.146722600,-0.568387985,-0.122307688,0.070227556,0.000091970,0.000000000,0.000000000,0.000000000,0.000000000,0.000000000,0.000000000,0.000000000,0.000000000,0.000000000,0.000000000,0.000000000,0.000000000,0.000000000,0.000000000,0.000000000,0.000000000,0.000000000,0.000000000,0.010107675,0.017629430,-0.020198822,-0.004021734,-0.003361635,-0.012695730,0.010600531,0.018107667,0.008173031,0.003481129,-0.003182031,-0.013088021
6.689666986,-0.004794121,0.047361374,-0.016681671,-0.005177498,0.010545731,0.035857201,0.059753418,-0.046083450,0.059753418,0.051696777,-0.007553101,0.028701782,-0.004794121,0.047361374,-0.017066002,-0.005177498,0.010545731,0.035857201,0.000008902,-0.143213391,-0.571712494,-0.122925662,0.070616879,0.000093006,0.000259399,-0.174869537,-0.600519180,-0.130998611,0.083955765,0.029693604,0.000008902,-0.143213391,-0.571712494,-0.122925662,0.070616879,0.000093006,0.000000000,0.000000000,0.000000000,0.000000000,0.000000000,0.000000000,0.000000000,0.000000000,0.000000000,0.000000000,0.000000000,0.000000000,0.000000000,0.000000000,0.000000000,0.000000000,0.000000000,0.000000000,0.000250498,-0.031656146,-0.028806686,-0.008072950,0.013338886,0.029600598,0.000743354,-0.031177909,-0.000434833,-0.000570087,0.013518490,0.029208307
6.699688673,-0.004794121,0.047361374,-0.017066002,-0.005177498,0.010545731,0.036240578,0.027526855,0.011291504,-0.156436920,-0.010070801,-0.035751343,-0.038772583,-0.004409790,0.047361374,-0.016681671,-0.005177498,0.010545731,0.035857201,0.000008902,-0.146722600,-0.568387985,-0.122307688,0.070227556,0.000091970,0.001815796,-0.141910553,-0.604150772,-0.140336990,0.062166214,-0.015594482,0.000008902,-0.146722600,-0.568387985,-0.122307688,0.070227556,0.000091970,0.000000000,0.000000000,0.000000000,0.000000000,0.000000000,0.000000000,0.000000000,0.000000000,0.000000000,0.000000000,0.000000000,0.000000000,0.000000000,0.000000000,0.000000000,0.000000000,0.000000000,0.000000000,0.001806894,0.004812047,-0.035762787,-0.018029302,-0.008061342,-0.015686452,0.002299750,0.005290284,-0.007390934,-0.010526440,-0.007881738,-0.016078743
6.709775448,-0.004794121,0.047361374,-0.016681671,-0.005177498,0.010545731,0.035857201,-0.034240723,-0.040590286,0.026184082,0.012756348,0.040786743,0.016616821,-0.004409790,0.047361374,-0.016681671,-0.005177498,0.010545731,0.035857201,0.000008902,-0.146722600,-0.568387985,-0.122307688,0.070227556,0.000091970,0.003372192,-0.156558990,-0.596368790,-0.146043777,0.066438675,0.001922607,0.000008902,-0.146722600,-0.568387985,-0.122307688,0.070227556,0.000091970,0.000000000,0.000000000,0.000000000,0.000000000,0.000000000,0.000000000,0.000000000,0.000000000,0.000000000,0.000000000,0.000000000,0.000000000,0.000000000,0.000000000,0.000000000,0.000000000,0.000000000,0.000000000,0.003363291,-0.009836391,-0.027980804,-0.023736089,-0.003788881,0.001830637,0.003856147,-0.009358153,0.000391049,-0.016233227,-0.003609277,0.001438346
6.719720602,-0.004794121,0.047361374,-0.016681671,-0.005177498,0.010545731,0.035857201,0.112121582,-0.006408691,0.004699707,-0.108097076,-0.019638062,-0.045822144,-0.004409790,0.047361374,-0.016681671,-0.005177498,0.010545731,0.035857201,0.000008902,-0.146722600,-0.568387985,-0.122307688,0.070227556,0.000091970,-0.000778198,-0.147403717,-0.574579239,-0.123216629,0.060029984,-0.001495361,0.000008902,-0.146722600,-0.568387985,-0.122307688,0.070227556,0.000091970,0.000000000,0.000000000,0.000000000,0.000000000,0.000000000,0.000000000,0.000000000,0.000000000,0.000000000,0.000000000,0.000000000,0.000000000,0.000000000,0.000000000,0.000000000,0.000000000,0.000000000,0.000000000,-0.000787100,-0.000681117,-0.006191254,-0.000908941,-0.010197572,-0.001587331,-0.000294244,-0.000202880,0.022180600,0.006593922,-0.010017969,-0.001979622
6.729692936,-0.004409790,0.047361374,-0.016681671,-0.004794121,0.010545731,0.035857201,-0.087955475,-0.096132278,0.085266113,0.097351074,-0.019638062,-0.038772583,-0.004409790,0.047361374,-0.016681671,-0.004794121,0.010545731,0.035857201,0.000008902,-0.147308230,-0.567833185,-0.121691234,0.069839187,0.000090937,0.004409790,-0.173038483,-0.596368790,-0.107652664,0.072420120,0.003204346,0.000008902,-0.147308230,-0.567833185,-0.121691234,0.069839187,0.000090937,0.000000000,0.000000000,0.000000000,0.000000000,0.000000000,0.000000000,0.000000000,0.000000000,0.000000000,0.000000000,0.000000000,0.000000000,0.000000000,0.000000000,0.000000000,0.000000000,0.000000000,0.000000000,0.004400889,-0.025730252,-0.028535604,0.014038570,0.002580933,0.003113409,0.004893744,-0.025252015,-0.000163751,0.021541433,0.002760537,0.002721118
6.739662886,-0.004409790,0.047361374,-0.016681671,-0.005177498,0.010545731,0.035857201,0.053039551,-0.075380325,-0.097354889,-0.160465240,0.024673462,-0.033737183,-0.004794121,0.047361374,-0.016681671,-0.004794121,0.010545731,0.035857201,0.000008902,-0.147308230,-0.567833185,-0.121691234,0.069839187,0.000090937,-0.017379761,-0.154727936,-0.600000381,-0.111284256,0.074556351,-0.017730713,0.000008902,-0.147308230,-0.567833185,-0.121691234,0.069839187,0.000090937,0.000000000,0.000000000,0.000000000,0.000000000,0.000000000,0.000000000,0.000000000,0.000000000,0.000000000,0.000000000,0.000000000,0.000000000,0.000000000,0.000000000,0.000000000,0.000000000,0.000000000,0.000000000,-0.017388662,-0.007419705,-0.032167196,0.010406978,0.004717164,-0.017821650,-0.016895807,-0.006941468,-0.003795343,0.017909841,0.004896767,-0.018213941
6.749762297,-0.004794121,0.047361374,-0.016681671,-0.005177498,0.010545731,0.035857201,-0.117496490,-0.080263138,0.058410645,0.007385254,-0.002517700,0.034744263,-0.004794121,0.047361374,-0.016681671,-0.005177498,0.010545731,0.035857201,0.000008902,-0.146722600,-0.568387985,-0.122307688,0.070227556,0.000091970,-0.005966187,-0.145572662,-0.596887589,-0.140855789,0.060457230,0.016876221,0.000008902,-0.146722600,-0.568387985,-0.122307688,0.070227556,0.000091970,0.000000000,0.000000000,0.000000000,0.000000000,0.000000000,0.000000000,0.000000000,0.000000000,0.000000000,0.000000000,0.000000000,0.000000000,0.000000000,0.000000000,0.000000000,0.000000000,0.000000000,0.000000000,-0.005975088,0.001149938,-0.028499603,-0.018548101,-0.009770326,0.016784251,-0.005482232,0.001628175,-0.000127750,-0.011045239,-0.009590723,0.016391960
6.759806395,-0.004409790,0.047361374,-0.017066002,-0.005177498,0.010545731,0.035857201,0.020812988,0.099184036,-0.134952545,0.031555176,0.001510620,-0.012588501,-0.004409790,0.047361374,-0.016681671,-0.005177498,0.010545731,0.035857201,0.000008902,-0.146722600,-0.568387985,-0.122307688,0.070227556,0.000091970,-0.005447388,-0.125431061,-0.627496719,-0.124254227,0.074556351,-0.021575928,0.000008902,-0.146722600,-0.568387985,-0.122307688,0.070227556,0.000091970,0.000000000,0.000000000,0.000000000,0.000000000,0.000000000,0.000000000,0.000000000,0.000000000,0.000000000,0.000000000,0.000000000,0.000000000,0.000000000,0.000000000,0.000000000,0.000000000,0.000000000,0.000000000,-0.005456289,0.021291539,-0.059108734,-0.001946539,0.004328795,-0.021667898,-0.004963433,0.021769776,-0.030736881,0.005556324,0.004508398,-0.022060189
6.769748926,-0.004409790,0.047361374,-0.017066002,-0.004794121,0.010545731,0.035857201,-0.040954590,0.030822754,0.026184082,0.106750488,-0.010574341,-0.023666382,-0.004409790,0.047361374,-0.016681671,-0.005177498,0.010545731,0.035857201,0.000008902,-0.146722600,-0.568387985,-0.122307688,0.070227556,0.000091970,-0.001296997,-0.130924225,-0.581323624,-0.138780594,0.081819534,0.003204346,0.000008902,-0.146722600,-0.568387985,-0.122307688,0.070227556,0.000091970,0.000000000,0.000000000,0.000000000,0.000000000,0.000000000,0.000000000,0.000000000,0.000000000,0.000000000,0.000000000,0.000000000,0.000000000,0.000000000,0.000000000,0.000000000,0.000000000,0.000000000,0.000000000,-0.001305899,0.015798375,-0.012935638,-0.016472906,0.011591978,0.003112376,-0.000813043,0.016276612,0.015436215,-0.008970043,0.011771582,0.002720085
6.779721975,-0.004409790,0.047361374,-0.017066002,-0.005177498,0.010545731,0.035857201,-0.101383209,-0.072938919,0.140319824,-0.075866699,0.003524780,-0.009567261,-0.004794121,0.047361374,-0.016681671,-0.005177498,0.010545731,0.036240578,0.000008902,-0.146721616,-0.568388939,-0.122308724,0.070227556,0.000090937,0.020492554,-0.156558990,-0.604669571,-0.125810623,0.072420120,-0.008758545,0.000008902,-0.146721616,-0.568388939,-0.122308724,0.070227556,0.000090937,0.000000000,0.000000000,0.000000000,0.000000000,0.000000000,0.000000000,0.000000000,0.000000000,0.000000000,0.000000000,0.000000000,0.000000000,0.000000000,0.000000000,0.000000000,0.000000000,0.000000000,0.000000000,0.020483652,-0.009837374,-0.036280632,-0.003501900,0.002192564,-0.008849482,0.020976508,-0.009359137,-0.007908779,0.004000963,0.002372168,-0.009241773
6.789695024,-0.004794121,0.047361374,-0.016681671,-0.005177498,0.010545731,0.036240578,0.079895020,-0.116884232,-0.042297363,0.006042480,0.055892944,-0.010574341,-0.004409790,0.047361374,-0.016681671,-0.005177498,0.010545731,0.036240578,0.000008902,-0.146721616,-0.568388939,-0.122308724,0.070227556,0.000090937,-0.011154175,-0.156558990,-0.598962784,-0.143449783,0.066865921,-0.005767822,0.000008902,-0.146721616,-0.568388939,-0.122308724,0.070227556,0.000090937,0.000000000,0.000000000,0.000000000,0.000000000,0.000000000,0.000000000,0.000000000,0.000000000,0.000000000,0.000000000,0.000000000,0.000000000,0.000000000,0.000000000,0.000000000,0.000000000,0.000000000,0.000000000,-0.011163076,-0.009837374,-0.030573845,-0.021141060,-0.003361635,-0.005858759,-0.010670221,-0.009359137,-0.002201992,-0.013638197,-0.003182031,-0.006251050
6.799690008,-0.004794121,0.047361374,-0.016681671,-0.005177498,0.010545731,0.036240578,0.077209473,0.066223145,0.126892090,-0.053039551,0.048843384,0.019638062,-0.004794121,0.047361374,-0.016681671,-0.005177498,0.010545731,0.035857201,0.000008902,-0.146722600,-0.568387985,-0.122307688,0.070227556,0.000091970,-0.013748169,-0.079650879,-0.618158340,-0.129442215,0.058748245,0.025421143,0.000008902,-0.146722600,-0.568387985,-0.122307688,0.070227556,0.000091970,0.000000000,0.000000000,0.000000000,0.000000000,0.000000000,0.000000000,0.000000000,0.000000000,0.000000000,0.000000000,0.000000000,0.000000000,0.000000000,0.000000000,0.000000000,0.000000000,0.000000000,0.000000000,-0.013757071,0.067071721,-0.049770355,-0.007134527,-0.011479311,0.025329173,-0.013264215,0.067549958,-0.021398502,0.000368336,-0.011299707,0.024936882
6.809700727,-0.004794121,0.047361374,-0.017066002,-0.004794121,0.010545731,0.036240578,-0.108097076,-0.083314896,-0.089298248,-0.007385254,-0.033737183,0.057907104,-0.004794121,0.047361374,-0.016681671,-0.005177498,0.010545731,0.035857201,0.000008902,-0.146722600,-0.568387985,-0.122307688,0.070227556,0.000091970,-0.008041382,-0.141910553,-0.609857559,-0.134111404,0.066438675,0.003631592,0.000008902,-0.146722600,-0.568387985,-0.122307688,0.070227556,0.000091970,0.000000000,0.000000000,0.000000000,0.000000000,0.000000000,0.000000000,0.000000000,0.000000000,0.000000000,0.000000000,0.000000000,0.000000000,0.000000000,0.000000000,0.000000000,0.000000000,0.000000000,0.000000000,-0.008050283,0.004812047,-0.041469574,-0.011803716,-0.003788881,0.003539622,-0.007557428,0.005290284,-0.013097721,-0.004300854,-0.003609277,0.003147331
6.819730282,-0.004794121,0.047361374,-0.016681671,-0.004794121,0.010545731,0.035857201,-0.110782623,0.102235794,-0.153751373,-0.040954590,-0.024673462,0.016616821,-0.004409790,0.047361374,-0.016681671,-0.005177498,0.010545731,0.035857201,0.000008902,-0.146722600,-0.568387985,-0.122307688,0.070227556,0.000091970,0.002853394,-0.152896881,-0.625421524,-0.120103836,0.076265335,0.015167236,0.000008902,-0.146722600,-0.568387985,-0.122307688,0.070227556,0.000091970,0.000000000,0.000000000,0.000000000,0.000000000,0.000000000,0.000000000,0.000000000,0.000000000,0.000000000,0.000000000,0.000000000,0.000000000,0.000000000,0.000000000,0.000000000,0.000000000,0.000000000,0.000000000,0.002844492,-0.006174281,-0.057033539,0.002203852,0.006037779,0.015075266,0.003337348,-0.005696044,-0.028661685,0.009706714,0.006217383,0.014682975
6.829689264,-0.004794121,0.047361374,-0.016681671,-0.004794121,0.010545731,0.036240578,-0.047668457,-0.082094193,-0.050354004,0.053039551,0.028701782,0.000503540,-0.004794121,0.047361374,-0.017066002,-0.005177498,0.010545731,0.035857201,0.000008902,-0.143213391,-0.571712494,-0.122925662,0.070616879,0.000093006,-0.018417358,-0.118106842,-0.587549210,-0.151750565,0.076692581,0.020294189,0.000008902,-0.143213391,-0.571712494,-0.122925662,0.070616879,0.000093006,0.000000000,0.000000000,0.000000000,0.000000000,0.000000000,0.000000000,0.000000000,0.000000000,0.000000000,0.000000000,0.000000000,0.000000000,0.000000000,0.000000000,0.000000000,0.000000000,0.000000000,0.000000000,-0.018426260,0.025106549,-0.015836716,-0.028824903,0.006075703,0.020201184,-0.017933404,0.025584787,0.012535138,-0.021322041,0.006255306,0.019808893
6.839687824,-0.004409790,0.047361374,-0.016681671,-0.005177498,0.010545731,0.035857201,0.054382324,0.003967285,0.015441895,-0.046325684,0.000503540,-0.004531860,-0.004409790,0.047361374,-0.016681671,-0.004794121,0.010545731,0.035857201,0.000008902,-0.147308230,-0.567833185,-0.121691234,0.069839187,0.000090937,0.016860962,-0.129093170,-0.609857559,-0.153306961,0.061311722,0.011749268,0.000008902,-0.147308230,-0.567833185,-0.121691234,0.069839187,0.000090937,0.000000000,0.000000000,0.000000000,0.000000000,0.000000000,0.000000000,0.000000000,0.000000000,0.000000000,0.000000000,0.000000000,0.000000000,0.000000000,0.000000000,0.000000000,0.000000000,0.000000000,0.000000000,0.016852060,0.018215060,-0.042024374,-0.031615727,-0.008527465,0.011658331,0.017344916,0.018693298,-0.013652521,-0.024112864,-0.008347862,0.011266040
6.849690199,-0.004409790,0.047361374,-0.016681671,-0.005177498,0.010545731,0.035857201,0.171203613,-0.054628372,0.062438965,-0.117496490,-0.007553101,-0.028701782,-0.004794121,0.047361374,-0.016681671,-0.004794121,0.010545731,0.036240578,0.000008902,-0.147307247,-0.567834139,-0.121692270,0.069839187,0.000089904,-0.000778198,-0.162052155,-0.610895157,-0.150194168,0.060457230,0.001495361,0.000008902,-0.147307247,-0.567834139,-0.121692270,0.069839187,0.000089904,0.000000000,0.000000000,0.000000000,0.000000000,0.000000000,0.000000000,0.000000000,0.000000000,0.000000000,0.000000000,0.000000000,0.000000000,0.000000000,0.000000000,0.000000000,0.000000000,0.000000000,0.000000000,-0.000787100,-0.014744908,-0.043061018,-0.028501898,-0.009381957,0.001405458,-0.000294244,-0.014266670,-0.014689165,-0.020999036,-0.009202354,0.001013167
6.859667301,-0.004409790,0.047361374,-0.016681671,-0.005177498,0.010545731,0.035857201,0.091979980,-0.146791458,0.078552246,0.012756348,-0.008560181,0.084091187,-0.004409790,0.047361374,-0.016681671,-0.005177498,0.010545731,0.035857201,0.000008902,-0.146722600,-0.568387985,-0.122307688,0.070227556,0.000091970,0.000259399,-0.167545319,-0.588586807,-0.127367020,0.077547073,-0.002777100,0.000008902,-0.146722600,-0.568387985,-0.122307688,0.070227556,0.000091970,0.000000000,0.000000000,0.000000000,0.000000000,0.000000000,0.000000000,0.000000000,0.000000000,0.000000000,0.000000000,0.000000000,0.000000000,0.000000000,0.000000000,0.000000000,0.000000000,0.000000000,0.000000000,0.000250498,-0.020822719,-0.020198822,-0.005059332,0.007319517,-0.002869070,0.000743354,-0.020344481,0.008173031,0.002443531,0.007499121,-0.003261361
6.869688272,-0.004409790,0.047361374,-0.016681671,-0.005177498,0.010545731,0.035857201,0.098693848,-0.028991699,0.035583496,-0.032897949,-0.004531860,-0.019638062,-0.004794121,0.047361374,-0.016681671,-0.005177498,0.010545731,0.036240578,0.000008902,-0.146721616,-0.568388939,-0.122308724,0.070227556,0.000090937,-0.018936157,-0.151065826,-0.610376358,-0.132555008,0.082246780,-0.011322021,0.000008902,-0.146721616,-0.568388939,-0.122308724,0.070227556,0.000090937,0.000000000,0.000000000,0.000000000,0.000000000,0.000000000,0.000000000,0.000000000,0.000000000,0.000000000,0.000000000,0.000000000,0.000000000,0.000000000,0.000000000,0.000000000,0.000000000,0.000000000,0.000000000,-0.018945059,-0.004344210,-0.041987419,-0.010246284,0.012019224,-0.011412958,-0.018452203,-0.003865973,-0.013615566,-0.002743422,0.012198828,-0.011805249
6.879716635,-0.004794121,0.047361374,-0.017066002,-0.005177498,0.010545731,0.035857201,0.010070801,-0.018005371,-0.063781738,-0.022155762,-0.046829224,-0.007553101,-0.004794121,0.047361374,-0.016681671,-0.005177498,0.010545731,0.036240578,0.000008902,-0.146721616,-0.568388939,-0.122308724,0.070227556,0.000090937,-0.005966187,-0.176700592,-0.590662003,-0.132036209,0.078828812,-0.005767822,0.000008902,-0.146721616,-0.568388939,-0.122308724,0.070227556,0.000090937,0.000000000,0.000000000,0.000000000,0.000000000,0.000000000,0.000000000,0.000000000,0.000000000,0.000000000,0.000000000,0.000000000,0.000000000,0.000000000,0.000000000,0.000000000,0.000000000,0.000000000,0.000000000,-0.005975088,-0.029978976,-0.022273064,-0.009727485,0.008601256,-0.005858759,-0.005482232,-0.029500738,0.006098790,-0.002224623,0.008780859,-0.006251050
6.889688730,-0.004794121,0.047361374,-0.017066002,-0.005177498,0.010545731,0.035857201,-0.073181152,-0.004577637,0.061096191,-0.035583496,0.039779663,-0.015609741,-0.004794121,0.047361374,-0.017066002,-0.005177498,0.010545731,0.035857201,0.000008902,-0.143213391,-0.571712494,-0.122925662,0.070616879,0.000093006,-0.006484985,-0.152896881,-0.606744766,-0.130479813,0.069002151,0.002349854,0.000008902,-0.143213391,-0.571712494,-0.122925662,0.070616879,0.000093006,0.000000000,0.000000000,0.000000000,0.000000000,0.000000000,0.000000000,0.000000000,0.000000000,0.000000000,0.000000000,0.000000000,0.000000000,0.000000000,0.000000000,0.000000000,0.000000000,0.000000000,0.000000000,-0.006493887,-0.009683490,-0.035032272,-0.007554151,-0.001614727,0.002256848,-0.006001031,-0.009205252,-0.006660419,-0.000051289,-0.001435123,0.001864557
6.899689436,-0.004794121,0.047361374,-0.016681671,-0.005177498,0.010545731,0.035857201,-0.054382324,-0.032653809,0.030212402,-0.087955475,-0.016616821,-0.005538940,-0.004794121,0.047361374,-0.016681671,-0.005177498,0.010930061,0.035857201,0.000008902,-0.146352738,-0.568738401,-0.122697018,0.070227258,0.000091969,-0.014785767,-0.169376373,-0.603631973,-0.110765457,0.078401566,0.078401566,0.000008902,-0.146352738,-0.568738401,-0.122697018,0.070227258,0.000091969,0.000000000,0.000000000,0.000000000,0.000000000,0.000000000,0.000000000,0.000000000,0.000000000,0.000000000,0.000000000,0.000000000,0.000000000,0.000000000,0.000000000,0.000000000,0.000000000,0.000000000,0.000000000,-0.014794668,-0.023023635,-0.034893572,0.011931561,0.008174308,0.078309596,-0.014301813,-0.022545398,-0.006521719,0.019434423,0.008353911,0.077917305
6.909670591,-0.004409790,0.047361374,-0.016681671,-0.005177498,0.010545731,0.035857201,-0.011413574,-0.029602051,-0.089298248,-0.117496490,0.011581421,0.002517700,-0.004409790,0.047361374,-0.016681671,-0.005177498,0.010930061,0.036240578,0.000008902,-0.146351755,-0.568739355,-0.122698054,0.070227258,0.000090936,-0.005966187,-0.105285645,-0.590662003,-0.145524979,0.080965042,-0.012603760,0.000008902,-0.146351755,-0.568739355,-0.122698054,0.070227258,0.000090936,0.000000000,0.000000000,0.000000000,0.000000000,0.000000000,0.000000000,0.000000000,0.000000000,0.000000000,0.000000000,0.000000000,0.000000000,0.000000000,0.000000000,0.000000000,0.000000000,0.000000000,0.000000000,-0.005975088,0.041066110,-0.021922648,-0.022826925,0.010737784,-0.012694696,-0.005482232,0.041544348,0.006449205,-0.015324062,0.010917388,-0.013086987
6.919689178,-0.004409790,0.047361374,-0.016681671,-0.005177498,0.010545731,0.035857201,0.112121582,0.127260208,0.054382324,-0.110782623,0.022659302,-0.014602661,-0.004409790,0.047361374,-0.017066002,-0.004794121,0.010930061,0.035857201,0.000008901,-0.143429145,-0.571508110,-0.122698553,0.070228226,0.000091972,0.005966187,-0.160221100,-0.611413956,-0.109209061,0.069429398,0.004913330,0.000008901,-0.143429145,-0.571508110,-0.122698553,0.070228226,0.000091972,0.000000000,0.000000000,0.000000000,0.000000000,0.000000000,0.000000000,0.000000000,0.000000000,0.000000000,0.000000000,0.000000000,0.000000000,0.000000000,0.000000000,0.000000000,0.000000000,0.000000000,0.000000000,0.005957285,-0.016791955,-0.039905846,0.013489492,-0.000798829,0.004821358,0.006450141,-0.016313717,-0.011533993,0.020992355,-0.000619225,0.004429067
6.929692984,-0.004409790,0.047361374,-0.017066002,-0.005177498,0.010545731,0.035857201,-0.028869629,0.069274902,-0.038269043,0.026184082,0.030715942,0.014602661,-0.004409790,0.047361374,-0.016681671,-0.005177498,0.010545731,0.036240578,0.000008902,-0.146721616,-0.568388939,-0.122308724,0.070227556,0.000090937,-0.002853394,-0.169376373,-0.587549210,-0.131517410,0.081392288,-0.004913330,0.000008902,-0.146721616,-0.568388939,-0.122308724,0.070227556,0.000090937,0.000000000,0.000000000,0.000000000,0.000000000,0.000000000,0.000000000,0.000000000,0.000000000,0.000000000,0.000000000,0.000000000,0.000000000,0.000000000,0.000000000,0.000000000,0.000000000,0.000000000,0.000000000,-0.002862295,-0.022654757,-0.019160271,-0.009208687,0.011164732,-0.005004267,-0.002369439,-0.022176519,0.009211583,-0.001705824,0.011344336,-0.005396558
6.939691782,-0.004409790,0.047361374,-0.016681671,-0.004794121,0.010545731,0.036240578,0.020812988,-0.007019043,-0.003356934,0.004699707,-0.000503540,0.058914185,-0.004409790,0.047361374,-0.016681671,-0.004794121,0.010545731,0.035857201,0.000008902,-0.147308230,-0.567833185,-0.121691234,0.069839187,0.000090937,-0.005966187,-0.129093170,-0.640466690,-0.114915848,0.066011429,-0.007476807,0.000008902,-0.147308230,-0.567833185,-0.121691234,0.069839187,0.000090937,0.000000000,0.000000000,0.000000000,0.000000000,0.000000000,0.000000000,0.000000000,0.000000000,0.000000000,0.000000000,0.000000000,0.000000000,0.000000000,0.000000000,0.000000000,0.000000000,0.000000000,0.000000000,-0.005975088,0.018215060,-0.072633505,0.006775387,-0.003827758,-0.007567743,-0.005482232,0.018693298,-0.044261652,0.014278249,-0.003648155,-0.007960034
6.949690819,-0.004794121,0.047361374,-0.016681671,-0.005177498,0.010545731,0.035857201,-0.081237793,-0.061952591,0.006042480,-0.140323639,0.066970825,0.008560181,-0.004409790,0.047361374,-0.016681671,-0.004794121,0.010545731,0.035857201,0.000008902,-0.147308230,-0.567833185,-0.121691234,0.069839187,0.000090937,-0.000778198,-0.147403717,-0.596887589,-0.125291824,0.074556351,-0.010040283,0.000008902,-0.147308230,-0.567833185,-0.121691234,0.069839187,0.000090937,0.000000000,0.000000000,0.000000000,0.000000000,0.000000000,0.000000000,0.000000000,0.000000000,0.000000000,0.000000000,0.000000000,0.000000000,0.000000000,0.000000000,0.000000000,0.000000000,0.000000000,0.000000000,-0.000787100,-0.000095487,-0.029054403,-0.003600590,0.004717164,-0.010131220,-0.000294244,0.000382751,-0.000682550,0.003902273,0.004896767,-0.010523511
6.959716797,-0.004794121,0.047361374,-0.016681671,-0.005177498,0.010545731,0.035857201,-0.057067871,0.045471191,-0.011413574,-0.086612701,0.032730103,-0.026687622,-0.004409790,0.047361374,-0.016681671,-0.004794121,0.010545731,0.035857201,0.000008902,-0.147308230,-0.567833185,-0.121691234,0.069839187,0.000090937,-0.002334595,-0.125431061,-0.578729630,-0.097276688,0.066011429,0.009613037,0.000008902,-0.147308230,-0.567833185,-0.121691234,0.069839187,0.000090937,0.000000000,0.000000000,0.000000000,0.000000000,0.000000000,0.000000000,0.000000000,0.000000000,0.000000000,0.000000000,0.000000000,0.000000000,0.000000000,0.000000000,0.000000000,0.000000000,0.000000000,0.000000000,-0.002343496,0.021877170,-0.010896444,0.024414547,-0.003827758,0.009522100,-0.001850641,0.022355407,0.017475409,0.031917409,-0.003648155,0.009129809
6.969809771,-0.004409790,0.047361374,-0.016681671,-0.005177498,0.010545731,0.036240578,0.070495605,-0.048524857,-0.042297363,0.019470215,-0.086109161,0.041793823,-0.004794121,0.047361374,-0.016681671,-0.005177498,0.010545731,0.036240578,0.000008902,-0.146721616,-0.568388939,-0.122308724,0.070227556,0.000090937,-0.002334595,-0.152896881,-0.593255997,-0.121141434,0.070711136,-0.016876221,0.000008902,-0.146721616,-0.568388939,-0.122308724,0.070227556,0.000090937,0.000000000,0.000000000,0.000000000,0.000000000,0.000000000,0.000000000,0.000000000,0.000000000,0.000000000,0.000000000,0.000000000,0.000000000,0.000000000,0.000000000,0.000000000,0.000000000,0.000000000,0.000000000,-0.002343496,-0.006175265,-0.024867058,0.001167290,0.000483580,-0.016967157,-0.001850641,-0.005697027,0.003504796,0.008670152,0.000663184,-0.017359448
6.979688644,-0.004794121,0.047361374,-0.016681671,-0.005177498,0.010545731,0.035857201,0.002014160,-0.070497513,-0.026184082,0.032897949,-0.046829224,0.080062866,-0.004794121,0.047361374,-0.017066002,-0.005177498,0.010545731,0.035857201,0.000008902,-0.143213391,-0.571712494,-0.122925662,0.070616879,0.000093006,-0.010116577,-0.143741608,-0.604150772,-0.139299393,0.073701859,-0.008758545,0.000008902,-0.143213391,-0.571712494,-0.122925662,0.070616879,0.000093006,0.000000000,0.000000000,0.000000000,0.000000000,0.000000000,0.000000000,0.000000000,0.000000000,0.000000000,0.000000000,0.000000000,0.000000000,0.000000000,0.000000000,0.000000000,0.000000000,0.000000000,0.000000000,-0.010125479,-0.000528216,-0.032438278,-0.016373731,0.003084980,-0.008851551,-0.009632623,-0.000049979,-0.004066425,-0.008870869,0.003264584,-0.009243842
6.989721537,-0.004409790,0.047361374,-0.016681671,-0.005177498,0.010545731,0.035857201,0.036926270,-0.068056107,0.042297363,-0.071838379,-0.054885864,-0.003524780,-0.004409790,0.047361374,-0.016681671,-0.005177498,0.010545731,0.035857201,0.000008902,-0.146722600,-0.568387985,-0.122307688,0.070227556,0.000091970,0.008041382,-0.134586334,-0.596887589,-0.073930740,0.069856644,0.014312744,0.000008902,-0.146722600,-0.568387985,-0.122307688,0.070227556,0.000091970,0.000000000,0.000000000,0.000000000,0.000000000,0.000000000,0.000000000,0.000000000,0.000000000,0.000000000,0.000000000,0.000000000,0.000000000,0.000000000,0.000000000,0.000000000,0.000000000,0.000000000,0.000000000,0.008032480,0.012136266,-0.028499603,0.048376948,-0.000370912,0.014220774,0.008525336,0.012614503,-0.000127750,0.055879810,-0.000191309,0.013828483
6.999687672,-0.004409790,0.047361374,-0.016681671,-0.005177498,0.010545731,0.035857201,-0.074523926,-0.020446777,0.070495605,-0.007385254,-0.010574341,-0.052871704,-0.004794121,0.047361374,-0.016681671,-0.004794121,0.010545731,0.035857201,0.000008902,-0.147308230,-0.567833185,-0.121691234,0.069839187,0.000090937,-0.001815796,-0.147403717,-0.603113174,-0.126848221,0.056184769,-0.000640869,0.000008902,-0.147308230,-0.567833185,-0.121691234,0.069839187,0.000090937,0.000000000,0.000000000,0.000000000,0.000000000,0.000000000,0.000000000,0.000000000,0.000000000,0.000000000,0.000000000,0.000000000,0.000000000,0.000000000,0.000000000,0.000000000,0.000000000,0.000000000,0.000000000,-0.001824698,-0.000095487,-0.035279989,-0.005156986,-0.013654418,-0.000731806,-0.001331842,0.000382751,-0.006908136,0.002345876,-0.013474815,-0.001124097
7.009687185,-0.004794121,0.047361374,-0.016681671,-0.005177498,0.010545731,0.036240578,-0.049011230,0.041809082,0.172550201,0.022155762,-0.005538940,0.024673462,-0.004409790,0.047361374,-0.016681671,-0.004794121,0.010545731,0.036240578,0.000008902,-0.147307247,-0.567834139,-0.121692270,0.069839187,0.000089904,-0.009078979,-0.138248444,-0.582361221,-0.120622635,0.074556351,-0.003204346,0.000008902,-0.147307247,-0.567834139,-0.121692270,0.069839187,0.000089904,0.000000000,0.000000000,0.000000000,0.000000000,0.000000000,0.000000000,0.000000000,0.000000000,0.000000000,0.000000000,0.000000000,0.000000000,0.000000000,0.000000000,0.000000000,0.000000000,0.000000000,0.000000000,-0.009087881,0.009058803,-0.014527082,0.001069635,0.004717164,-0.003294249,-0.008595025,0.009537041,0.013844771,0.008572498,0.004896767,-0.003686540
7.019666910,-0.004794121,0.047361374,-0.017066002,-0.005177498,0.010545731,0.035857201,-0.118839264,-0.023498535,-0.022155762,-0.027526855,-0.046829224,0.002517700,-0.004409790,0.047361374,-0.017066002,-0.005177498,0.010545731,0.035857201,0.000008901,-0.143213391,-0.571712494,-0.122925662,0.070616879,0.000093006,0.004409790,-0.163883209,-0.590662003,-0.143449783,0.066865921,0.000213623,0.000008901,-0.143213391,-0.571712494,-0.122925662,0.070616879,0.000093006,0.000000000,0.000000000,0.000000000,0.000000000,0.000000000,0.000000000,0.000000000,0.000000000,0.000000000,0.000000000,0.000000000,0.000000000,0.000000000,0.000000000,0.000000000,0.000000000,0.000000000,0.000000000,0.004400889,-0.020669818,-0.018949509,-0.020524122,-0.003750958,0.000120617,0.004893744,-0.020191581,0.009422345,-0.013021259,-0.003571354,-0.000271674
7.029686689,-0.004409790,0.047361374,-0.016681671,-0.005177498,0.010545731,0.035857201,-0.012756348,0.125429153,0.171203613,-0.101383209,-0.003524780,0.007553101,-0.004409790,0.047361374,-0.016681671,-0.005177498,0.010545731,0.036240578,0.000008902,-0.146721616,-0.568388939,-0.122308724,0.070227556,0.000090937,0.000259399,-0.143741608,-0.594812393,-0.133073807,0.067720413,-0.019866943,0.000008902,-0.146721616,-0.568388939,-0.122308724,0.070227556,0.000090937,0.000000000,0.000000000,0.000000000,0.000000000,0.000000000,0.000000000,0.000000000,0.000000000,0.000000000,0.000000000,0.000000000,0.000000000,0.000000000,0.000000000,0.000000000,0.000000000,0.000000000,0.000000000,0.000250498,0.002980009,-0.026423454,-0.010765083,-0.002507143,-0.019957880,0.000743354,0.003458246,0.001948399,-0.003262221,-0.002327539,-0.020350171
7.039688826,-0.004794121,0.047361374,-0.016681671,-0.005177498,0.010545731,0.035857201,0.104064941,0.015563965,0.036926270,-0.020812988,-0.031723022,0.010574341,-0.004409790,0.047361374,-0.016681671,-0.005177498,0.010545731,0.035857201,0.000008902,-0.146722600,-0.568387985,-0.122307688,0.070227556,0.000091970,-0.004409790,-0.162052155,-0.584436417,-0.153825760,0.063447952,-0.002777100,0.000008902,-0.146722600,-0.568387985,-0.122307688,0.070227556,0.000091970,0.000000000,0.000000000,0.000000000,0.000000000,0.000000000,0.000000000,0.000000000,0.000000000,0.000000000,0.000000000,0.000000000,0.000000000,0.000000000,0.000000000,0.000000000,0.000000000,0.000000000,0.000000000,-0.004418692,-0.015329555,-0.016048431,-0.031518072,-0.006779604,-0.002869070,-0.003925836,-0.014851317,0.012323422,-0.024015209,-0.006600000,-0.003261361
7.049687147,-0.004794121,0.047361374,-0.016681671,-0.005177498,0.010545731,0.036240578,-0.086612701,0.088197708,0.059753418,0.044982910,-0.013595581,0.034744263,-0.004409790,0.047361374,-0.017066002,-0.005177498,0.010545731,0.035857201,0.000008901,-0.143213391,-0.571712494,-0.122925662,0.070616879,0.000093006,0.013748169,-0.140079498,-0.587030411,-0.133073807,0.079683304,0.000640869,0.000008901,-0.143213391,-0.571712494,-0.122925662,0.070616879,0.000093006,0.000000000,0.000000000,0.000000000,0.000000000,0.000000000,0.000000000,0.000000000,0.000000000,0.000000000,0.000000000,0.000000000,0.000000000,0.000000000,0.000000000,0.000000000,0.000000000,0.000000000,0.000000000,0.013739267,0.003133893,-0.015317917,-0.010148145,0.009066425,0.000547863,0.014232123,0.003612130,0.013053936,-0.002645283,0.009246029,0.000155572
7.059695244,-0.004794121,0.047361374,-0.016681671,-0.005177498,0.010545731,0.035857201,-0.054382324,0.123598099,-0.018127441,-0.018127441,0.029708862,0.004531860,-0.004409790,0.047361374,-0.017066002,-0.005177498,0.010545731,0.035857201,0.000008901,-0.143213391,-0.571712494,-0.122925662,0.070616879,0.000093006,-0.014785767,-0.151065826,-0.596887589,-0.124773026,0.082674026,-0.010467529,0.000008901,-0.143213391,-0.571712494,-0.122925662,0.070616879,0.000093006,0.000000000,0.000000000,0.000000000,0.000000000,0.000000000,0.000000000,0.000000000,0.000000000,0.000000000,0.000000000,0.000000000,0.000000000,0.000000000,0.000000000,0.000000000,0.000000000,0.000000000,0.000000000,-0.014794668,-0.007852435,-0.025175095,-0.001847364,0.012057148,-0.010560535,-0.014301812,-0.007374198,0.003196759,0.005655499,0.012236752,-0.010952826
7.069686890,-0.004409790,0.047361374,-0.017066002,-0.005177498,0.010545731,0.036240578,0.015441895,0.079652786,-0.075866699,0.000671387,0.006546021,0.034744263,-0.004794121,0.047361374,-0.016681671,-0.005177498,0.010545731,0.035857201,0.000008902,-0.146722600,-0.568387985,-0.122307688,0.070227556,0.000091970,0.005966187,-0.174869537,-0.597406387,-0.130998611,0.067720413,0.005340576,0.000008902,-0.146722600,-0.568387985,-0.122307688,0.070227556,0.000091970,0.000000000,0.000000000,0.000000000,0.000000000,0.000000000,0.000000000,0.000000000,0.000000000,0.000000000,0.000000000,0.000000000,0.000000000,0.000000000,0.000000000,0.000000000,0.000000000,0.000000000,0.000000000,0.005957285,-0.028146937,-0.029018402,-0.008690923,-0.002507143,0.005248606,0.006450141,-0.027668700,-0.000646549,-0.001188061,-0.002327539,0.004856315
7.079717875,-0.004794121,0.047361374,-0.016681671,-0.005177498,0.010545731,0.035857201,-0.061096191,-0.053407669,0.024841309,-0.063781738,-0.010574341,0.029708862,-0.004409790,0.047361374,-0.016681671,-0.004794121,0.010545731,0.035857201,0.000008902,-0.147308230,-0.567833185,-0.121691234,0.069839187,0.000090937,-0.006484985,-0.178531647,-0.598443985,-0.113359451,0.073701859,-0.018157959,0.000008902,-0.147308230,-0.567833185,-0.121691234,0.069839187,0.000090937,0.000000000,0.000000000,0.000000000,0.000000000,0.000000000,0.000000000,0.000000000,0.000000000,0.000000000,0.000000000,0.000000000,0.000000000,0.000000000,0.000000000,0.000000000,0.000000000,0.000000000,0.000000000,-0.006493887,-0.031223416,-0.030610800,0.008331783,0.003862672,-0.018248896,-0.006001031,-0.030745179,-0.002238946,0.015834646,0.004042275,-0.018641187
7.089664221,-0.004794121,0.047361374,-0.017066002,-0.005177498,0.010545731,0.036240578,-0.023498535,-0.060121536,-0.089298248,0.091979980,0.037765503,-0.010574341,-0.004794121,0.047361374,-0.017066002,-0.005177498,0.010545731,0.035857201,0.000008902,-0.143213391,-0.571712494,-0.122925662,0.070616879,0.000093006,-0.000259399,-0.130924225,-0.601556778,-0.146562576,0.070283890,-0.003631592,0.000008902,-0.143213391,-0.571712494,-0.122925662,0.070616879,0.000093006,0.000000000,0.000000000,0.000000000,0.000000000,0.000000000,0.000000000,0.000000000,0.000000000,0.000000000,0.000000000,0.000000000,0.000000000,0.000000000,0.000000000,0.000000000,0.000000000,0.000000000,0.000000000,-0.000268301,0.012289166,-0.029844284,-0.023636915,-0.000332989,-0.003724597,0.000224555,0.012767404,-0.001472431,-0.016134052,-0.000153385,-0.004116888
7.099687099,-0.004409790,0.047361374,-0.016681671,-0.005177498,0.010545731,0.035857201,0.126892090,0.075378418,0.054382324,-0.018127441,-0.036758423,-0.031723022,-0.004794121,0.047361374,-0.016681671,-0.005177498,0.010545731,0.035857201,0.000008902,-0.146722600,-0.568387985,-0.122307688,0.070227556,0.000091970,-0.013748169,-0.132755280,-0.605188370,-0.138261795,0.065584183,-0.000640869,0.000008902,-0.146722600,-0.568387985,-0.122307688,0.070227556,0.000091970,0.000000000,0.000000000,0.000000000,0.000000000,0.000000000,0.000000000,0.000000000,0.000000000,0.000000000,0.000000000,0.000000000,0.000000000,0.000000000,0.000000000,0.000000000,0.000000000,0.000000000,0.000000000,-0.013757071,0.013967320,-0.036800385,-0.015954107,-0.004643373,-0.000732839,-0.013264215,0.014445558,-0.008428531,-0.008451245,-0.004463770,-0.001125130
7.109686375,-0.004794121,0.047361374,-0.016681671,-0.005177498,0.010545731,0.035857201,-0.027526855,-0.024108887,0.053039551,-0.050354004,0.003524780,-0.022659302,-0.004794121,0.047361374,-0.016681671,-0.005177498,0.010545731,0.035857201,0.000008902,-0.146722600,-0.568387985,-0.122307688,0.070227556,0.000091970,-0.017898560,-0.141910553,-0.619195938,-0.146043777,0.072420120,0.009613037,0.000008902,-0.146722600,-0.568387985,-0.122307688,0.070227556,0.000091970,0.000000000,0.000000000,0.000000000,0.000000000,0.000000000,0.000000000,0.000000000,0.000000000,0.000000000,0.000000000,0.000000000,0.000000000,0.000000000,0.000000000,0.000000000,0.000000000,0.000000000,0.000000000,-0.017907461,0.004812047,-0.050807953,-0.023736089,0.002192564,0.009521067,-0.017414606,0.005290284,-0.022436100,-0.016233227,0.002372168,0.009128776
7.119719267,-0.004409790,0.047361374,-0.016681671,-0.004794121,0.010545731,0.035857201,0.032897949,-0.070497513,-0.003356934,0.042297363,0.044815063,-0.058914185,-0.004794121,0.047361374,-0.017066002,-0.005177498,0.010545731,0.036240578,0.000008902,-0.143212408,-0.571713448,-0.122926690,0.070616879,0.000091972,-0.008041382,-0.134586334,-0.603631973,-0.142930984,0.066011429,-0.010894775,0.000008902,-0.143212408,-0.571713448,-0.122926690,0.070616879,0.000091972,0.000000000,0.000000000,0.000000000,0.000000000,0.000000000,0.000000000,0.000000000,0.000000000,0.000000000,0.000000000,0.000000000,0.000000000,0.000000000,0.000000000,0.000000000,0.000000000,0.000000000,0.000000000,-0.008050283,0.008626074,-0.031918526,-0.020004295,-0.004605450,-0.010986748,-0.007557428,0.009104311,-0.003546672,-0.012501432,-0.004425846,-0.011379039
7.129685640,-0.004794121,0.047361374,-0.016681671,-0.004794121,0.010545731,0.036240578,-0.035583496,0.005187988,0.086608887,0.098693848,-0.029708862,0.013595581,-0.004409790,0.047361374,-0.016681671,-0.005177498,0.010545731,0.035857201,0.000008902,-0.146722600,-0.568387985,-0.122307688,0.070227556,0.000091970,0.015823364,-0.118106842,-0.620233536,-0.137742996,0.068147659,-0.011749268,0.000008902,-0.146722600,-0.568387985,-0.122307688,0.070227556,0.000091970,0.000000000,0.000000000,0.000000000,0.000000000,0.000000000,0.000000000,0.000000000,0.000000000,0.000000000,0.000000000,0.000000000,0.000000000,0.000000000,0.000000000,0.000000000,0.000000000,0.000000000,0.000000000,0.015814463,0.028615758,-0.051845551,-0.015435308,-0.002079897,-0.011841238,0.016307318,0.029093995,-0.023473697,-0.007932446,-0.001900293,-0.012233529
7.139685392,-0.004409790,0.047361374,-0.016681671,-0.005177498,0.010545731,0.036240578,-0.120182037,0.041198730,0.078552246,-0.077209473,-0.023666382,-0.001510620,-0.004794121,0.047361374,-0.016681671,-0.005177498,0.010545731,0.035857201,0.000008902,-0.146722600,-0.568387985,-0.122307688,0.070227556,0.000091970,0.007003784,-0.125431061,-0.603631973,-0.151231766,0.077119827,-0.011322021,0.000008902,-0.146722600,-0.568387985,-0.122307688,0.070227556,0.000091970,0.000000000,0.000000000,0.000000000,0.000000000,0.000000000,0.000000000,0.000000000,0.000000000,0.000000000,0.000000000,0.000000000,0.000000000,0.000000000,0.000000000,0.000000000,0.000000000,0.000000000,0.000000000,0.006994883,0.021291539,-0.035243988,-0.028924078,0.006892271,-0.011413991,0.007487738,0.021769776,-0.006872135,-0.021421215,0.007071875,-0.011806282
7.149719238,-0.004409790,0.047361374,-0.017066002,-0.005177498,0.010545731,0.035857201,0.049011230,0.047912598,-0.034240723,-0.125553131,-0.043807983,-0.078052521,-0.004794121,0.047361374,-0.016681671,-0.004794121,0.010545731,0.036240578,0.000008902,-0.147307247,-0.567834139,-0.121692270,0.069839187,0.000089904,-0.017898560,-0.173038483,-0.600000381,-0.142930984,0.070283890,-0.005767822,0.000008902,-0.147307247,-0.567834139,-0.121692270,0.069839187,0.000089904,0.000000000,0.000000000,0.000000000,0.000000000,0.000000000,0.000000000,0.000000000,0.000000000,0.000000000,0.000000000,0.000000000,0.000000000,0.000000000,0.000000000,0.000000000,0.000000000,0.000000000,0.000000000,-0.017907461,-0.025731236,-0.032166243,-0.021238714,0.000444703,-0.005857726,-0.017414606,-0.025252998,-0.003794389,-0.013735852,0.000624306,-0.006250017
7.159713507,-0.004409790,0.047361374,-0.016681671,-0.005177498,0.010545731,0.035857201,0.066467285,0.033264160,0.065124512,-0.050354004,0.041793823,0.007553101,-0.004794121,0.047361374,-0.017066002,-0.005177498,0.010545731,0.036240578,0.000008902,-0.143212408,-0.571713448,-0.122926690,0.070616879,0.000091972,-0.002334595,-0.162052155,-0.597925186,-0.134630203,0.061311722,0.004913330,0.000008902,-0.143212408,-0.571713448,-0.122926690,0.070616879,0.000091972,0.000000000,0.000000000,0.000000000,0.000000000,0.000000000,0.000000000,0.000000000,0.000000000,0.000000000,0.000000000,0.000000000,0.000000000,0.000000000,0.000000000,0.000000000,0.000000000,0.000000000,0.000000000,-0.002343496,-0.018839747,-0.026211739,-0.011703514,-0.009305157,0.004821358,-0.001850641,-0.018361509,0.002160115,-0.004200651,-0.009125553,0.004429067
7.169687510,-0.004409790,0.047361374,-0.016681671,-0.005177498,0.010545731,0.036240578,-0.070495605,-0.011901855,-0.144351959,-0.094669342,-0.037765503,-0.011581421,-0.004409790,0.047361374,-0.016681671,-0.004794121,0.010545731,0.036240578,0.000008902,-0.147307247,-0.567834139,-0.121692270,0.069839187,0.000089904,0.013229370,-0.156558990,-0.585992813,-0.115953445,0.063447952,-0.001495361,0.000008902,-0.147307247,-0.567834139,-0.121692270,0.069839187,0.000089904,0.000000000,0.000000000,0.000000000,0.000000000,0.000000000,0.000000000,0.000000000,0.000000000,0.000000000,0.000000000,0.000000000,0.000000000,0.000000000,0.000000000,0.000000000,0.000000000,0.000000000,0.000000000,0.013220469,-0.009251744,-0.018158674,0.005738825,-0.006391235,-0.001585265,0.013713324,-0.008773506,0.010213179,0.013241687,-0.006211631,-0.001977556
7.179691076,-0.004409790,0.047361374,-0.016681671,-0.005177498,0.010545731,0.035857201,0.155090332,-0.123598099,0.006042480,0.081237793,-0.016616821,-0.020645142,-0.004794121,0.047361374,-0.016681671,-0.005177498,0.010545731,0.035857201,0.000008902,-0.146722600,-0.568387985,-0.122307688,0.070227556,0.000091970,0.001296997,-0.167545319,-0.592737198,-0.143968582,0.079256058,0.008758545,0.000008902,-0.146722600,-0.568387985,-0.122307688,0.070227556,0.000091970,0.000000000,0.000000000,0.000000000,0.000000000,0.000000000,0.000000000,0.000000000,0.000000000,0.000000000,0.000000000,0.000000000,0.000000000,0.000000000,0.000000000,0.000000000,0.000000000,0.000000000,0.000000000,0.001288095,-0.020822719,-0.024349213,-0.021660894,0.009028502,0.008666575,0.001780951,-0.020344481,0.004022641,-0.014158032,0.009208105,0.008274284
7.189688921,-0.004409790,0.047361374,-0.017066002,-0.005177498,0.010545731,0.035857201,0.030212402,-0.023498535,-0.152408600,0.034240723,0.042800903,-0.041793823,-0.004794121,0.047361374,-0.017066002,-0.004794121,0.010545731,0.035857201,0.000008902,-0.143799007,-0.571157694,-0.122309223,0.070228517,0.000091973,0.001296997,-0.156558990,-0.609857559,-0.137742996,0.060457230,0.015167236,0.000008902,-0.143799007,-0.571157694,-0.122309223,0.070228517,0.000091973,0.000000000,0.000000000,0.000000000,0.000000000,0.000000000,0.000000000,0.000000000,0.000000000,0.000000000,0.000000000,0.000000000,0.000000000,0.000000000,0.000000000,0.000000000,0.000000000,0.000000000,0.000000000,0.001288095,-0.012759984,-0.038699865,-0.015433773,-0.009771287,0.015075264,0.001780951,-0.012281746,-0.010328012,-0.007930911,-0.009591684,0.014682973
7.199733496,-0.004794121,0.047361374,-0.016681671,-0.005177498,0.010545731,0.035857201,-0.040954590,-0.010070801,-0.022155762,0.006042480,0.006546021,0.008560181,-0.004409790,0.047361374,-0.016681671,-0.004794121,0.010545731,0.035857201,0.000008902,-0.147308230,-0.567833185,-0.121691234,0.069839187,0.000090937,0.007522583,-0.136417389,-0.594812393,-0.127367020,0.077119827,0.034393311,0.000008902,-0.147308230,-0.567833185,-0.121691234,0.069839187,0.000090937,0.000000000,0.000000000,0.000000000,0.000000000,0.000000000,0.000000000,0.000000000,0.000000000,0.000000000,0.000000000,0.000000000,0.000000000,0.000000000,0.000000000,0.000000000,0.000000000,0.000000000,0.000000000,0.007513681,0.010890841,-0.026979208,-0.005675785,0.007280640,0.034302374,0.008006537,0.011369079,0.001392645,0.001827077,0.007460244,0.033910083
7.209772110,-0.004409790,0.047361374,-0.016681671,-0.004794121,0.010545731,0.036240578,-0.125553131,0.114442825,-0.057067871,0.172550201,-0.005538940,0.011581421,-0.004409790,0.047361374,-0.016681671,-0.004794121,0.010545731,0.035857201,0.000008902,-0.147308230,-0.567833185,-0.121691234,0.069839187,0.000090937,-0.000259399,-0.163883209,-0.591180801,-0.115953445,0.074129105,-0.002349854,0.000008902,-0.147308230,-0.567833185,-0.121691234,0.069839187,0.000090937,0.000000000,0.000000000,0.000000000,0.000000000,0.000000000,0.000000000,0.000000000,0.000000000,0.000000000,0.000000000,0.000000000,0.000000000,0.000000000,0.000000000,0.000000000,0.000000000,0.000000000,0.000000000,-0.000268301,-0.016574979,-0.023347616,0.005737789,0.004289918,-0.002440790,0.000224555,-0.016096741,0.005024237,0.013240652,0.004469521,-0.002833081
7.219837666,-0.004409790,0.047361374,-0.016681671,-0.005177498,0.010545731,0.035857201,0.044982910,0.071105957,0.075866699,-0.081237793,0.054885864,-0.049850464,-0.004794121,0.047361374,-0.016681671,-0.004794121,0.010545731,0.036240578,0.000008902,-0.147307247,-0.567834139,-0.121692270,0.069839187,0.000089904,-0.007522583,-0.141910553,-0.614526749,-0.144487381,0.070283890,-0.008331299,0.000008902,-0.147307247,-0.567834139,-0.121692270,0.069839187,0.000089904,0.000000000,0.000000000,0.000000000,0.000000000,0.000000000,0.000000000,0.000000000,0.000000000,0.000000000,0.000000000,0.000000000,0.000000000,0.000000000,0.000000000,0.000000000,0.000000000,0.000000000,0.000000000,-0.007531485,0.005396694,-0.046692610,-0.022795111,0.000444703,-0.008421202,-0.007038629,0.005874931,-0.018320756,-0.015292248,0.000624306,-0.008813493
7.229721785,-0.004794121,0.047361374,-0.016681671,-0.005177498,0.010545731,0.035857201,-0.085266113,0.047302246,-0.165836334,0.006042480,0.020645142,-0.042800903,-0.004794121,0.047361374,-0.016681671,-0.005177498,0.010545731,0.035857201,0.000008902,-0.146722600,-0.568387985,-0.122307688,0.070227556,0.000091970,0.002853394,-0.127262115,-0.614526749,-0.126848221,0.064729691,0.025421143,0.000008902,-0.146722600,-0.568387985,-0.122307688,0.070227556,0.000091970,0.000000000,0.000000000,0.000000000,0.000000000,0.000000000,0.000000000,0.000000000,0.000000000,0.000000000,0.000000000,0.000000000,0.000000000,0.000000000,0.000000000,0.000000000,0.000000000,0.000000000,0.000000000,0.002844492,0.019460484,-0.046138763,-0.004540533,-0.005497865,0.025329173,0.003337348,0.019938722,-0.017766910,0.002962330,-0.005318262,0.024936882
7.239688396,-0.004409790,0.047361374,-0.017066002,-0.004794121,0.010545731,0.036240578,0.034240723,0.042419434,0.023498535,0.104064941,-0.011581421,0.024673462,-0.004794121,0.047361374,-0.016681671,-0.005177498,0.010545731,0.035857201,0.000008902,-0.146722600,-0.568387985,-0.122307688,0.070227556,0.000091970,0.004928589,-0.147403717,-0.585474014,-0.145524979,0.080110550,-0.004913330,0.000008902,-0.146722600,-0.568387985,-0.122307688,0.070227556,0.000091970,0.000000000,0.000000000,0.000000000,0.000000000,0.000000000,0.000000000,0.000000000,0.000000000,0.000000000,0.000000000,0.000000000,0.000000000,0.000000000,0.000000000,0.000000000,0.000000000,0.000000000,0.000000000,0.004919687,-0.000681117,-0.017086029,-0.023217291,0.009882994,-0.005005300,0.005412543,-0.000202880,0.011285824,-0.015714428,0.010062598,-0.005397591
7.249699116,-0.004409790,0.047361374,-0.016681671,-0.005177498,0.010545731,0.035857201,0.094665527,-0.093080521,-0.020812988,0.018127441,-0.064960480,-0.036758423,-0.004409790,0.047744751,-0.016681671,-0.004794121,0.010545731,0.036240578,0.000008902,-0.149846792,-0.571150422,-0.122308724,0.070227556,0.000090937,-0.008041382,-0.171207428,-0.582361221,-0.146043777,0.070283890,0.004486084,0.000008902,-0.149846792,-0.571150422,-0.122308724,0.070227556,0.000090937,0.000000000,0.000000000,0.000000000,0.000000000,0.000000000,0.000000000,0.000000000,0.000000000,0.000000000,0.000000000,0.000000000,0.000000000,0.000000000,0.000000000,0.000000000,0.000000000,0.000000000,0.000000000,-0.008050283,-0.021360636,-0.011210799,-0.023735054,0.000056334,0.004395147,-0.007557428,-0.020882398,0.017161054,-0.016232191,0.000235937,0.004002856
7.259728193,-0.004409790,0.047361374,-0.016681671,-0.004794121,0.010545731,0.035857201,0.122863770,0.219423294,0.077209473,0.147033691,-0.020645142,0.069992065,-0.004409790,0.047361374,-0.016681671,-0.005177498,0.010545731,0.035857201,0.000008902,-0.146722600,-0.568387985,-0.122307688,0.070227556,0.000091970,-0.002334595,-0.130924225,-0.597406387,-0.130998611,0.075838089,0.016021729,0.000008902,-0.146722600,-0.568387985,-0.122307688,0.070227556,0.000091970,0.000000000,0.000000000,0.000000000,0.000000000,0.000000000,0.000000000,0.000000000,0.000000000,0.000000000,0.000000000,0.000000000,0.000000000,0.000000000,0.000000000,0.000000000,0.000000000,0.000000000,0.000000000,-0.002343496,0.015798375,-0.029018402,-0.008690923,0.005610533,0.015929759,-0.001850641,0.016276612,-0.000646549,-0.001188061,0.005790137,0.015537468
7.269689798,-0.004409790,0.047361374,-0.016681671,-0.005177498,0.010545731,0.035857201,0.180606842,0.072326660,0.020812988,0.094665527,0.018630981,-0.047836304,-0.004794121,0.047361374,-0.017066002,-0.005177498,0.010545731,0.035857201,0.000008902,-0.143213391,-0.571712494,-0.122925662,0.070616879,0.000093006,0.000778198,-0.160221100,-0.607782364,-0.135667801,0.069856644,0.045074463,0.000008902,-0.143213391,-0.571712494,-0.122925662,0.070616879,0.000093006,0.000000000,0.000000000,0.000000000,0.000000000,0.000000000,0.000000000,0.000000000,0.000000000,0.000000000,0.000000000,0.000000000,0.000000000,0.000000000,0.000000000,0.000000000,0.000000000,0.000000000,0.000000000,0.000769297,-0.017007709,-0.036069870,-0.012742139,-0.000760235,0.044981457,0.001262152,-0.016529471,-0.007698017,-0.005239277,-0.000580631,0.044589166
7.279685736,-0.004794121,0.047361374,-0.016681671,-0.005177498,0.010545731,0.035857201,-0.181949615,0.047912598,-0.026184082,0.038269043,-0.029708862,0.041793823,-0.004794121,0.047361374,-0.016681671,-0.005177498,0.010545731,0.036240578,0.000008902,-0.146721616,-0.568388939,-0.122308724,0.070227556,0.000090937,-0.001296997,-0.156558990,-0.608819962,-0.127367020,0.073701859,-0.000640869,0.000008902,-0.146721616,-0.568388939,-0.122308724,0.070227556,0.000090937,0.000000000,0.000000000,0.000000000,0.000000000,0.000000000,0.000000000,0.000000000,0.000000000,0.000000000,0.000000000,0.000000000,0.000000000,0.000000000,0.000000000,0.000000000,0.000000000,0.000000000,0.000000000,-0.001305899,-0.009837374,-0.040431023,-0.005058296,0.003474303,-0.000731806,-0.000813043,-0.009359137,-0.012059169,0.002444567,0.003653906,-0.001124097
7.289696932,-0.004409790,0.047361374,-0.016681671,-0.005177498,0.010545731,0.036240578,0.109436035,-0.008239746,-0.050354004,0.039611816,0.027694702,0.047836304,-0.004794121,0.047361374,-0.016681671,-0.004794121,0.010545731,0.035857201,0.000008902,-0.147308230,-0.567833185,-0.121691234,0.069839187,0.000090937,-0.004928589,-0.182193756,-0.592737198,-0.127367020,0.074129105,0.014739990,0.000008902,-0.147308230,-0.567833185,-0.121691234,0.069839187,0.000090937,0.000000000,0.000000000,0.000000000,0.000000000,0.000000000,0.000000000,0.000000000,0.000000000,0.000000000,0.000000000,0.000000000,0.000000000,0.000000000,0.000000000,0.000000000,0.000000000,0.000000000,0.000000000,-0.004937491,-0.034885526,-0.024904013,-0.005675785,0.004289918,0.014649053,-0.004444635,-0.034407288,0.003467841,0.001827077,0.004469521,0.014256762
7.299728155,-0.004794121,0.047361374,-0.016681671,-0.005177498,0.010545731,0.035857201,-0.242374420,0.032043457,-0.053039551,0.089294434,-0.006546021,0.041793823,-0.004409790,0.047361374,-0.016681671,-0.005177498,0.010545731,0.035857201,0.000008902,-0.146722600,-0.568387985,-0.122307688,0.070227556,0.000091970,-0.003890991,-0.130924225,-0.602075577,-0.108690262,0.070283890,-0.003204346,0.000008902,-0.146722600,-0.568387985,-0.122307688,0.070227556,0.000091970,0.000000000,0.000000000,0.000000000,0.000000000,0.000000000,0.000000000,0.000000000,0.000000000,0.000000000,0.000000000,0.000000000,0.000000000,0.000000000,0.000000000,0.000000000,0.000000000,0.000000000,0.000000000,-0.003899893,0.015798375,-0.033687592,0.013617426,0.000056334,-0.003296316,-0.003407037,0.016276612,-0.005315738,0.021120289,0.000235937,-0.003688607
7.309663534,-0.004409790,0.047361374,-0.016681671,-0.004794121,0.010930061,0.036240578,0.039611816,0.068664551,-0.039611816,0.035583496,0.063949585,0.018630981,-0.004794121,0.047361374,-0.016681671,-0.004794121,0.010930061,0.035857201,0.000008902,-0.146938354,-0.568183601,-0.122080579,0.069838889,0.000090936,-0.003890991,-0.141910553,-0.595849991,-0.109209061,0.054473877,0.009613037,0.000008902,-0.146938354,-0.568183601,-0.122080579,0.069838889,0.000090936,0.000000000,0.000000000,0.000000000,0.000000000,0.000000000,0.000000000,0.000000000,0.000000000,0.000000000,0.000000000,0.000000000,0.000000000,0.000000000,0.000000000,0.000000000,0.000000000,0.000000000,0.000000000,-0.003899893,0.005027801,-0.027666390,0.012871519,-0.015365012,0.009522101,-0.003407037,0.005506038,0.000705463,0.020374381,-0.015185408,0.009129810
7.319678307,-0.004794121,0.047361374,-0.016681671,-0.005177498,0.010545731,0.035857201,-0.047668457,-0.031433105,0.192691803,0.129577637,0.029708862,-0.054885864,-0.004794121,0.047361374,-0.017066002,-0.005177498,0.010545731,0.035857201,0.000008902,-0.143213391,-0.571712494,-0.122925662,0.070616879,0.000093006,-0.003890991,-0.178531647,-0.613489151,-0.100389481,0.080110550,0.007904053,0.000008902,-0.143213391,-0.571712494,-0.122925662,0.070616879,0.000093006,0.000000000,0.000000000,0.000000000,0.000000000,0.000000000,0.000000000,0.000000000,0.000000000,0.000000000,0.000000000,0.000000000,0.000000000,0.000000000,0.000000000,0.000000000,0.000000000,0.000000000,0.000000000,-0.003899893,-0.035318255,-0.041776657,0.022536181,0.009493671,0.007811047,-0.003407037,-0.034840018,-0.013404804,0.030039043,0.009673275,0.007418756
7.329722166,-0.004794121,0.047361374,-0.016681671,-0.004794121,0.010545731,0.035857201,0.015441895,0.046691895,0.114807129,-0.030212402,0.034744263,-0.012588501,-0.004409790,0.047361374,-0.016681671,-0.005177498,0.010545731,0.035857201,0.000008902,-0.146722600,-0.568387985,-0.122307688,0.070227556,0.000091970,0.001815796,-0.132755280,-0.631128311,-0.109727859,0.064302444,-0.021575928,0.000008902,-0.146722600,-0.568387985,-0.122307688,0.070227556,0.000091970,0.000000000,0.000000000,0.000000000,0.000000000,0.000000000,0.000000000,0.000000000,0.000000000,0.000000000,0.000000000,0.000000000,0.000000000,0.000000000,0.000000000,0.000000000,0.000000000,0.000000000,0.000000000,0.001806894,0.013967320,-0.062740326,0.012579829,-0.005925111,-0.021667898,0.002299750,0.014445558,-0.034368473,0.020082691,-0.005745508,-0.022060189
7.339701891,-0.004409790,0.047361374,-0.017066002,-0.004794121,0.010545731,0.035857201,0.126892090,0.130922318,-0.094669342,-0.027526855,-0.045822144,0.007553101,-0.004409790,0.047361374,-0.016681671,-0.005177498,0.010545731,0.035857201,0.000008902,-0.146722600,-0.568387985,-0.122307688,0.070227556,0.000091970,0.015304565,-0.129093170,-0.590662003,-0.156938553,0.072420120,0.013885498,0.000008902,-0.146722600,-0.568387985,-0.122307688,0.070227556,0.000091970,0.000000000,0.000000000,0.000000000,0.000000000,0.000000000,0.000000000,0.000000000,0.000000000,0.000000000,0.000000000,0.000000000,0.000000000,0.000000000,0.000000000,0.000000000,0.000000000,0.000000000,0.000000000,0.015295664,0.017629430,-0.022274017,-0.034630865,0.002192564,0.013793528,0.015788520,0.018107667,0.006097836,-0.027128002,0.002372168,0.013401237
7.349690437,-0.004794121,0.047361374,-0.017066002,-0.004794121,0.010545731,0.036240578,0.047668457,0.021667480,0.087951660,0.165832520,-0.031723022,-0.033737183,-0.004409790,0.047361374,-0.016681671,-0.005177498,0.010545731,0.035857201,0.000008902,-0.146722600,-0.568387985,-0.122307688,0.070227556,0.000091970,-0.022567749,-0.129093170,-0.605707169,-0.111284256,0.080110550,0.000213623,0.000008902,-0.146722600,-0.568387985,-0.122307688,0.070227556,0.000091970,0.000000000,0.000000000,0.000000000,0.000000000,0.000000000,0.000000000,0.000000000,0.000000000,0.000000000,0.000000000,0.000000000,0.000000000,0.000000000,0.000000000,0.000000000,0.000000000,0.000000000,0.000000000,-0.022576651,0.017629430,-0.037319183,0.011023432,0.009882994,0.000121653,-0.022083795,0.018107667,-0.008947330,0.018526295,0.010062598,-0.000270638
7.359695196,-0.004409790,0.047361374,-0.016681671,-0.005177498,0.010545731,0.035857201,0.011413574,-0.057069778,-0.020812988,-0.167179108,-0.010574341,-0.030715942,-0.004794121,0.047361374,-0.017066002,-0.004794121,0.010545731,0.035857201,0.000008902,-0.143799007,-0.571157694,-0.122309223,0.070228517,0.000091973,-0.002334595,-0.185855865,-0.592218399,-0.146562576,0.075410843,-0.010467529,0.000008902,-0.143799007,-0.571157694,-0.122309223,0.070228517,0.000091973,0.000000000,0.000000000,0.000000000,0.000000000,0.000000000,0.000000000,0.000000000,0.000000000,0.000000000,0.000000000,0.000000000,0.000000000,0.000000000,0.000000000,0.000000000,0.000000000,0.000000000,0.000000000,-0.002343496,-0.042056859,-0.021060705,-0.024253353,0.005182326,-0.010559502,-0.001850641,-0.041578621,0.007311148,-0.016750491,0.005361929,-0.010951793
7.369708776,-0.004409790,0.047361374,-0.016681671,-0.005177498,0.010545731,0.035857201,0.079895020,0.039367676,0.031555176,-0.090641022,-0.023666382,-0.007553101,-0.004794121,0.047361374,-0.016681671,-0.005177498,0.010545731,0.035857201,0.000008902,-0.146722600,-0.568387985,-0.122307688,0.070227556,0.000091970,-0.007522583,-0.138248444,-0.592737198,-0.100389481,0.076265335,0.024139404,0.000008902,-0.146722600,-0.568387985,-0.122307688,0.070227556,0.000091970,0.000000000,0.000000000,0.000000000,0.000000000,0.000000000,0.000000000,0.000000000,0.000000000,0.000000000,0.000000000,0.000000000,0.000000000,0.000000000,0.000000000,0.000000000,0.000000000,0.000000000,0.000000000,-0.007531485,0.008474156,-0.024349213,0.021918207,0.006037779,0.024047434,-0.007038629,0.008952394,0.004022641,0.029421070,0.006217383,0.023655143
7.379726171,-0.004794121,0.047361374,-0.016681671,-0.004794121,0.010545731,0.036240578,-0.098697662,-0.030212402,-0.057067871,-0.148380280,0.075027466,0.039779663,-0.004794121,0.047361374,-0.016681671,-0.005177498,0.010545731,0.035857201,0.000008902,-0.146722600,-0.568387985,-0.122307688,0.070227556,0.000091970,0.000778198,-0.165714264,-0.636835098,-0.135149002,0.074556351,0.010040283,0.000008902,-0.146722600,-0.568387985,-0.122307688,0.070227556,0.000091970,0.000000000,0.000000000,0.000000000,0.000000000,0.000000000,0.000000000,0.000000000,0.000000000,0.000000000,0.000000000,0.000000000,0.000000000,0.000000000,0.000000000,0.000000000,0.000000000,0.000000000,0.000000000,0.000769297,-0.018991664,-0.068447113,-0.012841314,0.004328795,0.009948313,0.001262152,-0.018513427,-0.040075260,-0.005338452,0.004508398,0.009556022
7.389687061,-0.004794121,0.047361374,-0.016681671,-0.004794121,0.010545731,0.036240578,0.070495605,0.120546341,-0.028869629,-0.034240723,0.030715942,0.085098267,-0.004794121,0.047361374,-0.017066002,-0.004794121,0.010545731,0.036240578,0.000008902,-0.143798023,-0.571158648,-0.122310258,0.070228517,0.000090939,-0.007003784,-0.136417389,-0.569391251,-0.135667801,0.066011429,-0.028412819,0.000008902,-0.143798023,-0.571158648,-0.122310258,0.070228517,0.000090939,0.000000000,0.000000000,0.000000000,0.000000000,0.000000000,0.000000000,0.000000000,0.000000000,0.000000000,0.000000000,0.000000000,0.000000000,0.000000000,0.000000000,0.000000000,0.000000000,0.000000000,0.000000000,-0.007012686,0.007380635,0.001767397,-0.013357542,-0.004217088,-0.028503758,-0.006519830,0.007858872,0.030139250,-0.005854680,-0.004037485,-0.028896049
7.399686813,-0.004409790,0.047361374,-0.017066002,-0.004794121,0.010545731,0.036240578,0.012756348,0.032043457,-0.124210358,0.012756348,-0.016616821,-0.010574341,-0.004409790,0.047361374,-0.016681671,-0.004794121,0.010545731,0.035857201,0.000008902,-0.147308230,-0.567833185,-0.121691234,0.069839187,0.000090937,-0.003372192,-0.127262115,-0.609857559,-0.123216629,0.074556351,-0.007049561,0.000008902,-0.147308230,-0.567833185,-0.121691234,0.069839187,0.000090937,0.000000000,0.000000000,0.000000000,0.000000000,0.000000000,0.000000000,0.000000000,0.000000000,0.000000000,0.000000000,0.000000000,0.000000000,0.000000000,0.000000000,0.000000000,0.000000000,0.000000000,0.000000000,-0.003381094,0.020046115,-0.042024374,-0.001525395,0.004717164,-0.007140497,-0.002888238,0.020524352,-0.013652521,0.005977468,0.004896767,-0.007532788
7.409685373,-0.004794121,0.047744751,-0.016681671,-0.004794121,0.010930061,0.036240578,-0.081237793,0.110780716,0.014099121,0.093322754,0.010574341,0.008560181,-0.004409790,0.047361374,-0.016681671,-0.004794121,0.010545731,0.035857201,0.000008902,-0.147308230,-0.567833185,-0.121691234,0.069839187,0.000090937,0.000778198,-0.092468262,-0.604669571,-0.128404617,0.061738968,-0.010894775,0.000008902,-0.147308230,-0.567833185,-0.121691234,0.069839187,0.000090937,0.000000000,0.000000000,0.000000000,0.000000000,0.000000000,0.000000000,0.000000000,0.000000000,0.000000000,0.000000000,0.000000000,0.000000000,0.000000000,0.000000000,0.000000000,0.000000000,0.000000000,0.000000000,0.000769297,0.054839969,-0.036836386,-0.006713383,-0.008100219,-0.010985712,0.001262152,0.055318206,-0.008464532,0.000789480,-0.007920615,-0.011378003
7.419680834,-0.004409790,0.047361374,-0.016681671,-0.005177498,0.010545731,0.036240578,-0.058410645,0.009460449,0.094665527,0.124206543,-0.019638062,0.026687622,-0.004794121,0.047361374,-0.016681671,-0.005177498,0.010545731,0.035857201,0.000008902,-0.146722600,-0.568387985,-0.122307688,0.070227556,0.000091970,0.004409790,-0.174869537,-0.585474014,-0.115953445,0.065584183,0.006622314,0.000008902,-0.146722600,-0.568387985,-0.122307688,0.070227556,0.000091970,0.000000000,0.000000000,0.000000000,0.000000000,0.000000000,0.000000000,0.000000000,0.000000000,0.000000000,0.000000000,0.000000000,0.000000000,0.000000000,0.000000000,0.000000000,0.000000000,0.000000000,0.000000000,0.004400888,-0.028146937,-0.017086029,0.006354243,-0.004643373,0.006530345,0.004893744,-0.027668700,0.011285824,0.013857105,-0.004463770,0.006138053
7.429687262,-0.004794121,0.047361374,-0.016681671,-0.005177498,0.010545731,0.035857201,-0.023498535,0.061950684,0.031555176,-0.218204498,0.004531860,0.013595581,-0.004794121,0.047361374,-0.016681671,-0.005177498,0.010545731,0.035857201,0.000008902,-0.146722600,-0.568387985,-0.122307688,0.070227556,0.000091970,-0.012710571,-0.169376373,-0.592737198,-0.140855789,0.081819534,-0.001068115,0.000008902,-0.146722600,-0.568387985,-0.122307688,0.070227556,0.000091970,0.000000000,0.000000000,0.000000000,0.000000000,0.000000000,0.000000000,0.000000000,0.000000000,0.000000000,0.000000000,0.000000000,0.000000000,0.000000000,0.000000000,0.000000000,0.000000000,0.000000000,0.000000000,-0.012719473,-0.022653773,-0.024349213,-0.018548101,0.011591978,-0.001160085,-0.012226617,-0.022175536,0.004022641,-0.011045239,0.011771582,-0.001552376
7.439689159,-0.004794121,0.047361374,-0.017066002,-0.005177498,0.010545731,0.035857201,-0.014099121,-0.019836426,-0.137638092,-0.059753418,0.078048706,-0.040786743,-0.004794121,0.047361374,-0.017066002,-0.005177498,0.010545731,0.036240578,0.000008902,-0.143212408,-0.571713448,-0.122926690,0.070616879,0.000091972,-0.001296997,-0.141910553,-0.625940323,-0.110246658,0.083528519,-0.010894775,0.000008902,-0.143212408,-0.571713448,-0.122926690,0.070616879,0.000091972,0.000000000,0.000000000,0.000000000,0.000000000,0.000000000,0.000000000,0.000000000,0.000000000,0.000000000,0.000000000,0.000000000,0.000000000,0.000000000,0.000000000,0.000000000,0.000000000,0.000000000,0.000000000,-0.001305899,0.001301855,-0.054226875,0.012680031,0.012911640,-0.010986748,-0.000813043,0.001780092,-0.025855022,0.020182894,0.013091244,-0.011379039
7.449688435,-0.004409790,0.047361374,-0.016681671,-0.005177498,0.010545731,0.036240578,0.004699707,0.177919388,-0.034240723,-0.042297363,0.011581421,0.039779663,-0.004794121,0.047361374,-0.016681671,-0.004794121,0.010545731,0.035857201,0.000008902,-0.147308230,-0.567833185,-0.121691234,0.069839187,0.000090937,0.005447388,-0.112609863,-0.608301163,-0.131517410,0.066011429,0.011322021,0.000008902,-0.147308230,-0.567833185,-0.121691234,0.069839187,0.000090937,0.000000000,0.000000000,0.000000000,0.000000000,0.000000000,0.000000000,0.000000000,0.000000000,0.000000000,0.000000000,0.000000000,0.000000000,0.000000000,0.000000000,0.000000000,0.000000000,0.000000000,0.000000000,0.005438486,0.034698367,-0.040467978,-0.009826176,-0.003827758,0.011231085,0.005931342,0.035176605,-0.012096124,-0.002323313,-0.003648155,0.010838794
7.459784985,-0.004794121,0.047361374,-0.016681671,-0.005177498,0.010545731,0.036240578,-0.039611816,0.000915527,0.036926270,0.004699707,0.045822144,0.024673462,-0.004409790,0.047361374,-0.016681671,-0.004794121,0.010545731,0.036240578,0.000008902,-0.147307247,-0.567834139,-0.121692270,0.069839187,0.000089904,0.006484985,-0.162052155,-0.617639542,-0.126329422,0.070711136,0.004913330,0.000008902,-0.147307247,-0.567834139,-0.121692270,0.069839187,0.000089904,0.000000000,0.000000000,0.000000000,0.000000000,0.000000000,0.000000000,0.000000000,0.000000000,0.000000000,0.000000000,0.000000000,0.000000000,0.000000000,0.000000000,0.000000000,0.000000000,0.000000000,0.000000000,0.006476084,-0.014744908,-0.049805403,-0.004637152,0.000871949,0.004823426,0.006968940,-0.014266670,-0.021433549,0.002865711,0.001051553,0.004431135
7.469722986,-0.004794121,0.047361374,-0.017066002,-0.005177498,0.010545731,0.036240578,0.012756348,-0.166322708,0.023498535,0.132263184,0.014602661,0.008560181,-0.004409790,0.047361374,-0.016681671,-0.005177498,0.010545731,0.035857201,0.000008902,-0.146722600,-0.568387985,-0.122307688,0.070227556,0.000091970,0.001296997,-0.165714264,-0.616083145,-0.137224197,0.069002151,0.023712158,0.000008902,-0.146722600,-0.568387985,-0.122307688,0.070227556,0.000091970,0.000000000,0.000000000,0.000000000,0.000000000,0.000000000,0.000000000,0.000000000,0.000000000,0.000000000,0.000000000,0.000000000,0.000000000,0.000000000,0.000000000,0.000000000,0.000000000,0.000000000,0.000000000,0.001288096,-0.018991664,-0.047695160,-0.014916509,-0.001225404,0.023620188,0.001780951,-0.018513427,-0.019323307,-0.007413647,-0.001045801,0.023227897
7.479877234,-0.004794121,0.047361374,-0.016681671,-0.004794121,0.010545731,0.035857201,-0.078552246,0.014343262,0.101379395,0.016784668,-0.018630981,-0.000503540,-0.004794121,0.047361374,-0.017066002,-0.005177498,0.010545731,0.036240578,0.000008902,-0.143212408,-0.571713448,-0.122926690,0.070616879,0.000091972,-0.005447388,-0.143741608,-0.631128311,-0.131517410,0.061738968,0.017730713,0.000008902,-0.143212408,-0.571713448,-0.122926690,0.070616879,0.000091972,0.000000000,0.000000000,0.000000000,0.000000000,0.000000000,0.000000000,0.000000000,0.000000000,0.000000000,0.000000000,0.000000000,0.000000000,0.000000000,0.000000000,0.000000000,0.000000000,0.000000000,0.000000000,-0.005456289,-0.000529200,-0.059414864,-0.008590721,-0.008877911,0.017638740,-0.004963434,-0.000050962,-0.031043010,-0.001087858,-0.008698307,0.017246449
7.489756346,-0.004409790,0.047361374,-0.016681671,-0.004794121,0.010545731,0.035857201,0.053039551,-0.032653809,0.026184082,0.008728027,-0.054885864,-0.003524780,-0.004794121,0.047361374,-0.016681671,-0.005177498,0.010545731,0.035857201,0.000008902,-0.146722600,-0.568387985,-0.122307688,0.070227556,0.000091970,-0.001815796,-0.072326660,-0.595849991,-0.128404617,0.077974319,-0.016876221,0.000008902,-0.146722600,-0.568387985,-0.122307688,0.070227556,0.000091970,0.000000000,0.000000000,0.000000000,0.000000000,0.000000000,0.000000000,0.000000000,0.000000000,0.000000000,0.000000000,0.000000000,0.000000000,0.000000000,0.000000000,0.000000000,0.000000000,0.000000000,0.000000000,-0.001824698,0.074395940,-0.027462006,-0.006096929,0.007746764,-0.016968191,-0.001331842,0.074874177,0.000909848,0.001405933,0.007926367,-0.017360482
7.499711275,-0.004794121,0.047361374,-0.016681671,-0.004794121,0.010545731,0.036240578,-0.075866699,-0.083925247,0.061096191,0.165832520,-0.003524780,0.011581421,-0.004409790,0.047361374,-0.017066002,-0.005177498,0.010545731,0.035857201,0.000008901,-0.143213391,-0.571712494,-0.122925662,0.070616879,0.000093006,0.024124146,-0.154727936,-0.604669571,-0.146562576,0.076692581,-0.016021729,0.000008901,-0.143213391,-0.571712494,-0.122925662,0.070616879,0.000093006,0.000000000,0.000000000,0.000000000,0.000000000,0.000000000,0.000000000,0.000000000,0.000000000,0.000000000,0.000000000,0.000000000,0.000000000,0.000000000,0.000000000,0.000000000,0.000000000,0.000000000,0.000000000,0.024115244,-0.011514544,-0.032957077,-0.023636915,0.006075703,-0.016114734,0.024608100,-0.011036307,-0.004585224,-0.016134052,0.006255306,-0.016507025
7.509689569,-0.004794121,0.047361374,-0.016681671,-0.004794121,0.010545731,0.035857201,0.014099121,0.017395020,-0.003356934,0.074523926,0.010574341,-0.020645142,-0.004409790,0.047361374,-0.016681671,-0.004794121,0.010545731,0.036240578,0.000008902,-0.147307247,-0.567834139,-0.121692270,0.069839187,0.000089904,-0.000259399,-0.138248444,-0.586511612,-0.141893387,0.073701859,-0.007476807,0.000008902,-0.147307247,-0.567834139,-0.121692270,0.069839187,0.000089904,0.000000000,0.000000000,0.000000000,0.000000000,0.000000000,0.000000000,0.000000000,0.000000000,0.000000000,0.000000000,0.000000000,0.000000000,0.000000000,0.000000000,0.000000000,0.000000000,0.000000000,0.000000000,-0.000268301,0.009058803,-0.018677473,-0.020201117,0.003862672,-0.007566710,0.000224555,0.009537041,0.009694380,-0.012698254,0.004042275,-0.007959001
7.519688606,-0.004794121,0.047361374,-0.016681671,-0.005177498,0.010545731,0.035857201,-0.008728027,-0.149843216,-0.094669342,-0.062438965,0.004531860,-0.053878784,-0.004794121,0.047361374,-0.016681671,-0.004794121,0.010545731,0.036240578,0.000008902,-0.147307247,-0.567834139,-0.121692270,0.069839187,0.000089904,0.004409790,-0.200504303,-0.593774796,-0.110246658,0.067720413,-0.008331299,0.000008902,-0.147307247,-0.567834139,-0.121692270,0.069839187,0.000089904,0.000000000,0.000000000,0.000000000,0.000000000,0.000000000,0.000000000,0.000000000,0.000000000,0.000000000,0.000000000,0.000000000,0.000000000,0.000000000,0.000000000,0.000000000,0.000000000,0.000000000,0.000000000,0.004400888,-0.053197056,-0.025940657,0.011445612,-0.002118774,-0.008421202,0.004893744,-0.052718819,0.002431197,0.018948474,-0.001939170,-0.008813493
7.529726744,-0.004409790,0.047361374,-0.016681671,-0.004794121,0.010545731,0.035857201,0.047668457,-0.096742630,0.151062012,0.022155762,-0.055892944,-0.080066681,-0.004794121,0.047361374,-0.016681671,-0.004794121,0.010545731,0.035857201,0.000008902,-0.147308230,-0.567833185,-0.121691234,0.069839187,0.000090937,0.002334595,-0.184024811,-0.608819962,-0.118028641,0.069429398,-0.008331299,0.000008902,-0.147308230,-0.567833185,-0.121691234,0.069839187,0.000090937,0.000000000,0.000000000,0.000000000,0.000000000,0.000000000,0.000000000,0.000000000,0.000000000,0.000000000,0.000000000,0.000000000,0.000000000,0.000000000,0.000000000,0.000000000,0.000000000,0.000000000,0.000000000,0.002325693,-0.036716580,-0.040986776,0.003662594,-0.000409789,-0.008422236,0.002818549,-0.036238343,-0.012614923,0.011165456,-0.000230186,-0.008814527
7.539722204,-0.004409790,0.047361374,-0.016681671,-0.004794121,0.010545731,0.036240578,-0.030212402,0.070495605,0.053039551,0.157775879,-0.012588501,0.020645142,-0.004794121,0.047361374,-0.016681671,-0.005177498,0.010545731,0.035857201,0.000008902,-0.146722600,-0.568387985,-0.122307688,0.070227556,0.000091970,0.003890991,-0.125431061,-0.580804825,-0.126329422,0.087800980,0.008758545,0.000008902,-0.146722600,-0.568387985,-0.122307688,0.070227556,0.000091970,0.000000000,0.000000000,0.000000000,0.000000000,0.000000000,0.000000000,0.000000000,0.000000000,0.000000000,0.000000000,0.000000000,0.000000000,0.000000000,0.000000000,0.000000000,0.000000000,0.000000000,0.000000000,0.003882090,0.021291539,-0.012416840,-0.004021734,0.017573424,0.008666575,0.004374945,0.021769776,0.015955014,0.003481129,0.017753027,0.008274284
7.549689054,-0.004409790,0.047361374,-0.016681671,-0.005177498,0.010545731,0.035857201,-0.133609772,-0.003356934,0.110778809,-0.073181152,0.065963745,-0.035751343,-0.004794121,0.047361374,-0.016681671,-0.005177498,0.010545731,0.035857201,0.000008902,-0.146722600,-0.568387985,-0.122307688,0.070227556,0.000091970,-0.022567749,-0.163883209,-0.585992813,-0.134111404,0.079683304,-0.012603760,0.000008902,-0.146722600,-0.568387985,-0.122307688,0.070227556,0.000091970,0.000000000,0.000000000,0.000000000,0.000000000,0.000000000,0.000000000,0.000000000,0.000000000,0.000000000,0.000000000,0.000000000,0.000000000,0.000000000,0.000000000,0.000000000,0.000000000,0.000000000,0.000000000,-0.022576651,-0.017160609,-0.017604828,-0.011803716,0.009455748,-0.012695730,-0.022083795,-0.016682372,0.010767025,-0.004300854,0.009635352,-0.013088021
7.559663057,-0.004794121,0.047361374,-0.016681671,-0.004794121,0.010545731,0.035857201,-0.031555176,0.069885254,0.137634277,-0.102725983,0.002517700,-0.030715942,-0.004409790,0.047361374,-0.016681671,-0.005177498,0.010545731,0.035857201,0.000008902,-0.146722600,-0.568387985,-0.122307688,0.070227556,0.000091970,-0.001815796,-0.145572662,-0.587549210,-0.124254227,0.073274612,0.002349854,0.000008902,-0.146722600,-0.568387985,-0.122307688,0.070227556,0.000091970,0.000000000,0.000000000,0.000000000,0.000000000,0.000000000,0.000000000,0.000000000,0.000000000,0.000000000,0.000000000,0.000000000,0.000000000,0.000000000,0.000000000,0.000000000,0.000000000,0.000000000,0.000000000,-0.001824697,0.001149938,-0.019161224,-0.001946539,0.003047056,0.002257884,-0.001331842,0.001628175,0.009210629,0.005556324,0.003226660,0.001865593
7.569686890,-0.004409790,0.047361374,-0.016681671,-0.005177498,0.010545731,0.035857201,0.044982910,-0.057680130,-0.066467285,0.070495605,-0.008560181,0.018630981,-0.004409790,0.047361374,-0.016681671,-0.004794121,0.010545731,0.035857201,0.000008902,-0.147308230,-0.567833185,-0.121691234,0.069839187,0.000090937,-0.012710571,-0.140079498,-0.582361221,-0.146043777,0.065584183,0.010467529,0.000008902,-0.147308230,-0.567833185,-0.121691234,0.069839187,0.000090937,0.000000000,0.000000000,0.000000000,0.000000000,0.000000000,0.000000000,0.000000000,0.000000000,0.000000000,0.000000000,0.000000000,0.000000000,0.000000000,0.000000000,0.000000000,0.000000000,0.000000000,0.000000000,-0.012719473,0.007228732,-0.014528036,-0.024352543,-0.004255004,0.010376592,-0.012226617,0.007706970,0.013843817,-0.016849681,-0.004075401,0.009984301
7.579723597,-0.004409790,0.047361374,-0.016681671,-0.004794121,0.010545731,0.036240578,0.047668457,-0.000305176,-0.018127441,0.051696777,-0.000503540,0.009567261,-0.004794121,0.047361374,-0.017066002,-0.005177498,0.010545731,0.035857201,0.000008902,-0.143213391,-0.571712494,-0.122925662,0.070616879,0.000093006,-0.016342163,-0.156558990,-0.596368790,-0.133592606,0.071565628,0.009613037,0.000008902,-0.143213391,-0.571712494,-0.122925662,0.070616879,0.000093006,0.000000000,0.000000000,0.000000000,0.000000000,0.000000000,0.000000000,0.000000000,0.000000000,0.000000000,0.000000000,0.000000000,0.000000000,0.000000000,0.000000000,0.000000000,0.000000000,0.000000000,0.000000000,-0.016351065,-0.013345599,-0.024656296,-0.010666944,0.000948749,0.009520031,-0.015858209,-0.012867362,0.003715558,-0.003164082,0.001128353,0.009127740
7.589694262,-0.004409790,0.047361374,-0.016681671,-0.005177498,0.010545731,0.035857201,0.040954590,-0.094301224,0.022155762,-0.143009186,-0.023666382,-0.005538940,-0.004794121,0.047361374,-0.016681671,-0.005177498,0.010545731,0.036240578,0.000008902,-0.146721616,-0.568388939,-0.122308724,0.070227556,0.000090937,0.009597778,-0.125431061,-0.599481583,-0.126329422,0.077119827,-0.001495361,0.000008902,-0.146721616,-0.568388939,-0.122308724,0.070227556,0.000090937,0.000000000,0.000000000,0.000000000,0.000000000,0.000000000,0.000000000,0.000000000,0.000000000,0.000000000,0.000000000,0.000000000,0.000000000,0.000000000,0.000000000,0.000000000,0.000000000,0.000000000,0.000000000,0.009588877,0.021290556,-0.031092644,-0.004020698,0.006892271,-0.001586298,0.010081732,0.021768793,-0.002720790,0.003482164,0.007071875,-0.001978589
7.599709988,-0.004409790,0.047361374,-0.016681671,-0.004794121,0.010545731,0.035857201,0.097351074,0.104677200,0.093322754,0.093322754,-0.044815063,0.012588501,-0.004409790,0.047361374,-0.016681671,-0.004794121,0.010545731,0.035857201,0.000008902,-0.147308230,-0.567833185,-0.121691234,0.069839187,0.000090937,-0.001815796,-0.156558990,-0.567316055,-0.110246658,0.063875198,0.023712158,0.000008902,-0.147308230,-0.567833185,-0.121691234,0.069839187,0.000090937,0.000000000,0.000000000,0.000000000,0.000000000,0.000000000,0.000000000,0.000000000,0.000000000,0.000000000,0.000000000,0.000000000,0.000000000,0.000000000,0.000000000,0.000000000,0.000000000,0.000000000,0.000000000,-0.001824697,-0.009250760,0.000517130,0.011444576,-0.005963989,0.023621221,-0.001331842,-0.008772523,0.028888983,0.018947439,-0.005784385,0.023228930
7.609688282,-0.004794121,0.047361374,-0.017066002,-0.005177498,0.010545731,0.036240578,-0.065124512,0.047302246,-0.073181152,0.071838379,-0.032730103,0.086105347,-0.004409790,0.047361374,-0.016681671,-0.005177498,0.010545731,0.035857201,0.000008902,-0.146722600,-0.568387985,-0.122307688,0.070227556,0.000091970,0.009597778,-0.143741608,-0.597925186,-0.146043777,0.073274612,-0.004058838,0.000008902,-0.146722600,-0.568387985,-0.122307688,0.070227556,0.000091970,0.000000000,0.000000000,0.000000000,0.000000000,0.000000000,0.000000000,0.000000000,0.000000000,0.000000000,0.000000000,0.000000000,0.000000000,0.000000000,0.000000000,0.000000000,0.000000000,0.000000000,0.000000000,0.009588877,0.002980992,-0.029537201,-0.023736089,0.003047056,-0.004150808,0.010081733,0.003459230,-0.001165348,-0.016233227,0.003226660,-0.004543099
7.619694233,-0.004409790,0.047361374,-0.016681671,-0.005177498,0.010545731,0.035857201,-0.065124512,0.090028763,-0.000671387,0.023498535,0.032730103,-0.037765503,-0.004794121,0.047361374,-0.016681671,-0.005177498,0.010545731,0.035857201,0.000008902,-0.146722600,-0.568387985,-0.122307688,0.070227556,0.000091970,0.018417358,-0.149234772,-0.594812393,-0.146043777,0.076692581,0.018157959,0.000008902,-0.146722600,-0.568387985,-0.122307688,0.070227556,0.000091970,0.000000000,0.000000000,0.000000000,0.000000000,0.000000000,0.000000000,0.000000000,0.000000000,0.000000000,0.000000000,0.000000000,0.000000000,0.000000000,0.000000000,0.000000000,0.000000000,0.000000000,0.000000000,0.018408457,-0.002512172,-0.026424408,-0.023736089,0.006465025,0.018065989,0.018901312,-0.002033934,0.001947445,-0.016233227,0.006644629,0.017673698
7.629688740,-0.004409790,0.047361374,-0.016681671,-0.004794121,0.010545731,0.035857201,-0.086612701,0.061340332,-0.057067871,0.137634277,0.039779663,-0.015609741,-0.004409790,0.047361374,-0.017066002,-0.005177498,0.010545731,0.036240578,0.000008901,-0.143212408,-0.571713448,-0.122926690,0.070616879,0.000091972,-0.013748169,-0.156558990,-0.597925186,-0.117509842,0.063020706,-0.021148682,0.000008901,-0.143212408,-0.571713448,-0.122926690,0.070616879,0.000091972,0.000000000,0.000000000,0.000000000,0.000000000,0.000000000,0.000000000,0.000000000,0.000000000,0.000000000,0.000000000,0.000000000,0.000000000,0.000000000,0.000000000,0.000000000,0.000000000,0.000000000,0.000000000,-0.013757070,-0.013346583,-0.026211739,0.005416848,-0.007596172,-0.021240654,-0.013264215,-0.012868345,0.002160115,0.012919710,-0.007416569,-0.021632945
7.639786005,-0.004794121,0.047361374,-0.016681671,-0.005177498,0.010545731,0.035857201,0.018127441,0.050964355,0.026184082,-0.110782623,-0.008560181,-0.056900024,-0.004409790,0.047361374,-0.016681671,-0.005177498,0.010545731,0.035857201,0.000008902,-0.146722600,-0.568387985,-0.122307688,0.070227556,0.000091970,0.011672974,-0.138248444,-0.612970352,-0.143968582,0.066865921,-0.013885498,0.000008902,-0.146722600,-0.568387985,-0.122307688,0.070227556,0.000091970,0.000000000,0.000000000,0.000000000,0.000000000,0.000000000,0.000000000,0.000000000,0.000000000,0.000000000,0.000000000,0.000000000,0.000000000,0.000000000,0.000000000,0.000000000,0.000000000,0.000000000,0.000000000,0.011664072,0.008474156,-0.044582367,-0.021660894,-0.003361635,-0.013977468,0.012156928,0.008952394,-0.016210514,-0.014158032,-0.003182031,-0.014369759
7.649688721,-0.004409790,0.047361374,-0.016681671,-0.005177498,0.010545731,0.035857201,0.116149902,-0.039369583,0.035583496,0.050354004,-0.011581421,-0.033737183,-0.004409790,0.047361374,-0.017066002,-0.005177498,0.010545731,0.035857201,0.000008901,-0.143213391,-0.571712494,-0.122925662,0.070616879,0.000093006,-0.002334595,-0.127262115,-0.603631973,-0.141893387,0.083101273,-0.017303467,0.000008901,-0.143213391,-0.571712494,-0.122925662,0.070616879,0.000093006,0.000000000,0.000000000,0.000000000,0.000000000,0.000000000,0.000000000,0.000000000,0.000000000,0.000000000,0.000000000,0.000000000,0.000000000,0.000000000,0.000000000,0.000000000,0.000000000,0.000000000,0.000000000,-0.002343496,0.015951276,-0.031919479,-0.018967725,0.012484394,-0.017396472,-0.001850640,0.016429513,-0.003547626,-0.011464863,0.012663998,-0.017788763
7.659689665,-0.004794121,0.047361374,-0.016681671,-0.005177498,0.010545731,0.035857201,0.020812988,0.093080521,0.184635162,-0.006042480,0.036758423,0.039779663,-0.004409790,0.047361374,-0.016681671,-0.004794121,0.010545731,0.035857201,0.000008902,-0.147308230,-0.567833185,-0.121691234,0.069839187,0.000090937,0.003372192,-0.145572662,-0.629571915,-0.134111404,0.072847366,-0.004058838,0.000008902,-0.147308230,-0.567833185,-0.121691234,0.069839187,0.000090937,0.000000000,0.000000000,0.000000000,0.000000000,0.000000000,0.000000000,0.000000000,0.000000000,0.000000000,0.000000000,0.000000000,0.000000000,0.000000000,0.000000000,0.000000000,0.000000000,0.000000000,0.000000000,0.003363291,0.001735568,-0.061738729,-0.012420170,0.003008179,-0.004149775,0.003856147,0.002213805,-0.033366876,-0.004917307,0.003187783,-0.004542066
7.669688225,-0.004794121,0.047361374,-0.016681671,-0.004794121,0.010545731,0.035857201,0.004699707,-0.003356934,0.057067871,0.024841309,-0.026687622,0.036758423,-0.004409790,0.047361374,-0.016681671,-0.005177498,0.010545731,0.035857201,0.000008902,-0.146722600,-0.568387985,-0.122307688,0.070227556,0.000091970,0.012710571,-0.136417389,-0.617639542,-0.113878250,0.073274612,0.022003174,0.000008902,-0.146722600,-0.568387985,-0.122307688,0.070227556,0.000091970,0.000000000,0.000000000,0.000000000,0.000000000,0.000000000,0.000000000,0.000000000,0.000000000,0.000000000,0.000000000,0.000000000,0.000000000,0.000000000,0.000000000,0.000000000,0.000000000,0.000000000,0.000000000,0.012701670,0.010305211,-0.049251556,0.008429438,0.003047056,0.021911204,0.013194525,0.010783448,-0.020879703,0.015932300,0.003226660,0.021518913
7.679675817,-0.004794121,0.047361374,-0.016681671,-0.005177498,0.010545731,0.035857201,0.034240723,0.122377396,-0.085266113,-0.125553131,-0.006546021,-0.042800903,-0.004794121,0.047361374,-0.017066002,-0.005177498,0.010545731,0.035857201,0.000008902,-0.143213391,-0.571712494,-0.122925662,0.070616879,0.000093006,0.016342163,-0.156558990,-0.575616837,-0.148118973,0.058320999,-0.010467529,0.000008902,-0.143213391,-0.571712494,-0.122925662,0.070616879,0.000093006,0.000000000,0.000000000,0.000000000,0.000000000,0.000000000,0.000000000,0.000000000,0.000000000,0.000000000,0.000000000,0.000000000,0.000000000,0.000000000,0.000000000,0.000000000,0.000000000,0.000000000,0.000000000,0.016333261,-0.013345599,-0.003904343,-0.025193311,-0.012295879,-0.010560535,0.016826117,-0.012867362,0.024467511,-0.017690449,-0.012116276,-0.010952826
7.689686060,-0.004794121,0.047361374,-0.016681671,-0.005177498,0.010545731,0.035857201,0.028869629,0.069885254,-0.059753418,0.054382324,0.008560181,-0.029708862,-0.004794121,0.047361374,-0.016681671,-0.005177498,0.010545731,0.036240578,0.000008902,-0.146721616,-0.568388939,-0.122308724,0.070227556,0.000090937,-0.000778198,-0.119937897,-0.599481583,-0.149156570,0.073701859,-0.027985573,0.000008902,-0.146721616,-0.568388939,-0.122308724,0.070227556,0.000090937,0.000000000,0.000000000,0.000000000,0.000000000,0.000000000,0.000000000,0.000000000,0.000000000,0.000000000,0.000000000,0.000000000,0.000000000,0.000000000,0.000000000,0.000000000,0.000000000,0.000000000,0.000000000,-0.000787100,0.026783720,-0.031092644,-0.026847847,0.003474303,-0.028076510,-0.000294244,0.027261957,-0.002720790,-0.019344984,0.003653906,-0.028468801
7.699685335,-0.004409790,0.047361374,-0.016681671,-0.004794121,0.010545731,0.035857201,0.153747559,0.188295364,-0.159122467,0.007385254,0.011581421,-0.021652222,-0.004409790,0.047361374,-0.016681671,-0.005177498,0.010545731,0.035857201,0.000008902,-0.146722600,-0.568387985,-0.122307688,0.070227556,0.000091970,-0.005966187,-0.205997467,-0.575616837,-0.128923416,0.075410843,-0.005340576,0.000008902,-0.146722600,-0.568387985,-0.122307688,0.070227556,0.000091970,0.000000000,0.000000000,0.000000000,0.000000000,0.000000000,0.000000000,0.000000000,0.000000000,0.000000000,0.000000000,0.000000000,0.000000000,0.000000000,0.000000000,0.000000000,0.000000000,0.000000000,0.000000000,-0.005975088,-0.059274867,-0.007228851,-0.006615728,0.005183287,-0.005432546,-0.005482232,-0.058796630,0.021143002,0.000887134,0.005362891,-0.005824837
7.709685326,-0.004794121,0.047361374,-0.016681671,-0.005177498,0.010545731,0.036240578,-0.051696777,0.000915527,0.093322754,-0.019470215,0.006546021,0.039779663,-0.004794121,0.047361374,-0.016681671,-0.005177498,0.010545731,0.036240578,0.000008902,-0.146721616,-0.568388939,-0.122308724,0.070227556,0.000090937,-0.015823364,-0.176700592,-0.606225967,-0.104021072,0.069856644,-0.024993896,0.000008902,-0.146721616,-0.568388939,-0.122308724,0.070227556,0.000090937,0.000000000,0.000000000,0.000000000,0.000000000,0.000000000,0.000000000,0.000000000,0.000000000,0.000000000,0.000000000,0.000000000,0.000000000,0.000000000,0.000000000,0.000000000,0.000000000,0.000000000,0.000000000,-0.015832266,-0.029978976,-0.037837029,0.018287651,-0.000370912,-0.025084833,-0.015339410,-0.029500738,-0.009465175,0.025790514,-0.000191309,-0.025477124
7.719687462,-0.004409790,0.047361374,-0.016681671,-0.005177498,0.010545731,0.036240578,-0.014099121,0.049743652,-0.047668457,0.008728027,0.042800903,-0.029708862,-0.004409790,0.047361374,-0.016681671,-0.004794121,0.010545731,0.036240578,0.000008902,-0.147307247,-0.567834139,-0.121692270,0.069839187,0.000089904,-0.015823364,-0.149234772,-0.593774796,-0.124254227,0.076692581,-0.002349854,0.000008902,-0.147307247,-0.567834139,-0.121692270,0.069839187,0.000089904,0.000000000,0.000000000,0.000000000,0.000000000,0.000000000,0.000000000,0.000000000,0.000000000,0.000000000,0.000000000,0.000000000,0.000000000,0.000000000,0.000000000,0.000000000,0.000000000,0.000000000,0.000000000,-0.015832266,-0.001927525,-0.025940657,-0.002561957,0.006853394,-0.002439757,-0.015339410,-0.001449287,0.002431197,0.004940906,0.007032998,-0.002832048
7.729656219,-0.004409790,0.047361374,-0.016681671,-0.005177498,0.010545731,0.035857201,0.160461426,-0.057069778,-0.128238678,0.151062012,0.036758423,0.006546021,-0.004794121,0.047361374,-0.016681671,-0.005177498,0.010545731,0.036240578,0.000008902,-0.146721616,-0.568388939,-0.122308724,0.070227556,0.000090937,-0.004928589,-0.138248444,-0.649286270,-0.099351883,0.078828812,-0.037812233,0.000008902,-0.146721616,-0.568388939,-0.122308724,0.070227556,0.000090937,0.000000000,0.000000000,0.000000000,0.000000000,0.000000000,0.000000000,0.000000000,0.000000000,0.000000000,0.000000000,0.000000000,0.000000000,0.000000000,0.000000000,0.000000000,0.000000000,0.000000000,0.000000000,-0.004937491,0.008473173,-0.080897331,0.022956841,0.008601256,-0.037903170,-0.004444635,0.008951410,-0.052525478,0.030459703,0.008780859,-0.038295461
7.739685297,-0.004794121,0.047361374,-0.016681671,-0.005177498,0.010545731,0.036240578,0.040954590,0.050964355,0.027526855,0.058410645,-0.008560181,-0.036758423,-0.004794121,0.047361374,-0.016681671,-0.004794121,0.010545731,0.035857201,0.000008902,-0.147308230,-0.567833185,-0.121691234,0.069839187,0.000090937,-0.003372192,-0.173038483,-0.555381775,-0.120103836,0.066438675,-0.001922607,0.000008902,-0.147308230,-0.567833185,-0.121691234,0.069839187,0.000090937,0.000000000,0.000000000,0.000000000,0.000000000,0.000000000,0.000000000,0.000000000,0.000000000,0.000000000,0.000000000,0.000000000,0.000000000,0.000000000,0.000000000,0.000000000,0.000000000,0.000000000,0.000000000,-0.003381094,-0.025730252,0.012451410,0.001587398,-0.003400512,-0.002013544,-0.002888238,-0.025252015,0.040823264,0.009090261,-0.003220908,-0.002405835
7.749686718,-0.004409790,0.047361374,-0.016681671,-0.005177498,0.010545731,0.035857201,0.050354004,0.075988770,0.104064941,0.019470215,0.051864624,-0.074024200,-0.004794121,0.047361374,-0.016681671,-0.005177498,0.010545731,0.036240578,0.000008902,-0.146721616,-0.568388939,-0.122308724,0.070227556,0.000090937,0.004928589,-0.130924225,-0.626977921,-0.141374588,0.070711136,0.000213623,0.000008902,-0.146721616,-0.568388939,-0.122308724,0.070227556,0.000090937,0.000000000,0.000000000,0.000000000,0.000000000,0.000000000,0.000000000,0.000000000,0.000000000,0.000000000,0.000000000,0.000000000,0.000000000,0.000000000,0.000000000,0.000000000,0.000000000,0.000000000,0.000000000,0.004919687,0.015797392,-0.058588982,-0.019065864,0.000483580,0.000122686,0.005412543,0.016275629,-0.030217128,-0.011563002,0.000663184,-0.000269605
7.759701252,-0.004794121,0.047361374,-0.016681671,-0.005177498,0.010545731,0.035857201,-0.044982910,0.022277832,0.105407715,0.100036621,-0.027694702,0.020645142,-0.004409790,0.047361374,-0.016681671,-0.005177498,0.010545731,0.036240578,0.000008902,-0.146721616,-0.568388939,-0.122308724,0.070227556,0.000090937,-0.014785767,-0.110778809,-0.637353897,-0.125291824,0.069429398,0.018585205,0.000008902,-0.146721616,-0.568388939,-0.122308724,0.070227556,0.000090937,0.000000000,0.000000000,0.000000000,0.000000000,0.000000000,0.000000000,0.000000000,0.000000000,0.000000000,0.000000000,0.000000000,0.000000000,0.000000000,0.000000000,0.000000000,0.000000000,0.000000000,0.000000000,-0.014794668,0.035942808,-0.068964958,-0.002983101,-0.000798158,0.018494268,-0.014301812,0.036421045,-0.040593105,0.004519762,-0.000618555,0.018101977
7.769689083,-0.004794121,0.047361374,-0.017066002,-0.004794121,0.010545731,0.036240578,0.008728027,0.090639114,-0.085266113,0.032897949,0.009567261,-0.007553101,-0.004409790,0.047361374,-0.017066002,-0.005177498,0.010545731,0.036240578,0.000008901,-0.143212408,-0.571713448,-0.122926690,0.070616879,0.000091972,-0.013229370,-0.136417389,-0.585474014,-0.136705399,0.070283890,0.000640869,0.000008901,-0.143212408,-0.571713448,-0.122926690,0.070616879,0.000091972,0.000000000,0.000000000,0.000000000,0.000000000,0.000000000,0.000000000,0.000000000,0.000000000,0.000000000,0.000000000,0.000000000,0.000000000,0.000000000,0.000000000,0.000000000,0.000000000,0.000000000,0.000000000,-0.013238272,0.006795019,-0.013760567,-0.013778709,-0.000332989,0.000548897,-0.012745416,0.007273256,0.014611287,-0.006275846,-0.000153385,0.000156606
7.779820442,-0.004409790,0.047361374,-0.016681671,-0.005177498,0.010545731,0.036240578,-0.003356934,0.019226074,0.035583496,-0.097354889,-0.020645142,0.023666382,-0.004794121,0.047361374,-0.016681671,-0.005177498,0.010545731,0.035857201,0.000008902,-0.146722600,-0.568387985,-0.122307688,0.070227556,0.000091970,-0.005447388,-0.129093170,-0.580286026,-0.139818192,0.063447952,0.000213623,0.000008902,-0.146722600,-0.568387985,-0.122307688,0.070227556,0.000091970,0.000000000,0.000000000,0.000000000,0.000000000,0.000000000,0.000000000,0.000000000,0.000000000,0.000000000,0.000000000,0.000000000,0.000000000,0.000000000,0.000000000,0.000000000,0.000000000,0.000000000,0.000000000,-0.005456289,0.017629430,-0.011898041,-0.017510504,-0.006779604,0.000121653,-0.004963434,0.018107667,0.016473813,-0.010007641,-0.006600000,-0.000270638
7.789744854,-0.004409790,0.047361374,-0.016681671,-0.004794121,0.010545731,0.036240578,0.051696777,-0.070497513,0.082580566,0.003356934,-0.012588501,-0.008560181,-0.004409790,0.047361374,-0.016681671,-0.005177498,0.010545731,0.035857201,0.000008902,-0.146722600,-0.568387985,-0.122307688,0.070227556,0.000091970,0.000259399,-0.167545319,-0.651361465,-0.127367020,0.050628662,0.009613037,0.000008902,-0.146722600,-0.568387985,-0.122307688,0.070227556,0.000091970,0.000000000,0.000000000,0.000000000,0.000000000,0.000000000,0.000000000,0.000000000,0.000000000,0.000000000,0.000000000,0.000000000,0.000000000,0.000000000,0.000000000,0.000000000,0.000000000,0.000000000,0.000000000,0.000250498,-0.020822719,-0.082973480,-0.005059332,-0.019598894,0.009521067,0.000743354,-0.020344481,-0.054601627,0.002443531,-0.019419290,0.009128776
7.799771309,-0.004409790,0.047361374,-0.016681671,-0.004794121,0.010545731,0.036240578,0.008728027,-0.091249466,0.222232819,0.022155762,0.070999146,-0.004531860,-0.004409790,0.047361374,-0.016681671,-0.005177498,0.010545731,0.035857201,0.000008902,-0.146722600,-0.568387985,-0.122307688,0.070227556,0.000091970,-0.017379761,-0.151065826,-0.580804825,-0.129442215,0.066865921,-0.020294189,0.000008902,-0.146722600,-0.568387985,-0.122307688,0.070227556,0.000091970,0.000000000,0.000000000,0.000000000,0.000000000,0.000000000,0.000000000,0.000000000,0.000000000,0.000000000,0.000000000,0.000000000,0.000000000,0.000000000,0.000000000,0.000000000,0.000000000,0.000000000,0.000000000,-0.017388662,-0.004343227,-0.012416840,-0.007134527,-0.003361635,-0.020386159,-0.016895807,-0.003864989,0.015955014,0.000368336,-0.003182031,-0.020778450
7.809689045,-0.004409790,0.047361374,-0.016681671,-0.005177498,0.010545731,0.035857201,0.036926270,0.042419434,0.028869629,-0.031555176,0.032730103,0.005538940,-0.004794121,0.047361374,-0.016681671,-0.005177498,0.010545731,0.036240578,0.000008902,-0.146721616,-0.568388939,-0.122308724,0.070227556,0.000090937,-0.012191772,-0.149234772,-0.563682556,-0.121141434,0.077119827,-0.019866943,0.000008902,-0.146721616,-0.568388939,-0.122308724,0.070227556,0.000090937,0.000000000,0.000000000,0.000000000,0.000000000,0.000000000,0.000000000,0.000000000,0.000000000,0.000000000,0.000000000,0.000000000,0.000000000,0.000000000,0.000000000,0.000000000,0.000000000,0.000000000,0.000000000,-0.012200674,-0.002513155,0.004706383,0.001167290,0.006892271,-0.019957880,-0.011707818,-0.002034918,0.033078236,0.008670152,0.007071875,-0.020350171
7.819829226,-0.004409790,0.047361374,-0.017066002,-0.005177498,0.010545731,0.035857201,-0.096012115,0.008239746,-0.089298248,0.028869629,0.036758423,-0.028701782,-0.004794121,0.047361374,-0.016681671,-0.005177498,0.010545731,0.036240578,0.000008902,-0.146721616,-0.568388939,-0.122308724,0.070227556,0.000090937,0.008041382,-0.191349030,-0.581323624,-0.143449783,0.073274612,0.002777100,0.000008902,-0.146721616,-0.568388939,-0.122308724,0.070227556,0.000090937,0.000000000,0.000000000,0.000000000,0.000000000,0.000000000,0.000000000,0.000000000,0.000000000,0.000000000,0.000000000,0.000000000,0.000000000,0.000000000,0.000000000,0.000000000,0.000000000,0.000000000,0.000000000,0.008032480,-0.044627413,-0.012934685,-0.021141060,0.003047056,0.002686163,0.008525336,-0.044149176,0.015437169,-0.013638197,0.003226660,0.002293872
7.829700947,-0.004794121,0.047361374,-0.016681671,-0.005177498,0.010545731,0.036240578,-0.023498535,0.028991699,0.089294434,-0.011413574,0.026687622,-0.022659302,-0.004794121,0.047361374,-0.017066002,-0.005177498,0.010545731,0.035857201,0.000008902,-0.143213391,-0.571712494,-0.122925662,0.070616879,0.000093006,0.005966187,-0.141910553,-0.591180801,-0.116991043,0.073701859,-0.010894775,0.000008902,-0.143213391,-0.571712494,-0.122925662,0.070616879,0.000093006,0.000000000,0.000000000,0.000000000,0.000000000,0.000000000,0.000000000,0.000000000,0.000000000,0.000000000,0.000000000,0.000000000,0.000000000,0.000000000,0.000000000,0.000000000,0.000000000,0.000000000,0.000000000,0.005957285,0.001302838,-0.019468307,0.005934618,0.003084980,-0.010987781,0.006450141,0.001781076,0.008903546,0.013437481,0.003264584,-0.011380072
7.839690447,-0.004409790,0.047361374,-0.016681671,-0.005177498,0.010545731,0.036240578,0.040954590,-0.061952591,0.090637207,-0.082580566,-0.042800903,0.018630981,-0.004409790,0.047361374,-0.016681671,-0.004794121,0.010545731,0.035857201,0.000008902,-0.147308230,-0.567833185,-0.121691234,0.069839187,0.000090937,0.000778198,-0.154727936,-0.579248428,-0.136186600,0.059602737,-0.001922607,0.000008902,-0.147308230,-0.567833185,-0.121691234,0.069839187,0.000090937,0.000000000,0.000000000,0.000000000,0.000000000,0.000000000,0.000000000,0.000000000,0.000000000,0.000000000,0.000000000,0.000000000,0.000000000,0.000000000,0.000000000,0.000000000,0.000000000,0.000000000,0.000000000,0.000769297,-0.007419705,-0.011415243,-0.014495365,-0.010236450,-0.002013544,0.001262152,-0.006941468,0.016956610,-0.006992503,-0.010056846,-0.002405835
7.849688530,-0.004409790,0.047361374,-0.016681671,-0.004794121,0.010545731,0.036240578,-0.042297363,0.073547363,0.058410645,0.014099121,0.022659302,0.029708862,-0.004409790,0.047361374,-0.016681671,-0.005177498,0.010545731,0.035857201,0.000008902,-0.146722600,-0.568387985,-0.122307688,0.070227556,0.000091970,0.000259399,-0.163883209,-0.603113174,-0.133592606,0.061311722,0.014739990,0.000008902,-0.146722600,-0.568387985,-0.122307688,0.070227556,0.000091970,0.000000000,0.000000000,0.000000000,0.000000000,0.000000000,0.000000000,0.000000000,0.000000000,0.000000000,0.000000000,0.000000000,0.000000000,0.000000000,0.000000000,0.000000000,0.000000000,0.000000000,0.000000000,0.000250498,-0.017160609,-0.034725189,-0.011284918,-0.008915834,0.014648020,0.000743354,-0.016682372,-0.006353336,-0.003782055,-0.008736231,0.014255729
7.859731436,-0.004409790,0.047361374,-0.016681671,-0.005177498,0.010930061,0.036240578,-0.195377350,0.026550293,0.081237793,0.022155762,0.059921265,0.059921265,-0.004409790,0.047361374,-0.016681671,-0.005177498,0.010545731,0.036240578,0.000008902,-0.146721616,-0.568388939,-0.122308724,0.070227556,0.000090937,-0.005966187,-0.174869537,-0.580286026,-0.129961014,0.085237503,-0.019866943,0.000008902,-0.146721616,-0.568388939,-0.122308724,0.070227556,0.000090937,0.000000000,0.000000000,0.000000000,0.000000000,0.000000000,0.000000000,0.000000000,0.000000000,0.000000000,0.000000000,0.000000000,0.000000000,0.000000000,0.000000000,0.000000000,0.000000000,0.000000000,0.000000000,-0.005975088,-0.028147921,-0.011897087,-0.007652290,0.015009947,-0.019957880,-0.005482232,-0.027669684,0.016474766,-0.000149428,0.015189551,-0.020350171
7.869686127,-0.004794121,0.047361374,-0.016681671,-0.004794121,0.010545731,0.035857201,-0.149723053,-0.070497513,0.096008301,0.038269043,-0.035751343,-0.010574341,-0.004794121,0.047361374,-0.016681671,-0.004794121,0.010545731,0.035857201,0.000008902,-0.147308230,-0.567833185,-0.121691234,0.069839187,0.000090937,-0.004409790,-0.160221100,-0.587549210,-0.080156326,0.079256058,0.003204346,0.000008902,-0.147308230,-0.567833185,-0.121691234,0.069839187,0.000090937,0.000000000,0.000000000,0.000000000,0.000000000,0.000000000,0.000000000,0.000000000,0.000000000,0.000000000,0.000000000,0.000000000,0.000000000,0.000000000,0.000000000,0.000000000,0.000000000,0.000000000,0.000000000,-0.004418692,-0.012912869,-0.019716024,0.041534908,0.009416871,0.003113409,-0.003925836,-0.012434632,0.008655829,0.049037771,0.009596474,0.002721118
7.879686117,-0.004409790,0.047361374,-0.017066002,-0.005177498,0.010545731,0.035857201,0.113464355,0.018005371,-0.141666412,-0.075866699,0.058914185,-0.005538940,-0.004409790,0.047361374,-0.017066002,-0.005177498,0.010545731,0.035857201,0.000008901,-0.143213391,-0.571712494,-0.122925662,0.070616879,0.000093006,-0.009078979,-0.130924225,-0.584955215,-0.140855789,0.078401566,-0.009613037,0.000008901,-0.143213391,-0.571712494,-0.122925662,0.070616879,0.000093006,0.000000000,0.000000000,0.000000000,0.000000000,0.000000000,0.000000000,0.000000000,0.000000000,0.000000000,0.000000000,0.000000000,0.000000000,0.000000000,0.000000000,0.000000000,0.000000000,0.000000000,0.000000000,-0.009087881,0.012289166,-0.013242722,-0.017930128,0.007784687,-0.009706043,-0.008595025,0.012767404,0.015129132,-0.010427265,0.007964291,-0.010098334
7.889686346,-0.004409790,0.047361374,-0.016681671,-0.005177498,0.010545731,0.035857201,-0.038269043,-0.034484863,0.134948730,0.082580566,0.032730103,0.001510620,-0.004794121,0.047361374,-0.016681671,-0.004794121,0.010545731,0.035857201,0.000008902,-0.147308230,-0.567833185,-0.121691234,0.069839187,0.000090937,-0.009597778,-0.134586334,-0.611413956,-0.138780594,0.062593460,0.007049561,0.000008902,-0.147308230,-0.567833185,-0.121691234,0.069839187,0.000090937,0.000000000,0.000000000,0.000000000,0.000000000,0.000000000,0.000000000,0.000000000,0.000000000,0.000000000,0.000000000,0.000000000,0.000000000,0.000000000,0.000000000,0.000000000,0.000000000,0.000000000,0.000000000,-0.009606680,0.012721896,-0.043580770,-0.017089359,-0.007245727,0.006958624,-0.009113824,0.013200134,-0.015208917,-0.009586497,-0.007066123,0.006566333
7.899718523,-0.004794121,0.047361374,-0.016681671,-0.005177498,0.010545731,0.035857201,0.054382324,-0.024108887,0.016784668,0.030212402,-0.043807983,-0.017623901,-0.004794121,0.047361374,-0.016681671,-0.004794121,0.010545731,0.035857201,0.000008902,-0.147308230,-0.567833185,-0.121691234,0.069839187,0.000090937,-0.008560181,-0.149234772,-0.620752335,-0.124773026,0.057893753,0.010894775,0.000008902,-0.147308230,-0.567833185,-0.121691234,0.069839187,0.000090937,0.000000000,0.000000000,0.000000000,0.000000000,0.000000000,0.000000000,0.000000000,0.000000000,0.000000000,0.000000000,0.000000000,0.000000000,0.000000000,0.000000000,0.000000000,0.000000000,0.000000000,0.000000000,-0.008569082,-0.001926541,-0.052919149,-0.003081791,-0.011945434,0.010803839,-0.008076227,-0.001448304,-0.024547296,0.004421071,-0.011765830,0.010411548
7.909686804,-0.004794121,0.047361374,-0.016681671,-0.004794121,0.010545731,0.035857201,-0.036926270,0.072937012,0.051696777,0.148376465,0.008560181,-0.055892944,-0.004409790,0.047361374,-0.016681671,-0.004794121,0.010545731,0.035857201,0.000008902,-0.147308230,-0.567833185,-0.121691234,0.069839187,0.000090937,-0.002853394,-0.108947754,-0.590662003,-0.119066238,0.072420120,-0.005340576,0.000008902,-0.147308230,-0.567833185,-0.121691234,0.069839187,0.000090937,0.000000000,0.000000000,0.000000000,0.000000000,0.000000000,0.000000000,0.000000000,0.000000000,0.000000000,0.000000000,0.000000000,0.000000000,0.000000000,0.000000000,0.000000000,0.000000000,0.000000000,0.000000000,-0.002862295,0.038360476,-0.022828817,0.002624996,0.002580933,-0.005431513,-0.002369439,0.038838714,0.005543036,0.010127859,0.002760537,-0.005823804
7.919684410,-0.004409790,0.047361374,-0.017066002,-0.005177498,0.010545731,0.036240578,-0.016784668,0.066223145,-0.104068756,-0.070495605,-0.033737183,0.034744263,-0.004409790,0.047361374,-0.016681671,-0.004794121,0.010545731,0.036240578,0.000008902,-0.147307247,-0.567834139,-0.121692270,0.069839187,0.000089904,0.001815796,-0.152896881,-0.643579483,-0.145006180,0.068147659,-0.003204346,0.000008902,-0.147307247,-0.567834139,-0.121692270,0.069839187,0.000089904,0.000000000,0.000000000,0.000000000,0.000000000,0.000000000,0.000000000,0.000000000,0.000000000,0.000000000,0.000000000,0.000000000,0.000000000,0.000000000,0.000000000,0.000000000,0.000000000,0.000000000,0.000000000,0.001806894,-0.005589634,-0.075745344,-0.023313910,-0.001691528,-0.003294249,0.002299750,-0.005111397,-0.047373491,-0.015811047,-0.001511924,-0.003686540
7.929685593,-0.004409790,0.047361374,-0.016681671,-0.005177498,0.010545731,0.036240578,-0.023498535,0.002136230,0.042297363,-0.003356934,0.035751343,0.003524780,-0.004794121,0.047361374,-0.017066002,-0.005177498,0.010545731,0.035857201,0.000008902,-0.143213391,-0.571712494,-0.122925662,0.070616879,0.000093006,-0.015304565,-0.163883209,-0.597925186,-0.145524979,0.063875198,-0.005767822,0.000008902,-0.143213391,-0.571712494,-0.122925662,0.070616879,0.000093006,0.000000000,0.000000000,0.000000000,0.000000000,0.000000000,0.000000000,0.000000000,0.000000000,0.000000000,0.000000000,0.000000000,0.000000000,0.000000000,0.000000000,0.000000000,0.000000000,0.000000000,0.000000000,-0.015313467,-0.020669818,-0.026212692,-0.022599317,-0.006741680,-0.005860828,-0.014820611,-0.020191581,0.002159161,-0.015096455,-0.006562077,-0.006253119
7.939719200,-0.004794121,0.047361374,-0.017066002,-0.005177498,0.010545731,0.036240578,-0.144351959,-0.053407669,-0.109439850,-0.134952545,0.031723022,0.020645142,-0.004409790,0.047361374,-0.016681671,-0.005177498,0.010545731,0.036240578,0.000008902,-0.146721616,-0.568388939,-0.122308724,0.070227556,0.000090937,0.028793335,-0.158390045,-0.610895157,-0.124773026,0.071992874,-0.009613037,0.000008902,-0.146721616,-0.568388939,-0.122308724,0.070227556,0.000090937,0.000000000,0.000000000,0.000000000,0.000000000,0.000000000,0.000000000,0.000000000,0.000000000,0.000000000,0.000000000,0.000000000,0.000000000,0.000000000,0.000000000,0.000000000,0.000000000,0.000000000,0.000000000,0.028784433,-0.011668429,-0.042506218,-0.002464302,0.001765318,-0.009703974,0.029277289,-0.011190191,-0.014134365,0.005038561,0.001944922,-0.010096265
7.949690104,-0.004409790,0.047361374,-0.016681671,-0.004794121,0.010545731,0.036240578,0.040954590,0.025329590,0.081237793,0.108093262,0.067977905,-0.034744263,-0.004794121,0.047361374,-0.017066002,-0.004794121,0.010545731,0.036240578,0.000008902,-0.143798023,-0.571158648,-0.122310258,0.070228517,0.000090939,-0.003372192,-0.140079498,-0.589105606,-0.147081375,0.080965042,0.017730713,0.000008902,-0.143798023,-0.571158648,-0.122310258,0.070228517,0.000090939,0.000000000,0.000000000,0.000000000,0.000000000,0.000000000,0.000000000,0.000000000,0.000000000,0.000000000,0.000000000,0.000000000,0.000000000,0.000000000,0.000000000,0.000000000,0.000000000,0.000000000,0.000000000,-0.003381094,0.003718525,-0.017946959,-0.024771117,0.010736525,0.017639774,-0.002888238,0.004196763,0.010424895,-0.017268254,0.010916129,0.017247483
7.959675550,-0.004409790,0.047361374,-0.016681671,-0.004794121,0.010545731,0.035857201,-0.032897949,0.086977005,-0.020812988,0.032897949,-0.003524780,-0.034744263,-0.004409790,0.047361374,-0.016681671,-0.004794121,0.010545731,0.035857201,0.000008902,-0.147308230,-0.567833185,-0.121691234,0.069839187,0.000090937,-0.001296997,-0.158390045,-0.612451553,-0.140855789,0.071565628,0.007904053,0.000008902,-0.147308230,-0.567833185,-0.121691234,0.069839187,0.000090937,0.000000000,0.000000000,0.000000000,0.000000000,0.000000000,0.000000000,0.000000000,0.000000000,0.000000000,0.000000000,0.000000000,0.000000000,0.000000000,0.000000000,0.000000000,0.000000000,0.000000000,0.000000000,-0.001305899,-0.011081815,-0.044618368,-0.019164555,0.001726441,0.007813116,-0.000813043,-0.010603577,-0.016246515,-0.011661692,0.001906045,0.007420825
7.969687939,-0.004409790,0.047361374,-0.016681671,-0.005177498,0.010545731,0.035857201,0.010070801,-0.009460449,0.044982910,-0.028869629,0.009567261,-0.006546021,-0.004794121,0.047361374,-0.016681671,-0.004794121,0.010930061,0.035857201,0.000008902,-0.146938354,-0.568183601,-0.122080579,0.069838889,0.000090936,-0.007003784,-0.145572662,-0.624902725,-0.113878250,0.071138382,-0.018585205,0.000008902,-0.146938354,-0.568183601,-0.122080579,0.069838889,0.000090936,0.000000000,0.000000000,0.000000000,0.000000000,0.000000000,0.000000000,0.000000000,0.000000000,0.000000000,0.000000000,0.000000000,0.000000000,0.000000000,0.000000000,0.000000000,0.000000000,0.000000000,0.000000000,-0.007012686,0.001365691,-0.056719124,0.008202329,0.001299493,-0.018676141,-0.006519830,0.001843929,-0.028347271,0.015705192,0.001479097,-0.019068432
7.979722023,-0.004794121,0.047361374,-0.016681671,-0.005177498,0.010545731,0.035857201,-0.047668457,-0.050355911,0.059753418,-0.122867584,0.055892944,-0.022659302,-0.004409790,0.047361374,-0.016681671,-0.005177498,0.010545731,0.035857201,0.000008902,-0.146722600,-0.568387985,-0.122307688,0.070227556,0.000091970,0.007003784,-0.162052155,-0.592218399,-0.133592606,0.070711136,-0.009613037,0.000008902,-0.146722600,-0.568387985,-0.122307688,0.070227556,0.000091970,0.000000000,0.000000000,0.000000000,0.000000000,0.000000000,0.000000000,0.000000000,0.000000000,0.000000000,0.000000000,0.000000000,0.000000000,0.000000000,0.000000000,0.000000000,0.000000000,0.000000000,0.000000000,0.006994883,-0.015329555,-0.023830414,-0.011284918,0.000483580,-0.009705007,0.007487738,-0.014851317,0.004541440,-0.003782055,0.000663184,-0.010097298
7.989709139,-0.004794121,0.047361374,-0.017066002,-0.005177498,0.010545731,0.036240578,-0.016784668,0.018615723,0.047668457,-0.066467285,0.007553101,-0.033737183,-0.004409790,0.047361374,-0.016681671,-0.005177498,0.010545731,0.036240578,0.000008902,-0.146721616,-0.568388939,-0.122308724,0.070227556,0.000090937,-0.000778198,-0.143741608,-0.594812393,-0.123216629,0.072847366,0.006195068,0.000008902,-0.146721616,-0.568388939,-0.122308724,0.070227556,0.000090937,0.000000000,0.000000000,0.000000000,0.000000000,0.000000000,0.000000000,0.000000000,0.000000000,0.000000000,0.000000000,0.000000000,0.000000000,0.000000000,0.000000000,0.000000000,0.000000000,0.000000000,0.000000000,-0.000787100,0.002980009,-0.026423454,-0.000907905,0.002619810,0.006104132,-0.000294244,0.003458246,0.001948399,0.006594957,0.002799414,0.005711841
7.999654293,-0.004409790,0.047744751,-0.016681671,-0.005177498,0.010545731,0.036240578,-0.047668457,0.041809082,0.053039551,-0.089298248,-0.015609741,-0.024673462,-0.004794121,0.047361374,-0.016681671,-0.005177498,0.010930061,0.036240578,0.000008902,-0.146351755,-0.568739355,-0.122698054,0.070227258,0.000090936,0.000778198,-0.174869537,-0.588068008,-0.135667801,0.072420120,0.020721436,0.000008902,-0.146351755,-0.568739355,-0.122698054,0.070227258,0.000090936,0.000000000,0.000000000,0.000000000,0.000000000,0.000000000,0.000000000,0.000000000,0.000000000,0.000000000,0.000000000,0.000000000,0.000000000,0.000000000,0.000000000,0.000000000,0.000000000,0.000000000,0.000000000,0.000769297,-0.028517783,-0.019328654,-0.012969747,0.002192862,0.020630500,0.001262152,-0.028039545,0.009043200,-0.005466885,0.002372466,0.020238209
8.009650707,-0.004409790,0.047361374,-0.016681671,-0.005177498,0.010545731,0.035857201,0.071838379,0.015563965,0.030212402,-0.093326569,-0.044815063,0.002517700,-0.004409790,0.047361374,-0.016681671,-0.005177498,0.010545731,0.035857201,0.000008902,-0.146722600,-0.568387985,-0.122307688,0.070227556,0.000091970,-0.002853394,-0.105285645,-0.614007950,-0.143449783,0.077547073,-0.006622314,0.000008902,-0.146722600,-0.568387985,-0.122307688,0.070227556,0.000091970,0.000000000,0.000000000,0.000000000,0.000000000,0.000000000,0.000000000,0.000000000,0.000000000,0.000000000,0.000000000,0.000000000,0.000000000,0.000000000,0.000000000,0.000000000,0.000000000,0.000000000,0.000000000,-0.002862295,0.041436955,-0.045619965,-0.021142095,0.007319517,-0.006714284,-0.002369439,0.041915193,-0.017248111,-0.013639233,0.007499121,-0.007106575
8.019687653,-0.004409790,0.047361374,-0.016681671,-0.005177498,0.010545731,0.035857201,0.055725098,-0.021667480,0.053039551,0.027526855,0.035751343,-0.042800903,-0.004409790,0.047361374,-0.017066002,-0.004794121,0.010545731,0.035857201,0.000008901,-0.143799007,-0.571157694,-0.122309223,0.070228517,0.000091973,-0.004928589,-0.198673248,-0.597406387,-0.139818192,0.073274612,0.004486084,0.000008901,-0.143799007,-0.571157694,-0.122309223,0.070228517,0.000091973,0.000000000,0.000000000,0.000000000,0.000000000,0.000000000,0.000000000,0.000000000,0.000000000,0.000000000,0.000000000,0.000000000,0.000000000,0.000000000,0.000000000,0.000000000,0.000000000,0.000000000,0.000000000,-0.004937490,-0.054874241,-0.026248693,-0.017508969,0.003046095,0.004394111,-0.004444635,-0.054396004,0.002123160,-0.010006106,0.003225699,0.004001820
8.029685020,-0.004409790,0.047361374,-0.016681671,-0.005177498,0.010545731,0.035857201,0.085266113,0.132143021,-0.145694733,-0.044982910,-0.016616821,-0.016616821,-0.004409790,0.047361374,-0.017066002,-0.005177498,0.010545731,0.036240578,0.000008901,-0.143212408,-0.571713448,-0.122926690,0.070616879,0.000091972,-0.007003784,-0.173038483,-0.594293594,-0.129961014,0.073274612,-0.007476807,0.000008901,-0.143212408,-0.571713448,-0.122926690,0.070616879,0.000091972,0.000000000,0.000000000,0.000000000,0.000000000,0.000000000,0.000000000,0.000000000,0.000000000,0.000000000,0.000000000,0.000000000,0.000000000,0.000000000,0.000000000,0.000000000,0.000000000,0.000000000,0.000000000,-0.007012686,-0.029826075,-0.022580147,-0.007034324,0.002657734,-0.007568779,-0.006519830,-0.029347837,0.005791707,0.000468538,0.002837337,-0.007961070
8.039725304,-0.004409790,0.047361374,-0.016681671,-0.005177498,0.010545731,0.035857201,-0.058410645,-0.050966263,-0.040954590,0.104064941,0.028701782,0.016616821,-0.004409790,0.047361374,-0.016681671,-0.005177498,0.010545731,0.035857201,0.000008902,-0.146722600,-0.568387985,-0.122307688,0.070227556,0.000091970,0.011672974,-0.151065826,-0.594812393,-0.133592606,0.078828812,0.012176514,0.000008902,-0.146722600,-0.568387985,-0.122307688,0.070227556,0.000091970,0.000000000,0.000000000,0.000000000,0.000000000,0.000000000,0.000000000,0.000000000,0.000000000,0.000000000,0.000000000,0.000000000,0.000000000,0.000000000,0.000000000,0.000000000,0.000000000,0.000000000,0.000000000,0.011664072,-0.004343227,-0.026424408,-0.011284918,0.008601256,0.012084544,0.012156928,-0.003864989,0.001947445,-0.003782055,0.008780859,0.011692253
8.049685478,-0.004794121,0.047361374,-0.016681671,-0.005177498,0.010545731,0.036240578,0.039611816,0.043640137,0.082580566,-0.018127441,-0.031723022,0.006546021,-0.004409790,0.047361374,-0.016681671,-0.005177498,0.010545731,0.035857201,0.000008902,-0.146722600,-0.568387985,-0.122307688,0.070227556,0.000091970,-0.003890991,-0.165714264,-0.592737198,-0.135667801,0.068147659,-0.013031006,0.000008902,-0.146722600,-0.568387985,-0.122307688,0.070227556,0.000091970,0.000000000,0.000000000,0.000000000,0.000000000,0.000000000,0.000000000,0.000000000,0.000000000,0.000000000,0.000000000,0.000000000,0.000000000,0.000000000,0.000000000,0.000000000,0.000000000,0.000000000,0.000000000,-0.003899893,-0.018991664,-0.024349213,-0.013360113,-0.002079897,-0.013122976,-0.003407037,-0.018513427,0.004022641,-0.005857250,-0.001900293,-0.013515267
8.059685230,-0.004409790,0.047361374,-0.016681671,-0.005177498,0.010545731,0.035857201,0.002014160,-0.059511185,-0.040954590,-0.049011230,-0.019638062,-0.015609741,-0.004409790,0.047361374,-0.016681671,-0.005177498,0.010545731,0.036240578,0.000008902,-0.146721616,-0.568388939,-0.122308724,0.070227556,0.000090937,0.005966187,-0.129093170,-0.598443985,-0.118028641,0.065584183,-0.049347878,0.000008902,-0.146721616,-0.568388939,-0.122308724,0.070227556,0.000090937,0.000000000,0.000000000,0.000000000,0.000000000,0.000000000,0.000000000,0.000000000,0.000000000,0.000000000,0.000000000,0.000000000,0.000000000,0.000000000,0.000000000,0.000000000,0.000000000,0.000000000,0.000000000,0.005957285,0.017628446,-0.030055046,0.004280083,-0.004643373,-0.049438814,0.006450141,0.018106684,-0.001683193,0.011782945,-0.004463770,-0.049831105
8.069684982,-0.004409790,0.047361374,-0.016681671,-0.005177498,0.010545731,0.035857201,-0.042297363,0.004577637,0.028869629,0.140319824,-0.050857544,0.016616821,-0.004409790,0.047361374,-0.016681671,-0.004794121,0.010545731,0.035857201,0.000008902,-0.147308230,-0.567833185,-0.121691234,0.069839187,0.000090937,-0.005966187,-0.158390045,-0.618677139,-0.129442215,0.066438675,0.012603760,0.000008902,-0.147308230,-0.567833185,-0.121691234,0.069839187,0.000090937,0.000000000,0.000000000,0.000000000,0.000000000,0.000000000,0.000000000,0.000000000,0.000000000,0.000000000,0.000000000,0.000000000,0.000000000,0.000000000,0.000000000,0.000000000,0.000000000,0.000000000,0.000000000,-0.005975088,-0.011081815,-0.050843954,-0.007750981,-0.003400512,0.012512823,-0.005482232,-0.010603577,-0.022472101,-0.000248118,-0.003220908,0.012120532
8.079686165,-0.004794121,0.047361374,-0.017066002,-0.005177498,0.010545731,0.035857201,0.031555176,0.033264160,0.015441895,-0.032897949,-0.005538940,0.010574341,-0.004794121,0.047361374,-0.017066002,-0.005177498,0.010545731,0.035857201,0.000008902,-0.143213391,-0.571712494,-0.122925662,0.070616879,0.000093006,-0.011672974,-0.173038483,-0.591180801,-0.128404617,0.059175491,0.003204346,0.000008902,-0.143213391,-0.571712494,-0.122925662,0.070616879,0.000093006,0.000000000,0.000000000,0.000000000,0.000000000,0.000000000,0.000000000,0.000000000,0.000000000,0.000000000,0.000000000,0.000000000,0.000000000,0.000000000,0.000000000,0.000000000,0.000000000,0.000000000,0.000000000,-0.011681875,-0.029825091,-0.019468307,-0.005478956,-0.011441387,0.003111340,-0.011189020,-0.029346854,0.008903546,0.002023907,-0.011261784,0.002719049
8.089662790,-0.004409790,0.047361374,-0.016681671,-0.005177498,0.010545731,0.035857201,0.100036621,-0.095521927,-0.006042480,-0.163150787,0.001510620,-0.005538940,-0.004794121,0.047361374,-0.016681671,-0.005177498,0.010545731,0.035857201,0.000008902,-0.146722600,-0.568387985,-0.122307688,0.070227556,0.000091970,0.002853394,-0.125431061,-0.614526749,-0.135667801,0.071138382,0.002349854,0.000008902,-0.146722600,-0.568387985,-0.122307688,0.070227556,0.000091970,0.000000000,0.000000000,0.000000000,0.000000000,0.000000000,0.000000000,0.000000000,0.000000000,0.000000000,0.000000000,0.000000000,0.000000000,0.000000000,0.000000000,0.000000000,0.000000000,0.000000000,0.000000000,0.002844492,0.021291539,-0.046138763,-0.013360113,0.000910826,0.002257884,0.003337348,0.021769776,-0.017766910,-0.005857250,0.001090430,0.001865593
8.099685192,-0.004794121,0.047361374,-0.016681671,-0.004794121,0.010545731,0.036240578,-0.129581451,0.006408691,-0.102725983,0.032897949,0.047836304,-0.014602661,-0.004409790,0.047361374,-0.016681671,-0.005177498,0.010545731,0.035857201,0.000008902,-0.146722600,-0.568387985,-0.122307688,0.070227556,0.000091970,0.005447388,-0.134586334,-0.611932755,-0.132555008,0.063447952,0.003204346,0.000008902,-0.146722600,-0.568387985,-0.122307688,0.070227556,0.000091970,0.000000000,0.000000000,0.000000000,0.000000000,0.000000000,0.000000000,0.000000000,0.000000000,0.000000000,0.000000000,0.000000000,0.000000000,0.000000000,0.000000000,0.000000000,0.000000000,0.000000000,0.000000000,0.005438486,0.012136266,-0.043544769,-0.010247320,-0.006779604,0.003112376,0.005931342,0.012614503,-0.015172916,-0.002744457,-0.006600000,0.002720085
8.109684944,-0.004409790,0.047361374,-0.016681671,-0.005177498,0.010930061,0.035857201,0.100036621,0.096742630,0.094665527,-0.016784668,0.042800903,-0.048843384,-0.004794121,0.047361374,-0.016681671,-0.005177498,0.010545731,0.035857201,0.000008902,-0.146722600,-0.568387985,-0.122307688,0.070227556,0.000091970,0.004928589,-0.140079498,-0.571985245,-0.132036209,0.069429398,-0.001495361,0.000008902,-0.146722600,-0.568387985,-0.122307688,0.070227556,0.000091970,0.000000000,0.000000000,0.000000000,0.000000000,0.000000000,0.000000000,0.000000000,0.000000000,0.000000000,0.000000000,0.000000000,0.000000000,0.000000000,0.000000000,0.000000000,0.000000000,0.000000000,0.000000000,0.004919687,0.006643102,-0.003597260,-0.009728521,-0.000798158,-0.001587331,0.005412543,0.007121339,0.024774594,-0.002225659,-0.000618555,-0.001979622
8.119717360,-0.004409790,0.047744751,-0.016681671,-0.005177498,0.010545731,0.035857201,-0.016784668,0.132143021,-0.055725098,-0.199405670,-0.031723022,-0.004531860,-0.004409790,0.047361374,-0.017066002,-0.005177498,0.010545731,0.036240578,0.000008901,-0.143212408,-0.571713448,-0.122926690,0.070616879,0.000091972,0.004928589,-0.160221100,-0.555381775,-0.146043777,0.072420120,0.007476807,0.000008901,-0.143212408,-0.571713448,-0.122926690,0.070616879,0.000091972,0.000000000,0.000000000,0.000000000,0.000000000,0.000000000,0.000000000,0.000000000,0.000000000,0.000000000,0.000000000,0.000000000,0.000000000,0.000000000,0.000000000,0.000000000,0.000000000,0.000000000,0.000000000,0.004919687,-0.017008692,0.016331673,-0.023117088,0.001803242,0.007384834,0.005412543,-0.016530455,0.044703526,-0.015614225,0.001982845,0.006992543
8.129684448,-0.004794121,0.047361374,-0.016681671,-0.005177498,0.010545731,0.035857201,-0.046325684,0.007019043,-0.026184082,-0.016784668,-0.032730103,0.027694702,-0.004409790,0.047361374,-0.016681671,-0.005177498,0.010545731,0.036240578,0.000008902,-0.146721616,-0.568388939,-0.122308724,0.070227556,0.000090937,-0.003372192,-0.156558990,-0.588586807,-0.115434647,0.076265335,-0.001495361,0.000008902,-0.146721616,-0.568388939,-0.122308724,0.070227556,0.000090937,0.000000000,0.000000000,0.000000000,0.000000000,0.000000000,0.000000000,0.000000000,0.000000000,0.000000000,0.000000000,0.000000000,0.000000000,0.000000000,0.000000000,0.000000000,0.000000000,0.000000000,0.000000000,-0.003381094,-0.009837374,-0.020197868,0.006874077,0.006037779,-0.001586298,-0.002888238,-0.009359137,0.008173985,0.014376940,0.006217383,-0.001978589
8.139665604,-0.004794121,0.047361374,-0.016681671,-0.005177498,0.010545731,0.036240578,-0.032897949,-0.080873489,0.008728027,-0.063781738,-0.015609741,-0.002517700,-0.004409790,0.047361374,-0.016681671,-0.005177498,0.010545731,0.035857201,0.000008902,-0.146722600,-0.568387985,-0.122307688,0.070227556,0.000091970,0.010116577,-0.149234772,-0.580804825,-0.113359451,0.072847366,-0.003631592,0.000008902,-0.146722600,-0.568387985,-0.122307688,0.070227556,0.000091970,0.000000000,0.000000000,0.000000000,0.000000000,0.000000000,0.000000000,0.000000000,0.000000000,0.000000000,0.000000000,0.000000000,0.000000000,0.000000000,0.000000000,0.000000000,0.000000000,0.000000000,0.000000000,0.010107676,-0.002512172,-0.012416840,0.008948237,0.002619810,-0.003723562,0.010600531,-0.002033934,0.015955014,0.016451099,0.002799414,-0.004115853
8.149685860,-0.004409790,0.047361374,-0.016681671,-0.005177498,0.010545731,0.035857201,-0.014099121,0.038146973,0.089294434,0.031555176,-0.042800903,-0.005538940,-0.004409790,0.047361374,-0.016681671,-0.005177498,0.010545731,0.035857201,0.000008902,-0.146722600,-0.568387985,-0.122307688,0.070227556,0.000091970,-0.000259399,-0.176700592,-0.588068008,-0.127367020,0.072420120,-0.003204346,0.000008902,-0.146722600,-0.568387985,-0.122307688,0.070227556,0.000091970,0.000000000,0.000000000,0.000000000,0.000000000,0.000000000,0.000000000,0.000000000,0.000000000,0.000000000,0.000000000,0.000000000,0.000000000,0.000000000,0.000000000,0.000000000,0.000000000,0.000000000,0.000000000,-0.000268301,-0.029977992,-0.019680023,-0.005059332,0.002192564,-0.003296316,0.000224555,-0.029499755,0.008691830,0.002443531,0.002372168,-0.003688607
8.159689188,-0.004409790,0.047361374,-0.017066002,-0.005177498,0.010545731,0.035857201,-0.004699707,-0.093690872,-0.098697662,-0.034240723,0.040786743,-0.034744263,-0.004409790,0.047361374,-0.016681671,-0.005177498,0.010545731,0.036240578,0.000008902,-0.146721616,-0.568388939,-0.122308724,0.070227556,0.000090937,0.011672974,-0.189517975,-0.609857559,-0.093645096,0.068147659,0.001068115,0.000008902,-0.146721616,-0.568388939,-0.122308724,0.070227556,0.000090937,0.000000000,0.000000000,0.000000000,0.000000000,0.000000000,0.000000000,0.000000000,0.000000000,0.000000000,0.000000000,0.000000000,0.000000000,0.000000000,0.000000000,0.000000000,0.000000000,0.000000000,0.000000000,0.011664072,-0.042796358,-0.041468620,0.028663628,-0.002079897,0.000977178,0.012156928,-0.042318121,-0.013096767,0.036166490,-0.001900293,0.000584887
8.169698238,-0.004794121,0.047361374,-0.016681671,-0.004794121,0.010545731,0.036240578,-0.003356934,0.092470169,0.049011230,0.089294434,0.003524780,-0.027694702,-0.004409790,0.047361374,-0.016681671,-0.004794121,0.010545731,0.035857201,0.000008902,-0.147308230,-0.567833185,-0.121691234,0.069839187,0.000090937,-0.007522583,-0.158390045,-0.599481583,-0.134111404,0.058748245,-0.008758545,0.000008902,-0.147308230,-0.567833185,-0.121691234,0.069839187,0.000090937,0.000000000,0.000000000,0.000000000,0.000000000,0.000000000,0.000000000,0.000000000,0.000000000,0.000000000,0.000000000,0.000000000,0.000000000,0.000000000,0.000000000,0.000000000,0.000000000,0.000000000,0.000000000,-0.007531485,-0.011081815,-0.031648397,-0.012420170,-0.011090942,-0.008849482,-0.007038629,-0.010603577,-0.003276544,-0.004917307,-0.010911338,-0.009241773
8.179695368,-0.004409790,0.047361374,-0.016681671,-0.005177498,0.010545731,0.036240578,0.100036621,0.008239746,0.104064941,0.102722168,0.034744263,0.008560181,-0.004794121,0.047361374,-0.016681671,-0.005177498,0.010545731,0.035857201,0.000008902,-0.146722600,-0.568387985,-0.122307688,0.070227556,0.000091970,-0.004928589,-0.158390045,-0.586511612,-0.147600174,0.066011429,0.008758545,0.000008902,-0.146722600,-0.568387985,-0.122307688,0.070227556,0.000091970,0.000000000,0.000000000,0.000000000,0.000000000,0.000000000,0.000000000,0.000000000,0.000000000,0.000000000,0.000000000,0.000000000,0.000000000,0.000000000,0.000000000,0.000000000,0.000000000,0.000000000,0.000000000,-0.004937491,-0.011667445,-0.018123627,-0.025292486,-0.004216127,0.008666575,-0.004444635,-0.011189208,0.010248227,-0.017789623,-0.004036523,0.008274284
8.189713240,-0.004794121,0.047361374,-0.016681671,-0.004794121,0.010930061,0.036240578,-0.039611816,-0.063173294,-0.028869629,0.093322754,0.024673462,0.025680542,-0.004794121,0.047361374,-0.016681671,-0.005177498,0.010545731,0.035857201,0.000008902,-0.146722600,-0.568387985,-0.122307688,0.070227556,0.000091970,0.002334595,-0.182193756,-0.610376358,-0.132036209,0.071565628,-0.049775124,0.000008902,-0.146722600,-0.568387985,-0.122307688,0.070227556,0.000091970,0.000000000,0.000000000,0.000000000,0.000000000,0.000000000,0.000000000,0.000000000,0.000000000,0.000000000,0.000000000,0.000000000,0.000000000,0.000000000,0.000000000,0.000000000,0.000000000,0.000000000,0.000000000,0.002325693,-0.035471156,-0.041988373,-0.009728521,0.001338072,-0.049867094,0.002818549,-0.034992919,-0.013616519,-0.002225659,0.001517676,-0.050259385
8.199732542,-0.004409790,0.047361374,-0.016681671,-0.005177498,0.010545731,0.035857201,-0.019470215,-0.020446777,-0.034240723,-0.004699707,0.041793823,0.015609741,-0.004409790,0.047744751,-0.016681671,-0.004794121,0.010545731,0.036240578,0.000008902,-0.149846792,-0.571150422,-0.122308724,0.070227556,0.000090937,0.000259399,-0.156558990,-0.597925186,-0.134111404,0.074556351,0.004058838,0.000008902,-0.149846792,-0.571150422,-0.122308724,0.070227556,0.000090937,0.000000000,0.000000000,0.000000000,0.000000000,0.000000000,0.000000000,0.000000000,0.000000000,0.000000000,0.000000000,0.000000000,0.000000000,0.000000000,0.000000000,0.000000000,0.000000000,0.000000000,0.000000000,0.000250498,-0.006712198,-0.026774764,-0.011802681,0.004328795,0.003967901,0.000743354,-0.006233961,0.001597089,-0.004299818,0.004508398,0.003575610
8.209686756,-0.004409790,0.047361374,-0.016681671,-0.005177498,0.010545731,0.036240578,0.044982910,0.008850098,0.015441895,-0.046325684,0.030715942,0.008560181,-0.004409790,0.047361374,-0.016681671,-0.005177498,0.010545731,0.035857201,0.000008902,-0.146722600,-0.568387985,-0.122307688,0.070227556,0.000091970,0.016342163,-0.114440918,-0.599481583,-0.148118973,0.062166214,0.010040283,0.000008902,-0.146722600,-0.568387985,-0.122307688,0.070227556,0.000091970,0.000000000,0.000000000,0.000000000,0.000000000,0.000000000,0.000000000,0.000000000,0.000000000,0.000000000,0.000000000,0.000000000,0.000000000,0.000000000,0.000000000,0.000000000,0.000000000,0.000000000,0.000000000,0.016333262,0.032281682,-0.031093597,-0.025811285,-0.008061342,0.009948313,0.016826117,0.032759919,-0.002721744,-0.018308422,-0.007881738,0.009556022
8.219739676,-0.004794121,0.047361374,-0.016681671,-0.004794121,0.010545731,0.036240578,-0.018127441,-0.028991699,-0.102725983,0.097351074,0.007553101,-0.009567261,-0.004409790,0.047361374,-0.016681671,-0.005177498,0.010545731,0.036240578,0.000008902,-0.146721616,-0.568388939,-0.122308724,0.070227556,0.000090937,0.003890991,-0.154727936,-0.595849991,-0.132555008,0.073274612,-0.008331299,0.000008902,-0.146721616,-0.568388939,-0.122308724,0.070227556,0.000090937,0.000000000,0.000000000,0.000000000,0.000000000,0.000000000,0.000000000,0.000000000,0.000000000,0.000000000,0.000000000,0.000000000,0.000000000,0.000000000,0.000000000,0.000000000,0.000000000,0.000000000,0.000000000,0.003882090,-0.008006319,-0.027461052,-0.010246284,0.003047056,-0.008422236,0.004374945,-0.007528082,0.000910801,-0.002743422,0.003226660,-0.008814527
8.229689121,-0.004794121,0.047361374,-0.016681671,-0.004794121,0.010545731,0.035857201,-0.028869629,0.139467239,0.145690918,0.188663483,0.024673462,-0.066974640,-0.004409790,0.047361374,-0.016681671,-0.004794121,0.010545731,0.036240578,0.000008902,-0.147307247,-0.567834139,-0.121692270,0.069839187,0.000089904,-0.002853394,-0.162052155,-0.599481583,-0.135149002,0.067293167,-0.013458252,0.000008902,-0.147307247,-0.567834139,-0.121692270,0.069839187,0.000089904,0.000000000,0.000000000,0.000000000,0.000000000,0.000000000,0.000000000,0.000000000,0.000000000,0.000000000,0.000000000,0.000000000,0.000000000,0.000000000,0.000000000,0.000000000,0.000000000,0.000000000,0.000000000,-0.002862295,-0.014744908,-0.031647444,-0.013456732,-0.002546020,-0.013548156,-0.002369439,-0.014266670,-0.003275590,-0.005953869,-0.002366416,-0.013940447
8.239709854,-0.004409790,0.047361374,-0.016681671,-0.005177498,0.010545731,0.036240578,0.091979980,-0.003356934,-0.069152832,-0.143009186,-0.036758423,0.006546021,-0.004794121,0.047361374,-0.016681671,-0.005177498,0.010545731,0.035857201,0.000008902,-0.146722600,-0.568387985,-0.122307688,0.070227556,0.000091970,-0.003372192,-0.156558990,-0.597406387,-0.152269363,0.061311722,-0.027558327,0.000008902,-0.146722600,-0.568387985,-0.122307688,0.070227556,0.000091970,0.000000000,0.000000000,0.000000000,0.000000000,0.000000000,0.000000000,0.000000000,0.000000000,0.000000000,0.000000000,0.000000000,0.000000000,0.000000000,0.000000000,0.000000000,0.000000000,0.000000000,0.000000000,-0.003381094,-0.009836391,-0.029018402,-0.029961675,-0.008915834,-0.027650297,-0.002888238,-0.009358153,-0.000646549,-0.022458813,-0.008736231,-0.028042588
8.249687433,-0.004794121,0.047361374,-0.016681671,-0.004794121,0.010545731,0.036240578,0.066467285,0.038757324,0.094665527,0.051696777,-0.017623901,-0.030715942,-0.004794121,0.047361374,-0.016681671,-0.004794121,0.010545731,0.036240578,0.000008902,-0.147307247,-0.567834139,-0.121692270,0.069839187,0.000089904,-0.005447388,-0.145572662,-0.592218399,-0.123216629,0.067720413,0.033538818,0.000008902,-0.147307247,-0.567834139,-0.121692270,0.069839187,0.000089904,0.000000000,0.000000000,0.000000000,0.000000000,0.000000000,0.000000000,0.000000000,0.000000000,0.000000000,0.000000000,0.000000000,0.000000000,0.000000000,0.000000000,0.000000000,0.000000000,0.000000000,0.000000000,-0.005456289,0.001734585,-0.024384260,-0.001524359,-0.002118774,0.033448915,-0.004963434,0.002212822,0.003987593,0.005978504,-0.001939170,0.033056624
8.259704828,-0.004409790,0.047361374,-0.016681671,-0.005177498,0.010545731,0.035857201,0.065124512,0.047912598,0.010070801,-0.032897949,0.003524780,-0.023666382,-0.004409790,0.047361374,-0.016681671,-0.004794121,0.010545731,0.035857201,0.000008902,-0.147308230,-0.567833185,-0.121691234,0.069839187,0.000090937,-0.007003784,-0.187686920,-0.621271133,-0.125291824,0.069429398,-0.007049561,0.000008902,-0.147308230,-0.567833185,-0.121691234,0.069839187,0.000090937,0.000000000,0.000000000,0.000000000,0.000000000,0.000000000,0.000000000,0.000000000,0.000000000,0.000000000,0.000000000,0.000000000,0.000000000,0.000000000,0.000000000,0.000000000,0.000000000,0.000000000,0.000000000,-0.007012686,-0.040378690,-0.053437948,-0.003600590,-0.000409789,-0.007140497,-0.006519830,-0.039900452,-0.025066095,0.003902273,-0.000230186,-0.007532788
8.269687891,-0.004409790,0.047361374,-0.016681671,-0.005177498,0.010545731,0.036240578,0.113464355,-0.094911575,-0.054382324,-0.012756348,-0.048843384,-0.028701782,-0.004409790,0.047361374,-0.016681671,-0.005177498,0.010545731,0.035857201,0.000008902,-0.146722600,-0.568387985,-0.122307688,0.070227556,0.000091970,-0.000778198,-0.132755280,-0.567316055,-0.142412186,0.076265335,-0.002777100,0.000008902,-0.146722600,-0.568387985,-0.122307688,0.070227556,0.000091970,0.000000000,0.000000000,0.000000000,0.000000000,0.000000000,0.000000000,0.000000000,0.000000000,0.000000000,0.000000000,0.000000000,0.000000000,0.000000000,0.000000000,0.000000000,0.000000000,0.000000000,0.000000000,-0.000787100,0.013967320,0.001071930,-0.020104498,0.006037779,-0.002869070,-0.000294244,0.014445558,0.029443783,-0.012601635,0.006217383,-0.003261361
8.279699802,-0.004409790,0.047361374,-0.017066002,-0.005177498,0.010545731,0.035857201,-0.036926270,-0.199283600,-0.219547272,-0.049011230,0.007553101,-0.048843384,-0.004409790,0.047361374,-0.016681671,-0.005177498,0.010545731,0.036240578,0.000008902,-0.146721616,-0.568388939,-0.122308724,0.070227556,0.000090937,-0.011154175,-0.129093170,-0.598962784,-0.150194168,0.069002151,-0.007476807,0.000008902,-0.146721616,-0.568388939,-0.122308724,0.070227556,0.000090937,0.000000000,0.000000000,0.000000000,0.000000000,0.000000000,0.000000000,0.000000000,0.000000000,0.000000000,0.000000000,0.000000000,0.000000000,0.000000000,0.000000000,0.000000000,0.000000000,0.000000000,0.000000000,-0.011163076,0.017628446,-0.030573845,-0.027885444,-0.001225404,-0.007567743,-0.010670221,0.018106684,-0.002201992,-0.020382582,-0.001045801,-0.007960034
8.289751530,-0.004794121,0.047361374,-0.016681671,-0.005177498,0.010545731,0.035857201,-0.028869629,-0.082094193,-0.091983795,-0.117496490,0.041793823,-0.021652222,-0.004794121,0.047361374,-0.016681671,-0.004794121,0.010545731,0.036240578,0.000008902,-0.147307247,-0.567834139,-0.121692270,0.069839187,0.000089904,-0.003372192,-0.162052155,-0.584955215,-0.134630203,0.064729691,-0.001068115,0.000008902,-0.147307247,-0.567834139,-0.121692270,0.069839187,0.000089904,0.000000000,0.000000000,0.000000000,0.000000000,0.000000000,0.000000000,0.000000000,0.000000000,0.000000000,0.000000000,0.000000000,0.000000000,0.000000000,0.000000000,0.000000000,0.000000000,0.000000000,0.000000000,-0.003381094,-0.014744908,-0.017121077,-0.012937933,-0.005109496,-0.001158019,-0.002888238,-0.014266670,0.011250777,-0.005435071,-0.004929893,-0.001550310
8.299690723,-0.004794121,0.047361374,-0.017066002,-0.005177498,0.010545731,0.036240578,-0.121524811,-0.010681152,-0.211490631,-0.006042480,0.044815063,0.079055786,-0.004794121,0.047361374,-0.016681671,-0.005177498,0.010545731,0.035857201,0.000008902,-0.146722600,-0.568387985,-0.122307688,0.070227556,0.000091970,-0.005966187,-0.129093170,-0.566797256,-0.118547440,0.060884476,0.013031006,0.000008902,-0.146722600,-0.568387985,-0.122307688,0.070227556,0.000091970,0.000000000,0.000000000,0.000000000,0.000000000,0.000000000,0.000000000,0.000000000,0.000000000,0.000000000,0.000000000,0.000000000,0.000000000,0.000000000,0.000000000,0.000000000,0.000000000,0.000000000,0.000000000,-0.005975088,0.017629430,0.001590729,0.003760248,-0.009343080,0.012939036,-0.005482232,0.018107667,0.029962582,0.011263111,-0.009163477,0.012546745
8.309685946,-0.004409790,0.047361374,-0.016681671,-0.005177498,0.010545731,0.036240578,0.047668457,0.010681152,0.047668457,-0.059753418,0.014602661,0.028701782,-0.004794121,0.047361374,-0.016681671,-0.005177498,0.010545731,0.035857201,0.000008902,-0.146722600,-0.568387985,-0.122307688,0.070227556,0.000091970,-0.003372192,-0.147403717,-0.616601944,-0.136186600,0.077119827,0.021148682,0.000008902,-0.146722600,-0.568387985,-0.122307688,0.070227556,0.000091970,0.000000000,0.000000000,0.000000000,0.000000000,0.000000000,0.000000000,0.000000000,0.000000000,0.000000000,0.000000000,0.000000000,0.000000000,0.000000000,0.000000000,0.000000000,0.000000000,0.000000000,0.000000000,-0.003381094,-0.000681117,-0.048213959,-0.013878912,0.006892271,0.021056712,-0.002888238,-0.000202880,-0.019842105,-0.006376049,0.007071875,0.020664421
8.319716454,-0.004794121,0.047361374,-0.016681671,-0.004794121,0.010545731,0.036240578,-0.018127441,0.139467239,0.003356934,-0.058410645,0.040786743,-0.021652222,-0.004794121,0.047361374,-0.016681671,-0.005177498,0.010545731,0.036240578,0.000008902,-0.146721616,-0.568388939,-0.122308724,0.070227556,0.000090937,-0.007003784,-0.156558990,-0.589624405,-0.133073807,0.071992874,-0.000213623,0.000008902,-0.146721616,-0.568388939,-0.122308724,0.070227556,0.000090937,0.000000000,0.000000000,0.000000000,0.000000000,0.000000000,0.000000000,0.000000000,0.000000000,0.000000000,0.000000000,0.000000000,0.000000000,0.000000000,0.000000000,0.000000000,0.000000000,0.000000000,0.000000000,-0.007012686,-0.009837374,-0.021235466,-0.010765083,0.001765318,-0.000304560,-0.006519830,-0.009359137,0.007136387,-0.003262221,0.001944922,-0.000696851
8.329686642,-0.004794121,0.047361374,-0.016681671,-0.004794121,0.010545731,0.035857201,0.149719238,0.027770996,-0.046325684,0.094665527,-0.023666382,-0.033737183,-0.004794121,0.047361374,-0.016681671,-0.004794121,0.010545731,0.036240578,0.000008902,-0.147307247,-0.567834139,-0.121692270,0.069839187,0.000089904,0.010116577,-0.152896881,-0.590662003,-0.112321854,0.066011429,-0.036103249,0.000008902,-0.147307247,-0.567834139,-0.121692270,0.069839187,0.000089904,0.000000000,0.000000000,0.000000000,0.000000000,0.000000000,0.000000000,0.000000000,0.000000000,0.000000000,0.000000000,0.000000000,0.000000000,0.000000000,0.000000000,0.000000000,0.000000000,0.000000000,0.000000000,0.010107675,-0.005589634,-0.022827864,0.009370416,-0.003827758,-0.036193152,0.010600531,-0.005111397,0.005543990,0.016873279,-0.003648155,-0.036585443
8.339687824,-0.004409790,0.047361374,-0.016681671,-0.005177498,0.010545731,0.036240578,0.046325684,0.055236816,0.120178223,-0.063781738,-0.040786743,0.012588501,-0.004794121,0.047361374,-0.017066002,-0.004794121,0.010545731,0.035857201,0.000008902,-0.143799007,-0.571157694,-0.122309223,0.070228517,0.000091973,-0.003372192,-0.141910553,-0.551750183,-0.124254227,0.058748245,0.018157959,0.000008902,-0.143799007,-0.571157694,-0.122309223,0.070228517,0.000091973,0.000000000,0.000000000,0.000000000,0.000000000,0.000000000,0.000000000,0.000000000,0.000000000,0.000000000,0.000000000,0.000000000,0.000000000,0.000000000,0.000000000,0.000000000,0.000000000,0.000000000,0.000000000,-0.003381094,0.001888454,0.019407511,-0.001945004,-0.011480272,0.018065986,-0.002888238,0.002366691,0.047779364,0.005557859,-0.011300668,0.017673695
8.349695921,-0.004794121,0.047361374,-0.016681671,-0.005177498,0.010545731,0.035857201,-0.008728027,-0.000915527,0.043640137,0.008728027,0.068984985,-0.033737183,-0.004794121,0.047361374,-0.016681671,-0.005177498,0.010545731,0.035857201,0.000008902,-0.146722600,-0.568387985,-0.122307688,0.070227556,0.000091970,-0.003372192,-0.185855865,-0.576135635,-0.140336990,0.076692581,0.007049561,0.000008902,-0.146722600,-0.568387985,-0.122307688,0.070227556,0.000091970,0.000000000,0.000000000,0.000000000,0.000000000,0.000000000,0.000000000,0.000000000,0.000000000,0.000000000,0.000000000,0.000000000,0.000000000,0.000000000,0.000000000,0.000000000,0.000000000,0.000000000,0.000000000,-0.003381094,-0.039133266,-0.007747650,-0.018029302,0.006465025,0.006957591,-0.002888238,-0.038655028,0.020624203,-0.010526440,0.006644629,0.006565300
8.359710932,-0.004409790,0.047361374,-0.016681671,-0.005177498,0.010545731,0.035857201,0.116149902,0.022888184,-0.109439850,-0.255802155,0.025680542,-0.065967560,-0.004409790,0.047361374,-0.016681671,-0.005177498,0.010545731,0.035857201,0.000008902,-0.146722600,-0.568387985,-0.122307688,0.070227556,0.000091970,-0.000259399,-0.154727936,-0.597406387,-0.111284256,0.059602737,0.015167236,0.000008902,-0.146722600,-0.568387985,-0.122307688,0.070227556,0.000091970,0.000000000,0.000000000,0.000000000,0.000000000,0.000000000,0.000000000,0.000000000,0.000000000,0.000000000,0.000000000,0.000000000,0.000000000,0.000000000,0.000000000,0.000000000,0.000000000,0.000000000,0.000000000,-0.000268301,-0.008005336,-0.029018402,0.011023432,-0.010624819,0.015075266,0.000224555,-0.007527099,-0.000646549,0.018526295,-0.010445215,0.014682975
8.369688749,-0.004794121,0.047361374,-0.016681671,-0.005177498,0.010545731,0.035857201,-0.172550201,-0.014343262,0.042297363,-0.071838379,0.004531860,0.011581421,-0.004794121,0.047361374,-0.016681671,-0.004794121,0.010545731,0.035857201,0.000008902,-0.147308230,-0.567833185,-0.121691234,0.069839187,0.000090937,0.010116577,-0.138248444,-0.591699600,-0.126848221,0.069002151,0.010040283,0.000008902,-0.147308230,-0.567833185,-0.121691234,0.069839187,0.000090937,0.000000000,0.000000000,0.000000000,0.000000000,0.000000000,0.000000000,0.000000000,0.000000000,0.000000000,0.000000000,0.000000000,0.000000000,0.000000000,0.000000000,0.000000000,0.000000000,0.000000000,0.000000000,0.010107675,0.009059787,-0.023866415,-0.005156986,-0.000837035,0.009949346,0.010600531,0.009538024,0.004505438,0.002345876,-0.000657432,0.009557055
8.379689217,-0.004794121,0.047361374,-0.016681671,-0.005177498,0.010545731,0.035857201,-0.113468170,-0.010070801,-0.032897949,-0.078552246,0.055892944,-0.009567261,-0.004794121,0.047361374,-0.016681671,-0.005177498,0.010545731,0.035857201,0.000008902,-0.146722600,-0.568387985,-0.122307688,0.070227556,0.000091970,0.001296997,-0.132755280,-0.618677139,-0.138261795,0.069429398,0.002349854,0.000008902,-0.146722600,-0.568387985,-0.122307688,0.070227556,0.000091970,0.000000000,0.000000000,0.000000000,0.000000000,0.000000000,0.000000000,0.000000000,0.000000000,0.000000000,0.000000000,0.000000000,0.000000000,0.000000000,0.000000000,0.000000000,0.000000000,0.000000000,0.000000000,0.001288095,0.013967320,-0.050289154,-0.015954107,-0.000798158,0.002257884,0.001780951,0.014445558,-0.021917301,-0.008451245,-0.000618555,0.001865593
8.389688730,-0.004409790,0.047361374,-0.016681671,-0.005177498,0.010545731,0.035857201,0.143005371,0.011291504,0.055725098,0.008728027,-0.079059601,-0.025680542,-0.004794121,0.047361374,-0.016681671,-0.005177498,0.010930061,0.035857201,0.000008902,-0.146352738,-0.568738401,-0.122697018,0.070227258,0.000091969,-0.012710571,-0.169376373,-0.591180801,-0.129961014,0.069856644,-0.008758545,0.000008902,-0.146352738,-0.568738401,-0.122697018,0.070227258,0.000091969,0.000000000,0.000000000,0.000000000,0.000000000,0.000000000,0.000000000,0.000000000,0.000000000,0.000000000,0.000000000,0.000000000,0.000000000,0.000000000,0.000000000,0.000000000,0.000000000,0.000000000,0.000000000,-0.012719473,-0.023023635,-0.022442400,-0.007263996,-0.000370614,-0.008850514,-0.012226617,-0.022545398,0.005929453,0.000238867,-0.000191011,-0.009242805
8.399738312,-0.004794121,0.047361374,-0.017066002,-0.005177498,0.010930061,0.036240578,0.015441895,0.004577637,0.007385254,-0.019470215,0.067977905,0.017623901,-0.004794121,0.047361374,-0.016681671,-0.005177498,0.010545731,0.035857201,0.000008902,-0.146722600,-0.568387985,-0.122307688,0.070227556,0.000091970,0.000778198,-0.140079498,-0.607782364,-0.099351883,0.068147659,-0.028840065,0.000008902,-0.146722600,-0.568387985,-0.122307688,0.070227556,0.000091970,0.000000000,0.000000000,0.000000000,0.000000000,0.000000000,0.000000000,0.000000000,0.000000000,0.000000000,0.000000000,0.000000000,0.000000000,0.000000000,0.000000000,0.000000000,0.000000000,0.000000000,0.000000000,0.000769297,0.006643102,-0.039394379,0.022955805,-0.002079897,-0.028932035,0.001262152,0.007121339,-0.011022525,0.030458668,-0.001900293,-0.029324326
8.409686327,-0.004794121,0.047361374,-0.016681671,-0.005177498,0.010545731,0.035857201,-0.105411530,0.030822754,0.114807129,-0.047668457,-0.039779663,0.014602661,-0.004794121,0.047361374,-0.016681671,-0.005177498,0.010545731,0.035857201,0.000008902,-0.146722600,-0.568387985,-0.122307688,0.070227556,0.000091970,-0.013229370,-0.173038483,-0.594293594,-0.157457352,0.072420120,0.005340576,0.000008902,-0.146722600,-0.568387985,-0.122307688,0.070227556,0.000091970,0.000000000,0.000000000,0.000000000,0.000000000,0.000000000,0.000000000,0.000000000,0.000000000,0.000000000,0.000000000,0.000000000,0.000000000,0.000000000,0.000000000,0.000000000,0.000000000,0.000000000,0.000000000,-0.013238272,-0.026315883,-0.025905609,-0.035149664,0.002192564,0.005248606,-0.012745416,-0.025837645,0.002466244,-0.027646801,0.002372168,0.004856315
8.419687986,-0.004409790,0.047361374,-0.016681671,-0.005177498,0.010545731,0.035857201,0.134948730,0.042419434,0.061096191,-0.113468170,-0.013595581,0.035751343,-0.004794121,0.047361374,-0.016681671,-0.005177498,0.010545731,0.035857201,0.000008902,-0.146722600,-0.568387985,-0.122307688,0.070227556,0.000091970,-0.007003784,-0.141910553,-0.620752335,-0.128404617,0.069429398,-0.001922607,0.000008902,-0.146722600,-0.568387985,-0.122307688,0.070227556,0.000091970,0.000000000,0.000000000,0.000000000,0.000000000,0.000000000,0.000000000,0.000000000,0.000000000,0.000000000,0.000000000,0.000000000,0.000000000,0.000000000,0.000000000,0.000000000,0.000000000,0.000000000,0.000000000,-0.007012686,0.004812047,-0.052364349,-0.006096929,-0.000798158,-0.002014577,-0.006519830,0.005290284,-0.023992496,0.001405933,-0.000618555,-0.002406868
8.429687023,-0.004794121,0.047361374,-0.016681671,-0.005177498,0.010545731,0.035857201,-0.108097076,-0.039979935,0.063781738,0.070495605,0.021652222,-0.032730103,-0.004794121,0.047361374,-0.016681671,-0.005177498,0.010545731,0.035857201,0.000008902,-0.146722600,-0.568387985,-0.122307688,0.070227556,0.000091970,0.000259399,-0.151065826,-0.586511612,-0.113359451,0.069429398,-0.015167236,0.000008902,-0.146722600,-0.568387985,-0.122307688,0.070227556,0.000091970,0.000000000,0.000000000,0.000000000,0.000000000,0.000000000,0.000000000,0.000000000,0.000000000,0.000000000,0.000000000,0.000000000,0.000000000,0.000000000,0.000000000,0.000000000,0.000000000,0.000000000,0.000000000,0.000250498,-0.004343227,-0.018123627,0.008948237,-0.000798158,-0.015259206,0.000743353,-0.003864989,0.010248227,0.016451099,-0.000618555,-0.015651497
8.439694881,-0.004409790,0.047361374,-0.016681671,-0.005177498,0.010545731,0.035857201,0.038269043,0.043029785,-0.096012115,-0.165836334,0.048843384,0.002517700,-0.004794121,0.047361374,-0.016681671,-0.005177498,0.010545731,0.035857201,0.000008902,-0.146722600,-0.568387985,-0.122307688,0.070227556,0.000091970,0.004409790,-0.163883209,-0.576654434,-0.137224197,0.053192139,0.004058838,0.000008902,-0.146722600,-0.568387985,-0.122307688,0.070227556,0.000091970,0.000000000,0.000000000,0.000000000,0.000000000,0.000000000,0.000000000,0.000000000,0.000000000,0.000000000,0.000000000,0.000000000,0.000000000,0.000000000,0.000000000,0.000000000,0.000000000,0.000000000,0.000000000,0.004400888,-0.017160609,-0.008266449,-0.014916509,-0.017035417,0.003966868,0.004893744,-0.016682372,0.020105404,-0.007413647,-0.016855814,0.003574577
8.449691296,-0.004409790,0.047361374,-0.017066002,-0.005177498,0.010545731,0.035857201,-0.014099121,-0.014953613,-0.070495605,0.010070801,-0.049850464,0.028701782,-0.004409790,0.047361374,-0.016681671,-0.004794121,0.010545731,0.035857201,0.000008902,-0.147308230,-0.567833185,-0.121691234,0.069839187,0.000090937,0.009597778,-0.189517975,-0.634759903,-0.124254227,0.074129105,-0.024993896,0.000008902,-0.147308230,-0.567833185,-0.121691234,0.069839187,0.000090937,0.000000000,0.000000000,0.000000000,0.000000000,0.000000000,0.000000000,0.000000000,0.000000000,0.000000000,0.000000000,0.000000000,0.000000000,0.000000000,0.000000000,0.000000000,0.000000000,0.000000000,0.000000000,0.009588877,-0.042209744,-0.066926718,-0.002562992,0.004289918,-0.025084833,0.010081733,-0.041731507,-0.038554864,0.004939870,0.004469521,-0.025477124
8.459714651,-0.004409790,0.047361374,-0.016681671,-0.005177498,0.010545731,0.035857201,0.085266113,0.077819824,0.086608887,-0.031555176,0.001510620,0.022659302,-0.004409790,0.047361374,-0.016681671,-0.005177498,0.010930061,0.035857201,0.000008902,-0.146352738,-0.568738401,-0.122697018,0.070227258,0.000091969,-0.004409790,-0.129093170,-0.603113174,-0.139818192,0.076692581,-0.012176514,0.000008902,-0.146352738,-0.568738401,-0.122697018,0.070227258,0.000091969,0.000000000,0.000000000,0.000000000,0.000000000,0.000000000,0.000000000,0.000000000,0.000000000,0.000000000,0.000000000,0.000000000,0.000000000,0.000000000,0.000000000,0.000000000,0.000000000,0.000000000,0.000000000,-0.004418692,0.017259568,-0.034374774,-0.017121173,0.006465323,-0.012268483,-0.003925836,0.017737805,-0.006002920,-0.009618311,0.006644927,-0.012660774
8.469686747,-0.004409790,0.047361374,-0.016681671,-0.004794121,0.010545731,0.035857201,0.032897949,-0.048524857,0.090637207,0.055725098,0.053878784,-0.016616821,-0.004794121,0.047361374,-0.016681671,-0.005177498,0.010545731,0.035857201,0.000008902,-0.146722600,-0.568387985,-0.122307688,0.070227556,0.000091970,-0.003890991,-0.140079498,-0.589105606,-0.123216629,0.074983597,0.003204346,0.000008902,-0.146722600,-0.568387985,-0.122307688,0.070227556,0.000091970,0.000000000,0.000000000,0.000000000,0.000000000,0.000000000,0.000000000,0.000000000,0.000000000,0.000000000,0.000000000,0.000000000,0.000000000,0.000000000,0.000000000,0.000000000,0.000000000,0.000000000,0.000000000,-0.003899893,0.006643102,-0.020717621,-0.000908941,0.004756041,0.003112376,-0.003407037,0.007121339,0.007654232,0.006593922,0.004935644,0.002720085
8.479688883,-0.004409790,0.047361374,-0.016681671,-0.004794121,0.010545731,0.035857201,0.164489746,-0.002746582,0.093322754,0.011413574,-0.043807983,-0.002517700,-0.004409790,0.047361374,-0.016681671,-0.004794121,0.010545731,0.035857201,0.000008902,-0.147308230,-0.567833185,-0.121691234,0.069839187,0.000090937,-0.000259399,-0.178531647,-0.570428848,-0.131517410,0.069856644,0.011749268,0.000008902,-0.147308230,-0.567833185,-0.121691234,0.069839187,0.000090937,0.000000000,0.000000000,0.000000000,0.000000000,0.000000000,0.000000000,0.000000000,0.000000000,0.000000000,0.000000000,0.000000000,0.000000000,0.000000000,0.000000000,0.000000000,0.000000000,0.000000000,0.000000000,-0.000268301,-0.031223416,-0.002595663,-0.009826176,0.000017457,0.011658331,0.000224555,-0.030745179,0.025776190,-0.002323313,0.000197060,0.011266040
8.489689112,-0.004794121,0.047361374,-0.016681671,-0.004794121,0.010545731,0.035857201,-0.014099121,0.057678223,-0.073181152,-0.008728027,-0.013595581,-0.041793823,-0.004794121,0.047361374,-0.016681671,-0.005177498,0.010545731,0.035857201,0.000008902,-0.146722600,-0.568387985,-0.122307688,0.070227556,0.000091970,-0.001296997,-0.160221100,-0.599481583,-0.107652664,0.064302444,-0.016876221,0.000008902,-0.146722600,-0.568387985,-0.122307688,0.070227556,0.000091970,0.000000000,0.000000000,0.000000000,0.000000000,0.000000000,0.000000000,0.000000000,0.000000000,0.000000000,0.000000000,0.000000000,0.000000000,0.000000000,0.000000000,0.000000000,0.000000000,0.000000000,0.000000000,-0.001305899,-0.013498500,-0.031093597,0.014655024,-0.005925111,-0.016968191,-0.000813043,-0.013020263,-0.002721744,0.022157886,-0.005745508,-0.017360482
8.499690294,-0.004409790,0.047361374,-0.016681671,-0.005177498,0.010545731,0.035857201,0.192691803,-0.003967285,-0.070495605,0.028869629,-0.062942505,-0.024673462,-0.004409790,0.047361374,-0.016681671,-0.005177498,0.010545731,0.036240578,0.000008902,-0.146721616,-0.568388939,-0.122308724,0.070227556,0.000090937,-0.001296997,-0.145572662,-0.634241104,-0.115434647,0.059602737,-0.000640869,0.000008902,-0.146721616,-0.568388939,-0.122308724,0.070227556,0.000090937,0.000000000,0.000000000,0.000000000,0.000000000,0.000000000,0.000000000,0.000000000,0.000000000,0.000000000,0.000000000,0.000000000,0.000000000,0.000000000,0.000000000,0.000000000,0.000000000,0.000000000,0.000000000,-0.001305899,0.001148954,-0.065852165,0.006874077,-0.010624819,-0.000731806,-0.000813043,0.001627191,-0.037480312,0.014376940,-0.010445215,-0.001124097
8.509682178,-0.004409790,0.047361374,-0.017066002,-0.004794121,0.010545731,0.035857201,0.003356934,0.126649857,-0.108097076,0.126892090,-0.021652222,-0.025680542,-0.004794121,0.047361374,-0.017066002,-0.004794121,0.010545731,0.035857201,0.000008902,-0.143799007,-0.571157694,-0.122309223,0.070228517,0.000091973,0.017379761,-0.108947754,-0.580804825,-0.134111404,0.084383011,-0.010467529,0.000008902,-0.143799007,-0.571157694,-0.122309223,0.070228517,0.000091973,0.000000000,0.000000000,0.000000000,0.000000000,0.000000000,0.000000000,0.000000000,0.000000000,0.000000000,0.000000000,0.000000000,0.000000000,0.000000000,0.000000000,0.000000000,0.000000000,0.000000000,0.000000000,0.017370859,0.034851253,-0.009647131,-0.011802182,0.014154494,-0.010559502,0.017863715,0.035329490,0.018724722,-0.004299319,0.014334097,-0.010951793
8.519687891,-0.004409790,0.047361374,-0.016681671,-0.005177498,0.010545731,0.035857201,-0.062438965,0.011901855,-0.022155762,-0.038269043,0.002517700,-0.062942505,-0.004409790,0.047361374,-0.016681671,-0.005177498,0.010545731,0.036240578,0.000008902,-0.146721616,-0.568388939,-0.122308724,0.070227556,0.000090937,0.003372192,-0.158390045,-0.587549210,-0.143968582,0.072847366,0.011322021,0.000008902,-0.146721616,-0.568388939,-0.122308724,0.070227556,0.000090937,0.000000000,0.000000000,0.000000000,0.000000000,0.000000000,0.000000000,0.000000000,0.000000000,0.000000000,0.000000000,0.000000000,0.000000000,0.000000000,0.000000000,0.000000000,0.000000000,0.000000000,0.000000000,0.003363291,-0.011668429,-0.019160271,-0.021659859,0.002619810,0.011231085,0.003856147,-0.011190191,0.009211583,-0.014156996,0.002799414,0.010838794
8.529688597,-0.004409790,0.047361374,-0.016681671,-0.005177498,0.010545731,0.035857201,0.000671387,0.025329590,0.038269043,0.055725098,0.027694702,-0.067981720,-0.004409790,0.047361374,-0.016681671,-0.005177498,0.010545731,0.035857201,0.000008902,-0.146722600,-0.568387985,-0.122307688,0.070227556,0.000091970,-0.011154175,-0.173038483,-0.651361465,-0.146562576,0.074983597,-0.012603760,0.000008902,-0.146722600,-0.568387985,-0.122307688,0.070227556,0.000091970,0.000000000,0.000000000,0.000000000,0.000000000,0.000000000,0.000000000,0.000000000,0.000000000,0.000000000,0.000000000,0.000000000,0.000000000,0.000000000,0.000000000,0.000000000,0.000000000,0.000000000,0.000000000,-0.011163076,-0.026315883,-0.082973480,-0.024254888,0.004756041,-0.012695730,-0.010670221,-0.025837645,-0.054601627,-0.016752026,0.004935644,-0.013088021
8.539673567,-0.004409790,0.047361374,-0.016681671,-0.005177498,0.010545731,0.035857201,-0.026184082,0.035705566,-0.074523926,-0.055725098,-0.020645142,0.019638062,-0.004409790,0.047361374,-0.017066002,-0.004794121,0.010545731,0.036240578,0.000008901,-0.143798023,-0.571158648,-0.122310258,0.070228517,0.000090939,-0.006484985,-0.163883209,-0.586511612,-0.124254227,0.072847366,-0.005340576,0.000008901,-0.143798023,-0.571158648,-0.122310258,0.070228517,0.000090939,0.000000000,0.000000000,0.000000000,0.000000000,0.000000000,0.000000000,0.000000000,0.000000000,0.000000000,0.000000000,0.000000000,0.000000000,0.000000000,0.000000000,0.000000000,0.000000000,0.000000000,0.000000000,-0.006493887,-0.020085186,-0.015352964,-0.001943968,0.002618849,-0.005431515,-0.006001031,-0.019606948,0.013018889,0.005558894,0.002798453,-0.005823807
8.549690247,-0.004409790,0.047361374,-0.017066002,-0.005177498,0.010545731,0.035857201,0.055725098,-0.019836426,-0.129581451,-0.003356934,0.007553101,0.036758423,-0.004794121,0.047361374,-0.016681671,-0.004794121,0.010545731,0.035857201,0.000008902,-0.147308230,-0.567833185,-0.121691234,0.069839187,0.000090937,0.004409790,-0.132755280,-0.557456970,-0.143968582,0.061738968,-0.022430420,0.000008902,-0.147308230,-0.567833185,-0.121691234,0.069839187,0.000090937,0.000000000,0.000000000,0.000000000,0.000000000,0.000000000,0.000000000,0.000000000,0.000000000,0.000000000,0.000000000,0.000000000,0.000000000,0.000000000,0.000000000,0.000000000,0.000000000,0.000000000,0.000000000,0.004400888,0.014552951,0.010376215,-0.022277348,-0.008100219,-0.022521357,0.004893744,0.015031188,0.038748068,-0.014774485,-0.007920615,-0.022913648
8.559748411,-0.004409790,0.047361374,-0.017066002,-0.005177498,0.010545731,0.035857201,0.057067871,0.019226074,-0.124210358,0.059753418,0.054885864,-0.054885864,-0.004794121,0.047361374,-0.017066002,-0.004794121,0.010545731,0.036240578,0.000008902,-0.143798023,-0.571158648,-0.122310258,0.070228517,0.000090939,-0.003890991,-0.160221100,-0.611413956,-0.139818192,0.068147659,0.007476807,0.000008902,-0.143798023,-0.571158648,-0.122310258,0.070228517,0.000090939,0.000000000,0.000000000,0.000000000,0.000000000,0.000000000,0.000000000,0.000000000,0.000000000,0.000000000,0.000000000,0.000000000,0.000000000,0.000000000,0.000000000,0.000000000,0.000000000,0.000000000,0.000000000,-0.003899893,-0.016423076,-0.040255308,-0.017507933,-0.002080858,0.007385867,-0.003407037,-0.015944839,-0.011883455,-0.010005071,-0.001901254,0.006993576
8.569761992,-0.004409790,0.047361374,-0.016681671,-0.004794121,0.010545731,0.036240578,0.082580566,0.083314896,-0.049011230,0.055725098,0.017623901,0.011581421,-0.004794121,0.047361374,-0.016681671,-0.004794121,0.010545731,0.036240578,0.000008902,-0.147307247,-0.567834139,-0.121692270,0.069839187,0.000089904,-0.016860962,-0.184024811,-0.582880020,-0.130998611,0.087373734,-0.000640869,0.000008902,-0.147307247,-0.567834139,-0.121692270,0.069839187,0.000089904,0.000000000,0.000000000,0.000000000,0.000000000,0.000000000,0.000000000,0.000000000,0.000000000,0.000000000,0.000000000,0.000000000,0.000000000,0.000000000,0.000000000,0.000000000,0.000000000,0.000000000,0.000000000,-0.016869864,-0.036717564,-0.015045881,-0.009306341,0.017534547,-0.000730773,-0.016377008,-0.036239326,0.013325972,-0.001803479,0.017714150,-0.001123064
8.579689026,-0.004409790,0.047361374,-0.017066002,-0.005177498,0.010545731,0.036240578,0.094665527,0.052185059,-0.022155762,0.138977051,-0.000503540,-0.003524780,-0.004409790,0.047361374,-0.017066002,-0.004794121,0.010545731,0.035857201,0.000008901,-0.143799007,-0.571157694,-0.122309223,0.070228517,0.000091973,0.011672974,-0.163883209,-0.574060440,-0.115953445,0.066865921,-0.000640869,0.000008901,-0.143799007,-0.571157694,-0.122309223,0.070228517,0.000091973,0.000000000,0.000000000,0.000000000,0.000000000,0.000000000,0.000000000,0.000000000,0.000000000,0.000000000,0.000000000,0.000000000,0.000000000,0.000000000,0.000000000,0.000000000,0.000000000,0.000000000,0.000000000,0.011664072,-0.020084202,-0.002902746,0.006355777,-0.003362596,-0.000732842,0.012156928,-0.019605965,0.025469107,0.013858640,-0.003182992,-0.001125133
8.589727879,-0.004409790,0.047361374,-0.016681671,-0.005177498,0.010930061,0.035857201,0.105407715,0.086366653,0.027526855,0.000671387,0.058914185,-0.005538940,-0.004409790,0.047361374,-0.016681671,-0.005177498,0.010545731,0.036240578,0.000008902,-0.146721616,-0.568388939,-0.122308724,0.070227556,0.000090937,0.008560181,-0.143741608,-0.612451553,-0.138780594,0.066438675,-0.005340576,0.000008902,-0.146721616,-0.568388939,-0.122308724,0.070227556,0.000090937,0.000000000,0.000000000,0.000000000,0.000000000,0.000000000,0.000000000,0.000000000,0.000000000,0.000000000,0.000000000,0.000000000,0.000000000,0.000000000,0.000000000,0.000000000,0.000000000,0.000000000,0.000000000,0.008551279,0.002980009,-0.044062614,-0.016471870,-0.003788881,-0.005431513,0.009044135,0.003458246,-0.015690761,-0.008969008,-0.003609277,-0.005823804
8.599724054,-0.004409790,0.047361374,-0.016681671,-0.004794121,0.010545731,0.036240578,0.030212402,0.189516068,0.044982910,0.006042480,0.023666382,-0.054885864,-0.004409790,0.047361374,-0.016681671,-0.005177498,0.010545731,0.036240578,0.000008902,-0.146721616,-0.568388939,-0.122308724,0.070227556,0.000090937,0.008041382,-0.130924225,-0.602594376,-0.122697830,0.068574905,-0.002777100,0.000008902,-0.146721616,-0.568388939,-0.122308724,0.070227556,0.000090937,0.000000000,0.000000000,0.000000000,0.000000000,0.000000000,0.000000000,0.000000000,0.000000000,0.000000000,0.000000000,0.000000000,0.000000000,0.000000000,0.000000000,0.000000000,0.000000000,0.000000000,0.000000000,0.008032480,0.015797392,-0.034205437,-0.000389107,-0.001652651,-0.002868036,0.008525336,0.016275629,-0.005833583,0.007113756,-0.001473047,-0.003260327
8.609687567,-0.004409790,0.047361374,-0.017066002,-0.005177498,0.010545731,0.035857201,0.100036621,0.113222122,0.022155762,0.059753418,-0.084095001,-0.008560181,-0.004409790,0.047361374,-0.016681671,-0.004794121,0.010545731,0.036240578,0.000008902,-0.147307247,-0.567834139,-0.121692270,0.069839187,0.000089904,-0.017379761,-0.129093170,-0.584436417,-0.139299393,0.077547073,-0.000640869,0.000008902,-0.147307247,-0.567834139,-0.121692270,0.069839187,0.000089904,0.000000000,0.000000000,0.000000000,0.000000000,0.000000000,0.000000000,0.000000000,0.000000000,0.000000000,0.000000000,0.000000000,0.000000000,0.000000000,0.000000000,0.000000000,0.000000000,0.000000000,0.000000000,-0.017388662,0.018214077,-0.016602278,-0.017607123,0.007707886,-0.000730773,-0.016895807,0.018692314,0.011769576,-0.010104260,0.007887490,-0.001123064
8.619711161,-0.004409790,0.047361374,-0.017066002,-0.005177498,0.010545731,0.035857201,0.011413574,0.099184036,0.058410645,0.151062012,-0.028701782,0.029708862,-0.004409790,0.047361374,-0.016681671,-0.005177498,0.010545731,0.035857201,0.000008902,-0.146722600,-0.568387985,-0.122307688,0.070227556,0.000091970,-0.003372192,-0.149234772,-0.628534317,-0.126848221,0.068574905,-0.002777100,0.000008902,-0.146722600,-0.568387985,-0.122307688,0.070227556,0.000091970,0.000000000,0.000000000,0.000000000,0.000000000,0.000000000,0.000000000,0.000000000,0.000000000,0.000000000,0.000000000,0.000000000,0.000000000,0.000000000,0.000000000,0.000000000,0.000000000,0.000000000,0.000000000,-0.003381094,-0.002512172,-0.060146332,-0.004540533,-0.001652651,-0.002869070,-0.002888238,-0.002033934,-0.031774478,0.002962330,-0.001473047,-0.003261361
8.629699945,-0.004794121,0.047361374,-0.017066002,-0.005177498,0.010930061,0.036240578,-0.136295319,0.018005371,-0.118839264,0.026184082,0.016616821,-0.016616821,-0.004794121,0.047361374,-0.016681671,-0.005177498,0.010545731,0.035857201,0.000008902,-0.146722600,-0.568387985,-0.122307688,0.070227556,0.000091970,0.003372192,-0.119937897,-0.661737442,-0.126848221,0.077119827,-0.001068115,0.000008902,-0.146722600,-0.568387985,-0.122307688,0.070227556,0.000091970,0.000000000,0.000000000,0.000000000,0.000000000,0.000000000,0.000000000,0.000000000,0.000000000,0.000000000,0.000000000,0.000000000,0.000000000,0.000000000,0.000000000,0.000000000,0.000000000,0.000000000,0.000000000,0.003363291,0.026784703,-0.093349457,-0.004540533,0.006892271,-0.001160085,0.003856146,0.027262941,-0.064977603,0.002962330,0.007071875,-0.001552376
8.639688969,-0.004794121,0.047361374,-0.016681671,-0.005177498,0.010545731,0.035857201,0.007385254,0.039978027,0.028869629,-0.047668457,-0.049850464,0.002517700,-0.004409790,0.047361374,-0.016681671,-0.005177498,0.010545731,0.036240578,0.000008902,-0.146721616,-0.568388939,-0.122308724,0.070227556,0.000090937,0.010635376,-0.134586334,-0.566278458,-0.133073807,0.064729691,0.024566650,0.000008902,-0.146721616,-0.568388939,-0.122308724,0.070227556,0.000090937,0.000000000,0.000000000,0.000000000,0.000000000,0.000000000,0.000000000,0.000000000,0.000000000,0.000000000,0.000000000,0.000000000,0.000000000,0.000000000,0.000000000,0.000000000,0.000000000,0.000000000,0.000000000,0.010626474,0.012135282,0.002110481,-0.010765083,-0.005497865,0.024475714,0.011119330,0.012613520,0.030482335,-0.003262221,-0.005318262,0.024083423
8.649687529,-0.004409790,0.047361374,-0.017066002,-0.005177498,0.010545731,0.036240578,0.000671387,0.071716309,-0.051696777,-0.077209473,0.035751343,0.025680542,-0.004409790,0.047361374,-0.016681671,-0.004794121,0.010545731,0.036240578,0.000008902,-0.147307247,-0.567834139,-0.121692270,0.069839187,0.000089904,-0.011672974,-0.130924225,-0.619195938,-0.116991043,0.064302444,-0.010894775,0.000008902,-0.147307247,-0.567834139,-0.121692270,0.069839187,0.000089904,0.000000000,0.000000000,0.000000000,0.000000000,0.000000000,0.000000000,0.000000000,0.000000000,0.000000000,0.000000000,0.000000000,0.000000000,0.000000000,0.000000000,0.000000000,0.000000000,0.000000000,0.000000000,-0.011681875,0.016383022,-0.051361799,0.004701227,-0.005536743,-0.010984679,-0.011189019,0.016861259,-0.022989946,0.012204089,-0.005357139,-0.011376970
8.659724236,-0.004794121,0.047361374,-0.016681671,-0.005177498,0.010545731,0.036240578,-0.022155762,-0.031433105,-0.082580566,-0.104068756,-0.026687622,-0.018630981,-0.004794121,0.047361374,-0.016681671,-0.005177498,0.010545731,0.035857201,0.000008902,-0.146722600,-0.568387985,-0.122307688,0.070227556,0.000091970,0.009078979,-0.162052155,-0.611413956,-0.157976151,0.071565628,0.000213623,0.000008902,-0.146722600,-0.568387985,-0.122307688,0.070227556,0.000091970,0.000000000,0.000000000,0.000000000,0.000000000,0.000000000,0.000000000,0.000000000,0.000000000,0.000000000,0.000000000,0.000000000,0.000000000,0.000000000,0.000000000,0.000000000,0.000000000,0.000000000,0.000000000,0.009070078,-0.015329555,-0.043025970,-0.035668463,0.001338072,0.000121653,0.009562934,-0.014851317,-0.014654117,-0.028165600,0.001517676,-0.000270638
8.669687986,-0.004794121,0.047361374,-0.016681671,-0.005177498,0.010545731,0.035857201,-0.024841309,-0.002136230,0.163146973,0.026184082,0.027694702,-0.046829224,-0.004409790,0.047361374,-0.016681671,-0.005177498,0.010545731,0.036240578,0.000008902,-0.146721616,-0.568388939,-0.122308724,0.070227556,0.000090937,0.005447388,-0.134586334,-0.598443985,-0.125291824,0.071565628,0.000213623,0.000008902,-0.146721616,-0.568388939,-0.122308724,0.070227556,0.000090937,0.000000000,0.000000000,0.000000000,0.000000000,0.000000000,0.000000000,0.000000000,0.000000000,0.000000000,0.000000000,0.000000000,0.000000000,0.000000000,0.000000000,0.000000000,0.000000000,0.000000000,0.000000000,0.005438486,0.012135282,-0.030055046,-0.002983101,0.001338072,0.000122686,0.005931342,0.012613520,-0.001683193,0.004519762,0.001517676,-0.000269605
8.679657221,-0.004409790,0.047361374,-0.016681671,-0.005177498,0.010545731,0.036240578,0.008728027,-0.068666458,0.070495605,0.122863770,-0.002517700,0.009567261,-0.004794121,0.047361374,-0.017066002,-0.005177498,0.010545731,0.035857201,0.000008902,-0.143213391,-0.571712494,-0.122925662,0.070616879,0.000093006,0.004928589,-0.112609863,-0.632684708,-0.114397049,0.069002151,0.023712158,0.000008902,-0.143213391,-0.571712494,-0.122925662,0.070616879,0.000093006,0.000000000,0.000000000,0.000000000,0.000000000,0.000000000,0.000000000,0.000000000,0.000000000,0.000000000,0.000000000,0.000000000,0.000000000,0.000000000,0.000000000,0.000000000,0.000000000,0.000000000,0.000000000,0.004919687,0.030603528,-0.060972214,0.008528613,-0.001614727,0.023619153,0.005412543,0.031081765,-0.032600360,0.016031475,-0.001435123,0.023226862
8.689701796,-0.004409790,0.047361374,-0.016681671,-0.005177498,0.010545731,0.035857201,0.031555176,0.079652786,0.224918365,-0.096012115,-0.007553101,0.003524780,-0.004409790,0.047361374,-0.017066002,-0.005177498,0.010545731,0.035857201,0.000008901,-0.143213391,-0.571712494,-0.122925662,0.070616879,0.000093006,-0.000778198,-0.110778809,-0.645135880,-0.139818192,0.068147659,0.006195068,0.000008901,-0.143213391,-0.571712494,-0.122925662,0.070616879,0.000093006,0.000000000,0.000000000,0.000000000,0.000000000,0.000000000,0.000000000,0.000000000,0.000000000,0.000000000,0.000000000,0.000000000,0.000000000,0.000000000,0.000000000,0.000000000,0.000000000,0.000000000,0.000000000,-0.000787100,0.032434583,-0.073423386,-0.016892530,-0.002469219,0.006102063,-0.000294244,0.032912820,-0.045051532,-0.009389667,-0.002289616,0.005709772
8.699772596,-0.004409790,0.047361374,-0.016681671,-0.005177498,0.010545731,0.036240578,0.094665527,-0.015563965,0.071838379,0.026184082,-0.066974640,0.057907104,-0.004794121,0.047361374,-0.016681671,-0.005177498,0.010545731,0.035857201,0.000008902,-0.146722600,-0.568387985,-0.122307688,0.070227556,0.000091970,-0.010635376,-0.149234772,-0.590662003,-0.130998611,0.087373734,-0.004913330,0.000008902,-0.146722600,-0.568387985,-0.122307688,0.070227556,0.000091970,0.000000000,0.000000000,0.000000000,0.000000000,0.000000000,0.000000000,0.000000000,0.000000000,0.000000000,0.000000000,0.000000000,0.000000000,0.000000000,0.000000000,0.000000000,0.000000000,0.000000000,0.000000000,-0.010644278,-0.002512172,-0.022274017,-0.008690923,0.017146178,-0.005005300,-0.010151422,-0.002033934,0.006097836,-0.001188061,0.017325781,-0.005397591
8.709687948,-0.004794121,0.047361374,-0.017066002,-0.005177498,0.010545731,0.036240578,-0.047668457,-0.111391068,-0.014099121,-0.034240723,0.004531860,0.014602661,-0.004794121,0.047361374,-0.016681671,-0.005177498,0.010545731,0.035857201,0.000008902,-0.146722600,-0.568387985,-0.122307688,0.070227556,0.000091970,0.000778198,-0.125431061,-0.611413956,-0.129442215,0.075410843,0.009613037,0.000008902,-0.146722600,-0.568387985,-0.122307688,0.070227556,0.000091970,0.000000000,0.000000000,0.000000000,0.000000000,0.000000000,0.000000000,0.000000000,0.000000000,0.000000000,0.000000000,0.000000000,0.000000000,0.000000000,0.000000000,0.000000000,0.000000000,0.000000000,0.000000000,0.000769297,0.021291539,-0.043025970,-0.007134527,0.005183287,0.009521067,0.001262152,0.021769776,-0.014654117,0.000368336,0.005362891,0.009128776
8.719689608,-0.004409790,0.047361374,-0.016681671,-0.005177498,0.010545731,0.036240578,0.164489746,-0.005187988,0.044982910,-0.010070801,-0.025680542,-0.056900024,-0.004794121,0.047361374,-0.016681671,-0.005177498,0.010545731,0.036240578,0.000008902,-0.146721616,-0.568388939,-0.122308724,0.070227556,0.000090937,-0.006484985,-0.141910553,-0.590143204,-0.136186600,0.062166214,-0.031403542,0.000008902,-0.146721616,-0.568388939,-0.122308724,0.070227556,0.000090937,0.000000000,0.000000000,0.000000000,0.000000000,0.000000000,0.000000000,0.000000000,0.000000000,0.000000000,0.000000000,0.000000000,0.000000000,0.000000000,0.000000000,0.000000000,0.000000000,0.000000000,0.000000000,-0.006493887,0.004811063,-0.021754265,-0.013877876,-0.008061342,-0.031494478,-0.006001031,0.005289301,0.006617588,-0.006375014,-0.007881738,-0.031886769
8.729687929,-0.004794121,0.047361374,-0.016681671,-0.005177498,0.010930061,0.035857201,-0.031555176,0.101625443,-0.106754303,-0.082580566,0.025680542,-0.028701782,-0.004409790,0.047361374,-0.017066002,-0.004794121,0.010545731,0.036240578,0.000008901,-0.143798023,-0.571158648,-0.122310258,0.070228517,0.000090939,0.027236938,-0.147403717,-0.600000381,-0.133592606,0.057893753,0.017303467,0.000008901,-0.143798023,-0.571158648,-0.122310258,0.070228517,0.000090939,0.000000000,0.000000000,0.000000000,0.000000000,0.000000000,0.000000000,0.000000000,0.000000000,0.000000000,0.000000000,0.000000000,0.000000000,0.000000000,0.000000000,0.000000000,0.000000000,0.000000000,0.000000000,0.027228037,-0.003605694,-0.028841734,-0.011282347,-0.012334764,0.017212527,0.027720893,-0.003127456,-0.000469881,-0.003779485,-0.012155160,0.016820236
8.739694595,-0.004409790,0.047361374,-0.016681671,-0.004794121,0.010545731,0.035857201,0.008728027,0.030822754,0.018127441,0.034240723,-0.024673462,-0.010574341,-0.004794121,0.047361374,-0.016681671,-0.005177498,0.010545731,0.036240578,0.000008902,-0.146721616,-0.568388939,-0.122308724,0.070227556,0.000090937,0.009078979,-0.156558990,-0.596368790,-0.140336990,0.086519241,-0.008331299,0.000008902,-0.146721616,-0.568388939,-0.122308724,0.070227556,0.000090937,0.000000000,0.000000000,0.000000000,0.000000000,0.000000000,0.000000000,0.000000000,0.000000000,0.000000000,0.000000000,0.000000000,0.000000000,0.000000000,0.000000000,0.000000000,0.000000000,0.000000000,0.000000000,0.009070078,-0.009837374,-0.027979851,-0.018028267,0.016291685,-0.008422236,0.009562934,-0.009359137,0.000392003,-0.010525404,0.016471289,-0.008814527
8.749688864,-0.004409790,0.047361374,-0.016681671,-0.005177498,0.010545731,0.035857201,0.016784668,-0.011901855,0.121520996,-0.023498535,-0.079059601,-0.003524780,-0.004409790,0.047361374,-0.016681671,-0.005177498,0.010545731,0.035857201,0.000008902,-0.146722600,-0.568387985,-0.122307688,0.070227556,0.000091970,-0.021530151,-0.165714264,-0.579767227,-0.142412186,0.075410843,-0.007904053,0.000008902,-0.146722600,-0.568387985,-0.122307688,0.070227556,0.000091970,0.000000000,0.000000000,0.000000000,0.000000000,0.000000000,0.000000000,0.000000000,0.000000000,0.000000000,0.000000000,0.000000000,0.000000000,0.000000000,0.000000000,0.000000000,0.000000000,0.000000000,0.000000000,-0.021539053,-0.018991664,-0.011379242,-0.020104498,0.005183287,-0.007996023,-0.021046197,-0.018513427,0.016992611,-0.012601635,0.005362891,-0.008388314
8.759724617,-0.004794121,0.047361374,-0.016681671,-0.005177498,0.010545731,0.035857201,-0.030212402,-0.115663528,-0.057067871,-0.198062897,0.055892944,-0.043807983,-0.004409790,0.047361374,-0.016681671,-0.005177498,0.010545731,0.036240578,0.000008902,-0.146721616,-0.568388939,-0.122308724,0.070227556,0.000090937,-0.007003784,-0.149234772,-0.617120743,-0.124254227,0.073274612,-0.016021729,0.000008902,-0.146721616,-0.568388939,-0.122308724,0.070227556,0.000090937,0.000000000,0.000000000,0.000000000,0.000000000,0.000000000,0.000000000,0.000000000,0.000000000,0.000000000,0.000000000,0.000000000,0.000000000,0.000000000,0.000000000,0.000000000,0.000000000,0.000000000,0.000000000,-0.007012686,-0.002513155,-0.048731804,-0.001945503,0.003047056,-0.016112665,-0.006519830,-0.002034918,-0.020359951,0.005557359,0.003226660,-0.016504956
8.769687176,-0.004409790,0.047361374,-0.016681671,-0.005177498,0.010545731,0.035857201,0.054382324,0.124818802,0.023498535,-0.071838379,0.005538940,-0.032730103,-0.004409790,0.047744751,-0.016681671,-0.005177498,0.010545731,0.035857201,0.000008902,-0.149262160,-0.571704268,-0.122924127,0.070615910,0.000093003,-0.011672974,-0.143741608,-0.600000381,-0.129442215,0.071565628,-0.006195068,0.000008902,-0.149262160,-0.571704268,-0.122924127,0.070615910,0.000093003,0.000000000,0.000000000,0.000000000,0.000000000,0.000000000,0.000000000,0.000000000,0.000000000,0.000000000,0.000000000,0.000000000,0.000000000,0.000000000,0.000000000,0.000000000,0.000000000,0.000000000,0.000000000,-0.011681875,0.005520552,-0.028296113,-0.006518088,0.000949718,-0.006288071,-0.011189019,0.005998790,0.000075740,0.000984774,0.001129322,-0.006680362
8.779687166,-0.004409790,0.047361374,-0.016681671,-0.005177498,0.010545731,0.036240578,0.104064941,-0.075380325,-0.058410645,-0.002014160,-0.003524780,-0.013595581,-0.004409790,0.047361374,-0.016681671,-0.004794121,0.010545731,0.035857201,0.000008902,-0.147308230,-0.567833185,-0.121691234,0.069839187,0.000090937,0.008041382,-0.151065826,-0.562126160,-0.124773026,0.065156937,0.003204346,0.000008902,-0.147308230,-0.567833185,-0.121691234,0.069839187,0.000090937,0.000000000,0.000000000,0.000000000,0.000000000,0.000000000,0.000000000,0.000000000,0.000000000,0.000000000,0.000000000,0.000000000,0.000000000,0.000000000,0.000000000,0.000000000,0.000000000,0.000000000,0.000000000,0.008032480,-0.003757596,0.005707026,-0.003081791,-0.004682250,0.003113409,0.008525336,-0.003279359,0.034078879,0.004421071,-0.004502647,0.002721118
8.789686918,-0.004794121,0.047361374,-0.017066002,-0.004794121,0.010545731,0.035857201,0.061096191,-0.146791458,-0.006042480,0.053039551,0.028701782,-0.032730103,-0.004794121,0.047361374,-0.016681671,-0.005177498,0.010545731,0.035857201,0.000008902,-0.146722600,-0.568387985,-0.122307688,0.070227556,0.000091970,-0.000259399,-0.130924225,-0.590662003,-0.122179031,0.066865921,0.003204346,0.000008902,-0.146722600,-0.568387985,-0.122307688,0.070227556,0.000091970,0.000000000,0.000000000,0.000000000,0.000000000,0.000000000,0.000000000,0.000000000,0.000000000,0.000000000,0.000000000,0.000000000,0.000000000,0.000000000,0.000000000,0.000000000,0.000000000,0.000000000,0.000000000,-0.000268301,0.015798375,-0.022274017,0.000128657,-0.003361635,0.003112376,0.000224555,0.016276612,0.006097836,0.007631519,-0.003182031,0.002720085
8.799647808,-0.004794121,0.047361374,-0.017066002,-0.005177498,0.010545731,0.035857201,-0.024841309,0.020446777,-0.181949615,0.046325684,0.015609741,-0.051864624,-0.004794121,0.047361374,-0.016681671,-0.005177498,0.010545731,0.035857201,0.000008902,-0.146722600,-0.568387985,-0.122307688,0.070227556,0.000091970,0.000259399,-0.145572662,-0.597406387,-0.124254227,0.075838089,-0.002777100,0.000008902,-0.146722600,-0.568387985,-0.122307688,0.070227556,0.000091970,0.000000000,0.000000000,0.000000000,0.000000000,0.000000000,0.000000000,0.000000000,0.000000000,0.000000000,0.000000000,0.000000000,0.000000000,0.000000000,0.000000000,0.000000000,0.000000000,0.000000000,0.000000000,0.000250498,0.001149938,-0.029018402,-0.001946539,0.005610533,-0.002869070,0.000743353,0.001628175,-0.000646549,0.005556324,0.005790137,-0.003261361
8.809687853,-0.004409790,0.047361374,-0.016681671,-0.005177498,0.010545731,0.035857201,0.043640137,-0.054018021,0.069152832,-0.114810944,-0.015609741,0.027694702,-0.004409790,0.047361374,-0.016681671,-0.005177498,0.010545731,0.035857201,0.000008902,-0.146722600,-0.568387985,-0.122307688,0.070227556,0.000091970,0.002334595,-0.180362701,-0.590662003,-0.142412186,0.069856644,-0.004913330,0.000008902,-0.146722600,-0.568387985,-0.122307688,0.070227556,0.000091970,0.000000000,0.000000000,0.000000000,0.000000000,0.000000000,0.000000000,0.000000000,0.000000000,0.000000000,0.000000000,0.000000000,0.000000000,0.000000000,0.000000000,0.000000000,0.000000000,0.000000000,0.000000000,0.002325693,-0.033640102,-0.022274017,-0.020104498,-0.000370912,-0.005005300,0.002818549,-0.033161864,0.006097836,-0.012601635,-0.000191309,-0.005397591
8.819687366,-0.004794121,0.047361374,-0.016681671,-0.005177498,0.010545731,0.035857201,0.061096191,0.024108887,0.079895020,0.042297363,0.056900024,-0.041793823,-0.004409790,0.047361374,-0.016681671,-0.005177498,0.010545731,0.035857201,0.000008902,-0.146722600,-0.568387985,-0.122307688,0.070227556,0.000091970,0.004409790,-0.147403717,-0.587549210,-0.127367020,0.068147659,0.029266357,0.000008902,-0.146722600,-0.568387985,-0.122307688,0.070227556,0.000091970,0.000000000,0.000000000,0.000000000,0.000000000,0.000000000,0.000000000,0.000000000,0.000000000,0.000000000,0.000000000,0.000000000,0.000000000,0.000000000,0.000000000,0.000000000,0.000000000,0.000000000,0.000000000,0.004400889,-0.000681117,-0.019161224,-0.005059332,-0.002079897,0.029174387,0.004893744,-0.000202880,0.009210629,0.002443531,-0.001900293,0.028782096
8.829691172,-0.004409790,0.047361374,-0.016681671,-0.005177498,0.010545731,0.036240578,-0.019470215,0.069274902,0.204776764,0.059753418,0.007553101,0.044815063,-0.004794121,0.047361374,-0.016681671,-0.005177498,0.010545731,0.035857201,0.000008902,-0.146722600,-0.568387985,-0.122307688,0.070227556,0.000091970,-0.002853394,-0.129093170,-0.600519180,-0.137742996,0.067720413,-0.013031006,0.000008902,-0.146722600,-0.568387985,-0.122307688,0.070227556,0.000091970,0.000000000,0.000000000,0.000000000,0.000000000,0.000000000,0.000000000,0.000000000,0.000000000,0.000000000,0.000000000,0.000000000,0.000000000,0.000000000,0.000000000,0.000000000,0.000000000,0.000000000,0.000000000,-0.002862295,0.017629430,-0.032131195,-0.015435308,-0.002507143,-0.013122976,-0.002369439,0.018107667,-0.003759342,-0.007932446,-0.002327539,-0.013515267
8.839724779,-0.004409790,0.047361374,-0.017066002,-0.005177498,0.010545731,0.035857201,0.019470215,-0.057680130,0.012756348,0.096008301,-0.021652222,-0.045822144,-0.004409790,0.047361374,-0.017066002,-0.005177498,0.010545731,0.035857201,0.000008901,-0.143213391,-0.571712494,-0.122925662,0.070616879,0.000093006,0.001296997,-0.160221100,-0.578729630,-0.113878250,0.071565628,0.005340576,0.000008901,-0.143213391,-0.571712494,-0.122925662,0.070616879,0.000093006,0.000000000,0.000000000,0.000000000,0.000000000,0.000000000,0.000000000,0.000000000,0.000000000,0.000000000,0.000000000,0.000000000,0.000000000,0.000000000,0.000000000,0.000000000,0.000000000,0.000000000,0.000000000,0.001288096,-0.017007709,-0.007017136,0.009047411,0.000948749,0.005247571,0.001780951,-0.016529471,0.021354718,0.016550274,0.001128353,0.004855279
8.849687576,-0.004409790,0.047361374,-0.016681671,-0.005177498,0.010545731,0.036240578,-0.152408600,0.064392090,0.022155762,0.130920410,-0.065967560,0.015609741,-0.004794121,0.047361374,-0.017066002,-0.004794121,0.010545731,0.035857201,0.000008902,-0.143799007,-0.571157694,-0.122309223,0.070228517,0.000091973,-0.001296997,-0.132755280,-0.582361221,-0.107652664,0.059175491,-0.009613037,0.000008902,-0.143799007,-0.571157694,-0.122309223,0.070228517,0.000091973,0.000000000,0.000000000,0.000000000,0.000000000,0.000000000,0.000000000,0.000000000,0.000000000,0.000000000,0.000000000,0.000000000,0.000000000,0.000000000,0.000000000,0.000000000,0.000000000,0.000000000,0.000000000,-0.001305899,0.011043727,-0.011203527,0.014656559,-0.011053026,-0.009705010,-0.000813043,0.011521965,0.017168326,0.022159421,-0.010873422,-0.010097301
8.859710455,-0.004794121,0.047361374,-0.017066002,-0.004794121,0.010545731,0.036240578,-0.059753418,0.088197708,-0.054382324,-0.191349030,-0.009567261,0.044815063,-0.004794121,0.047361374,-0.016681671,-0.005177498,0.010545731,0.035857201,0.000008902,-0.146722600,-0.568387985,-0.122307688,0.070227556,0.000091970,-0.007003784,-0.178531647,-0.615564346,-0.111284256,0.071138382,-0.009185791,0.000008902,-0.146722600,-0.568387985,-0.122307688,0.070227556,0.000091970,0.000000000,0.000000000,0.000000000,0.000000000,0.000000000,0.000000000,0.000000000,0.000000000,0.000000000,0.000000000,0.000000000,0.000000000,0.000000000,0.000000000,0.000000000,0.000000000,0.000000000,0.000000000,-0.007012686,-0.031809047,-0.047176361,0.011023432,0.000910826,-0.009277761,-0.006519830,-0.031330809,-0.018804508,0.018526295,0.001090430,-0.009670052
8.869687319,-0.004409790,0.047361374,-0.016681671,-0.005177498,0.010545731,0.035857201,-0.044982910,-0.030212402,0.032897949,-0.149723053,0.012588501,-0.023666382,-0.004794121,0.047361374,-0.016681671,-0.004794121,0.010545731,0.035857201,0.000008902,-0.147308230,-0.567833185,-0.121691234,0.069839187,0.000090937,-0.008041382,-0.151065826,-0.604669571,-0.121141434,0.074983597,-0.009613037,0.000008902,-0.147308230,-0.567833185,-0.121691234,0.069839187,0.000090937,0.000000000,0.000000000,0.000000000,0.000000000,0.000000000,0.000000000,0.000000000,0.000000000,0.000000000,0.000000000,0.000000000,0.000000000,0.000000000,0.000000000,0.000000000,0.000000000,0.000000000,0.000000000,-0.008050284,-0.003757596,-0.036836386,0.000549801,0.005144410,-0.009703974,-0.007557428,-0.003279359,-0.008464532,0.008052663,0.005324013,-0.010096265
8.879691362,-0.004409790,0.047361374,-0.016681671,-0.004794121,0.010545731,0.035857201,0.049011230,-0.118104935,-0.071838379,0.079895020,-0.004531860,-0.019638062,-0.004409790,0.047361374,-0.016681671,-0.005177498,0.010545731,0.036240578,0.000008902,-0.146721616,-0.568388939,-0.122308724,0.070227556,0.000090937,-0.007003784,-0.121768951,-0.600000381,-0.156938553,0.073701859,-0.006622314,0.000008902,-0.146721616,-0.568388939,-0.122308724,0.070227556,0.000090937,0.000000000,0.000000000,0.000000000,0.000000000,0.000000000,0.000000000,0.000000000,0.000000000,0.000000000,0.000000000,0.000000000,0.000000000,0.000000000,0.000000000,0.000000000,0.000000000,0.000000000,0.000000000,-0.007012686,0.024952665,-0.031611443,-0.034629829,0.003474303,-0.006713251,-0.006519830,0.025430902,-0.003239589,-0.027126967,0.003653906,-0.007105542
8.889688969,-0.004794121,0.047361374,-0.017066002,-0.005177498,0.010545731,0.035857201,0.085266113,0.007019043,-0.083923340,0.089294434,-0.025680542,0.018630981,-0.004794121,0.047361374,-0.016681671,-0.005177498,0.010545731,0.035857201,0.000008902,-0.146722600,-0.568387985,-0.122307688,0.070227556,0.000091970,-0.008041382,-0.140079498,-0.575098038,-0.144487381,0.077547073,-0.001922607,0.000008902,-0.146722600,-0.568387985,-0.122307688,0.070227556,0.000091970,0.000000000,0.000000000,0.000000000,0.000000000,0.000000000,0.000000000,0.000000000,0.000000000,0.000000000,0.000000000,0.000000000,0.000000000,0.000000000,0.000000000,0.000000000,0.000000000,0.000000000,0.000000000,-0.008050283,0.006643102,-0.006710052,-0.022179693,0.007319517,-0.002014577,-0.007557428,0.007121339,0.021661801,-0.014676830,0.007499121,-0.002406868
8.899672031,-0.004409790,0.047361374,-0.016681671,-0.005177498,0.010545731,0.035857201,0.023498535,-0.021667480,-0.024841309,-0.003356934,0.064956665,-0.047836304,-0.004409790,0.047361374,-0.016681671,-0.005177498,0.010545731,0.035857201,0.000008902,-0.146722600,-0.568387985,-0.122307688,0.070227556,0.000091970,-0.012710571,-0.096130371,-0.588586807,-0.129961014,0.073274612,-0.000213623,0.000008902,-0.146722600,-0.568387985,-0.122307688,0.070227556,0.000091970,0.000000000,0.000000000,0.000000000,0.000000000,0.000000000,0.000000000,0.000000000,0.000000000,0.000000000,0.000000000,0.000000000,0.000000000,0.000000000,0.000000000,0.000000000,0.000000000,0.000000000,0.000000000,-0.012719473,0.050592229,-0.020198822,-0.007653326,0.003047056,-0.000305593,-0.012226617,0.051070466,0.008173031,-0.000150463,0.003226660,-0.000697884
8.909685850,-0.004409790,0.047361374,-0.016681671,-0.005177498,0.010545731,0.035857201,0.011413574,0.052795410,0.101379395,0.036926270,0.027694702,-0.016616821,-0.004409790,0.047361374,-0.016681671,-0.005177498,0.010545731,0.036240578,0.000008902,-0.146721616,-0.568388939,-0.122308724,0.070227556,0.000090937,0.000778198,-0.165714264,-0.591180801,-0.140855789,0.078401566,0.007476807,0.000008902,-0.146721616,-0.568388939,-0.122308724,0.070227556,0.000090937,0.000000000,0.000000000,0.000000000,0.000000000,0.000000000,0.000000000,0.000000000,0.000000000,0.000000000,0.000000000,0.000000000,0.000000000,0.000000000,0.000000000,0.000000000,0.000000000,0.000000000,0.000000000,0.000769297,-0.018992648,-0.022791862,-0.018547066,0.008174010,0.007385870,0.001262152,-0.018514410,0.005579991,-0.011044203,0.008353613,0.006993579
8.919687033,-0.004794121,0.047361374,-0.016681671,-0.004794121,0.010545731,0.035857201,-0.024841309,0.085756302,0.157775879,0.151062012,-0.060928345,-0.023666382,-0.004409790,0.047361374,-0.016681671,-0.005177498,0.010545731,0.035857201,0.000008902,-0.146722600,-0.568387985,-0.122307688,0.070227556,0.000091970,-0.008560181,-0.167545319,-0.585474014,-0.122179031,0.073274612,-0.009185791,0.000008902,-0.146722600,-0.568387985,-0.122307688,0.070227556,0.000091970,0.000000000,0.000000000,0.000000000,0.000000000,0.000000000,0.000000000,0.000000000,0.000000000,0.000000000,0.000000000,0.000000000,0.000000000,0.000000000,0.000000000,0.000000000,0.000000000,0.000000000,0.000000000,-0.008569082,-0.020822719,-0.017086029,0.000128657,0.003047056,-0.009277761,-0.008076226,-0.020344481,0.011285824,0.007631519,0.003226660,-0.009670052
8.929688692,-0.004409790,0.047361374,-0.016681671,-0.004794121,0.010545731,0.036240578,0.032897949,0.077209473,0.176578522,0.112121582,0.030715942,0.035751343,-0.004794121,0.047361374,-0.016681671,-0.005177498,0.010545731,0.035857201,0.000008902,-0.146722600,-0.568387985,-0.122307688,0.070227556,0.000091970,-0.002334595,-0.127262115,-0.602594376,-0.107652664,0.053192139,0.001495361,0.000008902,-0.146722600,-0.568387985,-0.122307688,0.070227556,0.000091970,0.000000000,0.000000000,0.000000000,0.000000000,0.000000000,0.000000000,0.000000000,0.000000000,0.000000000,0.000000000,0.000000000,0.000000000,0.000000000,0.000000000,0.000000000,0.000000000,0.000000000,0.000000000,-0.002343496,0.019460484,-0.034206390,0.014655024,-0.017035417,0.001403391,-0.001850641,0.019938722,-0.005834537,0.022157886,-0.016855814,0.001011100
8.939735889,-0.004409790,0.047361374,-0.016681671,-0.004794121,0.010545731,0.035857201,0.063781738,0.118104935,0.117492676,0.152404785,0.059921265,-0.005538940,-0.004794121,0.047361374,-0.016681671,-0.005177498,0.010545731,0.035857201,0.000008902,-0.146722600,-0.568387985,-0.122307688,0.070227556,0.000091970,0.000778198,-0.116271973,-0.590662003,-0.097276688,0.057039261,-0.027558327,0.000008902,-0.146722600,-0.568387985,-0.122307688,0.070227556,0.000091970,0.000000000,0.000000000,0.000000000,0.000000000,0.000000000,0.000000000,0.000000000,0.000000000,0.000000000,0.000000000,0.000000000,0.000000000,0.000000000,0.000000000,0.000000000,0.000000000,0.000000000,0.000000000,0.000769297,0.030450627,-0.022274017,0.025031000,-0.013188295,-0.027650297,0.001262152,0.030928865,0.006097836,0.032533863,-0.013008691,-0.028042588
8.949686050,-0.004794121,0.047361374,-0.016681671,-0.005177498,0.010545731,0.036240578,-0.069152832,0.000915527,0.007385254,-0.121524811,0.076034546,0.029708862,-0.004409790,0.047361374,-0.016681671,-0.005177498,0.010545731,0.035857201,0.000008902,-0.146722600,-0.568387985,-0.122307688,0.070227556,0.000091970,-0.016342163,-0.123600006,-0.589105606,-0.136705399,0.074983597,-0.014312744,0.000008902,-0.146722600,-0.568387985,-0.122307688,0.070227556,0.000091970,0.000000000,0.000000000,0.000000000,0.000000000,0.000000000,0.000000000,0.000000000,0.000000000,0.000000000,0.000000000,0.000000000,0.000000000,0.000000000,0.000000000,0.000000000,0.000000000,0.000000000,0.000000000,-0.016351065,0.023122594,-0.020717621,-0.014397711,0.004756041,-0.014404714,-0.015858209,0.023600831,0.007654232,-0.006894848,0.004935644,-0.014797005
8.959699154,-0.004794121,0.047361374,-0.016681671,-0.005177498,0.010545731,0.036240578,-0.008728027,0.057067871,0.144348145,-0.061096191,0.008560181,-0.002517700,-0.004409790,0.047361374,-0.016681671,-0.005177498,0.010545731,0.035857201,0.000008902,-0.146722600,-0.568387985,-0.122307688,0.070227556,0.000091970,-0.000778198,-0.138248444,-0.571466446,-0.099351883,0.072847366,0.017303467,0.000008902,-0.146722600,-0.568387985,-0.122307688,0.070227556,0.000091970,0.000000000,0.000000000,0.000000000,0.000000000,0.000000000,0.000000000,0.000000000,0.000000000,0.000000000,0.000000000,0.000000000,0.000000000,0.000000000,0.000000000,0.000000000,0.000000000,0.000000000,0.000000000,-0.000787100,0.008474156,-0.003078461,0.022955805,0.002619810,0.017211497,-0.000294244,0.008952394,0.025293393,0.030458668,0.002799414,0.016819206
8.969685555,-0.004794121,0.047361374,-0.016681671,-0.005177498,0.010545731,0.035857201,-0.086612701,0.043029785,-0.028869629,-0.083923340,0.030715942,-0.080066681,-0.004409790,0.047361374,-0.016681671,-0.004794121,0.010545731,0.036240578,0.000008902,-0.147307247,-0.567834139,-0.121692270,0.069839187,0.000089904,0.000259399,-0.116271973,-0.601037979,-0.156419754,0.071992874,0.015167236,0.000008902,-0.147307247,-0.567834139,-0.121692270,0.069839187,0.000089904,0.000000000,0.000000000,0.000000000,0.000000000,0.000000000,0.000000000,0.000000000,0.000000000,0.000000000,0.000000000,0.000000000,0.000000000,0.000000000,0.000000000,0.000000000,0.000000000,0.000000000,0.000000000,0.000250498,0.031035274,-0.033203840,-0.034727484,0.002153687,0.015077333,0.000743354,0.031513512,-0.004831987,-0.027224621,0.002333291,0.014685042
8.979720354,-0.004794121,0.047361374,-0.016681671,-0.004794121,0.010545731,0.035857201,0.066467285,0.052185059,0.000671387,0.090637207,0.008560181,0.039779663,-0.004794121,0.047361374,-0.016681671,-0.005177498,0.010545731,0.035857201,0.000008902,-0.146722600,-0.568387985,-0.122307688,0.070227556,0.000091970,0.008560181,-0.169376373,-0.605188370,-0.147600174,0.078401566,-0.030121803,0.000008902,-0.146722600,-0.568387985,-0.122307688,0.070227556,0.000091970,0.000000000,0.000000000,0.000000000,0.000000000,0.000000000,0.000000000,0.000000000,0.000000000,0.000000000,0.000000000,0.000000000,0.000000000,0.000000000,0.000000000,0.000000000,0.000000000,0.000000000,0.000000000,0.008551279,-0.022653773,-0.036800385,-0.025292486,0.008174010,-0.030213773,0.009044135,-0.022175536,-0.008428531,-0.017789623,0.008353613,-0.030606064
8.989710331,-0.004409790,0.047361374,-0.016681671,-0.005177498,0.010545731,0.036240578,-0.062438965,-0.032653809,0.063781738,0.035583496,0.041793823,0.032730103,-0.004409790,0.047361374,-0.016681671,-0.005177498,0.010545731,0.035857201,0.000008902,-0.146722600,-0.568387985,-0.122307688,0.070227556,0.000091970,-0.003890991,-0.158390045,-0.579248428,-0.133073807,0.075838089,0.025848389,0.000008902,-0.146722600,-0.568387985,-0.122307688,0.070227556,0.000091970,0.000000000,0.000000000,0.000000000,0.000000000,0.000000000,0.000000000,0.000000000,0.000000000,0.000000000,0.000000000,0.000000000,0.000000000,0.000000000,0.000000000,0.000000000,0.000000000,0.000000000,0.000000000,-0.003899893,-0.011667445,-0.010860443,-0.010766119,0.005610533,0.025756419,-0.003407037,-0.011189208,0.017511410,-0.003263256,0.005790137,0.025364128
8.999684811,-0.004409790,0.047361374,-0.017066002,-0.004794121,0.010545731,0.036240578,-0.038269043,-0.021057129,-0.188663483,0.112121582,0.022659302,0.004531860,-0.004794121,0.047361374,-0.016681671,-0.005177498,0.010545731,0.036240578,0.000008902,-0.146721616,-0.568388939,-0.122308724,0.070227556,0.000090937,-0.004409790,-0.162052155,-0.621789932,-0.143968582,0.066438675,0.009185791,0.000008902,-0.146721616,-0.568388939,-0.122308724,0.070227556,0.000090937,0.000000000,0.000000000,0.000000000,0.000000000,0.000000000,0.000000000,0.000000000,0.000000000,0.000000000,0.000000000,0.000000000,0.000000000,0.000000000,0.000000000,0.000000000,0.000000000,0.000000000,0.000000000,-0.004418692,-0.015330538,-0.053400993,-0.021659859,-0.003788881,0.009094854,-0.003925836,-0.014852301,-0.025029140,-0.014156996,-0.003609277,0.008702563
9.009686232,-0.004794121,0.047361374,-0.017066002,-0.004794121,0.010545731,0.035857201,0.019470215,0.093690872,-0.066467285,0.010070801,-0.021652222,-0.029708862,-0.004794121,0.047361374,-0.017066002,-0.005177498,0.010545731,0.035857201,0.000008902,-0.143213391,-0.571712494,-0.122925662,0.070616879,0.000093006,-0.005966187,-0.125431061,-0.581323624,-0.135667801,0.065156937,-0.007904053,0.000008902,-0.143213391,-0.571712494,-0.122925662,0.070616879,0.000093006,0.000000000,0.000000000,0.000000000,0.000000000,0.000000000,0.000000000,0.000000000,0.000000000,0.000000000,0.000000000,0.000000000,0.000000000,0.000000000,0.000000000,0.000000000,0.000000000,0.000000000,0.000000000,-0.005975088,0.017782331,-0.009611130,-0.012742139,-0.005459942,-0.007997058,-0.005482232,0.018260568,0.018760724,-0.005239277,-0.005280338,-0.008389349
9.019685030,-0.004409790,0.047361374,-0.016681671,-0.005177498,0.010545731,0.035857201,-0.097354889,-0.014953613,0.040954590,0.057067871,-0.044815063,0.039779663,-0.004794121,0.047361374,-0.016681671,-0.005177498,0.010545731,0.036240578,0.000008902,-0.146721616,-0.568388939,-0.122308724,0.070227556,0.000090937,-0.006484985,-0.169376373,-0.645654678,-0.142412186,0.071565628,-0.012603760,0.000008902,-0.146721616,-0.568388939,-0.122308724,0.070227556,0.000090937,0.000000000,0.000000000,0.000000000,0.000000000,0.000000000,0.000000000,0.000000000,0.000000000,0.000000000,0.000000000,0.000000000,0.000000000,0.000000000,0.000000000,0.000000000,0.000000000,0.000000000,0.000000000,-0.006493887,-0.022654757,-0.077265739,-0.020103462,0.001338072,-0.012694697,-0.006001031,-0.022176519,-0.048893886,-0.012600599,0.001517676,-0.013086988
9.029721737,-0.004409790,0.047361374,-0.016681671,-0.005177498,0.010545731,0.036240578,-0.046325684,-0.211490631,-0.039611816,0.036926270,0.005538940,0.121353149,-0.004794121,0.047361374,-0.016681671,-0.005177498,0.010545731,0.036240578,0.000008902,-0.146721616,-0.568388939,-0.122308724,0.070227556,0.000090937,-0.032943726,-0.187686920,-0.630609512,-0.148637772,0.077547073,0.015594482,0.000008902,-0.146721616,-0.568388939,-0.122308724,0.070227556,0.000090937,0.000000000,0.000000000,0.000000000,0.000000000,0.000000000,0.000000000,0.000000000,0.000000000,0.000000000,0.000000000,0.000000000,0.000000000,0.000000000,0.000000000,0.000000000,0.000000000,0.000000000,0.000000000,-0.032952627,-0.040965304,-0.062220573,-0.026329048,0.007319517,0.015503546,-0.032459772,-0.040487066,-0.033848720,-0.018826185,0.007499121,0.015111255
9.039723396,-0.004409790,0.047361374,-0.016681671,-0.005177498,0.010930061,0.035857201,-0.050354004,-0.056459427,0.042297363,-0.010070801,0.097183228,0.035751343,-0.004409790,0.047361374,-0.016681671,-0.005177498,0.010545731,0.036240578,0.000008902,-0.146721616,-0.568388939,-0.122308724,0.070227556,0.000090937,0.011154175,-0.143741608,-0.594293594,-0.137742996,0.065584183,0.003204346,0.000008902,-0.146721616,-0.568388939,-0.122308724,0.070227556,0.000090937,0.000000000,0.000000000,0.000000000,0.000000000,0.000000000,0.000000000,0.000000000,0.000000000,0.000000000,0.000000000,0.000000000,0.000000000,0.000000000,0.000000000,0.000000000,0.000000000,0.000000000,0.000000000,0.011145273,0.002980009,-0.025904655,-0.015434273,-0.004643373,0.003113409,0.011638129,0.003458246,0.002467198,-0.007931410,-0.004463770,0.002721118
9.049686909,-0.004794121,0.047361374,-0.016681671,-0.005177498,0.010545731,0.035857201,-0.012756348,0.003967285,0.004699707,0.073181152,0.019638062,0.028701782,-0.004794121,0.047361374,-0.016681671,-0.005177498,0.010545731,0.035857201,0.000008902,-0.146722600,-0.568387985,-0.122307688,0.070227556,0.000091970,0.003890991,-0.108947754,-0.589624405,-0.143968582,0.068147659,-0.000213623,0.000008902,-0.146722600,-0.568387985,-0.122307688,0.070227556,0.000091970,0.000000000,0.000000000,0.000000000,0.000000000,0.000000000,0.000000000,0.000000000,0.000000000,0.000000000,0.000000000,0.000000000,0.000000000,0.000000000,0.000000000,0.000000000,0.000000000,0.000000000,0.000000000,0.003882090,0.037774846,-0.021236420,-0.021660894,-0.002079897,-0.000305593,0.004374945,0.038253083,0.007135434,-0.014158032,-0.001900293,-0.000697884
9.059687614,-0.004794121,0.047361374,-0.016681671,-0.005177498,0.010545731,0.036240578,-0.094669342,-0.073549271,-0.063781738,-0.035583496,-0.017623901,0.023666382,-0.004409790,0.047361374,-0.016681671,-0.005177498,0.010545731,0.036240578,0.000008902,-0.146721616,-0.568388939,-0.122308724,0.070227556,0.000090937,-0.002853394,-0.152896881,-0.604669571,-0.141893387,0.073701859,0.004913330,0.000008902,-0.146721616,-0.568388939,-0.122308724,0.070227556,0.000090937,0.000000000,0.000000000,0.000000000,0.000000000,0.000000000,0.000000000,0.000000000,0.000000000,0.000000000,0.000000000,0.000000000,0.000000000,0.000000000,0.000000000,0.000000000,0.000000000,0.000000000,0.000000000,-0.002862295,-0.006175265,-0.036280632,-0.019584663,0.003474303,0.004822393,-0.002369439,-0.005697027,-0.007908779,-0.012081801,0.003653906,0.004430102
9.069688559,-0.004794121,0.047361374,-0.016681671,-0.005177498,0.010545731,0.036240578,-0.042297363,-0.017395020,-0.075866699,-0.031555176,-0.041793823,0.021652222,-0.004794121,0.047361374,-0.016681671,-0.005177498,0.010545731,0.035857201,0.000008902,-0.146722600,-0.568387985,-0.122307688,0.070227556,0.000091970,-0.003372192,-0.125431061,-0.605188370,-0.136705399,0.075838089,-0.006622314,0.000008902,-0.146722600,-0.568387985,-0.122307688,0.070227556,0.000091970,0.000000000,0.000000000,0.000000000,0.000000000,0.000000000,0.000000000,0.000000000,0.000000000,0.000000000,0.000000000,0.000000000,0.000000000,0.000000000,0.000000000,0.000000000,0.000000000,0.000000000,0.000000000,-0.003381094,0.021291539,-0.036800385,-0.014397711,0.005610533,-0.006714284,-0.002888238,0.021769776,-0.008428531,-0.006894848,0.005790137,-0.007106575
9.079686880,-0.004409790,0.047361374,-0.016681671,-0.005177498,0.010545731,0.035857201,0.198062897,-0.000915527,-0.087955475,-0.220890045,-0.071002960,0.034744263,-0.004794121,0.047361374,-0.017066002,-0.005177498,0.010545731,0.035857201,0.000008902,-0.143213391,-0.571712494,-0.122925662,0.070616879,0.000093006,-0.012191772,-0.162052155,-0.605188370,-0.153306961,0.064302444,0.011749268,0.000008902,-0.143213391,-0.571712494,-0.122925662,0.070616879,0.000093006,0.000000000,0.000000000,0.000000000,0.000000000,0.000000000,0.000000000,0.000000000,0.000000000,0.000000000,0.000000000,0.000000000,0.000000000,0.000000000,0.000000000,0.000000000,0.000000000,0.000000000,0.000000000,-0.012200674,-0.018838763,-0.033475876,-0.030381300,-0.006314434,0.011656262,-0.011707818,-0.018360526,-0.005104023,-0.022878437,-0.006134830,0.011263971
9.089687347,-0.004794121,0.047361374,-0.016681671,-0.004794121,0.010545731,0.035857201,-0.113468170,0.057678223,0.039611816,0.157775879,-0.021652222,-0.002517700,-0.004794121,0.047361374,-0.017066002,-0.005177498,0.010545731,0.035857201,0.000008902,-0.143213391,-0.571712494,-0.122925662,0.070616879,0.000093006,-0.009078979,-0.140079498,-0.621789932,-0.139299393,0.073274612,-0.017303467,0.000008902,-0.143213391,-0.571712494,-0.122925662,0.070616879,0.000093006,0.000000000,0.000000000,0.000000000,0.000000000,0.000000000,0.000000000,0.000000000,0.000000000,0.000000000,0.000000000,0.000000000,0.000000000,0.000000000,0.000000000,0.000000000,0.000000000,0.000000000,0.000000000,-0.009087881,0.003133893,-0.050077438,-0.016373731,0.002657734,-0.017396472,-0.008595025,0.003612130,-0.021705585,-0.008870869,0.002837337,-0.017788763
9.099721670,-0.004794121,0.047361374,-0.017066002,-0.005177498,0.010545731,0.036240578,-0.155094147,-0.169984818,-0.071838379,-0.004699707,-0.035751343,0.074020386,-0.004409790,0.047361374,-0.017066002,-0.004794121,0.010545731,0.035857201,0.000008901,-0.143799007,-0.571157694,-0.122309223,0.070228517,0.000091973,-0.009597778,-0.165714264,-0.632165909,-0.134111404,0.069856644,0.049774170,0.000008901,-0.143799007,-0.571157694,-0.122309223,0.070228517,0.000091973,0.000000000,0.000000000,0.000000000,0.000000000,0.000000000,0.000000000,0.000000000,0.000000000,0.000000000,0.000000000,0.000000000,0.000000000,0.000000000,0.000000000,0.000000000,0.000000000,0.000000000,0.000000000,-0.009606680,-0.021915257,-0.061008215,-0.011802182,-0.000371873,0.049682197,-0.009113824,-0.021437020,-0.032636362,-0.004299319,-0.000192270,0.049289906
9.109655619,-0.004409790,0.047361374,-0.017066002,-0.005177498,0.010545731,0.035857201,0.061096191,-0.008850098,-0.253116608,0.204776764,0.012588501,0.019638062,-0.004794121,0.047361374,-0.017066002,-0.005177498,0.010545731,0.036240578,0.000008902,-0.143212408,-0.571713448,-0.122926690,0.070616879,0.000091972,0.004928589,-0.163883209,-0.612451553,-0.143449783,0.068147659,-0.003204346,0.000008902,-0.143212408,-0.571713448,-0.122926690,0.070616879,0.000091972,0.000000000,0.000000000,0.000000000,0.000000000,0.000000000,0.000000000,0.000000000,0.000000000,0.000000000,0.000000000,0.000000000,0.000000000,0.000000000,0.000000000,0.000000000,0.000000000,0.000000000,0.000000000,0.004919687,-0.020670801,-0.040738106,-0.020523094,-0.002469219,-0.003296318,0.005412543,-0.020192564,-0.012366252,-0.013020231,-0.002289616,-0.003688609
9.119686604,-0.004409790,0.047361374,-0.016681671,-0.005177498,0.010545731,0.035857201,0.039611816,0.089418411,0.172550201,-0.051696777,0.028701782,-0.001510620,-0.004794121,0.047361374,-0.016681671,-0.004794121,0.010545731,0.035857201,0.000008902,-0.147308230,-0.567833185,-0.121691234,0.069839187,0.000090937,0.013229370,-0.156558990,-0.599481583,-0.129961014,0.062593460,-0.011322021,0.000008902,-0.147308230,-0.567833185,-0.121691234,0.069839187,0.000090937,0.000000000,0.000000000,0.000000000,0.000000000,0.000000000,0.000000000,0.000000000,0.000000000,0.000000000,0.000000000,0.000000000,0.000000000,0.000000000,0.000000000,0.000000000,0.000000000,0.000000000,0.000000000,0.013220468,-0.009250760,-0.031648397,-0.008269779,-0.007245727,-0.011412958,0.013713324,-0.008772523,-0.003276544,-0.000766917,-0.007066123,-0.011805249
9.129804373,-0.004794121,0.047361374,-0.016681671,-0.005177498,0.010545731,0.035857201,0.008728027,-0.003967285,-0.028869629,-0.137638092,0.050857544,-0.016616821,-0.004409790,0.047361374,-0.016681671,-0.005177498,0.010545731,0.036240578,0.000008902,-0.146721616,-0.568388939,-0.122308724,0.070227556,0.000090937,-0.005447388,-0.167545319,-0.602075577,-0.142412186,0.083101273,-0.007049561,0.000008902,-0.146721616,-0.568388939,-0.122308724,0.070227556,0.000090937,0.000000000,0.000000000,0.000000000,0.000000000,0.000000000,0.000000000,0.000000000,0.000000000,0.000000000,0.000000000,0.000000000,0.000000000,0.000000000,0.000000000,0.000000000,0.000000000,0.000000000,0.000000000,-0.005456289,-0.020823702,-0.033686638,-0.020103462,0.012873717,-0.007140497,-0.004963433,-0.020345465,-0.005314785,-0.012600599,0.013053320,-0.007532788
9.139721870,-0.004794121,0.047361374,-0.016681671,-0.004794121,0.010545731,0.036240578,0.086608887,0.102235794,-0.096012115,0.020812988,-0.015609741,0.035751343,-0.004794121,0.047361374,-0.017066002,-0.005177498,0.010545731,0.036240578,0.000008902,-0.143212408,-0.571713448,-0.122926690,0.070616879,0.000091972,-0.018936157,-0.187686920,-0.575098038,-0.145006180,0.074983597,-0.032258034,0.000008902,-0.143212408,-0.571713448,-0.122926690,0.070616879,0.000091972,0.000000000,0.000000000,0.000000000,0.000000000,0.000000000,0.000000000,0.000000000,0.000000000,0.000000000,0.000000000,0.000000000,0.000000000,0.000000000,0.000000000,0.000000000,0.000000000,0.000000000,0.000000000,-0.018945059,-0.044474512,-0.003384590,-0.022079490,0.004366718,-0.032350006,-0.018452203,-0.043996275,0.024987263,-0.014576628,0.004546322,-0.032742297
9.149723291,-0.004794121,0.047361374,-0.016681671,-0.004794121,0.010545731,0.036240578,0.016784668,0.043029785,0.130920410,0.134948730,-0.018630981,0.030715942,-0.004409790,0.047361374,-0.016681671,-0.005177498,0.010545731,0.036240578,0.000008902,-0.146721616,-0.568388939,-0.122308724,0.070227556,0.000090937,-0.002853394,-0.178531647,-0.587549210,-0.109727859,0.068147659,-0.001922607,0.000008902,-0.146721616,-0.568388939,-0.122308724,0.070227556,0.000090937,0.000000000,0.000000000,0.000000000,0.000000000,0.000000000,0.000000000,0.000000000,0.000000000,0.000000000,0.000000000,0.000000000,0.000000000,0.000000000,0.000000000,0.000000000,0.000000000,0.000000000,0.000000000,-0.002862295,-0.031810030,-0.019160271,0.012580864,-0.002079897,-0.002013544,-0.002369439,-0.031331793,0.009211583,0.020083727,-0.001900293,-0.002405835
9.159829855,-0.004794121,0.047361374,-0.016681671,-0.005177498,0.010545731,0.035857201,-0.023498535,-0.063783646,0.195377350,-0.040954590,-0.008560181,-0.007553101,-0.004794121,0.047361374,-0.016681671,-0.005177498,0.010545731,0.036240578,0.000008902,-0.146721616,-0.568388939,-0.122308724,0.070227556,0.000090937,0.005447388,-0.143741608,-0.600000381,-0.132036209,0.073274612,0.005340576,0.000008902,-0.146721616,-0.568388939,-0.122308724,0.070227556,0.000090937,0.000000000,0.000000000,0.000000000,0.000000000,0.000000000,0.000000000,0.000000000,0.000000000,0.000000000,0.000000000,0.000000000,0.000000000,0.000000000,0.000000000,0.000000000,0.000000000,0.000000000,0.000000000,0.005438486,0.002980009,-0.031611443,-0.009727485,0.003047056,0.005249639,0.005931342,0.003458246,-0.003239589,-0.002224623,0.003226660,0.004857348
9.169719696,-0.004409790,0.047361374,-0.017066002,-0.005177498,0.010545731,0.036240578,0.028869629,0.001525879,0.000671387,-0.034240723,-0.017623901,0.024673462,-0.004409790,0.047361374,-0.016681671,-0.005177498,0.010545731,0.036240578,0.000008902,-0.146721616,-0.568388939,-0.122308724,0.070227556,0.000090937,-0.018417358,-0.132755280,-0.588586807,-0.139818192,0.067293167,0.014312744,0.000008902,-0.146721616,-0.568388939,-0.122308724,0.070227556,0.000090937,0.000000000,0.000000000,0.000000000,0.000000000,0.000000000,0.000000000,0.000000000,0.000000000,0.000000000,0.000000000,0.000000000,0.000000000,0.000000000,0.000000000,0.000000000,0.000000000,0.000000000,0.000000000,-0.018426260,0.013966337,-0.020197868,-0.017509468,-0.002934389,0.014221807,-0.017933404,0.014444574,0.008173985,-0.010006605,-0.002754785,0.013829516
9.179679632,-0.004409790,0.047361374,-0.016681671,-0.005177498,0.010545731,0.035857201,-0.007385254,-0.033874512,-0.022155762,0.014099121,0.009567261,-0.051864624,-0.004409790,0.047361374,-0.016681671,-0.005177498,0.010545731,0.035857201,0.000008902,-0.146722600,-0.568387985,-0.122307688,0.070227556,0.000091970,0.012710571,-0.158390045,-0.579767227,-0.131517410,0.073701859,-0.017303467,0.000008902,-0.146722600,-0.568387985,-0.122307688,0.070227556,0.000091970,0.000000000,0.000000000,0.000000000,0.000000000,0.000000000,0.000000000,0.000000000,0.000000000,0.000000000,0.000000000,0.000000000,0.000000000,0.000000000,0.000000000,0.000000000,0.000000000,0.000000000,0.000000000,0.012701670,-0.011667445,-0.011379242,-0.009209722,0.003474303,-0.017395437,0.013194525,-0.011189208,0.016992611,-0.001706860,0.003653906,-0.017787728
9.189837217,-0.004794121,0.047361374,-0.016681671,-0.004794121,0.010545731,0.035857201,-0.024841309,-0.041810989,0.008728027,0.055725098,-0.010574341,0.018630981,-0.004794121,0.047361374,-0.017066002,-0.005177498,0.010545731,0.035857201,0.000008902,-0.143213391,-0.571712494,-0.122925662,0.070616879,0.000093006,-0.004409790,-0.140079498,-0.597925186,-0.090532303,0.073701859,-0.004058838,0.000008902,-0.143213391,-0.571712494,-0.122925662,0.070616879,0.000093006,0.000000000,0.000000000,0.000000000,0.000000000,0.000000000,0.000000000,0.000000000,0.000000000,0.000000000,0.000000000,0.000000000,0.000000000,0.000000000,0.000000000,0.000000000,0.000000000,0.000000000,0.000000000,-0.004418692,0.003133893,-0.026212692,0.032393359,0.003084980,-0.004151844,-0.003925836,0.003612130,0.002159161,0.039896221,0.003264584,-0.004544135
9.199733019,-0.004794121,0.047361374,-0.016681671,-0.005177498,0.010545731,0.035857201,-0.050354004,-0.061952591,0.179264069,0.164489746,0.028701782,-0.064960480,-0.004794121,0.047361374,-0.017066002,-0.005177498,0.010545731,0.036240578,0.000008902,-0.143212408,-0.571713448,-0.122926690,0.070616879,0.000091972,-0.001296997,-0.134586334,-0.589105606,-0.147600174,0.059602737,-0.010894775,0.000008902,-0.143212408,-0.571713448,-0.122926690,0.070616879,0.000091972,0.000000000,0.000000000,0.000000000,0.000000000,0.000000000,0.000000000,0.000000000,0.000000000,0.000000000,0.000000000,0.000000000,0.000000000,0.000000000,0.000000000,0.000000000,0.000000000,0.000000000,0.000000000,-0.001305899,0.008626074,-0.017392159,-0.024673484,-0.011014141,-0.010986748,-0.000813043,0.009104311,0.010979695,-0.017170622,-0.010834538,-0.011379039
9.209696293,-0.004409790,0.047361374,-0.016681671,-0.004794121,0.010545731,0.035857201,0.067810059,0.121767044,-0.082580566,0.059753418,0.056900024,-0.043807983,-0.004794121,0.047361374,-0.016681671,-0.005177498,0.010545731,0.035857201,0.000008902,-0.146722600,-0.568387985,-0.122307688,0.070227556,0.000091970,-0.025680542,-0.163883209,-0.598443985,-0.129961014,0.068147659,-0.010040283,0.000008902,-0.146722600,-0.568387985,-0.122307688,0.070227556,0.000091970,0.000000000,0.000000000,0.000000000,0.000000000,0.000000000,0.000000000,0.000000000,0.000000000,0.000000000,0.000000000,0.000000000,0.000000000,0.000000000,0.000000000,0.000000000,0.000000000,0.000000000,0.000000000,-0.025689444,-0.017160609,-0.030056000,-0.007653326,-0.002079897,-0.010132253,-0.025196588,-0.016682372,-0.001684146,-0.000150463,-0.001900293,-0.010524544
9.219751596,-0.004409790,0.047361374,-0.016681671,-0.005177498,0.010545731,0.035857201,0.129577637,0.003967285,0.003356934,0.015441895,-0.018630981,-0.023666382,-0.004409790,0.047361374,-0.016681671,-0.004794121,0.010545731,0.035857201,0.000008902,-0.147308230,-0.567833185,-0.121691234,0.069839187,0.000090937,-0.029312134,-0.174869537,-0.584955215,-0.116991043,0.070711136,0.068147659,0.000008902,-0.147308230,-0.567833185,-0.121691234,0.069839187,0.000090937,0.000000000,0.000000000,0.000000000,0.000000000,0.000000000,0.000000000,0.000000000,0.000000000,0.000000000,0.000000000,0.000000000,0.000000000,0.000000000,0.000000000,0.000000000,0.000000000,0.000000000,0.000000000,-0.029321035,-0.027561307,-0.017122030,0.004700191,0.000871949,0.068056722,-0.028828180,-0.027083070,0.011249823,0.012203054,0.001051553,0.067664431
9.229737759,-0.004794121,0.047361374,-0.017066002,-0.005177498,0.010545731,0.036240578,-0.132266998,0.133974075,-0.065124512,0.129577637,-0.022659302,0.059921265,-0.004794121,0.047361374,-0.016681671,-0.005177498,0.010545731,0.036240578,0.000008902,-0.146721616,-0.568388939,-0.122308724,0.070227556,0.000090937,-0.008041382,-0.162052155,-0.633203506,-0.133073807,0.045928955,-0.016448975,0.000008902,-0.146721616,-0.568388939,-0.122308724,0.070227556,0.000090937,0.000000000,0.000000000,0.000000000,0.000000000,0.000000000,0.000000000,0.000000000,0.000000000,0.000000000,0.000000000,0.000000000,0.000000000,0.000000000,0.000000000,0.000000000,0.000000000,0.000000000,0.000000000,-0.008050283,-0.015330538,-0.064814568,-0.010765083,-0.024298601,-0.016539911,-0.007557428,-0.014852301,-0.036442714,-0.003262221,-0.024118997,-0.016932202
9.239692926,-0.004794121,0.047361374,-0.016681671,-0.004794121,0.010545731,0.035857201,-0.040954590,0.049133301,-0.031555176,0.100036621,-0.004531860,-0.004531860,-0.004409790,0.047361374,-0.016681671,-0.005177498,0.010545731,0.035857201,0.000008902,-0.146722600,-0.568387985,-0.122307688,0.070227556,0.000091970,-0.006484985,-0.193180084,-0.592218399,-0.128404617,0.071138382,-0.002777100,0.000008902,-0.146722600,-0.568387985,-0.122307688,0.070227556,0.000091970,0.000000000,0.000000000,0.000000000,0.000000000,0.000000000,0.000000000,0.000000000,0.000000000,0.000000000,0.000000000,0.000000000,0.000000000,0.000000000,0.000000000,0.000000000,0.000000000,0.000000000,0.000000000,-0.006493887,-0.046457484,-0.023830414,-0.006096929,0.000910826,-0.002869070,-0.006001031,-0.045979247,0.004541440,0.001405933,0.001090430,-0.003261361
9.249691725,-0.004794121,0.047361374,-0.017066002,-0.005177498,0.010545731,0.035857201,0.043640137,-0.016174316,-0.128238678,0.026184082,-0.032730103,-0.007553101,-0.004794121,0.047361374,-0.016681671,-0.005177498,0.010545731,0.035857201,0.000008902,-0.146722600,-0.568387985,-0.122307688,0.070227556,0.000091970,-0.010635376,-0.130924225,-0.609338760,-0.130479813,0.066865921,0.004486084,0.000008902,-0.146722600,-0.568387985,-0.122307688,0.070227556,0.000091970,0.000000000,0.000000000,0.000000000,0.000000000,0.000000000,0.000000000,0.000000000,0.000000000,0.000000000,0.000000000,0.000000000,0.000000000,0.000000000,0.000000000,0.000000000,0.000000000,0.000000000,0.000000000,-0.010644278,0.015798375,-0.040950775,-0.008172125,-0.003361635,0.004394114,-0.010151422,0.016276612,-0.012578922,-0.000669262,-0.003182031,0.004001823
9.259730816,-0.004794121,0.047361374,-0.016681671,-0.005177498,0.010545731,0.035857201,-0.036926270,0.007019043,0.011413574,-0.151065826,0.034744263,0.011581421,-0.004409790,0.047361374,-0.017066002,-0.005177498,0.010545731,0.035857201,0.000008901,-0.143213391,-0.571712494,-0.122925662,0.070616879,0.000093006,0.005447388,-0.127262115,-0.619195938,-0.130998611,0.060884476,0.002777100,0.000008901,-0.143213391,-0.571712494,-0.122925662,0.070616879,0.000093006,0.000000000,0.000000000,0.000000000,0.000000000,0.000000000,0.000000000,0.000000000,0.000000000,0.000000000,0.000000000,0.000000000,0.000000000,0.000000000,0.000000000,0.000000000,0.000000000,0.000000000,0.000000000,0.005438486,0.015951276,-0.047483444,-0.008072950,-0.009732403,0.002684094,0.005931342,0.016429513,-0.019111591,-0.000570087,-0.009552799,0.002291803
9.269688845,-0.004409790,0.047361374,-0.017066002,-0.005177498,0.010545731,0.036240578,0.125549316,-0.139467239,-0.000671387,-0.077209473,-0.011581421,0.037765503,-0.004794121,0.047361374,-0.017066002,-0.005177498,0.010545731,0.036240578,0.000008902,-0.143212408,-0.571713448,-0.122926690,0.070616879,0.000091972,-0.001296997,-0.163883209,-0.590143204,-0.124773026,0.078828812,0.011322021,0.000008902,-0.143212408,-0.571713448,-0.122926690,0.070616879,0.000091972,0.000000000,0.000000000,0.000000000,0.000000000,0.000000000,0.000000000,0.000000000,0.000000000,0.000000000,0.000000000,0.000000000,0.000000000,0.000000000,0.000000000,0.000000000,0.000000000,0.000000000,0.000000000,-0.001305899,-0.020670801,-0.018429756,-0.001846336,0.008211933,0.011230049,-0.000813043,-0.020192564,0.009942097,0.005656527,0.008391537,0.010837758
9.279701233,-0.004409790,0.047361374,-0.016681671,-0.005177498,0.010545731,0.035857201,0.093322754,0.007019043,0.152404785,-0.042297363,0.002517700,-0.067981720,-0.004794121,0.047361374,-0.016681671,-0.005177498,0.010545731,0.036240578,0.000008902,-0.146721616,-0.568388939,-0.122308724,0.070227556,0.000090937,0.009078979,-0.160221100,-0.571466446,-0.135667801,0.063875198,-0.004913330,0.000008902,-0.146721616,-0.568388939,-0.122308724,0.070227556,0.000090937,0.000000000,0.000000000,0.000000000,0.000000000,0.000000000,0.000000000,0.000000000,0.000000000,0.000000000,0.000000000,0.000000000,0.000000000,0.000000000,0.000000000,0.000000000,0.000000000,0.000000000,0.000000000,0.009070078,-0.013499483,-0.003077507,-0.013359077,-0.006352358,-0.005004267,0.009562934,-0.013021246,0.025294346,-0.005856215,-0.006172754,-0.005396558
9.289706945,-0.004409790,0.047361374,-0.016681671,-0.004794121,0.010545731,0.035857201,0.030212402,0.021057129,-0.059753418,0.218204498,-0.026687622,-0.006546021,-0.004409790,0.047361374,-0.016681671,-0.005177498,0.010545731,0.035857201,0.000008902,-0.146722600,-0.568387985,-0.122307688,0.070227556,0.000091970,0.007522583,-0.174869537,-0.603113174,-0.135667801,0.060029984,-0.009185791,0.000008902,-0.146722600,-0.568387985,-0.122307688,0.070227556,0.000091970,0.000000000,0.000000000,0.000000000,0.000000000,0.000000000,0.000000000,0.000000000,0.000000000,0.000000000,0.000000000,0.000000000,0.000000000,0.000000000,0.000000000,0.000000000,0.000000000,0.000000000,0.000000000,0.007513681,-0.028146937,-0.034725189,-0.013360113,-0.010197572,-0.009277761,0.008006537,-0.027668700,-0.006353336,-0.005857250,-0.010017969,-0.009670052
9.299686193,-0.004409790,0.047361374,-0.016681671,-0.004794121,0.010545731,0.036240578,-0.039611816,0.045471191,0.047668457,0.128234863,-0.017623901,-0.077045441,-0.004409790,0.047361374,-0.017066002,-0.005177498,0.010545731,0.035857201,0.000008901,-0.143213391,-0.571712494,-0.122925662,0.070616879,0.000093006,-0.008041382,-0.130924225,-0.588068008,-0.131517410,0.073701859,0.007049561,0.000008901,-0.143213391,-0.571712494,-0.122925662,0.070616879,0.000093006,0.000000000,0.000000000,0.000000000,0.000000000,0.000000000,0.000000000,0.000000000,0.000000000,0.000000000,0.000000000,0.000000000,0.000000000,0.000000000,0.000000000,0.000000000,0.000000000,0.000000000,0.000000000,-0.008050283,0.012289166,-0.016355515,-0.008591749,0.003084980,0.006956555,-0.007557428,0.012767404,0.012016339,-0.001088886,0.003264584,0.006564264
9.309691906,-0.004794121,0.047361374,-0.016681671,-0.005177498,0.010545731,0.036240578,0.014099121,-0.084535599,-0.134952545,-0.007385254,0.024673462,0.030715942,-0.004409790,0.047361374,-0.016681671,-0.005177498,0.010545731,0.036240578,0.000008902,-0.146721616,-0.568388939,-0.122308724,0.070227556,0.000090937,-0.000259399,-0.127262115,-0.608301163,-0.138261795,0.064302444,0.015167236,0.000008902,-0.146721616,-0.568388939,-0.122308724,0.070227556,0.000090937,0.000000000,0.000000000,0.000000000,0.000000000,0.000000000,0.000000000,0.000000000,0.000000000,0.000000000,0.000000000,0.000000000,0.000000000,0.000000000,0.000000000,0.000000000,0.000000000,0.000000000,0.000000000,-0.000268301,0.019459501,-0.039912224,-0.015953071,-0.005925111,0.015076300,0.000224555,0.019937738,-0.011540370,-0.008450209,-0.005745508,0.014684009
9.319724560,-0.004409790,0.047361374,-0.016681671,-0.005177498,0.010545731,0.035857201,-0.059753418,-0.076601028,0.073181152,0.101379395,0.010574341,-0.015609741,-0.004794121,0.047361374,-0.016681671,-0.004794121,0.010545731,0.036240578,0.000008902,-0.147307247,-0.567834139,-0.121692270,0.069839187,0.000089904,-0.000778198,-0.141910553,-0.588068008,-0.111803055,0.067720413,0.018157959,0.000008902,-0.147307247,-0.567834139,-0.121692270,0.069839187,0.000089904,0.000000000,0.000000000,0.000000000,0.000000000,0.000000000,0.000000000,0.000000000,0.000000000,0.000000000,0.000000000,0.000000000,0.000000000,0.000000000,0.000000000,0.000000000,0.000000000,0.000000000,0.000000000,-0.000787100,0.005396694,-0.020233870,0.009889215,-0.002118774,0.018068055,-0.000294244,0.005874931,0.008137984,0.017392078,-0.001939170,0.017675764
9.329689026,-0.004409790,0.047361374,-0.017066002,-0.005177498,0.010545731,0.036240578,0.053039551,-0.102846146,-0.079895020,-0.155094147,-0.020645142,-0.008560181,-0.004794121,0.047361374,-0.017066002,-0.005177498,0.010545731,0.035857201,0.000008902,-0.143213391,-0.571712494,-0.122925662,0.070616879,0.000093006,-0.003890991,-0.141910553,-0.592218399,-0.134111404,0.064302444,0.012603760,0.000008902,-0.143213391,-0.571712494,-0.122925662,0.070616879,0.000093006,0.000000000,0.000000000,0.000000000,0.000000000,0.000000000,0.000000000,0.000000000,0.000000000,0.000000000,0.000000000,0.000000000,0.000000000,0.000000000,0.000000000,0.000000000,0.000000000,0.000000000,0.000000000,-0.003899893,0.001302838,-0.020505905,-0.011185743,-0.006314434,0.012510754,-0.003407037,0.001781076,0.007865948,-0.003682880,-0.006134830,0.012118463
9.339705229,-0.004409790,0.047361374,-0.016681671,-0.005177498,0.010545731,0.035857201,0.051696777,-0.124208450,0.030212402,-0.006042480,0.012588501,0.001510620,-0.004409790,0.047361374,-0.016681671,-0.004794121,0.010545731,0.035857201,0.000008902,-0.147308230,-0.567833185,-0.121691234,0.069839187,0.000090937,-0.008560181,-0.152896881,-0.591699600,-0.085344315,0.061738968,-0.007049561,0.000008902,-0.147308230,-0.567833185,-0.121691234,0.069839187,0.000090937,0.000000000,0.000000000,0.000000000,0.000000000,0.000000000,0.000000000,0.000000000,0.000000000,0.000000000,0.000000000,0.000000000,0.000000000,0.000000000,0.000000000,0.000000000,0.000000000,0.000000000,0.000000000,-0.008569082,-0.005588651,-0.023866415,0.036346920,-0.008100219,-0.007140497,-0.008076226,-0.005110413,0.004505438,0.043849782,-0.007920615,-0.007532788
9.349686146,-0.004409790,0.047361374,-0.016681671,-0.005177498,0.010545731,0.036240578,0.078552246,0.126649857,0.030212402,0.134948730,-0.008560181,0.039779663,-0.004409790,0.047361374,-0.016681671,-0.004794121,0.010545731,0.035857201,0.000008902,-0.147308230,-0.567833185,-0.121691234,0.069839187,0.000090937,0.001815796,-0.129093170,-0.585474014,-0.098314285,0.063447952,-0.009613037,0.000008902,-0.147308230,-0.567833185,-0.121691234,0.069839187,0.000090937,0.000000000,0.000000000,0.000000000,0.000000000,0.000000000,0.000000000,0.000000000,0.000000000,0.000000000,0.000000000,0.000000000,0.000000000,0.000000000,0.000000000,0.000000000,0.000000000,0.000000000,0.000000000,0.001806894,0.018215060,-0.017640829,0.023376949,-0.006391235,-0.009703974,0.002299750,0.018693298,0.010731024,0.030879812,-0.006211631,-0.010096265
9.359687090,-0.004409790,0.047361374,-0.016681671,-0.005177498,0.010545731,0.035857201,0.140319824,-0.039979935,-0.143009186,-0.007385254,0.020645142,0.018630981,-0.004794121,0.047361374,-0.016681671,-0.005177498,0.010545731,0.035857201,0.000008902,-0.146722600,-0.568387985,-0.122307688,0.070227556,0.000091970,-0.000259399,-0.127262115,-0.600519180,-0.121660233,0.058320999,0.012176514,0.000008902,-0.146722600,-0.568387985,-0.122307688,0.070227556,0.000091970,0.000000000,0.000000000,0.000000000,0.000000000,0.000000000,0.000000000,0.000000000,0.000000000,0.000000000,0.000000000,0.000000000,0.000000000,0.000000000,0.000000000,0.000000000,0.000000000,0.000000000,0.000000000,-0.000268301,0.019460484,-0.032131195,0.000647455,-0.011906557,0.012084544,0.000224555,0.019938722,-0.003759342,0.008150318,-0.011726953,0.011692253
9.369687319,-0.004794121,0.047361374,-0.016681671,-0.004794121,0.010545731,0.036240578,0.014099121,-0.100404739,-0.028869629,-0.129581451,0.002517700,0.035751343,-0.004409790,0.047361374,-0.016681671,-0.005177498,0.010545731,0.035857201,0.000008902,-0.146722600,-0.568387985,-0.122307688,0.070227556,0.000091970,0.001296997,-0.195011139,-0.590662003,-0.125810623,0.070711136,-0.015594482,0.000008902,-0.146722600,-0.568387985,-0.122307688,0.070227556,0.000091970,0.000000000,0.000000000,0.000000000,0.000000000,0.000000000,0.000000000,0.000000000,0.000000000,0.000000000,0.000000000,0.000000000,0.000000000,0.000000000,0.000000000,0.000000000,0.000000000,0.000000000,0.000000000,0.001288096,-0.048288539,-0.022274017,-0.003502935,0.000483580,-0.015686452,0.001780951,-0.047810302,0.006097836,0.003999927,0.000663184,-0.016078743
9.379701138,-0.004794121,0.047361374,-0.016681671,-0.005177498,0.010545731,0.035857201,0.024841309,0.029602051,0.057067871,0.190006256,0.004531860,-0.016616821,-0.004794121,0.047361374,-0.016681671,-0.005177498,0.010545731,0.036240578,0.000008902,-0.146721616,-0.568388939,-0.122308724,0.070227556,0.000090937,-0.001296997,-0.167545319,-0.595331192,-0.140855789,0.056184769,0.002349854,0.000008902,-0.146721616,-0.568388939,-0.122308724,0.070227556,0.000090937,0.000000000,0.000000000,0.000000000,0.000000000,0.000000000,0.000000000,0.000000000,0.000000000,0.000000000,0.000000000,0.000000000,0.000000000,0.000000000,0.000000000,0.000000000,0.000000000,0.000000000,0.000000000,-0.001305899,-0.020823702,-0.026942253,-0.018547066,-0.014042787,0.002258917,-0.000813043,-0.020345465,0.001429600,-0.011044203,-0.013863184,0.001866626
9.389686823,-0.004409790,0.047361374,-0.016681671,-0.005177498,0.010545731,0.036240578,0.023498535,-0.035095215,0.016784668,-0.110782623,0.031723022,0.020645142,-0.004409790,0.047361374,-0.016681671,-0.005177498,0.010545731,0.035857201,0.000008902,-0.146722600,-0.568387985,-0.122307688,0.070227556,0.000091970,0.000259399,-0.143741608,-0.596368790,-0.102464676,0.074129105,-0.013885498,0.000008902,-0.146722600,-0.568387985,-0.122307688,0.070227556,0.000091970,0.000000000,0.000000000,0.000000000,0.000000000,0.000000000,0.000000000,0.000000000,0.000000000,0.000000000,0.000000000,0.000000000,0.000000000,0.000000000,0.000000000,0.000000000,0.000000000,0.000000000,0.000000000,0.000250498,0.002980992,-0.027980804,0.019843012,0.003901549,-0.013977468,0.000743354,0.003459230,0.000391049,0.027345875,0.004081152,-0.014369759
9.399689198,-0.004409790,0.047361374,-0.016681671,-0.005177498,0.010545731,0.035857201,-0.022155762,0.131532669,-0.073181152,-0.073181152,-0.081073761,-0.039779663,-0.004794121,0.047361374,-0.016681671,-0.005177498,0.010545731,0.035857201,0.000008902,-0.146722600,-0.568387985,-0.122307688,0.070227556,0.000091970,0.008560181,-0.143741608,-0.596368790,-0.148118973,0.074556351,-0.026702881,0.000008902,-0.146722600,-0.568387985,-0.122307688,0.070227556,0.000091970,0.000000000,0.000000000,0.000000000,0.000000000,0.000000000,0.000000000,0.000000000,0.000000000,0.000000000,0.000000000,0.000000000,0.000000000,0.000000000,0.000000000,0.000000000,0.000000000,0.000000000,0.000000000,0.008551279,0.002980992,-0.027980804,-0.025811285,0.004328795,-0.026794851,0.009044135,0.003459230,0.000391049,-0.018308422,0.004508398,-0.027187142
9.409687281,-0.004794121,0.047361374,-0.016681671,-0.005177498,0.010545731,0.035857201,0.061096191,-0.083314896,0.097351074,-0.031555176,0.046829224,0.042800903,-0.004409790,0.047361374,-0.016681671,-0.005177498,0.010545731,0.036240578,0.000008902,-0.146721616,-0.568388939,-0.122308724,0.070227556,0.000090937,0.002853394,-0.108947754,-0.584436417,-0.143968582,0.073274612,-0.009613037,0.000008902,-0.146721616,-0.568388939,-0.122308724,0.070227556,0.000090937,0.000000000,0.000000000,0.000000000,0.000000000,0.000000000,0.000000000,0.000000000,0.000000000,0.000000000,0.000000000,0.000000000,0.000000000,0.000000000,0.000000000,0.000000000,0.000000000,0.000000000,0.000000000,0.002844492,0.037773862,-0.016047478,-0.021659859,0.003047056,-0.009703974,0.003337348,0.038252100,0.012324376,-0.014156996,0.003226660,-0.010096265
9.419722557,-0.004794121,0.047361374,-0.016681671,-0.004794121,0.010545731,0.036240578,-0.028869629,0.038146973,0.094665527,0.082580566,-0.016616821,0.025680542,-0.004409790,0.047361374,-0.016681671,-0.004794121,0.010545731,0.035857201,0.000008902,-0.147308230,-0.567833185,-0.121691234,0.069839187,0.000090937,-0.002334595,-0.174869537,-0.595331192,-0.114915848,0.076265335,-0.023284912,0.000008902,-0.147308230,-0.567833185,-0.121691234,0.069839187,0.000090937,0.000000000,0.000000000,0.000000000,0.000000000,0.000000000,0.000000000,0.000000000,0.000000000,0.000000000,0.000000000,0.000000000,0.000000000,0.000000000,0.000000000,0.000000000,0.000000000,0.000000000,0.000000000,-0.002343496,-0.027561307,-0.027498007,0.006775387,0.006426148,-0.023375849,-0.001850641,-0.027083070,0.000873846,0.014278249,0.006605752,-0.023768140
9.429760456,-0.004794121,0.047361374,-0.016681671,-0.005177498,0.010545731,0.035857201,-0.130924225,-0.032043457,0.125549316,0.014099121,-0.037765503,0.009567261,-0.004409790,0.047361374,-0.016681671,-0.005177498,0.010545731,0.036240578,0.000008902,-0.146721616,-0.568388939,-0.122308724,0.070227556,0.000090937,-0.013229370,-0.121768951,-0.624383926,-0.143449783,0.081392288,-0.012176514,0.000008902,-0.146721616,-0.568388939,-0.122308724,0.070227556,0.000090937,0.000000000,0.000000000,0.000000000,0.000000000,0.000000000,0.000000000,0.000000000,0.000000000,0.000000000,0.000000000,0.000000000,0.000000000,0.000000000,0.000000000,0.000000000,0.000000000,0.000000000,0.000000000,-0.013238272,0.024952665,-0.055994987,-0.021141060,0.011164732,-0.012267450,-0.012745416,0.025430902,-0.027623134,-0.013638197,0.011344336,-0.012659741
9.439699411,-0.004409790,0.047361374,-0.016681671,-0.005177498,0.010545731,0.035857201,0.079895020,-0.032043457,-0.122867584,-0.112125397,0.035751343,0.012588501,-0.004794121,0.047361374,-0.016681671,-0.004794121,0.010545731,0.035857201,0.000008902,-0.147308230,-0.567833185,-0.121691234,0.069839187,0.000090937,-0.014785767,-0.187686920,-0.596368790,-0.143968582,0.069856644,0.024139404,0.000008902,-0.147308230,-0.567833185,-0.121691234,0.069839187,0.000090937,0.000000000,0.000000000,0.000000000,0.000000000,0.000000000,0.000000000,0.000000000,0.000000000,0.000000000,0.000000000,0.000000000,0.000000000,0.000000000,0.000000000,0.000000000,0.000000000,0.000000000,0.000000000,-0.014794668,-0.040378690,-0.028535604,-0.022277348,0.000017457,0.024048467,-0.014301813,-0.039900452,-0.000163751,-0.014774485,0.000197060,0.023656176
9.449693680,-0.004409790,0.047361374,-0.016681671,-0.005177498,0.010545731,0.036240578,0.059753418,0.047912598,0.163146973,-0.015441895,0.010574341,0.029708862,-0.004409790,0.047361374,-0.016681671,-0.005177498,0.010545731,0.035857201,0.000008902,-0.146722600,-0.568387985,-0.122307688,0.070227556,0.000091970,0.000778198,-0.138248444,-0.652399063,-0.135667801,0.072847366,-0.010467529,0.000008902,-0.146722600,-0.568387985,-0.122307688,0.070227556,0.000091970,0.000000000,0.000000000,0.000000000,0.000000000,0.000000000,0.000000000,0.000000000,0.000000000,0.000000000,0.000000000,0.000000000,0.000000000,0.000000000,0.000000000,0.000000000,0.000000000,0.000000000,0.000000000,0.000769297,0.008474156,-0.084011078,-0.013360113,0.002619810,-0.010559499,0.001262152,0.008952394,-0.055639225,-0.005857250,0.002799414,-0.010951790
9.459687233,-0.004794121,0.047361374,-0.016681671,-0.005177498,0.010545731,0.035857201,-0.070495605,-0.011901855,-0.049011230,0.006042480,0.061935425,-0.041793823,-0.004409790,0.047361374,-0.017066002,-0.005177498,0.010545731,0.036240578,0.000008901,-0.143212408,-0.571713448,-0.122926690,0.070616879,0.000091972,0.000778198,-0.174869537,-0.603631973,-0.134630203,0.072420120,-0.001495361,0.000008901,-0.143212408,-0.571713448,-0.122926690,0.070616879,0.000091972,0.000000000,0.000000000,0.000000000,0.000000000,0.000000000,0.000000000,0.000000000,0.000000000,0.000000000,0.000000000,0.000000000,0.000000000,0.000000000,0.000000000,0.000000000,0.000000000,0.000000000,0.000000000,0.000769297,-0.031657130,-0.031918526,-0.011703514,0.001803242,-0.001587334,0.001262152,-0.031178892,-0.003546672,-0.004200651,0.001982845,-0.001979625
9.469688416,-0.004409790,0.047361374,-0.017066002,-0.005177498,0.010545731,0.035857201,0.136291504,0.006408691,-0.039611816,-0.159122467,-0.037765503,0.015609741,-0.004409790,0.047361374,-0.016681671,-0.005177498,0.010545731,0.035857201,0.000008902,-0.146722600,-0.568387985,-0.122307688,0.070227556,0.000091970,0.003372192,-0.121768951,-0.666925430,-0.106615067,0.083528519,-0.006622314,0.000008902,-0.146722600,-0.568387985,-0.122307688,0.070227556,0.000091970,0.000000000,0.000000000,0.000000000,0.000000000,0.000000000,0.000000000,0.000000000,0.000000000,0.000000000,0.000000000,0.000000000,0.000000000,0.000000000,0.000000000,0.000000000,0.000000000,0.000000000,0.000000000,0.003363291,0.024953648,-0.098537445,0.015692621,0.013300963,-0.006714284,0.003856147,0.025431886,-0.070165592,0.023195484,0.013480566,-0.007106575
9.479775906,-0.004794121,0.047361374,-0.016681671,-0.005177498,0.010545731,0.036240578,0.024841309,-0.103456497,0.122863770,-0.077209473,0.004531860,0.031723022,-0.004794121,0.047361374,-0.016681671,-0.005177498,0.010545731,0.036240578,0.000008902,-0.146721616,-0.568388939,-0.122308724,0.070227556,0.000090937,0.000778198,-0.141910553,-0.609338760,-0.151231766,0.078828812,0.011322021,0.000008902,-0.146721616,-0.568388939,-0.122308724,0.070227556,0.000090937,0.000000000,0.000000000,0.000000000,0.000000000,0.000000000,0.000000000,0.000000000,0.000000000,0.000000000,0.000000000,0.000000000,0.000000000,0.000000000,0.000000000,0.000000000,0.000000000,0.000000000,0.000000000,0.000769297,0.004811063,-0.040949821,-0.028923042,0.008601256,0.011231085,0.001262152,0.005289301,-0.012577968,-0.021420180,0.008780859,0.010838794
9.489687920,-0.004794121,0.047361374,-0.016681671,-0.005177498,0.010545731,0.035857201,-0.057067871,0.054016113,0.049011230,-0.055725098,-0.037765503,-0.023666382,-0.004409790,0.047361374,-0.016681671,-0.005177498,0.010545731,0.036240578,0.000008902,-0.146721616,-0.568388939,-0.122308724,0.070227556,0.000090937,-0.005447388,-0.114440918,-0.611932755,-0.096757889,0.066438675,-0.034394264,0.000008902,-0.146721616,-0.568388939,-0.122308724,0.070227556,0.000090937,0.000000000,0.000000000,0.000000000,0.000000000,0.000000000,0.000000000,0.000000000,0.000000000,0.000000000,0.000000000,0.000000000,0.000000000,0.000000000,0.000000000,0.000000000,0.000000000,0.000000000,0.000000000,-0.005456289,0.032280698,-0.043543816,0.025550835,-0.003788881,-0.034485201,-0.004963433,0.032758936,-0.015171962,0.033053697,-0.003609277,-0.034877492
9.499663353,-0.004794121,0.047744751,-0.016681671,-0.005177498,0.010545731,0.035857201,-0.014099121,0.141908646,0.090637207,-0.007385254,-0.027694702,-0.040786743,-0.004794121,0.047361374,-0.016681671,-0.005177498,0.010545731,0.035857201,0.000008902,-0.146722600,-0.568387985,-0.122307688,0.070227556,0.000091970,0.010635376,-0.173038483,-0.632684708,-0.139818192,0.068147659,0.018157959,0.000008902,-0.146722600,-0.568387985,-0.122307688,0.070227556,0.000091970,0.000000000,0.000000000,0.000000000,0.000000000,0.000000000,0.000000000,0.000000000,0.000000000,0.000000000,0.000000000,0.000000000,0.000000000,0.000000000,0.000000000,0.000000000,0.000000000,0.000000000,0.000000000,0.010626474,-0.026315883,-0.064296722,-0.017510504,-0.002079897,0.018065989,0.011119330,-0.025837645,-0.035924869,-0.010007641,-0.001900293,0.017673698
9.509737015,-0.004794121,0.047361374,-0.017066002,-0.005177498,0.010545731,0.036240578,0.027526855,0.032043457,-0.039611816,0.043640137,-0.016616821,-0.000503540,-0.004794121,0.047361374,-0.016681671,-0.004794121,0.010545731,0.035857201,0.000008902,-0.147308230,-0.567833185,-0.121691234,0.069839187,0.000090937,0.003372192,-0.163883209,-0.595331192,-0.123735428,0.076692581,0.019866943,0.000008902,-0.147308230,-0.567833185,-0.121691234,0.069839187,0.000090937,0.000000000,0.000000000,0.000000000,0.000000000,0.000000000,0.000000000,0.000000000,0.000000000,0.000000000,0.000000000,0.000000000,0.000000000,0.000000000,0.000000000,0.000000000,0.000000000,0.000000000,0.000000000,0.003363291,-0.016574979,-0.027498007,-0.002044193,0.006853394,0.019776007,0.003856146,-0.016096741,0.000873846,0.005458669,0.007032998,0.019383716
9.519722223,-0.004409790,0.047361374,-0.016681671,-0.005177498,0.010545731,0.036240578,0.010070801,-0.061342239,0.019470215,-0.117496490,0.006546021,-0.019638062,-0.004409790,0.047361374,-0.016681671,-0.005177498,0.010545731,0.035857201,0.000008902,-0.146722600,-0.568387985,-0.122307688,0.070227556,0.000091970,-0.000259399,-0.127262115,-0.592218399,-0.133073807,0.055330276,0.033538818,0.000008902,-0.146722600,-0.568387985,-0.122307688,0.070227556,0.000091970,0.000000000,0.000000000,0.000000000,0.000000000,0.000000000,0.000000000,0.000000000,0.000000000,0.000000000,0.000000000,0.000000000,0.000000000,0.000000000,0.000000000,0.000000000,0.000000000,0.000000000,0.000000000,-0.000268301,0.019460484,-0.023830414,-0.010766119,-0.014897279,0.033446848,0.000224555,0.019938722,0.004541440,-0.003263256,-0.014717676,0.033054557
9.529725552,-0.004409790,0.047361374,-0.016681671,-0.005177498,0.010545731,0.035857201,-0.086612701,-0.067445755,-0.082580566,-0.047668457,-0.001510620,-0.009567261,-0.004409790,0.047361374,-0.016681671,-0.005177498,0.010545731,0.035857201,0.000008902,-0.146722600,-0.568387985,-0.122307688,0.070227556,0.000091970,-0.007522583,-0.151065826,-0.618677139,-0.146043777,0.062593460,-0.015594482,0.000008902,-0.146722600,-0.568387985,-0.122307688,0.070227556,0.000091970,0.000000000,0.000000000,0.000000000,0.000000000,0.000000000,0.000000000,0.000000000,0.000000000,0.000000000,0.000000000,0.000000000,0.000000000,0.000000000,0.000000000,0.000000000,0.000000000,0.000000000,0.000000000,-0.007531485,-0.004343227,-0.050289154,-0.023736089,-0.007634096,-0.015686452,-0.007038629,-0.003864989,-0.021917301,-0.016233227,-0.007454492,-0.016078743
9.539690018,-0.004794121,0.047361374,-0.016681671,-0.004794121,0.010545731,0.036240578,-0.046325684,-0.061952591,0.075866699,0.153747559,0.008560181,0.021652222,-0.004794121,0.047361374,-0.016681671,-0.005177498,0.010545731,0.035857201,0.000008902,-0.146722600,-0.568387985,-0.122307688,0.070227556,0.000091970,-0.011154175,-0.154727936,-0.588068008,-0.107133865,0.082674026,-0.005340576,0.000008902,-0.146722600,-0.568387985,-0.122307688,0.070227556,0.000091970,0.000000000,0.000000000,0.000000000,0.000000000,0.000000000,0.000000000,0.000000000,0.000000000,0.000000000,0.000000000,0.000000000,0.000000000,0.000000000,0.000000000,0.000000000,0.000000000,0.000000000,0.000000000,-0.011163076,-0.008005336,-0.019680023,0.015173823,0.012446471,-0.005432546,-0.010670221,-0.007527099,0.008691830,0.022676685,0.012626074,-0.005824837
9.549686670,-0.004409790,0.047361374,-0.016681671,-0.005177498,0.010545731,0.035857201,-0.031555176,0.160829544,-0.097354889,-0.110782623,-0.024673462,-0.038772583,-0.004794121,0.047361374,-0.017066002,-0.005177498,0.010545731,0.035857201,0.000008902,-0.143213391,-0.571712494,-0.122925662,0.070616879,0.000093006,-0.018936157,-0.163883209,-0.601037979,-0.126329422,0.068147659,-0.020721436,0.000008902,-0.143213391,-0.571712494,-0.122925662,0.070616879,0.000093006,0.000000000,0.000000000,0.000000000,0.000000000,0.000000000,0.000000000,0.000000000,0.000000000,0.000000000,0.000000000,0.000000000,0.000000000,0.000000000,0.000000000,0.000000000,0.000000000,0.000000000,0.000000000,-0.018945059,-0.020669818,-0.029325485,-0.003403760,-0.002469219,-0.020814441,-0.018452203,-0.020191581,-0.000953632,0.004099102,-0.002289616,-0.021206732
9.559721947,-0.004794121,0.047361374,-0.016681671,-0.004794121,0.010545731,0.035857201,-0.077209473,-0.079652786,-0.089298248,0.051696777,0.061935425,0.003524780,-0.004794121,0.047361374,-0.016681671,-0.005177498,0.010545731,0.036240578,0.000008902,-0.146721616,-0.568388939,-0.122308724,0.070227556,0.000090937,-0.007003784,-0.187686920,-0.626977921,-0.142930984,0.066438675,0.004913330,0.000008902,-0.146721616,-0.568388939,-0.122308724,0.070227556,0.000090937,0.000000000,0.000000000,0.000000000,0.000000000,0.000000000,0.000000000,0.000000000,0.000000000,0.000000000,0.000000000,0.000000000,0.000000000,0.000000000,0.000000000,0.000000000,0.000000000,0.000000000,0.000000000,-0.007012686,-0.040965304,-0.058588982,-0.020622261,-0.003788881,0.004822393,-0.006519830,-0.040487066,-0.030217128,-0.013119398,-0.003609277,0.004430102
9.569697857,-0.004794121,0.047361374,-0.016681671,-0.005177498,0.010545731,0.036240578,0.101379395,0.054016113,-0.019470215,-0.141666412,-0.036758423,-0.017623901,-0.004409790,0.047361374,-0.016681671,-0.005177498,0.010545731,0.036240578,0.000008902,-0.146721616,-0.568388939,-0.122308724,0.070227556,0.000090937,0.007003784,-0.136417389,-0.600519180,-0.120622635,0.069002151,0.000213623,0.000008902,-0.146721616,-0.568388939,-0.122308724,0.070227556,0.000090937,0.000000000,0.000000000,0.000000000,0.000000000,0.000000000,0.000000000,0.000000000,0.000000000,0.000000000,0.000000000,0.000000000,0.000000000,0.000000000,0.000000000,0.000000000,0.000000000,0.000000000,0.000000000,0.006994883,0.010304227,-0.032130241,0.001686089,-0.001225404,0.000122686,0.007487738,0.010782465,-0.003758388,0.009188951,-0.001045801,-0.000269605
9.579737186,-0.004794121,0.047361374,-0.016681671,-0.004794121,0.010545731,0.035857201,0.087951660,-0.074159622,0.125549316,-0.006042480,-0.055892944,-0.004531860,-0.004794121,0.047361374,-0.016681671,-0.004794121,0.010545731,0.035857201,0.000008902,-0.147308230,-0.567833185,-0.121691234,0.069839187,0.000090937,-0.000778198,-0.160221100,-0.598443985,-0.139299393,0.065584183,-0.001922607,0.000008902,-0.147308230,-0.567833185,-0.121691234,0.069839187,0.000090937,0.000000000,0.000000000,0.000000000,0.000000000,0.000000000,0.000000000,0.000000000,0.000000000,0.000000000,0.000000000,0.000000000,0.000000000,0.000000000,0.000000000,0.000000000,0.000000000,0.000000000,0.000000000,-0.000787100,-0.012912869,-0.030610800,-0.017608158,-0.004255004,-0.002013544,-0.000294244,-0.012434632,-0.002238946,-0.010105296,-0.004075401,-0.002405835
9.589694738,-0.004794121,0.047361374,-0.016681671,-0.005177498,0.010545731,0.035857201,0.125549316,-0.105287552,-0.086612701,0.015441895,-0.029708862,-0.033737183,-0.004794121,0.047361374,-0.016681671,-0.005177498,0.010545731,0.035857201,0.000008902,-0.146722600,-0.568387985,-0.122307688,0.070227556,0.000091970,-0.001815796,-0.138248444,-0.594293594,-0.128404617,0.076265335,0.020721436,0.000008902,-0.146722600,-0.568387985,-0.122307688,0.070227556,0.000091970,0.000000000,0.000000000,0.000000000,0.000000000,0.000000000,0.000000000,0.000000000,0.000000000,0.000000000,0.000000000,0.000000000,0.000000000,0.000000000,0.000000000,0.000000000,0.000000000,0.000000000,0.000000000,-0.001824698,0.008474156,-0.025905609,-0.006096929,0.006037779,0.020629466,-0.001331842,0.008952394,0.002466244,0.001405933,0.006217383,0.020237175
9.599685907,-0.004409790,0.047361374,-0.017066002,-0.005177498,0.010545731,0.036240578,0.101379395,-0.008850098,-0.133609772,0.028869629,0.011581421,0.011581421,-0.004409790,0.047361374,-0.016681671,-0.005177498,0.010545731,0.035857201,0.000008902,-0.146722600,-0.568387985,-0.122307688,0.070227556,0.000091970,0.009078979,-0.198673248,-0.629053116,-0.127367020,0.072420120,-0.033539772,0.000008902,-0.146722600,-0.568387985,-0.122307688,0.070227556,0.000091970,0.000000000,0.000000000,0.000000000,0.000000000,0.000000000,0.000000000,0.000000000,0.000000000,0.000000000,0.000000000,0.000000000,0.000000000,0.000000000,0.000000000,0.000000000,0.000000000,0.000000000,0.000000000,0.009070078,-0.051950648,-0.060665131,-0.005059332,0.002192564,-0.033631742,0.009562934,-0.051472411,-0.032293277,0.002443531,0.002372168,-0.034024033
9.609687090,-0.004409790,0.047744751,-0.016681671,-0.005177498,0.010545731,0.036240578,0.117492676,0.058288574,0.063781738,-0.075866699,-0.073017120,0.020645142,-0.004409790,0.047361374,-0.016681671,-0.004794121,0.010545731,0.036240578,0.000008902,-0.147307247,-0.567834139,-0.121692270,0.069839187,0.000089904,0.003890991,-0.130924225,-0.602594376,-0.134111404,0.072847366,0.011749268,0.000008902,-0.147307247,-0.567834139,-0.121692270,0.069839187,0.000089904,0.000000000,0.000000000,0.000000000,0.000000000,0.000000000,0.000000000,0.000000000,0.000000000,0.000000000,0.000000000,0.000000000,0.000000000,0.000000000,0.000000000,0.000000000,0.000000000,0.000000000,0.000000000,0.003882090,0.016383022,-0.034760237,-0.012419134,0.003008179,0.011659364,0.004374945,0.016861259,-0.006388383,-0.004916272,0.003187783,0.011267073
9.619692087,-0.004794121,0.047361374,-0.016681671,-0.005177498,0.010545731,0.036240578,-0.168521881,0.049133301,-0.028869629,-0.027526855,-0.044815063,0.006546021,-0.004794121,0.047361374,-0.016681671,-0.004794121,0.010545731,0.036240578,0.000008902,-0.147307247,-0.567834139,-0.121692270,0.069839187,0.000089904,-0.012191772,-0.105285645,-0.609857559,-0.120103836,0.062166214,0.005767822,0.000008902,-0.147307247,-0.567834139,-0.121692270,0.069839187,0.000089904,0.000000000,0.000000000,0.000000000,0.000000000,0.000000000,0.000000000,0.000000000,0.000000000,0.000000000,0.000000000,0.000000000,0.000000000,0.000000000,0.000000000,0.000000000,0.000000000,0.000000000,0.000000000,-0.012200674,0.042021602,-0.042023420,0.001588434,-0.007672973,0.005677919,-0.011707818,0.042499840,-0.013651567,0.009091297,-0.007493369,0.005285628
9.629706144,-0.004794121,0.047361374,-0.016681671,-0.005177498,0.010545731,0.036240578,0.105407715,-0.025939941,-0.000671387,-0.066467285,-0.008560181,0.039779663,-0.004409790,0.047361374,-0.016681671,-0.005177498,0.010545731,0.036240578,0.000008902,-0.146721616,-0.568388939,-0.122308724,0.070227556,0.000090937,-0.016860962,-0.151065826,-0.584955215,-0.141374588,0.067720413,0.007049561,0.000008902,-0.146721616,-0.568388939,-0.122308724,0.070227556,0.000090937,0.000000000,0.000000000,0.000000000,0.000000000,0.000000000,0.000000000,0.000000000,0.000000000,0.000000000,0.000000000,0.000000000,0.000000000,0.000000000,0.000000000,0.000000000,0.000000000,0.000000000,0.000000000,-0.016869863,-0.004344210,-0.016566277,-0.019065864,-0.002507143,0.006958624,-0.016377008,-0.003865973,0.011805577,-0.011563002,-0.002327539,0.006566333
9.639700890,-0.004794121,0.047361374,-0.016681671,-0.004794121,0.010545731,0.035857201,0.063781738,-0.023498535,-0.082580566,-0.035583496,0.035751343,-0.037765503,-0.004409790,0.047361374,-0.016681671,-0.005177498,0.010545731,0.035857201,0.000008902,-0.146722600,-0.568387985,-0.122307688,0.070227556,0.000091970,0.001815796,-0.167545319,-0.576135635,-0.129961014,0.069429398,-0.046784401,0.000008902,-0.146722600,-0.568387985,-0.122307688,0.070227556,0.000091970,0.000000000,0.000000000,0.000000000,0.000000000,0.000000000,0.000000000,0.000000000,0.000000000,0.000000000,0.000000000,0.000000000,0.000000000,0.000000000,0.000000000,0.000000000,0.000000000,0.000000000,0.000000000,0.001806894,-0.020822719,-0.007747650,-0.007653326,-0.000798158,-0.046876371,0.002299750,-0.020344481,0.020624203,-0.000150463,-0.000618555,-0.047268662
9.649697781,-0.004794121,0.047361374,-0.016681671,-0.005177498,0.010545731,0.036240578,0.006042480,0.026550293,0.091979980,-0.082580566,0.014602661,-0.009567261,-0.004794121,0.047361374,-0.016681671,-0.005177498,0.010545731,0.035857201,0.000008902,-0.146722600,-0.568387985,-0.122307688,0.070227556,0.000091970,-0.007522583,-0.145572662,-0.596368790,-0.127885818,0.069429398,0.007904053,0.000008902,-0.146722600,-0.568387985,-0.122307688,0.070227556,0.000091970,0.000000000,0.000000000,0.000000000,0.000000000,0.000000000,0.000000000,0.000000000,0.000000000,0.000000000,0.000000000,0.000000000,0.000000000,0.000000000,0.000000000,0.000000000,0.000000000,0.000000000,0.000000000,-0.007531485,0.001149938,-0.027980804,-0.005578130,-0.000798158,0.007812083,-0.007038629,0.001628175,0.000391049,0.001924732,-0.000618555,0.007419792
9.659708261,-0.004794121,0.047361374,-0.016681671,-0.005177498,0.010545731,0.036240578,-0.094669342,-0.020446777,-0.016784668,0.004699707,-0.024673462,-0.018630981,-0.004409790,0.047361374,-0.016681671,-0.005177498,0.010545731,0.036240578,0.000008902,-0.146721616,-0.568388939,-0.122308724,0.070227556,0.000090937,0.011672974,-0.160221100,-0.594293594,-0.116472244,0.083101273,0.024566650,0.000008902,-0.146721616,-0.568388939,-0.122308724,0.070227556,0.000090937,0.000000000,0.000000000,0.000000000,0.000000000,0.000000000,0.000000000,0.000000000,0.000000000,0.000000000,0.000000000,0.000000000,0.000000000,0.000000000,0.000000000,0.000000000,0.000000000,0.000000000,0.000000000,0.011664072,-0.013499483,-0.025904655,0.005836479,0.012873717,0.024475714,0.012156928,-0.013021246,0.002467198,0.013339342,0.013053320,0.024083423
9.669687986,-0.004794121,0.047361374,-0.016681671,-0.005177498,0.010545731,0.036240578,0.007385254,-0.052186966,-0.061096191,-0.032897949,-0.032730103,0.022659302,-0.004409790,0.047361374,-0.016681671,-0.004794121,0.010545731,0.036240578,0.000008902,-0.147307247,-0.567834139,-0.121692270,0.069839187,0.000089904,-0.009597778,-0.158390045,-0.586511612,-0.130998611,0.067293167,0.007049561,0.000008902,-0.147307247,-0.567834139,-0.121692270,0.069839187,0.000089904,0.000000000,0.000000000,0.000000000,0.000000000,0.000000000,0.000000000,0.000000000,0.000000000,0.000000000,0.000000000,0.000000000,0.000000000,0.000000000,0.000000000,0.000000000,0.000000000,0.000000000,0.000000000,-0.009606680,-0.011082798,-0.018677473,-0.009306341,-0.002546020,0.006959657,-0.009113824,-0.010604561,0.009694380,-0.001803479,-0.002366416,0.006567366
9.679722786,-0.004794121,0.047361374,-0.016681671,-0.005177498,0.010545731,0.035857201,0.035583496,-0.086977005,0.026184082,-0.082580566,0.044815063,-0.001510620,-0.004794121,0.047361374,-0.016681671,-0.005177498,0.010545731,0.036240578,0.000008902,-0.146721616,-0.568388939,-0.122308724,0.070227556,0.000090937,0.002853394,-0.169376373,-0.610895157,-0.138780594,0.073274612,-0.010040283,0.000008902,-0.146721616,-0.568388939,-0.122308724,0.070227556,0.000090937,0.000000000,0.000000000,0.000000000,0.000000000,0.000000000,0.000000000,0.000000000,0.000000000,0.000000000,0.000000000,0.000000000,0.000000000,0.000000000,0.000000000,0.000000000,0.000000000,0.000000000,0.000000000,0.002844492,-0.022654757,-0.042506218,-0.016471870,0.003047056,-0.010131220,0.003337348,-0.022176519,-0.014134365,-0.008969008,0.003226660,-0.010523511
9.689721107,-0.004794121,0.047361374,-0.016681671,-0.004794121,0.010545731,0.036240578,0.026184082,0.068664551,-0.024841309,0.133605957,-0.003524780,0.008560181,-0.004409790,0.047361374,-0.016681671,-0.004794121,0.010545731,0.036240578,0.000008902,-0.147307247,-0.567834139,-0.121692270,0.069839187,0.000089904,0.001815796,-0.138248444,-0.601556778,-0.133592606,0.071992874,0.022003174,0.000008902,-0.147307247,-0.567834139,-0.121692270,0.069839187,0.000089904,0.000000000,0.000000000,0.000000000,0.000000000,0.000000000,0.000000000,0.000000000,0.000000000,0.000000000,0.000000000,0.000000000,0.000000000,0.000000000,0.000000000,0.000000000,0.000000000,0.000000000,0.000000000,0.001806894,0.009058803,-0.033722639,-0.011900336,0.002153687,0.021913270,0.002299750,0.009537041,-0.005350786,-0.004397473,0.002333291,0.021520979
9.699726820,-0.004794121,0.047361374,-0.017066002,-0.004794121,0.010545731,0.035857201,-0.038269043,0.047302246,-0.083923340,-0.035583496,-0.032730103,-0.040786743,-0.004409790,0.047744751,-0.016681671,-0.005177498,0.010545731,0.036240578,0.000008902,-0.149261177,-0.571705163,-0.122925155,0.070615910,0.000091970,-0.005447388,-0.127262115,-0.590662003,-0.150194168,0.080110550,0.033538818,0.000008902,-0.149261177,-0.571705163,-0.122925155,0.070615910,0.000091970,0.000000000,0.000000000,0.000000000,0.000000000,0.000000000,0.000000000,0.000000000,0.000000000,0.000000000,0.000000000,0.000000000,0.000000000,0.000000000,0.000000000,0.000000000,0.000000000,0.000000000,0.000000000,-0.005456289,0.021999061,-0.018956840,-0.027269013,0.009494640,0.033446848,-0.004963434,0.022477299,0.009415013,-0.019766151,0.009674244,0.033054557
9.709686995,-0.004794121,0.047361374,-0.016681671,-0.005177498,0.010545731,0.035857201,-0.020812988,-0.141908646,-0.030212402,0.003356934,-0.043807983,-0.002517700,-0.004794121,0.047361374,-0.016681671,-0.004794121,0.010545731,0.035857201,0.000008902,-0.147308230,-0.567833185,-0.121691234,0.069839187,0.000090937,0.004409790,-0.125431061,-0.623346329,-0.132555008,0.080537796,0.004486084,0.000008902,-0.147308230,-0.567833185,-0.121691234,0.069839187,0.000090937,0.000000000,0.000000000,0.000000000,0.000000000,0.000000000,0.000000000,0.000000000,0.000000000,0.000000000,0.000000000,0.000000000,0.000000000,0.000000000,0.000000000,0.000000000,0.000000000,0.000000000,0.000000000,0.004400888,0.021877170,-0.055513144,-0.010863774,0.010698609,0.004395147,0.004893744,0.022355407,-0.027141290,-0.003360911,0.010878213,0.004002856
9.719689846,-0.004409790,0.047361374,-0.016681671,-0.004794121,0.010545731,0.035857201,0.019470215,0.035705566,0.078552246,-0.087955475,0.000503540,-0.028701782,-0.004794121,0.047361374,-0.016681671,-0.005177498,0.010545731,0.036240578,0.000008902,-0.146721616,-0.568388939,-0.122308724,0.070227556,0.000090937,0.002334595,-0.156558990,-0.582361221,-0.101945877,0.065584183,-0.003631592,0.000008902,-0.146721616,-0.568388939,-0.122308724,0.070227556,0.000090937,0.000000000,0.000000000,0.000000000,0.000000000,0.000000000,0.000000000,0.000000000,0.000000000,0.000000000,0.000000000,0.000000000,0.000000000,0.000000000,0.000000000,0.000000000,0.000000000,0.000000000,0.000000000,0.002325693,-0.009837374,-0.013972282,0.020362847,-0.004643373,-0.003722529,0.002818549,-0.009359137,0.014399571,0.027865709,-0.004463770,-0.004114820
9.729688168,-0.004794121,0.047361374,-0.016681671,-0.004794121,0.010545731,0.035857201,0.079895020,-0.141298294,0.006042480,0.133605957,-0.023666382,-0.029708862,-0.004409790,0.047361374,-0.017066002,-0.004794121,0.010545731,0.035857201,0.000008901,-0.143799007,-0.571157694,-0.122309223,0.070228517,0.000091973,0.005966187,-0.151065826,-0.605188370,-0.118028641,0.073274612,0.007049561,0.000008901,-0.143799007,-0.571157694,-0.122309223,0.070228517,0.000091973,0.000000000,0.000000000,0.000000000,0.000000000,0.000000000,0.000000000,0.000000000,0.000000000,0.000000000,0.000000000,0.000000000,0.000000000,0.000000000,0.000000000,0.000000000,0.000000000,0.000000000,0.000000000,0.005957285,-0.007266819,-0.034030676,0.004280582,0.003046095,0.006957588,0.006450141,-0.006788582,-0.005658823,0.011783445,0.003225699,0.006565297
9.739728212,-0.004409790,0.047361374,-0.016681671,-0.005177498,0.010545731,0.036240578,-0.112125397,-0.143129349,-0.143009186,-0.063781738,0.015609741,0.011581421,-0.004794121,0.047361374,-0.016681671,-0.004794121,0.010545731,0.036240578,0.000008902,-0.147307247,-0.567834139,-0.121692270,0.069839187,0.000089904,-0.001296997,-0.147403717,-0.651880264,-0.138261795,0.069002151,-0.016021729,0.000008902,-0.147307247,-0.567834139,-0.121692270,0.069839187,0.000089904,0.000000000,0.000000000,0.000000000,0.000000000,0.000000000,0.000000000,0.000000000,0.000000000,0.000000000,0.000000000,0.000000000,0.000000000,0.000000000,0.000000000,0.000000000,0.000000000,0.000000000,0.000000000,-0.001305899,-0.000096470,-0.084046125,-0.016569525,-0.000837035,-0.016111632,-0.000813043,0.000381767,-0.055674272,-0.009066662,-0.000657432,-0.016503923
9.749687672,-0.004794121,0.047361374,-0.016681671,-0.005177498,0.010545731,0.035857201,-0.011413574,0.002746582,-0.032897949,0.058410645,-0.003524780,0.009567261,-0.004409790,0.047361374,-0.016681671,-0.005177498,0.010545731,0.036240578,0.000008902,-0.146721616,-0.568388939,-0.122308724,0.070227556,0.000090937,-0.002334595,-0.140079498,-0.576135635,-0.139818192,0.060029984,0.009185791,0.000008902,-0.146721616,-0.568388939,-0.122308724,0.070227556,0.000090937,0.000000000,0.000000000,0.000000000,0.000000000,0.000000000,0.000000000,0.000000000,0.000000000,0.000000000,0.000000000,0.000000000,0.000000000,0.000000000,0.000000000,0.000000000,0.000000000,0.000000000,0.000000000,-0.002343496,0.006642118,-0.007746696,-0.017509468,-0.010197572,0.009094854,-0.001850641,0.007120356,0.020625157,-0.010006605,-0.010017969,0.008702563
9.759686232,-0.004409790,0.047361374,-0.016681671,-0.005177498,0.010545731,0.036240578,0.071838379,-0.041810989,0.059753418,-0.093326569,-0.035751343,0.025680542,-0.004409790,0.047361374,-0.016681671,-0.005177498,0.010545731,0.036240578,0.000008902,-0.146721616,-0.568388939,-0.122308724,0.070227556,0.000090937,0.007003784,-0.156558990,-0.592218399,-0.137224197,0.074129105,0.001495361,0.000008902,-0.146721616,-0.568388939,-0.122308724,0.070227556,0.000090937,0.000000000,0.000000000,0.000000000,0.000000000,0.000000000,0.000000000,0.000000000,0.000000000,0.000000000,0.000000000,0.000000000,0.000000000,0.000000000,0.000000000,0.000000000,0.000000000,0.000000000,0.000000000,0.006994883,-0.009837374,-0.023829460,-0.014915474,0.003901549,0.001404425,0.007487738,-0.009359137,0.004542393,-0.007412611,0.004081152,0.001012134
9.769689083,-0.004409790,0.047361374,-0.016681671,-0.005177498,0.010545731,0.035857201,-0.065124512,-0.154726028,0.043640137,-0.083923340,-0.009567261,0.004531860,-0.004409790,0.047361374,-0.017066002,-0.005177498,0.010545731,0.035857201,0.000008901,-0.143213391,-0.571712494,-0.122925662,0.070616879,0.000093006,-0.009597778,-0.145572662,-0.573541641,-0.143449783,0.065156937,-0.012603760,0.000008901,-0.143213391,-0.571712494,-0.122925662,0.070616879,0.000093006,0.000000000,0.000000000,0.000000000,0.000000000,0.000000000,0.000000000,0.000000000,0.000000000,0.000000000,0.000000000,0.000000000,0.000000000,0.000000000,0.000000000,0.000000000,0.000000000,0.000000000,0.000000000,-0.009606680,-0.002359271,-0.001829147,-0.020524122,-0.005459942,-0.012696765,-0.009113824,-0.001881034,0.026542706,-0.013021259,-0.005280338,-0.013089056
9.779773235,-0.004409790,0.047361374,-0.016681671,-0.005177498,0.010545731,0.036240578,0.069152832,-0.082704544,0.113464355,-0.028869629,0.038772583,-0.010574341,-0.004409790,0.047361374,-0.016681671,-0.004794121,0.010545731,0.035857201,0.000008902,-0.147308230,-0.567833185,-0.121691234,0.069839187,0.000090937,0.001815796,-0.140079498,-0.595849991,-0.104021072,0.063447952,0.002349854,0.000008902,-0.147308230,-0.567833185,-0.121691234,0.069839187,0.000090937,0.000000000,0.000000000,0.000000000,0.000000000,0.000000000,0.000000000,0.000000000,0.000000000,0.000000000,0.000000000,0.000000000,0.000000000,0.000000000,0.000000000,0.000000000,0.000000000,0.000000000,0.000000000,0.001806894,0.007228732,-0.028016806,0.017670162,-0.006391235,0.002258917,0.002299750,0.007706970,0.000355048,0.025173025,-0.006211631,0.001866626
9.789687395,-0.004409790,0.047361374,-0.016681671,-0.005177498,0.010545731,0.036240578,0.105407715,-0.091249466,-0.242374420,0.024841309,0.013595581,0.002517700,-0.004794121,0.047361374,-0.016681671,-0.005177498,0.010545731,0.035857201,0.000008902,-0.146722600,-0.568387985,-0.122307688,0.070227556,0.000091970,0.002853394,-0.107116699,-0.599481583,-0.106615067,0.063447952,-0.004486084,0.000008902,-0.146722600,-0.568387985,-0.122307688,0.070227556,0.000091970,0.000000000,0.000000000,0.000000000,0.000000000,0.000000000,0.000000000,0.000000000,0.000000000,0.000000000,0.000000000,0.000000000,0.000000000,0.000000000,0.000000000,0.000000000,0.000000000,0.000000000,0.000000000,0.002844492,0.039605901,-0.031093597,0.015692621,-0.006779604,-0.004578054,0.003337348,0.040084138,-0.002721744,0.023195484,-0.006600000,-0.004970345
9.799795389,-0.004794121,0.047361374,-0.016681671,-0.005177498,0.010545731,0.036240578,-0.141666412,-0.027770996,-0.128238678,-0.089298248,-0.058914185,0.013595581,-0.004409790,0.047361374,-0.016681671,-0.005177498,0.010545731,0.036240578,0.000008902,-0.146721616,-0.568388939,-0.122308724,0.070227556,0.000090937,-0.003372192,-0.163883209,-0.640466690,-0.134630203,0.071992874,-0.001495361,0.000008902,-0.146721616,-0.568388939,-0.122308724,0.070227556,0.000090937,0.000000000,0.000000000,0.000000000,0.000000000,0.000000000,0.000000000,0.000000000,0.000000000,0.000000000,0.000000000,0.000000000,0.000000000,0.000000000,0.000000000,0.000000000,0.000000000,0.000000000,0.000000000,-0.003381094,-0.017161593,-0.072077751,-0.012321480,0.001765318,-0.001586298,-0.002888238,-0.016683355,-0.043705898,-0.004818617,0.001944922,-0.001978589
9.809720755,-0.004409790,0.047361374,-0.016681671,-0.004794121,0.010545731,0.036240578,0.105407715,0.001525879,0.028869629,0.091979980,-0.018630981,0.019638062,-0.004409790,0.047361374,-0.016681671,-0.004794121,0.010545731,0.035857201,0.000008902,-0.147308230,-0.567833185,-0.121691234,0.069839187,0.000090937,0.007522583,-0.114440918,-0.596887589,-0.150194168,0.070283890,0.009185791,0.000008902,-0.147308230,-0.567833185,-0.121691234,0.069839187,0.000090937,0.000000000,0.000000000,0.000000000,0.000000000,0.000000000,0.000000000,0.000000000,0.000000000,0.000000000,0.000000000,0.000000000,0.000000000,0.000000000,0.000000000,0.000000000,0.000000000,0.000000000,0.000000000,0.007513681,0.032867312,-0.029054403,-0.028502934,0.000444703,0.009094854,0.008006537,0.033345550,-0.000682550,-0.021000071,0.000624306,0.008702563
9.819767237,-0.004794121,0.047361374,-0.016681671,-0.005177498,0.010545731,0.036240578,-0.015441895,-0.085145950,-0.002014160,0.035583496,0.043807983,-0.038772583,-0.004409790,0.047361374,-0.016681671,-0.004794121,0.010545731,0.036240578,0.000008902,-0.147307247,-0.567834139,-0.121692270,0.069839187,0.000089904,-0.012191772,-0.138248444,-0.552787781,-0.136705399,0.075410843,0.022857666,0.000008902,-0.147307247,-0.567834139,-0.121692270,0.069839187,0.000089904,0.000000000,0.000000000,0.000000000,0.000000000,0.000000000,0.000000000,0.000000000,0.000000000,0.000000000,0.000000000,0.000000000,0.000000000,0.000000000,0.000000000,0.000000000,0.000000000,0.000000000,0.000000000,-0.012200674,0.009058803,0.015046358,-0.015013129,0.005571656,0.022767762,-0.011707818,0.009537041,0.043418211,-0.007510266,0.005751260,0.022375471
9.829719782,-0.004794121,0.047361374,-0.016681671,-0.004794121,0.010545731,0.035857201,-0.016784668,-0.071107864,-0.031555176,0.077209473,-0.007553101,-0.007553101,-0.004409790,0.047361374,-0.016681671,-0.004794121,0.010545731,0.035857201,0.000008902,-0.147308230,-0.567833185,-0.121691234,0.069839187,0.000090937,-0.000259399,-0.189517975,-0.534629822,-0.130998611,0.069429398,0.000640869,0.000008902,-0.147308230,-0.567833185,-0.121691234,0.069839187,0.000090937,0.000000000,0.000000000,0.000000000,0.000000000,0.000000000,0.000000000,0.000000000,0.000000000,0.000000000,0.000000000,0.000000000,0.000000000,0.000000000,0.000000000,0.000000000,0.000000000,0.000000000,0.000000000,-0.000268301,-0.042209744,0.033203363,-0.009307377,-0.000409789,0.000549932,0.000224555,-0.041731507,0.061575217,-0.001804514,-0.000230186,0.000157641
9.839719057,-0.004409790,0.047361374,-0.016681671,-0.005177498,0.010545731,0.035857201,-0.010070801,0.068664551,0.079895020,0.151062012,-0.022659302,-0.005538940,-0.004794121,0.047361374,-0.016681671,-0.004794121,0.010545731,0.035857201,0.000008902,-0.147308230,-0.567833185,-0.121691234,0.069839187,0.000090937,0.005447388,-0.140079498,-0.627496719,-0.145524979,0.060457230,-0.010467529,0.000008902,-0.147308230,-0.567833185,-0.121691234,0.069839187,0.000090937,0.000000000,0.000000000,0.000000000,0.000000000,0.000000000,0.000000000,0.000000000,0.000000000,0.000000000,0.000000000,0.000000000,0.000000000,0.000000000,0.000000000,0.000000000,0.000000000,0.000000000,0.000000000,0.005438486,0.007228732,-0.059663534,-0.023833744,-0.009381957,-0.010558466,0.005931342,0.007706970,-0.031291681,-0.016330882,-0.009202354,-0.010950757
9.849688053,-0.004794121,0.047361374,-0.016681671,-0.005177498,0.010545731,0.036240578,-0.117496490,0.067443848,0.085266113,-0.083923340,-0.032730103,0.065963745,-0.004409790,0.047744751,-0.017066002,-0.005177498,0.010545731,0.035857201,0.000008902,-0.145753041,-0.575028658,-0.123542078,0.071005225,0.000094039,0.010116577,-0.174869537,-0.593255997,-0.101427078,0.080537796,-0.010040283,0.000008902,-0.145753041,-0.575028658,-0.123542078,0.071005225,0.000094039,0.000000000,0.000000000,0.000000000,0.000000000,0.000000000,0.000000000,0.000000000,0.000000000,0.000000000,0.000000000,0.000000000,0.000000000,0.000000000,0.000000000,0.000000000,0.000000000,0.000000000,0.000000000,0.010107676,-0.029116496,-0.018227339,0.022115000,0.009532571,-0.010134322,0.010600531,-0.028638259,0.010144515,0.029617862,0.009712174,-0.010526613
9.859805584,-0.004794121,0.047744751,-0.016681671,-0.004794121,0.010545731,0.036240578,-0.133609772,0.220643997,0.015441895,0.121520996,-0.003524780,0.058914185,-0.004794121,0.047361374,-0.016681671,-0.005177498,0.010545731,0.035857201,0.000008902,-0.146722600,-0.568387985,-0.122307688,0.070227556,0.000091970,-0.003890991,-0.112609863,-0.593774796,-0.121141434,0.062166214,0.019439697,0.000008902,-0.146722600,-0.568387985,-0.122307688,0.070227556,0.000091970,0.000000000,0.000000000,0.000000000,0.000000000,0.000000000,0.000000000,0.000000000,0.000000000,0.000000000,0.000000000,0.000000000,0.000000000,0.000000000,0.000000000,0.000000000,0.000000000,0.000000000,0.000000000,-0.003899893,0.034112737,-0.025386810,0.001166254,-0.008061342,0.019347727,-0.003407037,0.034590974,0.002985043,0.008669117,-0.007881738,0.018955436
9.869688034,-0.004794121,0.047361374,-0.016681671,-0.005177498,0.010545731,0.036240578,0.100036621,-0.008850098,-0.050354004,0.083923340,-0.027694702,0.002517700,-0.004409790,0.047361374,-0.016681671,-0.005177498,0.010545731,0.035857201,0.000008902,-0.146722600,-0.568387985,-0.122307688,0.070227556,0.000091970,-0.020492554,-0.167545319,-0.611932755,-0.140336990,0.074129105,-0.015594482,0.000008902,-0.146722600,-0.568387985,-0.122307688,0.070227556,0.000091970,0.000000000,0.000000000,0.000000000,0.000000000,0.000000000,0.000000000,0.000000000,0.000000000,0.000000000,0.000000000,0.000000000,0.000000000,0.000000000,0.000000000,0.000000000,0.000000000,0.000000000,0.000000000,-0.020501455,-0.020822719,-0.043544769,-0.018029302,0.003901549,-0.015686452,-0.020008600,-0.020344481,-0.015172916,-0.010526440,0.004081152,-0.016078743
9.879687309,-0.004409790,0.047361374,-0.017066002,-0.005177498,0.010545731,0.035857201,0.089294434,0.007629395,-0.101383209,-0.059753418,0.072006226,-0.021652222,-0.004794121,0.047361374,-0.016681671,-0.005177498,0.010545731,0.035857201,0.000008902,-0.146722600,-0.568387985,-0.122307688,0.070227556,0.000091970,-0.004928589,-0.140079498,-0.597925186,-0.138780594,0.072420120,-0.004058838,0.000008902,-0.146722600,-0.568387985,-0.122307688,0.070227556,0.000091970,0.000000000,0.000000000,0.000000000,0.000000000,0.000000000,0.000000000,0.000000000,0.000000000,0.000000000,0.000000000,0.000000000,0.000000000,0.000000000,0.000000000,0.000000000,0.000000000,0.000000000,0.000000000,-0.004937491,0.006643102,-0.029537201,-0.016472906,0.002192564,-0.004150808,-0.004444635,0.007121339,-0.001165348,-0.008970043,0.002372168,-0.004543099
9.889686584,-0.004794121,0.047361374,-0.016681671,-0.005177498,0.010545731,0.036240578,-0.014099121,0.106508255,0.165832520,-0.034240723,-0.063949585,-0.017623901,-0.004794121,0.047361374,-0.016681671,-0.005177498,0.010545731,0.035857201,0.000008902,-0.146722600,-0.568387985,-0.122307688,0.070227556,0.000091970,-0.001296997,-0.145572662,-0.603631973,-0.101945877,0.062593460,0.008758545,0.000008902,-0.146722600,-0.568387985,-0.122307688,0.070227556,0.000091970,0.000000000,0.000000000,0.000000000,0.000000000,0.000000000,0.000000000,0.000000000,0.000000000,0.000000000,0.000000000,0.000000000,0.000000000,0.000000000,0.000000000,0.000000000,0.000000000,0.000000000,0.000000000,-0.001305899,0.001149938,-0.035243988,0.020361811,-0.007634096,0.008666575,-0.000813043,0.001628175,-0.006872135,0.027864673,-0.007454492,0.008274284
9.899689198,-0.004409790,0.047361374,-0.016681671,-0.005177498,0.010545731,0.035857201,0.019470215,-0.026550293,0.257144928,0.069152832,0.039779663,0.007553101,-0.004794121,0.047361374,-0.016681671,-0.005177498,0.010545731,0.035857201,0.000008902,-0.146722600,-0.568387985,-0.122307688,0.070227556,0.000091970,-0.000259399,-0.132755280,-0.614007950,-0.132036209,0.075838089,0.042083740,0.000008902,-0.146722600,-0.568387985,-0.122307688,0.070227556,0.000091970,0.000000000,0.000000000,0.000000000,0.000000000,0.000000000,0.000000000,0.000000000,0.000000000,0.000000000,0.000000000,0.000000000,0.000000000,0.000000000,0.000000000,0.000000000,0.000000000,0.000000000,0.000000000,-0.000268301,0.013967320,-0.045619965,-0.009728521,0.005610533,0.041991770,0.000224555,0.014445558,-0.017248111,-0.002225659,0.005790137,0.041599479
9.909687996,-0.004794121,0.047361374,-0.017066002,-0.005177498,0.010545731,0.035857201,-0.124210358,0.022888184,0.034240723,-0.030212402,-0.061935425,0.018630981,-0.004409790,0.047361374,-0.016681671,-0.004794121,0.010545731,0.035857201,0.000008902,-0.147308230,-0.567833185,-0.121691234,0.069839187,0.000090937,-0.001296997,-0.123600006,-0.587549210,-0.130479813,0.064729691,-0.010467529,0.000008902,-0.147308230,-0.567833185,-0.121691234,0.069839187,0.000090937,0.000000000,0.000000000,0.000000000,0.000000000,0.000000000,0.000000000,0.000000000,0.000000000,0.000000000,0.000000000,0.000000000,0.000000000,0.000000000,0.000000000,0.000000000,0.000000000,0.000000000,0.000000000,-0.001305899,0.023708224,-0.019716024,-0.008788578,-0.005109496,-0.010558466,-0.000813043,0.024186462,0.008655829,-0.001285716,-0.004929893,-0.010950757
9.919658661,-0.004794121,0.047361374,-0.016681671,-0.004794121,0.010545731,0.036240578,-0.024841309,-0.070497513,0.149719238,0.081237793,-0.047836304,0.035751343,-0.004794121,0.047361374,-0.016681671,-0.004794121,0.010545731,0.035857201,0.000008902,-0.147308230,-0.567833185,-0.121691234,0.069839187,0.000090937,-0.008041382,-0.151065826,-0.601556778,-0.134111404,0.075838089,0.017730713,0.000008902,-0.147308230,-0.567833185,-0.121691234,0.069839187,0.000090937,0.000000000,0.000000000,0.000000000,0.000000000,0.000000000,0.000000000,0.000000000,0.000000000,0.000000000,0.000000000,0.000000000,0.000000000,0.000000000,0.000000000,0.000000000,0.000000000,0.000000000,0.000000000,-0.008050284,-0.003757596,-0.033723593,-0.012420170,0.005998902,0.017639776,-0.007557428,-0.003279359,-0.005351739,-0.004917307,0.006178506,0.017247485
9.929685831,-0.004794121,0.047361374,-0.016681671,-0.005177498,0.010545731,0.036240578,-0.075866699,0.086977005,-0.105411530,-0.011413574,0.035751343,0.073013306,-0.004794121,0.047361374,-0.017066002,-0.004794121,0.010545731,0.035857201,0.000008902,-0.143799007,-0.571157694,-0.122309223,0.070228517,0.000091973,-0.002334595,-0.138248444,-0.568353653,-0.130479813,0.074983597,-0.010040283,0.000008902,-0.143799007,-0.571157694,-0.122309223,0.070228517,0.000091973,0.000000000,0.000000000,0.000000000,0.000000000,0.000000000,0.000000000,0.000000000,0.000000000,0.000000000,0.000000000,0.000000000,0.000000000,0.000000000,0.000000000,0.000000000,0.000000000,0.000000000,0.000000000,-0.002343496,0.005550563,0.002804041,-0.008170590,0.004755080,-0.010132256,-0.001850641,0.006028801,0.031175894,-0.000667727,0.004934683,-0.010524547
9.939668894,-0.004794121,0.047361374,-0.016681671,-0.004794121,0.010545731,0.036240578,0.028869629,0.021667480,0.071838379,0.143005371,-0.010574341,-0.001510620,-0.004409790,0.047361374,-0.016681671,-0.005177498,0.010545731,0.035857201,0.000008902,-0.146722600,-0.568387985,-0.122307688,0.070227556,0.000091970,0.017898560,-0.163883209,-0.611413956,-0.128923416,0.084810257,-0.074982643,0.000008902,-0.146722600,-0.568387985,-0.122307688,0.070227556,0.000091970,0.000000000,0.000000000,0.000000000,0.000000000,0.000000000,0.000000000,0.000000000,0.000000000,0.000000000,0.000000000,0.000000000,0.000000000,0.000000000,0.000000000,0.000000000,0.000000000,0.000000000,0.000000000,0.017889658,-0.017160609,-0.043025970,-0.006615728,0.014582701,-0.075074613,0.018382514,-0.016682372,-0.014654117,0.000887134,0.014762305,-0.075466904
9.949688196,-0.004409790,0.047361374,-0.016681671,-0.005177498,0.010545731,0.035857201,0.083923340,-0.050966263,-0.034240723,0.079895020,0.015609741,0.015609741,-0.004794121,0.047361374,-0.016681671,-0.004794121,0.010545731,0.035857201,0.000008902,-0.147308230,-0.567833185,-0.121691234,0.069839187,0.000090937,-0.009078979,-0.184024811,-0.630090714,-0.131517410,0.077974319,0.037384033,0.000008902,-0.147308230,-0.567833185,-0.121691234,0.069839187,0.000090937,0.000000000,0.000000000,0.000000000,0.000000000,0.000000000,0.000000000,0.000000000,0.000000000,0.000000000,0.000000000,0.000000000,0.000000000,0.000000000,0.000000000,0.000000000,0.000000000,0.000000000,0.000000000,-0.009087881,-0.036716580,-0.062257528,-0.009826176,0.008135132,0.037293096,-0.008595025,-0.036238343,-0.033885675,-0.002323313,0.008314736,0.036900805
9.959723949,-0.004409790,0.047361374,-0.016681671,-0.005177498,0.010545731,0.035857201,-0.016784668,-0.071107864,0.074523926,-0.085266113,-0.025680542,-0.019638062,-0.004409790,0.047361374,-0.016681671,-0.005177498,0.010545731,0.035857201,0.000008902,-0.146722600,-0.568387985,-0.122307688,0.070227556,0.000091970,0.004928589,-0.178531647,-0.594293594,-0.125810623,0.060884476,0.007049561,0.000008902,-0.146722600,-0.568387985,-0.122307688,0.070227556,0.000091970,0.000000000,0.000000000,0.000000000,0.000000000,0.000000000,0.000000000,0.000000000,0.000000000,0.000000000,0.000000000,0.000000000,0.000000000,0.000000000,0.000000000,0.000000000,0.000000000,0.000000000,0.000000000,0.004919687,-0.031809047,-0.025905609,-0.003502935,-0.009343080,0.006957591,0.005412543,-0.031330809,0.002466244,0.003999927,-0.009163477,0.006565300
9.969689369,-0.004409790,0.047361374,-0.017066002,-0.005177498,0.010545731,0.035857201,-0.030212402,-0.115053177,-0.102725983,-0.063781738,-0.021652222,0.035751343,-0.004409790,0.047361374,-0.017066002,-0.005177498,0.010545731,0.036240578,0.000008901,-0.143212408,-0.571713448,-0.122926690,0.070616879,0.000091972,0.001815796,-0.160221100,-0.610376358,-0.115434647,0.061738968,0.005767822,0.000008901,-0.143212408,-0.571713448,-0.122926690,0.070616879,0.000091972,0.000000000,0.000000000,0.000000000,0.000000000,0.000000000,0.000000000,0.000000000,0.000000000,0.000000000,0.000000000,0.000000000,0.000000000,0.000000000,0.000000000,0.000000000,0.000000000,0.000000000,0.000000000,0.001806894,-0.017008692,-0.038662910,0.007492043,-0.008877911,0.005675850,0.002299750,-0.016530455,-0.010291057,0.014994906,-0.008698307,0.005283559
9.979687691,-0.004794121,0.047361374,-0.016681671,-0.005177498,0.010545731,0.035857201,-0.018127441,-0.021667480,0.105407715,-0.137638092,0.018630981,-0.010574341,-0.004409790,0.047361374,-0.016681671,-0.005177498,0.010930061,0.035857201,0.000008902,-0.146352738,-0.568738401,-0.122697018,0.070227258,0.000091969,-0.000778198,-0.158390045,-0.616601944,-0.139299393,0.064302444,-0.031403542,0.000008902,-0.146352738,-0.568738401,-0.122697018,0.070227258,0.000091969,0.000000000,0.000000000,0.000000000,0.000000000,0.000000000,0.000000000,0.000000000,0.000000000,0.000000000,0.000000000,0.000000000,0.000000000,0.000000000,0.000000000,0.000000000,0.000000000,0.000000000,0.000000000,-0.000787100,-0.012037307,-0.047863543,-0.016602375,-0.005924813,-0.031495511,-0.000294244,-0.011559070,-0.019491690,-0.009099512,-0.005745210,-0.031887802
9.989687920,-0.004409790,0.047361374,-0.016681671,-0.005177498,0.010545731,0.036240578,0.101379395,-0.093080521,0.075866699,-0.053039551,0.008560181,0.024673462,-0.004794121,0.047361374,-0.017066002,-0.005177498,0.010545731,0.035857201,0.000008902,-0.143213391,-0.571712494,-0.122925662,0.070616879,0.000093006,-0.003890991,-0.185855865,-0.578210831,-0.122697830,0.068147659,-0.013458252,0.000008902,-0.143213391,-0.571712494,-0.122925662,0.070616879,0.000093006,0.000000000,0.000000000,0.000000000,0.000000000,0.000000000,0.000000000,0.000000000,0.000000000,0.000000000,0.000000000,0.000000000,0.000000000,0.000000000,0.000000000,0.000000000,0.000000000,0.000000000,0.000000000,-0.003899893,-0.042642474,-0.006498337,0.000227831,-0.002469219,-0.013551258,-0.003407037,-0.042164237,0.021873517,0.007730694,-0.002289616,-0.013943549
