time,q1,q2,q3,q4,q5,q6,qdot1,qdot2,qdot3,qdot4,qdot5,qdot6,q_des1,q_des2,q_des3,q_des4,q_des5,q_des6,tau_cmd1,tau_cmd2,tau_cmd3,tau_cmd4,tau_cmd5,tau_cmd6,tau_meas1,tau_meas2,tau_meas3,tau_meas4,tau_meas5,tau_meas6,tau_ff1,tau_ff2,tau_ff3,tau_ff4,tau_ff5,tau_ff6,kp1,kp2,kp3,kp4,kp5,kp6,kd1,kd2,kd3,kd4,kd5,kd6,qdot_des1,qdot_des2,qdot_des3,qdot_des4,qdot_des5,qdot_des6,tau_residual1,tau_residual2,tau_residual3,tau_residual4,tau_residual5,tau_residual6,tau_residual_corrected1,tau_residual_corrected2,tau_residual_corrected3,tau_residual_corrected4,tau_residual_corrected5,tau_residual_corrected6
0.000000000,0.214952469,0.044293404,0.619929314,1.794592857,0.283982277,0.175068855,-0.039611816,0.091249466,0.071838379,0.036926270,-0.024673462,0.001510620,0.214952469,0.044293404,0.619929314,1.794592857,0.283982277,0.175068855,0.000004948,-6.110942841,5.127720356,1.328463912,-0.679465353,-0.001441861,0.015304565,-6.113067627,5.168092728,1.394292831,-0.668436050,-0.001068115,0.000004948,-6.110942841,5.127720356,1.328463912,-0.679465353,-0.001441861,0.000000000,0.000000000,0.000000000,0.000000000,0.000000000,0.000000000,0.000000000,0.000000000,0.000000000,0.000000000,0.000000000,0.000000000,0.000000000,0.000000000,0.000000000,0.000000000,0.000000000,0.000000000,0.015299617,-0.002124786,0.040372372,0.065828919,0.011029303,0.000373746,0.000000000,0.000000000,0.000000000,0.000000000,0.000000000,0.000000000
0.009584188,0.215335846,0.044293404,0.619929314,1.794592857,0.283982277,0.175068855,-0.062438965,0.019836426,0.012756348,0.113464355,-0.059921265,-0.020645142,0.215335846,0.044293404,0.619929314,1.794592857,0.283982277,0.175068855,0.000004941,-6.110942841,5.127720356,1.328463912,-0.679465353,-0.001441861,0.024642944,-6.103912354,5.175874710,1.385992050,-0.693217278,-0.007904053,0.000004941,-6.110942841,5.127720356,1.328463912,-0.679465353,-0.001441861,0.000000000,0.000000000,0.000000000,0.000000000,0.000000000,0.000000000,0.000000000,0.000000000,0.000000000,0.000000000,0.000000000,0.000000000,0.000000000,0.000000000,0.000000000,0.000000000,0.000000000,0.000000000,0.024638003,0.007030487,0.048154354,0.057528138,-0.013751924,-0.006462192,0.004669193,0.004577637,0.003890991,-0.004150391,-0.012390614,-0.003417969
0.019571304,0.214952469,0.044293404,0.619929314,1.794592857,0.283982277,0.175452232,-0.074523926,-0.058290482,-0.043640137,0.083923340,0.001510620,0.014602661,0.214952469,0.043910027,0.619929314,1.794592857,0.283982277,0.175068855,0.000004951,-6.107001781,5.129709721,1.328096747,-0.679197371,-0.001441035,-0.006484985,-6.102081299,5.198183060,1.378728867,-0.673563004,0.009613037,0.000004951,-6.107001781,5.129709721,1.328096747,-0.679197371,-0.001441035,0.000000000,0.000000000,0.000000000,0.000000000,0.000000000,0.000000000,0.000000000,0.000000000,0.000000000,0.000000000,0.000000000,0.000000000,0.000000000,0.000000000,0.000000000,0.000000000,0.000000000,0.000000000,-0.006489936,0.004920483,0.068473339,0.050632119,0.005634367,0.011054072,-0.017639164,0.001645088,0.016139984,-0.007364273,0.004663785,0.009398864
0.029656887,0.214952469,0.043910027,0.619929314,1.794592857,0.283982277,0.175068855,-0.105411530,-0.091859818,-0.010070801,-0.106754303,0.029708862,0.052871704,0.214952469,0.043910027,0.619929314,1.794592857,0.283982277,0.175452232,0.000004951,-6.107002735,5.129710674,1.328097582,-0.679197192,-0.001440185,0.000778198,-6.109405518,5.168092728,1.395851135,-0.700907707,-0.007904053,0.000004951,-6.107002735,5.129710674,1.328097582,-0.679197192,-0.001440185,0.000000000,0.000000000,0.000000000,0.000000000,0.000000000,0.000000000,0.000000000,0.000000000,0.000000000,0.000000000,0.000000000,0.000000000,0.000000000,0.000000000,0.000000000,0.000000000,0.000000000,0.000000000,0.000773247,-0.002402782,0.038382053,0.067753553,-0.021710515,-0.006463868,-0.007781985,-0.004258633,-0.010463476,0.007317871,-0.017010823,-0.006089307
0.039692163,0.214952469,0.044293404,0.619929314,1.794592857,0.283982277,0.175452232,-0.157779694,0.058898926,0.079895020,-0.120182037,0.003524780,-0.010574341,0.215335846,0.043910027,0.619929314,1.794592857,0.283982277,0.175068855,0.000004944,-6.107001781,5.129709721,1.328096747,-0.679197371,-0.001441035,0.008560181,-6.120391846,5.157197952,1.418678284,-0.679117203,-0.006195068,0.000004944,-6.107001781,5.129709721,1.328096747,-0.679197371,-0.001441035,0.000000000,0.000000000,0.000000000,0.000000000,0.000000000,0.000000000,0.000000000,0.000000000,0.000000000,0.000000000,0.000000000,0.000000000,0.000000000,0.000000000,0.000000000,0.000000000,0.000000000,0.000000000,0.008555237,-0.013390064,0.027488232,0.090581536,0.000080168,-0.004754033,0.000000003,-0.012196732,-0.017085838,0.024116683,0.003823888,-0.003503578
0.049644947,0.214952469,0.043910027,0.619929314,1.794592857,0.283982277,0.175452232,-0.028869629,-0.053407669,0.122863770,-0.057067871,-0.024673462,0.011581421,0.214952469,0.043910027,0.619929314,1.794592857,0.283982277,0.175452232,0.000004951,-6.107002735,5.129710674,1.328097582,-0.679197192,-0.001440185,0.005966187,-6.164337158,5.173799515,1.389623642,-0.689799309,-0.008331299,0.000004951,-6.107002735,5.129710674,1.328097582,-0.679197192,-0.001440185,0.000000000,0.000000000,0.000000000,0.000000000,0.000000000,0.000000000,0.000000000,0.000000000,0.000000000,0.000000000,0.000000000,0.000000000,0.000000000,0.000000000,0.000000000,0.000000000,0.000000000,0.000000000,0.005961236,-0.057334423,0.044088840,0.061526060,-0.010602117,-0.006891114,-0.002161665,-0.046784242,-0.000404358,-0.004115661,-0.005715330,-0.004700549
0.059612274,0.215335846,0.044293404,0.619929314,1.794592857,0.283982277,0.175452232,-0.081237793,0.099794388,-0.063781738,-0.074523926,0.014602661,0.094161987,0.214952469,0.044293404,0.619929314,1.794592857,0.283982277,0.175452232,0.000004948,-6.110943794,5.127720833,1.328464746,-0.679465175,-0.001441011,0.022567749,-6.080108643,5.204408646,1.381841660,-0.666727066,-0.012603760,0.000004948,-6.110943794,5.127720833,1.328464746,-0.679465175,-0.001441011,0.000000000,0.000000000,0.000000000,0.000000000,0.000000000,0.000000000,0.000000000,0.000000000,0.000000000,0.000000000,0.000000000,0.000000000,0.000000000,0.000000000,0.000000000,0.000000000,0.000000000,0.000000000,0.022562801,0.030835152,0.076687813,0.053376913,0.012738109,-0.011162749,0.012377057,0.035473142,0.027595384,-0.010512693,0.015107053,-0.007690444
0.069678783,0.215335846,0.044293404,0.619929314,1.794592857,0.283982277,0.175068855,-0.026184082,0.007019043,-0.027526855,-0.040954590,-0.030715942,-0.032730103,0.214952469,0.043910027,0.619929314,1.794592857,0.283982277,0.175068855,0.000004951,-6.107001781,5.129709721,1.328096747,-0.679197371,-0.001441035,-0.021011353,-6.074615479,5.183656693,1.435279846,-0.691508293,-0.013458252,0.000004951,-6.107001781,5.129709721,1.328096747,-0.679197371,-0.001441035,0.000000000,0.000000000,0.000000000,0.000000000,0.000000000,0.000000000,0.000000000,0.000000000,0.000000000,0.000000000,0.000000000,0.000000000,0.000000000,0.000000000,0.000000000,0.000000000,0.000000000,0.000000000,-0.021016303,0.032386303,0.053946972,0.107183099,-0.012310922,-0.012017217,-0.027301791,0.032396257,0.004247725,0.037881806,-0.008699231,-0.007476797
0.079612732,0.215335846,0.044293404,0.619545937,1.794592857,0.283598900,0.175068855,0.165832520,0.077819824,-0.028869629,0.050354004,-0.067981720,-0.071002960,0.214952469,0.044293404,0.619929314,1.794592857,0.283982277,0.175068855,0.000004948,-6.110942841,5.127720356,1.328463912,-0.679465353,-0.001441861,-0.004409790,-6.092926025,5.136445999,1.380285263,-0.691081047,-0.000640869,0.000004948,-6.110942841,5.127720356,1.328463912,-0.679465353,-0.001441861,0.000000000,0.000000000,0.000000000,0.000000000,0.000000000,0.000000000,0.000000000,0.000000000,0.000000000,0.000000000,0.000000000,0.000000000,0.000000000,0.000000000,0.000000000,0.000000000,0.000000000,0.000000000,-0.004414739,0.018016815,0.008725643,0.051821351,-0.011615694,0.000800992,-0.009511312,0.016023795,-0.036420981,-0.015537726,-0.007114669,0.004747921
0.089659929,0.214952469,0.044293404,0.619929314,1.794592857,0.283982277,0.175452232,-0.039611816,0.032043457,0.040954590,0.047668457,-0.004531860,-0.025680542,0.214952469,0.043910027,0.619929314,1.794592857,0.283982277,0.175452232,0.000004951,-6.107002735,5.129710674,1.328097582,-0.679197192,-0.001440185,0.008560181,-6.074615479,5.176912308,1.397407532,-0.688944817,-0.015167236,0.000004951,-6.107002735,5.129710674,1.328097582,-0.679197192,-0.001440185,0.000000000,0.000000000,0.000000000,0.000000000,0.000000000,0.000000000,0.000000000,0.000000000,0.000000000,0.000000000,0.000000000,0.000000000,0.000000000,0.000000000,0.000000000,0.000000000,0.000000000,0.000000000,0.008555230,0.032387257,0.047201633,0.069309950,-0.009747624,-0.013727051,0.003112791,0.027354813,0.001849508,0.001755786,-0.004721940,-0.008802110
0.099684000,0.215335846,0.043910027,0.619545937,1.794592857,0.283982277,0.175068855,0.069152832,-0.062562943,0.023498535,0.043640137,0.052871704,0.007553101,0.214952469,0.044293404,0.619929314,1.794592857,0.283982277,0.175068855,0.000004948,-6.110942841,5.127720356,1.328463912,-0.679465353,-0.001441861,0.010635376,-6.125885010,5.171724319,1.348638535,-0.690653801,-0.015594482,0.000004948,-6.110942841,5.127720356,1.328463912,-0.679465353,-0.001441861,0.000000000,0.000000000,0.000000000,0.000000000,0.000000000,0.000000000,0.000000000,0.000000000,0.000000000,0.000000000,0.000000000,0.000000000,0.000000000,0.000000000,0.000000000,0.000000000,0.000000000,0.000000000,0.010630427,-0.014942169,0.044003963,0.020174623,-0.011188447,-0.014152622,0.004716353,-0.018158739,-0.001225602,-0.043072310,-0.005602511,-0.008388800
0.109682322,0.214952469,0.043910027,0.619929314,1.794592857,0.283982277,0.175068855,0.019470215,-0.028991699,0.014099121,-0.044982910,0.002517700,-0.036758423,0.214952469,0.043910027,0.619929314,1.794592857,0.283982277,0.175068855,0.000004951,-6.107001781,5.129709721,1.328096747,-0.679197371,-0.001441035,0.011154175,-6.120391846,5.200777054,1.380285263,-0.677408218,-0.006622314,0.000004951,-6.107001781,5.129709721,1.328096747,-0.679197371,-0.001441035,0.000000000,0.000000000,0.000000000,0.000000000,0.000000000,0.000000000,0.000000000,0.000000000,0.000000000,0.000000000,0.000000000,0.000000000,0.000000000,0.000000000,0.000000000,0.000000000,0.000000000,0.000000000,0.011149224,-0.013390064,0.071067333,0.052188516,0.001789153,-0.005181279,0.004798887,-0.015222748,0.023684621,-0.010136882,0.006760498,0.000533997
0.119688988,0.215335846,0.043910027,0.619929314,1.794592857,0.283982277,0.175068855,0.091979980,-0.008239746,0.145690918,0.062438965,0.000503540,0.003524780,0.214952469,0.044293404,0.619929314,1.794592857,0.283982277,0.175068855,0.000004948,-6.110942841,5.127720356,1.328463912,-0.679465353,-0.001441861,0.004409790,-6.036163330,5.185213089,1.378728867,-0.682962418,-0.006195068,0.000004948,-6.110942841,5.127720356,1.328463912,-0.679465353,-0.001441861,0.000000000,0.000000000,0.000000000,0.000000000,0.000000000,0.000000000,0.000000000,0.000000000,0.000000000,0.000000000,0.000000000,0.000000000,0.000000000,0.000000000,0.000000000,0.000000000,0.000000000,0.000000000,0.004404842,0.074779510,0.057492733,0.050264955,-0.003497064,-0.004753207,-0.001795842,0.067335532,0.009332327,-0.011132717,0.001360875,0.000888064
0.129611731,0.214952469,0.043910027,0.619929314,1.794592857,0.283982277,0.175068855,0.096008301,0.065612793,-0.141666412,0.155090332,-0.019638062,0.009567261,0.214952469,0.043910027,0.619929314,1.794592857,0.283982277,0.175068855,0.000004951,-6.107001781,5.129709721,1.328096747,-0.679197371,-0.001441035,0.005447388,-6.063629150,5.188844681,1.388067245,-0.660745621,0.001068115,0.000004951,-6.107001781,5.129709721,1.328096747,-0.679197371,-0.001441035,0.000000000,0.000000000,0.000000000,0.000000000,0.000000000,0.000000000,0.000000000,0.000000000,0.000000000,0.000000000,0.000000000,0.000000000,0.000000000,0.000000000,0.000000000,0.000000000,0.000000000,0.000000000,0.005442437,0.043372631,0.059134960,0.059970498,0.018451750,0.002509150,-0.000704086,0.033362320,0.010190657,-0.001325233,0.021644711,0.007568248
0.139845133,0.214952469,0.044293404,0.619929314,1.794592857,0.283982277,0.175068855,-0.073181152,-0.035705566,0.012756348,-0.058410645,0.014602661,-0.036758423,0.214952469,0.043910027,0.619929314,1.794592857,0.283982277,0.175452232,0.000004951,-6.107002735,5.129710674,1.328097582,-0.679197192,-0.001440185,0.004928589,-6.059967041,5.184175491,1.387548447,-0.694071770,0.010040283,0.000004951,-6.107002735,5.129710674,1.328097582,-0.679197192,-0.001440185,0.000000000,0.000000000,0.000000000,0.000000000,0.000000000,0.000000000,0.000000000,0.000000000,0.000000000,0.000000000,0.000000000,0.000000000,0.000000000,0.000000000,0.000000000,0.000000000,0.000000000,0.000000000,0.004923638,0.047035694,0.054464817,0.059450865,-0.014874578,0.011480468,-0.001141359,0.034557025,0.005152480,-0.001721875,-0.010902842,0.015436928
0.149596691,0.214952469,0.044293404,0.619545937,1.794592857,0.283982277,0.175452232,0.101379395,-0.039369583,0.014099121,0.078552246,0.024673462,0.035751343,0.214952469,0.044293404,0.619545937,1.794592857,0.283982277,0.175452232,0.000004950,-6.108842373,5.125730515,1.328831792,-0.679733038,-0.001441837,0.024642944,-6.100250244,5.180025101,1.407264709,-0.712870598,0.007476807,0.000004950,-6.108842373,5.125730515,1.328831792,-0.679733038,-0.001441837,0.000000000,0.000000000,0.000000000,0.000000000,0.000000000,0.000000000,0.000000000,0.000000000,0.000000000,0.000000000,0.000000000,0.000000000,0.000000000,0.000000000,0.000000000,0.000000000,0.000000000,0.000000000,0.024637995,0.008592129,0.054294586,0.078432918,-0.033137560,0.008918643,0.017412185,-0.003643632,0.004670858,0.016181417,-0.027342960,0.012070410
0.159672737,0.214952469,0.044293404,0.619929314,1.794592857,0.283982277,0.175068855,0.026184082,0.019836426,0.035583496,0.036926270,0.037765503,-0.020645142,0.214952469,0.044293404,0.619545937,1.794592857,0.283598900,0.175452232,0.000004950,-6.108588219,5.125489235,1.328563929,-0.679809153,-0.001442036,0.013229370,-6.164337158,5.192995071,1.347600937,-0.672281265,0.010467529,0.000004950,-6.108588219,5.125489235,1.328563929,-0.679809153,-0.001442036,0.000000000,0.000000000,0.000000000,0.000000000,0.000000000,0.000000000,0.000000000,0.000000000,0.000000000,0.000000000,0.000000000,0.000000000,0.000000000,0.000000000,0.000000000,0.000000000,0.000000000,0.000000000,0.013224420,-0.055748940,0.067505836,0.019037008,0.007527888,0.011909565,0.005645751,-0.063985600,0.016830220,-0.040672464,0.012538812,0.014175370
0.169656038,0.214952469,0.044293404,0.619929314,1.794592857,0.283598900,0.175452232,-0.010070801,-0.004577637,-0.108097076,0.055725098,-0.082080841,-0.012588501,0.214952469,0.043910027,0.619929314,1.794592857,0.283982277,0.175452232,0.000004951,-6.107002735,5.129710674,1.328097582,-0.679197192,-0.001440185,-0.001296997,-6.118560791,5.226716995,1.406745911,-0.679971695,0.009613037,0.000004951,-6.107002735,5.129710674,1.328097582,-0.679197192,-0.001440185,0.000000000,0.000000000,0.000000000,0.000000000,0.000000000,0.000000000,0.000000000,0.000000000,0.000000000,0.000000000,0.000000000,0.000000000,0.000000000,0.000000000,0.000000000,0.000000000,0.000000000,0.000000000,-0.001301948,-0.011558056,0.097006321,0.078648329,-0.000774503,0.011053222,-0.008387249,-0.018695010,0.043756776,0.017886698,0.004001064,0.012579082
0.179616690,0.214952469,0.043910027,0.619929314,1.794592857,0.283982277,0.175452232,0.034240723,-0.061952591,0.104064941,-0.055725098,0.058914185,0.030715942,0.214952469,0.044293404,0.619929314,1.794592857,0.283982277,0.175452232,0.000004948,-6.110943794,5.127720833,1.328464746,-0.679465175,-0.001441011,0.082231522,-6.092926025,5.186769485,1.393774033,-0.692790031,-0.003204346,0.000004948,-6.110943794,5.127720833,1.328464746,-0.679465175,-0.001441011,0.000000000,0.000000000,0.000000000,0.000000000,0.000000000,0.000000000,0.000000000,0.000000000,0.000000000,0.000000000,0.000000000,0.000000000,0.000000000,0.000000000,0.000000000,0.000000000,0.000000000,0.000000000,0.082226573,0.018017769,0.059048653,0.065309286,-0.013324857,-0.001763335,0.071186468,0.010308140,0.005493892,0.004308305,-0.008099327,-0.000224977
0.189603090,0.214952469,0.043910027,0.619929314,1.794592857,0.283982277,0.175452232,-0.058410645,-0.132753372,0.007385254,-0.079895020,0.030715942,-0.010574341,0.214952469,0.043910027,0.619929314,1.794592857,0.283982277,0.175452232,0.000004951,-6.107002735,5.129710674,1.328097582,-0.679197192,-0.001440185,-0.029312134,-6.107574463,5.141633987,1.379766464,-0.703471184,-0.015167236,0.000004951,-6.107002735,5.129710674,1.328097582,-0.679197192,-0.001440185,0.000000000,0.000000000,0.000000000,0.000000000,0.000000000,0.000000000,0.000000000,0.000000000,0.000000000,0.000000000,0.000000000,0.000000000,0.000000000,0.000000000,0.000000000,0.000000000,0.000000000,0.000000000,-0.029317085,-0.000571728,0.011923313,0.051668882,-0.024273992,-0.013727051,-0.038339330,-0.007867289,-0.039549875,-0.008865494,-0.018096039,-0.011579258
0.199670792,0.214952469,0.044293404,0.619929314,1.794592857,0.283982277,0.175068855,-0.137638092,0.011901855,0.020812988,-0.006042480,-0.012588501,-0.023666382,0.215335846,0.044293404,0.619929314,1.794592857,0.283982277,0.175452232,0.000004941,-6.110943794,5.127720833,1.328464746,-0.679465175,-0.001441011,0.009078979,-6.118560791,5.198701859,1.354345322,-0.658609390,-0.001922607,0.000004941,-6.110943794,5.127720833,1.328464746,-0.679465175,-0.001441011,0.000000000,0.000000000,0.000000000,0.000000000,0.000000000,0.000000000,0.000000000,0.000000000,0.000000000,0.000000000,0.000000000,0.000000000,0.000000000,0.000000000,0.000000000,0.000000000,0.000000000,0.000000000,0.009074038,-0.007616997,0.070981026,0.025880575,0.020855784,-0.000481597,0.000049326,-0.014202436,0.018578893,-0.033003620,0.025746416,0.001586854
0.209652901,0.214952469,0.043910027,0.619929314,1.794592857,0.283982277,0.175452232,-0.038269043,0.040588379,-0.117496490,0.114807129,-0.019638062,0.047836304,0.214952469,0.044293404,0.619929314,1.794592857,0.283982277,0.175452232,0.000004948,-6.110943794,5.127720833,1.328464746,-0.679465175,-0.001441011,0.003372192,-6.096588135,5.179506302,1.408821106,-0.692362785,-0.008758545,0.000004948,-6.110943794,5.127720833,1.328464746,-0.679465175,-0.001441011,0.000000000,0.000000000,0.000000000,0.000000000,0.000000000,0.000000000,0.000000000,0.000000000,0.000000000,0.000000000,0.000000000,0.000000000,0.000000000,0.000000000,0.000000000,0.000000000,0.000000000,0.000000000,0.003367244,0.014355659,0.051785469,0.080356359,-0.012897611,-0.007317534,-0.005400311,0.007417029,-0.000588634,0.020496157,-0.007643025,-0.005010489
0.219795704,0.215335846,0.043910027,0.619545937,1.794592857,0.283982277,0.175452232,0.042297363,-0.165712357,-0.042297363,0.081237793,-0.012588501,-0.030715942,0.215335846,0.044293404,0.619929314,1.794592857,0.283982277,0.175452232,0.000004941,-6.110943794,5.127720833,1.328464746,-0.679465175,-0.001441011,0.002853394,-6.125885010,5.188325882,1.394292831,-0.674844742,-0.007476807,0.000004941,-6.110943794,5.127720833,1.328464746,-0.679465175,-0.001441011,0.000000000,0.000000000,0.000000000,0.000000000,0.000000000,0.000000000,0.000000000,0.000000000,0.000000000,0.000000000,0.000000000,0.000000000,0.000000000,0.000000000,0.000000000,0.000000000,0.000000000,0.000000000,0.002848452,-0.014941216,0.060605049,0.065828085,0.004620433,-0.006035796,-0.005661750,-0.020928549,0.007873079,0.005708409,0.009445670,-0.003566631
0.229677916,0.215335846,0.044293404,0.619545937,1.794592857,0.283982277,0.175068855,0.054382324,-0.016784668,-0.049011230,-0.007385254,-0.028701782,-0.009567261,0.214952469,0.044293404,0.619929314,1.794592857,0.283982277,0.175068855,0.000004948,-6.110942841,5.127720356,1.328463912,-0.679465353,-0.001441861,0.007522583,-6.109405518,5.166017532,1.417121887,-0.692362785,-0.003631592,0.000004948,-6.110942841,5.127720356,1.328463912,-0.679465353,-0.001441861,0.000000000,0.000000000,0.000000000,0.000000000,0.000000000,0.000000000,0.000000000,0.000000000,0.000000000,0.000000000,0.000000000,0.000000000,0.000000000,0.000000000,0.000000000,0.000000000,0.000000000,0.000000000,0.007517635,0.001537323,0.038297176,0.088657975,-0.012897432,-0.002189731,-0.000951211,-0.004264593,-0.013833344,0.027349204,-0.007735853,0.000267791
0.239645004,0.215335846,0.044293404,0.619929314,1.794592857,0.283982277,0.175068855,-0.066467285,0.011901855,-0.011413574,0.086608887,0.032730103,-0.017623901,0.215335846,0.044293404,0.619929314,1.794592857,0.283982277,0.175452232,0.000004941,-6.110943794,5.127720833,1.328464746,-0.679465175,-0.001441011,0.011672974,-6.105743408,5.140596390,1.376653671,-0.707743645,0.007049561,0.000004941,-6.110943794,5.127720833,1.328464746,-0.679465175,-0.001441011,0.000000000,0.000000000,0.000000000,0.000000000,0.000000000,0.000000000,0.000000000,0.000000000,0.000000000,0.000000000,0.000000000,0.000000000,0.000000000,0.000000000,0.000000000,0.000000000,0.000000000,0.000000000,0.011668032,0.005200386,0.012875557,0.048188925,-0.028278470,0.008490571,0.003071220,-0.000577469,-0.037684765,-0.012595053,-0.022192216,0.010510169
0.249750376,0.214952469,0.044293404,0.619929314,1.794592857,0.283982277,0.175452232,0.046325684,-0.040590286,-0.061096191,0.016784668,0.021652222,0.024673462,0.214952469,0.044293404,0.619929314,1.794592857,0.283982277,0.175452232,0.000004948,-6.110943794,5.127720833,1.328464746,-0.679465175,-0.001441011,-0.011154175,-6.050811768,5.185731888,1.412971497,-0.677835464,0.001495361,0.000004948,-6.110943794,5.127720833,1.328464746,-0.679465175,-0.001441011,0.000000000,0.000000000,0.000000000,0.000000000,0.000000000,0.000000000,0.000000000,0.000000000,0.000000000,0.000000000,0.000000000,0.000000000,0.000000000,0.000000000,0.000000000,0.000000000,0.000000000,0.000000000,-0.011159123,0.060132027,0.058011055,0.084506750,0.001629710,0.002936372,-0.018996092,0.052263627,0.007164167,0.022810358,0.007419196,0.004765356
0.259596586,0.215335846,0.043910027,0.619545937,1.794592857,0.283982277,0.175452232,0.090637207,-0.107728958,0.015441895,0.071838379,0.031723022,-0.007553101,0.214952469,0.044293404,0.619929314,1.794592857,0.283982277,0.175452232,0.000004948,-6.110943794,5.127720833,1.328464746,-0.679465175,-0.001441011,0.005447388,-6.111236572,5.198701859,1.394813538,-0.676553726,0.005340576,0.000004948,-6.110943794,5.127720833,1.328464746,-0.679465175,-0.001441011,0.000000000,0.000000000,0.000000000,0.000000000,0.000000000,0.000000000,0.000000000,0.000000000,0.000000000,0.000000000,0.000000000,0.000000000,0.000000000,0.000000000,0.000000000,0.000000000,0.000000000,0.000000000,0.005442439,-0.000292778,0.070981026,0.066348791,0.002911448,0.006781587,-0.002305843,-0.007858912,0.019388428,0.004480088,0.008378678,0.008291661
0.269579887,0.215335846,0.044293404,0.619929314,1.794592857,0.283982277,0.175068855,0.032897949,0.005798340,-0.057067871,-0.007385254,-0.019638062,0.011581421,0.214952469,0.044293404,0.619929314,1.794592857,0.283982277,0.175452232,0.000004948,-6.110943794,5.127720833,1.328464746,-0.679465175,-0.001441011,-0.001296997,-6.091094971,5.190401077,1.403633118,-0.669290543,-0.003631592,0.000004948,-6.110943794,5.127720833,1.328464746,-0.679465175,-0.001441011,0.000000000,0.000000000,0.000000000,0.000000000,0.000000000,0.000000000,0.000000000,0.000000000,0.000000000,0.000000000,0.000000000,0.000000000,0.000000000,0.000000000,0.000000000,0.000000000,0.000000000,0.000000000,-0.001301946,0.019848824,0.062680244,0.075168371,0.010174632,-0.002190581,-0.008727006,0.011844022,0.010691660,0.012824680,0.015083224,-0.000656204
0.279608250,0.215335846,0.044293404,0.619929314,1.794592857,0.283982277,0.175452232,0.104064941,0.021667480,0.098693848,0.096008301,0.013595581,-0.047836304,0.214952469,0.044293404,0.619929314,1.794592857,0.283598900,0.175452232,0.000004949,-6.110689163,5.127479553,1.328196883,-0.679541290,-0.001441210,0.013229370,-6.138702393,5.157716751,1.379247665,-0.673990250,0.005767822,0.000004949,-6.110689163,5.127479553,1.328196883,-0.679541290,-0.001441210,0.000000000,0.000000000,0.000000000,0.000000000,0.000000000,0.000000000,0.000000000,0.000000000,0.000000000,0.000000000,0.000000000,0.000000000,0.000000000,0.000000000,0.000000000,0.000000000,0.000000000,0.000000000,0.013224421,-0.028013229,0.030237198,0.051050782,0.005551040,0.007209032,0.005599383,-0.034776030,-0.021001339,-0.010903498,0.010098955,0.008441912
0.289647102,0.214952469,0.043910027,0.619929314,1.794592857,0.283598900,0.175068855,0.028869629,0.049743652,0.124206543,0.002014160,0.003524780,-0.025680542,0.214952469,0.044293404,0.619929314,1.794592857,0.283598900,0.175068855,0.000004949,-6.110688210,5.127479076,1.328196049,-0.679541469,-0.001442060,0.005966187,-6.140533447,5.180543900,1.396369934,-0.681680679,0.007049561,0.000004949,-6.110688210,5.127479076,1.328196049,-0.679541469,-0.001442060,0.000000000,0.000000000,0.000000000,0.000000000,0.000000000,0.000000000,0.000000000,0.000000000,0.000000000,0.000000000,0.000000000,0.000000000,0.000000000,0.000000000,0.000000000,0.000000000,0.000000000,0.000000000,0.005961238,-0.029845238,0.053064823,0.068173885,-0.002139211,0.008491620,-0.001608341,-0.035387770,0.001765410,0.006012285,0.002328414,0.009400351
0.299666166,0.214952469,0.044293404,0.619929314,1.794592857,0.283982277,0.175068855,0.022155762,0.116273880,0.027526855,-0.091983795,-0.011581421,-0.066974640,0.214952469,0.043910027,0.619545937,1.794592857,0.283982277,0.175452232,0.000004952,-6.104902744,5.127720833,1.328464746,-0.679465175,-0.001441011,-0.011154175,-6.072784424,5.202333450,1.376653671,-0.668436050,0.002777100,0.000004952,-6.104902744,5.127720833,1.328464746,-0.679465175,-0.001441011,0.000000000,0.000000000,0.000000000,0.000000000,0.000000000,0.000000000,0.000000000,0.000000000,0.000000000,0.000000000,0.000000000,0.000000000,0.000000000,0.000000000,0.000000000,0.000000000,0.000000000,0.000000000,-0.011159127,0.032118320,0.074612617,0.048188925,0.011029124,0.004218110,-0.018124553,0.025718504,0.022561166,-0.013521944,0.014996854,0.004961459
0.309758902,0.214952469,0.044293404,0.619929314,1.794592857,0.283982277,0.175452232,-0.125553131,0.024108887,0.047668457,-0.070495605,0.037765503,0.002517700,0.215335846,0.044293404,0.619929314,1.794592857,0.283982277,0.175452232,0.000004941,-6.110943794,5.127720833,1.328464746,-0.679465175,-0.001441011,-0.004928589,-6.144195557,5.176912308,1.330999374,-0.680398941,0.024139404,0.000004941,-6.110943794,5.127720833,1.328464746,-0.679465175,-0.001441011,0.000000000,0.000000000,0.000000000,0.000000000,0.000000000,0.000000000,0.000000000,0.000000000,0.000000000,0.000000000,0.000000000,0.000000000,0.000000000,0.000000000,0.000000000,0.000000000,0.000000000,0.000000000,-0.004933530,-0.033251762,0.049191475,0.002534628,-0.000933766,0.025580415,-0.011527114,-0.038412467,-0.002770603,-0.057326984,0.002939152,0.025501146
0.319684744,0.214952469,0.044293404,0.619929314,1.794592857,0.283982277,0.175452232,0.090637207,0.060729980,0.039611816,0.090637207,-0.008560181,0.064956665,0.214952469,0.043910027,0.619929314,1.794592857,0.283982277,0.175068855,0.000004951,-6.107001781,5.129709721,1.328096747,-0.679197371,-0.001441035,0.013748169,-6.142364502,5.151491165,1.394292831,-0.690653801,-0.022003174,0.000004951,-6.107001781,5.129709721,1.328096747,-0.679197371,-0.001441035,0.000000000,0.000000000,0.000000000,0.000000000,0.000000000,0.000000000,0.000000000,0.000000000,0.000000000,0.000000000,0.000000000,0.000000000,0.000000000,0.000000000,0.000000000,0.000000000,0.000000000,0.000000000,0.013743218,-0.035362720,0.021781445,0.066196084,-0.011456430,-0.020562139,0.006932979,-0.039295442,-0.029266068,0.006142519,-0.007353709,-0.020015911
0.329611778,0.215335846,0.044293404,0.619929314,1.794592857,0.283982277,0.175068855,0.061096191,-0.027160645,0.012756348,0.002014160,0.029708862,-0.058914185,0.214952469,0.043910027,0.619929314,1.794592857,0.283982277,0.175068855,0.000004951,-6.107001781,5.129709721,1.328096747,-0.679197371,-0.001441035,-0.034502029,-6.160675049,5.216859818,1.373540878,-0.668863297,-0.014312744,0.000004951,-6.107001781,5.129709721,1.328096747,-0.679197371,-0.001441035,0.000000000,0.000000000,0.000000000,0.000000000,0.000000000,0.000000000,0.000000000,0.000000000,0.000000000,0.000000000,0.000000000,0.000000000,0.000000000,0.000000000,0.000000000,0.000000000,0.000000000,0.000000000,-0.034506980,-0.053673267,0.087150097,0.045444131,0.010334074,-0.012871709,-0.040102007,-0.055911695,0.035040743,-0.014179745,0.014012184,-0.011962967
0.339610100,0.214952469,0.044293404,0.619929314,1.794592857,0.283982277,0.175452232,0.062438965,-0.014343262,-0.055725098,-0.035583496,-0.022659302,-0.044815063,0.215335846,0.044293404,0.619929314,1.794592857,0.283982277,0.175452232,0.000004941,-6.110943794,5.127720833,1.328464746,-0.679465175,-0.001441011,-0.038133621,-6.149688721,5.165498734,1.378210068,-0.688090324,0.001495361,0.000004941,-6.110943794,5.127720833,1.328464746,-0.679465175,-0.001441011,0.000000000,0.000000000,0.000000000,0.000000000,0.000000000,0.000000000,0.000000000,0.000000000,0.000000000,0.000000000,0.000000000,0.000000000,0.000000000,0.000000000,0.000000000,0.000000000,0.000000000,0.000000000,-0.038138563,-0.038744926,0.037777901,0.049745321,-0.008625150,0.002936372,-0.042484059,-0.039812401,-0.013921983,-0.009596310,-0.004805696,0.003735254
0.349594593,0.214952469,0.044293404,0.619929314,1.794592857,0.283982277,0.175068855,-0.097354889,-0.053407669,-0.074523926,0.047668457,-0.016616821,-0.019638062,0.215335846,0.044293404,0.619929314,1.794592857,0.283982277,0.175068855,0.000004941,-6.110942841,5.127720356,1.328463912,-0.679465353,-0.001441861,-0.002853394,-6.109405518,5.202852249,1.370428085,-0.679971695,-0.004913330,0.000004941,-6.110942841,5.127720356,1.328463912,-0.679465353,-0.001441861,0.000000000,0.000000000,0.000000000,0.000000000,0.000000000,0.000000000,0.000000000,0.000000000,0.000000000,0.000000000,0.000000000,0.000000000,0.000000000,0.000000000,0.000000000,0.000000000,0.000000000,0.000000000,-0.002858335,0.001537323,0.075131893,0.041964173,-0.000506341,-0.003471469,-0.007003725,0.000456797,0.022781120,-0.016894751,0.003221081,-0.002598349
0.359629393,0.214952469,0.043910027,0.619929314,1.794592857,0.283982277,0.175452232,0.022155762,0.013122559,0.171203613,0.024841309,-0.026687622,0.039779663,0.215335846,0.043910027,0.619929314,1.794592857,0.283982277,0.175452232,0.000004944,-6.107002735,5.129710674,1.328097582,-0.679197192,-0.001440185,-0.008041382,-6.096588135,5.159273148,1.399482727,-0.683817863,0.002777100,0.000004944,-6.107002735,5.129710674,1.328097582,-0.679197192,-0.001440185,0.000000000,0.000000000,0.000000000,0.000000000,0.000000000,0.000000000,0.000000000,0.000000000,0.000000000,0.000000000,0.000000000,0.000000000,0.000000000,0.000000000,0.000000000,0.000000000,0.000000000,0.000000000,-0.008046326,0.010414600,0.029562473,0.071385145,-0.004620671,0.004217284,-0.011862209,0.009081802,-0.022172399,0.012187674,-0.000869107,0.004952826
0.369583845,0.214952469,0.044293404,0.619545937,1.794592857,0.283982277,0.175068855,0.031555176,0.042419434,-0.011413574,0.046325684,-0.007553101,-0.012588501,0.214952469,0.044293404,0.619929314,1.794592857,0.283982277,0.175068855,0.000004948,-6.110942841,5.127720356,1.328463912,-0.679465353,-0.001441861,-0.028793335,-6.129547119,5.182619095,1.377691269,-0.673563004,-0.007904053,0.000004948,-6.110942841,5.127720356,1.328463912,-0.679465353,-0.001441861,0.000000000,0.000000000,0.000000000,0.000000000,0.000000000,0.000000000,0.000000000,0.000000000,0.000000000,0.000000000,0.000000000,0.000000000,0.000000000,0.000000000,0.000000000,0.000000000,0.000000000,0.000000000,-0.028798283,-0.018604279,0.054898739,0.049227357,0.005902350,-0.006462192,-0.031755900,-0.019412417,0.003080606,-0.009707743,0.009399864,-0.005575949
0.379608631,0.215335846,0.043910027,0.619545937,1.794592857,0.283982277,0.175068855,0.114807129,-0.033264160,-0.079895020,0.020812988,-0.050857544,-0.012588501,0.214952469,0.044293404,0.619929314,1.794592857,0.283982277,0.175452232,0.000004948,-6.110943794,5.127720833,1.328464746,-0.679465175,-0.001441011,-0.002853394,-6.127716064,5.190919876,1.374059677,-0.686381340,0.002349854,0.000004948,-6.110943794,5.127720833,1.328464746,-0.679465175,-0.001441011,0.000000000,0.000000000,0.000000000,0.000000000,0.000000000,0.000000000,0.000000000,0.000000000,0.000000000,0.000000000,0.000000000,0.000000000,0.000000000,0.000000000,0.000000000,0.000000000,0.000000000,0.000000000,-0.002858342,-0.016772270,0.063199043,0.045594931,-0.006916165,0.003790864,-0.005666831,-0.017129629,0.011089093,-0.012998113,-0.003330993,0.004557182
0.389838696,0.214952469,0.043910027,0.619929314,1.794592857,0.283982277,0.175452232,0.050354004,-0.140687943,-0.014099121,-0.010070801,-0.018630981,0.015609741,0.214952469,0.043910027,0.619929314,1.794592857,0.283982277,0.175068855,0.000004951,-6.107001781,5.129709721,1.328096747,-0.679197371,-0.001441035,-0.003890991,-6.072784424,5.191438675,1.381322861,-0.674844742,0.011749268,0.000004951,-6.107001781,5.129709721,1.328096747,-0.679197371,-0.001441035,0.000000000,0.000000000,0.000000000,0.000000000,0.000000000,0.000000000,0.000000000,0.000000000,0.000000000,0.000000000,0.000000000,0.000000000,0.000000000,0.000000000,0.000000000,0.000000000,0.000000000,0.000000000,-0.003895942,0.034217358,0.061728954,0.053226113,0.004352629,0.013190303,-0.006536820,0.033013499,0.009378529,-0.005232757,0.007739356,0.013607705
0.399676561,0.214952469,0.043910027,0.619929314,1.794592857,0.283982277,0.175068855,-0.032897949,-0.012512207,0.067810059,-0.031555176,0.031723022,-0.009567261,0.214952469,0.044293404,0.619545937,1.794592857,0.283982277,0.175452232,0.000004950,-6.108842373,5.125730515,1.328831792,-0.679733038,-0.001441837,-0.002853394,-6.113067627,5.205965042,1.407783508,-0.681680679,-0.049775124,0.000004950,-6.108842373,5.125730515,1.328831792,-0.679733038,-0.001441837,0.000000000,0.000000000,0.000000000,0.000000000,0.000000000,0.000000000,0.000000000,0.000000000,0.000000000,0.000000000,0.000000000,0.000000000,0.000000000,0.000000000,0.000000000,0.000000000,0.000000000,0.000000000,-0.002858343,-0.004225254,0.080234528,0.078951716,-0.001947641,-0.048333287,-0.005365094,-0.005296696,0.027204002,0.019993020,0.001403986,-0.046747205
0.409593582,0.214952469,0.043910027,0.619545937,1.794592857,0.283982277,0.175452232,-0.028869629,0.024719238,-0.054382324,-0.019470215,0.018630981,0.052871704,0.214952469,0.043910027,0.619929314,1.794592857,0.283982277,0.175452232,0.000004951,-6.107002735,5.129710674,1.328097582,-0.679197192,-0.001440185,-0.021530151,-6.118560791,5.169130325,1.388067245,-0.680826187,0.018157959,0.000004951,-6.107002735,5.129710674,1.328097582,-0.679197192,-0.001440185,0.000000000,0.000000000,0.000000000,0.000000000,0.000000000,0.000000000,0.000000000,0.000000000,0.000000000,0.000000000,0.000000000,0.000000000,0.000000000,0.000000000,0.000000000,0.000000000,0.000000000,0.000000000,-0.021535102,-0.011558056,0.039419651,0.059969664,-0.001628995,0.019598144,-0.023469428,-0.012328795,-0.013286806,0.000986897,0.001681617,0.020679840
0.419646263,0.214952469,0.043910027,0.619929314,1.794592857,0.283982277,0.175452232,-0.022155762,-0.025329590,0.004699707,-0.054382324,-0.002517700,0.041793823,0.214952469,0.044293404,0.619929314,1.794592857,0.283982277,0.175068855,0.000004948,-6.110942841,5.127720356,1.328463912,-0.679465353,-0.001441861,0.023605347,-6.124053955,5.167055130,1.354864120,-0.680398941,0.009613037,0.000004948,-6.110942841,5.127720356,1.328463912,-0.679465353,-0.001441861,0.000000000,0.000000000,0.000000000,0.000000000,0.000000000,0.000000000,0.000000000,0.000000000,0.000000000,0.000000000,0.000000000,0.000000000,0.000000000,0.000000000,0.000000000,0.000000000,0.000000000,0.000000000,0.023600398,-0.013111115,0.039334774,0.026400208,-0.000933588,0.011054898,0.021162210,-0.013559020,-0.013060714,-0.031824824,0.002321745,0.011854347
0.429610729,0.215335846,0.044293404,0.619929314,1.794592857,0.283982277,0.175068855,0.179264069,-0.034484863,0.007385254,-0.051696777,0.028701782,-0.057907104,0.214952469,0.044293404,0.619929314,1.794592857,0.283982277,0.175068855,0.000004948,-6.110942841,5.127720356,1.328463912,-0.679465353,-0.001441861,-0.000259399,-6.102081299,5.155641556,1.398963928,-0.679117203,0.013031006,0.000004948,-6.110942841,5.127720356,1.328463912,-0.679465353,-0.001441861,0.000000000,0.000000000,0.000000000,0.000000000,0.000000000,0.000000000,0.000000000,0.000000000,0.000000000,0.000000000,0.000000000,0.000000000,0.000000000,0.000000000,0.000000000,0.000000000,0.000000000,0.000000000,-0.000264348,0.008861542,0.027921200,0.070500016,0.000348151,0.014472867,-0.002641115,0.008222417,-0.023918054,0.011996006,0.003521586,0.014925218
0.439614773,0.214952469,0.044293404,0.619929314,1.794592857,0.283982277,0.175068855,-0.058410645,-0.010070801,0.075866699,0.011413574,-0.018630981,-0.020645142,0.215335846,0.044293404,0.619929314,1.794592857,0.283982277,0.175452232,0.000004941,-6.110943794,5.127720833,1.328464746,-0.679465175,-0.001441011,-0.005966187,-6.098419189,5.163942337,1.395851135,-0.694499016,0.003631592,0.000004941,-6.110943794,5.127720833,1.328464746,-0.679465175,-0.001441011,0.000000000,0.000000000,0.000000000,0.000000000,0.000000000,0.000000000,0.000000000,0.000000000,0.000000000,0.000000000,0.000000000,0.000000000,0.000000000,0.000000000,0.000000000,0.000000000,0.000000000,0.000000000,-0.005971128,0.012524605,0.036221504,0.067386389,-0.015033841,0.005072603,-0.008162386,0.011621359,-0.015270689,0.008684993,-0.011596841,0.005402177
0.449692011,0.215335846,0.043910027,0.619545937,1.794592857,0.283982277,0.175068855,0.067810059,-0.026550293,-0.067810059,0.047668457,-0.018630981,-0.047836304,0.214952469,0.044293404,0.619929314,1.794592857,0.283982277,0.175452232,0.000004948,-6.110943794,5.127720833,1.328464746,-0.679465175,-0.001441011,0.011154175,-6.113067627,5.183137894,1.418159485,-0.660745621,-0.001068115,0.000004948,-6.110943794,5.127720833,1.328464746,-0.679465175,-0.001441011,0.000000000,0.000000000,0.000000000,0.000000000,0.000000000,0.000000000,0.000000000,0.000000000,0.000000000,0.000000000,0.000000000,0.000000000,0.000000000,0.000000000,0.000000000,0.000000000,0.000000000,0.000000000,0.011149226,-0.002123833,0.055417061,0.089694738,0.018719554,0.000372896,0.008763230,-0.002961273,0.003839545,0.030319574,0.021674890,0.000687199
0.459667683,0.214952469,0.044293404,0.619929314,1.794592857,0.283982277,0.175452232,0.063781738,0.089418411,0.065124512,0.031555176,0.037765503,0.008560181,0.215335846,0.044293404,0.619545937,1.794592857,0.283982277,0.175452232,0.000004943,-6.108842373,5.125730515,1.328831792,-0.679733038,-0.001441837,0.048507690,-6.098419189,5.182619095,1.384435654,-0.685526848,-0.000640869,0.000004943,-6.108842373,5.125730515,1.328831792,-0.679733038,-0.001441837,0.000000000,0.000000000,0.000000000,0.000000000,0.000000000,0.000000000,0.000000000,0.000000000,0.000000000,0.000000000,0.000000000,0.000000000,0.000000000,0.000000000,0.000000000,0.000000000,0.000000000,0.000000000,0.048502748,0.010423183,0.056888580,0.055603862,-0.005793810,0.000800968,0.045135544,0.009381791,0.005198063,-0.003691062,-0.002778081,0.001091542
0.469676495,0.215335846,0.044293404,0.619929314,1.794592857,0.283982277,0.175452232,0.090637207,0.073547363,0.050354004,0.003356934,-0.059921265,-0.027694702,0.215335846,0.044293404,0.619929314,1.794592857,0.283982277,0.175452232,0.000004941,-6.110943794,5.127720833,1.328464746,-0.679465175,-0.001441011,-0.019454956,-6.127716064,5.197664261,1.363683701,-0.712016106,-0.011749268,0.000004941,-6.110943794,5.127720833,1.328464746,-0.679465175,-0.001441011,0.000000000,0.000000000,0.000000000,0.000000000,0.000000000,0.000000000,0.000000000,0.000000000,0.000000000,0.000000000,0.000000000,0.000000000,0.000000000,0.000000000,0.000000000,0.000000000,0.000000000,0.000000000,-0.019459897,-0.016772270,0.069943428,0.035218954,-0.032550931,-0.010308257,-0.022351537,-0.017442544,0.017872641,-0.023574387,-0.028919886,-0.009808981
0.479612112,0.215335846,0.044293404,0.619929314,1.794592857,0.283982277,0.175452232,0.172550201,-0.002746582,-0.015441895,0.051696777,0.017623901,0.011581421,0.214952469,0.044293404,0.619929314,1.794592857,0.283982277,0.175452232,0.000004948,-6.110943794,5.127720833,1.328464746,-0.679465175,-0.001441011,0.021011353,-6.122222900,5.168092728,1.380285263,-0.671854019,0.005767822,0.000004948,-6.110943794,5.127720833,1.328464746,-0.679465175,-0.001441011,0.000000000,0.000000000,0.000000000,0.000000000,0.000000000,0.000000000,0.000000000,0.000000000,0.000000000,0.000000000,0.000000000,0.000000000,0.000000000,0.000000000,0.000000000,0.000000000,0.000000000,0.000000000,0.021006404,-0.011279106,0.040371895,0.051820517,0.007611156,0.007208833,0.017745076,-0.011705515,-0.011460139,-0.006830522,0.011012768,0.007550801
0.489619970,0.214952469,0.044293404,0.619929314,1.794592857,0.283982277,0.175452232,-0.047668457,0.044250488,-0.130924225,0.008728027,-0.037765503,-0.055892944,0.214952469,0.044293404,0.619929314,1.794592857,0.283982277,0.175068855,0.000004948,-6.110942841,5.127720356,1.328463912,-0.679465353,-0.001441861,-0.024642944,-6.081939697,5.184175491,1.369909286,-0.667581558,0.007049561,0.000004948,-6.110942841,5.127720356,1.328463912,-0.679465353,-0.001441861,0.000000000,0.000000000,0.000000000,0.000000000,0.000000000,0.000000000,0.000000000,0.000000000,0.000000000,0.000000000,0.000000000,0.000000000,0.000000000,0.000000000,0.000000000,0.000000000,0.000000000,0.000000000,-0.024647893,0.029003143,0.056455135,0.041445374,0.011883795,0.008491421,-0.027351037,0.028005199,0.004530640,-0.016861551,0.014979700,0.008656721
0.499580383,0.214952469,0.043910027,0.619929314,1.794592857,0.283982277,0.175452232,-0.004699707,0.013122559,0.016784668,-0.008728027,0.067977905,0.037765503,0.215335846,0.044293404,0.619929314,1.794592857,0.283982277,0.175452232,0.000004941,-6.110943794,5.127720833,1.328464746,-0.679465175,-0.001441011,0.028793335,-6.102081299,5.178468704,1.380285263,-0.668863297,-0.002349854,0.000004941,-6.110943794,5.127720833,1.328464746,-0.679465175,-0.001441011,0.000000000,0.000000000,0.000000000,0.000000000,0.000000000,0.000000000,0.000000000,0.000000000,0.000000000,0.000000000,0.000000000,0.000000000,0.000000000,0.000000000,0.000000000,0.000000000,0.000000000,0.000000000,0.028788394,0.008862495,0.050747871,0.051820517,0.010601878,-0.000908843,0.025573774,0.007710345,-0.001153553,-0.006359224,0.013429199,-0.000728964
0.509578705,0.215335846,0.044293404,0.619929314,1.794592857,0.283982277,0.175068855,0.183292389,0.035705566,0.085266113,0.059753418,0.065963745,0.043807983,0.214952469,0.043910027,0.619929314,1.794592857,0.283982277,0.175068855,0.000004951,-6.107001781,5.129709721,1.328096747,-0.679197371,-0.001441035,-0.057329178,-6.182647705,5.149934769,1.396369934,-0.682962418,0.003631592,0.000004951,-6.107001781,5.129709721,1.328096747,-0.679197371,-0.001441035,0.000000000,0.000000000,0.000000000,0.000000000,0.000000000,0.000000000,0.000000000,0.000000000,0.000000000,0.000000000,0.000000000,0.000000000,0.000000000,0.000000000,0.000000000,0.000000000,0.000000000,0.000000000,-0.057334129,-0.075645924,0.020225048,0.068273187,-0.003765047,0.005072627,-0.059384349,-0.075321188,-0.031067215,0.009899341,-0.000919693,0.005151496
0.519615173,0.214952469,0.043910027,0.619545937,1.794592857,0.283982277,0.175452232,0.075866699,-0.041810989,-0.059753418,-0.003356934,0.042800903,0.025680542,0.215335846,0.043910027,0.619929314,1.794592857,0.283982277,0.175452232,0.000004944,-6.107002735,5.129710674,1.328097582,-0.679197192,-0.001440185,-0.056810379,-6.155181885,5.167055130,1.373022079,-0.679971695,-0.004913330,0.000004944,-6.107002735,5.129710674,1.328097582,-0.679197192,-0.001440185,0.000000000,0.000000000,0.000000000,0.000000000,0.000000000,0.000000000,0.000000000,0.000000000,0.000000000,0.000000000,0.000000000,0.000000000,0.000000000,0.000000000,0.000000000,0.000000000,0.000000000,0.000000000,-0.056815323,-0.048179150,0.037344456,0.044924498,-0.000774503,-0.003473145,-0.057754873,-0.046951501,-0.013684642,-0.013195587,0.002031778,-0.003330233
0.529837132,0.214952469,0.044293404,0.619929314,1.794592857,0.283982277,0.175452232,-0.176578522,0.003356934,-0.035583496,0.011413574,-0.008560181,-0.004531860,0.214952469,0.044293404,0.619929314,1.794592857,0.283982277,0.175068855,0.000004948,-6.110942841,5.127720356,1.328463912,-0.679465353,-0.001441861,0.005447388,-6.076446533,5.136445999,1.372503281,-0.664163589,0.003204346,0.000004948,-6.110942841,5.127720356,1.328463912,-0.679465353,-0.001441861,0.000000000,0.000000000,0.000000000,0.000000000,0.000000000,0.000000000,0.000000000,0.000000000,0.000000000,0.000000000,0.000000000,0.000000000,0.000000000,0.000000000,0.000000000,0.000000000,0.000000000,0.000000000,0.005442439,0.034496307,0.008725643,0.044039369,0.015301764,0.004646207,0.004419503,0.035062401,-0.041520057,-0.013819962,0.017772711,0.004700432
0.539941072,0.214952469,0.044293404,0.619929314,1.794592857,0.283982277,0.175068855,-0.049011230,-0.040590286,-0.083923340,0.075866699,-0.027694702,-0.021652222,0.214952469,0.043910027,0.619545937,1.794592857,0.283982277,0.175452232,0.000004952,-6.104902744,5.127720833,1.328464746,-0.679465175,-0.001441011,-0.013229370,-6.118560791,5.175355911,1.399482727,-0.694926262,0.003204346,0.000004952,-6.104902744,5.127720833,1.328464746,-0.679465175,-0.001441011,0.000000000,0.000000000,0.000000000,0.000000000,0.000000000,0.000000000,0.000000000,0.000000000,0.000000000,0.000000000,0.000000000,0.000000000,0.000000000,0.000000000,0.000000000,0.000000000,0.000000000,0.000000000,-0.013234322,-0.013658047,0.047635078,0.071017981,-0.015461087,0.004645357,-0.013998036,-0.012853917,-0.002563156,0.012919402,-0.012753956,0.004614135
0.549665928,0.214952469,0.043910027,0.619929314,1.794592857,0.283982277,0.175452232,0.054382324,-0.008239746,-0.038269043,-0.006042480,-0.040786743,-0.011581421,0.214952469,0.044293404,0.619929314,1.794592857,0.283982277,0.175452232,0.000004948,-6.110943794,5.127720833,1.328464746,-0.679465175,-0.001441011,0.028274536,-6.140533447,5.195070267,1.409858704,-0.705607414,-0.020294189,0.000004948,-6.110943794,5.127720833,1.328464746,-0.679465175,-0.001441011,0.000000000,0.000000000,0.000000000,0.000000000,0.000000000,0.000000000,0.000000000,0.000000000,0.000000000,0.000000000,0.000000000,0.000000000,0.000000000,0.000000000,0.000000000,0.000000000,0.000000000,0.000000000,0.028269588,-0.029589653,0.067349434,0.081393957,-0.026142240,-0.018853179,0.027014698,-0.028271496,0.016844928,0.022879390,-0.023016624,-0.018547179
0.559612989,0.214952469,0.044293404,0.619929314,1.794592857,0.283982277,0.175068855,0.155090332,0.083925247,0.026184082,0.110778809,-0.019638062,0.019638062,0.214952469,0.043910027,0.619929314,1.794592857,0.283982277,0.175068855,0.000004951,-6.107001781,5.129709721,1.328096747,-0.679197371,-0.001441035,0.023605347,-6.125885010,5.173280716,1.364202499,-0.682107925,0.010040283,0.000004951,-6.107001781,5.129709721,1.328096747,-0.679197371,-0.001441035,0.000000000,0.000000000,0.000000000,0.000000000,0.000000000,0.000000000,0.000000000,0.000000000,0.000000000,0.000000000,0.000000000,0.000000000,0.000000000,0.000000000,0.000000000,0.000000000,0.000000000,0.000000000,0.023600396,-0.018883228,0.043570995,0.036105752,-0.002910554,0.011481318,0.021953479,-0.017256912,-0.006811870,-0.022015678,0.000211288,0.011580523
0.569611073,0.214952469,0.043910027,0.619929314,1.794592857,0.283982277,0.175068855,0.019470215,-0.068056107,-0.039611816,-0.081237793,-0.000503540,0.006546021,0.214952469,0.043910027,0.619929314,1.794592857,0.283982277,0.175068855,0.000004951,-6.107001781,5.129709721,1.328096747,-0.679197371,-0.001441035,0.004928589,-6.103912354,5.184175491,1.370428085,-0.694071770,-0.010040283,0.000004951,-6.107001781,5.129709721,1.328096747,-0.679197371,-0.001441035,0.000000000,0.000000000,0.000000000,0.000000000,0.000000000,0.000000000,0.000000000,0.000000000,0.000000000,0.000000000,0.000000000,0.000000000,0.000000000,0.000000000,0.000000000,0.000000000,0.000000000,0.000000000,0.004923638,0.003089428,0.054465771,0.042331338,-0.014874399,-0.008599248,0.003220226,0.004634438,0.004012511,-0.015517849,-0.011549926,-0.008353491
0.579764128,0.214952469,0.043910027,0.619545937,1.794592857,0.283982277,0.175068855,-0.026184082,-0.014953613,-0.026184082,-0.098697662,-0.051864624,0.025680542,0.215335846,0.043910027,0.619929314,1.794592857,0.283982277,0.175068855,0.000004944,-6.107001781,5.129709721,1.328096747,-0.679197371,-0.001441035,-0.024642944,-6.109405518,5.178468704,1.369390488,-0.670145035,-0.004913330,0.000004944,-6.107001781,5.129709721,1.328096747,-0.679197371,-0.001441035,0.000000000,0.000000000,0.000000000,0.000000000,0.000000000,0.000000000,0.000000000,0.000000000,0.000000000,0.000000000,0.000000000,0.000000000,0.000000000,0.000000000,0.000000000,0.000000000,0.000000000,0.000000000,-0.024647888,-0.002403736,0.048758984,0.041293740,0.009052336,-0.003472295,-0.025904668,-0.000844171,-0.001665560,-0.016274846,0.012167032,-0.003171851
0.589676380,0.214952469,0.043910027,0.619545937,1.794592857,0.283982277,0.175452232,0.007385254,0.038146973,-0.042297363,0.109436035,-0.069995880,0.040786743,0.214952469,0.043910027,0.619545937,1.794592857,0.283982277,0.175452232,0.000004952,-6.104902744,5.127720833,1.328464746,-0.679465175,-0.001441011,-0.003372192,-6.144195557,5.214265823,1.374578476,-0.668863297,-0.055756569,0.000004952,-6.104902744,5.127720833,1.328464746,-0.679465175,-0.001441011,0.000000000,0.000000000,0.000000000,0.000000000,0.000000000,0.000000000,0.000000000,0.000000000,0.000000000,0.000000000,0.000000000,0.000000000,0.000000000,0.000000000,0.000000000,0.000000000,0.000000000,0.000000000,-0.003377144,-0.039292812,0.086544991,0.046113729,0.010601878,-0.054315558,-0.004556692,-0.037104360,0.035518440,-0.011263943,0.013487965,-0.053114862
0.599664450,0.214952469,0.044293404,0.619929314,1.794592857,0.283982277,0.175452232,0.040954590,-0.027160645,-0.082580566,0.018127441,-0.009567261,0.069992065,0.214952469,0.044293404,0.619929314,1.794592857,0.283982277,0.175068855,0.000004948,-6.110942841,5.127720356,1.328463912,-0.679465353,-0.001441861,0.013748169,-6.050811768,5.170167923,1.388586044,-0.648355484,0.007904053,0.000004948,-6.110942841,5.127720356,1.328463912,-0.679465353,-0.001441861,0.000000000,0.000000000,0.000000000,0.000000000,0.000000000,0.000000000,0.000000000,0.000000000,0.000000000,0.000000000,0.000000000,0.000000000,0.000000000,0.000000000,0.000000000,0.000000000,0.000000000,0.000000000,0.013743220,0.060131073,0.042447567,0.060122132,0.031109869,0.009345914,0.012357711,0.061297894,-0.008438345,0.002699469,0.033438645,0.010373714
0.609611034,0.215335846,0.043910027,0.619545937,1.794592857,0.283982277,0.175452232,0.070495605,0.074768066,-0.067810059,0.046325684,0.035751343,0.032730103,0.215335846,0.043910027,0.619929314,1.794592857,0.283982277,0.175452232,0.000004944,-6.107002735,5.129710674,1.328097582,-0.679197192,-0.001440185,-0.002853394,-6.114898682,5.188844681,1.390142441,-0.677835464,0.010467529,0.000004944,-6.107002735,5.129710674,1.328097582,-0.679197192,-0.001440185,0.000000000,0.000000000,0.000000000,0.000000000,0.000000000,0.000000000,0.000000000,0.000000000,0.000000000,0.000000000,0.000000000,0.000000000,0.000000000,0.000000000,0.000000000,0.000000000,0.000000000,0.000000000,-0.002858337,-0.007895947,0.059134007,0.062044859,0.001361728,0.011907714,-0.004175397,-0.006620592,0.008115061,0.004547644,0.003630979,0.012726877
0.619611740,0.214952469,0.043910027,0.619545937,1.794592857,0.283982277,0.175068855,-0.006042480,0.048522949,-0.022155762,-0.027526855,0.026687622,0.014602661,0.214952469,0.043910027,0.619929314,1.794592857,0.283982277,0.175452232,0.000004951,-6.107002735,5.129710674,1.328097582,-0.679197192,-0.001440185,0.010635376,-6.076446533,5.164461136,1.372503281,-0.685099602,-0.013031006,0.000004951,-6.107002735,5.129710674,1.328097582,-0.679197192,-0.001440185,0.000000000,0.000000000,0.000000000,0.000000000,0.000000000,0.000000000,0.000000000,0.000000000,0.000000000,0.000000000,0.000000000,0.000000000,0.000000000,0.000000000,0.000000000,0.000000000,0.000000000,0.000000000,0.010630425,0.030556202,0.034750462,0.044405699,-0.005902410,-0.011590821,0.009165534,0.031326294,-0.016010254,-0.012883714,-0.003575489,-0.010600679
0.629645109,0.214952469,0.044293404,0.619929314,1.794592857,0.283982277,0.175452232,0.149719238,0.022888184,0.002014160,0.000671387,-0.003524780,0.032730103,0.214952469,0.044293404,0.619929314,1.794592857,0.283982277,0.175452232,0.000004948,-6.110943794,5.127720833,1.328464746,-0.679465175,-0.001441011,0.019973755,-6.103912354,5.180025101,1.356420517,-0.665872574,0.003204346,0.000004948,-6.110943794,5.127720833,1.328464746,-0.679465175,-0.001441011,0.000000000,0.000000000,0.000000000,0.000000000,0.000000000,0.000000000,0.000000000,0.000000000,0.000000000,0.000000000,0.000000000,0.000000000,0.000000000,0.000000000,0.000000000,0.000000000,0.000000000,0.000000000,0.019968806,0.007031441,0.052304268,0.027955770,0.013592601,0.004645357,0.018214791,0.007679634,0.001519434,-0.028875304,0.015670779,0.005547444
0.639675617,0.214952469,0.043910027,0.619929314,1.794592857,0.283982277,0.175068855,-0.180606842,-0.024719238,0.008728027,-0.002014160,-0.023666382,0.008560181,0.214952469,0.043910027,0.619545937,1.794592857,0.283982277,0.175068855,0.000004952,-6.104901791,5.127720356,1.328463912,-0.679465353,-0.001441861,-0.003890991,-6.102081299,5.180543900,1.375097275,-0.683389664,0.010894775,0.000004952,-6.104901791,5.127720356,1.328463912,-0.679465353,-0.001441861,0.000000000,0.000000000,0.000000000,0.000000000,0.000000000,0.000000000,0.000000000,0.000000000,0.000000000,0.000000000,0.000000000,0.000000000,0.000000000,0.000000000,0.000000000,0.000000000,0.000000000,0.000000000,-0.003895943,0.002820492,0.052823544,0.046633363,-0.003924310,0.012336636,-0.005563036,0.003415320,0.002007345,-0.010040824,-0.001817730,0.013035051
0.649676800,0.214952469,0.044293404,0.619929314,1.794592857,0.283982277,0.175452232,-0.022155762,-0.011291504,0.116149902,0.027526855,-0.017623901,0.008560181,0.214952469,0.044293404,0.619929314,1.794592857,0.283982277,0.175068855,0.000004948,-6.110942841,5.127720356,1.328463912,-0.679465353,-0.001441861,0.002853394,-6.107574463,5.189882278,1.383916855,-0.682535172,-0.011322021,0.000004948,-6.110942841,5.127720356,1.328463912,-0.679465353,-0.001441861,0.000000000,0.000000000,0.000000000,0.000000000,0.000000000,0.000000000,0.000000000,0.000000000,0.000000000,0.000000000,0.000000000,0.000000000,0.000000000,0.000000000,0.000000000,0.000000000,0.000000000,0.000000000,0.002848445,0.003368378,0.062161922,0.055452943,-0.003069818,-0.009880161,0.001163453,0.003903158,0.011173819,-0.001202740,-0.000948643,-0.009042629
0.659650087,0.214952469,0.044293404,0.619929314,1.794592857,0.283982277,0.175452232,-0.038269043,0.039367676,0.027526855,-0.028869629,-0.045822144,0.043807983,0.214952469,0.043910027,0.619545937,1.794592857,0.283982277,0.175068855,0.000004952,-6.104901791,5.127720356,1.328463912,-0.679465353,-0.001441861,-0.020492554,-6.111236572,5.209596634,1.397407532,-0.668436050,-0.022857666,0.000004952,-6.104901791,5.127720356,1.328463912,-0.679465353,-0.001441861,0.000000000,0.000000000,0.000000000,0.000000000,0.000000000,0.000000000,0.000000000,0.000000000,0.000000000,0.000000000,0.000000000,0.000000000,0.000000000,0.000000000,0.000000000,0.000000000,0.000000000,0.000000000,-0.020497506,-0.006334782,0.081876278,0.068943620,0.011029303,-0.021415805,-0.021851416,-0.005713434,0.030427157,0.012104534,0.012954202,-0.020271135
0.669610977,0.214952469,0.043910027,0.619929314,1.794592857,0.283982277,0.175452232,-0.050354004,-0.043642044,-0.018127441,-0.137638092,0.038772583,-0.018630981,0.215335846,0.044293404,0.619929314,1.794592857,0.283982277,0.175452232,0.000004941,-6.110943794,5.127720833,1.328464746,-0.679465175,-0.001441011,-0.000778198,-6.120391846,5.179506302,1.379766464,-0.679544449,-0.001495361,0.000004941,-6.110943794,5.127720833,1.328464746,-0.679465175,-0.001441011,0.000000000,0.000000000,0.000000000,0.000000000,0.000000000,0.000000000,0.000000000,0.000000000,0.000000000,0.000000000,0.000000000,0.000000000,0.000000000,0.000000000,0.000000000,0.000000000,0.000000000,0.000000000,-0.000783140,-0.009448051,0.051785469,0.051301718,-0.000079274,-0.000054350,-0.002105622,-0.008696900,0.000331402,-0.005455936,0.001818483,0.001074286
0.679614544,0.214952469,0.043910027,0.619929314,1.794592857,0.283982277,0.175452232,0.008728027,-0.032043457,0.039611816,-0.028869629,-0.036758423,0.005538940,0.215335846,0.043910027,0.619545937,1.794209480,0.283982277,0.175452232,0.000004945,-6.105251312,5.128051281,1.328831792,-0.679733038,-0.001441837,-0.027755737,-6.135040283,5.180543900,1.373540878,-0.695780754,-0.001495361,0.000004945,-6.105251312,5.128051281,1.328831792,-0.679733038,-0.001441837,0.000000000,0.000000000,0.000000000,0.000000000,0.000000000,0.000000000,0.000000000,0.000000000,0.000000000,0.000000000,0.000000000,0.000000000,0.000000000,0.000000000,0.000000000,0.000000000,0.000000000,0.000000000,-0.027760682,-0.029788971,0.052492619,0.044709086,-0.016047716,-0.000053525,-0.028661670,-0.028616981,0.001023500,-0.011873950,-0.013944887,0.001059530
0.689595461,0.215335846,0.044293404,0.619929314,1.794592857,0.283982277,0.175452232,0.098693848,0.067443848,-0.159122467,-0.148380280,0.016616821,0.010574341,0.215335846,0.044293404,0.619929314,1.794592857,0.283982277,0.175452232,0.000004941,-6.110943794,5.127720833,1.328464746,-0.679465175,-0.001441011,-0.004409790,-6.098419189,5.156160355,1.379766464,-0.694071770,-0.001068115,0.000004941,-6.110943794,5.127720833,1.328464746,-0.679465175,-0.001441011,0.000000000,0.000000000,0.000000000,0.000000000,0.000000000,0.000000000,0.000000000,0.000000000,0.000000000,0.000000000,0.000000000,0.000000000,0.000000000,0.000000000,0.000000000,0.000000000,0.000000000,0.000000000,-0.004414731,0.012524605,0.028439522,0.051301718,-0.014606595,0.000372896,-0.005239780,0.013500929,-0.022700603,-0.005205871,-0.012325140,0.001464723
0.699674368,0.215335846,0.044293404,0.619929314,1.794592857,0.283982277,0.175452232,0.136291504,0.060729980,-0.031555176,0.015441895,0.003524780,-0.000503540,0.214952469,0.044293404,0.619929314,1.794592857,0.283982277,0.175452232,0.000004948,-6.110943794,5.127720833,1.328464746,-0.679465175,-0.001441011,-0.000778198,-6.114898682,5.183137894,1.410377502,-0.646219254,0.006195068,0.000004948,-6.110943794,5.127720833,1.328464746,-0.679465175,-0.001441011,0.000000000,0.000000000,0.000000000,0.000000000,0.000000000,0.000000000,0.000000000,0.000000000,0.000000000,0.000000000,0.000000000,0.000000000,0.000000000,0.000000000,0.000000000,0.000000000,0.000000000,0.000000000,-0.000783147,-0.003954887,0.055417061,0.081912756,0.033245921,0.007636079,-0.001585545,-0.002936612,0.004216698,0.025047348,0.035026990,0.008604978
0.709611654,0.214952469,0.043910027,0.619545937,1.794592857,0.283982277,0.175452232,0.022155762,-0.007629395,-0.141666412,0.102722168,-0.005538940,0.032730103,0.215335846,0.044293404,0.619929314,1.794592857,0.283982277,0.175452232,0.000004941,-6.110943794,5.127720833,1.328464746,-0.679465175,-0.001441011,-0.026718140,-6.065460205,5.183656693,1.385992050,-0.688517570,0.010894775,0.000004941,-6.110943794,5.127720833,1.328464746,-0.679465175,-0.001441011,0.000000000,0.000000000,0.000000000,0.000000000,0.000000000,0.000000000,0.000000000,0.000000000,0.000000000,0.000000000,0.000000000,0.000000000,0.000000000,0.000000000,0.000000000,0.000000000,0.000000000,0.000000000,-0.026723081,0.045483589,0.055935860,0.057527304,-0.009052396,0.012335786,-0.027143181,0.045856006,0.004669726,0.000652702,-0.007170336,0.013119898
0.719646692,0.214952469,0.043910027,0.619929314,1.794592857,0.283598900,0.175452232,-0.061096191,0.026550293,-0.126895905,0.007385254,-0.033737183,0.011581421,0.214952469,0.044293404,0.619545937,1.794592857,0.283982277,0.175452232,0.000004950,-6.108842373,5.125730515,1.328831792,-0.679733038,-0.001441837,-0.011672974,-6.118560791,5.176912308,1.383916855,-0.674844742,0.011322021,0.000004950,-6.108842373,5.125730515,1.328831792,-0.679733038,-0.001441837,0.000000000,0.000000000,0.000000000,0.000000000,0.000000000,0.000000000,0.000000000,0.000000000,0.000000000,0.000000000,0.000000000,0.000000000,0.000000000,0.000000000,0.000000000,0.000000000,0.000000000,0.000000000,-0.011677923,-0.009718418,0.051181793,0.055085063,0.004888296,0.012763858,-0.011932297,-0.009217974,-0.000083185,-0.001765024,0.006677611,0.013362381
0.729612589,0.215335846,0.043910027,0.619929314,1.794592857,0.283982277,0.175452232,0.082580566,-0.008850098,0.003356934,-0.023498535,0.068984985,-0.028701782,0.214952469,0.044293404,0.619929314,1.794592857,0.283982277,0.175452232,0.000004948,-6.110943794,5.127720833,1.328464746,-0.679465175,-0.001441011,0.025680542,-6.061798096,5.191438675,1.388586044,-0.668436050,0.021575928,0.000004948,-6.110943794,5.127720833,1.328464746,-0.679465175,-0.001441011,0.000000000,0.000000000,0.000000000,0.000000000,0.000000000,0.000000000,0.000000000,0.000000000,0.000000000,0.000000000,0.000000000,0.000000000,0.000000000,0.000000000,0.000000000,0.000000000,0.000000000,0.000000000,0.025675594,0.049145699,0.063717842,0.060121298,0.011029124,0.023016939,0.025077690,0.048975249,0.012284582,0.003227005,0.012645217,0.023296334
0.739588737,0.215335846,0.043910027,0.619929314,1.794592857,0.283982277,0.175452232,0.079895020,-0.035705566,0.047668457,0.053039551,0.008560181,0.022659302,0.214952469,0.044293404,0.619929314,1.794592857,0.283982277,0.175068855,0.000004948,-6.110942841,5.127720356,1.328463912,-0.679465353,-0.001441861,0.014785767,-6.111236572,5.175874710,1.392736435,-0.679971695,-0.041230202,0.000004948,-6.110942841,5.127720356,1.328463912,-0.679465353,-0.001441861,0.000000000,0.000000000,0.000000000,0.000000000,0.000000000,0.000000000,0.000000000,0.000000000,0.000000000,0.000000000,0.000000000,0.000000000,0.000000000,0.000000000,0.000000000,0.000000000,0.000000000,0.000000000,0.014780818,-0.000293732,0.048154354,0.064272523,-0.000506341,-0.039788341,0.013993809,-0.000457993,-0.003235188,0.007279854,0.001094955,-0.038982160
0.749622583,0.215335846,0.044293404,0.619929314,1.794592857,0.283982277,0.175452232,-0.019470215,0.005187988,0.008728027,0.019470215,0.003524780,0.025680542,0.214952469,0.043910027,0.619929314,1.794592857,0.283982277,0.175452232,0.000004951,-6.107002735,5.129710674,1.328097582,-0.679197192,-0.001440185,0.022048950,-6.061798096,5.168611526,1.392736435,-0.680398941,0.004486084,0.000004951,-6.107002735,5.129710674,1.328097582,-0.679197192,-0.001440185,0.000000000,0.000000000,0.000000000,0.000000000,0.000000000,0.000000000,0.000000000,0.000000000,0.000000000,0.000000000,0.000000000,0.000000000,0.000000000,0.000000000,0.000000000,0.000000000,0.000000000,0.000000000,0.022043999,0.045204639,0.038900852,0.064638853,-0.001201749,0.005926269,0.020977293,0.044447742,-0.012324365,0.007545576,0.000394290,0.006643865
0.759579182,0.214952469,0.043910027,0.619929314,1.794592857,0.283982277,0.175452232,0.004699707,0.062561035,0.078552246,0.000671387,-0.023666382,-0.002517700,0.215335846,0.044293404,0.619545937,1.794592857,0.283982277,0.175452232,0.000004943,-6.108842373,5.125730515,1.328831792,-0.679733038,-0.001441837,0.010116577,-6.129547119,5.170686722,1.390142441,-0.658609390,-0.009185791,0.000004943,-6.108842373,5.125730515,1.328831792,-0.679733038,-0.001441837,0.000000000,0.000000000,0.000000000,0.000000000,0.000000000,0.000000000,0.000000000,0.000000000,0.000000000,0.000000000,0.000000000,0.000000000,0.000000000,0.000000000,0.000000000,0.000000000,0.000000000,0.000000000,0.010111635,-0.020704746,0.044956207,0.061310649,0.021123648,-0.007743954,0.008927462,-0.021182921,-0.006187594,0.004162601,0.022424626,-0.006935107
0.769659042,0.215335846,0.044293404,0.619929314,1.794592857,0.283982277,0.175452232,-0.034240723,0.048522949,0.026184082,0.087951660,0.029708862,0.005538940,0.214952469,0.044293404,0.619929314,1.794592857,0.283982277,0.175068855,0.000004948,-6.110942841,5.127720356,1.328463912,-0.679465353,-0.001441861,-0.005447388,-6.160675049,5.159791946,1.417121887,-0.680398941,-0.025848389,0.000004948,-6.110942841,5.127720356,1.328463912,-0.679465353,-0.001441861,0.000000000,0.000000000,0.000000000,0.000000000,0.000000000,0.000000000,0.000000000,0.000000000,0.000000000,0.000000000,0.000000000,0.000000000,0.000000000,0.000000000,0.000000000,0.000000000,0.000000000,0.000000000,-0.005452336,-0.049732208,0.032071590,0.088657975,-0.000933588,-0.024406528,-0.006551425,-0.049566660,-0.018827695,0.031105954,0.000362681,-0.023295146
0.779608727,0.214952469,0.043910027,0.619929314,1.794592857,0.283982277,0.175452232,0.002014160,0.022277832,0.067810059,0.153747559,0.021652222,0.039779663,0.215335846,0.044293404,0.619929314,1.794592857,0.283982277,0.175452232,0.000004941,-6.110943794,5.127720833,1.328464746,-0.679465175,-0.001441011,0.008560181,-6.054473877,5.182100296,1.377172470,-0.672281265,0.005767822,0.000004941,-6.110943794,5.127720833,1.328464746,-0.679465175,-0.001441011,0.000000000,0.000000000,0.000000000,0.000000000,0.000000000,0.000000000,0.000000000,0.000000000,0.000000000,0.000000000,0.000000000,0.000000000,0.000000000,0.000000000,0.000000000,0.000000000,0.000000000,0.000000000,0.008555239,0.056469917,0.054379463,0.048707724,0.007183909,0.007208833,0.007361768,0.055918561,0.003436125,-0.008732345,0.008372833,0.008214896
0.789671898,0.215335846,0.043910027,0.619929314,1.794592857,0.283982277,0.175068855,0.057067871,0.002746582,0.091979980,-0.036926270,0.008560181,-0.008560181,0.214952469,0.044293404,0.619929314,1.794592857,0.283982277,0.175452232,0.000004948,-6.110943794,5.127720833,1.328464746,-0.679465175,-0.001441011,0.017898560,-6.111236572,5.168092728,1.366796494,-0.673135757,-0.009185791,0.000004948,-6.110943794,5.127720833,1.328464746,-0.679465175,-0.001441011,0.000000000,0.000000000,0.000000000,0.000000000,0.000000000,0.000000000,0.000000000,0.000000000,0.000000000,0.000000000,0.000000000,0.000000000,0.000000000,0.000000000,0.000000000,0.000000000,0.000000000,0.000000000,0.017893611,-0.000292778,0.040371895,0.038331747,0.006329417,-0.007744780,0.016491388,-0.000833583,-0.010439301,-0.018869467,0.007424362,-0.006654484
0.799592733,0.215335846,0.043910027,0.619929314,1.794592857,0.283982277,0.175452232,-0.071838379,-0.071718216,0.010070801,-0.046325684,-0.028701782,0.014602661,0.215335846,0.043910027,0.619929314,1.794592857,0.283598900,0.175452232,0.000004944,-6.106748104,5.129469395,1.327829599,-0.679273248,-0.001440383,-0.016860962,-6.118560791,5.173799515,1.392217636,-0.696208000,0.002777100,0.000004944,-6.106748104,5.129469395,1.327829599,-0.679273248,-0.001440383,0.000000000,0.000000000,0.000000000,0.000000000,0.000000000,0.000000000,0.000000000,0.000000000,0.000000000,0.000000000,0.000000000,0.000000000,0.000000000,0.000000000,0.000000000,0.000000000,0.000000000,0.000000000,-0.016865906,-0.011812687,0.044330120,0.064388037,-0.016934752,0.004217483,-0.018042596,-0.012200980,-0.006401062,0.007098096,-0.015644255,0.005242252
0.809657335,0.215335846,0.044293404,0.619929314,1.794592857,0.283598900,0.175452232,0.063781738,0.027770996,-0.016784668,-0.024841309,-0.082080841,0.038772583,0.215335846,0.043910027,0.619929314,1.794592857,0.283982277,0.175452232,0.000004944,-6.107002735,5.129710674,1.328097582,-0.679197192,-0.001440185,0.023605347,-6.056304932,5.195589066,1.390661240,-0.664163589,-0.014739990,0.000004944,-6.107002735,5.129710674,1.328097582,-0.679197192,-0.001440185,0.000000000,0.000000000,0.000000000,0.000000000,0.000000000,0.000000000,0.000000000,0.000000000,0.000000000,0.000000000,0.000000000,0.000000000,0.000000000,0.000000000,0.000000000,0.000000000,0.000000000,0.000000000,0.023600403,0.050697803,0.065878391,0.062563658,0.015033603,-0.013299805,0.022150253,0.049695980,0.014962487,0.005209404,0.016125026,-0.012125341
0.819555998,0.214952469,0.044293404,0.619929314,1.794592857,0.283982277,0.175452232,-0.125553131,-0.094911575,-0.059753418,0.073181152,0.052871704,0.017623901,0.214952469,0.044293404,0.619929314,1.794592857,0.283982277,0.175452232,0.000004948,-6.110943794,5.127720833,1.328464746,-0.679465175,-0.001441011,-0.010635376,-6.096588135,5.156160355,1.385473251,-0.668436050,0.002349854,0.000004948,-6.110943794,5.127720833,1.328464746,-0.679465175,-0.001441011,0.000000000,0.000000000,0.000000000,0.000000000,0.000000000,0.000000000,0.000000000,0.000000000,0.000000000,0.000000000,0.000000000,0.000000000,0.000000000,0.000000000,0.000000000,0.000000000,0.000000000,0.000000000,-0.010640324,0.014355659,0.028439522,0.057008505,0.011029124,0.003790864,-0.011944806,0.013192947,-0.022205583,-0.000341583,0.011974517,0.004905505
0.829809189,0.214952469,0.044293404,0.619929314,1.794592857,0.283982277,0.175452232,-0.198062897,-0.006408691,0.147033691,0.003356934,-0.014602661,0.034744263,0.214952469,0.043910027,0.619929314,1.794592857,0.283982277,0.175452232,0.000004951,-6.107002735,5.129710674,1.328097582,-0.679197192,-0.001440185,0.003372192,-6.096588135,5.170686722,1.373540878,-0.678689957,-0.006622314,0.000004951,-6.107002735,5.129710674,1.328097582,-0.679197192,-0.001440185,0.000000000,0.000000000,0.000000000,0.000000000,0.000000000,0.000000000,0.000000000,0.000000000,0.000000000,0.000000000,0.000000000,0.000000000,0.000000000,0.000000000,0.000000000,0.000000000,0.000000000,0.000000000,0.003367242,0.010414600,0.040976048,0.045443296,0.000507236,-0.005182130,0.002038203,0.009141746,-0.009553949,-0.011765044,0.001435335,-0.004019066
0.839823484,0.215335846,0.044293404,0.619929314,1.794592857,0.283982277,0.175452232,0.039611816,-0.007019043,0.046325684,0.110778809,0.025680542,0.009567261,0.214952469,0.043910027,0.619929314,1.794592857,0.283598900,0.175452232,0.000004951,-6.106748104,5.129469395,1.327829599,-0.679273248,-0.001440383,0.076005936,-6.087432861,5.209077835,1.452400208,-0.667581558,-0.010040283,0.000004951,-6.106748104,5.129469395,1.327829599,-0.679273248,-0.001440383,0.000000000,0.000000000,0.000000000,0.000000000,0.000000000,0.000000000,0.000000000,0.000000000,0.000000000,0.000000000,0.000000000,0.000000000,0.000000000,0.000000000,0.000000000,0.000000000,0.000000000,0.000000000,0.076000984,0.019315243,0.079608440,0.124570608,0.011691689,-0.008599900,0.073793452,0.017830125,0.028736345,0.066569770,0.012471321,-0.007349344
0.849634409,0.214952469,0.044293404,0.619929314,1.794592857,0.283982277,0.175452232,-0.118839264,-0.030822754,0.046325684,-0.069152832,-0.016616821,-0.004531860,0.214952469,0.044293404,0.619929314,1.794592857,0.283982277,0.175452232,0.000004948,-6.110943794,5.127720833,1.328464746,-0.679465175,-0.001441011,-0.063035965,-6.069122314,5.171724319,1.375616074,-0.685526848,-0.005340576,0.000004948,-6.110943794,5.127720833,1.328464746,-0.679465175,-0.001441011,0.000000000,0.000000000,0.000000000,0.000000000,0.000000000,0.000000000,0.000000000,0.000000000,0.000000000,0.000000000,0.000000000,0.000000000,0.000000000,0.000000000,0.000000000,0.000000000,0.000000000,0.000000000,-0.063040913,0.041821480,0.044003487,0.047151327,-0.006061673,-0.003899565,-0.064489743,0.039867335,-0.006788742,-0.010723354,-0.005220623,-0.002618207
0.859650373,0.214952469,0.044293404,0.619929314,1.794592857,0.283982277,0.175452232,-0.057067871,0.038757324,-0.023498535,0.010070801,0.059921265,-0.067981720,0.214952469,0.043910027,0.619929314,1.794592857,0.283982277,0.175452232,0.000004951,-6.107002735,5.129710674,1.328097582,-0.679197192,-0.001440185,-0.027236938,-6.107574463,5.198183060,1.379247665,-0.677835464,-0.004913330,0.000004951,-6.107002735,5.129710674,1.328097582,-0.679197192,-0.001440185,0.000000000,0.000000000,0.000000000,0.000000000,0.000000000,0.000000000,0.000000000,0.000000000,0.000000000,0.000000000,0.000000000,0.000000000,0.000000000,0.000000000,0.000000000,0.000000000,0.000000000,0.000000000,-0.027241889,-0.000571728,0.068472385,0.051150084,0.001361728,-0.003473145,-0.028360940,-0.002496840,0.017476937,-0.006647303,0.002177459,-0.002166594
0.869609356,0.214952469,0.043910027,0.619929314,1.794592857,0.283982277,0.175068855,-0.089298248,-0.043031693,-0.090641022,-0.024841309,0.021652222,-0.022659302,0.214952469,0.044293404,0.619929314,1.794592857,0.283982277,0.175068855,0.000004948,-6.110942841,5.127720356,1.328463912,-0.679465353,-0.001441861,0.004409790,-6.091094971,5.163942337,1.379766464,-0.675271988,0.008331299,0.000004948,-6.110942841,5.127720356,1.328463912,-0.679465353,-0.001441861,0.000000000,0.000000000,0.000000000,0.000000000,0.000000000,0.000000000,0.000000000,0.000000000,0.000000000,0.000000000,0.000000000,0.000000000,0.000000000,0.000000000,0.000000000,0.000000000,0.000000000,0.000000000,0.004404842,0.019847870,0.036221981,0.051302552,0.004193366,0.009773160,0.003248452,0.017719090,-0.014605587,-0.006421030,0.004952175,0.010953805
0.879611015,0.214952469,0.044293404,0.619929314,1.794592857,0.283982277,0.175452232,-0.090641022,0.026550293,-0.024841309,0.024841309,-0.033737183,0.057907104,0.215335846,0.043910027,0.619929314,1.794592857,0.283982277,0.175452232,0.000004944,-6.107002735,5.129710674,1.328097582,-0.679197192,-0.001440185,0.008041382,-6.144195557,5.177431107,1.386510849,-0.672708511,-0.000640869,0.000004944,-6.107002735,5.129710674,1.328097582,-0.679197192,-0.001440185,0.000000000,0.000000000,0.000000000,0.000000000,0.000000000,0.000000000,0.000000000,0.000000000,0.000000000,0.000000000,0.000000000,0.000000000,0.000000000,0.000000000,0.000000000,0.000000000,0.000000000,0.000000000,0.008036438,-0.037192822,0.047720432,0.058413267,0.006488681,0.000799316,0.006802745,-0.038879786,-0.003072224,0.000681936,0.007166058,0.001957714
0.889641762,0.214952469,0.043910027,0.619929314,1.794592857,0.283982277,0.175452232,0.055725098,-0.009460449,0.054382324,0.030212402,0.029708862,0.021652222,0.214952469,0.044293404,0.619929314,1.794592857,0.283982277,0.175452232,0.000004948,-6.110943794,5.127720833,1.328464746,-0.679465175,-0.001441011,0.003372192,-6.147857666,5.167573929,1.376653671,-0.658182144,0.001068115,0.000004948,-6.110943794,5.127720833,1.328464746,-0.679465175,-0.001441011,0.000000000,0.000000000,0.000000000,0.000000000,0.000000000,0.000000000,0.000000000,0.000000000,0.000000000,0.000000000,0.000000000,0.000000000,0.000000000,0.000000000,0.000000000,0.000000000,0.000000000,0.000000000,0.003367244,-0.036913872,0.039853096,0.048188925,0.021283031,0.002509126,0.002109845,-0.038171938,-0.010818010,-0.009436380,0.021716403,0.003626774
0.899821997,0.214952469,0.044293404,0.619545937,1.794592857,0.283982277,0.175068855,-0.055725098,-0.030822754,-0.128238678,-0.093326569,0.004531860,0.021652222,0.214952469,0.044293404,0.619929314,1.794592857,0.283598900,0.175452232,0.000004949,-6.110689163,5.127479553,1.328196883,-0.679541290,-0.001441210,-0.010635376,-6.127716064,5.182619095,1.374578476,-0.673135757,-0.011322021,0.000004949,-6.110689163,5.127479553,1.328196883,-0.679541290,-0.001441210,0.000000000,0.000000000,0.000000000,0.000000000,0.000000000,0.000000000,0.000000000,0.000000000,0.000000000,0.000000000,0.000000000,0.000000000,0.000000000,0.000000000,0.000000000,0.000000000,0.000000000,0.000000000,-0.010640325,-0.017026901,0.055139542,0.046381593,0.006405532,-0.009880812,-0.011766980,-0.018084034,0.004419332,-0.011120154,0.006763752,-0.008666865
0.909605265,0.214952469,0.044293404,0.619929314,1.794592857,0.283982277,0.175452232,0.011413574,0.152284622,-0.049011230,0.066467285,-0.004531860,0.002517700,0.214952469,0.044293404,0.619929314,1.794592857,0.283982277,0.175452232,0.000004948,-6.110943794,5.127720833,1.328464746,-0.679465175,-0.001441011,-0.001815796,-6.083770752,5.182100296,1.345006943,-0.682962418,0.004913330,0.000004948,-6.110943794,5.127720833,1.328464746,-0.679465175,-0.001441011,0.000000000,0.000000000,0.000000000,0.000000000,0.000000000,0.000000000,0.000000000,0.000000000,0.000000000,0.000000000,0.000000000,0.000000000,0.000000000,0.000000000,0.000000000,0.000000000,0.000000000,0.000000000,-0.001820744,0.027173042,0.054379463,0.016542196,-0.003497243,0.006354341,-0.002915362,0.025832041,0.003619479,-0.040514338,-0.003104903,0.007486024
0.919656754,0.215335846,0.043910027,0.619929314,1.794592857,0.283982277,0.175452232,0.022155762,-0.043642044,-0.138980865,-0.054382324,0.002517700,0.011581421,0.214952469,0.043910027,0.619929314,1.794592857,0.283982277,0.175452232,0.000004951,-6.107002735,5.129710674,1.328097582,-0.679197192,-0.001440185,-0.049547195,-6.089263916,5.190919876,1.383916855,-0.682107925,-0.004486084,0.000004951,-6.107002735,5.129710674,1.328097582,-0.679197192,-0.001440185,0.000000000,0.000000000,0.000000000,0.000000000,0.000000000,0.000000000,0.000000000,0.000000000,0.000000000,0.000000000,0.000000000,0.000000000,0.000000000,0.000000000,0.000000000,0.000000000,0.000000000,0.000000000,-0.049552146,0.017738819,0.061209202,0.055819273,-0.002910733,-0.003045899,-0.050102175,0.016221498,0.010336861,-0.001223958,-0.002491314,-0.001893634
0.929610968,0.215335846,0.043910027,0.619545937,1.794592857,0.283982277,0.175068855,-0.089298248,0.071105957,-0.132266998,0.028869629,0.022659302,-0.063949585,0.215335846,0.043910027,0.619545937,1.794592857,0.283982277,0.175068855,0.000004945,-6.104901791,5.127720356,1.328463912,-0.679465353,-0.001441861,0.001815796,-6.116729736,5.182619095,1.377691269,-0.692362785,0.048919678,0.000004945,-6.104901791,5.127720356,1.328463912,-0.679465353,-0.001441861,0.000000000,0.000000000,0.000000000,0.000000000,0.000000000,0.000000000,0.000000000,0.000000000,0.000000000,0.000000000,0.000000000,0.000000000,0.000000000,0.000000000,0.000000000,0.000000000,0.000000000,0.000000000,0.001810851,-0.011827946,0.054898739,0.049227357,-0.012897432,0.050361539,0.001247409,-0.013203296,0.003983564,-0.007732726,-0.012345268,0.050965785
0.939667702,0.215335846,0.043910027,0.619929314,1.794592857,0.283982277,0.175452232,0.169860840,-0.093080521,-0.031555176,-0.063781738,0.021652222,0.019638062,0.215335846,0.043910027,0.619929314,1.794592857,0.283982277,0.175452232,0.000004944,-6.107002735,5.129710674,1.328097582,-0.679197192,-0.001440185,0.013748169,-6.136871338,5.185731888,1.352788925,-0.670572281,0.006622314,0.000004944,-6.107002735,5.129710674,1.328097582,-0.679197192,-0.001440185,0.000000000,0.000000000,0.000000000,0.000000000,0.000000000,0.000000000,0.000000000,0.000000000,0.000000000,0.000000000,0.000000000,0.000000000,0.000000000,0.000000000,0.000000000,0.000000000,0.000000000,0.000000000,0.013743225,-0.029868603,0.056021214,0.024691343,0.008624911,0.008062499,0.013041048,-0.030915070,0.005052290,-0.031929069,0.009080475,0.008575517
0.949663162,0.215335846,0.043910027,0.619929314,1.794592857,0.283982277,0.175452232,-0.128238678,0.080873489,-0.026184082,-0.007385254,-0.016616821,0.010574341,0.215335846,0.043910027,0.619545937,1.794592857,0.283982277,0.175452232,0.000004945,-6.104902744,5.127720833,1.328464746,-0.679465175,-0.001441011,0.010635376,-6.149688721,5.168092728,1.380804062,-0.683389664,-0.002777100,0.000004945,-6.104902744,5.127720833,1.328464746,-0.679465175,-0.001441011,0.000000000,0.000000000,0.000000000,0.000000000,0.000000000,0.000000000,0.000000000,0.000000000,0.000000000,0.000000000,0.000000000,0.000000000,0.000000000,0.000000000,0.000000000,0.000000000,0.000000000,0.000000000,0.010630431,-0.044785976,0.040371895,0.052339315,-0.003924489,-0.001336089,0.009824835,-0.045355022,-0.010486643,-0.004236502,-0.003432791,-0.000814498
0.959642887,0.215335846,0.043910027,0.619929314,1.794592857,0.283982277,0.175452232,0.040954590,-0.008239746,0.062438965,0.034240723,0.027694702,0.035751343,0.214952469,0.043910027,0.619929314,1.794592857,0.283982277,0.175452232,0.000004951,-6.107002735,5.129710674,1.328097582,-0.679197192,-0.001440185,0.007522583,-6.111236572,5.191438675,1.384435654,-0.682107925,0.009185791,0.000004951,-6.107002735,5.129710674,1.328097582,-0.679197192,-0.001440185,0.000000000,0.000000000,0.000000000,0.000000000,0.000000000,0.000000000,0.000000000,0.000000000,0.000000000,0.000000000,0.000000000,0.000000000,0.000000000,0.000000000,0.000000000,0.000000000,0.000000000,0.000000000,0.007517632,-0.004233837,0.061728001,0.056338072,-0.002910733,0.010625976,0.006642840,-0.004753368,0.010757407,-0.000235295,-0.002394097,0.011032644
0.969609499,0.215335846,0.044293404,0.619929314,1.794592857,0.283982277,0.175452232,0.044982910,-0.073549271,-0.063781738,0.093322754,-0.022659302,0.011581421,0.214952469,0.043910027,0.619545937,1.794592857,0.283982277,0.175452232,0.000004952,-6.104902744,5.127720833,1.328464746,-0.679465175,-0.001441011,0.049545288,-6.120391846,5.190919876,1.388067245,-0.664590836,-0.008331299,0.000004952,-6.104902744,5.127720833,1.328464746,-0.679465175,-0.001441011,0.000000000,0.000000000,0.000000000,0.000000000,0.000000000,0.000000000,0.000000000,0.000000000,0.000000000,0.000000000,0.000000000,0.000000000,0.000000000,0.000000000,0.000000000,0.000000000,0.000000000,0.000000000,0.049540336,-0.015489101,0.063199043,0.059602499,0.014874339,-0.006890288,0.048168956,-0.015845279,0.012103669,0.002998223,0.015233925,-0.006417461
0.979652405,0.214952469,0.043910027,0.619929314,1.794592857,0.283982277,0.175452232,0.187320709,-0.022277832,0.053039551,-0.006042480,-0.025680542,0.056900024,0.215335846,0.043910027,0.619929314,1.794592857,0.283982277,0.175452232,0.000004944,-6.107002735,5.129710674,1.328097582,-0.679197192,-0.001440185,0.066146851,-6.147857666,5.167573929,1.378728867,-0.660318375,0.010467529,0.000004944,-6.107002735,5.129710674,1.328097582,-0.679197192,-0.001440185,0.000000000,0.000000000,0.000000000,0.000000000,0.000000000,0.000000000,0.000000000,0.000000000,0.000000000,0.000000000,0.000000000,0.000000000,0.000000000,0.000000000,0.000000000,0.000000000,0.000000000,0.000000000,0.066141907,-0.040854931,0.037863255,0.050631285,0.018878818,0.011907714,0.064116280,-0.040794835,-0.013098461,-0.005912658,0.019044076,0.012255485
0.989804029,0.215335846,0.044293404,0.619929314,1.794592857,0.283982277,0.175452232,0.097351074,0.075988770,0.059753418,-0.012756348,-0.034744263,0.040786743,0.215335846,0.044293404,0.619929314,1.794592857,0.283982277,0.175068855,0.000004941,-6.110942841,5.127720356,1.328463912,-0.679465353,-0.001441861,0.000778198,-6.109405518,5.179506302,1.360052109,-0.679971695,0.032684326,0.000004941,-6.110942841,5.127720356,1.328463912,-0.679465353,-0.001441861,0.000000000,0.000000000,0.000000000,0.000000000,0.000000000,0.000000000,0.000000000,0.000000000,0.000000000,0.000000000,0.000000000,0.000000000,0.000000000,0.000000000,0.000000000,0.000000000,0.000000000,0.000000000,0.000773257,0.001537323,0.051785946,0.031588197,-0.000506341,0.034126187,-0.001239847,0.001581445,0.000815988,-0.024706188,-0.000337672,0.034129219
0.999787807,0.215335846,0.044293404,0.619929314,1.794592857,0.283982277,0.175452232,0.034240723,0.058288574,-0.132266998,-0.065124512,0.006546021,-0.063949585,0.214952469,0.044293404,0.619929314,1.794209480,0.283982277,0.175452232,0.000004948,-6.111292362,5.128051281,1.328831792,-0.679733038,-0.001441837,0.035018921,-6.122222900,5.223604202,1.392217636,-0.694926262,0.011322021,0.000004948,-6.111292362,5.128051281,1.328831792,-0.679733038,-0.001441837,0.000000000,0.000000000,0.000000000,0.000000000,0.000000000,0.000000000,0.000000000,0.000000000,0.000000000,0.000000000,0.000000000,0.000000000,0.000000000,0.000000000,0.000000000,0.000000000,0.000000000,0.000000000,0.035013973,-0.010930538,0.095552921,0.063385844,-0.015193224,0.012763858,0.032674128,-0.010778630,0.044141548,0.007021247,-0.014875797,0.012640485
1.009738207,0.214952469,0.043910027,0.619929314,1.794592857,0.283982277,0.175452232,0.137634277,0.048522949,-0.098697662,0.074523926,-0.041793823,0.038772583,0.214952469,0.044293404,0.619929314,1.794592857,0.283982277,0.175068855,0.000004948,-6.110942841,5.127720356,1.328463912,-0.679465353,-0.001441861,0.015823364,-6.109405518,5.172243118,1.350713730,-0.679117203,-0.016448975,0.000004948,-6.110942841,5.127720356,1.328463912,-0.679465353,-0.001441861,0.000000000,0.000000000,0.000000000,0.000000000,0.000000000,0.000000000,0.000000000,0.000000000,0.000000000,0.000000000,0.000000000,0.000000000,0.000000000,0.000000000,0.000000000,0.000000000,0.000000000,0.000000000,0.015818416,0.001537323,0.044522762,0.022249818,0.000348151,-0.015007114,0.013346428,0.001672670,-0.006821076,-0.033780321,0.000659053,-0.014982149
1.019610167,0.214952469,0.044293404,0.619929314,1.794592857,0.283982277,0.175452232,0.010070801,0.027160645,-0.042297363,0.046325684,-0.014602661,0.029708862,0.214952469,0.044293404,0.619929314,1.794592857,0.283598900,0.175452232,0.000004949,-6.110689163,5.127479553,1.328196883,-0.679541290,-0.001441210,0.010635376,-6.171661377,5.185213089,1.387548447,-0.670572281,-0.007476807,0.000004949,-6.110689163,5.127479553,1.328196883,-0.679541290,-0.001441210,0.000000000,0.000000000,0.000000000,0.000000000,0.000000000,0.000000000,0.000000000,0.000000000,0.000000000,0.000000000,0.000000000,0.000000000,0.000000000,0.000000000,0.000000000,0.000000000,0.000000000,0.000000000,0.010630427,-0.060972214,0.057733536,0.059351563,0.008969009,-0.006035597,0.008079231,-0.060246218,0.006327661,0.003289178,0.009189815,-0.005952277
1.029650688,0.214952469,0.044293404,0.619929314,1.794592857,0.283982277,0.175452232,-0.007385254,0.023498535,-0.051696777,0.031555176,0.030715942,0.001510620,0.214952469,0.044293404,0.619929314,1.794592857,0.283982277,0.175452232,0.000004948,-6.110943794,5.127720833,1.328464746,-0.679465175,-0.001441011,0.007522583,-6.136871338,5.184694290,1.390661240,-0.689372063,0.011749268,0.000004948,-6.110943794,5.127720833,1.328464746,-0.679465175,-0.001441011,0.000000000,0.000000000,0.000000000,0.000000000,0.000000000,0.000000000,0.000000000,0.000000000,0.000000000,0.000000000,0.000000000,0.000000000,0.000000000,0.000000000,0.000000000,0.000000000,0.000000000,0.000000000,0.007517635,-0.025927544,0.056973457,0.062196493,-0.009906888,0.013190278,0.004918684,-0.024959225,0.005514049,0.006075125,-0.009592947,0.013145968
1.039689779,0.214952469,0.043910027,0.619929314,1.794592857,0.283598900,0.175452232,0.046325684,-0.013732910,0.093322754,-0.004699707,-0.030715942,0.016616821,0.215335846,0.043910027,0.619929314,1.794592857,0.283982277,0.175452232,0.000004944,-6.107002735,5.129710674,1.328097582,-0.679197192,-0.001440185,0.030868530,-6.122222900,5.172243118,1.391698837,-0.670145035,0.027984619,0.000004944,-6.107002735,5.129710674,1.328097582,-0.679197192,-0.001440185,0.000000000,0.000000000,0.000000000,0.000000000,0.000000000,0.000000000,0.000000000,0.000000000,0.000000000,0.000000000,0.000000000,0.000000000,0.000000000,0.000000000,0.000000000,0.000000000,0.000000000,0.000000000,0.030863587,-0.015220165,0.042532444,0.063601255,0.009052157,0.029424804,0.027995449,-0.014116115,-0.008841946,0.007408651,0.009276898,0.029100680
1.049640179,0.214952469,0.044293404,0.619929314,1.794592857,0.283598900,0.175452232,0.044982910,0.093080521,-0.108097076,-0.063781738,-0.045822144,-0.027694702,0.214952469,0.044293404,0.619929314,1.794592857,0.283598900,0.175068855,0.000004949,-6.110688210,5.127479076,1.328196049,-0.679541469,-0.001442060,-0.002853394,-6.131378174,5.180543900,1.393774033,-0.670999527,-0.029267311,0.000004949,-6.110688210,5.127479076,1.328196049,-0.679541469,-0.001442060,0.000000000,0.000000000,0.000000000,0.000000000,0.000000000,0.000000000,0.000000000,0.000000000,0.000000000,0.000000000,0.000000000,0.000000000,0.000000000,0.000000000,0.000000000,0.000000000,0.000000000,0.000000000,-0.002858342,-0.020689964,0.053064823,0.065577984,0.008541942,-0.027825251,-0.005672456,-0.019401141,0.001674486,0.009296838,0.008683977,-0.027883816
1.059608936,0.214952469,0.043910027,0.619929314,1.794592857,0.283982277,0.175452232,-0.098697662,-0.092470169,0.071838379,-0.035583496,0.007553101,-0.018630981,0.214952469,0.043910027,0.619929314,1.794592857,0.283982277,0.175452232,0.000004951,-6.107002735,5.129710674,1.328097582,-0.679197192,-0.001440185,-0.049028397,-6.105743408,5.172243118,1.393255234,-0.667581558,-0.001495361,0.000004951,-6.107002735,5.129710674,1.328097582,-0.679197192,-0.001440185,0.000000000,0.000000000,0.000000000,0.000000000,0.000000000,0.000000000,0.000000000,0.000000000,0.000000000,0.000000000,0.000000000,0.000000000,0.000000000,0.000000000,0.000000000,0.000000000,0.000000000,0.000000000,-0.049033347,0.001259327,0.042532444,0.065157652,0.011615634,-0.000055176,-0.051362905,0.002524336,-0.008775109,0.008793548,0.011647785,-0.000112678
1.069640160,0.214952469,0.043910027,0.619929314,1.794592857,0.283982277,0.175452232,-0.082580566,-0.041200638,-0.002014160,-0.043640137,0.051864624,0.066970825,0.214952469,0.043910027,0.619929314,1.794592857,0.283982277,0.175452232,0.000004951,-6.107002735,5.129710674,1.328097582,-0.679197192,-0.001440185,-0.015304565,-6.127716064,5.184694290,1.383398056,-0.683817863,0.011749268,0.000004951,-6.107002735,5.129710674,1.328097582,-0.679197192,-0.001440185,0.000000000,0.000000000,0.000000000,0.000000000,0.000000000,0.000000000,0.000000000,0.000000000,0.000000000,0.000000000,0.000000000,0.000000000,0.000000000,0.000000000,0.000000000,0.000000000,0.000000000,0.000000000,-0.015309516,-0.020713329,0.054983616,0.055300474,-0.004620671,0.013189452,-0.017475749,-0.019268243,0.003642025,-0.001053781,-0.004546034,0.013010359
1.079611063,0.214952469,0.044293404,0.619929314,1.794592857,0.283982277,0.175452232,-0.152408600,0.052185059,0.054382324,-0.023498535,-0.018630981,0.049850464,0.215335846,0.044293404,0.619929314,1.794592857,0.283982277,0.175452232,0.000004941,-6.110943794,5.127720833,1.328464746,-0.679465175,-0.001441011,-0.012710571,-6.124053955,5.196626663,1.392736435,-0.680826187,-0.013458252,0.000004941,-6.110943794,5.127720833,1.328464746,-0.679465175,-0.001441011,0.000000000,0.000000000,0.000000000,0.000000000,0.000000000,0.000000000,0.000000000,0.000000000,0.000000000,0.000000000,0.000000000,0.000000000,0.000000000,0.000000000,0.000000000,0.000000000,0.000000000,0.000000000,-0.012715513,-0.013110161,0.068905830,0.064271688,-0.001361012,-0.012017241,-0.014745216,-0.011558056,0.017403100,0.007844796,-0.001274574,-0.012084442
1.089755774,0.214952469,0.044293404,0.619929314,1.794592857,0.283982277,0.175068855,-0.113468170,0.025329590,-0.165836334,-0.042297363,0.011581421,-0.004531860,0.214952469,0.044293404,0.619929314,1.794592857,0.283982277,0.175452232,0.000004948,-6.110943794,5.127720833,1.328464746,-0.679465175,-0.001441011,0.000778198,-6.127716064,5.161867142,1.393255234,-0.668008804,-0.018157959,0.000004948,-6.110943794,5.127720833,1.328464746,-0.679465175,-0.001441011,0.000000000,0.000000000,0.000000000,0.000000000,0.000000000,0.000000000,0.000000000,0.000000000,0.000000000,0.000000000,0.000000000,0.000000000,0.000000000,0.000000000,0.000000000,0.000000000,0.000000000,0.000000000,0.000773250,-0.016772270,0.034146309,0.064790487,0.011456370,-0.016716948,-0.001245031,-0.015081800,-0.017198636,0.008287562,0.011437874,-0.016631565
1.099816561,0.215335846,0.043910027,0.619929314,1.794592857,0.283982277,0.175452232,-0.026184082,-0.080873489,0.011413574,0.121520996,-0.019638062,0.011581421,0.214952469,0.043910027,0.619929314,1.794592857,0.283982277,0.175452232,0.000004951,-6.107002735,5.129710674,1.328097582,-0.679197192,-0.001440185,-0.031387329,-6.103912354,5.228792191,1.398445129,-0.690653801,0.011749268,0.000004951,-6.107002735,5.129710674,1.328097582,-0.679197192,-0.001440185,0.000000000,0.000000000,0.000000000,0.000000000,0.000000000,0.000000000,0.000000000,0.000000000,0.000000000,0.000000000,0.000000000,0.000000000,0.000000000,0.000000000,0.000000000,0.000000000,0.000000000,0.000000000,-0.031392280,0.003090382,0.099081516,0.070347548,-0.011456609,0.013189452,-0.033109565,0.004737781,0.047306512,0.013719896,-0.011371725,0.013155242
1.109580040,0.214952469,0.044293404,0.619929314,1.794592857,0.283982277,0.175068855,0.101379395,0.117494583,-0.179264069,-0.093326569,-0.011581421,-0.045822144,0.215335846,0.043910027,0.619929314,1.794592857,0.283982277,0.175452232,0.000004944,-6.107002735,5.129710674,1.328097582,-0.679197192,-0.001440185,0.016860962,-6.140533447,5.162904739,1.425422668,-0.707316399,-0.006195068,0.000004944,-6.107002735,5.129710674,1.328097582,-0.679197192,-0.001440185,0.000000000,0.000000000,0.000000000,0.000000000,0.000000000,0.000000000,0.000000000,0.000000000,0.000000000,0.000000000,0.000000000,0.000000000,0.000000000,0.000000000,0.000000000,0.000000000,0.000000000,0.000000000,0.016856018,-0.033530712,0.033194065,0.097325087,-0.028119206,-0.004754883,0.015003566,-0.031598640,-0.018415038,0.040334065,-0.027784017,-0.004746334
1.119609594,0.214952469,0.043910027,0.619929314,1.794592857,0.283982277,0.175068855,-0.032897949,-0.105897903,-0.161808014,0.016784668,0.045822144,0.061935425,0.215335846,0.044293404,0.619929314,1.794592857,0.283982277,0.175452232,0.000004941,-6.110943794,5.127720833,1.328464746,-0.679465175,-0.001441011,-0.041246414,-6.131378174,5.201295853,1.358495712,-0.676126480,0.004486084,0.000004941,-6.110943794,5.127720833,1.328464746,-0.679465175,-0.001441011,0.000000000,0.000000000,0.000000000,0.000000000,0.000000000,0.000000000,0.000000000,0.000000000,0.000000000,0.000000000,0.000000000,0.000000000,0.000000000,0.000000000,0.000000000,0.000000000,0.000000000,0.000000000,-0.041251356,-0.020434380,0.073575020,0.030030966,0.003338695,0.005927095,-0.042722358,-0.018338571,0.021771528,-0.026721471,0.003641372,0.005883116
1.129621983,0.214952469,0.044293404,0.619929314,1.794592857,0.283982277,0.175452232,-0.035583496,0.012512207,0.026184082,0.031555176,-0.004531860,-0.007553101,0.214952469,0.043910027,0.619929314,1.794592857,0.283982277,0.175452232,0.000004951,-6.107002735,5.129710674,1.328097582,-0.679197192,-0.001440185,0.004928589,-6.081939697,5.146303177,1.387029648,-0.693217278,0.016021729,0.000004951,-6.107002735,5.129710674,1.328097582,-0.679197192,-0.001440185,0.000000000,0.000000000,0.000000000,0.000000000,0.000000000,0.000000000,0.000000000,0.000000000,0.000000000,0.000000000,0.000000000,0.000000000,0.000000000,0.000000000,0.000000000,0.000000000,0.000000000,0.000000000,0.004923638,0.025063038,0.016592503,0.058932066,-0.014020085,0.017461913,0.003422349,0.026920611,-0.034902121,0.002160509,-0.013597080,0.017265146
1.139661789,0.214952469,0.044293404,0.619545937,1.794592857,0.283982277,0.175452232,-0.042297363,0.057067871,-0.043640137,0.032897949,-0.053878784,-0.043807983,0.214952469,0.043910027,0.619929314,1.794592857,0.283982277,0.175068855,0.000004951,-6.107001781,5.129709721,1.328096747,-0.679197371,-0.001441035,0.029830933,-6.105743408,5.191438675,1.428016663,-0.671854019,0.011749268,0.000004951,-6.107001781,5.129709721,1.328096747,-0.679197371,-0.001441035,0.000000000,0.000000000,0.000000000,0.000000000,0.000000000,0.000000000,0.000000000,0.000000000,0.000000000,0.000000000,0.000000000,0.000000000,0.000000000,0.000000000,0.000000000,0.000000000,0.000000000,0.000000000,0.029825982,0.001258373,0.061728954,0.099919915,0.007343352,0.013190303,0.028078391,0.003088852,0.010145337,0.042773156,0.007698824,0.012880548
1.149601460,0.214952469,0.043910027,0.619929314,1.794592857,0.283982277,0.175452232,-0.149723053,-0.168764114,0.014099121,0.014099121,-0.042800903,0.052871704,0.214952469,0.043910027,0.619929314,1.794592857,0.283982277,0.175068855,0.000004951,-6.107001781,5.129709721,1.328096747,-0.679197371,-0.001441035,0.016860962,-6.047149658,5.134889603,1.398445129,-0.662881851,0.003204346,0.000004951,-6.107001781,5.129709721,1.328096747,-0.679197371,-0.001441035,0.000000000,0.000000000,0.000000000,0.000000000,0.000000000,0.000000000,0.000000000,0.000000000,0.000000000,0.000000000,0.000000000,0.000000000,0.000000000,0.000000000,0.000000000,0.000000000,0.000000000,0.000000000,0.016856011,0.059852123,0.005179882,0.070348382,0.016315520,0.004645381,0.014978175,0.061150855,-0.046003703,0.013087815,0.016527277,0.004298250
1.159651041,0.214952469,0.043910027,0.619929314,1.794592857,0.283982277,0.175452232,-0.019470215,-0.137025833,0.008728027,0.000671387,-0.011581421,-0.059921265,0.214952469,0.044293404,0.619929314,1.794592857,0.283982277,0.175452232,0.000004948,-6.110943794,5.127720833,1.328464746,-0.679465175,-0.001441011,0.005966187,-6.098419189,5.144227982,1.385992050,-0.676980972,0.013885498,0.000004948,-6.110943794,5.127720833,1.328464746,-0.679465175,-0.001441011,0.000000000,0.000000000,0.000000000,0.000000000,0.000000000,0.000000000,0.000000000,0.000000000,0.000000000,0.000000000,0.000000000,0.000000000,0.000000000,0.000000000,0.000000000,0.000000000,0.000000000,0.000000000,0.005961238,0.012524605,0.016507149,0.057527304,0.002484202,0.015326509,0.004048501,0.013705188,-0.034380057,0.000264457,0.002672917,0.014851349
1.169610023,0.215335846,0.043910027,0.619929314,1.794592857,0.283982277,0.175452232,0.057067871,-0.075380325,0.044982910,0.149719238,0.099197388,0.024673462,0.214952469,0.044293404,0.619929314,1.794592857,0.283982277,0.175452232,0.000004948,-6.110943794,5.127720833,1.328464746,-0.679465175,-0.001441011,-0.007003784,-6.076446533,5.178987503,1.387029648,-0.667581558,-0.021575928,0.000004948,-6.110943794,5.127720833,1.328464746,-0.679465175,-0.001441011,0.000000000,0.000000000,0.000000000,0.000000000,0.000000000,0.000000000,0.000000000,0.000000000,0.000000000,0.000000000,0.000000000,0.000000000,0.000000000,0.000000000,0.000000000,0.000000000,0.000000000,0.000000000,-0.007008733,0.034497261,0.051266670,0.058564901,0.011883616,-0.020134917,-0.008845864,0.035375490,0.000376249,0.001291020,0.011970023,-0.020435415
1.179611921,0.214952469,0.044293404,0.619929314,1.794592857,0.283982277,0.175068855,-0.020812988,0.155946732,-0.022155762,-0.053039551,-0.017623901,0.004531860,0.214952469,0.043910027,0.619929314,1.794592857,0.283982277,0.175452232,0.000004951,-6.107002735,5.129710674,1.328097582,-0.679197192,-0.001440185,-0.049547195,-6.100250244,5.196107864,1.382360458,-0.688944817,0.015594482,0.000004951,-6.107002735,5.129710674,1.328097582,-0.679197192,-0.001440185,0.000000000,0.000000000,0.000000000,0.000000000,0.000000000,0.000000000,0.000000000,0.000000000,0.000000000,0.000000000,0.000000000,0.000000000,0.000000000,0.000000000,0.000000000,0.000000000,0.000000000,0.000000000,-0.049552146,0.006752491,0.066397190,0.054262877,-0.009747624,0.017034667,-0.050957434,0.007566596,0.015376460,-0.002985702,-0.009580031,0.016593546
1.189658880,0.214952469,0.043910027,0.619929314,1.794592857,0.283982277,0.175452232,-0.066467285,-0.130311966,-0.078552246,0.059753418,0.065963745,-0.009567261,0.214952469,0.043910027,0.619929314,1.794592857,0.283982277,0.175452232,0.000004951,-6.107002735,5.129710674,1.328097582,-0.679197192,-0.001440185,0.020492554,-6.131378174,5.157716751,1.402076721,-0.672281265,-0.001922607,0.000004951,-6.107002735,5.129710674,1.328097582,-0.679197192,-0.001440185,0.000000000,0.000000000,0.000000000,0.000000000,0.000000000,0.000000000,0.000000000,0.000000000,0.000000000,0.000000000,0.000000000,0.000000000,0.000000000,0.000000000,0.000000000,0.000000000,0.000000000,0.000000000,0.020487603,-0.024375439,0.028006077,0.073979139,0.006915927,-0.000482423,0.018923295,-0.023364989,-0.022822865,0.016591140,0.007024491,-0.000915848
1.199806929,0.214952469,0.044293404,0.619929314,1.794592857,0.283982277,0.175452232,-0.078552246,-0.028991699,-0.003356934,0.042297363,-0.037765503,-0.008560181,0.215335846,0.044293404,0.619929314,1.794592857,0.283982277,0.175068855,0.000004941,-6.110942841,5.127720356,1.328463912,-0.679465353,-0.001441861,0.010116577,-6.103912354,5.187807083,1.417640686,-0.676553726,0.001922607,0.000004941,-6.110942841,5.127720356,1.328463912,-0.679465353,-0.001441861,0.000000000,0.000000000,0.000000000,0.000000000,0.000000000,0.000000000,0.000000000,0.000000000,0.000000000,0.000000000,0.000000000,0.000000000,0.000000000,0.000000000,0.000000000,0.000000000,0.000000000,0.000000000,0.010111636,0.007030487,0.060086727,0.089176774,0.002911627,0.003364468,0.008476689,0.007974483,0.009181275,0.031526057,0.002995231,0.002906820
1.209609985,0.214952469,0.043910027,0.619929314,1.794592857,0.283982277,0.175452232,0.091979980,-0.008850098,0.129577637,0.059753418,0.030715942,-0.047836304,0.214952469,0.043910027,0.619929314,1.794592857,0.283982277,0.175452232,0.000004951,-6.107002735,5.129710674,1.328097582,-0.679197192,-0.001440185,-0.021011353,-6.096588135,5.157197952,1.389104843,-0.694499016,-0.035676003,0.000004951,-6.107002735,5.129710674,1.328097582,-0.679197192,-0.001440185,0.000000000,0.000000000,0.000000000,0.000000000,0.000000000,0.000000000,0.000000000,0.000000000,0.000000000,0.000000000,0.000000000,0.000000000,0.000000000,0.000000000,0.000000000,0.000000000,0.000000000,0.000000000,-0.021016303,0.010414600,0.027487278,0.061007261,-0.015301824,-0.034235818,-0.022465584,0.011265493,-0.023226222,0.003329032,-0.015093480,-0.034409093
1.219621658,0.215335846,0.043910027,0.619929314,1.794592857,0.283982277,0.175068855,-0.012756348,-0.024108887,0.171203613,-0.023498535,0.026687622,0.004531860,0.215335846,0.043910027,0.619929314,1.794592857,0.283982277,0.175452232,0.000004944,-6.107002735,5.129710674,1.328097582,-0.679197192,-0.001440185,-0.005966187,-6.162506104,5.153047562,1.416084290,-0.686381340,0.003204346,0.000004944,-6.107002735,5.129710674,1.328097582,-0.679197192,-0.001440185,0.000000000,0.000000000,0.000000000,0.000000000,0.000000000,0.000000000,0.000000000,0.000000000,0.000000000,0.000000000,0.000000000,0.000000000,0.000000000,0.000000000,0.000000000,0.000000000,0.000000000,0.000000000,-0.005971130,-0.055503368,0.023336887,0.087986708,-0.007184148,0.004644531,-0.007360082,-0.054208147,-0.027154039,0.030062068,-0.006919091,0.004434903
1.229592085,0.214952469,0.043910027,0.619929314,1.794592857,0.283982277,0.175068855,0.000671387,-0.047304153,0.100036621,-0.051696777,0.024673462,0.051864624,0.214952469,0.043910027,0.619929314,1.794592857,0.283982277,0.175068855,0.000004951,-6.107001781,5.129709721,1.328096747,-0.679197371,-0.001441035,0.021011353,-6.085601807,5.173799515,1.404151917,-0.679971695,0.013458252,0.000004951,-6.107001781,5.129709721,1.328096747,-0.679197371,-0.001441035,0.000000000,0.000000000,0.000000000,0.000000000,0.000000000,0.000000000,0.000000000,0.000000000,0.000000000,0.000000000,0.000000000,0.000000000,0.000000000,0.000000000,0.000000000,0.000000000,0.000000000,0.000000000,0.021006402,0.021399975,0.044089794,0.076055169,-0.000774324,0.014899287,0.019459244,0.022512171,-0.006349510,0.017984315,-0.000505160,0.014571195
1.239711523,0.214952469,0.044293404,0.619929314,1.794592857,0.283982277,0.175452232,-0.020812988,0.021057129,0.031555176,-0.007385254,0.006546021,0.027694702,0.215335846,0.043910027,0.619545937,1.794592857,0.283982277,0.175068855,0.000004945,-6.104901791,5.127720356,1.328463912,-0.679465353,-0.001441861,-0.032943726,-6.074615479,5.214265823,1.389104843,-0.658182144,-0.003631592,0.000004945,-6.104901791,5.127720356,1.328463912,-0.679465353,-0.001441861,0.000000000,0.000000000,0.000000000,0.000000000,0.000000000,0.000000000,0.000000000,0.000000000,0.000000000,0.000000000,0.000000000,0.000000000,0.000000000,0.000000000,0.000000000,0.000000000,0.000000000,0.000000000,-0.032948671,0.030286312,0.086545467,0.060640931,0.021283209,-0.002189731,-0.034219861,0.031147320,0.035817314,0.002549517,0.021379954,-0.002497681
1.249638557,0.215335846,0.043910027,0.619929314,1.794592857,0.283982277,0.175452232,0.147033691,0.010070801,-0.016784668,-0.038269043,0.036758423,0.008560181,0.215335846,0.043910027,0.619929314,1.794592857,0.283982277,0.175452232,0.000004944,-6.107002735,5.129710674,1.328097582,-0.679197192,-0.001440185,-0.012710571,-6.074615479,5.175874710,1.380285263,-0.666727066,-0.008758545,0.000004944,-6.107002735,5.129710674,1.328097582,-0.679197192,-0.001440185,0.000000000,0.000000000,0.000000000,0.000000000,0.000000000,0.000000000,0.000000000,0.000000000,0.000000000,0.000000000,0.000000000,0.000000000,0.000000000,0.000000000,0.000000000,0.000000000,0.000000000,0.000000000,-0.012715515,0.032387257,0.046164036,0.052187681,0.012470126,-0.007318360,-0.013875700,0.032984389,-0.004527894,-0.005856878,0.012467134,-0.007565784
1.259612560,0.214952469,0.044293404,0.619929314,1.794592857,0.283982277,0.175452232,-0.169864655,-0.036315918,0.063781738,-0.012756348,0.014602661,0.040786743,0.214952469,0.044293404,0.619929314,1.794592857,0.283982277,0.175452232,0.000004948,-6.110943794,5.127720833,1.328464746,-0.679465175,-0.001441011,0.026199341,-6.102081299,5.191957474,1.394292831,-0.669290543,-0.007049561,0.000004948,-6.110943794,5.127720833,1.328464746,-0.679465175,-0.001441011,0.000000000,0.000000000,0.000000000,0.000000000,0.000000000,0.000000000,0.000000000,0.000000000,0.000000000,0.000000000,0.000000000,0.000000000,0.000000000,0.000000000,0.000000000,0.000000000,0.000000000,0.000000000,0.026194392,0.008862495,0.064236641,0.065828085,0.010174632,-0.005608550,0.024837088,0.009385143,0.013438060,0.007722238,0.010091548,-0.005809863
1.269612074,0.214952469,0.044293404,0.619929314,1.794592857,0.283982277,0.175452232,0.086608887,0.036926270,0.012756348,0.065124512,0.045822144,-0.028701782,0.214952469,0.043910027,0.619545937,1.794592857,0.283982277,0.175452232,0.000004952,-6.104902744,5.127720833,1.328464746,-0.679465175,-0.001441011,0.007003784,-6.105743408,5.208559036,1.382879257,-0.681680679,0.011749268,0.000004952,-6.104902744,5.127720833,1.328464746,-0.679465175,-0.001441011,0.000000000,0.000000000,0.000000000,0.000000000,0.000000000,0.000000000,0.000000000,0.000000000,0.000000000,0.000000000,0.000000000,0.000000000,0.000000000,0.000000000,0.000000000,0.000000000,0.000000000,0.000000000,0.006998832,-0.000840664,0.080838203,0.054414511,-0.002215505,0.013190278,0.005597453,-0.000315532,0.029804938,-0.003662498,-0.002280631,0.012887489
1.279612064,0.214952469,0.044293404,0.619929314,1.794592857,0.283982277,0.175452232,0.034240723,-0.053407669,-0.024841309,0.028869629,0.006546021,-0.054885864,0.214952469,0.043910027,0.619545937,1.794592857,0.283598900,0.175452232,0.000004953,-6.104648113,5.127479553,1.328196883,-0.679541290,-0.001441210,-0.001815796,-6.142364502,5.197145462,1.425422668,-0.699625969,0.008758545,0.000004953,-6.104648113,5.127479553,1.328196883,-0.679541290,-0.001441210,0.000000000,0.000000000,0.000000000,0.000000000,0.000000000,0.000000000,0.000000000,0.000000000,0.000000000,0.000000000,0.000000000,0.000000000,0.000000000,0.000000000,0.000000000,0.000000000,0.000000000,0.000000000,-0.001820748,-0.037716389,0.069665909,0.097225785,-0.020084679,0.010199754,-0.003197150,-0.036902953,0.018488204,0.038845298,-0.019993605,0.009820244
1.289831161,0.214952469,0.044293404,0.619929314,1.794592857,0.283982277,0.175452232,-0.070495605,0.192567825,0.108093262,-0.086612701,0.000503540,-0.013595581,0.214952469,0.043910027,0.619929314,1.794592857,0.283982277,0.175452232,0.000004951,-6.107002735,5.129710674,1.328097582,-0.679197192,-0.001440185,-0.023605347,-6.125885010,5.157716751,1.387029648,-0.679544449,0.007476807,0.000004951,-6.107002735,5.129710674,1.328097582,-0.679197192,-0.001440185,0.000000000,0.000000000,0.000000000,0.000000000,0.000000000,0.000000000,0.000000000,0.000000000,0.000000000,0.000000000,0.000000000,0.000000000,0.000000000,0.000000000,0.000000000,0.000000000,0.000000000,0.000000000,-0.023610298,-0.018882275,0.028006077,0.058932066,-0.000347257,0.008916992,-0.024794494,-0.017929847,-0.022993385,0.000547336,-0.000254212,0.008471808
1.299666166,0.214952469,0.043910027,0.619545937,1.794592857,0.283982277,0.175068855,-0.010070801,0.018005371,-0.063781738,0.002014160,-0.012588501,0.010574341,0.214952469,0.044293404,0.619545937,1.794592857,0.283982277,0.175452232,0.000004950,-6.108842373,5.125730515,1.328831792,-0.679733038,-0.001441837,0.009597778,-6.091094971,5.195589066,1.352270126,-0.699198723,-0.003204346,0.000004950,-6.108842373,5.125730515,1.328831792,-0.679733038,-0.001441837,0.000000000,0.000000000,0.000000000,0.000000000,0.000000000,0.000000000,0.000000000,0.000000000,0.000000000,0.000000000,0.000000000,0.000000000,0.000000000,0.000000000,0.000000000,0.000000000,0.000000000,0.000000000,0.009592829,0.017747402,0.069858551,0.023438334,-0.019465685,-0.001762509,0.008344444,0.018557083,0.018715127,-0.034679629,-0.019224757,-0.002190840
1.309749126,0.214952469,0.044293404,0.619929314,1.794592857,0.283982277,0.175452232,0.096008301,0.082094193,0.134948730,0.057067871,-0.008560181,-0.022659302,0.214952469,0.043910027,0.619929314,1.794592857,0.283598900,0.175452232,0.000004951,-6.106748104,5.129469395,1.327829599,-0.679273248,-0.001440383,-0.023605347,-6.164337158,5.185213089,1.348119736,-0.675699234,0.000213623,0.000004951,-6.106748104,5.129469395,1.327829599,-0.679273248,-0.001440383,0.000000000,0.000000000,0.000000000,0.000000000,0.000000000,0.000000000,0.000000000,0.000000000,0.000000000,0.000000000,0.000000000,0.000000000,0.000000000,0.000000000,0.000000000,0.000000000,0.000000000,0.000000000,-0.023610298,-0.057589054,0.055743694,0.020290136,0.003574014,0.001654007,-0.024670359,-0.056349227,0.004565420,-0.037541253,0.003786040,0.001216390
1.319630146,0.214952469,0.043910027,0.619545937,1.794592857,0.283982277,0.175452232,0.074523926,-0.096742630,-0.125553131,0.063781738,-0.049850464,-0.044815063,0.214952469,0.044293404,0.619929314,1.794592857,0.283982277,0.175452232,0.000004948,-6.110943794,5.127720833,1.328464746,-0.679465175,-0.001441011,0.043319702,-6.085601807,5.212190628,1.405189514,-0.650064468,0.004486084,0.000004948,-6.110943794,5.127720833,1.328464746,-0.679465175,-0.001441011,0.000000000,0.000000000,0.000000000,0.000000000,0.000000000,0.000000000,0.000000000,0.000000000,0.000000000,0.000000000,0.000000000,0.000000000,0.000000000,0.000000000,0.000000000,0.000000000,0.000000000,0.000000000,0.043314754,0.025341988,0.084469795,0.076724768,0.029400706,0.005927095,0.041936988,0.026381952,0.033041208,0.018751323,0.029390081,0.005448204
1.329778433,0.214952469,0.043910027,0.619929314,1.794592857,0.283982277,0.175068855,-0.112125397,0.080263138,0.003356934,0.030212402,0.000503540,-0.083087921,0.214952469,0.044293404,0.619929314,1.794592857,0.283982277,0.175452232,0.000004948,-6.110943794,5.127720833,1.328464746,-0.679465175,-0.001441011,0.022048950,-6.098419189,5.163423538,1.382360458,-0.671426773,0.005340576,0.000004948,-6.110943794,5.127720833,1.328464746,-0.679465175,-0.001441011,0.000000000,0.000000000,0.000000000,0.000000000,0.000000000,0.000000000,0.000000000,0.000000000,0.000000000,0.000000000,0.000000000,0.000000000,0.000000000,0.000000000,0.000000000,0.000000000,0.000000000,0.000000000,0.022044002,0.012524605,0.035702705,0.053895712,0.008038402,0.006781587,0.020512011,0.013463341,-0.015608524,-0.004047302,0.007967867,0.006255661
1.339586020,0.214952469,0.044293404,0.619929314,1.794592857,0.283982277,0.175452232,0.067810059,-0.056459427,-0.015441895,0.040954590,-0.015609741,0.023666382,0.214952469,0.043910027,0.619929314,1.794592857,0.283982277,0.175452232,0.000004951,-6.107002735,5.129710674,1.328097582,-0.679197192,-0.001440185,-0.015823364,-6.107574463,5.179506302,1.376653671,-0.666299820,0.022003174,0.000004951,-6.107002735,5.129710674,1.328097582,-0.679197192,-0.001440185,0.000000000,0.000000000,0.000000000,0.000000000,0.000000000,0.000000000,0.000000000,0.000000000,0.000000000,0.000000000,0.000000000,0.000000000,0.000000000,0.000000000,0.000000000,0.000000000,0.000000000,0.000000000,-0.015828315,-0.000571728,0.049795628,0.048556089,0.012897372,0.023443359,-0.017231711,0.000364289,-0.001504375,-0.009317392,0.012731824,0.022747674
1.349659920,0.214952469,0.044293404,0.619929314,1.794592857,0.283982277,0.175068855,-0.063781738,0.002746582,-0.046325684,-0.010070801,-0.007553101,-0.031723022,0.214952469,0.043910027,0.619929314,1.794592857,0.283598900,0.175452232,0.000004951,-6.106748104,5.129469395,1.327829599,-0.679273248,-0.001440383,0.016860962,-6.074615479,5.180543900,1.350194931,-0.715861320,0.012603760,0.000004951,-6.106748104,5.129469395,1.327829599,-0.679273248,-0.001440383,0.000000000,0.000000000,0.000000000,0.000000000,0.000000000,0.000000000,0.000000000,0.000000000,0.000000000,0.000000000,0.000000000,0.000000000,0.000000000,0.000000000,0.000000000,0.000000000,0.000000000,0.000000000,0.016856011,0.032132626,0.051074505,0.022365332,-0.036588073,0.014044143,0.015338992,0.032825491,-0.000223840,-0.035247060,-0.036483374,0.013250308
1.359610081,0.214952469,0.043910027,0.619929314,1.794592857,0.283982277,0.175452232,0.157775879,0.043029785,0.038269043,0.043640137,-0.023666382,0.057907104,0.215335846,0.043910027,0.619545937,1.794592857,0.283982277,0.175068855,0.000004945,-6.104901791,5.127720356,1.328463912,-0.679465353,-0.001441861,-0.036577225,-6.124053955,5.173280716,1.391180038,-0.660318375,0.003631592,0.000004945,-6.104901791,5.127720356,1.328463912,-0.679465353,-0.001441861,0.000000000,0.000000000,0.000000000,0.000000000,0.000000000,0.000000000,0.000000000,0.000000000,0.000000000,0.000000000,0.000000000,0.000000000,0.000000000,0.000000000,0.000000000,0.000000000,0.000000000,0.000000000,-0.036582170,-0.019152164,0.045560360,0.062716126,0.019146979,0.005073453,-0.037821092,-0.018324560,-0.005696102,0.005066481,0.019111155,0.004248380
1.369821072,0.214952469,0.043910027,0.619545937,1.794592857,0.283982277,0.175452232,-0.097354889,-0.101015091,0.016784668,-0.082580566,0.045822144,0.004531860,0.214952469,0.043910027,0.619545937,1.794592857,0.283982277,0.175068855,0.000004952,-6.104901791,5.127720356,1.328463912,-0.679465353,-0.001441861,-0.012191772,-6.063629150,5.184175491,1.375616074,-0.699198723,-0.001922607,0.000004952,-6.104901791,5.127720356,1.328463912,-0.679465353,-0.001441861,0.000000000,0.000000000,0.000000000,0.000000000,0.000000000,0.000000000,0.000000000,0.000000000,0.000000000,0.000000000,0.000000000,0.000000000,0.000000000,0.000000000,0.000000000,0.000000000,0.000000000,0.000000000,-0.012196725,0.041272640,0.056455135,0.047152162,-0.019733369,-0.000480747,-0.013338287,0.041795171,0.005161002,-0.010421415,-0.019625938,-0.001296357
1.379810095,0.215335846,0.043910027,0.619929314,1.794592857,0.283982277,0.175452232,0.082580566,-0.070497513,-0.008728027,-0.007385254,-0.014602661,0.022659302,0.214952469,0.044293404,0.619929314,1.794592857,0.283982277,0.175452232,0.000004948,-6.110943794,5.127720833,1.328464746,-0.679465175,-0.001441011,-0.028274536,-6.072784424,5.195070267,1.395332336,-0.685099602,0.000213623,0.000004948,-6.110943794,5.127720833,1.328464746,-0.679465175,-0.001441011,0.000000000,0.000000000,0.000000000,0.000000000,0.000000000,0.000000000,0.000000000,0.000000000,0.000000000,0.000000000,0.000000000,0.000000000,0.000000000,0.000000000,0.000000000,0.000000000,0.000000000,0.000000000,-0.028279485,0.038159370,0.067349434,0.066867590,-0.005634427,0.001654634,-0.029209385,0.038403614,0.015939795,0.009227150,-0.005487234,0.000832987
1.389764786,0.214952469,0.043910027,0.619929314,1.794592857,0.283982277,0.175068855,-0.022155762,-0.072938919,0.058410645,0.104064941,-0.027694702,-0.009567261,0.214952469,0.043910027,0.619929314,1.794592857,0.283982277,0.175068855,0.000004951,-6.107001781,5.129709721,1.328096747,-0.679197371,-0.001441035,0.039169312,-6.081939697,5.158754349,1.410896301,-0.668863297,-0.003204346,0.000004951,-6.107001781,5.129709721,1.328096747,-0.679197371,-0.001441035,0.000000000,0.000000000,0.000000000,0.000000000,0.000000000,0.000000000,0.000000000,0.000000000,0.000000000,0.000000000,0.000000000,0.000000000,0.000000000,0.000000000,0.000000000,0.000000000,0.000000000,0.000000000,0.039164361,0.025062084,0.029044628,0.082799554,0.010334074,-0.001763311,0.037961357,0.025125568,-0.022205261,0.024979406,0.010406402,-0.002566493
1.399662495,0.214952469,0.044293404,0.619929314,1.794592857,0.283982277,0.175452232,-0.036926270,-0.060731888,-0.016784668,0.022155762,0.068984985,-0.044815063,0.214952469,0.044293404,0.619929314,1.794592857,0.283982277,0.175068855,0.000004948,-6.110942841,5.127720356,1.328463912,-0.679465353,-0.001441861,-0.004409790,-6.107574463,5.186250687,1.370428085,-0.700907707,0.004058838,0.000004948,-6.110942841,5.127720356,1.328463912,-0.679465353,-0.001441861,0.000000000,0.000000000,0.000000000,0.000000000,0.000000000,0.000000000,0.000000000,0.000000000,0.000000000,0.000000000,0.000000000,0.000000000,0.000000000,0.000000000,0.000000000,0.000000000,0.000000000,0.000000000,-0.004414739,0.003368378,0.058530331,0.041964173,-0.021442354,0.005500699,-0.005577900,0.003407522,0.007228807,-0.015743521,-0.021218466,0.004664200
1.409568548,0.214952469,0.043910027,0.619545937,1.794592857,0.283982277,0.175452232,0.096008301,0.030822754,-0.122867584,-0.027526855,-0.004531860,0.020645142,0.214952469,0.043910027,0.619929314,1.794592857,0.283982277,0.175452232,0.000004951,-6.107002735,5.129710674,1.328097582,-0.679197192,-0.001440185,0.024124146,-6.122222900,5.202852249,1.380285263,-0.693644524,-0.008758545,0.000004951,-6.107002735,5.129710674,1.328097582,-0.679197192,-0.001440185,0.000000000,0.000000000,0.000000000,0.000000000,0.000000000,0.000000000,0.000000000,0.000000000,0.000000000,0.000000000,0.000000000,0.000000000,0.000000000,0.000000000,0.000000000,0.000000000,0.000000000,0.000000000,0.024119195,-0.015220165,0.073141575,0.052187681,-0.014447331,-0.007318360,0.022794371,-0.015074112,0.021686248,-0.005481140,-0.014123279,-0.008097430
1.419613600,0.214952469,0.043910027,0.619929314,1.794592857,0.283982277,0.175452232,-0.219547272,-0.085756302,0.014099121,0.069152832,-0.006546021,0.001510620,0.214952469,0.044293404,0.619929314,1.794592857,0.283982277,0.175068855,0.000004948,-6.110942841,5.127720356,1.328463912,-0.679465353,-0.001441861,0.000778198,-6.116729736,5.203889847,1.355901718,-0.677408218,0.045928955,0.000004948,-6.110942841,5.127720356,1.328463912,-0.679465353,-0.001441861,0.000000000,0.000000000,0.000000000,0.000000000,0.000000000,0.000000000,0.000000000,0.000000000,0.000000000,0.000000000,0.000000000,0.000000000,0.000000000,0.000000000,0.000000000,0.000000000,0.000000000,0.000000000,0.000773250,-0.005786896,0.076169491,0.027437806,0.002057135,0.047370816,-0.000547716,-0.005601396,0.024541338,-0.030019609,0.002364536,0.046265930
1.429681778,0.214952469,0.043910027,0.619929314,1.794592857,0.283982277,0.175068855,-0.046325684,-0.013732910,-0.036926270,-0.012756348,-0.009567261,-0.037765503,0.214952469,0.043910027,0.619929314,1.794592857,0.283982277,0.175452232,0.000004951,-6.107002735,5.129710674,1.328097582,-0.679197192,-0.001440185,0.004928589,-6.118560791,5.174837112,1.356939316,-0.667154312,0.008758545,0.000004951,-6.107002735,5.129710674,1.328097582,-0.679197192,-0.001440185,0.000000000,0.000000000,0.000000000,0.000000000,0.000000000,0.000000000,0.000000000,0.000000000,0.000000000,0.000000000,0.000000000,0.000000000,0.000000000,0.000000000,0.000000000,0.000000000,0.000000000,0.000000000,0.004923638,-0.011558056,0.045126438,0.028841734,0.012042880,0.010198730,0.003577653,-0.011293580,-0.006456564,-0.028416961,0.012264515,0.009030692
1.439650297,0.214952469,0.044293404,0.619545937,1.794592857,0.283982277,0.175068855,-0.066467285,-0.055849075,-0.071838379,-0.012756348,-0.011581421,0.012588501,0.214952469,0.044293404,0.619929314,1.794592857,0.283982277,0.175068855,0.000004948,-6.110942841,5.127720356,1.328463912,-0.679465353,-0.001441861,-0.003890991,-6.146026611,5.163423538,1.380804062,-0.679544449,0.000640869,0.000004948,-6.110942841,5.127720356,1.328463912,-0.679465353,-0.001441861,0.000000000,0.000000000,0.000000000,0.000000000,0.000000000,0.000000000,0.000000000,0.000000000,0.000000000,0.000000000,0.000000000,0.000000000,0.000000000,0.000000000,0.000000000,0.000000000,0.000000000,0.000000000,-0.003895940,-0.035083771,0.035703182,0.052340150,-0.000079095,0.002082730,-0.005205773,-0.034579162,-0.015770304,-0.004884624,0.000141557,0.000908384
1.449733019,0.214952469,0.044293404,0.619545937,1.794592857,0.283982277,0.175068855,0.153747559,0.035705566,-0.050354004,0.059753418,-0.005538940,-0.015609741,0.214952469,0.044293404,0.619545937,1.794592857,0.283982277,0.175068855,0.000004950,-6.108841896,5.125729561,1.328830957,-0.679733217,-0.001442687,-0.002853394,-6.103912354,5.187807083,1.395332336,-0.658609390,-0.013885498,0.000004950,-6.108841896,5.125729561,1.328830957,-0.679733217,-0.001442687,0.000000000,0.000000000,0.000000000,0.000000000,0.000000000,0.000000000,0.000000000,0.000000000,0.000000000,0.000000000,0.000000000,0.000000000,0.000000000,0.000000000,0.000000000,0.000000000,0.000000000,0.000000000,-0.002858343,0.004929543,0.062077522,0.066501379,0.021123827,-0.012442812,-0.004139628,0.005396931,0.010531406,0.009213066,0.021198284,-0.013523889
1.459647894,0.214952469,0.044293404,0.619929314,1.794592857,0.283982277,0.175452232,-0.038269043,-0.008239746,0.083923340,-0.165836334,0.004531860,0.036758423,0.214952469,0.044293404,0.619929314,1.794592857,0.283982277,0.175452232,0.000004948,-6.110943794,5.127720833,1.328464746,-0.679465175,-0.001441011,-0.027755737,-6.067291260,5.175355911,1.408302307,-0.674417496,0.015167236,0.000004948,-6.110943794,5.127720833,1.328464746,-0.679465175,-0.001441011,0.000000000,0.000000000,0.000000000,0.000000000,0.000000000,0.000000000,0.000000000,0.000000000,0.000000000,0.000000000,0.000000000,0.000000000,0.000000000,0.000000000,0.000000000,0.000000000,0.000000000,0.000000000,-0.027760686,0.043652534,0.047635078,0.079837561,0.005047679,0.016608247,-0.028844406,0.043819788,-0.003884432,0.022395852,0.005087292,0.015421542
1.469811916,0.214952469,0.044293404,0.619545937,1.794592857,0.283982277,0.175068855,-0.071838379,0.078432083,-0.067810059,0.019470215,-0.022659302,-0.010574341,0.214952469,0.044293404,0.619545937,1.794592857,0.283982277,0.175068855,0.000004950,-6.108841896,5.125729561,1.328830957,-0.679733217,-0.001442687,0.001296997,-6.111236572,5.161348343,1.381841660,-0.670572281,0.002349854,0.000004950,-6.108841896,5.125729561,1.328830957,-0.679733217,-0.001442687,0.000000000,0.000000000,0.000000000,0.000000000,0.000000000,0.000000000,0.000000000,0.000000000,0.000000000,0.000000000,0.000000000,0.000000000,0.000000000,0.000000000,0.000000000,0.000000000,0.000000000,0.000000000,0.001292047,-0.002394676,0.035618782,0.053010702,0.009160936,0.003792540,0.000206920,-0.002212373,-0.015793291,-0.004401068,0.009138383,0.002588228
1.479738951,0.214952469,0.044293404,0.619929314,1.794976234,0.283982277,0.175452232,0.054382324,-0.016784668,0.024841309,0.046325684,-0.038772583,-0.024673462,0.215335846,0.044293404,0.619929314,1.794592857,0.283982277,0.175068855,0.000004941,-6.110942841,5.127720356,1.328463912,-0.679465353,-0.001441861,0.003890991,-6.135040283,5.179506302,1.389104843,-0.676126480,0.005340576,0.000004941,-6.110942841,5.127720356,1.328463912,-0.679465353,-0.001441861,0.000000000,0.000000000,0.000000000,0.000000000,0.000000000,0.000000000,0.000000000,0.000000000,0.000000000,0.000000000,0.000000000,0.000000000,0.000000000,0.000000000,0.000000000,0.000000000,0.000000000,0.000000000,0.003886050,-0.024097443,0.051785946,0.060640931,0.003338873,0.006782437,0.002782124,-0.023754635,0.000371363,0.003207489,0.003294063,0.005540688
1.489671707,0.214952469,0.044293404,0.619929314,1.794592857,0.283598900,0.175068855,0.034240723,-0.054628372,-0.114810944,-0.023498535,-0.013595581,-0.014602661,0.214952469,0.043910027,0.619545937,1.794592857,0.283982277,0.175452232,0.000004952,-6.104902744,5.127720833,1.328464746,-0.679465175,-0.001441011,-0.021011353,-6.146026611,5.175874710,1.374578476,-0.701334953,0.014739990,0.000004952,-6.104902744,5.127720833,1.328464746,-0.679465175,-0.001441011,0.000000000,0.000000000,0.000000000,0.000000000,0.000000000,0.000000000,0.000000000,0.000000000,0.000000000,0.000000000,0.000000000,0.000000000,0.000000000,0.000000000,0.000000000,0.000000000,0.000000000,0.000000000,-0.021016305,-0.041123867,0.048153877,0.046113729,-0.021869779,0.016181001,-0.021972762,-0.040509186,-0.003238967,-0.011244248,-0.021768492,0.014839657
1.499611378,0.214952469,0.043910027,0.619929314,1.794592857,0.283982277,0.175068855,0.024841309,-0.074769974,0.065124512,-0.114810944,0.008560181,0.021652222,0.214952469,0.043910027,0.619929314,1.794592857,0.283982277,0.175068855,0.000004951,-6.107001781,5.129709721,1.328096747,-0.679197371,-0.001441035,0.007003784,-6.116729736,5.179506302,1.390142441,-0.694499016,-0.024566650,0.000004951,-6.107001781,5.129709721,1.328096747,-0.679197371,-0.001441035,0.000000000,0.000000000,0.000000000,0.000000000,0.000000000,0.000000000,0.000000000,0.000000000,0.000000000,0.000000000,0.000000000,0.000000000,0.000000000,0.000000000,0.000000000,0.000000000,0.000000000,0.000000000,0.006998833,-0.009727955,0.049796581,0.062045693,-0.015301645,-0.023125615,0.006002360,-0.009052921,-0.001585692,0.004656672,-0.015099693,-0.024304926
1.509609222,0.214952469,0.043910027,0.619929314,1.794592857,0.283982277,0.175452232,-0.065124512,0.032043457,-0.057067871,-0.100040436,-0.041793823,-0.037765503,0.215335846,0.044293404,0.619929314,1.794592857,0.283982277,0.175452232,0.000004941,-6.110943794,5.127720833,1.328464746,-0.679465175,-0.001441011,0.000778198,-6.151519775,5.174318314,1.396888733,-0.688090324,0.004913330,0.000004941,-6.110943794,5.127720833,1.328464746,-0.679465175,-0.001441011,0.000000000,0.000000000,0.000000000,0.000000000,0.000000000,0.000000000,0.000000000,0.000000000,0.000000000,0.000000000,0.000000000,0.000000000,0.000000000,0.000000000,0.000000000,0.000000000,0.000000000,0.000000000,0.000773257,-0.040575981,0.046597481,0.068423986,-0.008625150,0.006354341,-0.000221748,-0.039638441,-0.004753314,0.010962366,-0.008367782,0.005140984
1.519878626,0.214952469,0.044293404,0.619929314,1.794592857,0.283982277,0.175452232,-0.042297363,0.028381348,0.101379395,0.036926270,0.016616821,-0.020645142,0.214952469,0.043910027,0.619929314,1.794592857,0.283982277,0.175452232,0.000004951,-6.107002735,5.129710674,1.328097582,-0.679197192,-0.001440185,0.009078979,-6.113067627,5.192476273,1.376134872,-0.674844742,-0.004913330,0.000004951,-6.107002735,5.129710674,1.328097582,-0.679197192,-0.001440185,0.000000000,0.000000000,0.000000000,0.000000000,0.000000000,0.000000000,0.000000000,0.000000000,0.000000000,0.000000000,0.000000000,0.000000000,0.000000000,0.000000000,0.000000000,0.000000000,0.000000000,0.000000000,0.009074029,-0.006064892,0.062765598,0.048037291,0.004352450,-0.003473145,0.008026220,-0.005093839,0.011340197,-0.009362733,0.004579688,-0.004655872
1.529797792,0.214952469,0.043910027,0.619929314,1.794592857,0.283982277,0.175452232,0.067810059,-0.071718216,0.030212402,-0.062438965,-0.004531860,0.017623901,0.215335846,0.043910027,0.619929314,1.794592857,0.283982277,0.175452232,0.000004944,-6.107002735,5.129710674,1.328097582,-0.679197192,-0.001440185,0.004409790,-6.100250244,5.201295853,1.352270126,-0.678689957,0.002349854,0.000004944,-6.107002735,5.129710674,1.328097582,-0.679197192,-0.001440185,0.000000000,0.000000000,0.000000000,0.000000000,0.000000000,0.000000000,0.000000000,0.000000000,0.000000000,0.000000000,0.000000000,0.000000000,0.000000000,0.000000000,0.000000000,0.000000000,0.000000000,0.000000000,0.004404846,0.006752491,0.071585178,0.024172544,0.000507236,0.003790038,0.003335239,0.007673390,0.020028870,-0.033011716,0.000729704,0.002590381
1.539686203,0.214952469,0.044293404,0.619929314,1.794592857,0.283982277,0.175452232,-0.054382324,0.132143021,0.050354004,0.134948730,0.009567261,0.033737183,0.215335846,0.043910027,0.619929314,1.794592857,0.283598900,0.175068855,0.000004944,-6.106747150,5.129468441,1.327828765,-0.679273486,-0.001441234,-0.013748169,-6.166168213,5.187288284,1.348638535,-0.675271988,0.010040283,0.000004944,-6.106747150,5.129468441,1.327828765,-0.679273486,-0.001441234,0.000000000,0.000000000,0.000000000,0.000000000,0.000000000,0.000000000,0.000000000,0.000000000,0.000000000,0.000000000,0.000000000,0.000000000,0.000000000,0.000000000,0.000000000,0.000000000,0.000000000,0.000000000,-0.013753113,-0.059421062,0.057819843,0.020809770,0.004001498,0.011481517,-0.014727090,-0.058122743,0.006223125,-0.036139817,0.004196715,0.010215525
1.549616337,0.215335846,0.043910027,0.619929314,1.794592857,0.283982277,0.175452232,-0.083923340,-0.042421341,-0.046325684,-0.185977936,0.003524780,0.028701782,0.214952469,0.044293404,0.619929314,1.794592857,0.283982277,0.175452232,0.000004948,-6.110943794,5.127720833,1.328464746,-0.679465175,-0.001441011,0.020492554,-6.140533447,5.167573929,1.383398056,-0.692790031,-0.003631592,0.000004948,-6.110943794,5.127720833,1.328464746,-0.679465175,-0.001441011,0.000000000,0.000000000,0.000000000,0.000000000,0.000000000,0.000000000,0.000000000,0.000000000,0.000000000,0.000000000,0.000000000,0.000000000,0.000000000,0.000000000,0.000000000,0.000000000,0.000000000,0.000000000,0.020487605,-0.029589653,0.039853096,0.054933310,-0.013324857,-0.002190581,0.019388541,-0.028109978,-0.011668343,-0.002003352,-0.013045475,-0.003434415
1.559610605,0.214952469,0.044293404,0.619929314,1.794592857,0.283598900,0.175452232,0.049011230,0.039367676,0.049011230,0.003356934,-0.008560181,-0.029708862,0.214952469,0.043910027,0.619929314,1.794592857,0.283982277,0.175452232,0.000004951,-6.107002735,5.129710674,1.328097582,-0.679197192,-0.001440185,0.017379761,-6.142364502,5.202852249,1.346563339,-0.687235832,-0.005767822,0.000004951,-6.107002735,5.129710674,1.328097582,-0.679197192,-0.001440185,0.000000000,0.000000000,0.000000000,0.000000000,0.000000000,0.000000000,0.000000000,0.000000000,0.000000000,0.000000000,0.000000000,0.000000000,0.000000000,0.000000000,0.000000000,0.000000000,0.000000000,0.000000000,0.017374810,-0.035361767,0.073141575,0.018465757,-0.008038640,-0.004327637,0.016172078,-0.033666283,0.021482428,-0.038225866,-0.007709837,-0.005535985
1.569757462,0.214952469,0.044293404,0.619929314,1.794592857,0.283982277,0.175452232,0.125549316,-0.094911575,0.046325684,-0.040954590,-0.065967560,-0.044815063,0.214952469,0.044293404,0.619929314,1.794592857,0.283982277,0.175068855,0.000004948,-6.110942841,5.127720356,1.328463912,-0.679465353,-0.001441861,0.007522583,-6.140533447,5.176912308,1.389623642,-0.685099602,0.003204346,0.000004948,-6.110942841,5.127720356,1.328463912,-0.679465353,-0.001441861,0.000000000,0.000000000,0.000000000,0.000000000,0.000000000,0.000000000,0.000000000,0.000000000,0.000000000,0.000000000,0.000000000,0.000000000,0.000000000,0.000000000,0.000000000,0.000000000,0.000000000,0.000000000,0.007517635,-0.029590607,0.049191952,0.061159730,-0.005634248,0.004646207,0.006274935,-0.027718571,-0.002451580,0.004439827,-0.005271866,0.003416101
1.579646826,0.214952469,0.043910027,0.619929314,1.794592857,0.283982277,0.175452232,-0.077209473,-0.020446777,0.121520996,0.020812988,-0.036758423,0.011581421,0.214952469,0.043910027,0.619929314,1.794592857,0.283982277,0.175068855,0.000004951,-6.107001781,5.129709721,1.328096747,-0.679197371,-0.001441035,0.010116577,-6.054473877,5.152528763,1.373022079,-0.685526848,-0.009185791,0.000004951,-6.107001781,5.129709721,1.328096747,-0.679197371,-0.001441035,0.000000000,0.000000000,0.000000000,0.000000000,0.000000000,0.000000000,0.000000000,0.000000000,0.000000000,0.000000000,0.000000000,0.000000000,0.000000000,0.000000000,0.000000000,0.000000000,0.000000000,0.000000000,0.010111626,0.052527905,0.022819042,0.044925332,-0.006329477,-0.007744756,0.008813147,0.054057802,-0.028643203,-0.011720391,-0.005929566,-0.008918416
1.589611053,0.214952469,0.044293404,0.619545937,1.794592857,0.283982277,0.175068855,-0.098697662,0.007629395,-0.055725098,-0.085266113,0.038772583,0.031723022,0.215335846,0.044293404,0.619929314,1.794592857,0.283982277,0.175068855,0.000004941,-6.110942841,5.127720356,1.328463912,-0.679465353,-0.001441861,-0.021011353,-6.102081299,5.178987503,1.392217636,-0.686808586,-0.035248756,0.000004941,-6.110942841,5.127720356,1.328463912,-0.679465353,-0.001441861,0.000000000,0.000000000,0.000000000,0.000000000,0.000000000,0.000000000,0.000000000,0.000000000,0.000000000,0.000000000,0.000000000,0.000000000,0.000000000,0.000000000,0.000000000,0.000000000,0.000000000,0.000000000,-0.021016294,0.008861542,0.051267147,0.063753724,-0.007343233,-0.033806895,-0.022175306,0.010326493,-0.000193879,0.007063576,-0.006899926,-0.034761927
1.599615812,0.214952469,0.044293404,0.619929314,1.794592857,0.283982277,0.175452232,0.003356934,0.002136230,0.046325684,-0.055725098,0.035751343,0.016616821,0.215335846,0.043910027,0.619929314,1.794592857,0.283982277,0.175452232,0.000004944,-6.107002735,5.129710674,1.328097582,-0.679197192,-0.001440185,0.064071655,-6.058135986,5.176912308,1.396888733,-0.682107925,-0.000640869,0.000004944,-6.107002735,5.129710674,1.328097582,-0.679197192,-0.001440185,0.000000000,0.000000000,0.000000000,0.000000000,0.000000000,0.000000000,0.000000000,0.000000000,0.000000000,0.000000000,0.000000000,0.000000000,0.000000000,0.000000000,0.000000000,0.000000000,0.000000000,0.000000000,0.064066712,0.048866749,0.047201633,0.068791151,-0.002910733,0.000799316,0.062516969,0.050019081,-0.004232937,0.012025841,-0.002452101,-0.000154749
1.609647512,0.214952469,0.044293404,0.619929314,1.794592857,0.283982277,0.175452232,-0.036926270,-0.046083450,0.003356934,-0.081237793,-0.037765503,0.038772583,0.214952469,0.043910027,0.619929314,1.794592857,0.283982277,0.175452232,0.000004951,-6.107002735,5.129710674,1.328097582,-0.679197192,-0.001440185,-0.044359207,-6.111236572,5.194032669,1.423866272,-0.688517570,-0.009185791,0.000004951,-6.107002735,5.129710674,1.328097582,-0.679197192,-0.001440185,0.000000000,0.000000000,0.000000000,0.000000000,0.000000000,0.000000000,0.000000000,0.000000000,0.000000000,0.000000000,0.000000000,0.000000000,0.000000000,0.000000000,0.000000000,0.000000000,0.000000000,0.000000000,-0.044364158,-0.004233837,0.064321995,0.095768690,-0.009320378,-0.007745606,-0.045630482,-0.003062484,0.012807873,0.038762619,-0.008807044,-0.008645969
1.619819880,0.214952469,0.044293404,0.619929314,1.794592857,0.283598900,0.175452232,-0.085266113,0.082094193,0.020812988,0.081237793,-0.028701782,0.061935425,0.214952469,0.043910027,0.619929314,1.794592857,0.283982277,0.175452232,0.000004951,-6.107002735,5.129710674,1.328097582,-0.679197192,-0.001440185,-0.001296997,-6.149688721,5.203371048,1.378210068,-0.700907707,-0.002777100,0.000004951,-6.107002735,5.129710674,1.328097582,-0.679197192,-0.001440185,0.000000000,0.000000000,0.000000000,0.000000000,0.000000000,0.000000000,0.000000000,0.000000000,0.000000000,0.000000000,0.000000000,0.000000000,0.000000000,0.000000000,0.000000000,0.000000000,0.000000000,0.000000000,-0.001301948,-0.042685986,0.073660374,0.050112486,-0.021710515,-0.001336915,-0.002552515,-0.041259941,0.022010385,-0.006851294,-0.021067136,-0.002223552
1.629587650,0.215335846,0.044293404,0.619929314,1.794592857,0.283982277,0.175452232,0.028869629,0.187074661,-0.006042480,-0.132266998,-0.000503540,0.048843384,0.215335846,0.044293404,0.619929314,1.794592857,0.283598900,0.175452232,0.000004942,-6.110689163,5.127479553,1.328196883,-0.679541290,-0.001441210,-0.007522583,-6.085601807,5.172761917,1.380804062,-0.681253433,0.010467529,0.000004942,-6.110689163,5.127479553,1.328196883,-0.679541290,-0.001441210,0.000000000,0.000000000,0.000000000,0.000000000,0.000000000,0.000000000,0.000000000,0.000000000,0.000000000,0.000000000,0.000000000,0.000000000,0.000000000,0.000000000,0.000000000,0.000000000,0.000000000,0.000000000,-0.007527525,0.025087357,0.045282364,0.052607179,-0.001712143,0.011908739,-0.008724567,0.026351734,-0.006328798,-0.004330036,-0.001062248,0.010954894
1.639611006,0.214952469,0.043910027,0.619545937,1.794592857,0.283982277,0.175452232,0.051696777,-0.036315918,-0.019470215,0.058410645,0.010574341,-0.023666382,0.215335846,0.044293404,0.619929314,1.794592857,0.283982277,0.175068855,0.000004941,-6.110942841,5.127720356,1.328463912,-0.679465353,-0.001441861,0.007522583,-6.124053955,5.221529007,1.410377502,-0.670999527,-0.009185791,0.000004941,-6.110942841,5.127720356,1.328463912,-0.679465353,-0.001441861,0.000000000,0.000000000,0.000000000,0.000000000,0.000000000,0.000000000,0.000000000,0.000000000,0.000000000,0.000000000,0.000000000,0.000000000,0.000000000,0.000000000,0.000000000,0.000000000,0.000000000,0.000000000,0.007517642,-0.013111115,0.093808651,0.081913590,0.008465827,-0.007743930,0.006282293,-0.011774939,0.041941747,0.024825004,0.009060475,-0.008645061
1.649645329,0.214952469,0.043910027,0.619929314,1.794592857,0.283982277,0.175452232,0.012756348,0.050354004,0.163146973,-0.027526855,0.055892944,0.099197388,0.214952469,0.043910027,0.619929314,1.794592857,0.283982277,0.175452232,0.000004951,-6.107002735,5.129710674,1.328097582,-0.679197192,-0.001440185,-0.004928589,-6.050811768,5.166017532,1.374578476,-0.688944817,0.003631592,0.000004951,-6.107002735,5.129710674,1.328097582,-0.679197192,-0.001440185,0.000000000,0.000000000,0.000000000,0.000000000,0.000000000,0.000000000,0.000000000,0.000000000,0.000000000,0.000000000,0.000000000,0.000000000,0.000000000,0.000000000,0.000000000,0.000000000,0.000000000,0.000000000,-0.004933540,0.056190968,0.036306858,0.046480894,-0.009747624,0.005071777,-0.006131727,0.057180594,-0.015466311,-0.010543791,-0.009097837,0.004145521
1.659617662,0.215335846,0.044293404,0.619545937,1.794592857,0.283982277,0.175068855,0.007385254,0.052185059,-0.035583496,0.090637207,0.025680542,-0.063949585,0.215335846,0.044293404,0.619545937,1.794592857,0.283982277,0.175452232,0.000004943,-6.108842373,5.125730515,1.328831792,-0.679733038,-0.001441837,0.008560181,-6.094757080,5.175874710,1.379766464,-0.669290543,-0.011749268,0.000004943,-6.108842373,5.125730515,1.328831792,-0.679733038,-0.001441837,0.000000000,0.000000000,0.000000000,0.000000000,0.000000000,0.000000000,0.000000000,0.000000000,0.000000000,0.000000000,0.000000000,0.000000000,0.000000000,0.000000000,0.000000000,0.000000000,0.000000000,0.000000000,0.008555238,0.014085293,0.050144196,0.050934672,0.010442495,-0.010307431,0.007312997,0.014984651,-0.001619219,-0.006053546,0.011025862,-0.011166419
1.669848442,0.214952469,0.044293404,0.619929314,1.794592857,0.283982277,0.175068855,-0.073181152,0.079652786,-0.004699707,-0.093326569,0.033737183,-0.057907104,0.214952469,0.044293404,0.619929314,1.794592857,0.283982277,0.175452232,0.000004948,-6.110943794,5.127720833,1.328464746,-0.679465175,-0.001441011,0.008041382,-6.058135986,5.151491165,1.372503281,-0.676126480,0.009185791,0.000004948,-6.110943794,5.127720833,1.328464746,-0.679465175,-0.001441011,0.000000000,0.000000000,0.000000000,0.000000000,0.000000000,0.000000000,0.000000000,0.000000000,0.000000000,0.000000000,0.000000000,0.000000000,0.000000000,0.000000000,0.000000000,0.000000000,0.000000000,0.000000000,0.008036433,0.052807808,0.023770332,0.044038534,0.003338695,0.010626802,0.006753751,0.053387480,-0.027826457,-0.012872602,0.003898715,0.009709672
1.679649830,0.214952469,0.043910027,0.619545937,1.794209480,0.283982277,0.175452232,0.012756348,0.019226074,-0.082580566,-0.134952545,-0.038772583,0.004531860,0.214952469,0.043910027,0.619929314,1.794592857,0.283982277,0.175452232,0.000004951,-6.107002735,5.129710674,1.328097582,-0.679197192,-0.001440185,0.015823364,-6.120391846,5.178468704,1.397407532,-0.676980972,0.002349854,0.000004951,-6.107002735,5.129710674,1.328097582,-0.679197192,-0.001440185,0.000000000,0.000000000,0.000000000,0.000000000,0.000000000,0.000000000,0.000000000,0.000000000,0.000000000,0.000000000,0.000000000,0.000000000,0.000000000,0.000000000,0.000000000,0.000000000,0.000000000,0.000000000,0.015818413,-0.013389111,0.048758030,0.069309950,0.002216220,0.003790038,0.014449720,-0.012733643,-0.002821962,0.012325448,0.002759813,0.002855909
1.689649343,0.214952469,0.043910027,0.619929314,1.794592857,0.283982277,0.175452232,-0.035583496,0.054016113,0.066467285,0.066467285,0.069992065,-0.000503540,0.214952469,0.043910027,0.619929314,1.794592857,0.283982277,0.175452232,0.000004951,-6.107002735,5.129710674,1.328097582,-0.679197192,-0.001440185,-0.006484985,-6.114898682,5.198183060,1.369909286,-0.668863297,0.004058838,0.000004951,-6.107002735,5.129710674,1.328097582,-0.679197192,-0.001440185,0.000000000,0.000000000,0.000000000,0.000000000,0.000000000,0.000000000,0.000000000,0.000000000,0.000000000,0.000000000,0.000000000,0.000000000,0.000000000,0.000000000,0.000000000,0.000000000,0.000000000,0.000000000,-0.006489936,-0.007895947,0.068472385,0.041811705,0.010333896,0.005499023,-0.007812402,-0.007197888,0.016793027,-0.015083546,0.010813504,0.004538041
1.699652910,0.214952469,0.044293404,0.619929314,1.794592857,0.283982277,0.175452232,0.002014160,0.061340332,0.003356934,-0.089298248,-0.065967560,0.012588501,0.214952469,0.043910027,0.619929314,1.794592857,0.283982277,0.175068855,0.000004951,-6.107001781,5.129709721,1.328096747,-0.679197371,-0.001441035,-0.015823364,-6.162506104,5.171205521,1.392736435,-0.666299820,-0.004058838,0.000004951,-6.107001781,5.129709721,1.328096747,-0.679197371,-0.001441035,0.000000000,0.000000000,0.000000000,0.000000000,0.000000000,0.000000000,0.000000000,0.000000000,0.000000000,0.000000000,0.000000000,0.000000000,0.000000000,0.000000000,0.000000000,0.000000000,0.000000000,0.000000000,-0.015828315,-0.055504322,0.041495800,0.064639688,0.012897551,-0.002617803,-0.017050484,-0.054485759,-0.010124006,0.007699148,0.013298930,-0.003557856
1.709814787,0.215335846,0.043910027,0.619929314,1.794592857,0.283982277,0.175068855,0.012756348,-0.075380325,0.114807129,-0.062438965,0.016616821,0.025680542,0.215335846,0.043910027,0.619929314,1.794592857,0.283982277,0.175452232,0.000004944,-6.107002735,5.129710674,1.328097582,-0.679197192,-0.001440185,-0.000778198,-6.136871338,5.187288284,1.431648254,-0.657754898,-0.011749268,0.000004944,-6.107002735,5.129710674,1.328097582,-0.679197192,-0.001440185,0.000000000,0.000000000,0.000000000,0.000000000,0.000000000,0.000000000,0.000000000,0.000000000,0.000000000,0.000000000,0.000000000,0.000000000,0.000000000,0.000000000,0.000000000,0.000000000,0.000000000,0.000000000,-0.000783142,-0.029868603,0.057577610,0.103550673,0.021442294,-0.010309083,-0.001993652,-0.028682307,0.005923166,0.046339144,0.021716675,-0.011183734
1.719656229,0.214952469,0.044293404,0.619929314,1.794592857,0.283982277,0.175452232,0.055725098,0.013122559,0.079895020,0.010070801,0.040786743,0.044815063,0.215335846,0.044293404,0.619545937,1.794592857,0.283982277,0.175068855,0.000004943,-6.108841896,5.125729561,1.328830957,-0.679733217,-0.001442687,-0.006484985,-6.120391846,5.174837112,1.377691269,-0.682535172,0.000213623,0.000004943,-6.108841896,5.125729561,1.328830957,-0.679733217,-0.001442687,0.000000000,0.000000000,0.000000000,0.000000000,0.000000000,0.000000000,0.000000000,0.000000000,0.000000000,0.000000000,0.000000000,0.000000000,0.000000000,0.000000000,0.000000000,0.000000000,0.000000000,0.000000000,-0.006489928,-0.011549950,0.049107552,0.048860312,-0.002801955,0.001656310,-0.007655927,-0.010303748,-0.002532171,-0.008302944,-0.002512964,0.000777140
1.729646206,0.214952469,0.043910027,0.619929314,1.794592857,0.283982277,0.175452232,-0.051696777,-0.028381348,-0.054382324,0.112121582,0.009567261,-0.004531860,0.214952469,0.043910027,0.619929314,1.794592857,0.283982277,0.175068855,0.000004951,-6.107001781,5.129709721,1.328096747,-0.679197371,-0.001441035,-0.013748169,-6.072784424,5.168611526,1.383916855,-0.659891129,0.007049561,0.000004951,-6.107001781,5.129709721,1.328096747,-0.679197371,-0.001441035,0.000000000,0.000000000,0.000000000,0.000000000,0.000000000,0.000000000,0.000000000,0.000000000,0.000000000,0.000000000,0.000000000,0.000000000,0.000000000,0.000000000,0.000000000,0.000000000,0.000000000,0.000000000,-0.013753120,0.034217358,0.038901806,0.055820107,0.019306242,0.008490596,-0.014833377,0.035259746,-0.012664710,-0.001335429,0.019482617,0.007567683
1.739649773,0.215335846,0.044293404,0.619929314,1.794592857,0.283982277,0.175068855,0.046325684,0.007019043,0.030212402,0.049011230,-0.006546021,0.028701782,0.214952469,0.044293404,0.619929314,1.794592857,0.283982277,0.175068855,0.000004948,-6.110942841,5.127720356,1.328463912,-0.679465353,-0.001441861,0.017379761,-6.070953369,5.145784378,1.388067245,-0.684672356,-0.003631592,0.000004948,-6.110942841,5.127720356,1.328463912,-0.679465353,-0.001441861,0.000000000,0.000000000,0.000000000,0.000000000,0.000000000,0.000000000,0.000000000,0.000000000,0.000000000,0.000000000,0.000000000,0.000000000,0.000000000,0.000000000,0.000000000,0.000000000,0.000000000,0.000000000,0.017374812,0.039989471,0.018064022,0.059603333,-0.005207002,-0.002189731,0.016201444,0.040797392,-0.033311051,0.002433810,-0.005001881,-0.003094858
1.749623299,0.215335846,0.043910027,0.619929314,1.794592857,0.283982277,0.175452232,0.079895020,-0.091249466,0.086608887,-0.016784668,-0.023666382,-0.029708862,0.214952469,0.043910027,0.619929314,1.794592857,0.283982277,0.175452232,0.000004951,-6.107002735,5.129710674,1.328097582,-0.679197192,-0.001440185,0.009078979,-6.151519775,5.171205521,1.400520325,-0.683389664,-0.023712158,0.000004951,-6.107002735,5.129710674,1.328097582,-0.679197192,-0.001440185,0.000000000,0.000000000,0.000000000,0.000000000,0.000000000,0.000000000,0.000000000,0.000000000,0.000000000,0.000000000,0.000000000,0.000000000,0.000000000,0.000000000,0.000000000,0.000000000,0.000000000,0.000000000,0.009074029,-0.044517040,0.041494846,0.072422743,-0.004192472,-0.022271973,0.007855770,-0.043460773,-0.009824089,0.015166553,-0.003964695,-0.023045412
1.759613991,0.215335846,0.044293404,0.619929314,1.794592857,0.283982277,0.175452232,0.066467285,0.009460449,0.050354004,-0.003356934,-0.024673462,0.004531860,0.214952469,0.043910027,0.619929314,1.794592857,0.283598900,0.175068855,0.000004951,-6.106747150,5.129468441,1.327828765,-0.679273486,-0.001441234,-0.001815796,-6.098419189,5.192995071,1.376134872,-0.672708511,-0.001495361,0.000004951,-6.106747150,5.129468441,1.327828765,-0.679273486,-0.001441234,0.000000000,0.000000000,0.000000000,0.000000000,0.000000000,0.000000000,0.000000000,0.000000000,0.000000000,0.000000000,0.000000000,0.000000000,0.000000000,0.000000000,0.000000000,0.000000000,0.000000000,0.000000000,-0.001820747,0.008327961,0.063526630,0.048306108,0.006564975,-0.000054128,-0.003021836,0.009331210,0.012138725,-0.008899517,0.006754374,-0.000822891
1.769584179,0.214952469,0.043910027,0.619929314,1.794592857,0.283982277,0.175452232,0.026184082,-0.046083450,0.044982910,-0.067810059,0.035751343,-0.027694702,0.214952469,0.044293404,0.619929314,1.794592857,0.283982277,0.175452232,0.000004948,-6.110943794,5.127720833,1.328464746,-0.679465175,-0.001441011,0.008560181,-6.107574463,5.190919876,1.392217636,-0.706889153,-0.002777100,0.000004948,-6.110943794,5.127720833,1.328464746,-0.679465175,-0.001441011,0.000000000,0.000000000,0.000000000,0.000000000,0.000000000,0.000000000,0.000000000,0.000000000,0.000000000,0.000000000,0.000000000,0.000000000,0.000000000,0.000000000,0.000000000,0.000000000,0.000000000,0.000000000,0.008555232,0.003369331,0.063199043,0.063752890,-0.027423978,-0.001336089,0.007312828,0.004348016,0.011744783,0.006510483,-0.027081575,-0.002093027
1.779658794,0.214952469,0.044293404,0.619929314,1.794592857,0.283982277,0.175068855,-0.063781738,0.201112747,0.019470215,-0.128238678,0.051864624,-0.008560181,0.214952469,0.044293404,0.619929314,1.794592857,0.283982277,0.175452232,0.000004948,-6.110943794,5.127720833,1.328464746,-0.679465175,-0.001441011,0.017898560,-6.074615479,5.157197952,1.392736435,-0.642801285,0.007049561,0.000004948,-6.110943794,5.127720833,1.328464746,-0.679465175,-0.001441011,0.000000000,0.000000000,0.000000000,0.000000000,0.000000000,0.000000000,0.000000000,0.000000000,0.000000000,0.000000000,0.000000000,0.000000000,0.000000000,0.000000000,0.000000000,0.000000000,0.000000000,0.000000000,0.017893611,0.036328316,0.029477119,0.064271688,0.036663890,0.008490571,0.016558183,0.037098581,-0.021854363,0.006990012,0.036799554,0.007690429
1.789825201,0.215335846,0.043910027,0.619929314,1.794592857,0.283982277,0.175452232,0.138977051,0.078432083,0.008728027,0.094665527,0.003524780,0.055892944,0.214952469,0.043910027,0.619929314,1.794592857,0.283982277,0.175452232,0.000004951,-6.107002735,5.129710674,1.328097582,-0.679197192,-0.001440185,0.003890991,-6.107574463,5.195589066,1.380285263,-0.681253433,-0.004913330,0.000004951,-6.107002735,5.129710674,1.328097582,-0.679197192,-0.001440185,0.000000000,0.000000000,0.000000000,0.000000000,0.000000000,0.000000000,0.000000000,0.000000000,0.000000000,0.000000000,0.000000000,0.000000000,0.000000000,0.000000000,0.000000000,0.000000000,0.000000000,0.000000000,0.003886040,-0.000571728,0.065878391,0.052187681,-0.002056241,-0.003473145,0.002536442,0.000197434,0.014466092,-0.005065695,-0.001909907,-0.004249547
1.799608946,0.214952469,0.043910027,0.619929314,1.794592857,0.283982277,0.175068855,-0.069152832,-0.071718216,-0.026184082,-0.074523926,0.018630981,-0.052871704,0.214952469,0.044293404,0.619929314,1.794592857,0.283982277,0.175068855,0.000004948,-6.110942841,5.127720356,1.328463912,-0.679465353,-0.001441861,-0.001296997,-6.078277588,5.180543900,1.392736435,-0.683389664,-0.000213623,0.000004948,-6.110942841,5.127720356,1.328463912,-0.679465353,-0.001441861,0.000000000,0.000000000,0.000000000,0.000000000,0.000000000,0.000000000,0.000000000,0.000000000,0.000000000,0.000000000,0.000000000,0.000000000,0.000000000,0.000000000,0.000000000,0.000000000,0.000000000,0.000000000,-0.001301946,0.032665253,0.052823544,0.064272523,-0.003924310,0.001228238,-0.002636894,0.033249694,0.001403448,0.006980366,-0.003757104,0.000449339
1.809651852,0.214952469,0.043910027,0.619545937,1.794592857,0.283982277,0.175452232,-0.163150787,0.022888184,-0.136295319,-0.044982910,0.010574341,0.019638062,0.214952469,0.044293404,0.619545937,1.794592857,0.283982277,0.175452232,0.000004950,-6.108842373,5.125730515,1.328831792,-0.679733038,-0.001441837,-0.025680542,-6.149688721,5.165498734,1.386510849,-0.691508293,-0.000213623,0.000004950,-6.108842373,5.125730515,1.328831792,-0.679733038,-0.001441837,0.000000000,0.000000000,0.000000000,0.000000000,0.000000000,0.000000000,0.000000000,0.000000000,0.000000000,0.000000000,0.000000000,0.000000000,0.000000000,0.000000000,0.000000000,0.000000000,0.000000000,0.000000000,-0.025685492,-0.040846348,0.039768219,0.057679057,-0.011775255,0.001228214,-0.026871977,-0.040040687,-0.011587856,0.000384775,-0.011544268,0.000446846
1.819812059,0.214952469,0.044293404,0.619929314,1.794592857,0.283982277,0.175068855,0.065124512,0.117494583,0.081237793,0.082580566,-0.008560181,0.027694702,0.214952469,0.043910027,0.619929314,1.794592857,0.283982277,0.175068855,0.000004951,-6.107001781,5.129709721,1.328096747,-0.679197371,-0.001441035,0.036575317,-6.116729736,5.193513870,1.385992050,-0.693217278,0.010040283,0.000004951,-6.107001781,5.129709721,1.328096747,-0.679197371,-0.001441035,0.000000000,0.000000000,0.000000000,0.000000000,0.000000000,0.000000000,0.000000000,0.000000000,0.000000000,0.000000000,0.000000000,0.000000000,0.000000000,0.000000000,0.000000000,0.000000000,0.000000000,0.000000000,0.036570367,-0.009727955,0.063804150,0.057895303,-0.014019907,0.011481318,0.035190527,-0.008873538,0.012380053,0.000597736,-0.013713570,0.010641481
1.829794168,0.214952469,0.043910027,0.619545937,1.794592857,0.283982277,0.175068855,0.036926270,-0.109560013,0.061096191,-0.077209473,0.023666382,0.006546021,0.214952469,0.043910027,0.619929314,1.794592857,0.283982277,0.175452232,0.000004951,-6.107002735,5.129710674,1.328097582,-0.679197192,-0.001440185,-0.029312134,-6.114898682,5.177431107,1.389104843,-0.698344231,-0.014312744,0.000004951,-6.107002735,5.129710674,1.328097582,-0.679197192,-0.001440185,0.000000000,0.000000000,0.000000000,0.000000000,0.000000000,0.000000000,0.000000000,0.000000000,0.000000000,0.000000000,0.000000000,0.000000000,0.000000000,0.000000000,0.000000000,0.000000000,0.000000000,0.000000000,-0.029317085,-0.007895947,0.047720432,0.061007261,-0.019147038,-0.012872559,-0.030530093,-0.007003261,-0.003683536,0.003689533,-0.018738307,-0.013637872
1.839637518,0.214952469,0.044293404,0.619545937,1.794592857,0.283982277,0.175452232,-0.091983795,0.098573685,-0.069152832,0.140319824,0.051864624,-0.004531860,0.214952469,0.044293404,0.619929314,1.794592857,0.283982277,0.175452232,0.000004948,-6.110943794,5.127720833,1.328464746,-0.679465175,-0.001441011,0.030868530,-6.061798096,5.211671829,1.388067245,-0.689372063,-0.008758545,0.000004948,-6.110943794,5.127720833,1.328464746,-0.679465175,-0.001441011,0.000000000,0.000000000,0.000000000,0.000000000,0.000000000,0.000000000,0.000000000,0.000000000,0.000000000,0.000000000,0.000000000,0.000000000,0.000000000,0.000000000,0.000000000,0.000000000,0.000000000,0.000000000,0.030863582,0.049145699,0.083950996,0.059602499,-0.009906888,-0.007317534,0.029490300,0.049767907,0.032371098,0.002272421,-0.009446815,-0.008039156
1.849798679,0.214952469,0.044293404,0.619929314,1.794592857,0.283982277,0.175068855,-0.116153717,-0.033264160,-0.047668457,-0.010070801,0.041793823,-0.025680542,0.214952469,0.044293404,0.619545937,1.794592857,0.283982277,0.175452232,0.000004950,-6.108842373,5.125730515,1.328831792,-0.679733038,-0.001441837,0.003372192,-6.151519775,5.223604202,1.383398056,-0.682107925,0.024566650,0.000004950,-6.108842373,5.125730515,1.328831792,-0.679733038,-0.001441837,0.000000000,0.000000000,0.000000000,0.000000000,0.000000000,0.000000000,0.000000000,0.000000000,0.000000000,0.000000000,0.000000000,0.000000000,0.000000000,0.000000000,0.000000000,0.000000000,0.000000000,0.000000000,0.003367243,-0.042677402,0.097873688,0.054566264,-0.002374887,0.026008487,0.001983241,-0.041829091,0.046044898,-0.002748955,-0.001904520,0.025150914
1.859615803,0.214952469,0.043910027,0.619545937,1.794592857,0.283982277,0.175068855,0.031555176,0.035705566,-0.096012115,0.074523926,0.006546021,-0.012588501,0.214952469,0.043910027,0.619929314,1.794592857,0.283982277,0.175452232,0.000004951,-6.107002735,5.129710674,1.328097582,-0.679197192,-0.001440185,-0.015304565,-6.103912354,5.188325882,1.366796494,-0.663309097,0.010040283,0.000004951,-6.107002735,5.129710674,1.328097582,-0.679197192,-0.001440185,0.000000000,0.000000000,0.000000000,0.000000000,0.000000000,0.000000000,0.000000000,0.000000000,0.000000000,0.000000000,0.000000000,0.000000000,0.000000000,0.000000000,0.000000000,0.000000000,0.000000000,0.000000000,-0.015309516,0.003090382,0.058615208,0.038698912,0.015888095,0.011480468,-0.016604248,0.003917630,0.006750127,-0.018516755,0.016270984,0.010566088
1.869641304,0.214952469,0.043910027,0.619929314,1.794592857,0.283982277,0.175068855,0.007385254,0.114442825,0.106750488,0.002014160,-0.049850464,-0.064960480,0.214952469,0.043910027,0.619929314,1.794592857,0.283982277,0.175068855,0.000004951,-6.107001781,5.129709721,1.328096747,-0.679197371,-0.001441035,0.012710571,-6.133209229,5.146821976,1.373540878,-0.667581558,-0.001922607,0.000004951,-6.107001781,5.129709721,1.328096747,-0.679197371,-0.001441035,0.000000000,0.000000000,0.000000000,0.000000000,0.000000000,0.000000000,0.000000000,0.000000000,0.000000000,0.000000000,0.000000000,0.000000000,0.000000000,0.000000000,0.000000000,0.000000000,0.000000000,0.000000000,0.012705620,-0.026207447,0.017112255,0.045444131,0.011615813,-0.000481572,0.011350193,-0.025245197,-0.034567970,-0.011708921,0.011934879,-0.001388527
1.879832029,0.214952469,0.044293404,0.619929314,1.794592857,0.283982277,0.175452232,-0.030212402,-0.009460449,-0.097354889,0.156433105,0.020645142,0.025680542,0.214952469,0.044293404,0.619929314,1.794592857,0.283982277,0.175068855,0.000004948,-6.110942841,5.127720356,1.328463912,-0.679465353,-0.001441861,-0.003372192,-6.118560791,5.163423538,1.375616074,-0.661600113,0.000640869,0.000004948,-6.110942841,5.127720356,1.328463912,-0.679465353,-0.001441861,0.000000000,0.000000000,0.000000000,0.000000000,0.000000000,0.000000000,0.000000000,0.000000000,0.000000000,0.000000000,0.000000000,0.000000000,0.000000000,0.000000000,0.000000000,0.000000000,0.000000000,0.000000000,-0.003377141,-0.007617950,0.035703182,0.047152162,0.017865241,0.002082730,-0.004707529,-0.006620485,-0.015892508,-0.009947975,0.018088094,0.001169554
1.889668941,0.215335846,0.044293404,0.619929314,1.794592857,0.283982277,0.175068855,0.122863770,0.157167435,0.143005371,0.022155762,0.035751343,-0.013595581,0.214952469,0.044293404,0.619929314,1.794592857,0.283982277,0.175452232,0.000004948,-6.110943794,5.127720833,1.328464746,-0.679465175,-0.001441011,0.015304565,-6.111236572,5.175355911,1.375616074,-0.678689957,0.005340576,0.000004948,-6.110943794,5.127720833,1.328464746,-0.679465175,-0.001441011,0.000000000,0.000000000,0.000000000,0.000000000,0.000000000,0.000000000,0.000000000,0.000000000,0.000000000,0.000000000,0.000000000,0.000000000,0.000000000,0.000000000,0.000000000,0.000000000,0.000000000,0.000000000,0.015299617,-0.000292778,0.047635078,0.047151327,0.000775218,0.006781587,0.013895707,0.000700978,-0.003939767,-0.009896448,0.000992818,0.005837525
1.899610043,0.214952469,0.043910027,0.619929314,1.794592857,0.283982277,0.175068855,0.087951660,-0.008239746,0.167175293,0.183292389,0.020645142,0.001510620,0.215335846,0.044293404,0.619929314,1.794592857,0.283982277,0.175068855,0.000004941,-6.110942841,5.127720356,1.328463912,-0.679465353,-0.001441861,0.003890991,-6.080108643,5.190919876,1.376653671,-0.672281265,0.002349854,0.000004941,-6.110942841,5.127720356,1.328463912,-0.679465353,-0.001441861,0.000000000,0.000000000,0.000000000,0.000000000,0.000000000,0.000000000,0.000000000,0.000000000,0.000000000,0.000000000,0.000000000,0.000000000,0.000000000,0.000000000,0.000000000,0.000000000,0.000000000,0.000000000,0.003886050,0.030834198,0.063199520,0.048189759,0.007184088,0.003791714,0.002469144,0.031661316,0.011563813,-0.008811639,0.007362936,0.002832743
1.909650803,0.214952469,0.044293404,0.619929314,1.794592857,0.283982277,0.175452232,0.019470215,0.132143021,-0.075866699,0.049011230,0.015609741,-0.004531860,0.214952469,0.044293404,0.619929314,1.794592857,0.283982277,0.175452232,0.000004948,-6.110943794,5.127720833,1.328464746,-0.679465175,-0.001441011,0.017379761,-6.102081299,5.163942337,1.398963928,-0.676553726,-0.018157959,0.000004948,-6.110943794,5.127720833,1.328464746,-0.679465175,-0.001441011,0.000000000,0.000000000,0.000000000,0.000000000,0.000000000,0.000000000,0.000000000,0.000000000,0.000000000,0.000000000,0.000000000,0.000000000,0.000000000,0.000000000,0.000000000,0.000000000,0.000000000,0.000000000,0.017374812,0.008862495,0.036221504,0.070499182,0.002911448,-0.016716948,0.015874793,0.009639146,-0.015333921,0.013427483,0.003074201,-0.017583857
1.919597149,0.214952469,0.044293404,0.619545937,1.794592857,0.283982277,0.175452232,0.129577637,0.006408691,-0.130924225,0.126892090,0.065963745,0.043807983,0.214952469,0.043910027,0.619929314,1.794592857,0.283982277,0.175452232,0.000004951,-6.107002735,5.129710674,1.328097582,-0.679197192,-0.001440185,0.001815796,-6.142364502,5.196107864,1.386510849,-0.690653801,-0.013458252,0.000004951,-6.107002735,5.129710674,1.328097582,-0.679197192,-0.001440185,0.000000000,0.000000000,0.000000000,0.000000000,0.000000000,0.000000000,0.000000000,0.000000000,0.000000000,0.000000000,0.000000000,0.000000000,0.000000000,0.000000000,0.000000000,0.000000000,0.000000000,0.000000000,0.001810845,-0.035361767,0.066397190,0.058413267,-0.011456609,-0.012018067,0.000309215,-0.034405918,0.014764865,0.001334617,-0.011235339,-0.012818215
1.929676771,0.215335846,0.044293404,0.619929314,1.794592857,0.283982277,0.175452232,0.014099121,0.020446777,-0.047668457,-0.012756348,0.014602661,0.023666382,0.214952469,0.044293404,0.619929314,1.794592857,0.283982277,0.175068855,0.000004948,-6.110942841,5.127720356,1.328463912,-0.679465353,-0.001441861,-0.046953201,-6.157012939,5.189882278,1.391698837,-0.692790031,-0.014739990,0.000004948,-6.110942841,5.127720356,1.328463912,-0.679465353,-0.001441861,0.000000000,0.000000000,0.000000000,0.000000000,0.000000000,0.000000000,0.000000000,0.000000000,0.000000000,0.000000000,0.000000000,0.000000000,0.000000000,0.000000000,0.000000000,0.000000000,0.000000000,0.000000000,-0.046958150,-0.046070099,0.062161922,0.063234925,-0.013324678,-0.013298129,-0.048209987,-0.044881703,0.010475321,0.006124542,-0.013035865,-0.014025605
1.939610243,0.214952469,0.043910027,0.619545937,1.794592857,0.283982277,0.175452232,0.023498535,-0.154726028,-0.071838379,-0.051696777,-0.005538940,0.001510620,0.214952469,0.043910027,0.619929314,1.794592857,0.283982277,0.175452232,0.000004951,-6.107002735,5.129710674,1.328097582,-0.679197192,-0.001440185,0.019454956,-6.142364502,5.156679153,1.329961777,-0.675271988,0.007049561,0.000004951,-6.107002735,5.129710674,1.328097582,-0.679197192,-0.001440185,0.000000000,0.000000000,0.000000000,0.000000000,0.000000000,0.000000000,0.000000000,0.000000000,0.000000000,0.000000000,0.000000000,0.000000000,0.000000000,0.000000000,0.000000000,0.000000000,0.000000000,0.000000000,0.019450005,-0.035361767,0.026968479,0.001864195,0.003925204,0.008489745,0.018104844,-0.033998123,-0.024591363,-0.054962875,0.004192407,0.007722463
1.949769735,0.215335846,0.044293404,0.619929314,1.794592857,0.283982277,0.175068855,0.176578522,0.050964355,-0.042297363,-0.014099121,0.058914185,-0.020645142,0.215335846,0.044293404,0.619929314,1.794592857,0.283982277,0.175452232,0.000004941,-6.110943794,5.127720833,1.328464746,-0.679465175,-0.001441011,0.017898560,-6.144195557,5.171724319,1.388586044,-0.636819839,0.006195068,0.000004941,-6.110943794,5.127720833,1.328464746,-0.679465175,-0.001441011,0.000000000,0.000000000,0.000000000,0.000000000,0.000000000,0.000000000,0.000000000,0.000000000,0.000000000,0.000000000,0.000000000,0.000000000,0.000000000,0.000000000,0.000000000,0.000000000,0.000000000,0.000000000,0.017893618,-0.033251762,0.044003487,0.060121298,0.042645335,0.007636079,0.016464026,-0.031725424,-0.007517802,0.003277421,0.042693596,0.006833752
1.959743738,0.214952469,0.044293404,0.619929314,1.794592857,0.283982277,0.175068855,-0.132266998,-0.059511185,-0.034240723,0.010070801,-0.007553101,-0.057907104,0.215335846,0.043910027,0.619929314,1.794592857,0.283982277,0.175068855,0.000004944,-6.107001781,5.129709721,1.328096747,-0.679197371,-0.001441035,0.002853394,-6.122222900,5.227754593,1.379247665,-0.684672356,0.009613037,0.000004944,-6.107001781,5.129709721,1.328096747,-0.679197371,-0.001441035,0.000000000,0.000000000,0.000000000,0.000000000,0.000000000,0.000000000,0.000000000,0.000000000,0.000000000,0.000000000,0.000000000,0.000000000,0.000000000,0.000000000,0.000000000,0.000000000,0.000000000,0.000000000,0.002848450,-0.015221119,0.098044872,0.051150918,-0.005474985,0.011054072,0.001411655,-0.013625264,0.046287423,-0.005664061,-0.005399177,0.010199706
1.969873190,0.214952469,0.043910027,0.619929314,1.794592857,0.283982277,0.175452232,0.014099121,0.031433105,-0.030212402,-0.082580566,0.005538940,0.048843384,0.214952469,0.043910027,0.619545937,1.794592857,0.283982277,0.175452232,0.000004952,-6.104902744,5.127720833,1.328464746,-0.679465175,-0.001441011,0.011672974,-6.098419189,5.189882278,1.396369934,-0.685526848,-0.002349854,0.000004952,-6.104902744,5.127720833,1.328464746,-0.679465175,-0.001441011,0.000000000,0.000000000,0.000000000,0.000000000,0.000000000,0.000000000,0.000000000,0.000000000,0.000000000,0.000000000,0.000000000,0.000000000,0.000000000,0.000000000,0.000000000,0.000000000,0.000000000,0.000000000,0.011668022,0.006483555,0.062161446,0.067905188,-0.006061673,-0.000908843,0.010179554,0.008038605,0.010351451,0.011034198,-0.005955633,-0.001754304
1.979663134,0.214952469,0.044293404,0.619929314,1.794592857,0.283982277,0.175452232,0.020812988,0.011901855,0.038269043,0.040954590,-0.056900024,-0.022659302,0.214952469,0.043910027,0.619929314,1.794592857,0.283982277,0.175068855,0.000004951,-6.107001781,5.129709721,1.328096747,-0.679197371,-0.001441035,0.017379761,-6.142364502,5.177431107,1.367315292,-0.679544449,-0.004058838,0.000004951,-6.107001781,5.129709721,1.328096747,-0.679197371,-0.001441035,0.000000000,0.000000000,0.000000000,0.000000000,0.000000000,0.000000000,0.000000000,0.000000000,0.000000000,0.000000000,0.000000000,0.000000000,0.000000000,0.000000000,0.000000000,0.000000000,0.000000000,0.000000000,0.017374810,-0.035362720,0.047721386,0.039218545,-0.000347078,-0.002617803,0.015806512,-0.033637782,-0.004068063,-0.017563739,-0.000239827,-0.003445861
1.989758253,0.215335846,0.044293404,0.619929314,1.794592857,0.283982277,0.175068855,0.004699707,0.078432083,0.053039551,0.055725098,0.004531860,-0.058914185,0.215335846,0.044293404,0.619545937,1.794592857,0.283982277,0.175452232,0.000004943,-6.108842373,5.125730515,1.328831792,-0.679733038,-0.001441837,-0.001815796,-6.125885010,5.168611526,1.387548447,-0.668436050,0.013458252,0.000004943,-6.108842373,5.125730515,1.328831792,-0.679733038,-0.001441837,0.000000000,0.000000000,0.000000000,0.000000000,0.000000000,0.000000000,0.000000000,0.000000000,0.000000000,0.000000000,0.000000000,0.000000000,0.000000000,0.000000000,0.000000000,0.000000000,0.000000000,0.000000000,-0.001820739,-0.017042637,0.042881012,0.058716655,0.011296988,0.014900089,-0.003372092,-0.015241110,-0.008863895,0.001924699,0.011347217,0.014001670
1.999654055,0.214952469,0.043910027,0.619545937,1.794592857,0.283982277,0.175068855,0.074523926,0.080873489,-0.020812988,-0.104068756,0.062942505,-0.021652222,0.214952469,0.043910027,0.619929314,1.794592857,0.283982277,0.175068855,0.000004951,-6.107001781,5.129709721,1.328096747,-0.679197371,-0.001441035,0.011154175,-6.072784424,5.172761917,1.382360458,-0.682107925,-0.001068115,0.000004951,-6.107001781,5.129709721,1.328096747,-0.679197371,-0.001441035,0.000000000,0.000000000,0.000000000,0.000000000,0.000000000,0.000000000,0.000000000,0.000000000,0.000000000,0.000000000,0.000000000,0.000000000,0.000000000,0.000000000,0.000000000,0.000000000,0.000000000,0.000000000,0.011149224,0.034217358,0.043052197,0.054263711,-0.002910554,0.000372920,0.009550120,0.035839686,-0.008649463,-0.002515667,-0.002846094,-0.000522884
2.009771824,0.215335846,0.044293404,0.619929314,1.794592857,0.283982277,0.175068855,-0.010070801,0.129091263,-0.096012115,-0.049011230,-0.026687622,-0.044815063,0.215335846,0.044293404,0.619929314,1.794592857,0.283982277,0.175068855,0.000004941,-6.110942841,5.127720356,1.328463912,-0.679465353,-0.001441861,0.013748169,-6.114898682,5.198701859,1.370946884,-0.707743645,-0.009613037,0.000004941,-6.110942841,5.127720356,1.328463912,-0.679465353,-0.001441861,0.000000000,0.000000000,0.000000000,0.000000000,0.000000000,0.000000000,0.000000000,0.000000000,0.000000000,0.000000000,0.000000000,0.000000000,0.000000000,0.000000000,0.000000000,0.000000000,0.000000000,0.000000000,0.013743228,-0.003955841,0.070981503,0.042482972,-0.028278291,-0.008171176,0.012144124,-0.002333513,0.019279843,-0.014296405,-0.028213831,-0.009066980
2.019823790,0.215335846,0.044293404,0.619929314,1.794592857,0.283982277,0.175068855,0.108093262,0.127260208,0.028869629,-0.054382324,-0.002517700,-0.089130402,0.214952469,0.043910027,0.619929314,1.794592857,0.283982277,0.175452232,0.000004951,-6.107002735,5.129710674,1.328097582,-0.679197192,-0.001440185,0.017379761,-6.094757080,5.171724319,1.352788925,-0.685526848,0.010467529,0.000004951,-6.107002735,5.129710674,1.328097582,-0.679197192,-0.001440185,0.000000000,0.000000000,0.000000000,0.000000000,0.000000000,0.000000000,0.000000000,0.000000000,0.000000000,0.000000000,0.000000000,0.000000000,0.000000000,0.000000000,0.000000000,0.000000000,0.000000000,0.000000000,0.017374810,0.012245655,0.042013645,0.024691343,-0.006329656,0.011907714,0.015775706,0.013867983,-0.009688014,-0.032088034,-0.006265195,0.011011910
2.029680014,0.214952469,0.044293404,0.619929314,1.794592857,0.283982277,0.175452232,-0.042297363,-0.059511185,0.075866699,-0.136295319,-0.056900024,-0.012588501,0.214952469,0.044293404,0.619929314,1.794592857,0.283982277,0.175452232,0.000004948,-6.110943794,5.127720833,1.328464746,-0.679465175,-0.001441011,0.010116577,-6.080108643,5.182100296,1.331518173,-0.679117203,-0.001922607,0.000004948,-6.110943794,5.127720833,1.328464746,-0.679465175,-0.001441011,0.000000000,0.000000000,0.000000000,0.000000000,0.000000000,0.000000000,0.000000000,0.000000000,0.000000000,0.000000000,0.000000000,0.000000000,0.000000000,0.000000000,0.000000000,0.000000000,0.000000000,0.000000000,0.010111629,0.030835152,0.054379463,0.003053427,0.000347972,-0.000481597,0.008512525,0.032457480,0.002677804,-0.053725951,0.000412432,-0.001377401
2.039709568,0.215335846,0.043910027,0.619929314,1.794592857,0.283982277,0.175068855,0.034240723,-0.075380325,0.153747559,0.003356934,-0.007553101,0.029708862,0.214952469,0.043910027,0.619929314,1.794592857,0.283982277,0.175452232,0.000004951,-6.107002735,5.129710674,1.328097582,-0.679197192,-0.001440185,-0.009597778,-6.133209229,5.142152786,1.385473251,-0.645792007,0.001922607,0.000004951,-6.107002735,5.129710674,1.328097582,-0.679197192,-0.001440185,0.000000000,0.000000000,0.000000000,0.000000000,0.000000000,0.000000000,0.000000000,0.000000000,0.000000000,0.000000000,0.000000000,0.000000000,0.000000000,0.000000000,0.000000000,0.000000000,0.000000000,0.000000000,-0.009602729,-0.026206493,0.012442112,0.057375669,0.033405185,0.003362792,-0.011201833,-0.024584165,-0.039259548,0.000596292,0.033469645,0.002466988
2.049662590,0.214952469,0.044293404,0.619545937,1.794592857,0.283982277,0.175452232,-0.163150787,-0.005798340,-0.121524811,-0.036926270,-0.046829224,0.045822144,0.215335846,0.043910027,0.619929314,1.794592857,0.283982277,0.175068855,0.000004944,-6.107001781,5.129709721,1.328096747,-0.679197371,-0.001441035,-0.022048950,-6.129547119,5.188325882,1.364202499,-0.666727066,-0.001922607,0.000004944,-6.107001781,5.129709721,1.328096747,-0.679197371,-0.001441035,0.000000000,0.000000000,0.000000000,0.000000000,0.000000000,0.000000000,0.000000000,0.000000000,0.000000000,0.000000000,0.000000000,0.000000000,0.000000000,0.000000000,0.000000000,0.000000000,0.000000000,0.000000000,-0.022053894,-0.022545338,0.058616161,0.036105752,0.012470305,-0.000481572,-0.023652998,-0.020923010,0.006914502,-0.020673626,0.012534765,-0.001377376
2.059787750,0.214952469,0.044293404,0.619929314,1.794592857,0.283982277,0.175452232,-0.027526855,0.008850098,0.062438965,0.078552246,-0.029708862,0.031723022,0.214952469,0.043910027,0.619929314,1.794592857,0.283598900,0.175452232,0.000004951,-6.106748104,5.129469395,1.327829599,-0.679273248,-0.001440383,0.015304565,-6.094757080,5.172243118,1.438911438,-0.683817863,0.002349854,0.000004951,-6.106748104,5.129469395,1.327829599,-0.679273248,-0.001440383,0.000000000,0.000000000,0.000000000,0.000000000,0.000000000,0.000000000,0.000000000,0.000000000,0.000000000,0.000000000,0.000000000,0.000000000,0.000000000,0.000000000,0.000000000,0.000000000,0.000000000,0.000000000,0.015299614,0.011991024,0.042773724,0.111081839,-0.004544616,0.003790237,0.013700510,0.013613352,-0.008927936,0.054302461,-0.004480156,0.002894433
2.069661379,0.215335846,0.043910027,0.619545937,1.794592857,0.283982277,0.175068855,-0.100040436,0.037536621,-0.117496490,0.043640137,0.019638062,-0.036758423,0.214952469,0.044293404,0.619545937,1.794592857,0.283982277,0.175068855,0.000004950,-6.108841896,5.125729561,1.328830957,-0.679733217,-0.001442687,0.008041382,-6.076446533,5.182619095,1.351232529,-0.681253433,-0.001068115,0.000004950,-6.108841896,5.125729561,1.328830957,-0.679733217,-0.001442687,0.000000000,0.000000000,0.000000000,0.000000000,0.000000000,0.000000000,0.000000000,0.000000000,0.000000000,0.000000000,0.000000000,0.000000000,0.000000000,0.000000000,0.000000000,0.000000000,0.000000000,0.000000000,0.008036432,0.032395363,0.056889534,0.022401571,-0.001520216,0.000374571,0.006437328,0.034017691,0.005187874,-0.034377806,-0.001455756,-0.000521233
2.079617262,0.214952469,0.044293404,0.619929314,1.794592857,0.283982277,0.175452232,-0.098697662,-0.055849075,-0.034240723,0.143005371,0.007553101,0.029708862,0.215335846,0.043910027,0.619929314,1.794592857,0.283982277,0.175068855,0.000004944,-6.107001781,5.129709721,1.328096747,-0.679197371,-0.001441035,-0.000778198,-6.111236572,5.185731888,1.409858704,-0.685954094,0.000213623,0.000004944,-6.107001781,5.129709721,1.328096747,-0.679197371,-0.001441035,0.000000000,0.000000000,0.000000000,0.000000000,0.000000000,0.000000000,0.000000000,0.000000000,0.000000000,0.000000000,0.000000000,0.000000000,0.000000000,0.000000000,0.000000000,0.000000000,0.000000000,0.000000000,-0.000783142,-0.004234791,0.056022167,0.081761956,-0.006756723,0.001654658,-0.002382246,-0.002612463,0.004320508,0.024982579,-0.006692263,0.000758854
2.089604855,0.214952469,0.043910027,0.619929314,1.794592857,0.283982277,0.175452232,-0.016784668,-0.087587357,0.004699707,-0.039611816,0.032730103,0.002517700,0.214952469,0.043910027,0.619929314,1.794592857,0.283982277,0.175452232,0.000004951,-6.107002735,5.129710674,1.328097582,-0.679197192,-0.001440185,-0.036058426,-6.069122314,5.171724319,1.361608505,-0.692362785,0.016448975,0.000004951,-6.107002735,5.129710674,1.328097582,-0.679197192,-0.001440185,0.000000000,0.000000000,0.000000000,0.000000000,0.000000000,0.000000000,0.000000000,0.000000000,0.000000000,0.000000000,0.000000000,0.000000000,0.000000000,0.000000000,0.000000000,0.000000000,0.000000000,0.000000000,-0.036063377,0.037880421,0.042013645,0.033510923,-0.013165593,0.017889159,-0.037662481,0.039502749,-0.009688014,-0.023268454,-0.013101133,0.016993355
2.099630356,0.214952469,0.044293404,0.619929314,1.794592857,0.283982277,0.175452232,-0.096012115,-0.044252396,0.049011230,-0.055725098,-0.008560181,-0.047836304,0.214952469,0.043910027,0.619929314,1.794592857,0.283598900,0.175068855,0.000004951,-6.106747150,5.129468441,1.327828765,-0.679273486,-0.001441234,0.021011353,-6.098419189,5.177431107,1.390661240,-0.668863297,-0.000213623,0.000004951,-6.106747150,5.129468441,1.327828765,-0.679273486,-0.001441234,0.000000000,0.000000000,0.000000000,0.000000000,0.000000000,0.000000000,0.000000000,0.000000000,0.000000000,0.000000000,0.000000000,0.000000000,0.000000000,0.000000000,0.000000000,0.000000000,0.000000000,0.000000000,0.021006401,0.008327961,0.047962666,0.062832475,0.010410190,0.001227611,0.019407297,0.009950289,-0.003738994,0.006053097,0.010474650,0.000331807
2.109656572,0.215335846,0.043910027,0.619929314,1.794592857,0.283982277,0.175068855,0.075866699,-0.089418411,0.011413574,0.047668457,0.029708862,-0.046829224,0.214952469,0.044293404,0.619929314,1.794592857,0.283982277,0.175068855,0.000004948,-6.110942841,5.127720356,1.328463912,-0.679465353,-0.001441861,0.010116577,-6.109405518,5.192476273,1.387029648,-0.692362785,0.012176514,0.000004948,-6.110942841,5.127720356,1.328463912,-0.679465353,-0.001441861,0.000000000,0.000000000,0.000000000,0.000000000,0.000000000,0.000000000,0.000000000,0.000000000,0.000000000,0.000000000,0.000000000,0.000000000,0.000000000,0.000000000,0.000000000,0.000000000,0.000000000,0.000000000,0.010111629,0.001537323,0.064755917,0.058565736,-0.012897432,0.013618375,0.008512525,0.003159651,0.013054257,0.001786358,-0.012832972,0.012722571
2.119650602,0.214952469,0.044293404,0.619929314,1.794592857,0.283982277,0.175452232,-0.159122467,-0.112611771,0.199405670,-0.145694733,0.028701782,0.048843384,0.215335846,0.044293404,0.619929314,1.794592857,0.283598900,0.175452232,0.000004942,-6.110689163,5.127479553,1.328196883,-0.679541290,-0.001441210,0.000778198,-6.109405518,5.165498734,1.382360458,-0.690226555,0.006622314,0.000004942,-6.110689163,5.127479553,1.328196883,-0.679541290,-0.001441210,0.000000000,0.000000000,0.000000000,0.000000000,0.000000000,0.000000000,0.000000000,0.000000000,0.000000000,0.000000000,0.000000000,0.000000000,0.000000000,0.000000000,0.000000000,0.000000000,0.000000000,0.000000000,0.000773256,0.001283646,0.038019180,0.054163575,-0.010685265,0.008063524,-0.000825847,0.002905974,-0.013682479,-0.002615802,-0.010620805,0.007167720
2.129814625,0.214952469,0.044293404,0.619929314,1.794592857,0.283982277,0.175452232,-0.010070801,-0.052186966,0.004699707,-0.014099121,-0.011581421,-0.005538940,0.215335846,0.044293404,0.619929314,1.794592857,0.283982277,0.175452232,0.000004941,-6.110943794,5.127720833,1.328464746,-0.679465175,-0.001441011,0.004928589,-6.146026611,5.204408646,1.377691269,-0.682535172,-0.008331299,0.000004941,-6.110943794,5.127720833,1.328464746,-0.679465175,-0.001441011,0.000000000,0.000000000,0.000000000,0.000000000,0.000000000,0.000000000,0.000000000,0.000000000,0.000000000,0.000000000,0.000000000,0.000000000,0.000000000,0.000000000,0.000000000,0.000000000,0.000000000,0.000000000,0.004923648,-0.035082817,0.076687813,0.049226522,-0.003069997,-0.006890288,0.003324544,-0.033460489,0.024986153,-0.007552855,-0.003005537,-0.007786092
2.139642239,0.215335846,0.044293404,0.619929314,1.794592857,0.283982277,0.175068855,0.113464355,-0.014953613,0.002014160,0.059753418,-0.038772583,0.011581421,0.214952469,0.044293404,0.619545937,1.794592857,0.283982277,0.175068855,0.000004950,-6.108841896,5.125729561,1.328830957,-0.679733217,-0.001442687,-0.022048950,-6.116729736,5.160310745,1.398445129,-0.672708511,-0.008331299,0.000004950,-6.108841896,5.125729561,1.328830957,-0.679733217,-0.001442687,0.000000000,0.000000000,0.000000000,0.000000000,0.000000000,0.000000000,0.000000000,0.000000000,0.000000000,0.000000000,0.000000000,0.000000000,0.000000000,0.000000000,0.000000000,0.000000000,0.000000000,0.000000000,-0.022053900,-0.007887840,0.034581184,0.069614172,0.007024705,-0.006888612,-0.023653004,-0.006265512,-0.017120475,0.012834794,0.007089166,-0.007784416
2.149681568,0.214952469,0.043910027,0.619929314,1.794592857,0.283982277,0.175452232,-0.014099121,-0.052797318,0.024841309,-0.038269043,-0.084095001,0.007553101,0.214952469,0.044293404,0.619929314,1.794592857,0.283982277,0.175452232,0.000004948,-6.110943794,5.127720833,1.328464746,-0.679465175,-0.001441011,-0.031387329,-6.113067627,5.195070267,1.391180038,-0.665872574,-0.004913330,0.000004948,-6.110943794,5.127720833,1.328464746,-0.679465175,-0.001441011,0.000000000,0.000000000,0.000000000,0.000000000,0.000000000,0.000000000,0.000000000,0.000000000,0.000000000,0.000000000,0.000000000,0.000000000,0.000000000,0.000000000,0.000000000,0.000000000,0.000000000,0.000000000,-0.031392278,-0.002123833,0.067349434,0.062715292,0.013592601,-0.003472319,-0.032991381,-0.000501505,0.015647774,0.005935914,0.013657061,-0.004368123
2.159610033,0.214952469,0.044293404,0.619929314,1.794592857,0.283982277,0.175452232,-0.035583496,-0.018615723,0.113464355,-0.074523926,-0.030715942,0.010574341,0.214952469,0.043910027,0.619929314,1.794592857,0.283982277,0.175452232,0.000004951,-6.107002735,5.129710674,1.328097582,-0.679197192,-0.001440185,-0.004928589,-6.171661377,5.170686722,1.384954453,-0.672281265,-0.003631592,0.000004951,-6.107002735,5.129710674,1.328097582,-0.679197192,-0.001440185,0.000000000,0.000000000,0.000000000,0.000000000,0.000000000,0.000000000,0.000000000,0.000000000,0.000000000,0.000000000,0.000000000,0.000000000,0.000000000,0.000000000,0.000000000,0.000000000,0.000000000,0.000000000,-0.004933540,-0.064658642,0.040976048,0.056856871,0.006915927,-0.002191407,-0.006532643,-0.063036314,-0.010725612,0.000077493,0.006980387,-0.003087211
2.169642687,0.214952469,0.044293404,0.619929314,1.794592857,0.283598900,0.175452232,-0.016784668,0.038146973,-0.082580566,0.058410645,-0.081073761,0.099197388,0.214952469,0.044293404,0.619929314,1.794592857,0.283598900,0.175452232,0.000004949,-6.110689163,5.127479553,1.328196883,-0.679541290,-0.001441210,0.014785767,-6.129547119,5.226716995,1.387029648,-0.668863297,-0.000213623,0.000004949,-6.110689163,5.127479553,1.328196883,-0.679541290,-0.001441210,0.000000000,0.000000000,0.000000000,0.000000000,0.000000000,0.000000000,0.000000000,0.000000000,0.000000000,0.000000000,0.000000000,0.000000000,0.000000000,0.000000000,0.000000000,0.000000000,0.000000000,0.000000000,0.014780818,-0.018857956,0.099237442,0.058832765,0.010677993,0.001227587,0.013181714,-0.017235628,0.047535782,0.002053387,0.010742453,0.000331782
2.179728031,0.214952469,0.043910027,0.619545937,1.794592857,0.283598900,0.175068855,-0.019470215,-0.090028763,-0.117496490,0.000671387,-0.033737183,-0.081073761,0.215335846,0.044293404,0.619929314,1.794592857,0.283598900,0.175068855,0.000004942,-6.110688210,5.127479076,1.328196049,-0.679541469,-0.001442060,0.015304565,-6.074615479,5.190401077,1.384435654,-0.680826187,-0.001068115,0.000004942,-6.110688210,5.127479076,1.328196049,-0.679541469,-0.001442060,0.000000000,0.000000000,0.000000000,0.000000000,0.000000000,0.000000000,0.000000000,0.000000000,0.000000000,0.000000000,0.000000000,0.000000000,0.000000000,0.000000000,0.000000000,0.000000000,0.000000000,0.000000000,0.015299624,0.036072731,0.062922001,0.056239605,-0.001284719,0.000373944,0.013700520,0.037695059,0.011220341,-0.000539773,-0.001220258,-0.000521860
2.189613581,0.214952469,0.044293404,0.619545937,1.794592857,0.283982277,0.175452232,0.042297363,-0.034484863,-0.145694733,0.071838379,0.028701782,-0.021652222,0.214952469,0.044293404,0.619545937,1.794592857,0.283982277,0.175452232,0.000004950,-6.108842373,5.125730515,1.328831792,-0.679733038,-0.001441837,-0.002334595,-6.124053955,5.223604202,1.383398056,-0.673990250,0.010894775,0.000004950,-6.108842373,5.125730515,1.328831792,-0.679733038,-0.001441837,0.000000000,0.000000000,0.000000000,0.000000000,0.000000000,0.000000000,0.000000000,0.000000000,0.000000000,0.000000000,0.000000000,0.000000000,0.000000000,0.000000000,0.000000000,0.000000000,0.000000000,0.000000000,-0.002339544,-0.015211582,0.097873688,0.054566264,0.005742788,0.012336612,-0.003938648,-0.013589254,0.046172028,-0.002213113,0.005807249,0.011440808
2.199658394,0.214952469,0.043910027,0.619929314,1.794592857,0.283982277,0.175068855,0.053039551,0.021057129,-0.073181152,-0.051696777,0.024673462,0.009567261,0.214952469,0.044293404,0.619929314,1.794592857,0.283982277,0.175068855,0.000004948,-6.110942841,5.127720356,1.328463912,-0.679465353,-0.001441861,-0.022048950,-6.120391846,5.165498734,1.412452698,-0.674417496,-0.001922607,0.000004948,-6.110942841,5.127720356,1.328463912,-0.679465353,-0.001441861,0.000000000,0.000000000,0.000000000,0.000000000,0.000000000,0.000000000,0.000000000,0.000000000,0.000000000,0.000000000,0.000000000,0.000000000,0.000000000,0.000000000,0.000000000,0.000000000,0.000000000,0.000000000,-0.022053899,-0.009449005,0.037778378,0.083988786,0.005047858,-0.000480747,-0.023653002,-0.007826677,-0.013923282,0.027209408,0.005112318,-0.001376551
2.209667206,0.214952469,0.044293404,0.619929314,1.794592857,0.283598900,0.175452232,-0.085266113,-0.006408691,-0.012756348,-0.015441895,0.018630981,0.018630981,0.215335846,0.043910027,0.619929314,1.794592857,0.283982277,0.175452232,0.000004944,-6.107002735,5.129710674,1.328097582,-0.679197192,-0.001440185,-0.007522583,-6.092926025,5.191438675,1.388067245,-0.701334953,-0.006195068,0.000004944,-6.107002735,5.129710674,1.328097582,-0.679197192,-0.001440185,0.000000000,0.000000000,0.000000000,0.000000000,0.000000000,0.000000000,0.000000000,0.000000000,0.000000000,0.000000000,0.000000000,0.000000000,0.000000000,0.000000000,0.000000000,0.000000000,0.000000000,0.000000000,-0.007527527,0.014076710,0.061728001,0.059969664,-0.022137761,-0.004754883,-0.009126631,0.015699038,0.010026341,0.003190286,-0.022073301,-0.005650688
2.219610929,0.214952469,0.043910027,0.619929314,1.794592857,0.283982277,0.175068855,-0.026184082,-0.037536621,-0.085266113,0.073181152,-0.025680542,-0.064960480,0.214952469,0.043910027,0.619929314,1.794592857,0.283982277,0.175068855,0.000004951,-6.107001781,5.129709721,1.328096747,-0.679197371,-0.001441035,0.014785767,-6.135040283,5.201295853,1.380804062,-0.711588860,-0.018157959,0.000004951,-6.107001781,5.129709721,1.328096747,-0.679197371,-0.001441035,0.000000000,0.000000000,0.000000000,0.000000000,0.000000000,0.000000000,0.000000000,0.000000000,0.000000000,0.000000000,0.000000000,0.000000000,0.000000000,0.000000000,0.000000000,0.000000000,0.000000000,0.000000000,0.014780816,-0.028038502,0.071586132,0.052707314,-0.032391489,-0.016716924,0.013181712,-0.026416174,0.019884472,-0.004072063,-0.032327028,-0.017612728
2.229609728,0.214952469,0.044293404,0.619545937,1.794592857,0.283982277,0.175452232,-0.046325684,0.119325638,-0.032897949,-0.008728027,-0.090137482,0.007553101,0.214952469,0.043910027,0.619545937,1.794592857,0.283982277,0.175452232,0.000004952,-6.104902744,5.127720833,1.328464746,-0.679465175,-0.001441011,0.029312134,-6.100250244,5.175874710,1.408302307,-0.662881851,-0.005340576,0.000004952,-6.104902744,5.127720833,1.328464746,-0.679465175,-0.001441011,0.000000000,0.000000000,0.000000000,0.000000000,0.000000000,0.000000000,0.000000000,0.000000000,0.000000000,0.000000000,0.000000000,0.000000000,0.000000000,0.000000000,0.000000000,0.000000000,0.000000000,0.000000000,0.029307182,0.004652500,0.048153877,0.079837561,0.016583323,-0.003899565,0.027708078,0.006274828,-0.003547782,0.023058183,0.016647784,-0.004795369
2.239612341,0.214952469,0.043910027,0.619929314,1.794592857,0.283982277,0.175452232,-0.132266998,-0.013732910,-0.090641022,-0.112125397,0.008560181,0.112289429,0.214952469,0.043910027,0.619929314,1.794592857,0.283982277,0.175452232,0.000004951,-6.107002735,5.129710674,1.328097582,-0.679197192,-0.001440185,-0.023086548,-6.111236572,5.180543900,1.409339905,-0.685526848,-0.004058838,0.000004951,-6.107002735,5.129710674,1.328097582,-0.679197192,-0.001440185,0.000000000,0.000000000,0.000000000,0.000000000,0.000000000,0.000000000,0.000000000,0.000000000,0.000000000,0.000000000,0.000000000,0.000000000,0.000000000,0.000000000,0.000000000,0.000000000,0.000000000,0.000000000,-0.023091499,-0.004233837,0.050833225,0.081242323,-0.006329656,-0.002618653,-0.024690602,-0.002611509,-0.000868434,0.024462945,-0.006265195,-0.003514457
2.249847889,0.215335846,0.043910027,0.619929314,1.794592857,0.283598900,0.175068855,0.024841309,-0.166933060,-0.020812988,-0.028869629,0.031723022,-0.006546021,0.215335846,0.043910027,0.619929314,1.794592857,0.283982277,0.175068855,0.000004944,-6.107001781,5.129709721,1.328096747,-0.679197371,-0.001441035,-0.001815796,-6.089263916,5.175355911,1.379247665,-0.706034660,-0.033539772,0.000004944,-6.107001781,5.129709721,1.328096747,-0.679197371,-0.001441035,0.000000000,0.000000000,0.000000000,0.000000000,0.000000000,0.000000000,0.000000000,0.000000000,0.000000000,0.000000000,0.000000000,0.000000000,0.000000000,0.000000000,0.000000000,0.000000000,0.000000000,0.000000000,-0.001820740,0.017737865,0.045646191,0.051150918,-0.026837289,-0.032098737,-0.003419843,0.019360194,-0.006055469,-0.005628459,-0.026772829,-0.032994541
2.259665966,0.214952469,0.043910027,0.619929314,1.794592857,0.283982277,0.175068855,-0.007385254,-0.023498535,0.094665527,0.000671387,0.041793823,-0.069995880,0.214952469,0.044293404,0.619545937,1.794592857,0.283982277,0.175068855,0.000004950,-6.108841896,5.125729561,1.328830957,-0.679733217,-0.001442687,-0.061998367,-6.107574463,5.159791946,1.366277695,-0.706034660,0.002349854,0.000004950,-6.108841896,5.125729561,1.328830957,-0.679733217,-0.001442687,0.000000000,0.000000000,0.000000000,0.000000000,0.000000000,0.000000000,0.000000000,0.000000000,0.000000000,0.000000000,0.000000000,0.000000000,0.000000000,0.000000000,0.000000000,0.000000000,0.000000000,0.000000000,-0.062003317,0.001267433,0.034062386,0.037446737,-0.026301444,0.003792540,-0.063602421,0.002889761,-0.017639274,-0.019332640,-0.026236983,0.002896736
2.269617319,0.215335846,0.044293404,0.619929314,1.794592857,0.283982277,0.175452232,0.008728027,0.059509277,-0.061096191,0.004699707,-0.019638062,-0.024673462,0.214952469,0.044293404,0.619929314,1.794592857,0.283982277,0.175452232,0.000004948,-6.110943794,5.127720833,1.328464746,-0.679465175,-0.001441011,-0.009078979,-6.138702393,5.188844681,1.352270126,-0.685954094,0.007476807,0.000004948,-6.110943794,5.127720833,1.328464746,-0.679465175,-0.001441011,0.000000000,0.000000000,0.000000000,0.000000000,0.000000000,0.000000000,0.000000000,0.000000000,0.000000000,0.000000000,0.000000000,0.000000000,0.000000000,0.000000000,0.000000000,0.000000000,0.000000000,0.000000000,-0.009083928,-0.027758598,0.061123848,0.023805380,-0.006488919,0.008917817,-0.010683032,-0.026136270,0.009422188,-0.032973998,-0.006424459,0.008022013
2.279857159,0.215335846,0.044293404,0.619929314,1.794592857,0.283982277,0.175452232,0.087951660,-0.104066849,-0.038269043,0.070495605,-0.037765503,0.022659302,0.214952469,0.043910027,0.619929314,1.794592857,0.283982277,0.175452232,0.000004951,-6.107002735,5.129710674,1.328097582,-0.679197192,-0.001440185,-0.001815796,-6.125885010,5.198183060,1.372503281,-0.693644524,0.005340576,0.000004951,-6.107002735,5.129710674,1.328097582,-0.679197192,-0.001440185,0.000000000,0.000000000,0.000000000,0.000000000,0.000000000,0.000000000,0.000000000,0.000000000,0.000000000,0.000000000,0.000000000,0.000000000,0.000000000,0.000000000,0.000000000,0.000000000,0.000000000,0.000000000,-0.001820747,-0.018882275,0.068472385,0.044405699,-0.014447331,0.006780761,-0.003419851,-0.017259947,0.016770726,-0.012373679,-0.014382871,0.005884957
2.289757013,0.214952469,0.043910027,0.619545937,1.794592857,0.283982277,0.175452232,0.102722168,-0.043031693,-0.112125397,0.066467285,-0.017623901,0.007553101,0.215335846,0.044293404,0.619545937,1.794592857,0.283982277,0.175452232,0.000004943,-6.108842373,5.125730515,1.328831792,-0.679733038,-0.001441837,0.001815796,-6.096588135,5.189363480,1.374578476,-0.694926262,0.007904053,0.000004943,-6.108842373,5.125730515,1.328831792,-0.679733038,-0.001441837,0.000000000,0.000000000,0.000000000,0.000000000,0.000000000,0.000000000,0.000000000,0.000000000,0.000000000,0.000000000,0.000000000,0.000000000,0.000000000,0.000000000,0.000000000,0.000000000,0.000000000,0.000000000,0.001810853,0.012254238,0.063632965,0.045746684,-0.015193224,0.009345889,0.000211749,0.013876566,0.011931306,-0.011032693,-0.015128764,0.008450085
2.299722910,0.214952469,0.044293404,0.619545937,1.794592857,0.283598900,0.175452232,-0.038269043,0.021667480,-0.061096191,0.073181152,-0.004531860,0.024673462,0.214952469,0.043910027,0.619929314,1.794592857,0.283982277,0.175068855,0.000004951,-6.107001781,5.129709721,1.328096747,-0.679197371,-0.001441035,-0.012191772,-6.109405518,5.176912308,1.381841660,-0.674417496,0.010894775,0.000004951,-6.107001781,5.129709721,1.328096747,-0.679197371,-0.001441035,0.000000000,0.000000000,0.000000000,0.000000000,0.000000000,0.000000000,0.000000000,0.000000000,0.000000000,0.000000000,0.000000000,0.000000000,0.000000000,0.000000000,0.000000000,0.000000000,0.000000000,0.000000000,-0.012196723,-0.002403736,0.047202587,0.053744912,0.004779875,0.012335811,-0.013795827,-0.000781408,-0.004499072,-0.003034465,0.004844335,0.011440007
2.309620619,0.214952469,0.044293404,0.619929314,1.794592857,0.283982277,0.175452232,-0.006042480,-0.024108887,0.030212402,0.129577637,-0.000503540,-0.078052521,0.214952469,0.043910027,0.619929314,1.794592857,0.283598900,0.175452232,0.000004951,-6.106748104,5.129469395,1.327829599,-0.679273248,-0.001440383,-0.009597778,-6.065460205,5.161348343,1.340337753,-0.661600113,-0.004058838,0.000004951,-6.106748104,5.129469395,1.327829599,-0.679273248,-0.001440383,0.000000000,0.000000000,0.000000000,0.000000000,0.000000000,0.000000000,0.000000000,0.000000000,0.000000000,0.000000000,0.000000000,0.000000000,0.000000000,0.000000000,0.000000000,0.000000000,0.000000000,0.000000000,-0.009602730,0.041287899,0.031878948,0.012508154,0.017673135,-0.002618454,-0.011201833,0.042910227,-0.019822711,-0.044271224,0.017737595,-0.003514258
2.319623947,0.215335846,0.043910027,0.619929314,1.794592857,0.283982277,0.175452232,0.032897949,-0.011291504,0.071838379,-0.148380280,0.085098267,-0.078052521,0.214952469,0.043910027,0.619929314,1.794592857,0.283982277,0.175452232,0.000004951,-6.107002735,5.129710674,1.328097582,-0.679197192,-0.001440185,-0.008041382,-6.120391846,5.172243118,1.375097275,-0.691935539,-0.004058838,0.000004951,-6.107002735,5.129710674,1.328097582,-0.679197192,-0.001440185,0.000000000,0.000000000,0.000000000,0.000000000,0.000000000,0.000000000,0.000000000,0.000000000,0.000000000,0.000000000,0.000000000,0.000000000,0.000000000,0.000000000,0.000000000,0.000000000,0.000000000,0.000000000,-0.008046333,-0.013389111,0.042532444,0.046999693,-0.012738347,-0.002618653,-0.009645436,-0.011766782,-0.009169216,-0.009779685,-0.012673887,-0.003514457
2.329562902,0.214952469,0.044293404,0.619929314,1.794592857,0.283982277,0.175068855,0.211490631,-0.025329590,0.087951660,-0.094669342,-0.026687622,-0.028701782,0.214952469,0.044293404,0.619929314,1.794592857,0.283982277,0.175068855,0.000004948,-6.110942841,5.127720356,1.328463912,-0.679465353,-0.001441861,0.000778198,-6.058135986,5.185213089,1.385992050,-0.682535172,-0.005340576,0.000004948,-6.110942841,5.127720356,1.328463912,-0.679465353,-0.001441861,0.000000000,0.000000000,0.000000000,0.000000000,0.000000000,0.000000000,0.000000000,0.000000000,0.000000000,0.000000000,0.000000000,0.000000000,0.000000000,0.000000000,0.000000000,0.000000000,0.000000000,0.000000000,0.000773250,0.052806854,0.057492733,0.057528138,-0.003069818,-0.003898715,-0.000825854,0.054429182,0.005791073,0.000748761,-0.003005358,-0.004794519
2.339669466,0.214952469,0.044293404,0.619929314,1.794592857,0.283982277,0.175068855,-0.003356934,-0.082094193,0.051696777,-0.020812988,0.004531860,0.031723022,0.215335846,0.043910027,0.619929314,1.794592857,0.283982277,0.175452232,0.000004944,-6.107002735,5.129710674,1.328097582,-0.679197192,-0.001440185,0.005966187,-6.103912354,5.177949905,1.381322861,-0.699198723,-0.007476807,0.000004944,-6.107002735,5.129710674,1.328097582,-0.679197192,-0.001440185,0.000000000,0.000000000,0.000000000,0.000000000,0.000000000,0.000000000,0.000000000,0.000000000,0.000000000,0.000000000,0.000000000,0.000000000,0.000000000,0.000000000,0.000000000,0.000000000,0.000000000,0.000000000,0.005961243,0.003090382,0.048239231,0.053225279,-0.020001531,-0.006036622,0.004362139,0.004712710,-0.003462428,-0.003554099,-0.019937070,-0.006932426
2.349618912,0.214952469,0.043910027,0.619929314,1.794592857,0.283982277,0.175068855,-0.155094147,0.010681152,0.086608887,0.039611816,0.036758423,0.046829224,0.214952469,0.044293404,0.619929314,1.794592857,0.283982277,0.175068855,0.000004948,-6.110942841,5.127720356,1.328463912,-0.679465353,-0.001441861,-0.012710571,-6.135040283,5.191438675,1.381841660,-0.682962418,0.019866943,0.000004948,-6.110942841,5.127720356,1.328463912,-0.679465353,-0.001441861,0.000000000,0.000000000,0.000000000,0.000000000,0.000000000,0.000000000,0.000000000,0.000000000,0.000000000,0.000000000,0.000000000,0.000000000,0.000000000,0.000000000,0.000000000,0.000000000,0.000000000,0.000000000,-0.012715520,-0.024097443,0.063718319,0.053377748,-0.003497064,0.021308804,-0.014314624,-0.022475115,0.012016659,-0.003401630,-0.003432604,0.020413000
2.359827280,0.215335846,0.044293404,0.619929314,1.794592857,0.283982277,0.175068855,-0.044982910,0.021057129,0.014099121,0.026184082,0.031723022,0.006546021,0.214952469,0.043910027,0.619929314,1.794592857,0.283982277,0.175452232,0.000004951,-6.107002735,5.129710674,1.328097582,-0.679197192,-0.001440185,-0.013229370,-6.135040283,5.179506302,1.357976913,-0.676553726,-0.007476807,0.000004951,-6.107002735,5.129710674,1.328097582,-0.679197192,-0.001440185,0.000000000,0.000000000,0.000000000,0.000000000,0.000000000,0.000000000,0.000000000,0.000000000,0.000000000,0.000000000,0.000000000,0.000000000,0.000000000,0.000000000,0.000000000,0.000000000,0.000000000,0.000000000,-0.013234321,-0.028037548,0.049795628,0.029879332,0.002643466,-0.006036622,-0.014833425,-0.026415220,-0.001906032,-0.026900046,0.002707926,-0.006932426
2.369783878,0.214952469,0.044293404,0.619929314,1.794592857,0.283982277,0.175452232,-0.081237793,0.035705566,-0.104068756,-0.083923340,0.031723022,0.012588501,0.214952469,0.044293404,0.619929314,1.794592857,0.283982277,0.175452232,0.000004948,-6.110943794,5.127720833,1.328464746,-0.679465175,-0.001441011,-0.003372192,-6.089263916,5.187288284,1.370428085,-0.695353508,0.010894775,0.000004948,-6.110943794,5.127720833,1.328464746,-0.679465175,-0.001441011,0.000000000,0.000000000,0.000000000,0.000000000,0.000000000,0.000000000,0.000000000,0.000000000,0.000000000,0.000000000,0.000000000,0.000000000,0.000000000,0.000000000,0.000000000,0.000000000,0.000000000,0.000000000,-0.003377141,0.021679878,0.059567451,0.041963339,-0.015888333,0.012335786,-0.004976245,0.023302206,0.007865792,-0.014816039,-0.015823873,0.011439982
2.379767418,0.214952469,0.043910027,0.619545937,1.794592857,0.283598900,0.175068855,-0.008728027,-0.000305176,-0.039611816,0.086608887,0.003524780,-0.055892944,0.214952469,0.044293404,0.619929314,1.794592857,0.283982277,0.175068855,0.000004948,-6.110942841,5.127720356,1.328463912,-0.679465353,-0.001441861,-0.015304565,-6.131378174,5.192476273,1.390661240,-0.694499016,-0.020294189,0.000004948,-6.110942841,5.127720356,1.328463912,-0.679465353,-0.001441861,0.000000000,0.000000000,0.000000000,0.000000000,0.000000000,0.000000000,0.000000000,0.000000000,0.000000000,0.000000000,0.000000000,0.000000000,0.000000000,0.000000000,0.000000000,0.000000000,0.000000000,0.000000000,-0.015309514,-0.020435333,0.064755917,0.062197328,-0.015033662,-0.018852329,-0.016908618,-0.018813005,0.013054257,0.005417950,-0.014969202,-0.019748133
2.389572859,0.214952469,0.044293404,0.619929314,1.794592857,0.283982277,0.175452232,-0.116153717,0.108949661,-0.085266113,-0.053039551,0.039779663,0.040786743,0.214952469,0.043910027,0.619929314,1.794592857,0.283982277,0.175452232,0.000004951,-6.107002735,5.129710674,1.328097582,-0.679197192,-0.001440185,0.013748169,-6.107574463,5.180025101,1.370428085,-0.691081047,0.005767822,0.000004951,-6.107002735,5.129710674,1.328097582,-0.679197192,-0.001440185,0.000000000,0.000000000,0.000000000,0.000000000,0.000000000,0.000000000,0.000000000,0.000000000,0.000000000,0.000000000,0.000000000,0.000000000,0.000000000,0.000000000,0.000000000,0.000000000,0.000000000,0.000000000,0.013743218,-0.000571728,0.050314426,0.042330503,-0.011883855,0.007208007,0.012144114,0.001050600,-0.001387233,-0.014448874,-0.011819395,0.006312203
2.399649143,0.214952469,0.044293404,0.619545937,1.794592857,0.283982277,0.175452232,0.049011230,-0.022888184,-0.047668457,-0.050354004,0.022659302,0.040786743,0.215335846,0.044293404,0.619929314,1.794592857,0.283982277,0.175452232,0.000004941,-6.110943794,5.127720833,1.328464746,-0.679465175,-0.001441011,0.001815796,-6.142364502,5.178468704,1.347082138,-0.670999527,0.005767822,0.000004941,-6.110943794,5.127720833,1.328464746,-0.679465175,-0.001441011,0.000000000,0.000000000,0.000000000,0.000000000,0.000000000,0.000000000,0.000000000,0.000000000,0.000000000,0.000000000,0.000000000,0.000000000,0.000000000,0.000000000,0.000000000,0.000000000,0.000000000,0.000000000,0.001810855,-0.031420708,0.050747871,0.018617392,0.008465648,0.007208833,0.000211751,-0.029798380,-0.000953788,-0.038161986,0.008530108,0.006313029
2.409658432,0.214952469,0.044293404,0.619929314,1.794592857,0.283982277,0.175452232,-0.120182037,-0.024108887,0.020812988,0.059753418,-0.006546021,0.040786743,0.214952469,0.044293404,0.619929314,1.794592857,0.283982277,0.175452232,0.000004948,-6.110943794,5.127720833,1.328464746,-0.679465175,-0.001441011,0.010635376,-6.091094971,5.182100296,1.381322861,-0.682535172,0.005767822,0.000004948,-6.110943794,5.127720833,1.328464746,-0.679465175,-0.001441011,0.000000000,0.000000000,0.000000000,0.000000000,0.000000000,0.000000000,0.000000000,0.000000000,0.000000000,0.000000000,0.000000000,0.000000000,0.000000000,0.000000000,0.000000000,0.000000000,0.000000000,0.000000000,0.010630427,0.019848824,0.054379463,0.052858114,-0.003069997,0.007208833,0.009031324,0.021471152,0.002677804,-0.003921263,-0.003005537,0.006313029
2.419658899,0.214952469,0.043910027,0.619545937,1.794592857,0.283982277,0.175452232,-0.145694733,0.020446777,-0.066467285,0.038269043,0.059921265,0.040786743,0.214952469,0.044293404,0.619929314,1.794592857,0.283982277,0.175452232,0.000004948,-6.110943794,5.127720833,1.328464746,-0.679465175,-0.001441011,0.008560181,-6.138702393,5.168611526,1.388067245,-0.682962418,0.005767822,0.000004948,-6.110943794,5.127720833,1.328464746,-0.679465175,-0.001441011,0.000000000,0.000000000,0.000000000,0.000000000,0.000000000,0.000000000,0.000000000,0.000000000,0.000000000,0.000000000,0.000000000,0.000000000,0.000000000,0.000000000,0.000000000,0.000000000,0.000000000,0.000000000,0.008555232,-0.027758598,0.040890694,0.059602499,-0.003497243,0.007208833,0.006956128,-0.026136270,-0.010810966,0.002823122,-0.003432783,0.006313029
2.429612160,0.214952469,0.043910027,0.619545937,1.794592857,0.283982277,0.175452232,-0.124210358,-0.046083450,-0.047668457,0.124206543,0.007553101,0.040786743,0.214952469,0.043910027,0.619545937,1.794592857,0.283982277,0.175452232,0.000004952,-6.104902744,5.127720833,1.328464746,-0.679465175,-0.001441011,-0.031387329,-6.072784424,5.181062698,1.381841660,-0.673563004,0.005767822,0.000004952,-6.104902744,5.127720833,1.328464746,-0.679465175,-0.001441011,0.000000000,0.000000000,0.000000000,0.000000000,0.000000000,0.000000000,0.000000000,0.000000000,0.000000000,0.000000000,0.000000000,0.000000000,0.000000000,0.000000000,0.000000000,0.000000000,0.000000000,0.000000000,-0.031392281,0.032118320,0.053341866,0.053376913,0.005902171,0.007208833,-0.032991385,0.033740649,0.001640206,-0.003402464,0.005966631,0.006313029
2.439613104,0.214952469,0.043910027,0.619545937,1.794592857,0.283982277,0.175452232,-0.094669342,-0.196842194,-0.126895905,-0.120182037,0.021652222,0.040786743,0.214952469,0.044293404,0.619929314,1.794592857,0.283982277,0.175452232,0.000004948,-6.110943794,5.127720833,1.328464746,-0.679465175,-0.001441011,0.005447388,-6.133209229,5.195070267,1.374578476,-0.657327652,0.005767822,0.000004948,-6.110943794,5.127720833,1.328464746,-0.679465175,-0.001441011,0.000000000,0.000000000,0.000000000,0.000000000,0.000000000,0.000000000,0.000000000,0.000000000,0.000000000,0.000000000,0.000000000,0.000000000,0.000000000,0.000000000,0.000000000,0.000000000,0.000000000,0.000000000,0.005442439,-0.022265434,0.067349434,0.046113729,0.022137523,0.007208833,0.003843335,-0.020643106,0.015647774,-0.010665648,0.022201983,0.006313029
2.449656725,0.214952469,0.043910027,0.619929314,1.794592857,0.283598900,0.175452232,-0.046325684,0.049743652,0.126892090,-0.086612701,0.001510620,0.040786743,0.214952469,0.043910027,0.619929314,1.794592857,0.283598900,0.175452232,0.000004951,-6.106748104,5.129469395,1.327829599,-0.679273248,-0.001440383,-0.003372192,-6.098419189,5.185213089,1.376134872,-0.667154312,0.005767822,0.000004951,-6.106748104,5.129469395,1.327829599,-0.679273248,-0.001440383,0.000000000,0.000000000,0.000000000,0.000000000,0.000000000,0.000000000,0.000000000,0.000000000,0.000000000,0.000000000,0.000000000,0.000000000,0.000000000,0.000000000,0.000000000,0.000000000,0.000000000,0.000000000,-0.003377144,0.008328915,0.055743694,0.048305273,0.012118936,0.007208206,-0.004976247,0.009951243,0.004042035,-0.008474104,0.012183396,0.006312402
2.459724665,0.215335846,0.043910027,0.619545937,1.794592857,0.283982277,0.175452232,-0.102725983,-0.010681152,-0.145694733,-0.006042480,-0.007553101,0.040786743,0.214952469,0.043910027,0.619929314,1.794592857,0.283982277,0.175452232,0.000004951,-6.107002735,5.129710674,1.328097582,-0.679197192,-0.001440185,0.030349731,-6.096588135,5.187288284,1.444099426,-0.688517570,0.005767822,0.000004951,-6.107002735,5.129710674,1.328097582,-0.679197192,-0.001440185,0.000000000,0.000000000,0.000000000,0.000000000,0.000000000,0.000000000,0.000000000,0.000000000,0.000000000,0.000000000,0.000000000,0.000000000,0.000000000,0.000000000,0.000000000,0.000000000,0.000000000,0.000000000,0.030344781,0.010414600,0.057577610,0.116001844,-0.009320378,0.007208007,0.028745677,0.012036928,0.005875950,0.059222467,-0.009255918,0.006312203
2.469771862,0.214952469,0.043910027,0.619545937,1.794592857,0.283982277,0.175452232,-0.010070801,-0.107728958,0.102722168,-0.010070801,0.012588501,0.040786743,0.214952469,0.044293404,0.619545937,1.794592857,0.283982277,0.175452232,0.000004950,-6.108842373,5.125730515,1.328831792,-0.679733038,-0.001441837,0.007003784,-6.109405518,5.190919876,1.375097275,-0.690653801,0.005767822,0.000004950,-6.108842373,5.125730515,1.328831792,-0.679733038,-0.001441837,0.000000000,0.000000000,0.000000000,0.000000000,0.000000000,0.000000000,0.000000000,0.000000000,0.000000000,0.000000000,0.000000000,0.000000000,0.000000000,0.000000000,0.000000000,0.000000000,0.000000000,0.000000000,0.006998834,-0.000563145,0.065189362,0.046265483,-0.010920763,0.007209659,0.005399731,0.001059183,0.013487702,-0.010513895,-0.010856303,0.006313855
2.479609489,0.214952469,0.043910027,0.619929314,1.794592857,0.283982277,0.175452232,-0.132266998,-0.011291504,0.093322754,-0.030212402,0.040786743,0.040786743,0.215335846,0.043910027,0.619929314,1.794592857,0.283982277,0.175452232,0.000004944,-6.107002735,5.129710674,1.328097582,-0.679197192,-0.001440185,-0.031387329,-6.109405518,5.190919876,1.396369934,-0.679117203,0.005767822,0.000004944,-6.107002735,5.129710674,1.328097582,-0.679197192,-0.001440185,0.000000000,0.000000000,0.000000000,0.000000000,0.000000000,0.000000000,0.000000000,0.000000000,0.000000000,0.000000000,0.000000000,0.000000000,0.000000000,0.000000000,0.000000000,0.000000000,0.000000000,0.000000000,-0.031392273,-0.002402782,0.061209202,0.068272352,0.000079989,0.007208007,-0.032991377,-0.000780454,0.009507542,0.011492975,0.000144450,0.006312203
2.489609957,0.214952469,0.043910027,0.619929314,1.794592857,0.283982277,0.175452232,-0.069152832,-0.050355911,-0.011413574,-0.122867584,-0.025680542,0.018630981,0.214952469,0.044293404,0.619929314,1.794592857,0.283982277,0.175452232,0.000004948,-6.110943794,5.127720833,1.328464746,-0.679465175,-0.001441011,-0.005966187,-6.125885010,5.201295853,1.377691269,-0.670572281,0.007049561,0.000004948,-6.110943794,5.127720833,1.328464746,-0.679465175,-0.001441011,0.000000000,0.000000000,0.000000000,0.000000000,0.000000000,0.000000000,0.000000000,0.000000000,0.000000000,0.000000000,0.000000000,0.000000000,0.000000000,0.000000000,0.000000000,0.000000000,0.000000000,0.000000000,-0.005971135,-0.014941216,0.073575020,0.049226522,0.008892894,0.008490571,-0.007570239,-0.013318887,0.021873360,-0.007552855,0.008957354,0.007594767
2.499761820,0.215335846,0.043910027,0.619929314,1.794592857,0.283598900,0.175068855,0.096008301,-0.027770996,-0.019470215,-0.053039551,-0.028701782,0.034744263,0.214952469,0.043910027,0.619929314,1.794592857,0.283982277,0.175452232,0.000004951,-6.107002735,5.129710674,1.328097582,-0.679197192,-0.001440185,-0.006484985,-6.103912354,5.180543900,1.393255234,-0.649637222,0.019439697,0.000004951,-6.107002735,5.129710674,1.328097582,-0.679197192,-0.001440185,0.000000000,0.000000000,0.000000000,0.000000000,0.000000000,0.000000000,0.000000000,0.000000000,0.000000000,0.000000000,0.000000000,0.000000000,0.000000000,0.000000000,0.000000000,0.000000000,0.000000000,0.000000000,-0.006489936,0.003090382,0.050833225,0.065157652,0.029559970,0.020879882,-0.008089040,0.004712710,-0.000868434,0.008378274,0.029624430,0.019984078
2.509669542,0.215335846,0.044293404,0.619929314,1.794592857,0.283598900,0.175452232,0.117492676,0.069274902,0.066467285,0.134948730,-0.071002960,-0.012588501,0.215335846,0.044293404,0.619929314,1.794592857,0.283598900,0.175452232,0.000004942,-6.110689163,5.127479553,1.328196883,-0.679541290,-0.001441210,-0.030349731,-6.083770752,5.170686722,1.400520325,-0.679117203,0.004058838,0.000004942,-6.110689163,5.127479553,1.328196883,-0.679541290,-0.001441210,0.000000000,0.000000000,0.000000000,0.000000000,0.000000000,0.000000000,0.000000000,0.000000000,0.000000000,0.000000000,0.000000000,0.000000000,0.000000000,0.000000000,0.000000000,0.000000000,0.000000000,0.000000000,-0.030354673,0.026918411,0.043207169,0.072323442,0.000424087,0.005500047,-0.031953777,0.028540739,-0.008494491,0.015544064,0.000488547,0.004604243
2.519663334,0.214952469,0.043910027,0.619929314,1.794592857,0.283982277,0.175452232,0.032897949,0.029602051,-0.006042480,0.077209473,0.066970825,-0.012588501,0.214952469,0.044293404,0.619929314,1.794592857,0.283598900,0.175452232,0.000004949,-6.110689163,5.127479553,1.328196883,-0.679541290,-0.001441210,-0.022048950,-6.124053955,5.168611526,1.391180038,-0.665018082,0.004058838,0.000004949,-6.110689163,5.127479553,1.328196883,-0.679541290,-0.001441210,0.000000000,0.000000000,0.000000000,0.000000000,0.000000000,0.000000000,0.000000000,0.000000000,0.000000000,0.000000000,0.000000000,0.000000000,0.000000000,0.000000000,0.000000000,0.000000000,0.000000000,0.000000000,-0.022053899,-0.013364792,0.041131973,0.062983155,0.014523208,0.005500047,-0.023653003,-0.011742464,-0.010569686,0.006203778,0.014587668,0.004604243
2.529661179,0.214952469,0.043910027,0.619545937,1.794592857,0.283982277,0.175452232,0.063781738,0.030822754,-0.097354889,-0.066467285,0.012588501,0.019638062,0.214952469,0.043910027,0.619929314,1.794592857,0.283982277,0.175068855,0.000004951,-6.107001781,5.129709721,1.328096747,-0.679197371,-0.001441035,0.007522583,-6.118560791,5.182100296,1.401557922,-0.670999527,0.001495361,0.000004951,-6.107001781,5.129709721,1.328096747,-0.679197371,-0.001441035,0.000000000,0.000000000,0.000000000,0.000000000,0.000000000,0.000000000,0.000000000,0.000000000,0.000000000,0.000000000,0.000000000,0.000000000,0.000000000,0.000000000,0.000000000,0.000000000,0.000000000,0.000000000,0.007517632,-0.011559010,0.052390575,0.073461175,0.008197844,0.002936397,0.005918528,-0.009936681,0.000688916,0.016681797,0.008262304,0.002040592
2.539701939,0.214952469,0.044293404,0.619929314,1.794592857,0.283982277,0.175068855,-0.091983795,-0.021667480,-0.038269043,-0.100040436,0.028701782,-0.023666382,0.214952469,0.044293404,0.619929314,1.794592857,0.283982277,0.175452232,0.000004948,-6.110943794,5.127720833,1.328464746,-0.679465175,-0.001441011,0.016860962,-6.151519775,5.189882278,1.385473251,-0.682535172,-0.014739990,0.000004948,-6.110943794,5.127720833,1.328464746,-0.679465175,-0.001441011,0.000000000,0.000000000,0.000000000,0.000000000,0.000000000,0.000000000,0.000000000,0.000000000,0.000000000,0.000000000,0.000000000,0.000000000,0.000000000,0.000000000,0.000000000,0.000000000,0.000000000,0.000000000,0.016856013,-0.040575981,0.062161446,0.057008505,-0.003069997,-0.013298979,0.015256910,-0.038953653,0.010459786,0.000229127,-0.003005537,-0.014194783
2.549842119,0.214952469,0.044293404,0.619545937,1.794592857,0.283982277,0.175068855,-0.007385254,0.046691895,-0.156436920,0.040954590,0.033737183,-0.044815063,0.214952469,0.044293404,0.619545937,1.794592857,0.283982277,0.175068855,0.000004950,-6.108841896,5.125729561,1.328830957,-0.679733217,-0.001442687,0.009597778,-6.092926025,5.135408401,1.369390488,-0.685954094,-0.009185791,0.000004950,-6.108841896,5.125729561,1.328830957,-0.679733217,-0.001442687,0.000000000,0.000000000,0.000000000,0.000000000,0.000000000,0.000000000,0.000000000,0.000000000,0.000000000,0.000000000,0.000000000,0.000000000,0.000000000,0.000000000,0.000000000,0.000000000,0.000000000,0.000000000,0.009592829,0.015915871,0.009678841,0.040559530,-0.006220877,-0.007743104,0.007993725,0.017538199,-0.042022819,-0.016219847,-0.006156417,-0.008638909
2.559774876,0.215335846,0.044293404,0.619929314,1.794592857,0.283982277,0.175068855,0.145690918,-0.093690872,-0.010070801,0.069152832,-0.044815063,0.048843384,0.214952469,0.043910027,0.619929314,1.794592857,0.283982277,0.175452232,0.000004951,-6.107002735,5.129710674,1.328097582,-0.679197192,-0.001440185,0.008041382,-6.107574463,5.200258255,1.351232529,-0.681680679,-0.020721436,0.000004951,-6.107002735,5.129710674,1.328097582,-0.679197192,-0.001440185,0.000000000,0.000000000,0.000000000,0.000000000,0.000000000,0.000000000,0.000000000,0.000000000,0.000000000,0.000000000,0.000000000,0.000000000,0.000000000,0.000000000,0.000000000,0.000000000,0.000000000,0.000000000,0.008036431,-0.000571728,0.070547581,0.023134947,-0.002483487,-0.019281251,0.006437327,0.001050600,0.018845921,-0.033644431,-0.002419027,-0.020177055
2.569837809,0.215335846,0.044293404,0.619929314,1.794592857,0.283598900,0.175068855,0.167175293,0.032043457,-0.030212402,0.069152832,-0.014602661,-0.011581421,0.215335846,0.044293404,0.619929314,1.794209480,0.283598900,0.175452232,0.000004942,-6.111037731,5.127810001,1.328563929,-0.679809153,-0.001442036,0.005966187,-6.144195557,5.181062698,1.379247665,-0.687235832,-0.016876221,0.000004942,-6.111037731,5.127810001,1.328563929,-0.679809153,-0.001442036,0.000000000,0.000000000,0.000000000,0.000000000,0.000000000,0.000000000,0.000000000,0.000000000,0.000000000,0.000000000,0.000000000,0.000000000,0.000000000,0.000000000,0.000000000,0.000000000,0.000000000,0.000000000,0.005961245,-0.033157825,0.053252697,0.050683737,-0.007426679,-0.015434185,0.004362141,-0.031535497,0.001551037,-0.006095641,-0.007362219,-0.016329989
2.579984665,0.214952469,0.043910027,0.619545937,1.794592857,0.283982277,0.175068855,0.079895020,-0.066225052,-0.075866699,-0.030212402,-0.035751343,-0.004531860,0.214952469,0.043910027,0.619929314,1.794592857,0.283982277,0.175068855,0.000004951,-6.107001781,5.129709721,1.328096747,-0.679197371,-0.001441035,-0.000259399,-6.146026611,5.187288284,1.395851135,-0.670572281,-0.044220924,0.000004951,-6.107001781,5.129709721,1.328096747,-0.679197371,-0.001441035,0.000000000,0.000000000,0.000000000,0.000000000,0.000000000,0.000000000,0.000000000,0.000000000,0.000000000,0.000000000,0.000000000,0.000000000,0.000000000,0.000000000,0.000000000,0.000000000,0.000000000,0.000000000,-0.000264350,-0.039024830,0.057578564,0.067754388,0.008625090,-0.042779889,-0.001863454,-0.037402502,0.005876904,0.010975010,0.008689550,-0.043675693
2.589690447,0.214952469,0.043910027,0.619929314,1.794592857,0.283982277,0.175068855,-0.016784668,-0.077211380,0.043640137,-0.073181152,0.017623901,0.034744263,0.214952469,0.043910027,0.619929314,1.794592857,0.283982277,0.175452232,0.000004951,-6.107002735,5.129710674,1.328097582,-0.679197192,-0.001440185,0.002334595,-6.109405518,5.172761917,1.381841660,-0.676980972,-0.022857666,0.000004951,-6.107002735,5.129710674,1.328097582,-0.679197192,-0.001440185,0.000000000,0.000000000,0.000000000,0.000000000,0.000000000,0.000000000,0.000000000,0.000000000,0.000000000,0.000000000,0.000000000,0.000000000,0.000000000,0.000000000,0.000000000,0.000000000,0.000000000,0.000000000,0.002329644,-0.002402782,0.043051243,0.053744078,0.002216220,-0.021417481,0.000730540,-0.000780454,-0.008650417,-0.003035300,0.002280680,-0.022313285
2.599665880,0.214952469,0.043910027,0.619545937,1.794592857,0.283982277,0.175452232,-0.061096191,-0.027770996,-0.070495605,-0.097354889,-0.033737183,-0.008560181,0.214952469,0.044293404,0.619929314,1.794592857,0.283982277,0.175452232,0.000004948,-6.110943794,5.127720833,1.328464746,-0.679465175,-0.001441011,-0.004409790,-6.074615479,5.181581497,1.399482727,-0.673135757,-0.007049561,0.000004948,-6.110943794,5.127720833,1.328464746,-0.679465175,-0.001441011,0.000000000,0.000000000,0.000000000,0.000000000,0.000000000,0.000000000,0.000000000,0.000000000,0.000000000,0.000000000,0.000000000,0.000000000,0.000000000,0.000000000,0.000000000,0.000000000,0.000000000,0.000000000,-0.004414739,0.036328316,0.053860664,0.071017981,0.006329417,-0.005608550,-0.006013842,0.037950644,0.002159005,0.014238603,0.006393877,-0.006504354
2.609692812,0.215335846,0.043910027,0.619929314,1.794592857,0.283982277,0.175068855,0.042297363,-0.032653809,0.026184082,-0.034240723,0.052871704,0.013595581,0.214952469,0.043910027,0.619929314,1.794592857,0.283982277,0.175068855,0.000004951,-6.107001781,5.129709721,1.328096747,-0.679197371,-0.001441035,-0.006484985,-6.098419189,5.185213089,1.385992050,-0.683389664,0.003631592,0.000004951,-6.107001781,5.129709721,1.328096747,-0.679197371,-0.001441035,0.000000000,0.000000000,0.000000000,0.000000000,0.000000000,0.000000000,0.000000000,0.000000000,0.000000000,0.000000000,0.000000000,0.000000000,0.000000000,0.000000000,0.000000000,0.000000000,0.000000000,0.000000000,-0.006489936,0.008582592,0.055503368,0.057895303,-0.004192293,0.005072627,-0.008089040,0.010204920,0.003801709,0.001115925,-0.004127832,0.004176823
2.619667530,0.215335846,0.044293404,0.619545937,1.794592857,0.283982277,0.175452232,0.097351074,0.126039505,0.121520996,-0.070495605,0.003524780,-0.022659302,0.214952469,0.044293404,0.619929314,1.794592857,0.283982277,0.175452232,0.000004948,-6.110943794,5.127720833,1.328464746,-0.679465175,-0.001441011,0.006484985,-6.133209229,5.180025101,1.370946884,-0.684672356,-0.011749268,0.000004948,-6.110943794,5.127720833,1.328464746,-0.679465175,-0.001441011,0.000000000,0.000000000,0.000000000,0.000000000,0.000000000,0.000000000,0.000000000,0.000000000,0.000000000,0.000000000,0.000000000,0.000000000,0.000000000,0.000000000,0.000000000,0.000000000,0.000000000,0.000000000,0.006480037,-0.022265434,0.052304268,0.042482138,-0.005207181,-0.010308257,0.004880933,-0.020643106,0.000602608,-0.014297240,-0.005142721,-0.011204061
2.629739285,0.215335846,0.044293404,0.619929314,1.794592857,0.283982277,0.175452232,0.012756348,0.077819824,0.049011230,-0.024841309,-0.044815063,0.062942505,0.214952469,0.043910027,0.619929314,1.794592857,0.283982277,0.175068855,0.000004951,-6.107001781,5.129709721,1.328096747,-0.679197371,-0.001441035,0.018936157,-6.124053955,5.180025101,1.376653671,-0.683389664,0.012603760,0.000004951,-6.107001781,5.129709721,1.328096747,-0.679197371,-0.001441035,0.000000000,0.000000000,0.000000000,0.000000000,0.000000000,0.000000000,0.000000000,0.000000000,0.000000000,0.000000000,0.000000000,0.000000000,0.000000000,0.000000000,0.000000000,0.000000000,0.000000000,0.000000000,0.018931206,-0.017052174,0.050315380,0.048556924,-0.004192293,0.014044795,0.017332103,-0.015429845,-0.001386279,-0.008222454,-0.004127832,0.013148991
2.639620304,0.215335846,0.044293404,0.619929314,1.794592857,0.283982277,0.175452232,0.112121582,0.096132278,0.003356934,0.024841309,0.048843384,0.054885864,0.215335846,0.044293404,0.619929314,1.794592857,0.283982277,0.175068855,0.000004941,-6.110942841,5.127720356,1.328463912,-0.679465353,-0.001441861,-0.012191772,-6.151519775,5.194551468,1.382360458,-0.673135757,-0.015167236,0.000004941,-6.110942841,5.127720356,1.328463912,-0.679465353,-0.001441861,0.000000000,0.000000000,0.000000000,0.000000000,0.000000000,0.000000000,0.000000000,0.000000000,0.000000000,0.000000000,0.000000000,0.000000000,0.000000000,0.000000000,0.000000000,0.000000000,0.000000000,0.000000000,-0.012196714,-0.040576935,0.066831112,0.053896546,0.006329596,-0.013725375,-0.013795818,-0.038954607,0.015129452,-0.002882831,0.006394056,-0.014621179
2.649865389,0.214952469,0.044293404,0.619929314,1.794592857,0.283598900,0.175452232,-0.074523926,-0.027770996,-0.067810059,0.078552246,-0.050857544,-0.003524780,0.214952469,0.044293404,0.619929314,1.794592857,0.283982277,0.175068855,0.000004948,-6.110942841,5.127720356,1.328463912,-0.679465353,-0.001441861,-0.007522583,-6.131378174,5.211671829,1.362646103,-0.677408218,-0.019012451,0.000004948,-6.110942841,5.127720356,1.328463912,-0.679465353,-0.001441861,0.000000000,0.000000000,0.000000000,0.000000000,0.000000000,0.000000000,0.000000000,0.000000000,0.000000000,0.000000000,0.000000000,0.000000000,0.000000000,0.000000000,0.000000000,0.000000000,0.000000000,0.000000000,-0.007527531,-0.020435333,0.083951473,0.034182191,0.002057135,-0.017570590,-0.009126635,-0.018813005,0.032249814,-0.022597187,0.002121595,-0.018466394
2.659656763,0.214952469,0.043910027,0.619929314,1.794592857,0.283982277,0.175068855,-0.096012115,-0.027160645,-0.002014160,-0.051696777,-0.007553101,-0.000503540,0.214952469,0.043910027,0.619929314,1.794592857,0.283598900,0.175068855,0.000004951,-6.106747150,5.129468441,1.327828765,-0.679273486,-0.001441234,0.024124146,-6.136871338,5.152528763,1.395332336,-0.693217278,0.010467529,0.000004951,-6.106747150,5.129468441,1.327828765,-0.679273486,-0.001441234,0.000000000,0.000000000,0.000000000,0.000000000,0.000000000,0.000000000,0.000000000,0.000000000,0.000000000,0.000000000,0.000000000,0.000000000,0.000000000,0.000000000,0.000000000,0.000000000,0.000000000,0.000000000,0.024119194,-0.030124187,0.023060322,0.067503572,-0.013943791,0.011908763,0.022520090,-0.028501859,-0.028641338,0.010724194,-0.013879331,0.011012959
2.669613600,0.214952469,0.043910027,0.619929314,1.794592857,0.283982277,0.175068855,-0.100040436,-0.053407669,-0.113468170,0.055725098,0.029708862,0.001510620,0.214952469,0.044293404,0.619929314,1.794592857,0.283982277,0.175068855,0.000004948,-6.110942841,5.127720356,1.328463912,-0.679465353,-0.001441861,0.015304565,-6.116729736,5.171205521,1.390661240,-0.679117203,-0.001495361,0.000004948,-6.110942841,5.127720356,1.328463912,-0.679465353,-0.001441861,0.000000000,0.000000000,0.000000000,0.000000000,0.000000000,0.000000000,0.000000000,0.000000000,0.000000000,0.000000000,0.000000000,0.000000000,0.000000000,0.000000000,0.000000000,0.000000000,0.000000000,0.000000000,0.015299617,-0.005786896,0.043485165,0.062197328,0.000348151,-0.000053500,0.013700513,-0.004164568,-0.008216495,0.005417950,0.000412611,-0.000949304
2.679687977,0.214952469,0.044293404,0.619929314,1.794592857,0.283982277,0.175068855,0.027526855,0.116884232,0.090637207,0.043640137,0.006546021,-0.035751343,0.214952469,0.044293404,0.619929314,1.794592857,0.283598900,0.175452232,0.000004949,-6.110689163,5.127479553,1.328196883,-0.679541290,-0.001441210,0.009597778,-6.188140869,5.204408646,1.348638535,-0.678689957,0.009613037,0.000004949,-6.110689163,5.127479553,1.328196883,-0.679541290,-0.001441210,0.000000000,0.000000000,0.000000000,0.000000000,0.000000000,0.000000000,0.000000000,0.000000000,0.000000000,0.000000000,0.000000000,0.000000000,0.000000000,0.000000000,0.000000000,0.000000000,0.000000000,0.000000000,0.009592829,-0.077451706,0.076929092,0.020441651,0.000851333,0.011054247,0.007993726,-0.075829378,0.025227433,-0.036337726,0.000915793,0.010158443
2.689665794,0.214952469,0.044293404,0.619545937,1.794592857,0.283982277,0.175452232,0.002014160,0.113832474,-0.022155762,-0.007385254,0.020645142,0.006546021,0.215335846,0.044293404,0.619929314,1.794592857,0.283982277,0.175068855,0.000004941,-6.110942841,5.127720356,1.328463912,-0.679465353,-0.001441861,-0.014785767,-6.083770752,5.185213089,1.403114319,-0.668008804,-0.005767822,0.000004941,-6.110942841,5.127720356,1.328463912,-0.679465353,-0.001441861,0.000000000,0.000000000,0.000000000,0.000000000,0.000000000,0.000000000,0.000000000,0.000000000,0.000000000,0.000000000,0.000000000,0.000000000,0.000000000,0.000000000,0.000000000,0.000000000,0.000000000,0.000000000,-0.014790708,0.027172089,0.057492733,0.074650407,0.011456549,-0.004325961,-0.016389812,0.028794417,0.005791073,0.017871029,0.011521009,-0.005221765
2.699612617,0.214952469,0.044293404,0.619929314,1.794592857,0.283982277,0.175068855,-0.120182037,-0.020446777,0.016784668,-0.065124512,0.049850464,0.016616821,0.215335846,0.043910027,0.619929314,1.794592857,0.283982277,0.175452232,0.000004944,-6.107002735,5.129710674,1.328097582,-0.679197192,-0.001440185,-0.004409790,-6.120391846,5.191438675,1.389104843,-0.660745621,0.005340576,0.000004944,-6.107002735,5.129710674,1.328097582,-0.679197192,-0.001440185,0.000000000,0.000000000,0.000000000,0.000000000,0.000000000,0.000000000,0.000000000,0.000000000,0.000000000,0.000000000,0.000000000,0.000000000,0.000000000,0.000000000,0.000000000,0.000000000,0.000000000,0.000000000,-0.004414734,-0.013389111,0.061728001,0.061007261,0.018451571,0.006780761,-0.006013838,-0.011766782,0.010026341,0.004227884,0.018516032,0.005884957
2.709602356,0.214952469,0.043910027,0.619929314,1.794592857,0.283982277,0.175068855,-0.097354889,-0.094301224,0.050354004,-0.019470215,0.009567261,-0.023666382,0.214952469,0.044293404,0.619929314,1.794592857,0.283982277,0.175068855,0.000004948,-6.110942841,5.127720356,1.328463912,-0.679465353,-0.001441861,0.009597778,-6.102081299,5.188844681,1.387029648,-0.673563004,-0.016448975,0.000004948,-6.110942841,5.127720356,1.328463912,-0.679465353,-0.001441861,0.000000000,0.000000000,0.000000000,0.000000000,0.000000000,0.000000000,0.000000000,0.000000000,0.000000000,0.000000000,0.000000000,0.000000000,0.000000000,0.000000000,0.000000000,0.000000000,0.000000000,0.000000000,0.009592830,0.008861542,0.061124325,0.058565736,0.005902350,-0.015007114,0.007993726,0.010483870,0.009422665,0.001786358,0.005966810,-0.015902918
2.719692230,0.215335846,0.044293404,0.619929314,1.794592857,0.283598900,0.175452232,-0.054382324,0.077209473,-0.003356934,-0.049011230,0.042800903,0.043807983,0.214952469,0.044293404,0.619545937,1.794592857,0.283982277,0.175452232,0.000004950,-6.108842373,5.125730515,1.328831792,-0.679733038,-0.001441837,0.023605347,-6.102081299,5.200258255,1.388067245,-0.682107925,-0.003204346,0.000004950,-6.108842373,5.125730515,1.328831792,-0.679733038,-0.001441837,0.000000000,0.000000000,0.000000000,0.000000000,0.000000000,0.000000000,0.000000000,0.000000000,0.000000000,0.000000000,0.000000000,0.000000000,0.000000000,0.000000000,0.000000000,0.000000000,0.000000000,0.000000000,0.023600397,0.006761074,0.074527740,0.059235454,-0.002374887,-0.001762509,0.022001293,0.008383402,0.022826081,0.002456076,-0.002310427,-0.002658313
2.729610920,0.214952469,0.044293404,0.619929314,1.794592857,0.283982277,0.175452232,0.008728027,-0.069276810,0.087951660,-0.007385254,0.001510620,0.043807983,0.214952469,0.044293404,0.619929314,1.794592857,0.283982277,0.175452232,0.000004948,-6.110943794,5.127720833,1.328464746,-0.679465175,-0.001441011,-0.032424927,-6.096588135,5.194551468,1.376134872,-0.681253433,-0.007049561,0.000004948,-6.110943794,5.127720833,1.328464746,-0.679465175,-0.001441011,0.000000000,0.000000000,0.000000000,0.000000000,0.000000000,0.000000000,0.000000000,0.000000000,0.000000000,0.000000000,0.000000000,0.000000000,0.000000000,0.000000000,0.000000000,0.000000000,0.000000000,0.000000000,-0.032429875,0.014355659,0.066830635,0.047670126,-0.001788259,-0.005608550,-0.034028979,0.015977988,0.015128975,-0.009109252,-0.001723798,-0.006504354
2.739673853,0.215335846,0.043910027,0.619545937,1.794592857,0.283982277,0.175452232,0.012756348,0.060119629,-0.008728027,-0.065124512,0.026687622,0.022659302,0.214952469,0.043910027,0.619929314,1.794592857,0.283598900,0.175452232,0.000004951,-6.106748104,5.129469395,1.327829599,-0.679273248,-0.001440383,0.001296997,-6.081939697,5.156160355,1.377691269,-0.686381340,-0.010040283,0.000004951,-6.106748104,5.129469395,1.327829599,-0.679273248,-0.001440383,0.000000000,0.000000000,0.000000000,0.000000000,0.000000000,0.000000000,0.000000000,0.000000000,0.000000000,0.000000000,0.000000000,0.000000000,0.000000000,0.000000000,0.000000000,0.000000000,0.000000000,0.000000000,0.001292046,0.024808407,0.026690960,0.049861670,-0.007108092,-0.008599900,-0.000307058,0.026430735,-0.025010700,-0.006917708,-0.007043632,-0.009495704
2.749668837,0.214952469,0.043910027,0.619929314,1.794592857,0.283982277,0.175068855,0.071838379,0.061950684,-0.066467285,0.040954590,0.006546021,-0.029708862,0.214952469,0.044293404,0.619929314,1.794592857,0.283982277,0.175452232,0.000004948,-6.110943794,5.127720833,1.328464746,-0.679465175,-0.001441011,0.010116577,-6.105743408,5.166017532,1.390142441,-0.668863297,-0.007904053,0.000004948,-6.110943794,5.127720833,1.328464746,-0.679465175,-0.001441011,0.000000000,0.000000000,0.000000000,0.000000000,0.000000000,0.000000000,0.000000000,0.000000000,0.000000000,0.000000000,0.000000000,0.000000000,0.000000000,0.000000000,0.000000000,0.000000000,0.000000000,0.000000000,0.010111629,0.005200386,0.038296700,0.061677694,0.010601878,-0.006463042,0.008512525,0.006822714,-0.013404960,0.004898317,0.010666338,-0.007358846
2.759609461,0.214952469,0.044293404,0.619929314,1.794592857,0.283982277,0.175452232,-0.015441895,-0.033264160,-0.104068756,0.007385254,-0.009567261,0.012588501,0.214952469,0.044293404,0.619929314,1.794592857,0.283598900,0.175452232,0.000004949,-6.110689163,5.127479553,1.328196883,-0.679541290,-0.001441210,-0.010116577,-6.151519775,5.181581497,1.397407532,-0.666299820,0.007476807,0.000004949,-6.110689163,5.127479553,1.328196883,-0.679541290,-0.001441210,0.000000000,0.000000000,0.000000000,0.000000000,0.000000000,0.000000000,0.000000000,0.000000000,0.000000000,0.000000000,0.000000000,0.000000000,0.000000000,0.000000000,0.000000000,0.000000000,0.000000000,0.000000000,-0.010121526,-0.040830612,0.054101944,0.069210649,0.013241470,0.008918016,-0.011720630,-0.039208284,0.002400284,0.012431271,0.013305930,0.008022212
2.769693136,0.214952469,0.044293404,0.619545937,1.794592857,0.283982277,0.175068855,-0.020812988,0.017395020,-0.006042480,0.132263184,0.046829224,0.001510620,0.214952469,0.044293404,0.619929314,1.794592857,0.283982277,0.175452232,0.000004948,-6.110943794,5.127720833,1.328464746,-0.679465175,-0.001441011,0.021011353,-6.133209229,5.167055130,1.400001526,-0.661172867,0.006195068,0.000004948,-6.110943794,5.127720833,1.328464746,-0.679465175,-0.001441011,0.000000000,0.000000000,0.000000000,0.000000000,0.000000000,0.000000000,0.000000000,0.000000000,0.000000000,0.000000000,0.000000000,0.000000000,0.000000000,0.000000000,0.000000000,0.000000000,0.000000000,0.000000000,0.021006404,-0.022265434,0.039334297,0.071536779,0.018292308,0.007636079,0.019407300,-0.020643106,-0.012367362,0.014757402,0.018356768,0.006740275
2.779766798,0.215335846,0.043910027,0.619929314,1.794592857,0.283982277,0.175068855,-0.040954590,-0.107118607,0.042297363,-0.078552246,-0.008560181,0.027694702,0.214952469,0.044293404,0.619929314,1.794592857,0.283982277,0.175452232,0.000004948,-6.110943794,5.127720833,1.328464746,-0.679465175,-0.001441011,-0.019973755,-6.080108643,5.161348343,1.395851135,-0.684672356,0.004913330,0.000004948,-6.110943794,5.127720833,1.328464746,-0.679465175,-0.001441011,0.000000000,0.000000000,0.000000000,0.000000000,0.000000000,0.000000000,0.000000000,0.000000000,0.000000000,0.000000000,0.000000000,0.000000000,0.000000000,0.000000000,0.000000000,0.000000000,0.000000000,0.000000000,-0.019978703,0.030835152,0.033627510,0.067386389,-0.005207181,0.006354341,-0.021577807,0.032457480,-0.018074150,0.010607011,-0.005142721,0.005458537
2.789598942,0.214952469,0.044293404,0.619929314,1.794592857,0.283982277,0.175452232,0.034240723,0.045471191,0.091979980,-0.058410645,0.049850464,0.044815063,0.214952469,0.044293404,0.619929314,1.794592857,0.283982277,0.175068855,0.000004948,-6.110942841,5.127720356,1.328463912,-0.679465353,-0.001441861,-0.032943726,-6.070953369,5.187807083,1.375616074,-0.684245110,0.007049561,0.000004948,-6.110942841,5.127720356,1.328463912,-0.679465353,-0.001441861,0.000000000,0.000000000,0.000000000,0.000000000,0.000000000,0.000000000,0.000000000,0.000000000,0.000000000,0.000000000,0.000000000,0.000000000,0.000000000,0.000000000,0.000000000,0.000000000,0.000000000,0.000000000,-0.032948674,0.039989471,0.060086727,0.047152162,-0.004779756,0.008491421,-0.034547778,0.041611800,0.008385068,-0.009627216,-0.004715296,0.007595617
2.799643278,0.215335846,0.043910027,0.619545937,1.794592857,0.283982277,0.175068855,0.085266113,-0.021057129,-0.024841309,0.036926270,0.029708862,0.014602661,0.214952469,0.044293404,0.619929314,1.794592857,0.283982277,0.175452232,0.000004948,-6.110943794,5.127720833,1.328464746,-0.679465175,-0.001441011,-0.025161743,-6.102081299,5.189882278,1.381841660,-0.656473160,0.013031006,0.000004948,-6.110943794,5.127720833,1.328464746,-0.679465175,-0.001441011,0.000000000,0.000000000,0.000000000,0.000000000,0.000000000,0.000000000,0.000000000,0.000000000,0.000000000,0.000000000,0.000000000,0.000000000,0.000000000,0.000000000,0.000000000,0.000000000,0.000000000,0.000000000,-0.025166692,0.008862495,0.062161446,0.053376913,0.022992015,0.014472017,-0.026765795,0.010484824,0.010459786,-0.003402464,0.023056475,0.013576213
2.809643030,0.215335846,0.044293404,0.619929314,1.794592857,0.283982277,0.175068855,0.113464355,0.064392090,0.006042480,0.043640137,-0.006546021,-0.005538940,0.215335846,0.044293404,0.619929314,1.794592857,0.283982277,0.175068855,0.000004941,-6.110942841,5.127720356,1.328463912,-0.679465353,-0.001441861,-0.034502029,-6.118560791,5.184175491,1.405189514,-0.694071770,-0.002777100,0.000004941,-6.110942841,5.127720356,1.328463912,-0.679465353,-0.001441861,0.000000000,0.000000000,0.000000000,0.000000000,0.000000000,0.000000000,0.000000000,0.000000000,0.000000000,0.000000000,0.000000000,0.000000000,0.000000000,0.000000000,0.000000000,0.000000000,0.000000000,0.000000000,-0.034506971,-0.007617950,0.056455135,0.076725602,-0.014606416,-0.001335239,-0.036106075,-0.005995622,0.004753476,0.019946225,-0.014541956,-0.002231043
2.819629908,0.214952469,0.043910027,0.619929314,1.794592857,0.283982277,0.175068855,-0.050354004,-0.049745560,0.044982910,-0.003356934,-0.045822144,0.012588501,0.214952469,0.043910027,0.619545937,1.794592857,0.283982277,0.175452232,0.000004952,-6.104902744,5.127720833,1.328464746,-0.679465175,-0.001441011,-0.052141190,-6.103912354,5.170167923,1.342931747,-0.690653801,-0.000213623,0.000004952,-6.104902744,5.127720833,1.328464746,-0.679465175,-0.001441011,0.000000000,0.000000000,0.000000000,0.000000000,0.000000000,0.000000000,0.000000000,0.000000000,0.000000000,0.000000000,0.000000000,0.000000000,0.000000000,0.000000000,0.000000000,0.000000000,0.000000000,0.000000000,-0.052146142,0.000990391,0.042447090,0.014467001,-0.011188626,0.001227388,-0.053745245,0.002612719,-0.009254569,-0.042312377,-0.011124166,0.000331584
2.829636574,0.215335846,0.044293404,0.619929314,1.794592857,0.283982277,0.175068855,-0.028869629,0.017395020,-0.054382324,-0.040954590,-0.022659302,0.046829224,0.214952469,0.043910027,0.619929314,1.794592857,0.283982277,0.175452232,0.000004951,-6.107002735,5.129710674,1.328097582,-0.679197192,-0.001440185,0.016342163,-6.111236572,5.181581497,1.368871689,-0.682962418,-0.024139404,0.000004951,-6.107002735,5.129710674,1.328097582,-0.679197192,-0.001440185,0.000000000,0.000000000,0.000000000,0.000000000,0.000000000,0.000000000,0.000000000,0.000000000,0.000000000,0.000000000,0.000000000,0.000000000,0.000000000,0.000000000,0.000000000,0.000000000,0.000000000,0.000000000,0.016337212,-0.004233837,0.051870823,0.040774107,-0.003765225,-0.022699219,0.014738108,-0.002611509,0.000169163,-0.016005271,-0.003700765,-0.023595023
2.839609146,0.214952469,0.044293404,0.619929314,1.794592857,0.283982277,0.175068855,-0.036926270,0.044860840,0.049011230,0.071838379,-0.028701782,-0.040786743,0.214952469,0.044293404,0.619545937,1.794592857,0.283982277,0.175452232,0.000004950,-6.108842373,5.125730515,1.328831792,-0.679733038,-0.001441837,-0.004409790,-6.087432861,5.183656693,1.403114319,-0.656473160,-0.007476807,0.000004950,-6.108842373,5.125730515,1.328831792,-0.679733038,-0.001441837,0.000000000,0.000000000,0.000000000,0.000000000,0.000000000,0.000000000,0.000000000,0.000000000,0.000000000,0.000000000,0.000000000,0.000000000,0.000000000,0.000000000,0.000000000,0.000000000,0.000000000,0.000000000,-0.004414740,0.021409512,0.057926178,0.074282527,0.023259878,-0.006034970,-0.006013844,0.023031840,0.006224518,0.017503149,0.023324338,-0.006930774
2.849795580,0.214952469,0.044293404,0.619929314,1.794592857,0.283982277,0.175452232,-0.028869629,0.039978027,-0.038269043,-0.040954590,-0.002517700,0.001510620,0.214952469,0.044293404,0.619929314,1.794592857,0.283982277,0.175068855,0.000004948,-6.110942841,5.127720356,1.328463912,-0.679465353,-0.001441861,-0.023086548,-6.157012939,5.173799515,1.389623642,-0.685099602,0.002349854,0.000004948,-6.110942841,5.127720356,1.328463912,-0.679465353,-0.001441861,0.000000000,0.000000000,0.000000000,0.000000000,0.000000000,0.000000000,0.000000000,0.000000000,0.000000000,0.000000000,0.000000000,0.000000000,0.000000000,0.000000000,0.000000000,0.000000000,0.000000000,0.000000000,-0.023091496,-0.046070099,0.046079159,0.061159730,-0.005634248,0.003791714,-0.024690600,-0.044447771,-0.005622501,0.004380352,-0.005569788,0.002895910
2.859706640,0.214952469,0.044293404,0.619929314,1.794592857,0.283982277,0.175068855,-0.023498535,0.003967285,0.134948730,-0.062438965,-0.037765503,0.049850464,0.214952469,0.043910027,0.619929314,1.794592857,0.283598900,0.175068855,0.000004951,-6.106747150,5.129468441,1.327828765,-0.679273486,-0.001441234,0.005447388,-6.098419189,5.193513870,1.388067245,-0.677835464,0.004486084,0.000004951,-6.106747150,5.129468441,1.327828765,-0.679273486,-0.001441234,0.000000000,0.000000000,0.000000000,0.000000000,0.000000000,0.000000000,0.000000000,0.000000000,0.000000000,0.000000000,0.000000000,0.000000000,0.000000000,0.000000000,0.000000000,0.000000000,0.000000000,0.000000000,0.005442436,0.008327961,0.064045429,0.060238481,0.001438022,0.005927318,0.003843333,0.009950289,0.012343770,0.003459103,0.001502482,0.005031514
2.869834900,0.215335846,0.043910027,0.619929314,1.794592857,0.283982277,0.175068855,-0.022155762,-0.019836426,-0.016784668,0.067810059,-0.086109161,0.006546021,0.214952469,0.044293404,0.619929314,1.794592857,0.283982277,0.175068855,0.000004948,-6.110942841,5.127720356,1.328463912,-0.679465353,-0.001441861,-0.007003784,-6.127716064,5.184175491,1.383916855,-0.676126480,-0.007904053,0.000004948,-6.110942841,5.127720356,1.328463912,-0.679465353,-0.001441861,0.000000000,0.000000000,0.000000000,0.000000000,0.000000000,0.000000000,0.000000000,0.000000000,0.000000000,0.000000000,0.000000000,0.000000000,0.000000000,0.000000000,0.000000000,0.000000000,0.000000000,0.000000000,-0.007008733,-0.016773224,0.056455135,0.055452943,0.003338873,-0.006462192,-0.008607836,-0.015150896,0.004753476,-0.001326435,0.003403334,-0.007357996
2.879612207,0.214952469,0.044293404,0.619929314,1.794592857,0.283982277,0.175452232,0.051696777,-0.074159622,-0.023498535,-0.020812988,0.008560181,0.058914185,0.214952469,0.043910027,0.619929314,1.794592857,0.283982277,0.175452232,0.000004951,-6.107002735,5.129710674,1.328097582,-0.679197192,-0.001440185,-0.011154175,-6.045318604,5.176912308,1.363164902,-0.677835464,-0.004486084,0.000004951,-6.107002735,5.129710674,1.328097582,-0.679197192,-0.001440185,0.000000000,0.000000000,0.000000000,0.000000000,0.000000000,0.000000000,0.000000000,0.000000000,0.000000000,0.000000000,0.000000000,0.000000000,0.000000000,0.000000000,0.000000000,0.000000000,0.000000000,0.000000000,-0.011159126,0.061684132,0.047201633,0.035067320,0.001361728,-0.003045899,-0.012758229,0.063306460,-0.004500026,-0.021712058,0.001426188,-0.003941703
2.889665127,0.214952469,0.044293404,0.619929314,1.794592857,0.283982277,0.175452232,-0.067810059,0.030822754,0.120178223,0.049011230,0.013595581,0.047836304,0.215335846,0.044293404,0.619929314,1.794592857,0.283982277,0.175452232,0.000004941,-6.110943794,5.127720833,1.328464746,-0.679465175,-0.001441011,0.023605347,-6.144195557,5.172761917,1.388586044,-0.681253433,-0.019866943,0.000004941,-6.110943794,5.127720833,1.328464746,-0.679465175,-0.001441011,0.000000000,0.000000000,0.000000000,0.000000000,0.000000000,0.000000000,0.000000000,0.000000000,0.000000000,0.000000000,0.000000000,0.000000000,0.000000000,0.000000000,0.000000000,0.000000000,0.000000000,0.000000000,0.023600405,-0.033251762,0.045041084,0.060121298,-0.001788259,-0.018425933,0.022001302,-0.031629434,-0.006660575,0.003341920,-0.001723798,-0.019321737
2.899672031,0.214952469,0.044293404,0.619929314,1.794592857,0.283598900,0.175068855,-0.002014160,0.010070801,0.090637207,0.124206543,-0.003524780,0.022659302,0.215335846,0.043910027,0.619929314,1.794592857,0.283982277,0.175452232,0.000004944,-6.107002735,5.129710674,1.328097582,-0.679197192,-0.001440185,0.025161743,-6.158843994,5.191957474,1.382879257,-0.676126480,-0.015167236,0.000004944,-6.107002735,5.129710674,1.328097582,-0.679197192,-0.001440185,0.000000000,0.000000000,0.000000000,0.000000000,0.000000000,0.000000000,0.000000000,0.000000000,0.000000000,0.000000000,0.000000000,0.000000000,0.000000000,0.000000000,0.000000000,0.000000000,0.000000000,0.000000000,0.025156799,-0.051841259,0.062246799,0.054781675,0.003070712,-0.013727051,0.023557696,-0.050218931,0.010545140,-0.001997702,0.003135172,-0.014622855
2.909622431,0.214952469,0.043910027,0.619929314,1.794592857,0.283982277,0.175068855,0.022155762,-0.065614700,-0.046325684,-0.015441895,0.056900024,-0.056900024,0.214952469,0.043910027,0.619929314,1.794592857,0.283598900,0.175068855,0.000004951,-6.106747150,5.129468441,1.327828765,-0.679273486,-0.001441234,0.007522583,-6.091094971,5.177949905,1.346563339,-0.689799309,-0.004486084,0.000004951,-6.106747150,5.129468441,1.327828765,-0.679273486,-0.001441234,0.000000000,0.000000000,0.000000000,0.000000000,0.000000000,0.000000000,0.000000000,0.000000000,0.000000000,0.000000000,0.000000000,0.000000000,0.000000000,0.000000000,0.000000000,0.000000000,0.000000000,0.000000000,0.007517632,0.015652180,0.048481464,0.018734574,-0.010525823,-0.003044850,0.005918528,0.017274508,-0.003220195,-0.038044803,-0.010461362,-0.003940654
2.919617176,0.214952469,0.044293404,0.619929314,1.794592857,0.283982277,0.175452232,-0.147037506,0.077819824,0.032897949,0.128234863,0.011581421,0.076034546,0.214952469,0.043910027,0.619929314,1.794592857,0.283598900,0.175068855,0.000004951,-6.106747150,5.129468441,1.327828765,-0.679273486,-0.001441234,-0.005447388,-6.083770752,5.153047562,1.381841660,-0.696208000,-0.006622314,0.000004951,-6.106747150,5.129468441,1.327828765,-0.679273486,-0.001441234,0.000000000,0.000000000,0.000000000,0.000000000,0.000000000,0.000000000,0.000000000,0.000000000,0.000000000,0.000000000,0.000000000,0.000000000,0.000000000,0.000000000,0.000000000,0.000000000,0.000000000,0.000000000,-0.005452339,0.022976398,0.023579121,0.054012895,-0.016934514,-0.005181081,-0.007051443,0.024598727,-0.028122539,-0.002766483,-0.016870054,-0.006076885
2.929610252,0.214952469,0.044293404,0.619929314,1.794592857,0.283598900,0.175068855,0.057067871,0.032043457,0.069152832,0.070495605,-0.001510620,0.009567261,0.214952469,0.044293404,0.619929314,1.794592857,0.283982277,0.175452232,0.000004948,-6.110943794,5.127720833,1.328464746,-0.679465175,-0.001441011,-0.056291580,-6.116729736,5.204927444,1.343450546,-0.677408218,-0.006622314,0.000004948,-6.110943794,5.127720833,1.328464746,-0.679465175,-0.001441011,0.000000000,0.000000000,0.000000000,0.000000000,0.000000000,0.000000000,0.000000000,0.000000000,0.000000000,0.000000000,0.000000000,0.000000000,0.000000000,0.000000000,0.000000000,0.000000000,0.000000000,0.000000000,-0.056296529,-0.005785942,0.077206612,0.014985800,0.002056956,-0.005181304,-0.057895632,-0.004163614,0.025504952,-0.041793578,0.002121416,-0.006077108
2.939609766,0.215335846,0.044293404,0.619929314,1.794592857,0.283982277,0.175452232,0.004699707,0.000915527,-0.000671387,-0.030212402,0.047836304,0.051864624,0.215335846,0.044293404,0.619929314,1.794592857,0.283982277,0.175068855,0.000004941,-6.110942841,5.127720356,1.328463912,-0.679465353,-0.001441861,-0.019454956,-6.092926025,5.158754349,1.365240097,-0.655618668,-0.013885498,0.000004941,-6.110942841,5.127720356,1.328463912,-0.679465353,-0.001441861,0.000000000,0.000000000,0.000000000,0.000000000,0.000000000,0.000000000,0.000000000,0.000000000,0.000000000,0.000000000,0.000000000,0.000000000,0.000000000,0.000000000,0.000000000,0.000000000,0.000000000,0.000000000,-0.019459897,0.018016815,0.031033993,0.036776185,0.023846686,-0.012443637,-0.021059001,0.019639143,-0.020667667,-0.020003192,0.023911146,-0.013339441
2.949576616,0.215335846,0.044293404,0.619929314,1.794592857,0.283982277,0.175452232,-0.069152832,0.057067871,0.090637207,-0.007385254,0.014602661,0.005538940,0.214952469,0.044293404,0.619929314,1.794592857,0.283982277,0.175452232,0.000004948,-6.110943794,5.127720833,1.328464746,-0.679465175,-0.001441011,0.015823364,-6.136871338,5.177431107,1.395332336,-0.673563004,0.012603760,0.000004948,-6.110943794,5.127720833,1.328464746,-0.679465175,-0.001441011,0.000000000,0.000000000,0.000000000,0.000000000,0.000000000,0.000000000,0.000000000,0.000000000,0.000000000,0.000000000,0.000000000,0.000000000,0.000000000,0.000000000,0.000000000,0.000000000,0.000000000,0.000000000,0.015818416,-0.025927544,0.049710274,0.066867590,0.005902171,0.014044771,0.014219312,-0.024305216,-0.001991386,0.010088212,0.005966631,0.013148967
2.959705591,0.214952469,0.044293404,0.619929314,1.794592857,0.283982277,0.175452232,0.006042480,0.052185059,0.032897949,0.077209473,-0.002517700,0.037765503,0.214952469,0.043910027,0.619929314,1.794592857,0.283982277,0.175068855,0.000004951,-6.107001781,5.129709721,1.328096747,-0.679197371,-0.001441035,0.004928589,-6.100250244,5.208559036,1.408302307,-0.671426773,-0.004913330,0.000004951,-6.107001781,5.129709721,1.328096747,-0.679197371,-0.001441035,0.000000000,0.000000000,0.000000000,0.000000000,0.000000000,0.000000000,0.000000000,0.000000000,0.000000000,0.000000000,0.000000000,0.000000000,0.000000000,0.000000000,0.000000000,0.000000000,0.000000000,0.000000000,0.004923638,0.006751537,0.078849316,0.080205560,0.007770598,-0.003472295,0.003324534,0.008373865,0.027147656,0.023426182,0.007835058,-0.004368099
2.969570160,0.214952469,0.043910027,0.619929314,1.794592857,0.283982277,0.175452232,0.086608887,-0.020446777,0.020812988,-0.187320709,0.003524780,0.032730103,0.215335846,0.043910027,0.619929314,1.794592857,0.283982277,0.175452232,0.000004944,-6.107002735,5.129710674,1.328097582,-0.679197192,-0.001440185,-0.074449539,-6.120391846,5.180543900,1.427497864,-0.690226555,0.010467529,0.000004944,-6.107002735,5.129710674,1.328097582,-0.679197192,-0.001440185,0.000000000,0.000000000,0.000000000,0.000000000,0.000000000,0.000000000,0.000000000,0.000000000,0.000000000,0.000000000,0.000000000,0.000000000,0.000000000,0.000000000,0.000000000,0.000000000,0.000000000,0.000000000,-0.074454483,-0.013389111,0.050833225,0.099400282,-0.011029363,0.011907714,-0.076053587,-0.011766782,-0.000868434,0.042620904,-0.010964902,0.011011910
2.979608059,0.215335846,0.044293404,0.619929314,1.794592857,0.283982277,0.175452232,0.065124512,0.032043457,0.100036621,0.063781738,-0.045822144,0.029708862,0.214952469,0.043910027,0.619545937,1.794592857,0.283982277,0.175068855,0.000004952,-6.104901791,5.127720356,1.328463912,-0.679465353,-0.001441861,0.021011353,-6.151519775,5.190401077,1.393255234,-0.674417496,-0.014312744,0.000004952,-6.104901791,5.127720356,1.328463912,-0.679465353,-0.001441861,0.000000000,0.000000000,0.000000000,0.000000000,0.000000000,0.000000000,0.000000000,0.000000000,0.000000000,0.000000000,0.000000000,0.000000000,0.000000000,0.000000000,0.000000000,0.000000000,0.000000000,0.000000000,0.021006400,-0.046617985,0.062680721,0.064791322,0.005047858,-0.012870883,0.019407297,-0.044995657,0.010979062,0.008011944,0.005112318,-0.013766687
2.989639521,0.214952469,0.043910027,0.619929314,1.794592857,0.283982277,0.175068855,-0.003356934,-0.014953613,0.160461426,-0.093326569,-0.006546021,-0.018630981,0.214952469,0.044293404,0.619929314,1.794592857,0.283598900,0.175068855,0.000004949,-6.110688210,5.127479076,1.328196049,-0.679541469,-0.001442060,-0.003372192,-6.107574463,5.172761917,1.387548447,-0.661172867,0.014312744,0.000004949,-6.110688210,5.127479076,1.328196049,-0.679541469,-0.001442060,0.000000000,0.000000000,0.000000000,0.000000000,0.000000000,0.000000000,0.000000000,0.000000000,0.000000000,0.000000000,0.000000000,0.000000000,0.000000000,0.000000000,0.000000000,0.000000000,0.000000000,0.000000000,-0.003377141,0.003113747,0.045282841,0.059352398,0.018368602,0.015754804,-0.004976245,0.004736075,-0.006418819,0.002573020,0.018433062,0.014859000
2.999641418,0.214952469,0.044293404,0.619929314,1.794592857,0.283982277,0.175068855,-0.030212402,0.085756302,-0.010070801,0.019470215,0.027694702,0.001510620,0.214952469,0.044293404,0.619929314,1.794592857,0.283982277,0.175452232,0.000004948,-6.110943794,5.127720833,1.328464746,-0.679465175,-0.001441011,-0.029312134,-6.087432861,5.227235794,1.420234680,-0.680826187,-0.006622314,0.000004948,-6.110943794,5.127720833,1.328464746,-0.679465175,-0.001441011,0.000000000,0.000000000,0.000000000,0.000000000,0.000000000,0.000000000,0.000000000,0.000000000,0.000000000,0.000000000,0.000000000,0.000000000,0.000000000,0.000000000,0.000000000,0.000000000,0.000000000,0.000000000,-0.029317082,0.023510933,0.099514961,0.091769934,-0.001361012,-0.005181304,-0.030916186,0.025133261,0.047813302,0.034990556,-0.001296552,-0.006077108
3.009648561,0.214952469,0.044293404,0.619545937,1.794592857,0.283982277,0.175452232,0.026184082,0.029602051,-0.003356934,-0.097354889,-0.002517700,0.039779663,0.214952469,0.043910027,0.619929314,1.794592857,0.283982277,0.175452232,0.000004951,-6.107002735,5.129710674,1.328097582,-0.679197192,-0.001440185,-0.012710571,-6.100250244,5.220491409,1.428016663,-0.708598137,-0.000213623,0.000004951,-6.107002735,5.129710674,1.328097582,-0.679197192,-0.001440185,0.000000000,0.000000000,0.000000000,0.000000000,0.000000000,0.000000000,0.000000000,0.000000000,0.000000000,0.000000000,0.000000000,0.000000000,0.000000000,0.000000000,0.000000000,0.000000000,0.000000000,0.000000000,-0.012715522,0.006752491,0.090780735,0.099919081,-0.029400945,0.001226562,-0.014314626,0.008374819,0.039079075,0.043139703,-0.029336485,0.000330758
3.019610405,0.214952469,0.043910027,0.619929314,1.794592857,0.283982277,0.175452232,-0.116153717,0.023498535,-0.137638092,0.000671387,-0.028701782,0.009567261,0.214952469,0.044293404,0.619929314,1.794592857,0.283982277,0.175068855,0.000004948,-6.110942841,5.127720356,1.328463912,-0.679465353,-0.001441861,0.003890991,-6.177154541,5.184694290,1.372503281,-0.687235832,-0.006622314,0.000004948,-6.110942841,5.127720356,1.328463912,-0.679465353,-0.001441861,0.000000000,0.000000000,0.000000000,0.000000000,0.000000000,0.000000000,0.000000000,0.000000000,0.000000000,0.000000000,0.000000000,0.000000000,0.000000000,0.000000000,0.000000000,0.000000000,0.000000000,0.000000000,0.003886043,-0.066211700,0.056973934,0.044039369,-0.007770479,-0.005180454,0.002286939,-0.064589372,0.005272275,-0.012740009,-0.007706019,-0.006076258
3.029594183,0.214952469,0.044293404,0.619929314,1.794592857,0.283982277,0.175068855,-0.109439850,0.016174316,0.063781738,-0.063781738,-0.000503540,-0.019638062,0.214952469,0.043910027,0.619929314,1.794592857,0.283982277,0.175068855,0.000004951,-6.107001781,5.129709721,1.328096747,-0.679197371,-0.001441035,-0.029830933,-6.122222900,5.215303421,1.381322861,-0.695353508,-0.000213623,0.000004951,-6.107001781,5.129709721,1.328096747,-0.679197371,-0.001441035,0.000000000,0.000000000,0.000000000,0.000000000,0.000000000,0.000000000,0.000000000,0.000000000,0.000000000,0.000000000,0.000000000,0.000000000,0.000000000,0.000000000,0.000000000,0.000000000,0.000000000,0.000000000,-0.029835883,-0.015221119,0.085593700,0.053226113,-0.016156137,0.001227412,-0.031434987,-0.013598791,0.033892041,-0.003553264,-0.016091677,0.000331608
3.039582014,0.215335846,0.043910027,0.619929314,1.794592857,0.283982277,0.175068855,0.036926270,0.007019043,0.079895020,0.038269043,-0.017623901,-0.037765503,0.214952469,0.044293404,0.619929314,1.794592857,0.283982277,0.175068855,0.000004948,-6.110942841,5.127720356,1.328463912,-0.679465353,-0.001441861,0.014785767,-6.127716064,5.153566360,1.381322861,-0.678689957,0.008758545,0.000004948,-6.110942841,5.127720356,1.328463912,-0.679465353,-0.001441861,0.000000000,0.000000000,0.000000000,0.000000000,0.000000000,0.000000000,0.000000000,0.000000000,0.000000000,0.000000000,0.000000000,0.000000000,0.000000000,0.000000000,0.000000000,0.000000000,0.000000000,0.000000000,0.014780818,-0.016773224,0.025846004,0.052858949,0.000775397,0.010200406,0.013181714,-0.015150896,-0.025855655,-0.003920429,0.000839857,0.009304602
3.049667358,0.214952469,0.043910027,0.619929314,1.794592857,0.283982277,0.175068855,0.049011230,0.079652786,0.020812988,0.027526855,0.018630981,0.014602661,0.214952469,0.043910027,0.619929314,1.794592857,0.283982277,0.175068855,0.000004951,-6.107001781,5.129709721,1.328096747,-0.679197371,-0.001441035,0.005447388,-6.092926025,5.183656693,1.401039124,-0.678262711,0.020294189,0.000004951,-6.107001781,5.129709721,1.328096747,-0.679197371,-0.001441035,0.000000000,0.000000000,0.000000000,0.000000000,0.000000000,0.000000000,0.000000000,0.000000000,0.000000000,0.000000000,0.000000000,0.000000000,0.000000000,0.000000000,0.000000000,0.000000000,0.000000000,0.000000000,0.005442437,0.014075756,0.053946972,0.072942376,0.000934660,0.021735225,0.003843333,0.015698084,0.002245312,0.016162999,0.000999121,0.020839421
3.059631824,0.214952469,0.044293404,0.619929314,1.794592857,0.283982277,0.175452232,0.066467285,0.050964355,0.023498535,0.014099121,-0.047836304,0.010574341,0.214952469,0.043910027,0.619545937,1.794592857,0.283982277,0.175068855,0.000004952,-6.104901791,5.127720356,1.328463912,-0.679465353,-0.001441861,-0.032424927,-6.140533447,5.172761917,1.398445129,-0.680826187,-0.000213623,0.000004952,-6.104901791,5.127720356,1.328463912,-0.679465353,-0.001441861,0.000000000,0.000000000,0.000000000,0.000000000,0.000000000,0.000000000,0.000000000,0.000000000,0.000000000,0.000000000,0.000000000,0.000000000,0.000000000,0.000000000,0.000000000,0.000000000,0.000000000,0.000000000,-0.032429879,-0.035631657,0.045041561,0.069981217,-0.001360834,0.001228238,-0.034028983,-0.034009329,-0.006660098,0.013201840,-0.001296373,0.000332434
3.069599390,0.215335846,0.044293404,0.619929314,1.794592857,0.283982277,0.175068855,0.126892090,0.005798340,0.035583496,0.022155762,0.005538940,-0.030715942,0.214952469,0.044293404,0.619929314,1.794592857,0.283982277,0.175068855,0.000004948,-6.110942841,5.127720356,1.328463912,-0.679465353,-0.001441861,-0.010116577,-6.109405518,5.192476273,1.377172470,-0.685954094,-0.005767822,0.000004948,-6.110942841,5.127720356,1.328463912,-0.679465353,-0.001441861,0.000000000,0.000000000,0.000000000,0.000000000,0.000000000,0.000000000,0.000000000,0.000000000,0.000000000,0.000000000,0.000000000,0.000000000,0.000000000,0.000000000,0.000000000,0.000000000,0.000000000,0.000000000,-0.010121526,0.001537323,0.064755917,0.048708558,-0.006488740,-0.004325961,-0.011720629,0.003159651,0.013054257,-0.008070819,-0.006424280,-0.005221765
3.079822540,0.214952469,0.043910027,0.619929314,1.794592857,0.283982277,0.175068855,-0.090641022,-0.031433105,0.027526855,0.148376465,0.040786743,-0.024673462,0.215335846,0.044293404,0.619929314,1.794592857,0.283982277,0.175452232,0.000004941,-6.110943794,5.127720833,1.328464746,-0.679465175,-0.001441011,0.004409790,-6.059967041,5.202852249,1.381322861,-0.685099602,-0.001495361,0.000004941,-6.110943794,5.127720833,1.328464746,-0.679465175,-0.001441011,0.000000000,0.000000000,0.000000000,0.000000000,0.000000000,0.000000000,0.000000000,0.000000000,0.000000000,0.000000000,0.000000000,0.000000000,0.000000000,0.000000000,0.000000000,0.000000000,0.000000000,0.000000000,0.004404849,0.050976753,0.075131416,0.052858114,-0.005634427,-0.000054350,0.002805745,0.052599081,0.023429757,-0.003921263,-0.005569967,-0.000950155
3.089641809,0.214952469,0.043910027,0.619545937,1.794592857,0.283982277,0.175068855,0.070495605,0.021057129,-0.187320709,-0.082580566,-0.044815063,-0.043807983,0.214952469,0.043910027,0.619545937,1.794592857,0.283982277,0.175068855,0.000004952,-6.104901791,5.127720356,1.328463912,-0.679465353,-0.001441861,-0.003890991,-6.120391846,5.191438675,1.383398056,-0.708170891,-0.024993896,0.000004952,-6.104901791,5.127720356,1.328463912,-0.679465353,-0.001441861,0.000000000,0.000000000,0.000000000,0.000000000,0.000000000,0.000000000,0.000000000,0.000000000,0.000000000,0.000000000,0.000000000,0.000000000,0.000000000,0.000000000,0.000000000,0.000000000,0.000000000,0.000000000,-0.003895943,-0.015490055,0.063718319,0.054934144,-0.028705537,-0.023552036,-0.005495047,-0.013867727,0.012016659,-0.001845233,-0.028641077,-0.024447840
3.099649429,0.214952469,0.044293404,0.619929314,1.794592857,0.283982277,0.175452232,-0.185977936,0.044250488,-0.061096191,0.046325684,0.036758423,0.009567261,0.214952469,0.044293404,0.619929314,1.794592857,0.283982277,0.175068855,0.000004948,-6.110942841,5.127720356,1.328463912,-0.679465353,-0.001441861,0.008041382,-6.164337158,5.177949905,1.382879257,-0.673135757,-0.013031006,0.000004948,-6.110942841,5.127720356,1.328463912,-0.679465353,-0.001441861,0.000000000,0.000000000,0.000000000,0.000000000,0.000000000,0.000000000,0.000000000,0.000000000,0.000000000,0.000000000,0.000000000,0.000000000,0.000000000,0.000000000,0.000000000,0.000000000,0.000000000,0.000000000,0.008036433,-0.053394318,0.050229549,0.054415345,0.006329596,-0.011589145,0.006437330,-0.051771990,-0.001472110,-0.002364032,0.006394056,-0.012484949
3.109574795,0.215335846,0.044293404,0.619929314,1.794592857,0.283982277,0.175068855,0.027526855,0.074768066,-0.043640137,0.044982910,-0.037765503,0.011581421,0.214952469,0.044293404,0.619929314,1.794592857,0.283982277,0.175068855,0.000004948,-6.110942841,5.127720356,1.328463912,-0.679465353,-0.001441861,0.077562332,-6.136871338,5.189363480,1.394813538,-0.682107925,-0.010040283,0.000004948,-6.110942841,5.127720356,1.328463912,-0.679465353,-0.001441861,0.000000000,0.000000000,0.000000000,0.000000000,0.000000000,0.000000000,0.000000000,0.000000000,0.000000000,0.000000000,0.000000000,0.000000000,0.000000000,0.000000000,0.000000000,0.000000000,0.000000000,0.000000000,0.077557384,-0.025928497,0.061643124,0.066349626,-0.002642572,-0.008598422,0.075958280,-0.024306169,0.009941464,0.009570248,-0.002578112,-0.009494226
3.119618893,0.214952469,0.044293404,0.619929314,1.794592857,0.283982277,0.175068855,-0.081237793,-0.014343262,-0.149723053,0.036926270,0.042800903,-0.005538940,0.215335846,0.043910027,0.619929314,1.794592857,0.283982277,0.175068855,0.000004944,-6.107001781,5.129709721,1.328096747,-0.679197371,-0.001441035,-0.004409790,-6.131378174,5.164979935,1.404151917,-0.696208000,-0.003631592,0.000004944,-6.107001781,5.129709721,1.328096747,-0.679197371,-0.001441035,0.000000000,0.000000000,0.000000000,0.000000000,0.000000000,0.000000000,0.000000000,0.000000000,0.000000000,0.000000000,0.000000000,0.000000000,0.000000000,0.000000000,0.000000000,0.000000000,0.000000000,0.000000000,-0.004414734,-0.024376392,0.035270214,0.076055169,-0.017010629,-0.002190557,-0.006013838,-0.022754064,-0.016431446,0.019275792,-0.016946169,-0.003086361
3.129806042,0.214952469,0.044293404,0.619929314,1.794592857,0.283598900,0.175452232,-0.046325684,-0.022888184,-0.069152832,0.024841309,-0.051864624,-0.001510620,0.214952469,0.044293404,0.619929314,1.794592857,0.283598900,0.175452232,0.000004949,-6.110689163,5.127479553,1.328196883,-0.679541290,-0.001441210,-0.007522583,-6.144195557,5.175355911,1.392217636,-0.671854019,0.010894775,0.000004949,-6.110689163,5.127479553,1.328196883,-0.679541290,-0.001441210,0.000000000,0.000000000,0.000000000,0.000000000,0.000000000,0.000000000,0.000000000,0.000000000,0.000000000,0.000000000,0.000000000,0.000000000,0.000000000,0.000000000,0.000000000,0.000000000,0.000000000,0.000000000,-0.007527532,-0.033506393,0.047876358,0.064020753,0.007687271,0.012335985,-0.009126636,-0.031884065,-0.003825302,0.007241375,0.007751731,0.011440181
3.139786243,0.215335846,0.044293404,0.619929314,1.794592857,0.283982277,0.175452232,0.046325684,0.055236816,-0.006042480,-0.061096191,-0.030715942,0.048843384,0.214952469,0.044293404,0.619545937,1.794592857,0.283982277,0.175068855,0.000004950,-6.108841896,5.125729561,1.328830957,-0.679733217,-0.001442687,-0.010635376,-6.136871338,5.167573929,1.403114319,-0.667154312,0.006622314,0.000004950,-6.108841896,5.125729561,1.328830957,-0.679733217,-0.001442687,0.000000000,0.000000000,0.000000000,0.000000000,0.000000000,0.000000000,0.000000000,0.000000000,0.000000000,0.000000000,0.000000000,0.000000000,0.000000000,0.000000000,0.000000000,0.000000000,0.000000000,0.000000000,-0.010640326,-0.028029442,0.041844368,0.074283361,0.012578905,0.008065001,-0.012239430,-0.026407114,-0.009857292,0.017503984,0.012643365,0.007169197
3.149609804,0.214952469,0.043910027,0.619929314,1.794592857,0.283982277,0.175452232,0.023498535,0.023498535,-0.065124512,0.156433105,0.061935425,0.068984985,0.214952469,0.043910027,0.619929314,1.794592857,0.283982277,0.175452232,0.000004951,-6.107002735,5.129710674,1.328097582,-0.679197192,-0.001440185,-0.023086548,-6.092926025,5.229310989,1.340856552,-0.674417496,0.004058838,0.000004951,-6.107002735,5.129710674,1.328097582,-0.679197192,-0.001440185,0.000000000,0.000000000,0.000000000,0.000000000,0.000000000,0.000000000,0.000000000,0.000000000,0.000000000,0.000000000,0.000000000,0.000000000,0.000000000,0.000000000,0.000000000,0.000000000,0.000000000,0.000000000,-0.023091499,0.014076710,0.099600315,0.012758970,0.004779696,0.005499023,-0.024690602,0.015699038,0.047898656,-0.044020407,0.004844157,0.004603219
3.159610987,0.215335846,0.043910027,0.619545937,1.794592857,0.283982277,0.175452232,0.129577637,-0.022277832,-0.008728027,-0.094669342,-0.030715942,-0.013595581,0.214952469,0.044293404,0.619929314,1.794592857,0.283982277,0.175452232,0.000004948,-6.110943794,5.127720833,1.328464746,-0.679465175,-0.001441011,-0.013748169,-6.111236572,5.188325882,1.394813538,-0.680826187,0.009613037,0.000004948,-6.110943794,5.127720833,1.328464746,-0.679465175,-0.001441011,0.000000000,0.000000000,0.000000000,0.000000000,0.000000000,0.000000000,0.000000000,0.000000000,0.000000000,0.000000000,0.000000000,0.000000000,0.000000000,0.000000000,0.000000000,0.000000000,0.000000000,0.000000000,-0.013753117,-0.000292778,0.060605049,0.066348791,-0.001361012,0.011054048,-0.015352221,0.001329550,0.008903390,0.009569414,-0.001296552,0.010158244
3.169791698,0.215335846,0.044293404,0.619929314,1.794592857,0.283598900,0.175452232,-0.034240723,0.088197708,-0.028869629,-0.026184082,-0.029708862,0.015609741,0.215335846,0.044293404,0.619929314,1.794592857,0.283598900,0.175452232,0.000004942,-6.110689163,5.127479553,1.328196883,-0.679541290,-0.001441210,-0.022567749,-6.063629150,5.173799515,1.423866272,-0.681680679,0.016021729,0.000004942,-6.110689163,5.127479553,1.328196883,-0.679541290,-0.001441210,0.000000000,0.000000000,0.000000000,0.000000000,0.000000000,0.000000000,0.000000000,0.000000000,0.000000000,0.000000000,0.000000000,0.000000000,0.000000000,0.000000000,0.000000000,0.000000000,0.000000000,0.000000000,-0.022572691,0.047060013,0.046319962,0.095669389,-0.002139390,0.017462938,-0.024171795,0.048682341,-0.005381698,0.038890011,-0.002074929,0.016567134
3.179641485,0.215335846,0.044293404,0.619929314,1.794592857,0.283982277,0.175068855,-0.097354889,0.043029785,0.059753418,0.093322754,0.008560181,-0.003524780,0.214952469,0.044293404,0.619929314,1.794592857,0.283982277,0.175452232,0.000004948,-6.110943794,5.127720833,1.328464746,-0.679465175,-0.001441011,-0.014266968,-6.109405518,5.166017532,1.393255234,-0.683817863,-0.008331299,0.000004948,-6.110943794,5.127720833,1.328464746,-0.679465175,-0.001441011,0.000000000,0.000000000,0.000000000,0.000000000,0.000000000,0.000000000,0.000000000,0.000000000,0.000000000,0.000000000,0.000000000,0.000000000,0.000000000,0.000000000,0.000000000,0.000000000,0.000000000,0.000000000,-0.014271916,0.001538277,0.038296700,0.064790487,-0.004352689,-0.006890288,-0.015871020,0.003160605,-0.013404960,0.008011110,-0.004288229,-0.007786092
3.189788342,0.214952469,0.044293404,0.619929314,1.794592857,0.283982277,0.175068855,-0.031555176,0.019226074,0.027526855,0.094665527,0.015609741,0.009567261,0.214952469,0.043910027,0.619929314,1.794592857,0.283982277,0.175068855,0.000004951,-6.107001781,5.129709721,1.328096747,-0.679197371,-0.001441035,0.056289673,-6.087432861,5.266147614,1.379766464,-0.685526848,0.014312744,0.000004951,-6.107001781,5.129709721,1.328096747,-0.679197371,-0.001441035,0.000000000,0.000000000,0.000000000,0.000000000,0.000000000,0.000000000,0.000000000,0.000000000,0.000000000,0.000000000,0.000000000,0.000000000,0.000000000,0.000000000,0.000000000,0.000000000,0.000000000,0.000000000,0.056284722,0.019568920,0.136437893,0.051669717,-0.006329477,0.015753779,0.054685618,0.021191248,0.084736233,-0.005109661,-0.006265017,0.014857975
3.199613810,0.214952469,0.043910027,0.619929314,1.794592857,0.283982277,0.175452232,-0.066467285,-0.045473099,-0.006042480,0.006042480,0.014602661,0.031723022,0.214952469,0.044293404,0.619929314,1.794592857,0.283982277,0.175068855,0.000004948,-6.110942841,5.127720356,1.328463912,-0.679465353,-0.001441861,-0.030868530,-6.116729736,5.212709427,1.399482727,-0.662027359,0.004058838,0.000004948,-6.110942841,5.127720356,1.328463912,-0.679465353,-0.001441861,0.000000000,0.000000000,0.000000000,0.000000000,0.000000000,0.000000000,0.000000000,0.000000000,0.000000000,0.000000000,0.000000000,0.000000000,0.000000000,0.000000000,0.000000000,0.000000000,0.000000000,0.000000000,-0.030873479,-0.005786896,0.084989071,0.071018815,0.017437994,0.005500699,-0.032472583,-0.004164568,0.033287411,0.014239438,0.017502455,0.004604895
3.209640265,0.214952469,0.044293404,0.619929314,1.794592857,0.283982277,0.175068855,-0.006042480,-0.036926270,0.065124512,-0.000671387,-0.037765503,-0.043807983,0.214952469,0.043910027,0.619929314,1.794592857,0.283982277,0.175068855,0.000004951,-6.107001781,5.129709721,1.328096747,-0.679197371,-0.001441035,-0.013748169,-6.061798096,5.170167923,1.393774033,-0.665018082,-0.014312744,0.000004951,-6.107001781,5.129709721,1.328096747,-0.679197371,-0.001441035,0.000000000,0.000000000,0.000000000,0.000000000,0.000000000,0.000000000,0.000000000,0.000000000,0.000000000,0.000000000,0.000000000,0.000000000,0.000000000,0.000000000,0.000000000,0.000000000,0.000000000,0.000000000,-0.013753120,0.045203686,0.040458202,0.065677285,0.014179289,-0.012871709,-0.015352224,0.046826014,-0.011243457,0.008897908,0.014243750,-0.013767513
3.219656706,0.214952469,0.043910027,0.619929314,1.794592857,0.283982277,0.175068855,-0.063781738,0.002136230,0.030212402,0.077209473,0.008560181,0.035751343,0.214952469,0.043910027,0.619929314,1.794592857,0.283982277,0.175068855,0.000004951,-6.107001781,5.129709721,1.328096747,-0.679197371,-0.001441035,0.016860962,-6.083770752,5.173280716,1.394292831,-0.659463882,-0.000213623,0.000004951,-6.107001781,5.129709721,1.328096747,-0.679197371,-0.001441035,0.000000000,0.000000000,0.000000000,0.000000000,0.000000000,0.000000000,0.000000000,0.000000000,0.000000000,0.000000000,0.000000000,0.000000000,0.000000000,0.000000000,0.000000000,0.000000000,0.000000000,0.000000000,0.016856011,0.023231030,0.043570995,0.066196084,0.019733489,0.001227412,0.015256907,0.024853358,-0.008130664,0.009416707,0.019797949,0.000331608
3.229643822,0.214952469,0.043910027,0.619545937,1.794592857,0.283982277,0.175068855,-0.022155762,-0.096132278,0.010070801,-0.148380280,0.039779663,-0.029708862,0.214952469,0.043910027,0.619929314,1.794592857,0.283982277,0.175068855,0.000004951,-6.107001781,5.129709721,1.328096747,-0.679197371,-0.001441035,0.037094116,-6.078277588,5.123994827,1.398445129,-0.671426773,-0.017303467,0.000004951,-6.107001781,5.129709721,1.328096747,-0.679197371,-0.001441035,0.000000000,0.000000000,0.000000000,0.000000000,0.000000000,0.000000000,0.000000000,0.000000000,0.000000000,0.000000000,0.000000000,0.000000000,0.000000000,0.000000000,0.000000000,0.000000000,0.000000000,0.000000000,0.037089165,0.028724194,-0.005714893,0.070348382,0.007770598,-0.015862432,0.035490062,0.030346522,-0.057416553,0.013569005,0.007835058,-0.016758236
3.239609241,0.215335846,0.043910027,0.619929314,1.794209480,0.283982277,0.175068855,-0.065124512,-0.072328568,-0.073181152,-0.090641022,-0.008560181,0.026687622,0.214952469,0.043910027,0.619929314,1.794592857,0.283982277,0.175068855,0.000004951,-6.107001781,5.129709721,1.328096747,-0.679197371,-0.001441035,0.003890991,-6.107574463,5.189363480,1.402595520,-0.675271988,-0.021148682,0.000004951,-6.107001781,5.129709721,1.328096747,-0.679197371,-0.001441035,0.000000000,0.000000000,0.000000000,0.000000000,0.000000000,0.000000000,0.000000000,0.000000000,0.000000000,0.000000000,0.000000000,0.000000000,0.000000000,0.000000000,0.000000000,0.000000000,0.000000000,0.000000000,0.003886040,-0.000572681,0.059653759,0.074498773,0.003925383,-0.019707646,0.002286937,0.001049647,0.007952099,0.017719395,0.003989843,-0.020603450
3.249812603,0.214952469,0.044293404,0.619545937,1.794592857,0.283982277,0.175068855,0.000671387,-0.067445755,0.028869629,-0.026184082,0.016616821,-0.017623901,0.214952469,0.044293404,0.619929314,1.794592857,0.283598900,0.175068855,0.000004949,-6.110688210,5.127479076,1.328196049,-0.679541469,-0.001442060,0.008041382,-6.127716064,5.171205521,1.379247665,-0.680826187,0.003204346,0.000004949,-6.110688210,5.127479076,1.328196049,-0.679541469,-0.001442060,0.000000000,0.000000000,0.000000000,0.000000000,0.000000000,0.000000000,0.000000000,0.000000000,0.000000000,0.000000000,0.000000000,0.000000000,0.000000000,0.000000000,0.000000000,0.000000000,0.000000000,0.000000000,0.008036433,-0.017027855,0.043726444,0.051051617,-0.001284719,0.004646405,0.006437329,-0.015405527,-0.007975215,-0.005727761,-0.001220258,0.003750601
3.259849310,0.214952469,0.044293404,0.619929314,1.794592857,0.283982277,0.175068855,0.120178223,0.016174316,-0.055725098,-0.082580566,0.020645142,-0.006546021,0.214952469,0.044293404,0.619929314,1.794592857,0.283982277,0.175068855,0.000004948,-6.110942841,5.127720356,1.328463912,-0.679465353,-0.001441861,0.042800903,-6.076446533,5.211153030,1.394292831,-0.688090324,-0.001068115,0.000004948,-6.110942841,5.127720356,1.328463912,-0.679465353,-0.001441861,0.000000000,0.000000000,0.000000000,0.000000000,0.000000000,0.000000000,0.000000000,0.000000000,0.000000000,0.000000000,0.000000000,0.000000000,0.000000000,0.000000000,0.000000000,0.000000000,0.000000000,0.000000000,0.042795955,0.034496307,0.083432674,0.065828919,-0.008624971,0.000373746,0.041196851,0.036118635,0.031731015,0.009049542,-0.008560511,-0.000522058
3.269612789,0.215335846,0.043910027,0.619929314,1.794592857,0.283982277,0.175068855,0.061096191,-0.066225052,0.040954590,0.011413574,0.006546021,0.020645142,0.215335846,0.043910027,0.619929314,1.794592857,0.283982277,0.175068855,0.000004944,-6.107001781,5.129709721,1.328096747,-0.679197371,-0.001441035,-0.005966187,-6.094757080,5.174837112,1.382360458,-0.677408218,-0.009613037,0.000004944,-6.107001781,5.129709721,1.328096747,-0.679197371,-0.001441035,0.000000000,0.000000000,0.000000000,0.000000000,0.000000000,0.000000000,0.000000000,0.000000000,0.000000000,0.000000000,0.000000000,0.000000000,0.000000000,0.000000000,0.000000000,0.000000000,0.000000000,0.000000000,-0.005971130,0.012244701,0.045127392,0.054263711,0.001789153,-0.008172002,-0.007570234,0.013867030,-0.006574268,-0.002515667,0.001853613,-0.009067806
3.279651642,0.214952469,0.044293404,0.619929314,1.794592857,0.283982277,0.175068855,0.006042480,0.019836426,-0.061096191,-0.089298248,0.024673462,0.024673462,0.214952469,0.043910027,0.619929314,1.794592857,0.283982277,0.175068855,0.000004951,-6.107001781,5.129709721,1.328096747,-0.679197371,-0.001441035,-0.010635376,-6.147857666,5.183656693,1.417640686,-0.650491714,-0.048066139,0.000004951,-6.107001781,5.129709721,1.328096747,-0.679197371,-0.001441035,0.000000000,0.000000000,0.000000000,0.000000000,0.000000000,0.000000000,0.000000000,0.000000000,0.000000000,0.000000000,0.000000000,0.000000000,0.000000000,0.000000000,0.000000000,0.000000000,0.000000000,0.000000000,-0.010640327,-0.040855885,0.053946972,0.089543939,0.028705657,-0.046625104,-0.012239431,-0.039233556,0.002245312,0.032764561,0.028770117,-0.047520908
3.289662838,0.214952469,0.044293404,0.619929314,1.794592857,0.283982277,0.175452232,0.168518066,0.079042435,0.083923340,-0.020812988,0.006546021,0.035751343,0.215335846,0.044293404,0.619929314,1.794592857,0.283598900,0.175452232,0.000004942,-6.110689163,5.127479553,1.328196883,-0.679541290,-0.001441210,0.010635376,-6.116729736,5.197664261,1.406745911,-0.668008804,-0.019439697,0.000004942,-6.110689163,5.127479553,1.328196883,-0.679541290,-0.001441210,0.000000000,0.000000000,0.000000000,0.000000000,0.000000000,0.000000000,0.000000000,0.000000000,0.000000000,0.000000000,0.000000000,0.000000000,0.000000000,0.000000000,0.000000000,0.000000000,0.000000000,0.000000000,0.010630434,-0.006040573,0.070184708,0.078549027,0.011532485,-0.017998488,0.009031330,-0.004418245,0.018483048,0.021769650,0.011596946,-0.018894292
3.299609184,0.214952469,0.044293404,0.619929314,1.794592857,0.283982277,0.175452232,-0.011413574,0.028991699,-0.122867584,0.102722168,0.012588501,0.013595581,0.214952469,0.043910027,0.619929314,1.794592857,0.283982277,0.175068855,0.000004951,-6.107001781,5.129709721,1.328096747,-0.679197371,-0.001441035,0.001815796,-6.089263916,5.189363480,1.394813538,-0.677835464,0.007904053,0.000004951,-6.107001781,5.129709721,1.328096747,-0.679197371,-0.001441035,0.000000000,0.000000000,0.000000000,0.000000000,0.000000000,0.000000000,0.000000000,0.000000000,0.000000000,0.000000000,0.000000000,0.000000000,0.000000000,0.000000000,0.000000000,0.000000000,0.000000000,0.000000000,0.001810845,0.017737865,0.059653759,0.066716790,0.001361907,0.009345088,0.000211741,0.019360194,0.007952099,0.009937413,0.001426367,0.008449284
3.309806108,0.214952469,0.043910027,0.619545937,1.794592857,0.283982277,0.175452232,0.054382324,-0.003356934,0.023498535,-0.069152832,-0.016616821,0.006546021,0.214952469,0.043910027,0.619929314,1.794592857,0.283982277,0.175068855,0.000004951,-6.107001781,5.129709721,1.328096747,-0.679197371,-0.001441035,0.018417358,-6.102081299,5.172761917,1.405708313,-0.673563004,-0.017303467,0.000004951,-6.107001781,5.129709721,1.328096747,-0.679197371,-0.001441035,0.000000000,0.000000000,0.000000000,0.000000000,0.000000000,0.000000000,0.000000000,0.000000000,0.000000000,0.000000000,0.000000000,0.000000000,0.000000000,0.000000000,0.000000000,0.000000000,0.000000000,0.000000000,0.018412408,0.004920483,0.043052197,0.077611566,0.005634367,-0.015862432,0.016813304,0.006542811,-0.008649463,0.020832188,0.005698828,-0.016758236
3.319810390,0.215335846,0.043910027,0.619929314,1.794592857,0.283982277,0.175068855,0.014099121,-0.071107864,0.053039551,0.062438965,0.094161987,0.016616821,0.214952469,0.044293404,0.619929314,1.794592857,0.283982277,0.175068855,0.000004948,-6.110942841,5.127720356,1.328463912,-0.679465353,-0.001441861,0.003890991,-6.125885010,5.186769485,1.407783508,-0.685954094,0.003204346,0.000004948,-6.110942841,5.127720356,1.328463912,-0.679465353,-0.001441861,0.000000000,0.000000000,0.000000000,0.000000000,0.000000000,0.000000000,0.000000000,0.000000000,0.000000000,0.000000000,0.000000000,0.000000000,0.000000000,0.000000000,0.000000000,0.000000000,0.000000000,0.000000000,0.003886043,-0.014942169,0.059049129,0.079319596,-0.006488740,0.004646207,0.002286939,-0.013319841,0.007347470,0.022540219,-0.006424280,0.003750403
3.329633236,0.214952469,0.044293404,0.619545937,1.794592857,0.283982277,0.175068855,-0.104068756,-0.002746582,-0.014099121,-0.133609772,0.026687622,0.046829224,0.214952469,0.044293404,0.619929314,1.794592857,0.283982277,0.175068855,0.000004948,-6.110942841,5.127720356,1.328463912,-0.679465353,-0.001441861,0.011672974,-6.063629150,5.177431107,1.390661240,-0.690226555,0.017303467,0.000004948,-6.110942841,5.127720356,1.328463912,-0.679465353,-0.001441861,0.000000000,0.000000000,0.000000000,0.000000000,0.000000000,0.000000000,0.000000000,0.000000000,0.000000000,0.000000000,0.000000000,0.000000000,0.000000000,0.000000000,0.000000000,0.000000000,0.000000000,0.000000000,0.011668025,0.047313690,0.049710751,0.062197328,-0.010761201,0.018745328,0.010068921,0.048936018,-0.001990909,0.005417950,-0.010696741,0.017849524
3.339609623,0.215335846,0.043910027,0.619929314,1.794592857,0.283982277,0.175068855,0.100036621,-0.019226074,0.069152832,-0.100040436,-0.011581421,-0.004531860,0.214952469,0.044293404,0.619545937,1.794592857,0.283598900,0.175452232,0.000004950,-6.108588219,5.125489235,1.328563929,-0.679809153,-0.001442036,-0.035020828,-6.085601807,5.188325882,1.387029648,-0.684245110,-0.006195068,0.000004950,-6.108588219,5.125489235,1.328563929,-0.679809153,-0.001442036,0.000000000,0.000000000,0.000000000,0.000000000,0.000000000,0.000000000,0.000000000,0.000000000,0.000000000,0.000000000,0.000000000,0.000000000,0.000000000,0.000000000,0.000000000,0.000000000,0.000000000,0.000000000,-0.035025778,0.022986412,0.062836647,0.058465719,-0.004435956,-0.004753033,-0.036624882,0.024608740,0.011134987,0.001686342,-0.004371496,-0.005648837
3.349589348,0.214952469,0.043910027,0.619545937,1.794592857,0.283982277,0.175452232,-0.132266998,-0.066225052,-0.019470215,-0.038269043,0.004531860,0.028701782,0.214952469,0.043910027,0.619545937,1.794592857,0.283982277,0.175452232,0.000004952,-6.104902744,5.127720833,1.328464746,-0.679465175,-0.001441011,0.018417358,-6.058135986,5.167055130,1.382879257,-0.666299820,0.020721436,0.000004952,-6.104902744,5.127720833,1.328464746,-0.679465175,-0.001441011,0.000000000,0.000000000,0.000000000,0.000000000,0.000000000,0.000000000,0.000000000,0.000000000,0.000000000,0.000000000,0.000000000,0.000000000,0.000000000,0.000000000,0.000000000,0.000000000,0.000000000,0.000000000,0.018412406,0.046766758,0.039334297,0.054414511,0.013165355,0.022162446,0.016813303,0.048389086,-0.012367362,-0.002364867,0.013229815,0.021266642
3.359637737,0.214952469,0.044293404,0.619545937,1.794592857,0.283982277,0.175068855,0.077209473,0.022277832,-0.108097076,0.061096191,-0.024673462,0.037765503,0.214952469,0.043910027,0.619545937,1.794592857,0.283982277,0.175068855,0.000004952,-6.104901791,5.127720356,1.328463912,-0.679465353,-0.001441861,-0.017898560,-6.087432861,5.160829544,1.375097275,-0.682962418,-0.005767822,0.000004952,-6.104901791,5.127720356,1.328463912,-0.679465353,-0.001441861,0.000000000,0.000000000,0.000000000,0.000000000,0.000000000,0.000000000,0.000000000,0.000000000,0.000000000,0.000000000,0.000000000,0.000000000,0.000000000,0.000000000,0.000000000,0.000000000,0.000000000,0.000000000,-0.017903512,0.017468929,0.033109188,0.046633363,-0.003497064,-0.004325961,-0.019502615,0.019091257,-0.018592472,-0.010146015,-0.003432604,-0.005221765
3.369607925,0.214952469,0.044293404,0.619929314,1.794592857,0.283982277,0.175068855,-0.090641022,-0.007629395,0.079895020,0.069152832,-0.031723022,-0.061935425,0.214952469,0.044293404,0.619929314,1.794592857,0.283982277,0.175068855,0.000004948,-6.110942841,5.127720356,1.328463912,-0.679465353,-0.001441861,-0.012191772,-6.092926025,5.159273148,1.394813538,-0.666299820,0.005340576,0.000004948,-6.110942841,5.127720356,1.328463912,-0.679465353,-0.001441861,0.000000000,0.000000000,0.000000000,0.000000000,0.000000000,0.000000000,0.000000000,0.000000000,0.000000000,0.000000000,0.000000000,0.000000000,0.000000000,0.000000000,0.000000000,0.000000000,0.000000000,0.000000000,-0.012196721,0.018016815,0.031552792,0.066349626,0.013165534,0.006782437,-0.013795825,0.019639143,-0.020148868,0.009570248,0.013229994,0.005886633
3.379686356,0.215335846,0.043910027,0.619929314,1.794592857,0.283982277,0.175068855,-0.040954590,0.005798340,-0.011413574,0.003356934,0.026687622,-0.055892944,0.215335846,0.043910027,0.619929314,1.794592857,0.283982277,0.175068855,0.000004944,-6.107001781,5.129709721,1.328096747,-0.679197371,-0.001441035,-0.007522583,-6.113067627,5.197145462,1.384954453,-0.675699234,0.013458252,0.000004944,-6.107001781,5.129709721,1.328096747,-0.679197371,-0.001441035,0.000000000,0.000000000,0.000000000,0.000000000,0.000000000,0.000000000,0.000000000,0.000000000,0.000000000,0.000000000,0.000000000,0.000000000,0.000000000,0.000000000,0.000000000,0.000000000,0.000000000,0.000000000,-0.007527527,-0.006065845,0.067435741,0.056857705,0.003498137,0.014899287,-0.009126631,-0.004443517,0.015734082,0.000078328,0.003562597,0.014003483
3.389793396,0.215335846,0.044293404,0.619929314,1.794592857,0.283982277,0.175452232,0.175235748,-0.059511185,0.061096191,0.031555176,-0.052871704,0.011581421,0.215335846,0.044293404,0.619929314,1.794592857,0.283982277,0.175068855,0.000004941,-6.110942841,5.127720356,1.328463912,-0.679465353,-0.001441861,0.005447388,-6.103912354,5.198183060,1.401557922,-0.678689957,-0.004486084,0.000004941,-6.110942841,5.127720356,1.328463912,-0.679465353,-0.001441861,0.000000000,0.000000000,0.000000000,0.000000000,0.000000000,0.000000000,0.000000000,0.000000000,0.000000000,0.000000000,0.000000000,0.000000000,0.000000000,0.000000000,0.000000000,0.000000000,0.000000000,0.000000000,0.005442446,0.007030487,0.070462704,0.073094010,0.000775397,-0.003044223,0.003843343,0.008652815,0.018761044,0.016314633,0.000839857,-0.003940027
3.399644852,0.214952469,0.043910027,0.619929314,1.794592857,0.283982277,0.175068855,-0.051696777,-0.044862747,0.057067871,0.035583496,0.013595581,0.035751343,0.214952469,0.044293404,0.619545937,1.794592857,0.283982277,0.175068855,0.000004950,-6.108841896,5.125729561,1.328830957,-0.679733217,-0.001442687,0.009078979,-6.157012939,5.192476273,1.389104843,-0.697062492,-0.001068115,0.000004950,-6.108841896,5.125729561,1.328830957,-0.679733217,-0.001442687,0.000000000,0.000000000,0.000000000,0.000000000,0.000000000,0.000000000,0.000000000,0.000000000,0.000000000,0.000000000,0.000000000,0.000000000,0.000000000,0.000000000,0.000000000,0.000000000,0.000000000,0.000000000,0.009074030,-0.048171043,0.066746712,0.060273886,-0.017329276,0.000374571,0.007474926,-0.046548715,0.015045052,0.003494508,-0.017264815,-0.000521233
3.409577131,0.214952469,0.044293404,0.619929314,1.794592857,0.283982277,0.175068855,-0.053039551,0.126039505,0.028869629,0.117492676,-0.050857544,-0.066974640,0.214952469,0.044293404,0.619929314,1.794592857,0.283982277,0.175068855,0.000004948,-6.110942841,5.127720356,1.328463912,-0.679465353,-0.001441861,-0.013748169,-6.118560791,5.245393753,1.388586044,-0.669290543,-0.000213623,0.000004948,-6.110942841,5.127720356,1.328463912,-0.679465353,-0.001441861,0.000000000,0.000000000,0.000000000,0.000000000,0.000000000,0.000000000,0.000000000,0.000000000,0.000000000,0.000000000,0.000000000,0.000000000,0.000000000,0.000000000,0.000000000,0.000000000,0.000000000,0.000000000,-0.013753117,-0.007617950,0.117673397,0.060122132,0.010174811,0.001228238,-0.015352221,-0.005995622,0.065971737,0.003342755,0.010239271,0.000332434
3.419645071,0.214952469,0.043910027,0.619929314,1.794592857,0.283982277,0.175068855,0.085266113,-0.058290482,-0.047668457,-0.171207428,-0.016616821,-0.025680542,0.214952469,0.044293404,0.619929314,1.794592857,0.283982277,0.175068855,0.000004948,-6.110942841,5.127720356,1.328463912,-0.679465353,-0.001441861,0.004409790,-6.107574463,5.144746780,1.380285263,-0.695780754,0.013031006,0.000004948,-6.110942841,5.127720356,1.328463912,-0.679465353,-0.001441861,0.000000000,0.000000000,0.000000000,0.000000000,0.000000000,0.000000000,0.000000000,0.000000000,0.000000000,0.000000000,0.000000000,0.000000000,0.000000000,0.000000000,0.000000000,0.000000000,0.000000000,0.000000000,0.004404842,0.003368378,0.017026424,0.051821351,-0.016315401,0.014472867,0.002805738,0.004990706,-0.034675235,-0.004958026,-0.016250940,0.013577063
3.429781675,0.214952469,0.044293404,0.619545937,1.794592857,0.283982277,0.175068855,0.053039551,0.052185059,-0.058410645,0.093322754,0.065963745,0.023666382,0.215335846,0.043910027,0.619545937,1.794592857,0.283598900,0.175452232,0.000004945,-6.104648113,5.127479553,1.328196883,-0.679541290,-0.001441210,0.023605347,-6.138702393,5.177949905,1.390661240,-0.688944817,0.001922607,0.000004945,-6.104648113,5.127479553,1.328196883,-0.679541290,-0.001441210,0.000000000,0.000000000,0.000000000,0.000000000,0.000000000,0.000000000,0.000000000,0.000000000,0.000000000,0.000000000,0.000000000,0.000000000,0.000000000,0.000000000,0.000000000,0.000000000,0.000000000,0.000000000,0.023600401,-0.034054279,0.050470352,0.062464356,-0.009403527,0.003363817,0.022001297,-0.032431951,-0.001231307,0.005684979,-0.009339067,0.002468013
3.439816236,0.214952469,0.043910027,0.619929314,1.794592857,0.283598900,0.175452232,-0.067810059,0.023498535,0.042297363,0.031555176,-0.016616821,0.033737183,0.214952469,0.043910027,0.619545937,1.794592857,0.283598900,0.175452232,0.000004953,-6.104648113,5.127479553,1.328196883,-0.679541290,-0.001441210,0.013229370,-6.109405518,5.182100296,1.398445129,-0.683389664,-0.001922607,0.000004953,-6.104648113,5.127479553,1.328196883,-0.679541290,-0.001441210,0.000000000,0.000000000,0.000000000,0.000000000,0.000000000,0.000000000,0.000000000,0.000000000,0.000000000,0.000000000,0.000000000,0.000000000,0.000000000,0.000000000,0.000000000,0.000000000,0.000000000,0.000000000,0.013224418,-0.004757404,0.054620743,0.070248246,-0.003848374,-0.000481398,0.011625314,-0.003135076,0.002919083,0.013468869,-0.003783914,-0.001377202
3.449631453,0.215335846,0.043910027,0.619929314,1.794592857,0.283982277,0.175068855,0.118835449,-0.082094193,-0.078552246,0.046325684,0.030715942,-0.015609741,0.214952469,0.044293404,0.619929314,1.794592857,0.283598900,0.175452232,0.000004949,-6.110689163,5.127479553,1.328196883,-0.679541290,-0.001441210,0.036575317,-6.092926025,5.194551468,1.383398056,-0.671426773,0.004913330,0.000004949,-6.110689163,5.127479553,1.328196883,-0.679541290,-0.001441210,0.000000000,0.000000000,0.000000000,0.000000000,0.000000000,0.000000000,0.000000000,0.000000000,0.000000000,0.000000000,0.000000000,0.000000000,0.000000000,0.000000000,0.000000000,0.000000000,0.000000000,0.000000000,0.036570368,0.017763138,0.067071915,0.055201173,0.008114517,0.006354540,0.034971265,0.019385466,0.015370255,-0.001578205,0.008178977,0.005458736
3.459608555,0.214952469,0.043910027,0.619929314,1.794592857,0.283982277,0.175068855,-0.110782623,-0.066835403,-0.198062897,0.031555176,-0.013595581,0.019638062,0.214952469,0.044293404,0.619929314,1.794592857,0.283982277,0.175068855,0.000004948,-6.110942841,5.127720356,1.328463912,-0.679465353,-0.001441861,-0.021530151,-6.167999268,5.177431107,1.381322861,-0.700907707,0.001495361,0.000004948,-6.110942841,5.127720356,1.328463912,-0.679465353,-0.001441861,0.000000000,0.000000000,0.000000000,0.000000000,0.000000000,0.000000000,0.000000000,0.000000000,0.000000000,0.000000000,0.000000000,0.000000000,0.000000000,0.000000000,0.000000000,0.000000000,0.000000000,0.000000000,-0.021535100,-0.057056427,0.049710751,0.052858949,-0.021442354,0.002937222,-0.023134204,-0.055434099,-0.001990909,-0.003920429,-0.021377894,0.002041418
3.469802141,0.214952469,0.044293404,0.619929314,1.794592857,0.283982277,0.175068855,0.055725098,-0.072328568,0.077209473,-0.024841309,0.027694702,0.044815063,0.214952469,0.043910027,0.619929314,1.794592857,0.283982277,0.175068855,0.000004951,-6.107001781,5.129709721,1.328096747,-0.679197371,-0.001441035,-0.012710571,-6.125885010,5.205965042,1.380804062,-0.668436050,-0.022003174,0.000004951,-6.107001781,5.129709721,1.328096747,-0.679197371,-0.001441035,0.000000000,0.000000000,0.000000000,0.000000000,0.000000000,0.000000000,0.000000000,0.000000000,0.000000000,0.000000000,0.000000000,0.000000000,0.000000000,0.000000000,0.000000000,0.000000000,0.000000000,0.000000000,-0.012715522,-0.018883228,0.076255322,0.052707314,0.010761321,-0.020562139,-0.014314626,-0.017260900,0.024553662,-0.004072063,0.010825781,-0.021457943
3.479642630,0.214952469,0.044293404,0.619929314,1.794592857,0.283982277,0.175068855,-0.081237793,-0.002746582,0.002014160,-0.079895020,0.031723022,-0.028701782,0.214952469,0.044293404,0.619929314,1.794592857,0.283982277,0.175068855,0.000004948,-6.110942841,5.127720356,1.328463912,-0.679465353,-0.001441861,0.008041382,-6.091094971,5.178468704,1.432685852,-0.658609390,0.001068115,0.000004948,-6.110942841,5.127720356,1.328463912,-0.679465353,-0.001441861,0.000000000,0.000000000,0.000000000,0.000000000,0.000000000,0.000000000,0.000000000,0.000000000,0.000000000,0.000000000,0.000000000,0.000000000,0.000000000,0.000000000,0.000000000,0.000000000,0.000000000,0.000000000,0.008036433,0.019847870,0.050748348,0.104221940,0.020855963,0.002509976,0.006437330,0.021470198,-0.000953311,0.047442563,0.020920423,0.001614172
3.489621162,0.215335846,0.043910027,0.619929314,1.794592857,0.283982277,0.175068855,0.058410645,-0.038757324,0.042297363,0.120178223,-0.014602661,-0.037765503,0.214952469,0.043910027,0.619545937,1.794592857,0.283598900,0.175452232,0.000004953,-6.104648113,5.127479553,1.328196883,-0.679541290,-0.001441210,0.002853394,-6.083770752,5.178987503,1.397926331,-0.692362785,0.008758545,0.000004953,-6.104648113,5.127479553,1.328196883,-0.679541290,-0.001441210,0.000000000,0.000000000,0.000000000,0.000000000,0.000000000,0.000000000,0.000000000,0.000000000,0.000000000,0.000000000,0.000000000,0.000000000,0.000000000,0.000000000,0.000000000,0.000000000,0.000000000,0.000000000,0.002848441,0.020877361,0.051507950,0.069729447,-0.012821496,0.010199754,0.001249337,0.022499689,-0.000193710,0.012950070,-0.012757035,0.009303950
3.499608994,0.214952469,0.044293404,0.619929314,1.794592857,0.283598900,0.175452232,-0.128238678,0.016174316,-0.097354889,0.022155762,-0.031723022,0.038772583,0.214952469,0.044293404,0.619929314,1.794976234,0.283982277,0.175068855,0.000004949,-6.110593796,5.127389908,1.328096747,-0.679197371,-0.001441035,0.003890991,-6.140533447,5.176912308,1.394813538,-0.678262711,0.013031006,0.000004949,-6.110593796,5.127389908,1.328096747,-0.679197371,-0.001441035,0.000000000,0.000000000,0.000000000,0.000000000,0.000000000,0.000000000,0.000000000,0.000000000,0.000000000,0.000000000,0.000000000,0.000000000,0.000000000,0.000000000,0.000000000,0.000000000,0.000000000,0.000000000,0.003886043,-0.029939651,0.049522400,0.066716790,0.000934660,0.014472041,0.002286939,-0.028317323,-0.002179260,0.009937413,0.000999121,0.013576237
3.509768009,0.214952469,0.043910027,0.619929314,1.794592857,0.283598900,0.175068855,0.016784668,-0.095521927,0.059753418,0.015441895,-0.006546021,-0.022659302,0.214952469,0.043910027,0.619929314,1.794592857,0.283598900,0.175068855,0.000004951,-6.106747150,5.129468441,1.327828765,-0.679273486,-0.001441234,-0.012191772,-6.107574463,5.183137894,1.388586044,-0.690226555,0.004486084,0.000004951,-6.106747150,5.129468441,1.327828765,-0.679273486,-0.001441234,0.000000000,0.000000000,0.000000000,0.000000000,0.000000000,0.000000000,0.000000000,0.000000000,0.000000000,0.000000000,0.000000000,0.000000000,0.000000000,0.000000000,0.000000000,0.000000000,0.000000000,0.000000000,-0.012196724,-0.000827312,0.053669453,0.060757279,-0.010953069,0.005927318,-0.013795828,0.000795016,0.001967793,0.003977902,-0.010888609,0.005031514
3.519689322,0.215335846,0.043910027,0.619929314,1.794592857,0.283598900,0.175452232,0.101379395,-0.018615723,0.163146973,0.097351074,0.030715942,0.020645142,0.215335846,0.044293404,0.619929314,1.794592857,0.283982277,0.175068855,0.000004941,-6.110942841,5.127720356,1.328463912,-0.679465353,-0.001441861,0.035018921,-6.167999268,5.177949905,1.373540878,-0.686381340,0.015167236,0.000004941,-6.110942841,5.127720356,1.328463912,-0.679465353,-0.001441861,0.000000000,0.000000000,0.000000000,0.000000000,0.000000000,0.000000000,0.000000000,0.000000000,0.000000000,0.000000000,0.000000000,0.000000000,0.000000000,0.000000000,0.000000000,0.000000000,0.000000000,0.000000000,0.035013980,-0.057056427,0.050229549,0.045076966,-0.006915987,0.016609097,0.033414876,-0.055434099,-0.001472110,-0.011702411,-0.006851526,0.015713293
3.529636383,0.214952469,0.044293404,0.619929314,1.794592857,0.283598900,0.175068855,-0.106754303,-0.045473099,0.042297363,0.100036621,-0.027694702,-0.022659302,0.214952469,0.043910027,0.619929314,1.794592857,0.283982277,0.175452232,0.000004951,-6.107002735,5.129710674,1.328097582,-0.679197192,-0.001440185,-0.010635376,-6.098419189,5.174837112,1.394813538,-0.681253433,-0.001495361,0.000004951,-6.107002735,5.129710674,1.328097582,-0.679197192,-0.001440185,0.000000000,0.000000000,0.000000000,0.000000000,0.000000000,0.000000000,0.000000000,0.000000000,0.000000000,0.000000000,0.000000000,0.000000000,0.000000000,0.000000000,0.000000000,0.000000000,0.000000000,0.000000000,-0.010640327,0.008583546,0.045126438,0.066715956,-0.002056241,-0.000055176,-0.012239431,0.010205874,-0.006575221,0.009936578,-0.001991781,-0.000950980
3.539609194,0.214952469,0.044293404,0.619929314,1.794592857,0.283982277,0.175068855,0.032897949,0.044860840,-0.022155762,-0.055725098,0.004531860,-0.009567261,0.214952469,0.044293404,0.619929314,1.794592857,0.283982277,0.175068855,0.000004948,-6.110942841,5.127720356,1.328463912,-0.679465353,-0.001441861,0.007522583,-6.118560791,5.174318314,1.363683701,-0.681680679,0.014739990,0.000004948,-6.110942841,5.127720356,1.328463912,-0.679465353,-0.001441861,0.000000000,0.000000000,0.000000000,0.000000000,0.000000000,0.000000000,0.000000000,0.000000000,0.000000000,0.000000000,0.000000000,0.000000000,0.000000000,0.000000000,0.000000000,0.000000000,0.000000000,0.000000000,0.007517635,-0.007617950,0.046597958,0.035219789,-0.002215326,0.016181851,0.005918531,-0.005995622,-0.005103702,-0.021559589,-0.002150866,0.015286047
3.549813509,0.214952469,0.043910027,0.619929314,1.794592857,0.283982277,0.175068855,-0.030212402,-0.043031693,0.043640137,0.120178223,-0.041793823,-0.005538940,0.215335846,0.044293404,0.619929314,1.794592857,0.283982277,0.175452232,0.000004941,-6.110943794,5.127720833,1.328464746,-0.679465175,-0.001441011,-0.008560181,-6.122222900,5.178468704,1.363683701,-0.688517570,-0.013458252,0.000004941,-6.110943794,5.127720833,1.328464746,-0.679465175,-0.001441011,0.000000000,0.000000000,0.000000000,0.000000000,0.000000000,0.000000000,0.000000000,0.000000000,0.000000000,0.000000000,0.000000000,0.000000000,0.000000000,0.000000000,0.000000000,0.000000000,0.000000000,0.000000000,-0.008565122,-0.011279106,0.050747871,0.035218954,-0.009052396,-0.012017241,-0.010164226,-0.009656778,-0.000953788,-0.021560423,-0.008987936,-0.012913045
3.559810877,0.214952469,0.043910027,0.619929314,1.794592857,0.283982277,0.175068855,-0.143009186,-0.003967285,-0.047668457,-0.024841309,0.021652222,0.042800903,0.214952469,0.044293404,0.619929314,1.794592857,0.283982277,0.175068855,0.000004948,-6.110942841,5.127720356,1.328463912,-0.679465353,-0.001441861,0.009078979,-6.107574463,5.176393509,1.386510849,-0.673135757,0.011322021,0.000004948,-6.110942841,5.127720356,1.328463912,-0.679465353,-0.001441861,0.000000000,0.000000000,0.000000000,0.000000000,0.000000000,0.000000000,0.000000000,0.000000000,0.000000000,0.000000000,0.000000000,0.000000000,0.000000000,0.000000000,0.000000000,0.000000000,0.000000000,0.000000000,0.009074031,0.003368378,0.048673153,0.058046937,0.006329596,0.012763882,0.007474927,0.004990706,-0.003028507,0.001267559,0.006394056,0.011868078
3.569660187,0.214952469,0.043910027,0.619545937,1.794592857,0.283982277,0.175068855,-0.063781738,-0.055238724,-0.153751373,-0.071838379,-0.050857544,0.003524780,0.215335846,0.044293404,0.619929314,1.794592857,0.283982277,0.175068855,0.000004941,-6.110942841,5.127720356,1.328463912,-0.679465353,-0.001441861,0.007003784,-6.103912354,5.192995071,1.362646103,-0.681253433,-0.016021729,0.000004941,-6.110942841,5.127720356,1.328463912,-0.679465353,-0.001441861,0.000000000,0.000000000,0.000000000,0.000000000,0.000000000,0.000000000,0.000000000,0.000000000,0.000000000,0.000000000,0.000000000,0.000000000,0.000000000,0.000000000,0.000000000,0.000000000,0.000000000,0.000000000,0.006998843,0.007030487,0.065274715,0.034182191,-0.001788080,-0.014579868,0.005399739,0.008652815,0.013573056,-0.022597187,-0.001723620,-0.015475672
3.579609871,0.214952469,0.044293404,0.619929314,1.794592857,0.283982277,0.175068855,0.093322754,0.143739700,-0.038269043,-0.019470215,0.030715942,-0.042800903,0.214952469,0.044293404,0.619929314,1.794592857,0.283982277,0.175068855,0.000004948,-6.110942841,5.127720356,1.328463912,-0.679465353,-0.001441861,0.004928589,-6.096588135,5.169130325,1.389104843,-0.674844742,0.008758545,0.000004948,-6.110942841,5.127720356,1.328463912,-0.679465353,-0.001441861,0.000000000,0.000000000,0.000000000,0.000000000,0.000000000,0.000000000,0.000000000,0.000000000,0.000000000,0.000000000,0.000000000,0.000000000,0.000000000,0.000000000,0.000000000,0.000000000,0.000000000,0.000000000,0.004923640,0.014354706,0.041409969,0.060640931,0.004620612,0.010200406,0.003324537,0.015977034,-0.010291690,0.003861554,0.004685072,0.009304602
3.589796782,0.215335846,0.044293404,0.619929314,1.794592857,0.283982277,0.175068855,-0.050354004,-0.002136230,0.093322754,0.151062012,0.015609741,0.021652222,0.214952469,0.043910027,0.619929314,1.794592857,0.283982277,0.175452232,0.000004951,-6.107002735,5.129710674,1.328097582,-0.679197192,-0.001440185,0.013748169,-6.146026611,5.182619095,1.394813538,-0.684672356,0.004058838,0.000004951,-6.107002735,5.129710674,1.328097582,-0.679197192,-0.001440185,0.000000000,0.000000000,0.000000000,0.000000000,0.000000000,0.000000000,0.000000000,0.000000000,0.000000000,0.000000000,0.000000000,0.000000000,0.000000000,0.000000000,0.000000000,0.000000000,0.000000000,0.000000000,0.013743218,-0.039023876,0.052908421,0.066715956,-0.005475163,0.005499023,0.012144114,-0.037401548,0.001206761,0.009936578,-0.005410703,0.004603219
3.599807978,0.214952469,0.044293404,0.619929314,1.794592857,0.283982277,0.175068855,-0.228946686,-0.027770996,0.085266113,-0.063781738,-0.007553101,-0.064960480,0.214952469,0.044293404,0.619929314,1.794592857,0.283982277,0.175068855,0.000004948,-6.110942841,5.127720356,1.328463912,-0.679465353,-0.001441861,-0.011154175,-6.158843994,5.192476273,1.389623642,-0.663309097,0.012176514,0.000004948,-6.110942841,5.127720356,1.328463912,-0.679465353,-0.001441861,0.000000000,0.000000000,0.000000000,0.000000000,0.000000000,0.000000000,0.000000000,0.000000000,0.000000000,0.000000000,0.000000000,0.000000000,0.000000000,0.000000000,0.000000000,0.000000000,0.000000000,0.000000000,-0.011159123,-0.047901154,0.064755917,0.061159730,0.016156256,0.013618375,-0.012758227,-0.046278825,0.013054257,0.004380352,0.016220716,0.012722571
3.609637022,0.214952469,0.043910027,0.619929314,1.794592857,0.283982277,0.175068855,-0.114810944,-0.033874512,0.104064941,-0.138980865,0.042800903,0.002517700,0.215335846,0.044293404,0.619545937,1.794592857,0.283598900,0.175068855,0.000004943,-6.108587265,5.125488758,1.328563094,-0.679809332,-0.001442885,0.008041382,-6.107574463,5.163942337,1.380285263,-0.669717789,0.011322021,0.000004943,-6.108587265,5.125488758,1.328563094,-0.679809332,-0.001442885,0.000000000,0.000000000,0.000000000,0.000000000,0.000000000,0.000000000,0.000000000,0.000000000,0.000000000,0.000000000,0.000000000,0.000000000,0.000000000,0.000000000,0.000000000,0.000000000,0.000000000,0.000000000,0.008036439,0.001012802,0.038453579,0.051722169,0.010091543,0.012764907,0.006437335,0.002635130,-0.013248081,-0.005057209,0.010156003,0.011869103
3.619642019,0.214952469,0.043910027,0.619929314,1.794592857,0.283982277,0.175068855,-0.040954590,-0.002746582,0.073181152,-0.104068756,0.027694702,-0.014602661,0.214952469,0.043910027,0.619929314,1.794592857,0.283982277,0.175452232,0.000004951,-6.107002735,5.129710674,1.328097582,-0.679197192,-0.001440185,0.018936157,-6.125885010,5.181581497,1.388586044,-0.676980972,-0.002349854,0.000004951,-6.107002735,5.129710674,1.328097582,-0.679197192,-0.001440185,0.000000000,0.000000000,0.000000000,0.000000000,0.000000000,0.000000000,0.000000000,0.000000000,0.000000000,0.000000000,0.000000000,0.000000000,0.000000000,0.000000000,0.000000000,0.000000000,0.000000000,0.000000000,0.018931206,-0.018882275,0.051870823,0.060488462,0.002216220,-0.000909669,0.017332103,-0.017259947,0.000169163,0.003709085,0.002280680,-0.001805473
3.629641294,0.214952469,0.043910027,0.619929314,1.794592857,0.283982277,0.175068855,-0.003356934,-0.080263138,0.018127441,0.054382324,-0.035751343,0.009567261,0.215335846,0.044293404,0.619929314,1.794592857,0.283982277,0.175068855,0.000004941,-6.110942841,5.127720356,1.328463912,-0.679465353,-0.001441861,0.002853394,-6.061798096,5.174318314,1.385992050,-0.676126480,-0.009185791,0.000004941,-6.110942841,5.127720356,1.328463912,-0.679465353,-0.001441861,0.000000000,0.000000000,0.000000000,0.000000000,0.000000000,0.000000000,0.000000000,0.000000000,0.000000000,0.000000000,0.000000000,0.000000000,0.000000000,0.000000000,0.000000000,0.000000000,0.000000000,0.000000000,0.002848452,0.049144745,0.046597958,0.057528138,0.003338873,-0.007743930,0.001249348,0.050767073,-0.005103702,0.000748761,0.003403334,-0.008639734
3.639687538,0.215335846,0.043910027,0.619929314,1.794592857,0.283982277,0.175068855,0.199405670,-0.009460449,0.018127441,-0.057067871,-0.005538940,0.004531860,0.215335846,0.043910027,0.619929314,1.794592857,0.283982277,0.175068855,0.000004944,-6.107001781,5.129709721,1.328096747,-0.679197371,-0.001441035,-0.049028397,-6.092926025,5.189363480,1.394292831,-0.685099602,-0.010467529,0.000004944,-6.107001781,5.129709721,1.328096747,-0.679197371,-0.001441035,0.000000000,0.000000000,0.000000000,0.000000000,0.000000000,0.000000000,0.000000000,0.000000000,0.000000000,0.000000000,0.000000000,0.000000000,0.000000000,0.000000000,0.000000000,0.000000000,0.000000000,0.000000000,-0.049033340,0.014075756,0.059653759,0.066196084,-0.005902231,-0.009026494,-0.050632444,0.015698084,0.007952099,0.009416707,-0.005837771,-0.009922298
3.649654865,0.214952469,0.044293404,0.619929314,1.794592857,0.283982277,0.175068855,-0.034240723,-0.052797318,0.101379395,0.078552246,0.021652222,-0.020645142,0.214952469,0.044293404,0.619929314,1.794592857,0.283982277,0.175068855,0.000004948,-6.110942841,5.127720356,1.328463912,-0.679465353,-0.001441861,-0.002334595,-6.091094971,5.164979935,1.382360458,-0.679971695,-0.016021729,0.000004948,-6.110942841,5.127720356,1.328463912,-0.679465353,-0.001441861,0.000000000,0.000000000,0.000000000,0.000000000,0.000000000,0.000000000,0.000000000,0.000000000,0.000000000,0.000000000,0.000000000,0.000000000,0.000000000,0.000000000,0.000000000,0.000000000,0.000000000,0.000000000,-0.002339543,0.019847870,0.037259579,0.053896546,-0.000506341,-0.014579868,-0.003938647,0.021470198,-0.014442081,-0.002882831,-0.000441881,-0.015475672
3.659642458,0.214952469,0.044293404,0.619929314,1.794592857,0.283982277,0.175068855,0.159118652,0.020446777,-0.051696777,-0.069152832,0.024673462,-0.032730103,0.214952469,0.044293404,0.619929314,1.794592857,0.283982277,0.175068855,0.000004948,-6.110942841,5.127720356,1.328463912,-0.679465353,-0.001441861,0.001815796,-6.151519775,5.177431107,1.366277695,-0.687663078,-0.004486084,0.000004948,-6.110942841,5.127720356,1.328463912,-0.679465353,-0.001441861,0.000000000,0.000000000,0.000000000,0.000000000,0.000000000,0.000000000,0.000000000,0.000000000,0.000000000,0.000000000,0.000000000,0.000000000,0.000000000,0.000000000,0.000000000,0.000000000,0.000000000,0.000000000,0.001810847,-0.040576935,0.049710751,0.037813783,-0.008197725,-0.003044223,0.000211744,-0.038954607,-0.001990909,-0.018965595,-0.008133265,-0.003940027
3.669607878,0.215335846,0.043910027,0.619929314,1.794592857,0.283982277,0.175452232,0.012756348,-0.012512207,0.043640137,-0.028869629,0.075027466,0.016616821,0.214952469,0.044293404,0.619929314,1.794592857,0.283982277,0.175452232,0.000004948,-6.110943794,5.127720833,1.328464746,-0.679465175,-0.001441011,0.014266968,-6.083770752,5.136964798,1.382879257,-0.667581558,-0.006622314,0.000004948,-6.110943794,5.127720833,1.328464746,-0.679465175,-0.001441011,0.000000000,0.000000000,0.000000000,0.000000000,0.000000000,0.000000000,0.000000000,0.000000000,0.000000000,0.000000000,0.000000000,0.000000000,0.000000000,0.000000000,0.000000000,0.000000000,0.000000000,0.000000000,0.014262019,0.027173042,0.009243965,0.054414511,0.011883616,-0.005181304,0.012662915,0.028795370,-0.042457694,-0.002364867,0.011948077,-0.006077108
3.679812431,0.214952469,0.043910027,0.619545937,1.794592857,0.283982277,0.175068855,0.122863770,-0.008850098,0.020812988,-0.014099121,-0.011581421,-0.000503540,0.214952469,0.044293404,0.619929314,1.794592857,0.283598900,0.175452232,0.000004949,-6.110689163,5.127479553,1.328196883,-0.679541290,-0.001441210,0.006484985,-6.133209229,5.164461136,1.388586044,-0.670145035,-0.005767822,0.000004949,-6.110689163,5.127479553,1.328196883,-0.679541290,-0.001441210,0.000000000,0.000000000,0.000000000,0.000000000,0.000000000,0.000000000,0.000000000,0.000000000,0.000000000,0.000000000,0.000000000,0.000000000,0.000000000,0.000000000,0.000000000,0.000000000,0.000000000,0.000000000,0.006480036,-0.022520065,0.036981583,0.060389161,0.009396255,-0.004326613,0.004880933,-0.020897737,-0.014720077,0.003609784,0.009460715,-0.005222417
3.689628839,0.215335846,0.044293404,0.619929314,1.794209480,0.283598900,0.175452232,0.122863770,0.160219193,-0.010070801,-0.030212402,-0.006546021,0.013595581,0.215335846,0.044293404,0.619929314,1.794592857,0.283982277,0.175068855,0.000004941,-6.110942841,5.127720356,1.328463912,-0.679465353,-0.001441861,-0.004409790,-6.129547119,5.188844681,1.394813538,-0.693217278,-0.006195068,0.000004941,-6.110942841,5.127720356,1.328463912,-0.679465353,-0.001441861,0.000000000,0.000000000,0.000000000,0.000000000,0.000000000,0.000000000,0.000000000,0.000000000,0.000000000,0.000000000,0.000000000,0.000000000,0.000000000,0.000000000,0.000000000,0.000000000,0.000000000,0.000000000,-0.004414731,-0.018604279,0.061124325,0.066349626,-0.013751924,-0.004753207,-0.006013835,-0.016981950,0.009422665,0.009570248,-0.013687464,-0.005649011
3.699703693,0.215335846,0.044293404,0.619929314,1.794592857,0.283982277,0.175068855,-0.049011230,0.077819824,0.040954590,-0.028869629,0.006546021,0.058914185,0.214952469,0.043910027,0.619929314,1.794592857,0.283598900,0.175068855,0.000004951,-6.106747150,5.129468441,1.327828765,-0.679273486,-0.001441234,0.007522583,-6.078277588,5.188844681,1.387029648,-0.684672356,0.010467529,0.000004951,-6.106747150,5.129468441,1.327828765,-0.679273486,-0.001441234,0.000000000,0.000000000,0.000000000,0.000000000,0.000000000,0.000000000,0.000000000,0.000000000,0.000000000,0.000000000,0.000000000,0.000000000,0.000000000,0.000000000,0.000000000,0.000000000,0.000000000,0.000000000,0.007517632,0.028469563,0.059376240,0.059200883,-0.005398870,0.011908763,0.005918528,0.030091891,0.007674580,0.002421505,-0.005334409,0.011012959
3.709641457,0.214952469,0.044293404,0.619929314,1.794592857,0.283982277,0.175452232,-0.096012115,-0.083314896,-0.058410645,-0.016784668,-0.027694702,0.029708862,0.214952469,0.044293404,0.619929314,1.794592857,0.283982277,0.175452232,0.000004948,-6.110943794,5.127720833,1.328464746,-0.679465175,-0.001441011,0.005966187,-6.166168213,5.193513870,1.376134872,-0.636392593,0.006195068,0.000004948,-6.110943794,5.127720833,1.328464746,-0.679465175,-0.001441011,0.000000000,0.000000000,0.000000000,0.000000000,0.000000000,0.000000000,0.000000000,0.000000000,0.000000000,0.000000000,0.000000000,0.000000000,0.000000000,0.000000000,0.000000000,0.000000000,0.000000000,0.000000000,0.005961238,-0.055224419,0.065793037,0.047670126,0.043072581,0.007636079,0.004362134,-0.053602091,0.014091378,-0.009109252,0.043137041,0.006740275
3.719810963,0.214952469,0.044293404,0.619929314,1.794592857,0.283982277,0.175068855,-0.235660553,0.140077591,0.096008301,0.000671387,0.035751343,-0.007553101,0.214952469,0.044293404,0.619929314,1.794592857,0.283982277,0.175068855,0.000004948,-6.110942841,5.127720356,1.328463912,-0.679465353,-0.001441861,-0.024124146,-6.147857666,5.156679153,1.394292831,-0.655618668,-0.013031006,0.000004948,-6.110942841,5.127720356,1.328463912,-0.679465353,-0.001441861,0.000000000,0.000000000,0.000000000,0.000000000,0.000000000,0.000000000,0.000000000,0.000000000,0.000000000,0.000000000,0.000000000,0.000000000,0.000000000,0.000000000,0.000000000,0.000000000,0.000000000,0.000000000,-0.024129094,-0.036914825,0.028958797,0.065828919,0.023846686,-0.011589145,-0.025728198,-0.035292497,-0.022742862,0.009049542,0.023911146,-0.012484949
3.729638577,0.214952469,0.044293404,0.619545937,1.794592857,0.283598900,0.175068855,0.018127441,0.089418411,-0.030212402,0.167175293,-0.028701782,0.040786743,0.214952469,0.043910027,0.619929314,1.794592857,0.283598900,0.175068855,0.000004951,-6.106747150,5.129468441,1.327828765,-0.679273486,-0.001441234,0.036575317,-6.135040283,5.184175491,1.385992050,-0.694071770,0.011322021,0.000004951,-6.106747150,5.129468441,1.327828765,-0.679273486,-0.001441234,0.000000000,0.000000000,0.000000000,0.000000000,0.000000000,0.000000000,0.000000000,0.000000000,0.000000000,0.000000000,0.000000000,0.000000000,0.000000000,0.000000000,0.000000000,0.000000000,0.000000000,0.000000000,0.036570366,-0.028293133,0.054707050,0.058163285,-0.014798284,0.012763255,0.034971262,-0.026670805,0.003005391,0.001383908,-0.014733823,0.011867451
3.739610672,0.214952469,0.044293404,0.619929314,1.794592857,0.283982277,0.175452232,-0.036926270,-0.042421341,-0.024841309,0.078552246,0.037765503,0.022659302,0.214952469,0.043910027,0.619929314,1.794209480,0.283982277,0.175452232,0.000004951,-6.107351780,5.130041122,1.328464746,-0.679465175,-0.001441011,0.004409790,-6.136871338,5.156160355,1.377172470,-0.697916985,-0.018585205,0.000004951,-6.107351780,5.130041122,1.328464746,-0.679465175,-0.001441011,0.000000000,0.000000000,0.000000000,0.000000000,0.000000000,0.000000000,0.000000000,0.000000000,0.000000000,0.000000000,0.000000000,0.000000000,0.000000000,0.000000000,0.000000000,0.000000000,0.000000000,0.000000000,0.004404839,-0.029519558,0.026119232,0.048707724,-0.018451810,-0.017144194,0.002805736,-0.027897230,-0.025582427,-0.008071654,-0.018387350,-0.018039998
3.749628544,0.214952469,0.044293404,0.619929314,1.794592857,0.283982277,0.175068855,-0.136295319,-0.007629395,-0.073181152,0.096008301,0.004531860,-0.028701782,0.214952469,0.043910027,0.619929314,1.794592857,0.283982277,0.175068855,0.000004951,-6.107001781,5.129709721,1.328096747,-0.679197371,-0.001441035,-0.003890991,-6.147857666,5.223604202,1.395851135,-0.697062492,0.004486084,0.000004951,-6.107001781,5.129709721,1.328096747,-0.679197371,-0.001441035,0.000000000,0.000000000,0.000000000,0.000000000,0.000000000,0.000000000,0.000000000,0.000000000,0.000000000,0.000000000,0.000000000,0.000000000,0.000000000,0.000000000,0.000000000,0.000000000,0.000000000,0.000000000,-0.003895942,-0.040855885,0.093894482,0.067754388,-0.017865121,0.005927119,-0.005495046,-0.039233556,0.042192822,0.010975010,-0.017800661,0.005031315
3.759654045,0.214952469,0.043910027,0.619929314,1.794592857,0.283982277,0.175068855,-0.065124512,-0.096132278,0.040954590,0.007385254,0.034744263,0.001510620,0.214952469,0.044293404,0.619545937,1.794592857,0.283982277,0.175068855,0.000004950,-6.108841896,5.125729561,1.328830957,-0.679733217,-0.001442687,0.018936157,-6.078277588,5.202852249,1.364202499,-0.681680679,0.006622314,0.000004950,-6.108841896,5.125729561,1.328830957,-0.679733217,-0.001442687,0.000000000,0.000000000,0.000000000,0.000000000,0.000000000,0.000000000,0.000000000,0.000000000,0.000000000,0.000000000,0.000000000,0.000000000,0.000000000,0.000000000,0.000000000,0.000000000,0.000000000,0.000000000,0.018931207,0.030564308,0.077122688,0.035371542,-0.001947463,0.008065001,0.017332104,0.032186636,0.025421029,-0.021407836,-0.001883002,0.007169197
3.769785404,0.214952469,0.044293404,0.619929314,1.794592857,0.283598900,0.175452232,0.083923340,-0.013732910,0.050354004,-0.063781738,-0.027694702,0.032730103,0.214952469,0.043910027,0.619929314,1.794592857,0.283982277,0.175452232,0.000004951,-6.107002735,5.129710674,1.328097582,-0.679197192,-0.001440185,-0.006484985,-6.129547119,5.149415970,1.400001526,-0.671854019,-0.013885498,0.000004951,-6.107002735,5.129710674,1.328097582,-0.679197192,-0.001440185,0.000000000,0.000000000,0.000000000,0.000000000,0.000000000,0.000000000,0.000000000,0.000000000,0.000000000,0.000000000,0.000000000,0.000000000,0.000000000,0.000000000,0.000000000,0.000000000,0.000000000,0.000000000,-0.006489936,-0.022544384,0.019705296,0.071903944,0.007343173,-0.012445313,-0.008089040,-0.020922056,-0.031996364,0.015124567,0.007407633,-0.013341117
3.779610395,0.214952469,0.043910027,0.619929314,1.794592857,0.283982277,0.175068855,-0.008728027,0.069885254,0.070495605,0.077209473,0.054885864,0.001510620,0.215335846,0.044293404,0.619929314,1.794592857,0.283598900,0.175068855,0.000004942,-6.110688210,5.127479076,1.328196049,-0.679541469,-0.001442060,0.087419510,-6.098419189,5.209596634,1.393255234,-0.700907707,-0.014312744,0.000004942,-6.110688210,5.127479076,1.328196049,-0.679541469,-0.001442060,0.000000000,0.000000000,0.000000000,0.000000000,0.000000000,0.000000000,0.000000000,0.000000000,0.000000000,0.000000000,0.000000000,0.000000000,0.000000000,0.000000000,0.000000000,0.000000000,0.000000000,0.000000000,0.087414568,0.012269020,0.082117558,0.065059185,-0.021366239,-0.012870684,0.085815464,0.013891348,0.030415898,0.008279808,-0.021301778,-0.013766489
3.789669037,0.215335846,0.044293404,0.619929314,1.794592857,0.283982277,0.175068855,0.126892090,0.018615723,-0.144351959,0.031555176,0.006546021,-0.010574341,0.214952469,0.043910027,0.619929314,1.794592857,0.283982277,0.175068855,0.000004951,-6.107001781,5.129709721,1.328096747,-0.679197371,-0.001441035,0.001296997,-6.144195557,5.163423538,1.398963928,-0.670999527,0.016448975,0.000004951,-6.107001781,5.129709721,1.328096747,-0.679197371,-0.001441035,0.000000000,0.000000000,0.000000000,0.000000000,0.000000000,0.000000000,0.000000000,0.000000000,0.000000000,0.000000000,0.000000000,0.000000000,0.000000000,0.000000000,0.000000000,0.000000000,0.000000000,0.000000000,0.001292046,-0.037193775,0.033713818,0.070867181,0.008197844,0.017890010,-0.000307058,-0.035571447,-0.017987842,0.014087803,0.008262304,0.016994206
3.799815178,0.215335846,0.044293404,0.619929314,1.794592857,0.283982277,0.175068855,0.020812988,0.110170364,-0.035583496,-0.069152832,0.044815063,-0.033737183,0.214952469,0.044293404,0.619929314,1.794592857,0.283598900,0.175068855,0.000004949,-6.110688210,5.127479076,1.328196049,-0.679541469,-0.001442060,-0.001296997,-6.080108643,5.206483841,1.379766464,-0.673135757,-0.007476807,0.000004949,-6.110688210,5.127479076,1.328196049,-0.679541469,-0.001442060,0.000000000,0.000000000,0.000000000,0.000000000,0.000000000,0.000000000,0.000000000,0.000000000,0.000000000,0.000000000,0.000000000,0.000000000,0.000000000,0.000000000,0.000000000,0.000000000,0.000000000,0.000000000,-0.001301946,0.030579567,0.079004765,0.051570415,0.006405711,-0.006034747,-0.002901050,0.032201895,0.027303105,-0.005208962,0.006470171,-0.006930551
3.809826136,0.214952469,0.043910027,0.619929314,1.794592857,0.283982277,0.175068855,-0.062438965,-0.100404739,-0.122867584,-0.061096191,0.000503540,0.077041626,0.214952469,0.044293404,0.619929314,1.794592857,0.283982277,0.175068855,0.000004948,-6.110942841,5.127720356,1.328463912,-0.679465353,-0.001441861,0.008041382,-6.151519775,5.204408646,1.384435654,-0.677408218,-0.001495361,0.000004948,-6.110942841,5.127720356,1.328463912,-0.679465353,-0.001441861,0.000000000,0.000000000,0.000000000,0.000000000,0.000000000,0.000000000,0.000000000,0.000000000,0.000000000,0.000000000,0.000000000,0.000000000,0.000000000,0.000000000,0.000000000,0.000000000,0.000000000,0.000000000,0.008036433,-0.040576935,0.076688290,0.055971742,0.002057135,-0.000053500,0.006437330,-0.038954607,0.024986630,-0.000807636,0.002121595,-0.000949304
3.819662094,0.214952469,0.044293404,0.619545937,1.794592857,0.283982277,0.175068855,-0.104068756,0.005187988,-0.073181152,-0.000671387,0.007553101,-0.015609741,0.214952469,0.043910027,0.619929314,1.794592857,0.283982277,0.175068855,0.000004951,-6.107001781,5.129709721,1.328096747,-0.679197371,-0.001441035,-0.013229370,-6.118560791,5.205446243,1.391698837,-0.691081047,-0.000640869,0.000004951,-6.107001781,5.129709721,1.328096747,-0.679197371,-0.001441035,0.000000000,0.000000000,0.000000000,0.000000000,0.000000000,0.000000000,0.000000000,0.000000000,0.000000000,0.000000000,0.000000000,0.000000000,0.000000000,0.000000000,0.000000000,0.000000000,0.000000000,0.000000000,-0.013234321,-0.011559010,0.075736523,0.063602090,-0.011883676,0.000800166,-0.014833425,-0.009936681,0.024034863,0.006822712,-0.011819216,-0.000095638
3.829638720,0.214952469,0.043910027,0.619929314,1.794592857,0.283982277,0.175068855,-0.190006256,0.105897903,0.051696777,0.035583496,0.035751343,-0.033737183,0.214952469,0.044293404,0.619929314,1.794592857,0.283982277,0.175068855,0.000004948,-6.110942841,5.127720356,1.328463912,-0.679465353,-0.001441861,0.027236938,-6.129547119,5.221010208,1.356420517,-0.677835464,0.003204346,0.000004948,-6.110942841,5.127720356,1.328463912,-0.679465353,-0.001441861,0.000000000,0.000000000,0.000000000,0.000000000,0.000000000,0.000000000,0.000000000,0.000000000,0.000000000,0.000000000,0.000000000,0.000000000,0.000000000,0.000000000,0.000000000,0.000000000,0.000000000,0.000000000,0.027231990,-0.018604279,0.093289852,0.027956605,0.001629889,0.004646207,0.025632886,-0.016981950,0.041588193,-0.028822773,0.001694349,0.003750403
3.839625597,0.215335846,0.043910027,0.619929314,1.794592857,0.283598900,0.175068855,0.152404785,-0.085145950,0.063781738,0.032897949,-0.074024200,0.011581421,0.214952469,0.044293404,0.619545937,1.794592857,0.283982277,0.175068855,0.000004950,-6.108841896,5.125729561,1.328830957,-0.679733217,-0.001442687,-0.008560181,-6.136871338,5.172761917,1.387548447,-0.686808586,0.023284912,0.000004950,-6.108841896,5.125729561,1.328830957,-0.679733217,-0.001442687,0.000000000,0.000000000,0.000000000,0.000000000,0.000000000,0.000000000,0.000000000,0.000000000,0.000000000,0.000000000,0.000000000,0.000000000,0.000000000,0.000000000,0.000000000,0.000000000,0.000000000,0.000000000,-0.008565130,-0.028029442,0.047032356,0.058717489,-0.007075369,0.024727599,-0.010164234,-0.026407114,-0.004669303,0.001938112,-0.007010909,0.023831795
3.849636555,0.215335846,0.043910027,0.619545937,1.794592857,0.283982277,0.175068855,0.039611816,-0.010070801,-0.117496490,0.042297363,-0.009567261,0.014602661,0.214952469,0.044293404,0.619929314,1.794592857,0.283598900,0.175068855,0.000004949,-6.110688210,5.127479076,1.328196049,-0.679541469,-0.001442060,-0.010635376,-6.113067627,5.194551468,1.411933899,-0.685526848,0.007476807,0.000004949,-6.110688210,5.127479076,1.328196049,-0.679541469,-0.001442060,0.000000000,0.000000000,0.000000000,0.000000000,0.000000000,0.000000000,0.000000000,0.000000000,0.000000000,0.000000000,0.000000000,0.000000000,0.000000000,0.000000000,0.000000000,0.000000000,0.000000000,0.000000000,-0.010640325,-0.002379417,0.067072392,0.083737850,-0.005985379,0.008918866,-0.012239429,-0.000757089,0.015370732,0.026958473,-0.005920919,0.008023062
3.859609365,0.214952469,0.043910027,0.619929314,1.794592857,0.283982277,0.175068855,-0.038269043,-0.071718216,-0.023498535,-0.108097076,-0.029708862,0.010574341,0.215335846,0.044293404,0.619929314,1.794592857,0.283598900,0.175068855,0.000004942,-6.110688210,5.127479076,1.328196049,-0.679541469,-0.001442060,0.016342163,-6.111236572,5.193513870,1.403633118,-0.697489738,0.008758545,0.000004942,-6.110688210,5.127479076,1.328196049,-0.679541469,-0.001442060,0.000000000,0.000000000,0.000000000,0.000000000,0.000000000,0.000000000,0.000000000,0.000000000,0.000000000,0.000000000,0.000000000,0.000000000,0.000000000,0.000000000,0.000000000,0.000000000,0.000000000,0.000000000,0.016337221,-0.000548363,0.066034794,0.075437069,-0.017948270,0.010200605,0.014738117,0.001073965,0.014333134,0.018657691,-0.017883810,0.009304801
3.869641066,0.214952469,0.044293404,0.619929314,1.794592857,0.283982277,0.175068855,0.163146973,-0.008239746,0.024841309,0.066467285,0.040786743,0.045822144,0.214952469,0.043910027,0.619929314,1.794592857,0.283982277,0.175068855,0.000004951,-6.107001781,5.129709721,1.328096747,-0.679197371,-0.001441035,-0.013748169,-6.124053955,5.176912308,1.400001526,-0.681253433,-0.014739990,0.000004951,-6.107001781,5.129709721,1.328096747,-0.679197371,-0.001441035,0.000000000,0.000000000,0.000000000,0.000000000,0.000000000,0.000000000,0.000000000,0.000000000,0.000000000,0.000000000,0.000000000,0.000000000,0.000000000,0.000000000,0.000000000,0.000000000,0.000000000,0.000000000,-0.013753120,-0.017052174,0.047202587,0.071904778,-0.002056062,-0.013298955,-0.015352224,-0.015429845,-0.004499072,0.015125401,-0.001991602,-0.014194759
3.879825354,0.214952469,0.044293404,0.619929314,1.794592857,0.283598900,0.175068855,-0.031555176,0.021057129,0.089294434,0.122863770,-0.028701782,-0.008560181,0.214952469,0.044293404,0.619929314,1.794592857,0.283982277,0.175068855,0.000004948,-6.110942841,5.127720356,1.328463912,-0.679465353,-0.001441861,0.024124146,-6.114898682,5.196626663,1.392736435,-0.684245110,-0.006622314,0.000004948,-6.110942841,5.127720356,1.328463912,-0.679465353,-0.001441861,0.000000000,0.000000000,0.000000000,0.000000000,0.000000000,0.000000000,0.000000000,0.000000000,0.000000000,0.000000000,0.000000000,0.000000000,0.000000000,0.000000000,0.000000000,0.000000000,0.000000000,0.000000000,0.024119197,-0.003955841,0.068906307,0.064272523,-0.004779756,-0.005180454,0.022520093,-0.002333513,0.017204648,0.007493145,-0.004715296,-0.006076258
3.889568090,0.214952469,0.044293404,0.619929314,1.794592857,0.283982277,0.175068855,0.071838379,-0.062562943,-0.196720123,-0.000671387,0.015609741,-0.016616821,0.215335846,0.044293404,0.619929314,1.794592857,0.283982277,0.175068855,0.000004941,-6.110942841,5.127720356,1.328463912,-0.679465353,-0.001441861,-0.035020828,-6.078277588,5.150453568,1.394292831,-0.671854019,-0.005340576,0.000004941,-6.110942841,5.127720356,1.328463912,-0.679465353,-0.001441861,0.000000000,0.000000000,0.000000000,0.000000000,0.000000000,0.000000000,0.000000000,0.000000000,0.000000000,0.000000000,0.000000000,0.000000000,0.000000000,0.000000000,0.000000000,0.000000000,0.000000000,0.000000000,-0.035025770,0.032665253,0.022733212,0.065828919,0.007611334,-0.003898715,-0.036624873,0.034287581,-0.028968448,0.009049542,0.007675795,-0.004794519
3.899616718,0.214952469,0.044293404,0.619929314,1.794592857,0.283982277,0.175068855,-0.024841309,-0.030822754,-0.036926270,0.074523926,-0.064960480,0.007553101,0.214952469,0.044293404,0.619929314,1.794592857,0.283982277,0.175068855,0.000004948,-6.110942841,5.127720356,1.328463912,-0.679465353,-0.001441861,0.008041382,-6.078277588,5.212190628,1.378210068,-0.687663078,-0.003204346,0.000004948,-6.110942841,5.127720356,1.328463912,-0.679465353,-0.001441861,0.000000000,0.000000000,0.000000000,0.000000000,0.000000000,0.000000000,0.000000000,0.000000000,0.000000000,0.000000000,0.000000000,0.000000000,0.000000000,0.000000000,0.000000000,0.000000000,0.000000000,0.000000000,0.008036433,0.032665253,0.084470272,0.049746156,-0.008197725,-0.001762485,0.006437330,0.034287581,0.032768612,-0.007033222,-0.008133265,-0.002658289
3.909674168,0.214952469,0.043910027,0.619929314,1.794592857,0.283982277,0.175068855,0.057067871,0.002746582,0.016784668,-0.036926270,0.015609741,0.010574341,0.214952469,0.043910027,0.619929314,1.794592857,0.283982277,0.175068855,0.000004951,-6.107001781,5.129709721,1.328096747,-0.679197371,-0.001441035,-0.008560181,-6.118560791,5.147340775,1.406745911,-0.679971695,-0.013885498,0.000004951,-6.107001781,5.129709721,1.328096747,-0.679197371,-0.001441035,0.000000000,0.000000000,0.000000000,0.000000000,0.000000000,0.000000000,0.000000000,0.000000000,0.000000000,0.000000000,0.000000000,0.000000000,0.000000000,0.000000000,0.000000000,0.000000000,0.000000000,0.000000000,-0.008565131,-0.011559010,0.017631054,0.078649163,-0.000774324,-0.012444463,-0.010164235,-0.009936681,-0.034070606,0.021869786,-0.000709864,-0.013340267
3.919646740,0.214952469,0.044293404,0.619545937,1.794592857,0.283982277,0.175068855,-0.027526855,-0.004577637,-0.153751373,-0.055725098,-0.019638062,0.047836304,0.214952469,0.044293404,0.619929314,1.794592857,0.283598900,0.175068855,0.000004949,-6.110688210,5.127479076,1.328196049,-0.679541469,-0.001442060,0.022048950,-6.146026611,5.179506302,1.411415100,-0.689799309,0.001495361,0.000004949,-6.110688210,5.127479076,1.328196049,-0.679541469,-0.001442060,0.000000000,0.000000000,0.000000000,0.000000000,0.000000000,0.000000000,0.000000000,0.000000000,0.000000000,0.000000000,0.000000000,0.000000000,0.000000000,0.000000000,0.000000000,0.000000000,0.000000000,0.000000000,0.022044001,-0.035338402,0.052027225,0.083219051,-0.010257840,0.002937421,0.020444897,-0.033716074,0.000325566,0.026439674,-0.010193380,0.002041617
3.929567099,0.214952469,0.044293404,0.619929314,1.794209480,0.283982277,0.175068855,0.014099121,-0.036926270,0.079895020,0.010070801,-0.049850464,-0.050857544,0.214952469,0.044293404,0.619929314,1.794209480,0.283982277,0.175068855,0.000004948,-6.111291409,5.128050327,1.328830957,-0.679733217,-0.001442687,-0.002853394,-6.074615479,5.202852249,1.368871689,-0.690653801,0.011322021,0.000004948,-6.111291409,5.128050327,1.328830957,-0.679733217,-0.001442687,0.000000000,0.000000000,0.000000000,0.000000000,0.000000000,0.000000000,0.000000000,0.000000000,0.000000000,0.000000000,0.000000000,0.000000000,0.000000000,0.000000000,0.000000000,0.000000000,0.000000000,0.000000000,-0.002858342,0.036675930,0.074801922,0.040040731,-0.010920584,0.012764708,-0.004457446,0.038298258,0.023100262,-0.016738646,-0.010856124,0.011868904
3.939565897,0.214952469,0.044293404,0.619929314,1.794592857,0.283982277,0.175068855,0.091979980,-0.060731888,-0.028869629,-0.032897949,0.031723022,0.035751343,0.215335846,0.043910027,0.619929314,1.794592857,0.283982277,0.175068855,0.000004944,-6.107001781,5.129709721,1.328096747,-0.679197371,-0.001441035,-0.014266968,-6.067291260,5.210634232,1.389623642,-0.676126480,0.002777100,0.000004944,-6.107001781,5.129709721,1.328096747,-0.679197371,-0.001441035,0.000000000,0.000000000,0.000000000,0.000000000,0.000000000,0.000000000,0.000000000,0.000000000,0.000000000,0.000000000,0.000000000,0.000000000,0.000000000,0.000000000,0.000000000,0.000000000,0.000000000,0.000000000,-0.014271911,0.039710522,0.080924511,0.061526895,0.003070891,0.004218135,-0.015871015,0.041332850,0.029222851,0.004747517,0.003135351,0.003322331
3.949611425,0.214952469,0.043910027,0.619929314,1.794592857,0.283982277,0.175068855,0.031555176,-0.043031693,-0.036926270,0.004699707,-0.034744263,0.036758423,0.214952469,0.043910027,0.619929314,1.794592857,0.283982277,0.175068855,0.000004951,-6.107001781,5.129709721,1.328096747,-0.679197371,-0.001441035,0.002334595,-6.118560791,5.190401077,1.399482727,-0.682107925,-0.008331299,0.000004951,-6.107001781,5.129709721,1.328096747,-0.679197371,-0.001441035,0.000000000,0.000000000,0.000000000,0.000000000,0.000000000,0.000000000,0.000000000,0.000000000,0.000000000,0.000000000,0.000000000,0.000000000,0.000000000,0.000000000,0.000000000,0.000000000,0.000000000,0.000000000,0.002329644,-0.011559010,0.060691357,0.071385980,-0.002910554,-0.006890264,0.000730540,-0.009936681,0.008989697,0.014606602,-0.002846094,-0.007786068
3.959668398,0.215335846,0.044293404,0.619545937,1.794592857,0.283982277,0.175068855,0.023498535,0.018005371,-0.049011230,0.004699707,-0.011581421,0.038772583,0.214952469,0.044293404,0.619929314,1.794592857,0.283598900,0.175068855,0.000004949,-6.110688210,5.127479076,1.328196049,-0.679541469,-0.001442060,0.028274536,-6.118560791,5.191438675,1.395851135,-0.669290543,0.001495361,0.000004949,-6.110688210,5.127479076,1.328196049,-0.679541469,-0.001442060,0.000000000,0.000000000,0.000000000,0.000000000,0.000000000,0.000000000,0.000000000,0.000000000,0.000000000,0.000000000,0.000000000,0.000000000,0.000000000,0.000000000,0.000000000,0.000000000,0.000000000,0.000000000,0.028269587,-0.007872581,0.063959599,0.067655087,0.010250926,0.002937421,0.026670483,-0.006250253,0.012257939,0.010875709,0.010315386,0.002041617
3.969853401,0.214952469,0.044293404,0.619929314,1.794592857,0.283598900,0.175068855,0.105407715,-0.007629395,-0.063781738,0.083923340,-0.024673462,-0.000503540,0.214952469,0.044293404,0.619929314,1.794592857,0.283598900,0.175068855,0.000004949,-6.110688210,5.127479076,1.328196049,-0.679541469,-0.001442060,0.027236938,-6.122222900,5.187288284,1.378210068,-0.677835464,-0.004486084,0.000004949,-6.110688210,5.127479076,1.328196049,-0.679541469,-0.001442060,0.000000000,0.000000000,0.000000000,0.000000000,0.000000000,0.000000000,0.000000000,0.000000000,0.000000000,0.000000000,0.000000000,0.000000000,0.000000000,0.000000000,0.000000000,0.000000000,0.000000000,0.000000000,0.027231990,-0.011534691,0.059809208,0.050014019,0.001706004,-0.003044024,0.025632886,-0.009912363,0.008107548,-0.006765358,0.001770464,-0.003939828
3.979602575,0.214952469,0.044293404,0.619929314,1.794592857,0.283982277,0.175068855,-0.237003326,0.005798340,0.081237793,-0.028869629,0.042800903,0.034744263,0.214952469,0.043910027,0.619929314,1.794209480,0.283982277,0.175068855,0.000004951,-6.107350826,5.130040169,1.328463912,-0.679465353,-0.001441861,0.007522583,-6.078277588,5.161867142,1.389104843,-0.693644524,0.002777100,0.000004951,-6.107350826,5.130040169,1.328463912,-0.679465353,-0.001441861,0.000000000,0.000000000,0.000000000,0.000000000,0.000000000,0.000000000,0.000000000,0.000000000,0.000000000,0.000000000,0.000000000,0.000000000,0.000000000,0.000000000,0.000000000,0.000000000,0.000000000,0.000000000,0.007517632,0.029073238,0.031826973,0.060640931,-0.014179170,0.004218961,0.005918529,0.030695566,-0.019874687,0.003861554,-0.014114710,0.003323156
3.989607573,0.214952469,0.044293404,0.619929314,1.794592857,0.283982277,0.175068855,-0.040954590,-0.016174316,0.019470215,-0.086612701,0.004531860,0.057907104,0.214952469,0.044293404,0.619545937,1.794592857,0.283982277,0.175068855,0.000004950,-6.108841896,5.125729561,1.328830957,-0.679733217,-0.001442687,-0.017898560,-6.155181885,5.178468704,1.394813538,-0.686808586,0.015594482,0.000004950,-6.108841896,5.125729561,1.328830957,-0.679733217,-0.001442687,0.000000000,0.000000000,0.000000000,0.000000000,0.000000000,0.000000000,0.000000000,0.000000000,0.000000000,0.000000000,0.000000000,0.000000000,0.000000000,0.000000000,0.000000000,0.000000000,0.000000000,0.000000000,-0.017903509,-0.046339989,0.052739143,0.065982580,-0.007075369,0.017037169,-0.019502613,-0.044717661,0.001037484,0.009203203,-0.007010909,0.016141365
3.999609470,0.214952469,0.043910027,0.619929314,1.794209480,0.283982277,0.175068855,-0.061096191,-0.028381348,-0.027526855,-0.104068756,-0.001510620,-0.022659302,0.214952469,0.044293404,0.619929314,1.794592857,0.283982277,0.175068855,0.000004948,-6.110942841,5.127720356,1.328463912,-0.679465353,-0.001441861,0.003890991,-6.087432861,5.194032669,1.380804062,-0.676980972,-0.001068115,0.000004948,-6.110942841,5.127720356,1.328463912,-0.679465353,-0.001441861,0.000000000,0.000000000,0.000000000,0.000000000,0.000000000,0.000000000,0.000000000,0.000000000,0.000000000,0.000000000,0.000000000,0.000000000,0.000000000,0.000000000,0.000000000,0.000000000,0.000000000,0.000000000,0.003886043,0.023509979,0.066312313,0.052340150,0.002484381,0.000373746,0.002286939,0.025132307,0.014610653,-0.004439228,0.002548841,-0.000522058
4.009769678,0.214952469,0.043910027,0.619929314,1.794592857,0.283982277,0.175068855,-0.133609772,-0.122377396,0.026184082,0.044982910,-0.028701782,-0.028701782,0.214952469,0.043910027,0.619929314,1.794592857,0.283982277,0.175068855,0.000004951,-6.107001781,5.129709721,1.328096747,-0.679197371,-0.001441035,0.066667557,-6.041656494,5.152528763,1.404670715,-0.655191422,-0.009613037,0.000004951,-6.107001781,5.129709721,1.328096747,-0.679197371,-0.001441035,0.000000000,0.000000000,0.000000000,0.000000000,0.000000000,0.000000000,0.000000000,0.000000000,0.000000000,0.000000000,0.000000000,0.000000000,0.000000000,0.000000000,0.000000000,0.000000000,0.000000000,0.000000000,0.066662606,0.065345287,0.022819042,0.076573968,0.024005949,-0.008172002,0.065063502,0.066967615,-0.028882617,0.019794590,0.024070410,-0.009067806
4.019934177,0.215335846,0.043910027,0.619929314,1.794592857,0.283982277,0.175068855,-0.097354889,-0.027160645,0.161804199,-0.024841309,0.015609741,0.011581421,0.214952469,0.044293404,0.619929314,1.794592857,0.283982277,0.175068855,0.000004948,-6.110942841,5.127720356,1.328463912,-0.679465353,-0.001441861,-0.045915604,-6.103912354,5.173799515,1.385992050,-0.688517570,0.006622314,0.000004948,-6.110942841,5.127720356,1.328463912,-0.679465353,-0.001441861,0.000000000,0.000000000,0.000000000,0.000000000,0.000000000,0.000000000,0.000000000,0.000000000,0.000000000,0.000000000,0.000000000,0.000000000,0.000000000,0.000000000,0.000000000,0.000000000,0.000000000,0.000000000,-0.045920552,0.007030487,0.046079159,0.057528138,-0.009052217,0.008064175,-0.047519656,0.008652815,-0.005622501,0.000748761,-0.008987757,0.007168371
4.029613495,0.214952469,0.044293404,0.619545937,1.794592857,0.283982277,0.175068855,0.019470215,0.108949661,-0.026184082,-0.055725098,0.030715942,-0.047836304,0.215335846,0.043910027,0.619929314,1.794592857,0.283982277,0.175452232,0.000004944,-6.107002735,5.129710674,1.328097582,-0.679197192,-0.001440185,-0.007003784,-6.140533447,5.177431107,1.385473251,-0.698771477,-0.010040283,0.000004944,-6.107002735,5.129710674,1.328097582,-0.679197192,-0.001440185,0.000000000,0.000000000,0.000000000,0.000000000,0.000000000,0.000000000,0.000000000,0.000000000,0.000000000,0.000000000,0.000000000,0.000000000,0.000000000,0.000000000,0.000000000,0.000000000,0.000000000,0.000000000,-0.007008728,-0.033530712,0.047720432,0.057375669,-0.019574285,-0.008600098,-0.008607832,-0.031908384,-0.003981227,0.000596292,-0.019509824,-0.009495902
4.039710760,0.214952469,0.044293404,0.619929314,1.794592857,0.283982277,0.175068855,-0.014099121,0.002136230,0.086608887,0.012756348,-0.005538940,-0.036758423,0.214952469,0.043910027,0.619545937,1.794592857,0.283982277,0.175068855,0.000004952,-6.104901791,5.127720356,1.328463912,-0.679465353,-0.001441861,0.017379761,-6.048980713,5.170686722,1.425941467,-0.693644524,-0.000640869,0.000004952,-6.104901791,5.127720356,1.328463912,-0.679465353,-0.001441861,0.000000000,0.000000000,0.000000000,0.000000000,0.000000000,0.000000000,0.000000000,0.000000000,0.000000000,0.000000000,0.000000000,0.000000000,0.000000000,0.000000000,0.000000000,0.000000000,0.000000000,0.000000000,0.017374809,0.055921078,0.042966366,0.097477555,-0.014179170,0.000800992,0.015775705,0.057543406,-0.008735294,0.040698178,-0.014114710,-0.000094812
4.049617529,0.214952469,0.044293404,0.619929314,1.794976234,0.283598900,0.175068855,0.035583496,0.036315918,0.110778809,0.046325684,-0.068988800,0.009567261,0.214952469,0.044293404,0.619929314,1.794976234,0.283598900,0.175068855,0.000004949,-6.110339165,5.127148628,1.327828765,-0.679273486,-0.001441234,-0.023605347,-6.081939697,5.183137894,1.390142441,-0.676126480,-0.004486084,0.000004949,-6.110339165,5.127148628,1.327828765,-0.679273486,-0.001441234,0.000000000,0.000000000,0.000000000,0.000000000,0.000000000,0.000000000,0.000000000,0.000000000,0.000000000,0.000000000,0.000000000,0.000000000,0.000000000,0.000000000,0.000000000,0.000000000,0.000000000,0.000000000,-0.023610296,0.028399467,0.055989265,0.062313676,0.003147006,-0.003044850,-0.025209400,0.030021796,0.004287606,0.005534298,0.003211466,-0.003940654
4.059624910,0.214952469,0.044293404,0.619929314,1.794592857,0.283982277,0.175068855,-0.003356934,0.033264160,-0.008728027,-0.015441895,-0.025680542,0.045822144,0.214952469,0.043910027,0.619929314,1.794592857,0.283598900,0.175452232,0.000004951,-6.106748104,5.129469395,1.327829599,-0.679273248,-0.001440383,0.023605347,-6.054473877,5.193513870,1.383916855,-0.678262711,0.003631592,0.000004951,-6.106748104,5.129469395,1.327829599,-0.679273248,-0.001440383,0.000000000,0.000000000,0.000000000,0.000000000,0.000000000,0.000000000,0.000000000,0.000000000,0.000000000,0.000000000,0.000000000,0.000000000,0.000000000,0.000000000,0.000000000,0.000000000,0.000000000,0.000000000,0.023600395,0.052274227,0.064044476,0.056087255,0.001010537,0.005071975,0.022001292,0.053896555,0.012342816,-0.000692122,0.001074997,0.004176171
4.069616556,0.214952469,0.044293404,0.619929314,1.794592857,0.283982277,0.175068855,-0.046325684,0.048522949,0.016784668,0.063781738,0.000503540,-0.029708862,0.215335846,0.043910027,0.619929314,1.794592857,0.283598900,0.175068855,0.000004944,-6.106747150,5.129468441,1.327828765,-0.679273486,-0.001441234,-0.002334595,-6.023345947,5.188844681,1.388067245,-0.681680679,0.034393311,0.000004944,-6.106747150,5.129468441,1.327828765,-0.679273486,-0.001441234,0.000000000,0.000000000,0.000000000,0.000000000,0.000000000,0.000000000,0.000000000,0.000000000,0.000000000,0.000000000,0.000000000,0.000000000,0.000000000,0.000000000,0.000000000,0.000000000,0.000000000,0.000000000,-0.002339539,0.083401203,0.059376240,0.060238481,-0.002407193,0.035834544,-0.003938643,0.085023531,0.007674580,0.003459103,-0.002342733,0.034938740
4.079660892,0.214952469,0.044293404,0.619929314,1.794592857,0.283982277,0.175452232,0.004699707,-0.078432083,-0.026184082,-0.083923340,0.035751343,-0.004531860,0.215335846,0.044293404,0.619929314,1.794592857,0.283982277,0.175068855,0.000004941,-6.110942841,5.127720356,1.328463912,-0.679465353,-0.001441861,-0.012710571,-6.074615479,5.201295853,1.402595520,-0.694071770,-0.001495361,0.000004941,-6.110942841,5.127720356,1.328463912,-0.679465353,-0.001441861,0.000000000,0.000000000,0.000000000,0.000000000,0.000000000,0.000000000,0.000000000,0.000000000,0.000000000,0.000000000,0.000000000,0.000000000,0.000000000,0.000000000,0.000000000,0.000000000,0.000000000,0.000000000,-0.012715513,0.036327362,0.073575497,0.074131608,-0.014606416,-0.000053500,-0.014314616,0.037949690,0.021873837,0.017352231,-0.014541956,-0.000949304
4.089635134,0.214952469,0.043910027,0.619929314,1.794592857,0.283598900,0.175068855,-0.043640137,-0.006408691,0.016784668,0.011413574,-0.083087921,0.050857544,0.214952469,0.043910027,0.619929314,1.794592857,0.283598900,0.175068855,0.000004951,-6.106747150,5.129468441,1.327828765,-0.679273486,-0.001441234,-0.010116577,-6.116729736,5.183137894,1.394292831,-0.671854019,-0.002777100,0.000004951,-6.106747150,5.129468441,1.327828765,-0.679273486,-0.001441234,0.000000000,0.000000000,0.000000000,0.000000000,0.000000000,0.000000000,0.000000000,0.000000000,0.000000000,0.000000000,0.000000000,0.000000000,0.000000000,0.000000000,0.000000000,0.000000000,0.000000000,0.000000000,-0.010121528,-0.009982586,0.053669453,0.066464067,0.007419467,-0.001335866,-0.011720632,-0.008360258,0.001967793,0.009684689,0.007483927,-0.002231670
4.099649668,0.215335846,0.044293404,0.619929314,1.794592857,0.283982277,0.175068855,0.062438965,0.053405762,0.096008301,0.101379395,-0.036758423,0.001510620,0.214952469,0.043910027,0.619929314,1.794592857,0.283982277,0.175068855,0.000004951,-6.107001781,5.129709721,1.328096747,-0.679197371,-0.001441035,0.004928589,-6.113067627,5.189363480,1.369390488,-0.697489738,0.014739990,0.000004951,-6.107001781,5.129709721,1.328096747,-0.679197371,-0.001441035,0.000000000,0.000000000,0.000000000,0.000000000,0.000000000,0.000000000,0.000000000,0.000000000,0.000000000,0.000000000,0.000000000,0.000000000,0.000000000,0.000000000,0.000000000,0.000000000,0.000000000,0.000000000,0.004923638,-0.006065845,0.059653759,0.041293740,-0.018292367,0.016181025,0.003324534,-0.004443517,0.007952099,-0.015485637,-0.018227907,0.015285221
4.109611273,0.214952469,0.044293404,0.619929314,1.794592857,0.283982277,0.175068855,-0.034240723,-0.031433105,0.011413574,-0.114810944,0.024673462,-0.014602661,0.214952469,0.044293404,0.619929314,1.794592857,0.283982277,0.175068855,0.000004948,-6.110942841,5.127720356,1.328463912,-0.679465353,-0.001441861,-0.018417358,-6.091094971,5.174837112,1.352270126,-0.668436050,0.007904053,0.000004948,-6.110942841,5.127720356,1.328463912,-0.679465353,-0.001441861,0.000000000,0.000000000,0.000000000,0.000000000,0.000000000,0.000000000,0.000000000,0.000000000,0.000000000,0.000000000,0.000000000,0.000000000,0.000000000,0.000000000,0.000000000,0.000000000,0.000000000,0.000000000,-0.018422307,0.019847870,0.047116756,0.023806214,0.011029303,0.009345914,-0.020021411,0.021470198,-0.004584903,-0.032973163,0.011093763,0.008450110
4.119709730,0.214952469,0.044293404,0.619929314,1.794592857,0.283982277,0.175452232,-0.046325684,0.044860840,-0.003356934,0.059753418,0.049850464,0.007553101,0.214952469,0.044293404,0.619929314,1.794592857,0.283982277,0.175452232,0.000004948,-6.110943794,5.127720833,1.328464746,-0.679465175,-0.001441011,0.000259399,-6.111236572,5.144227982,1.389104843,-0.678689957,0.016021729,0.000004948,-6.110943794,5.127720833,1.328464746,-0.679465175,-0.001441011,0.000000000,0.000000000,0.000000000,0.000000000,0.000000000,0.000000000,0.000000000,0.000000000,0.000000000,0.000000000,0.000000000,0.000000000,0.000000000,0.000000000,0.000000000,0.000000000,0.000000000,0.000000000,0.000254451,-0.000292778,0.016507149,0.060640097,0.000775218,0.017462739,-0.001344653,0.001329550,-0.035194511,0.003860719,0.000839678,0.016566935
4.129599571,0.214952469,0.043910027,0.619929314,1.794592857,0.283982277,0.175068855,0.050354004,-0.032043457,0.044982910,0.003356934,-0.002517700,0.004531860,0.214952469,0.043910027,0.619929314,1.794592857,0.283982277,0.175068855,0.000004951,-6.107001781,5.129709721,1.328096747,-0.679197371,-0.001441035,-0.006484985,-6.069122314,5.180543900,1.392217636,-0.685099602,0.014312744,0.000004951,-6.107001781,5.129709721,1.328096747,-0.679197371,-0.001441035,0.000000000,0.000000000,0.000000000,0.000000000,0.000000000,0.000000000,0.000000000,0.000000000,0.000000000,0.000000000,0.000000000,0.000000000,0.000000000,0.000000000,0.000000000,0.000000000,0.000000000,0.000000000,-0.006489936,0.037879467,0.050834179,0.064120889,-0.005902231,0.015753779,-0.008089040,0.039501795,-0.000867481,0.007341511,-0.005837771,0.014857975
4.139642477,0.214952469,0.043910027,0.619929314,1.794592857,0.283982277,0.175068855,0.129577637,0.004577637,0.083923340,-0.028869629,0.056900024,-0.053878784,0.214952469,0.043910027,0.619929314,1.794592857,0.283982277,0.175068855,0.000004951,-6.107001781,5.129709721,1.328096747,-0.679197371,-0.001441035,0.003890991,-6.144195557,5.130220413,1.395851135,-0.690653801,0.009613037,0.000004951,-6.107001781,5.129709721,1.328096747,-0.679197371,-0.001441035,0.000000000,0.000000000,0.000000000,0.000000000,0.000000000,0.000000000,0.000000000,0.000000000,0.000000000,0.000000000,0.000000000,0.000000000,0.000000000,0.000000000,0.000000000,0.000000000,0.000000000,0.000000000,0.003886040,-0.037193775,0.000510693,0.067754388,-0.011456430,0.011054072,0.002286937,-0.035571447,-0.051190967,0.010975010,-0.011391970,0.010158268
4.149610519,0.214952469,0.043910027,0.619929314,1.794592857,0.283982277,0.175068855,-0.077209473,-0.065004349,0.093322754,0.066467285,-0.044815063,-0.079059601,0.214952469,0.043910027,0.619929314,1.794592857,0.283598900,0.175068855,0.000004951,-6.106747150,5.129468441,1.327828765,-0.679273486,-0.001441234,0.021011353,-6.094757080,5.216859818,1.377172470,-0.678262711,-0.003631592,0.000004951,-6.106747150,5.129468441,1.327828765,-0.679273486,-0.001441234,0.000000000,0.000000000,0.000000000,0.000000000,0.000000000,0.000000000,0.000000000,0.000000000,0.000000000,0.000000000,0.000000000,0.000000000,0.000000000,0.000000000,0.000000000,0.000000000,0.000000000,0.000000000,0.021006401,0.011990070,0.087391376,0.049343705,0.001010776,-0.002190358,0.019407297,0.013612398,0.035689717,-0.007435672,0.001075236,-0.003086162
4.159796000,0.214952469,0.043910027,0.619929314,1.794592857,0.283982277,0.175068855,-0.074523926,0.016784668,-0.061096191,-0.023498535,-0.019638062,-0.004531860,0.215335846,0.043910027,0.619929314,1.794592857,0.283598900,0.175068855,0.000004944,-6.106747150,5.129468441,1.327828765,-0.679273486,-0.001441234,0.018936157,-6.124053955,5.143190384,1.352270126,-0.681253433,-0.007049561,0.000004944,-6.106747150,5.129468441,1.327828765,-0.679273486,-0.001441234,0.000000000,0.000000000,0.000000000,0.000000000,0.000000000,0.000000000,0.000000000,0.000000000,0.000000000,0.000000000,0.000000000,0.000000000,0.000000000,0.000000000,0.000000000,0.000000000,0.000000000,0.000000000,0.018931213,-0.017306805,0.013721943,0.024441361,-0.001979947,-0.005608327,0.017332109,-0.015684477,-0.037979717,-0.032338016,-0.001915487,-0.006504131
4.169635057,0.214952469,0.043910027,0.619929314,1.794592857,0.283982277,0.175068855,-0.044982910,-0.145570755,0.086608887,-0.090641022,0.050857544,0.025680542,0.214952469,0.043910027,0.619929314,1.794592857,0.283982277,0.175068855,0.000004951,-6.107001781,5.129709721,1.328096747,-0.679197371,-0.001441035,0.013229370,-6.120391846,5.164461136,1.398445129,-0.676126480,-0.000640869,0.000004951,-6.107001781,5.129709721,1.328096747,-0.679197371,-0.001441035,0.000000000,0.000000000,0.000000000,0.000000000,0.000000000,0.000000000,0.000000000,0.000000000,0.000000000,0.000000000,0.000000000,0.000000000,0.000000000,0.000000000,0.000000000,0.000000000,0.000000000,0.000000000,0.013224419,-0.013390064,0.034751415,0.070348382,0.003070891,0.000800166,0.011625315,-0.011767736,-0.016950244,0.013569005,0.003135351,-0.000095638
4.179607868,0.214952469,0.044293404,0.619929314,1.794592857,0.283982277,0.175068855,0.008728027,0.053405762,-0.087955475,0.078552246,0.038772583,0.024673462,0.214952469,0.043910027,0.619929314,1.794592857,0.283982277,0.175068855,0.000004951,-6.107001781,5.129709721,1.328096747,-0.679197371,-0.001441035,-0.008560181,-6.125885010,5.162904739,1.350194931,-0.660318375,-0.010894775,0.000004951,-6.107001781,5.129709721,1.328096747,-0.679197371,-0.001441035,0.000000000,0.000000000,0.000000000,0.000000000,0.000000000,0.000000000,0.000000000,0.000000000,0.000000000,0.000000000,0.000000000,0.000000000,0.000000000,0.000000000,0.000000000,0.000000000,0.000000000,0.000000000,-0.008565131,-0.018883228,0.033195019,0.022098184,0.018878996,-0.009453740,-0.010164235,-0.017260900,-0.018506641,-0.034681194,0.018943457,-0.010349544
4.189642191,0.214952469,0.044293404,0.619929314,1.794592857,0.283982277,0.175068855,-0.085266113,-0.175477982,0.090637207,-0.059753418,-0.026687622,0.001510620,0.214952469,0.043910027,0.619929314,1.794592857,0.283982277,0.175068855,0.000004951,-6.107001781,5.129709721,1.328096747,-0.679197371,-0.001441035,-0.023605347,-6.072784424,5.171724319,1.387029648,-0.676126480,-0.008758545,0.000004951,-6.107001781,5.129709721,1.328096747,-0.679197371,-0.001441035,0.000000000,0.000000000,0.000000000,0.000000000,0.000000000,0.000000000,0.000000000,0.000000000,0.000000000,0.000000000,0.000000000,0.000000000,0.000000000,0.000000000,0.000000000,0.000000000,0.000000000,0.000000000,-0.023610298,0.034217358,0.042014599,0.058932900,0.003070891,-0.007317510,-0.025209401,0.035839686,-0.009687061,0.002153523,0.003135351,-0.008213314
4.199632883,0.214952469,0.044293404,0.619929314,1.794592857,0.283982277,0.175068855,-0.027526855,0.148012161,-0.059753418,-0.004699707,-0.032730103,-0.003524780,0.214952469,0.044293404,0.619929314,1.794592857,0.283982277,0.175068855,0.000004948,-6.110942841,5.127720356,1.328463912,-0.679465353,-0.001441861,0.039688110,-6.087432861,5.169649124,1.390142441,-0.680398941,-0.019439697,0.000004948,-6.110942841,5.127720356,1.328463912,-0.679465353,-0.001441861,0.000000000,0.000000000,0.000000000,0.000000000,0.000000000,0.000000000,0.000000000,0.000000000,0.000000000,0.000000000,0.000000000,0.000000000,0.000000000,0.000000000,0.000000000,0.000000000,0.000000000,0.000000000,0.039683162,0.023509979,0.041928768,0.061678529,-0.000933588,-0.017997836,0.038084058,0.025132307,-0.009772891,0.004899151,-0.000869127,-0.018893640
4.209769726,0.214952469,0.044293404,0.619929314,1.794592857,0.283982277,0.175068855,-0.032897949,0.082094193,-0.023498535,-0.089298248,0.051864624,-0.021652222,0.214952469,0.044293404,0.619929314,1.794209480,0.283982277,0.175068855,0.000004948,-6.111291409,5.128050327,1.328830957,-0.679733217,-0.001442687,-0.015823364,-6.146026611,5.184694290,1.376134872,-0.672708511,0.003204346,0.000004948,-6.111291409,5.128050327,1.328830957,-0.679733217,-0.001442687,0.000000000,0.000000000,0.000000000,0.000000000,0.000000000,0.000000000,0.000000000,0.000000000,0.000000000,0.000000000,0.000000000,0.000000000,0.000000000,0.000000000,0.000000000,0.000000000,0.000000000,0.000000000,-0.015828313,-0.034735203,0.056643963,0.047303915,0.007024705,0.004647032,-0.017427416,-0.033112875,0.004942303,-0.009475462,0.007089166,0.003751228
4.219681740,0.214952469,0.044293404,0.619929314,1.794592857,0.283598900,0.175068855,0.125549316,-0.063173294,0.160461426,-0.055725098,-0.016616821,-0.022659302,0.214952469,0.043910027,0.619929314,1.794592857,0.283982277,0.175068855,0.000004951,-6.107001781,5.129709721,1.328096747,-0.679197371,-0.001441035,-0.008041382,-6.129547119,5.171205521,1.388586044,-0.676553726,0.040374756,0.000004951,-6.107001781,5.129709721,1.328096747,-0.679197371,-0.001441035,0.000000000,0.000000000,0.000000000,0.000000000,0.000000000,0.000000000,0.000000000,0.000000000,0.000000000,0.000000000,0.000000000,0.000000000,0.000000000,0.000000000,0.000000000,0.000000000,0.000000000,0.000000000,-0.008046333,-0.022545338,0.041495800,0.060489297,0.002643645,0.041815791,-0.009645436,-0.020923010,-0.010205860,0.003709919,0.002708105,0.040919987
4.229638815,0.215335846,0.044293404,0.619929314,1.794592857,0.283982277,0.175068855,0.226261139,0.027160645,0.012756348,0.006042480,0.019638062,0.011581421,0.215335846,0.044293404,0.619929314,1.794592857,0.283982277,0.175068855,0.000004941,-6.110942841,5.127720356,1.328463912,-0.679465353,-0.001441861,-0.015304565,-6.149688721,5.190401077,1.366277695,-0.682107925,-0.008758545,0.000004941,-6.110942841,5.127720356,1.328463912,-0.679465353,-0.001441861,0.000000000,0.000000000,0.000000000,0.000000000,0.000000000,0.000000000,0.000000000,0.000000000,0.000000000,0.000000000,0.000000000,0.000000000,0.000000000,0.000000000,0.000000000,0.000000000,0.000000000,0.000000000,-0.015309507,-0.038745880,0.062680721,0.037813783,-0.002642572,-0.007316684,-0.016908611,-0.037123552,0.010979062,-0.018965595,-0.002578112,-0.008212488
4.239619017,0.214952469,0.044293404,0.619929314,1.794592857,0.283982277,0.175068855,-0.078552246,0.005187988,0.047668457,-0.040954590,0.041793823,0.008560181,0.214952469,0.043910027,0.619929314,1.794592857,0.283982277,0.175452232,0.000004951,-6.107002735,5.129710674,1.328097582,-0.679197192,-0.001440185,0.041244507,-6.102081299,5.158754349,1.395851135,-0.701334953,-0.009185791,0.000004951,-6.107002735,5.129710674,1.328097582,-0.679197192,-0.001440185,0.000000000,0.000000000,0.000000000,0.000000000,0.000000000,0.000000000,0.000000000,0.000000000,0.000000000,0.000000000,0.000000000,0.000000000,0.000000000,0.000000000,0.000000000,0.000000000,0.000000000,0.000000000,0.041239556,0.004921436,0.029043674,0.067753553,-0.022137761,-0.007745606,0.039640452,0.006543764,-0.022657985,0.010974176,-0.022073301,-0.008641410
4.249641657,0.214952469,0.043910027,0.619929314,1.794592857,0.283982277,0.175068855,-0.175235748,-0.102846146,-0.090641022,-0.043640137,0.072006226,0.020645142,0.214952469,0.044293404,0.619929314,1.794592857,0.283982277,0.175068855,0.000004948,-6.110942841,5.127720356,1.328463912,-0.679465353,-0.001441861,-0.012710571,-6.125885010,5.188325882,1.383398056,-0.661172867,-0.000640869,0.000004948,-6.110942841,5.127720356,1.328463912,-0.679465353,-0.001441861,0.000000000,0.000000000,0.000000000,0.000000000,0.000000000,0.000000000,0.000000000,0.000000000,0.000000000,0.000000000,0.000000000,0.000000000,0.000000000,0.000000000,0.000000000,0.000000000,0.000000000,0.000000000,-0.012715520,-0.014942169,0.060605526,0.054934144,0.018292487,0.000800992,-0.014314624,-0.013319841,0.008903866,-0.001845233,0.018356947,-0.000094812
4.259704590,0.214952469,0.043910027,0.619929314,1.794592857,0.283982277,0.175068855,0.039611816,-0.057680130,-0.101383209,-0.179264069,0.015609741,-0.014602661,0.214952469,0.044293404,0.619929314,1.794592857,0.283982277,0.175068855,0.000004948,-6.110942841,5.127720356,1.328463912,-0.679465353,-0.001441861,-0.001815796,-6.160675049,5.174837112,1.393255234,-0.669717789,-0.006622314,0.000004948,-6.110942841,5.127720356,1.328463912,-0.679465353,-0.001441861,0.000000000,0.000000000,0.000000000,0.000000000,0.000000000,0.000000000,0.000000000,0.000000000,0.000000000,0.000000000,0.000000000,0.000000000,0.000000000,0.000000000,0.000000000,0.000000000,0.000000000,0.000000000,-0.001820744,-0.049732208,0.047116756,0.064791322,0.009747565,-0.005180454,-0.003419848,-0.048109880,-0.004584903,0.008011944,0.009812025,-0.006076258
4.269596815,0.214952469,0.044293404,0.619929314,1.794592857,0.283982277,0.175068855,-0.032897949,-0.028991699,0.019470215,0.022155762,-0.014602661,-0.038772583,0.214952469,0.044293404,0.619929314,1.794592857,0.283982277,0.175068855,0.000004948,-6.110942841,5.127720356,1.328463912,-0.679465353,-0.001441861,0.017379761,-6.069122314,5.162904739,1.371465683,-0.688517570,0.007476807,0.000004948,-6.110942841,5.127720356,1.328463912,-0.679465353,-0.001441861,0.000000000,0.000000000,0.000000000,0.000000000,0.000000000,0.000000000,0.000000000,0.000000000,0.000000000,0.000000000,0.000000000,0.000000000,0.000000000,0.000000000,0.000000000,0.000000000,0.000000000,0.000000000,0.017374812,0.041820526,0.035184383,0.043001771,-0.009052217,0.008918668,0.015775708,0.043442854,-0.016517276,-0.013777607,-0.008987757,0.008022864
4.279571295,0.214952469,0.043910027,0.619929314,1.794592857,0.283982277,0.175068855,0.093322754,-0.013732910,0.031555176,0.163146973,-0.024673462,-0.018630981,0.214952469,0.043910027,0.619929314,1.794592857,0.283982277,0.175068855,0.000004951,-6.107001781,5.129709721,1.328096747,-0.679197371,-0.001441035,0.007003784,-6.133209229,5.173280716,1.401039124,-0.695780754,-0.005340576,0.000004951,-6.107001781,5.129709721,1.328096747,-0.679197371,-0.001441035,0.000000000,0.000000000,0.000000000,0.000000000,0.000000000,0.000000000,0.000000000,0.000000000,0.000000000,0.000000000,0.000000000,0.000000000,0.000000000,0.000000000,0.000000000,0.000000000,0.000000000,0.000000000,0.006998833,-0.026207447,0.043570995,0.072942376,-0.016583383,-0.003899541,0.005399730,-0.024585119,-0.008130664,0.016162999,-0.016518923,-0.004795345
4.289610386,0.214952469,0.044293404,0.619929314,1.794592857,0.283982277,0.175068855,0.114807129,-0.110780716,-0.043640137,-0.138980865,0.000503540,0.028701782,0.214952469,0.044293404,0.619929314,1.794592857,0.283982277,0.175068855,0.000004948,-6.110942841,5.127720356,1.328463912,-0.679465353,-0.001441861,-0.001296997,-6.094757080,5.187288284,1.412971497,-0.695353508,-0.003204346,0.000004948,-6.110942841,5.127720356,1.328463912,-0.679465353,-0.001441861,0.000000000,0.000000000,0.000000000,0.000000000,0.000000000,0.000000000,0.000000000,0.000000000,0.000000000,0.000000000,0.000000000,0.000000000,0.000000000,0.000000000,0.000000000,0.000000000,0.000000000,0.000000000,-0.001301946,0.016185760,0.059567928,0.084507585,-0.015888155,-0.001762485,-0.002901049,0.017808089,0.007866269,0.027728207,-0.015823694,-0.002658289
4.299683571,0.214952469,0.043910027,0.619929314,1.794592857,0.283982277,0.175068855,0.007385254,-0.011901855,0.031555176,-0.018127441,-0.003524780,-0.004531860,0.214952469,0.043910027,0.619929314,1.794592857,0.283982277,0.175068855,0.000004951,-6.107001781,5.129709721,1.328096747,-0.679197371,-0.001441035,0.006484985,-6.135040283,5.174318314,1.404151917,-0.694926262,-0.024993896,0.000004951,-6.107001781,5.129709721,1.328096747,-0.679197371,-0.001441035,0.000000000,0.000000000,0.000000000,0.000000000,0.000000000,0.000000000,0.000000000,0.000000000,0.000000000,0.000000000,0.000000000,0.000000000,0.000000000,0.000000000,0.000000000,0.000000000,0.000000000,0.000000000,0.006480035,-0.028038502,0.044608593,0.076055169,-0.015728891,-0.023552861,0.004880931,-0.026416174,-0.007093067,0.019275792,-0.015664431,-0.024448665
4.309848309,0.214952469,0.044293404,0.619545937,1.794592857,0.283982277,0.175068855,0.137634277,0.129701614,-0.024841309,-0.110782623,-0.021652222,-0.032730103,0.214952469,0.044293404,0.619929314,1.794592857,0.283982277,0.175068855,0.000004948,-6.110942841,5.127720356,1.328463912,-0.679465353,-0.001441861,-0.003890991,-6.171661377,5.187807083,1.375097275,-0.682107925,-0.014312744,0.000004948,-6.110942841,5.127720356,1.328463912,-0.679465353,-0.001441861,0.000000000,0.000000000,0.000000000,0.000000000,0.000000000,0.000000000,0.000000000,0.000000000,0.000000000,0.000000000,0.000000000,0.000000000,0.000000000,0.000000000,0.000000000,0.000000000,0.000000000,0.000000000,-0.003895940,-0.060718536,0.060086727,0.046633363,-0.002642572,-0.012870883,-0.005495043,-0.059096208,0.008385068,-0.010146015,-0.002578112,-0.013766687
4.319724321,0.214952469,0.043910027,0.619545937,1.794592857,0.283982277,0.175068855,0.062438965,0.053405762,-0.181949615,-0.079895020,0.012588501,0.008560181,0.214952469,0.044293404,0.619929314,1.794592857,0.283982277,0.175452232,0.000004948,-6.110943794,5.127720833,1.328464746,-0.679465175,-0.001441011,-0.006484985,-6.032501221,5.184175491,1.383916855,-0.671426773,0.000640869,0.000004948,-6.110943794,5.127720833,1.328464746,-0.679465175,-0.001441011,0.000000000,0.000000000,0.000000000,0.000000000,0.000000000,0.000000000,0.000000000,0.000000000,0.000000000,0.000000000,0.000000000,0.000000000,0.000000000,0.000000000,0.000000000,0.000000000,0.000000000,0.000000000,-0.006489934,0.078442574,0.056454659,0.055452108,0.008038402,0.002081880,-0.008089038,0.080064902,0.004752999,-0.001327269,0.008102862,0.001186076
4.329583883,0.214952469,0.044293404,0.619929314,1.794592857,0.283598900,0.175068855,0.019470215,-0.010681152,-0.105411530,0.082580566,-0.115314484,0.004531860,0.214952469,0.043910027,0.619545937,1.794592857,0.283982277,0.175068855,0.000004952,-6.104901791,5.127720356,1.328463912,-0.679465353,-0.001441861,-0.005966187,-6.147857666,5.209596634,1.372503281,-0.682962418,-0.003631592,0.000004952,-6.104901791,5.127720356,1.328463912,-0.679465353,-0.001441861,0.000000000,0.000000000,0.000000000,0.000000000,0.000000000,0.000000000,0.000000000,0.000000000,0.000000000,0.000000000,0.000000000,0.000000000,0.000000000,0.000000000,0.000000000,0.000000000,0.000000000,0.000000000,-0.005971139,-0.042955875,0.081876278,0.044039369,-0.003497064,-0.002189731,-0.007570242,-0.041333547,0.030174618,-0.012740009,-0.003432604,-0.003085535
4.339661837,0.214952469,0.043910027,0.619929314,1.794592857,0.283982277,0.175068855,0.105407715,-0.067445755,0.100036621,0.153747559,-0.025680542,0.010574341,0.214952469,0.043910027,0.619929314,1.794592857,0.283982277,0.175068855,0.000004951,-6.107001781,5.129709721,1.328096747,-0.679197371,-0.001441035,-0.027236938,-6.089263916,5.188844681,1.381841660,-0.688944817,-0.013458252,0.000004951,-6.107001781,5.129709721,1.328096747,-0.679197371,-0.001441035,0.000000000,0.000000000,0.000000000,0.000000000,0.000000000,0.000000000,0.000000000,0.000000000,0.000000000,0.000000000,0.000000000,0.000000000,0.000000000,0.000000000,0.000000000,0.000000000,0.000000000,0.000000000,-0.027241889,0.017737865,0.059134960,0.053744912,-0.009747446,-0.012017217,-0.028840993,0.019360194,0.007433301,-0.003034465,-0.009682985,-0.012913021
4.349797487,0.214952469,0.044293404,0.619929314,1.794592857,0.283982277,0.175068855,0.049011230,-0.014343262,-0.061096191,0.015441895,-0.024673462,-0.002517700,0.214952469,0.044293404,0.619929314,1.794592857,0.283982277,0.175452232,0.000004948,-6.110943794,5.127720833,1.328464746,-0.679465175,-0.001441011,0.029312134,-6.096588135,5.172243118,1.377172470,-0.668008804,0.003204346,0.000004948,-6.110943794,5.127720833,1.328464746,-0.679465175,-0.001441011,0.000000000,0.000000000,0.000000000,0.000000000,0.000000000,0.000000000,0.000000000,0.000000000,0.000000000,0.000000000,0.000000000,0.000000000,0.000000000,0.000000000,0.000000000,0.000000000,0.000000000,0.000000000,0.029307185,0.014355659,0.044522285,0.048707724,0.011456370,0.004645357,0.027708082,0.015977988,-0.007179374,-0.008071654,0.011520831,0.003749553
4.359660864,0.214952469,0.044293404,0.619929314,1.794592857,0.283982277,0.175068855,-0.007385254,0.013122559,-0.042297363,0.022155762,-0.006546021,-0.012588501,0.214952469,0.043910027,0.619929314,1.794592857,0.283982277,0.175068855,0.000004951,-6.107001781,5.129709721,1.328096747,-0.679197371,-0.001441035,-0.000778198,-6.100250244,5.231386185,1.370946884,-0.680826187,0.004058838,0.000004951,-6.107001781,5.129709721,1.328096747,-0.679197371,-0.001441035,0.000000000,0.000000000,0.000000000,0.000000000,0.000000000,0.000000000,0.000000000,0.000000000,0.000000000,0.000000000,0.000000000,0.000000000,0.000000000,0.000000000,0.000000000,0.000000000,0.000000000,0.000000000,-0.000783149,0.006751537,0.101676464,0.042850137,-0.001628816,0.005499873,-0.002382253,0.008373865,0.049974804,-0.013929241,-0.001564356,0.004604069
4.369591713,0.215335846,0.044293404,0.619545937,1.794592857,0.283982277,0.175068855,0.028869629,0.034484863,-0.114810944,0.042297363,-0.036758423,0.054885864,0.214952469,0.044293404,0.619929314,1.794592857,0.283982277,0.175068855,0.000004948,-6.110942841,5.127720356,1.328463912,-0.679465353,-0.001441861,0.020492554,-6.094757080,5.163942337,1.382360458,-0.685099602,-0.008758545,0.000004948,-6.110942841,5.127720356,1.328463912,-0.679465353,-0.001441861,0.000000000,0.000000000,0.000000000,0.000000000,0.000000000,0.000000000,0.000000000,0.000000000,0.000000000,0.000000000,0.000000000,0.000000000,0.000000000,0.000000000,0.000000000,0.000000000,0.000000000,0.000000000,0.020487605,0.016185760,0.036221981,0.053896546,-0.005634248,-0.007316684,0.018888501,0.017808089,-0.015479679,-0.002882831,-0.005569788,-0.008212488
4.379651546,0.214952469,0.044293404,0.619929314,1.794592857,0.283982277,0.175068855,-0.094669342,0.107728958,-0.054382324,0.081237793,-0.022659302,0.015609741,0.215335846,0.044293404,0.619929314,1.794592857,0.283982277,0.175068855,0.000004941,-6.110942841,5.127720356,1.328463912,-0.679465353,-0.001441861,-0.007522583,-6.151519775,5.207521439,1.371465683,-0.653482437,0.004486084,0.000004941,-6.110942841,5.127720356,1.328463912,-0.679465353,-0.001441861,0.000000000,0.000000000,0.000000000,0.000000000,0.000000000,0.000000000,0.000000000,0.000000000,0.000000000,0.000000000,0.000000000,0.000000000,0.000000000,0.000000000,0.000000000,0.000000000,0.000000000,0.000000000,-0.007527524,-0.040576935,0.079801083,0.043001771,0.025982916,0.005927945,-0.009126628,-0.038954607,0.028099423,-0.013777607,0.026047377,0.005032141
4.389600277,0.214952469,0.044293404,0.619929314,1.794592857,0.283982277,0.175068855,0.004699707,-0.007019043,0.043640137,0.024841309,-0.012588501,-0.009567261,0.214952469,0.044293404,0.619929314,1.794592857,0.283982277,0.175068855,0.000004948,-6.110942841,5.127720356,1.328463912,-0.679465353,-0.001441861,-0.037614822,-6.081939697,5.156160355,1.371465683,-0.688517570,0.016876221,0.000004948,-6.110942841,5.127720356,1.328463912,-0.679465353,-0.001441861,0.000000000,0.000000000,0.000000000,0.000000000,0.000000000,0.000000000,0.000000000,0.000000000,0.000000000,0.000000000,0.000000000,0.000000000,0.000000000,0.000000000,0.000000000,0.000000000,0.000000000,0.000000000,-0.037619771,0.029003143,0.028439999,0.043001771,-0.009052217,0.018318082,-0.039218875,0.030625471,-0.023261661,-0.013777607,-0.008987757,0.017422278
4.399591684,0.215335846,0.044293404,0.619929314,1.794592857,0.283982277,0.175068855,0.129577637,0.097352982,0.106750488,-0.126895905,-0.045822144,0.051864624,0.215335846,0.044293404,0.619929314,1.794592857,0.283982277,0.175452232,0.000004941,-6.110943794,5.127720833,1.328464746,-0.679465175,-0.001441011,0.026718140,-6.091094971,5.200258255,1.396369934,-0.653055191,0.019012451,0.000004941,-6.110943794,5.127720833,1.328464746,-0.679465175,-0.001441011,0.000000000,0.000000000,0.000000000,0.000000000,0.000000000,0.000000000,0.000000000,0.000000000,0.000000000,0.000000000,0.000000000,0.000000000,0.000000000,0.000000000,0.000000000,0.000000000,0.000000000,0.000000000,0.026713198,0.019848824,0.072537422,0.067905188,0.026409984,0.020453462,0.025114094,0.021471152,0.020835763,0.011125810,0.026474444,0.019557658
4.409703255,0.214952469,0.043910027,0.619929314,1.794592857,0.283982277,0.175068855,0.151062012,-0.060121536,0.043640137,0.027526855,-0.033737183,0.029708862,0.214952469,0.044293404,0.619929314,1.794592857,0.283982277,0.175068855,0.000004948,-6.110942841,5.127720356,1.328463912,-0.679465353,-0.001441861,-0.022567749,-6.098419189,5.174318314,1.393774033,-0.671854019,-0.014739990,0.000004948,-6.110942841,5.127720356,1.328463912,-0.679465353,-0.001441861,0.000000000,0.000000000,0.000000000,0.000000000,0.000000000,0.000000000,0.000000000,0.000000000,0.000000000,0.000000000,0.000000000,0.000000000,0.000000000,0.000000000,0.000000000,0.000000000,0.000000000,0.000000000,-0.022572698,0.012523651,0.046597958,0.065310121,0.007611334,-0.013298129,-0.024171801,0.014145979,-0.005103702,0.008530743,0.007675795,-0.014193933
4.419609308,0.214952469,0.043910027,0.619929314,1.794592857,0.283982277,0.175068855,-0.020812988,-0.104066849,0.010070801,0.172550201,0.077041626,0.065963745,0.214952469,0.043910027,0.619929314,1.794592857,0.283982277,0.175068855,0.000004951,-6.107001781,5.129709721,1.328096747,-0.679197371,-0.001441035,0.001815796,-6.098419189,5.202852249,1.395332336,-0.676126480,0.001922607,0.000004951,-6.107001781,5.129709721,1.328096747,-0.679197371,-0.001441035,0.000000000,0.000000000,0.000000000,0.000000000,0.000000000,0.000000000,0.000000000,0.000000000,0.000000000,0.000000000,0.000000000,0.000000000,0.000000000,0.000000000,0.000000000,0.000000000,0.000000000,0.000000000,0.001810845,0.008582592,0.073142529,0.067235589,0.003070891,0.003363643,0.000211741,0.010204920,0.021440869,0.010456212,0.003135351,0.002467839
4.429600716,0.214952469,0.043910027,0.619929314,1.794592857,0.283982277,0.175068855,0.079895020,0.024108887,-0.161808014,-0.176578522,0.059921265,-0.063949585,0.215335846,0.044293404,0.619929314,1.794592857,0.283982277,0.175068855,0.000004941,-6.110942841,5.127720356,1.328463912,-0.679465353,-0.001441861,0.005447388,-6.116729736,5.179506302,1.406227112,-0.675699234,-0.004486084,0.000004941,-6.110942841,5.127720356,1.328463912,-0.679465353,-0.001441861,0.000000000,0.000000000,0.000000000,0.000000000,0.000000000,0.000000000,0.000000000,0.000000000,0.000000000,0.000000000,0.000000000,0.000000000,0.000000000,0.000000000,0.000000000,0.000000000,0.000000000,0.000000000,0.005442446,-0.005786896,0.051785946,0.077763200,0.003766119,-0.003044223,0.003843343,-0.004164568,0.000084286,0.020983822,0.003830580,-0.003940027
4.439658165,0.214952469,0.043910027,0.619929314,1.794592857,0.283598900,0.175068855,0.042297363,0.027160645,0.035583496,0.083923340,-0.030715942,-0.066974640,0.215335846,0.044293404,0.619929314,1.794592857,0.283982277,0.175068855,0.000004941,-6.110942841,5.127720356,1.328463912,-0.679465353,-0.001441861,0.016860962,-6.153350830,5.156160355,1.380285263,-0.662027359,-0.022857666,0.000004941,-6.110942841,5.127720356,1.328463912,-0.679465353,-0.001441861,0.000000000,0.000000000,0.000000000,0.000000000,0.000000000,0.000000000,0.000000000,0.000000000,0.000000000,0.000000000,0.000000000,0.000000000,0.000000000,0.000000000,0.000000000,0.000000000,0.000000000,0.000000000,0.016856021,-0.042407990,0.028439999,0.051821351,0.017437994,-0.021415805,0.015256917,-0.040785661,-0.023261661,-0.004958026,0.017502455,-0.022311609
4.449741602,0.214952469,0.044293404,0.619929314,1.794592857,0.283982277,0.175068855,-0.074523926,0.025329590,-0.047668457,0.108093262,0.059921265,0.039779663,0.214952469,0.044293404,0.619929314,1.794592857,0.283598900,0.175068855,0.000004949,-6.110688210,5.127479076,1.328196049,-0.679541469,-0.001442060,-0.003890991,-6.173492432,5.156679153,1.388586044,-0.679971695,0.004486084,0.000004949,-6.110688210,5.127479076,1.328196049,-0.679541469,-0.001442060,0.000000000,0.000000000,0.000000000,0.000000000,0.000000000,0.000000000,0.000000000,0.000000000,0.000000000,0.000000000,0.000000000,0.000000000,0.000000000,0.000000000,0.000000000,0.000000000,0.000000000,0.000000000,-0.003895940,-0.062804222,0.029200077,0.060389996,-0.000430226,0.005928144,-0.005495044,-0.061181894,-0.022501583,0.003610618,-0.000365766,0.005032340
4.459611893,0.215335846,0.043910027,0.619545937,1.794592857,0.283982277,0.175068855,0.137634277,0.082704544,-0.034240723,-0.086612701,0.008560181,0.002517700,0.214952469,0.044293404,0.619929314,1.794592857,0.283982277,0.175068855,0.000004948,-6.110942841,5.127720356,1.328463912,-0.679465353,-0.001441861,0.009597778,-6.091094971,5.154085159,1.375616074,-0.675271988,-0.008331299,0.000004948,-6.110942841,5.127720356,1.328463912,-0.679465353,-0.001441861,0.000000000,0.000000000,0.000000000,0.000000000,0.000000000,0.000000000,0.000000000,0.000000000,0.000000000,0.000000000,0.000000000,0.000000000,0.000000000,0.000000000,0.000000000,0.000000000,0.000000000,0.000000000,0.009592830,0.019847870,0.026364803,0.047152162,0.004193366,-0.006889438,0.007993726,0.021470198,-0.025336856,-0.009627216,0.004257826,-0.007785242
4.469634295,0.214952469,0.044293404,0.619929314,1.794592857,0.283982277,0.175068855,-0.090641022,-0.075990677,-0.034240723,0.055725098,-0.018630981,0.053878784,0.214952469,0.044293404,0.619929314,1.794592857,0.283982277,0.175068855,0.000004948,-6.110942841,5.127720356,1.328463912,-0.679465353,-0.001441861,0.012191772,-6.146026611,5.227754593,1.388067245,-0.679544449,-0.031830788,0.000004948,-6.110942841,5.127720356,1.328463912,-0.679465353,-0.001441861,0.000000000,0.000000000,0.000000000,0.000000000,0.000000000,0.000000000,0.000000000,0.000000000,0.000000000,0.000000000,0.000000000,0.000000000,0.000000000,0.000000000,0.000000000,0.000000000,0.000000000,0.000000000,0.012186824,-0.035083771,0.100034237,0.059603333,-0.000079095,-0.030388927,0.010587720,-0.033461443,0.048332577,0.002823956,-0.000014635,-0.031284731
4.479614973,0.214952469,0.044293404,0.619929314,1.794592857,0.283982277,0.175068855,-0.118839264,-0.024108887,-0.034240723,0.022155762,-0.013595581,0.007553101,0.214952469,0.044293404,0.619929314,1.794592857,0.283982277,0.175068855,0.000004948,-6.110942841,5.127720356,1.328463912,-0.679465353,-0.001441861,-0.003890991,-6.100250244,5.181581497,1.402595520,-0.659463882,-0.004913330,0.000004948,-6.110942841,5.127720356,1.328463912,-0.679465353,-0.001441861,0.000000000,0.000000000,0.000000000,0.000000000,0.000000000,0.000000000,0.000000000,0.000000000,0.000000000,0.000000000,0.000000000,0.000000000,0.000000000,0.000000000,0.000000000,0.000000000,0.000000000,0.000000000,-0.003895940,0.010692596,0.053861141,0.074131608,0.020001471,-0.003471469,-0.005495043,0.012314925,0.002159482,0.017352231,0.020065931,-0.004367273
4.489568472,0.214952469,0.044293404,0.619929314,1.794592857,0.283982277,0.175068855,-0.035583496,0.038757324,-0.061096191,0.055725098,0.037765503,0.017623901,0.214952469,0.044293404,0.619929314,1.794592857,0.283982277,0.175068855,0.000004948,-6.110942841,5.127720356,1.328463912,-0.679465353,-0.001441861,0.002334595,-6.122222900,5.144746780,1.391180038,-0.674417496,0.010894775,0.000004948,-6.110942841,5.127720356,1.328463912,-0.679465353,-0.001441861,0.000000000,0.000000000,0.000000000,0.000000000,0.000000000,0.000000000,0.000000000,0.000000000,0.000000000,0.000000000,0.000000000,0.000000000,0.000000000,0.000000000,0.000000000,0.000000000,0.000000000,0.000000000,0.002329646,-0.011280060,0.017026424,0.062716126,0.005047858,0.012336636,0.000730542,-0.009657732,-0.034675235,0.005936749,0.005112318,0.011440832
4.499683142,0.214952469,0.044293404,0.619929314,1.794592857,0.283982277,0.175068855,-0.128238678,0.020446777,-0.125553131,0.016784668,-0.009567261,0.002517700,0.214952469,0.044293404,0.619929314,1.794592857,0.283982277,0.175068855,0.000004948,-6.110942841,5.127720356,1.328463912,-0.679465353,-0.001441861,0.013748169,-6.059967041,5.182100296,1.453956604,-0.704325676,0.013458252,0.000004948,-6.110942841,5.127720356,1.328463912,-0.679465353,-0.001441861,0.000000000,0.000000000,0.000000000,0.000000000,0.000000000,0.000000000,0.000000000,0.000000000,0.000000000,0.000000000,0.000000000,0.000000000,0.000000000,0.000000000,0.000000000,0.000000000,0.000000000,0.000000000,0.013743220,0.050975800,0.054379940,0.125492692,-0.024860322,0.014900113,0.012144117,0.052598128,0.002678280,0.068713314,-0.024795862,0.014004309
4.509611607,0.214952469,0.043910027,0.619929314,1.794592857,0.283982277,0.175068855,0.039611816,-0.045473099,-0.067810059,-0.059753418,0.022659302,0.015609741,0.214952469,0.043910027,0.619929314,1.794592857,0.283982277,0.175068855,0.000004951,-6.107001781,5.129709721,1.328096747,-0.679197371,-0.001441035,0.028793335,-6.089263916,5.197664261,1.360570908,-0.665018082,0.008331299,0.000004951,-6.107001781,5.129709721,1.328096747,-0.679197371,-0.001441035,0.000000000,0.000000000,0.000000000,0.000000000,0.000000000,0.000000000,0.000000000,0.000000000,0.000000000,0.000000000,0.000000000,0.000000000,0.000000000,0.000000000,0.000000000,0.000000000,0.000000000,0.000000000,0.028788384,0.017737865,0.067954540,0.032474160,0.014179289,0.009772334,0.027189280,0.019360194,0.016252881,-0.024305217,0.014243750,0.008876530
4.519605160,0.214952469,0.044293404,0.619929314,1.794592857,0.283982277,0.175068855,0.082580566,0.083314896,-0.000671387,0.112121582,0.000503540,-0.042800903,0.214952469,0.044293404,0.619929314,1.794592857,0.283982277,0.175068855,0.000004948,-6.110942841,5.127720356,1.328463912,-0.679465353,-0.001441861,-0.031387329,-6.091094971,5.185731888,1.444099426,-0.692790031,0.016876221,0.000004948,-6.110942841,5.127720356,1.328463912,-0.679465353,-0.001441861,0.000000000,0.000000000,0.000000000,0.000000000,0.000000000,0.000000000,0.000000000,0.000000000,0.000000000,0.000000000,0.000000000,0.000000000,0.000000000,0.000000000,0.000000000,0.000000000,0.000000000,0.000000000,-0.031392278,0.019847870,0.058011532,0.115635514,-0.013324678,0.018318082,-0.032991381,0.021470198,0.006309872,0.058856137,-0.013260218,0.017422278
4.529596329,0.214952469,0.043910027,0.619929314,1.794592857,0.283982277,0.175452232,0.023498535,-0.000915527,0.199405670,0.018127441,-0.025680542,0.096176147,0.214952469,0.043910027,0.619929314,1.794592857,0.283982277,0.175068855,0.000004951,-6.107001781,5.129709721,1.328096747,-0.679197371,-0.001441035,0.003372192,-6.125885010,5.185731888,1.381322861,-0.695780754,0.007049561,0.000004951,-6.107001781,5.129709721,1.328096747,-0.679197371,-0.001441035,0.000000000,0.000000000,0.000000000,0.000000000,0.000000000,0.000000000,0.000000000,0.000000000,0.000000000,0.000000000,0.000000000,0.000000000,0.000000000,0.000000000,0.000000000,0.000000000,0.000000000,0.000000000,0.003367242,-0.018883228,0.056022167,0.053226113,-0.016583383,0.008490596,0.001768138,-0.017260900,0.004320508,-0.003553264,-0.016518923,0.007594792
4.539572239,0.214952469,0.043910027,0.619545937,1.794592857,0.283982277,0.175068855,-0.200748444,0.074768066,-0.091983795,-0.014099121,-0.022659302,0.034744263,0.214952469,0.043910027,0.619929314,1.794592857,0.283982277,0.175068855,0.000004951,-6.107001781,5.129709721,1.328096747,-0.679197371,-0.001441035,-0.006484985,-6.087432861,5.171205521,1.419197083,-0.674844742,-0.013031006,0.000004951,-6.107001781,5.129709721,1.328096747,-0.679197371,-0.001441035,0.000000000,0.000000000,0.000000000,0.000000000,0.000000000,0.000000000,0.000000000,0.000000000,0.000000000,0.000000000,0.000000000,0.000000000,0.000000000,0.000000000,0.000000000,0.000000000,0.000000000,0.000000000,-0.006489936,0.019568920,0.041495800,0.091100335,0.004352629,-0.011589971,-0.008089040,0.021191248,-0.010205860,0.034320958,0.004417089,-0.012485775
4.549643517,0.214952469,0.044293404,0.619929314,1.794592857,0.283982277,0.175068855,-0.212833405,0.039367676,0.018127441,-0.031555176,-0.040786743,0.038772583,0.214952469,0.044293404,0.619929314,1.794592857,0.283982277,0.175068855,0.000004948,-6.110942841,5.127720356,1.328463912,-0.679465353,-0.001441861,-0.066148758,-6.092926025,5.169649124,1.391698837,-0.679971695,0.004486084,0.000004948,-6.110942841,5.127720356,1.328463912,-0.679465353,-0.001441861,0.000000000,0.000000000,0.000000000,0.000000000,0.000000000,0.000000000,0.000000000,0.000000000,0.000000000,0.000000000,0.000000000,0.000000000,0.000000000,0.000000000,0.000000000,0.000000000,0.000000000,0.000000000,-0.066153706,0.018016815,0.041928768,0.063234925,-0.000506341,0.005927945,-0.067752810,0.019639143,-0.009772891,0.006455548,-0.000441881,0.005032141
4.559798717,0.214952469,0.044293404,0.619929314,1.794592857,0.283982277,0.175068855,-0.118839264,-0.017395020,-0.007385254,-0.004699707,0.056900024,0.043807983,0.214952469,0.044293404,0.619929314,1.794592857,0.283982277,0.175068855,0.000004948,-6.110942841,5.127720356,1.328463912,-0.679465353,-0.001441861,-0.001296997,-6.092926025,5.186250687,1.398963928,-0.666727066,0.016448975,0.000004948,-6.110942841,5.127720356,1.328463912,-0.679465353,-0.001441861,0.000000000,0.000000000,0.000000000,0.000000000,0.000000000,0.000000000,0.000000000,0.000000000,0.000000000,0.000000000,0.000000000,0.000000000,0.000000000,0.000000000,0.000000000,0.000000000,0.000000000,0.000000000,-0.001301946,0.018016815,0.058530331,0.070500016,0.012738287,0.017890836,-0.002901049,0.019639143,0.006828671,0.013720639,0.012802748,0.016995031
4.569653034,0.214952469,0.044293404,0.619929314,1.794592857,0.283982277,0.175068855,-0.109439850,0.175477982,0.007385254,0.093322754,0.033737183,0.013595581,0.214952469,0.044293404,0.619929314,1.794592857,0.283982277,0.175068855,0.000004948,-6.110942841,5.127720356,1.328463912,-0.679465353,-0.001441861,-0.004409790,-6.127716064,5.198701859,1.377172470,-0.691508293,0.003631592,0.000004948,-6.110942841,5.127720356,1.328463912,-0.679465353,-0.001441861,0.000000000,0.000000000,0.000000000,0.000000000,0.000000000,0.000000000,0.000000000,0.000000000,0.000000000,0.000000000,0.000000000,0.000000000,0.000000000,0.000000000,0.000000000,0.000000000,0.000000000,0.000000000,-0.004414739,-0.016773224,0.070981503,0.048708558,-0.012042940,0.005073453,-0.006013842,-0.015150896,0.019279843,-0.008070819,-0.011978479,0.004177649
4.579636097,0.214952469,0.043910027,0.619929314,1.794592857,0.283982277,0.175068855,0.027526855,-0.075990677,0.137634277,-0.010070801,-0.036758423,0.008560181,0.215335846,0.044293404,0.619929314,1.794592857,0.283598900,0.175068855,0.000004942,-6.110688210,5.127479076,1.328196049,-0.679541469,-0.001442060,-0.002334595,-6.098419189,5.148897171,1.385992050,-0.700053215,-0.013885498,0.000004942,-6.110688210,5.127479076,1.328196049,-0.679541469,-0.001442060,0.000000000,0.000000000,0.000000000,0.000000000,0.000000000,0.000000000,0.000000000,0.000000000,0.000000000,0.000000000,0.000000000,0.000000000,0.000000000,0.000000000,0.000000000,0.000000000,0.000000000,0.000000000,-0.002339537,0.012269020,0.021418095,0.057796001,-0.020511746,-0.012443438,-0.003938640,0.013891348,-0.030283565,0.001016624,-0.020447286,-0.013339242
4.589643240,0.214952469,0.044293404,0.619929314,1.794592857,0.283982277,0.175068855,0.014099121,-0.040590286,0.065124512,-0.074523926,0.032730103,-0.033737183,0.214952469,0.043910027,0.619929314,1.794592857,0.283982277,0.175068855,0.000004951,-6.107001781,5.129709721,1.328096747,-0.679197371,-0.001441035,0.033462524,-6.144195557,5.168611526,1.373022079,-0.654336929,-0.003631592,0.000004951,-6.107001781,5.129709721,1.328096747,-0.679197371,-0.001441035,0.000000000,0.000000000,0.000000000,0.000000000,0.000000000,0.000000000,0.000000000,0.000000000,0.000000000,0.000000000,0.000000000,0.000000000,0.000000000,0.000000000,0.000000000,0.000000000,0.000000000,0.000000000,0.033457574,-0.037193775,0.038901806,0.044925332,0.024860442,-0.002190557,0.031858470,-0.035571447,-0.012799854,-0.011854045,0.024924902,-0.003086361
4.599651814,0.214952469,0.044293404,0.619929314,1.794592857,0.283982277,0.175068855,0.108093262,-0.037536621,-0.027526855,-0.004699707,0.068984985,0.014602661,0.214952469,0.044293404,0.619929314,1.794592857,0.283982277,0.175068855,0.000004948,-6.110942841,5.127720356,1.328463912,-0.679465353,-0.001441861,-0.046953201,-6.092926025,5.178468704,1.390661240,-0.671854019,0.028411865,0.000004948,-6.110942841,5.127720356,1.328463912,-0.679465353,-0.001441861,0.000000000,0.000000000,0.000000000,0.000000000,0.000000000,0.000000000,0.000000000,0.000000000,0.000000000,0.000000000,0.000000000,0.000000000,0.000000000,0.000000000,0.000000000,0.000000000,0.000000000,0.000000000,-0.046958150,0.018016815,0.050748348,0.062197328,0.007611334,0.029853726,-0.048557254,0.019639143,-0.000953311,0.005417950,0.007675795,0.028957922
4.609673500,0.214952469,0.044293404,0.619929314,1.794592857,0.283982277,0.175068855,0.112121582,0.024108887,-0.071838379,0.062438965,-0.005538940,0.032730103,0.214952469,0.044293404,0.619545937,1.794592857,0.283982277,0.175068855,0.000004950,-6.108841896,5.125729561,1.328830957,-0.679733217,-0.001442687,-0.013229370,-6.069122314,5.154603958,1.415046692,-0.694926262,-0.017730713,0.000004950,-6.108841896,5.125729561,1.328830957,-0.679733217,-0.001442687,0.000000000,0.000000000,0.000000000,0.000000000,0.000000000,0.000000000,0.000000000,0.000000000,0.000000000,0.000000000,0.000000000,0.000000000,0.000000000,0.000000000,0.000000000,0.000000000,0.000000000,0.000000000,-0.013234320,0.039719582,0.028874397,0.086215734,-0.015193045,-0.016288026,-0.014833424,0.041341910,-0.022827262,0.029436357,-0.015128585,-0.017183830
4.619676113,0.214952469,0.044293404,0.619929314,1.794592857,0.283982277,0.175068855,-0.059753418,-0.082094193,-0.130924225,-0.000671387,0.011581421,-0.083087921,0.214952469,0.043910027,0.619929314,1.794592857,0.283982277,0.175068855,0.000004951,-6.107001781,5.129709721,1.328096747,-0.679197371,-0.001441035,-0.030349731,-6.058135986,5.158235550,1.379247665,-0.668008804,-0.006195068,0.000004951,-6.107001781,5.129709721,1.328096747,-0.679197371,-0.001441035,0.000000000,0.000000000,0.000000000,0.000000000,0.000000000,0.000000000,0.000000000,0.000000000,0.000000000,0.000000000,0.000000000,0.000000000,0.000000000,0.000000000,0.000000000,0.000000000,0.000000000,0.000000000,-0.030354682,0.048865795,0.028525829,0.051150918,0.011188567,-0.004754033,-0.031953786,0.050488123,-0.023175830,-0.005628459,0.011253027,-0.005649837
4.629643202,0.214952469,0.043910027,0.619545937,1.794592857,0.283982277,0.175068855,0.008728027,-0.027770996,-0.137638092,0.122863770,-0.006546021,-0.042800903,0.215335846,0.043910027,0.619545937,1.794592857,0.283982277,0.175068855,0.000004945,-6.104901791,5.127720356,1.328463912,-0.679465353,-0.001441861,-0.025680542,-6.149688721,5.198183060,1.379247665,-0.680826187,-0.017730713,0.000004945,-6.104901791,5.127720356,1.328463912,-0.679465353,-0.001441861,0.000000000,0.000000000,0.000000000,0.000000000,0.000000000,0.000000000,0.000000000,0.000000000,0.000000000,0.000000000,0.000000000,0.000000000,0.000000000,0.000000000,0.000000000,0.000000000,0.000000000,0.000000000,-0.025685487,-0.044786930,0.070462704,0.050783753,-0.001360834,-0.016288852,-0.027284591,-0.043164602,0.018761044,-0.005995624,-0.001296373,-0.017184656
4.639821053,0.214952469,0.044293404,0.619929314,1.794592857,0.283982277,0.175068855,-0.130924225,0.002136230,0.031555176,0.002014160,-0.038772583,0.000503540,0.214952469,0.044293404,0.619929314,1.794592857,0.283982277,0.175068855,0.000004948,-6.110942841,5.127720356,1.328463912,-0.679465353,-0.001441861,-0.016860962,-6.149688721,5.197145462,1.398445129,-0.682962418,-0.012603760,0.000004948,-6.110942841,5.127720356,1.328463912,-0.679465353,-0.001441861,0.000000000,0.000000000,0.000000000,0.000000000,0.000000000,0.000000000,0.000000000,0.000000000,0.000000000,0.000000000,0.000000000,0.000000000,0.000000000,0.000000000,0.000000000,0.000000000,0.000000000,0.000000000,-0.016865910,-0.038745880,0.069425106,0.069981217,-0.003497064,-0.011161899,-0.018465014,-0.037123552,0.017723446,0.013201840,-0.003432604,-0.012057703
4.649813414,0.214952469,0.043910027,0.619929314,1.794592857,0.283982277,0.175068855,-0.031555176,0.013732910,0.273258209,0.043640137,-0.039779663,0.034744263,0.214952469,0.043910027,0.619929314,1.794592857,0.283982277,0.175068855,0.000004951,-6.107001781,5.129709721,1.328096747,-0.679197371,-0.001441035,0.030868530,-6.109405518,5.190401077,1.393255234,-0.674417496,-0.010040283,0.000004951,-6.107001781,5.129709721,1.328096747,-0.679197371,-0.001441035,0.000000000,0.000000000,0.000000000,0.000000000,0.000000000,0.000000000,0.000000000,0.000000000,0.000000000,0.000000000,0.000000000,0.000000000,0.000000000,0.000000000,0.000000000,0.000000000,0.000000000,0.000000000,0.030863579,-0.002403736,0.060691357,0.065158486,0.004779875,-0.008599248,0.029264476,-0.000781408,0.008989697,0.008379109,0.004844335,-0.009495052
4.659629345,0.214952469,0.044293404,0.619929314,1.794592857,0.283598900,0.175068855,0.094665527,0.033264160,0.120178223,-0.091983795,-0.088123322,0.032730103,0.214952469,0.043910027,0.619929314,1.794592857,0.283982277,0.175452232,0.000004951,-6.107002735,5.129710674,1.328097582,-0.679197192,-0.001440185,-0.004409790,-6.085601807,5.198183060,1.388067245,-0.670999527,-0.007904053,0.000004951,-6.107002735,5.129710674,1.328097582,-0.679197192,-0.001440185,0.000000000,0.000000000,0.000000000,0.000000000,0.000000000,0.000000000,0.000000000,0.000000000,0.000000000,0.000000000,0.000000000,0.000000000,0.000000000,0.000000000,0.000000000,0.000000000,0.000000000,0.000000000,-0.004414741,0.021400928,0.068472385,0.059969664,0.008197665,-0.006463868,-0.006013845,0.023023257,0.016770726,0.003190286,0.008262125,-0.007359672
4.669642687,0.215335846,0.043910027,0.619929314,1.794209480,0.283982277,0.175068855,0.053039551,-0.097352982,0.094665527,-0.036926270,0.050857544,-0.032730103,0.214952469,0.044293404,0.619929314,1.794592857,0.283982277,0.175068855,0.000004948,-6.110942841,5.127720356,1.328463912,-0.679465353,-0.001441861,0.021011353,-6.122222900,5.191438675,1.380285263,-0.681680679,-0.007476807,0.000004948,-6.110942841,5.127720356,1.328463912,-0.679465353,-0.001441861,0.000000000,0.000000000,0.000000000,0.000000000,0.000000000,0.000000000,0.000000000,0.000000000,0.000000000,0.000000000,0.000000000,0.000000000,0.000000000,0.000000000,0.000000000,0.000000000,0.000000000,0.000000000,0.021006404,-0.011280060,0.063718319,0.051821351,-0.002215326,-0.006034946,0.019407300,-0.009657732,0.012016659,-0.004958026,-0.002150866,-0.006930750
4.679633856,0.214952469,0.043910027,0.619929314,1.794976234,0.283982277,0.175068855,-0.136295319,-0.058290482,0.077209473,0.167175293,0.006546021,-0.010574341,0.214952469,0.044293404,0.619929314,1.794592857,0.283982277,0.175068855,0.000004948,-6.110942841,5.127720356,1.328463912,-0.679465353,-0.001441861,0.008041382,-6.151519775,5.171724319,1.400001526,-0.693644524,-0.010894775,0.000004948,-6.110942841,5.127720356,1.328463912,-0.679465353,-0.001441861,0.000000000,0.000000000,0.000000000,0.000000000,0.000000000,0.000000000,0.000000000,0.000000000,0.000000000,0.000000000,0.000000000,0.000000000,0.000000000,0.000000000,0.000000000,0.000000000,0.000000000,0.000000000,0.008036433,-0.040576935,0.044003963,0.071537614,-0.014179170,-0.009452914,0.006437330,-0.038954607,-0.007697696,0.014758236,-0.014114710,-0.010348719
4.689598799,0.214952469,0.044293404,0.619929314,1.794592857,0.283982277,0.175452232,-0.081237793,-0.014953613,0.069152832,0.049011230,-0.023666382,-0.001510620,0.214952469,0.044293404,0.619929314,1.794592857,0.283982277,0.175068855,0.000004948,-6.110942841,5.127720356,1.328463912,-0.679465353,-0.001441861,0.017379761,-6.103912354,5.176912308,1.389104843,-0.656900406,-0.004913330,0.000004948,-6.110942841,5.127720356,1.328463912,-0.679465353,-0.001441861,0.000000000,0.000000000,0.000000000,0.000000000,0.000000000,0.000000000,0.000000000,0.000000000,0.000000000,0.000000000,0.000000000,0.000000000,0.000000000,0.000000000,0.000000000,0.000000000,0.000000000,0.000000000,0.017374812,0.007030487,0.049191952,0.060640931,0.022564948,-0.003471469,0.015775708,0.008652815,-0.002509708,0.003861554,0.022629408,-0.004367273
4.699611187,0.215335846,0.043910027,0.619929314,1.794592857,0.283982277,0.175452232,0.117492676,0.063171387,0.044982910,-0.058410645,0.009567261,0.025680542,0.214952469,0.044293404,0.619545937,1.794592857,0.283982277,0.175452232,0.000004950,-6.108842373,5.125730515,1.328831792,-0.679733038,-0.001441837,-0.001815796,-6.076446533,5.192995071,1.400001526,-0.675271988,-0.005340576,0.000004950,-6.108842373,5.125730515,1.328831792,-0.679733038,-0.001441837,0.000000000,0.000000000,0.000000000,0.000000000,0.000000000,0.000000000,0.000000000,0.000000000,0.000000000,0.000000000,0.000000000,0.000000000,0.000000000,0.000000000,0.000000000,0.000000000,0.000000000,0.000000000,-0.001820746,0.032395840,0.067264557,0.071169734,0.004461050,-0.003898739,-0.003419849,0.034018168,0.015562897,0.014390357,0.004525510,-0.004794544
4.709598780,0.214952469,0.043910027,0.619929314,1.794592857,0.283982277,0.175068855,0.004699707,0.060729980,0.053039551,-0.145694733,0.013595581,0.065963745,0.214952469,0.043910027,0.619929314,1.794592857,0.283982277,0.175068855,0.000004951,-6.107001781,5.129709721,1.328096747,-0.679197371,-0.001441035,0.035537720,-6.061798096,5.160829544,1.361089706,-0.652627945,-0.001068115,0.000004951,-6.107001781,5.129709721,1.328096747,-0.679197371,-0.001441035,0.000000000,0.000000000,0.000000000,0.000000000,0.000000000,0.000000000,0.000000000,0.000000000,0.000000000,0.000000000,0.000000000,0.000000000,0.000000000,0.000000000,0.000000000,0.000000000,0.000000000,0.000000000,0.035532769,0.045203686,0.031119823,0.032992959,0.026569426,0.000372920,0.033933665,0.046826014,-0.020581836,-0.023786418,0.026633886,-0.000522884
4.719707489,0.214952469,0.043910027,0.619929314,1.794592857,0.283982277,0.175452232,-0.063781738,-0.074769974,0.108093262,0.152404785,0.009567261,0.019638062,0.214952469,0.044293404,0.619929314,1.794592857,0.283982277,0.175068855,0.000004948,-6.110942841,5.127720356,1.328463912,-0.679465353,-0.001441861,0.013748169,-6.061798096,5.134370804,1.391180038,-0.667154312,0.013885498,0.000004948,-6.110942841,5.127720356,1.328463912,-0.679465353,-0.001441861,0.000000000,0.000000000,0.000000000,0.000000000,0.000000000,0.000000000,0.000000000,0.000000000,0.000000000,0.000000000,0.000000000,0.000000000,0.000000000,0.000000000,0.000000000,0.000000000,0.000000000,0.000000000,0.013743220,0.049144745,0.006650448,0.062716126,0.012311041,0.015327359,0.012144117,0.050767073,-0.045051212,0.005936749,0.012375502,0.014431555
4.729689598,0.214952469,0.044293404,0.619929314,1.794592857,0.283982277,0.175068855,-0.118839264,0.073547363,0.121520996,0.008728027,0.015609741,-0.040786743,0.214952469,0.043910027,0.619929314,1.794592857,0.283982277,0.175068855,0.000004951,-6.107001781,5.129709721,1.328096747,-0.679197371,-0.001441035,-0.005966187,-6.120391846,5.196107864,1.374059677,-0.657327652,-0.011749268,0.000004951,-6.107001781,5.129709721,1.328096747,-0.679197371,-0.001441035,0.000000000,0.000000000,0.000000000,0.000000000,0.000000000,0.000000000,0.000000000,0.000000000,0.000000000,0.000000000,0.000000000,0.000000000,0.000000000,0.000000000,0.000000000,0.000000000,0.000000000,0.000000000,-0.005971137,-0.013390064,0.066398144,0.045962930,0.021869719,-0.010308232,-0.007570241,-0.011767736,0.014696484,-0.010816448,0.021934179,-0.011204036
4.739607334,0.215335846,0.044293404,0.619929314,1.794592857,0.283982277,0.175068855,0.011413574,0.100404739,-0.030212402,0.098693848,-0.000503540,0.049850464,0.214952469,0.044293404,0.619545937,1.794592857,0.283982277,0.175068855,0.000004950,-6.108841896,5.125729561,1.328830957,-0.679733217,-0.001442687,-0.001815796,-6.105743408,5.176393509,1.387548447,-0.680398941,-0.003204346,0.000004950,-6.108841896,5.125729561,1.328830957,-0.679733217,-0.001442687,0.000000000,0.000000000,0.000000000,0.000000000,0.000000000,0.000000000,0.000000000,0.000000000,0.000000000,0.000000000,0.000000000,0.000000000,0.000000000,0.000000000,0.000000000,0.000000000,0.000000000,0.000000000,-0.001820746,0.003098488,0.050663948,0.058717489,-0.000665724,-0.001761659,-0.003419849,0.004720816,-0.001037712,0.001938112,-0.000601264,-0.002657463
4.749607801,0.214952469,0.044293404,0.619929314,1.794592857,0.283598900,0.175068855,-0.015441895,0.060119629,-0.008728027,-0.043640137,-0.018630981,-0.034744263,0.214952469,0.043910027,0.619929314,1.794592857,0.283598900,0.175068855,0.000004951,-6.106747150,5.129468441,1.327828765,-0.679273486,-0.001441234,-0.003372192,-6.089263916,5.175355911,1.391180038,-0.653909683,0.004486084,0.000004951,-6.106747150,5.129468441,1.327828765,-0.679273486,-0.001441234,0.000000000,0.000000000,0.000000000,0.000000000,0.000000000,0.000000000,0.000000000,0.000000000,0.000000000,0.000000000,0.000000000,0.000000000,0.000000000,0.000000000,0.000000000,0.000000000,0.000000000,0.000000000,-0.003377144,0.017483234,0.045887470,0.063351274,0.025363803,0.005927318,-0.004976247,0.019105563,-0.005814189,0.006571896,0.025428263,0.005031514
4.759640694,0.214952469,0.044293404,0.619545937,1.794592857,0.283982277,0.175452232,-0.049011230,0.012512207,-0.113468170,-0.141666412,-0.013595581,-0.032730103,0.214952469,0.044293404,0.619929314,1.794592857,0.283982277,0.175068855,0.000004948,-6.110942841,5.127720356,1.328463912,-0.679465353,-0.001441861,-0.004409790,-6.146026611,5.212190628,1.412452698,-0.670999527,0.013458252,0.000004948,-6.110942841,5.127720356,1.328463912,-0.679465353,-0.001441861,0.000000000,0.000000000,0.000000000,0.000000000,0.000000000,0.000000000,0.000000000,0.000000000,0.000000000,0.000000000,0.000000000,0.000000000,0.000000000,0.000000000,0.000000000,0.000000000,0.000000000,0.000000000,-0.004414739,-0.035083771,0.084470272,0.083988786,0.008465827,0.014900113,-0.006013842,-0.033461443,0.032768612,0.027209408,0.008530287,0.014004309
4.769592285,0.214952469,0.043910027,0.619929314,1.794592857,0.283982277,0.175068855,-0.098697662,0.048522949,0.011413574,0.130920410,0.020645142,0.001510620,0.214952469,0.043910027,0.619929314,1.794592857,0.283982277,0.175068855,0.000004951,-6.107001781,5.129709721,1.328096747,-0.679197371,-0.001441035,0.017379761,-6.157012939,5.174837112,1.389623642,-0.679544449,-0.005340576,0.000004951,-6.107001781,5.129709721,1.328096747,-0.679197371,-0.001441035,0.000000000,0.000000000,0.000000000,0.000000000,0.000000000,0.000000000,0.000000000,0.000000000,0.000000000,0.000000000,0.000000000,0.000000000,0.000000000,0.000000000,0.000000000,0.000000000,0.000000000,0.000000000,0.017374810,-0.050011158,0.045127392,0.061526895,-0.000347078,-0.003899541,0.015775706,-0.048388830,-0.006574268,0.004747517,-0.000282618,-0.004795345
4.779678345,0.214952469,0.044293404,0.619545937,1.794592857,0.283982277,0.175068855,0.062438965,0.100404739,-0.145694733,0.043640137,-0.015609741,-0.015609741,0.214952469,0.043910027,0.619545937,1.794592857,0.283982277,0.175068855,0.000004952,-6.104901791,5.127720356,1.328463912,-0.679465353,-0.001441861,0.013748169,-6.103912354,5.197664261,1.386510849,-0.697916985,0.002777100,0.000004952,-6.104901791,5.127720356,1.328463912,-0.679465353,-0.001441861,0.000000000,0.000000000,0.000000000,0.000000000,0.000000000,0.000000000,0.000000000,0.000000000,0.000000000,0.000000000,0.000000000,0.000000000,0.000000000,0.000000000,0.000000000,0.000000000,0.000000000,0.000000000,0.013743217,0.000989437,0.069943905,0.058046937,-0.018451631,0.004218961,0.012144113,0.002611765,0.018242245,0.001267559,-0.018387171,0.003323156
4.789616585,0.214952469,0.043910027,0.619929314,1.794592857,0.283982277,0.175068855,0.034240723,-0.021057129,-0.012756348,-0.018127441,-0.013595581,0.000503540,0.214952469,0.044293404,0.619545937,1.794592857,0.283982277,0.175068855,0.000004950,-6.108841896,5.125729561,1.328830957,-0.679733217,-0.001442687,0.037612915,-6.072784424,5.156679153,1.391180038,-0.660318375,-0.007049561,0.000004950,-6.108841896,5.125729561,1.328830957,-0.679733217,-0.001442687,0.000000000,0.000000000,0.000000000,0.000000000,0.000000000,0.000000000,0.000000000,0.000000000,0.000000000,0.000000000,0.000000000,0.000000000,0.000000000,0.000000000,0.000000000,0.000000000,0.000000000,0.000000000,0.037607965,0.036057472,0.030949593,0.062349081,0.019414842,-0.005606874,0.036008862,0.037679800,-0.020752067,0.005569704,0.019479302,-0.006502678
4.799610853,0.214952469,0.043910027,0.619929314,1.794592857,0.283982277,0.175068855,-0.054382324,-0.020446777,-0.042297363,-0.094669342,-0.036758423,-0.048843384,0.214952469,0.044293404,0.619929314,1.794592857,0.283982277,0.175068855,0.000004948,-6.110942841,5.127720356,1.328463912,-0.679465353,-0.001441861,0.005966187,-6.109405518,5.196107864,1.428535461,-0.683817863,-0.007904053,0.000004948,-6.110942841,5.127720356,1.328463912,-0.679465353,-0.001441861,0.000000000,0.000000000,0.000000000,0.000000000,0.000000000,0.000000000,0.000000000,0.000000000,0.000000000,0.000000000,0.000000000,0.000000000,0.000000000,0.000000000,0.000000000,0.000000000,0.000000000,0.000000000,0.005961238,0.001537323,0.068387508,0.100071549,-0.004352510,-0.006462192,0.004362134,0.003159651,0.016685849,0.043292172,-0.004288050,-0.007357996
4.809597492,0.215335846,0.043910027,0.619929314,1.794592857,0.283982277,0.175068855,0.161804199,-0.000305176,0.016784668,-0.031555176,-0.014602661,0.002517700,0.214952469,0.044293404,0.619929314,1.794592857,0.283982277,0.175452232,0.000004948,-6.110943794,5.127720833,1.328464746,-0.679465175,-0.001441011,0.033981323,-6.114898682,5.200258255,1.381841660,-0.682535172,0.036529541,0.000004948,-6.110943794,5.127720833,1.328464746,-0.679465175,-0.001441011,0.000000000,0.000000000,0.000000000,0.000000000,0.000000000,0.000000000,0.000000000,0.000000000,0.000000000,0.000000000,0.000000000,0.000000000,0.000000000,0.000000000,0.000000000,0.000000000,0.000000000,0.000000000,0.033976375,-0.003954887,0.072537422,0.053376913,-0.003069997,0.037970552,0.032377271,-0.002332559,0.020835763,-0.003402464,-0.003005537,0.037074748
4.819800854,0.215335846,0.043910027,0.619929314,1.794592857,0.283982277,0.175068855,0.057067871,-0.055238724,0.024841309,-0.057067871,-0.011581421,-0.034744263,0.214952469,0.044293404,0.619929314,1.794592857,0.283982277,0.175068855,0.000004948,-6.110942841,5.127720356,1.328463912,-0.679465353,-0.001441861,0.025161743,-6.080108643,5.185213089,1.407783508,-0.683389664,-0.027558327,0.000004948,-6.110942841,5.127720356,1.328463912,-0.679465353,-0.001441861,0.000000000,0.000000000,0.000000000,0.000000000,0.000000000,0.000000000,0.000000000,0.000000000,0.000000000,0.000000000,0.000000000,0.000000000,0.000000000,0.000000000,0.000000000,0.000000000,0.000000000,0.000000000,0.025156795,0.030834198,0.057492733,0.079319596,-0.003924310,-0.026116466,0.023557691,0.032456526,0.005791073,0.022540219,-0.003859850,-0.027012270
4.829629421,0.214952469,0.043910027,0.619929314,1.794592857,0.283982277,0.175068855,-0.039611816,-0.036315918,0.057067871,0.004699707,-0.073017120,0.006546021,0.214952469,0.043910027,0.619929314,1.794592857,0.283982277,0.175068855,0.000004951,-6.107001781,5.129709721,1.328096747,-0.679197371,-0.001441035,0.018936157,-6.102081299,5.214265823,1.388586044,-0.679971695,-0.005767822,0.000004951,-6.107001781,5.129709721,1.328096747,-0.679197371,-0.001441035,0.000000000,0.000000000,0.000000000,0.000000000,0.000000000,0.000000000,0.000000000,0.000000000,0.000000000,0.000000000,0.000000000,0.000000000,0.000000000,0.000000000,0.000000000,0.000000000,0.000000000,0.000000000,0.018931206,0.004920483,0.084556103,0.060489297,-0.000774324,-0.004326787,0.017332103,0.006542811,0.032854443,0.003709919,-0.000709864,-0.005222591
4.839606524,0.214952469,0.044293404,0.619929314,1.794592857,0.283982277,0.175068855,0.019470215,-0.098573685,0.082580566,0.058410645,-0.037765503,-0.005538940,0.214952469,0.044293404,0.619929314,1.794592857,0.283982277,0.175068855,0.000004948,-6.110942841,5.127720356,1.328463912,-0.679465353,-0.001441861,-0.014785767,-6.105743408,5.162385941,1.393255234,-0.659036636,0.042510986,0.000004948,-6.110942841,5.127720356,1.328463912,-0.679465353,-0.001441861,0.000000000,0.000000000,0.000000000,0.000000000,0.000000000,0.000000000,0.000000000,0.000000000,0.000000000,0.000000000,0.000000000,0.000000000,0.000000000,0.000000000,0.000000000,0.000000000,0.000000000,0.000000000,-0.014790715,0.005199432,0.034665585,0.064791322,0.020428717,0.043952847,-0.016389819,0.006821760,-0.017036075,0.008011944,0.020493177,0.043057043
4.849627972,0.214952469,0.044293404,0.619545937,1.794592857,0.283598900,0.175068855,-0.008728027,-0.099184036,-0.069152832,0.053039551,-0.040786743,-0.008560181,0.214952469,0.044293404,0.619545937,1.794592857,0.283598900,0.175068855,0.000004950,-6.108587265,5.125488758,1.328563094,-0.679809332,-0.001442885,-0.000778198,-6.059967041,5.184175491,1.389104843,-0.673563004,-0.008758545,0.000004950,-6.108587265,5.125488758,1.328563094,-0.679809332,-0.001442885,0.000000000,0.000000000,0.000000000,0.000000000,0.000000000,0.000000000,0.000000000,0.000000000,0.000000000,0.000000000,0.000000000,0.000000000,0.000000000,0.000000000,0.000000000,0.000000000,0.000000000,0.000000000,-0.000783148,0.048620224,0.058686733,0.060541749,0.006246328,-0.007315660,-0.002382252,0.050242552,0.006985074,0.003762372,0.006310789,-0.008211464
4.859842300,0.214952469,0.043910027,0.619545937,1.794592857,0.283598900,0.175452232,0.063781738,-0.019836426,-0.031555176,-0.200748444,-0.041793823,0.022659302,0.214952469,0.044293404,0.619545937,1.794592857,0.283598900,0.175452232,0.000004950,-6.108588219,5.125489235,1.328563929,-0.679809153,-0.001442036,0.020492554,-6.089263916,5.163942337,1.386510849,-0.697062492,0.014739990,0.000004950,-6.108588219,5.125489235,1.328563929,-0.679809153,-0.001442036,0.000000000,0.000000000,0.000000000,0.000000000,0.000000000,0.000000000,0.000000000,0.000000000,0.000000000,0.000000000,0.000000000,0.000000000,0.000000000,0.000000000,0.000000000,0.000000000,0.000000000,0.000000000,0.020487604,0.019324303,0.038453102,0.057946920,-0.017253339,0.016182026,0.018888500,0.020946631,-0.013248557,0.001167543,-0.017188879,0.015286222
4.869630337,0.214952469,0.043910027,0.619929314,1.794592857,0.283982277,0.175068855,0.108093262,-0.025329590,0.122863770,-0.023498535,0.017623901,0.048843384,0.214952469,0.043910027,0.619929314,1.794592857,0.283982277,0.175068855,0.000004951,-6.107001781,5.129709721,1.328096747,-0.679197371,-0.001441035,0.004928589,-6.111236572,5.183137894,1.408821106,-0.680826187,-0.037384987,0.000004951,-6.107001781,5.129709721,1.328096747,-0.679197371,-0.001441035,0.000000000,0.000000000,0.000000000,0.000000000,0.000000000,0.000000000,0.000000000,0.000000000,0.000000000,0.000000000,0.000000000,0.000000000,0.000000000,0.000000000,0.000000000,0.000000000,0.000000000,0.000000000,0.004923638,-0.004234791,0.053428173,0.080724359,-0.001628816,-0.035943952,0.003324534,-0.002612463,0.001726513,0.023944981,-0.001564356,-0.036839756
4.879647732,0.214952469,0.044293404,0.619929314,1.794592857,0.283982277,0.175068855,-0.049011230,0.076599121,-0.014099121,-0.167179108,-0.023666382,-0.005538940,0.214952469,0.044293404,0.619929314,1.794592857,0.283982277,0.175068855,0.000004948,-6.110942841,5.127720356,1.328463912,-0.679465353,-0.001441861,-0.010116577,-6.124053955,5.166017532,1.394813538,-0.704325676,0.012603760,0.000004948,-6.110942841,5.127720356,1.328463912,-0.679465353,-0.001441861,0.000000000,0.000000000,0.000000000,0.000000000,0.000000000,0.000000000,0.000000000,0.000000000,0.000000000,0.000000000,0.000000000,0.000000000,0.000000000,0.000000000,0.000000000,0.000000000,0.000000000,0.000000000,-0.010121526,-0.013111115,0.038297176,0.066349626,-0.024860322,0.014045621,-0.011720629,-0.011488786,-0.013404483,0.009570248,-0.024795862,0.013149817
4.889596939,0.214952469,0.043910027,0.619929314,1.794592857,0.283982277,0.175068855,-0.034240723,-0.062562943,0.055725098,-0.061096191,-0.023666382,0.004531860,0.214952469,0.043910027,0.619929314,1.794592857,0.283982277,0.175068855,0.000004951,-6.107001781,5.129709721,1.328096747,-0.679197371,-0.001441035,0.002853394,-6.100250244,5.182100296,1.396888733,-0.654764175,-0.005767822,0.000004951,-6.107001781,5.129709721,1.328096747,-0.679197371,-0.001441035,0.000000000,0.000000000,0.000000000,0.000000000,0.000000000,0.000000000,0.000000000,0.000000000,0.000000000,0.000000000,0.000000000,0.000000000,0.000000000,0.000000000,0.000000000,0.000000000,0.000000000,0.000000000,0.002848443,0.006751537,0.052390575,0.068791986,0.024433196,-0.004326787,0.001249339,0.008373865,0.000688916,0.012012608,0.024497656,-0.005222591
4.899636507,0.214952469,0.044293404,0.619929314,1.794592857,0.283982277,0.175068855,-0.116153717,-0.059511185,0.027526855,0.027526855,0.003524780,-0.059921265,0.214952469,0.044293404,0.619929314,1.794592857,0.283982277,0.175068855,0.000004948,-6.110942841,5.127720356,1.328463912,-0.679465353,-0.001441861,-0.014785767,-6.147857666,5.148897171,1.381841660,-0.691508293,-0.018157959,0.000004948,-6.110942841,5.127720356,1.328463912,-0.679465353,-0.001441861,0.000000000,0.000000000,0.000000000,0.000000000,0.000000000,0.000000000,0.000000000,0.000000000,0.000000000,0.000000000,0.000000000,0.000000000,0.000000000,0.000000000,0.000000000,0.000000000,0.000000000,0.000000000,-0.014790715,-0.036914825,0.021176815,0.053377748,-0.012042940,-0.016716098,-0.016389819,-0.035292497,-0.030524845,-0.003401630,-0.011978479,-0.017611902
4.909779549,0.214952469,0.044293404,0.619929314,1.794592857,0.283598900,0.175068855,0.091979980,-0.037536621,0.106750488,0.046325684,-0.032730103,-0.059921265,0.214952469,0.043910027,0.619929314,1.794592857,0.283982277,0.175068855,0.000004951,-6.107001781,5.129709721,1.328096747,-0.679197371,-0.001441035,-0.006484985,-6.061798096,5.199220657,1.366277695,-0.683817863,-0.012603760,0.000004951,-6.107001781,5.129709721,1.328096747,-0.679197371,-0.001441035,0.000000000,0.000000000,0.000000000,0.000000000,0.000000000,0.000000000,0.000000000,0.000000000,0.000000000,0.000000000,0.000000000,0.000000000,0.000000000,0.000000000,0.000000000,0.000000000,0.000000000,0.000000000,-0.006489936,0.045203686,0.069510937,0.038180947,-0.004620492,-0.011162725,-0.008089040,0.046826014,0.017809277,-0.018598430,-0.004556032,-0.012058529
4.919642210,0.214952469,0.043910027,0.619929314,1.794592857,0.283982277,0.175068855,-0.028869629,-0.074769974,-0.152408600,-0.015441895,-0.000503540,-0.020645142,0.214952469,0.044293404,0.619929314,1.794592857,0.283982277,0.175068855,0.000004948,-6.110942841,5.127720356,1.328463912,-0.679465353,-0.001441861,-0.015823364,-6.118560791,5.186769485,1.369909286,-0.680398941,-0.007476807,0.000004948,-6.110942841,5.127720356,1.328463912,-0.679465353,-0.001441861,0.000000000,0.000000000,0.000000000,0.000000000,0.000000000,0.000000000,0.000000000,0.000000000,0.000000000,0.000000000,0.000000000,0.000000000,0.000000000,0.000000000,0.000000000,0.000000000,0.000000000,0.000000000,-0.015828313,-0.007617950,0.059049129,0.041445374,-0.000933588,-0.006034946,-0.017427417,-0.005995622,0.007347470,-0.015334003,-0.000869127,-0.006930750
4.929613829,0.214952469,0.044293404,0.619929314,1.794592857,0.283982277,0.175068855,-0.039611816,-0.132143021,0.177921295,-0.071838379,0.041793823,-0.050857544,0.214952469,0.044293404,0.619929314,1.794592857,0.283982277,0.175068855,0.000004948,-6.110942841,5.127720356,1.328463912,-0.679465353,-0.001441861,0.008041382,-6.127716064,5.163423538,1.399482727,-0.672281265,-0.004486084,0.000004948,-6.110942841,5.127720356,1.328463912,-0.679465353,-0.001441861,0.000000000,0.000000000,0.000000000,0.000000000,0.000000000,0.000000000,0.000000000,0.000000000,0.000000000,0.000000000,0.000000000,0.000000000,0.000000000,0.000000000,0.000000000,0.000000000,0.000000000,0.000000000,0.008036433,-0.016773224,0.035703182,0.071018815,0.007184088,-0.003044223,0.006437330,-0.015150896,-0.015998477,0.014239438,0.007248548,-0.003940027
4.939806223,0.214952469,0.043910027,0.619929314,1.794592857,0.283982277,0.175068855,0.030212402,-0.030212402,0.063781738,0.141662598,0.004531860,-0.044815063,0.214952469,0.044293404,0.619545937,1.794976234,0.283982277,0.175068855,0.000004950,-6.108493328,5.125399590,1.328463912,-0.679465353,-0.001441861,-0.018417358,-6.136871338,5.131776810,1.393774033,-0.679117203,-0.004058838,0.000004950,-6.108493328,5.125399590,1.328463912,-0.679465353,-0.001441861,0.000000000,0.000000000,0.000000000,0.000000000,0.000000000,0.000000000,0.000000000,0.000000000,0.000000000,0.000000000,0.000000000,0.000000000,0.000000000,0.000000000,0.000000000,0.000000000,0.000000000,0.000000000,-0.018422308,-0.028378010,0.006377220,0.065310121,0.000348151,-0.002616977,-0.020021412,-0.026755682,-0.045324439,0.008530743,0.000412611,-0.003512781
4.949803114,0.214952469,0.044293404,0.619929314,1.794592857,0.283982277,0.175068855,-0.003356934,-0.058900833,0.101379395,-0.066467285,-0.006546021,0.081069946,0.214952469,0.043910027,0.619929314,1.794592857,0.283982277,0.175068855,0.000004951,-6.107001781,5.129709721,1.328096747,-0.679197371,-0.001441035,0.037094116,-6.085601807,5.188844681,1.398963928,-0.681253433,0.004486084,0.000004951,-6.107001781,5.129709721,1.328096747,-0.679197371,-0.001441035,0.000000000,0.000000000,0.000000000,0.000000000,0.000000000,0.000000000,0.000000000,0.000000000,0.000000000,0.000000000,0.000000000,0.000000000,0.000000000,0.000000000,0.000000000,0.000000000,0.000000000,0.000000000,0.037089165,0.021399975,0.059134960,0.070867181,-0.002056062,0.005927119,0.035490062,0.023022303,0.007433301,0.014087803,-0.001991602,0.005031315
4.959609509,0.214952469,0.043910027,0.619929314,1.794592857,0.283982277,0.175068855,-0.159122467,0.061950684,-0.074523926,0.023498535,0.036758423,0.015609741,0.214952469,0.043910027,0.619929314,1.794592857,0.283982277,0.175068855,0.000004951,-6.107001781,5.129709721,1.328096747,-0.679197371,-0.001441035,-0.002853394,-6.129547119,5.162385941,1.393774033,-0.683389664,0.003631592,0.000004951,-6.107001781,5.129709721,1.328096747,-0.679197371,-0.001441035,0.000000000,0.000000000,0.000000000,0.000000000,0.000000000,0.000000000,0.000000000,0.000000000,0.000000000,0.000000000,0.000000000,0.000000000,0.000000000,0.000000000,0.000000000,0.000000000,0.000000000,0.000000000,-0.002858344,-0.022545338,0.032676220,0.065677285,-0.004192293,0.005072627,-0.004457448,-0.020923010,-0.019025440,0.008897908,-0.004127832,0.004176823
4.969642162,0.214952469,0.044293404,0.619929314,1.794592857,0.283982277,0.175068855,0.008728027,0.028381348,0.003356934,0.106750488,0.011581421,-0.004531860,0.215335846,0.044293404,0.619929314,1.794592857,0.283982277,0.175068855,0.000004941,-6.110942841,5.127720356,1.328463912,-0.679465353,-0.001441861,-0.021011353,-6.096588135,5.198183060,1.387548447,-0.682535172,-0.029267311,0.000004941,-6.110942841,5.127720356,1.328463912,-0.679465353,-0.001441861,0.000000000,0.000000000,0.000000000,0.000000000,0.000000000,0.000000000,0.000000000,0.000000000,0.000000000,0.000000000,0.000000000,0.000000000,0.000000000,0.000000000,0.000000000,0.000000000,0.000000000,0.000000000,-0.021016294,0.014354706,0.070462704,0.059084535,-0.003069818,-0.027825450,-0.022615398,0.015977034,0.018761044,0.002305157,-0.003005358,-0.028721254
4.979782820,0.214952469,0.044293404,0.619929314,1.794592857,0.283982277,0.175452232,-0.120182037,0.071716309,0.079895020,-0.016784668,0.023666382,0.018630981,0.214952469,0.044293404,0.619929314,1.794592857,0.283982277,0.175452232,0.000004948,-6.110943794,5.127720833,1.328464746,-0.679465175,-0.001441011,0.000778198,-6.135040283,5.182100296,1.334630966,-0.666727066,-0.001922607,0.000004948,-6.110943794,5.127720833,1.328464746,-0.679465175,-0.001441011,0.000000000,0.000000000,0.000000000,0.000000000,0.000000000,0.000000000,0.000000000,0.000000000,0.000000000,0.000000000,0.000000000,0.000000000,0.000000000,0.000000000,0.000000000,0.000000000,0.000000000,0.000000000,0.000773250,-0.024096489,0.054379463,0.006166220,0.012738109,-0.000481597,-0.000825854,-0.022474161,0.002677804,-0.050613158,0.012802569,-0.001377401
4.989631653,0.214952469,0.043910027,0.619929314,1.794592857,0.283982277,0.175068855,0.023498535,-0.005798340,-0.011413574,-0.140323639,-0.015609741,0.035751343,0.214952469,0.043910027,0.619545937,1.794592857,0.283982277,0.175452232,0.000004952,-6.104902744,5.127720833,1.328464746,-0.679465175,-0.001441011,-0.010116577,-6.067291260,5.162385941,1.386510849,-0.680398941,0.016876221,0.000004952,-6.104902744,5.127720833,1.328464746,-0.679465175,-0.001441011,0.000000000,0.000000000,0.000000000,0.000000000,0.000000000,0.000000000,0.000000000,0.000000000,0.000000000,0.000000000,0.000000000,0.000000000,0.000000000,0.000000000,0.000000000,0.000000000,0.000000000,0.000000000,-0.010121529,0.037611485,0.034665108,0.058046103,-0.000933766,0.018317232,-0.011720633,0.039233813,-0.017036552,0.001266725,-0.000869306,0.017421428
4.999613047,0.214952469,0.044293404,0.619929314,1.794592857,0.283982277,0.175068855,-0.245059967,0.020446777,0.012756348,-0.082580566,-0.025680542,0.002517700,0.214952469,0.043910027,0.619929314,1.794592857,0.283982277,0.175068855,0.000004951,-6.107001781,5.129709721,1.328096747,-0.679197371,-0.001441035,-0.011672974,-6.091094971,5.160310745,1.383916855,-0.695353508,0.009613037,0.000004951,-6.107001781,5.129709721,1.328096747,-0.679197371,-0.001441035,0.000000000,0.000000000,0.000000000,0.000000000,0.000000000,0.000000000,0.000000000,0.000000000,0.000000000,0.000000000,0.000000000,0.000000000,0.000000000,0.000000000,0.000000000,0.000000000,0.000000000,0.000000000,-0.011677924,0.015906811,0.030601025,0.055820107,-0.016156137,0.011054072,-0.013277028,0.017529139,-0.021100635,-0.000959270,-0.016091677,0.010158268
5.009596825,0.214952469,0.043910027,0.619929314,1.794592857,0.283982277,0.175068855,-0.061096191,-0.090028763,0.044982910,-0.019470215,-0.007553101,-0.018630981,0.214952469,0.043910027,0.619929314,1.794592857,0.283982277,0.175068855,0.000004951,-6.107001781,5.129709721,1.328096747,-0.679197371,-0.001441035,-0.021530151,-6.189971924,5.193513870,1.353307724,-0.661172867,0.016876221,0.000004951,-6.107001781,5.129709721,1.328096747,-0.679197371,-0.001441035,0.000000000,0.000000000,0.000000000,0.000000000,0.000000000,0.000000000,0.000000000,0.000000000,0.000000000,0.000000000,0.000000000,0.000000000,0.000000000,0.000000000,0.000000000,0.000000000,0.000000000,0.000000000,-0.021535102,-0.082970142,0.063804150,0.025210977,0.018024504,0.018317256,-0.023134206,-0.081347814,0.012102490,-0.031568401,0.018088964,0.017421452
5.019651651,0.214952469,0.043910027,0.619929314,1.794592857,0.283982277,0.175452232,0.125549316,-0.099794388,0.047668457,0.085266113,-0.027694702,-0.024673462,0.214952469,0.043910027,0.619929314,1.794592857,0.283982277,0.175068855,0.000004951,-6.107001781,5.129709721,1.328096747,-0.679197371,-0.001441035,-0.013748169,-6.131378174,5.175355911,1.386510849,-0.692362785,0.004486084,0.000004951,-6.107001781,5.129709721,1.328096747,-0.679197371,-0.001441035,0.000000000,0.000000000,0.000000000,0.000000000,0.000000000,0.000000000,0.000000000,0.000000000,0.000000000,0.000000000,0.000000000,0.000000000,0.000000000,0.000000000,0.000000000,0.000000000,0.000000000,0.000000000,-0.013753120,-0.024376392,0.045646191,0.058414102,-0.013165414,0.005927119,-0.015352224,-0.022754064,-0.006055469,0.001634724,-0.013100954,0.005031315
5.029637575,0.214952469,0.043910027,0.619929314,1.794592857,0.283982277,0.175068855,-0.075866699,-0.005187988,0.114807129,-0.012756348,0.016616821,-0.044815063,0.214952469,0.043910027,0.619929314,1.794592857,0.283982277,0.175068855,0.000004951,-6.107001781,5.129709721,1.328096747,-0.679197371,-0.001441035,0.013229370,-6.146026611,5.168092728,1.339818954,-0.686381340,0.005340576,0.000004951,-6.107001781,5.129709721,1.328096747,-0.679197371,-0.001441035,0.000000000,0.000000000,0.000000000,0.000000000,0.000000000,0.000000000,0.000000000,0.000000000,0.000000000,0.000000000,0.000000000,0.000000000,0.000000000,0.000000000,0.000000000,0.000000000,0.000000000,0.000000000,0.013224419,-0.039024830,0.038383007,0.011722207,-0.007183969,0.006781611,0.011625315,-0.037402502,-0.013318653,-0.045057170,-0.007119509,0.005885807
5.039619684,0.215335846,0.044293404,0.619929314,1.794592857,0.283982277,0.175452232,0.128234863,0.161439896,0.220890045,0.058410645,-0.044815063,0.008560181,0.214952469,0.044293404,0.619929314,1.794592857,0.283982277,0.175068855,0.000004948,-6.110942841,5.127720356,1.328463912,-0.679465353,-0.001441861,-0.012191772,-6.087432861,5.169130325,1.391698837,-0.688944817,-0.036530495,0.000004948,-6.110942841,5.127720356,1.328463912,-0.679465353,-0.001441861,0.000000000,0.000000000,0.000000000,0.000000000,0.000000000,0.000000000,0.000000000,0.000000000,0.000000000,0.000000000,0.000000000,0.000000000,0.000000000,0.000000000,0.000000000,0.000000000,0.000000000,0.000000000,-0.012196721,0.023509979,0.041409969,0.063234925,-0.009479463,-0.035088634,-0.013795825,0.025132307,-0.010291690,0.006455548,-0.009415003,-0.035984438
5.049609661,0.214952469,0.044293404,0.619929314,1.794592857,0.283982277,0.175068855,0.086608887,0.097352982,0.109436035,0.089294434,0.013595581,0.023666382,0.214952469,0.044293404,0.619545937,1.794592857,0.283982277,0.175068855,0.000004950,-6.108841896,5.125729561,1.328830957,-0.679733217,-0.001442687,0.011154175,-6.122222900,5.200777054,1.387029648,-0.670145035,0.015594482,0.000004950,-6.108841896,5.125729561,1.328830957,-0.679733217,-0.001442687,0.000000000,0.000000000,0.000000000,0.000000000,0.000000000,0.000000000,0.000000000,0.000000000,0.000000000,0.000000000,0.000000000,0.000000000,0.000000000,0.000000000,0.000000000,0.000000000,0.000000000,0.000000000,0.011149225,-0.013381004,0.075047493,0.058198690,0.009588182,0.017037169,0.009550121,-0.011758676,0.023345833,0.001419313,0.009652642,0.016141365
5.059818745,0.214952469,0.043910027,0.619929314,1.794592857,0.283982277,0.175068855,0.239688873,-0.091859818,0.058410645,-0.028869629,0.047836304,0.016616821,0.214952469,0.043910027,0.619929314,1.794592857,0.283982277,0.175068855,0.000004951,-6.107001781,5.129709721,1.328096747,-0.679197371,-0.001441035,-0.021011353,-6.100250244,5.162385941,1.434242249,-0.693217278,-0.017730713,0.000004951,-6.107001781,5.129709721,1.328096747,-0.679197371,-0.001441035,0.000000000,0.000000000,0.000000000,0.000000000,0.000000000,0.000000000,0.000000000,0.000000000,0.000000000,0.000000000,0.000000000,0.000000000,0.000000000,0.000000000,0.000000000,0.000000000,0.000000000,0.000000000,-0.021016303,0.006751537,0.032676220,0.106145501,-0.014019907,-0.016289678,-0.022615407,0.008373865,-0.019025440,0.049366124,-0.013955446,-0.017185482
5.069583654,0.215335846,0.044293404,0.619929314,1.794592857,0.283982277,0.175452232,0.066467285,0.162660599,-0.006042480,-0.058410645,0.047836304,0.061935425,0.215335846,0.044293404,0.619929314,1.794592857,0.283982277,0.175068855,0.000004941,-6.110942841,5.127720356,1.328463912,-0.679465353,-0.001441861,-0.017379761,-6.118560791,5.218935013,1.385992050,-0.668863297,0.007476807,0.000004941,-6.110942841,5.127720356,1.328463912,-0.679465353,-0.001441861,0.000000000,0.000000000,0.000000000,0.000000000,0.000000000,0.000000000,0.000000000,0.000000000,0.000000000,0.000000000,0.000000000,0.000000000,0.000000000,0.000000000,0.000000000,0.000000000,0.000000000,0.000000000,-0.017384702,-0.007617950,0.091214657,0.057528138,0.010602057,0.008918668,-0.018983806,-0.005995622,0.039512997,0.000748761,0.010666517,0.008022864
5.079623699,0.214952469,0.043910027,0.619929314,1.794592857,0.283982277,0.175068855,-0.091983795,-0.063783646,-0.051696777,0.044982910,-0.009567261,-0.028701782,0.214952469,0.043910027,0.619929314,1.794592857,0.283982277,0.175068855,0.000004951,-6.107001781,5.129709721,1.328096747,-0.679197371,-0.001441035,0.008041382,-6.149688721,5.171724319,1.383916855,-0.676980972,0.006195068,0.000004951,-6.107001781,5.129709721,1.328096747,-0.679197371,-0.001441035,0.000000000,0.000000000,0.000000000,0.000000000,0.000000000,0.000000000,0.000000000,0.000000000,0.000000000,0.000000000,0.000000000,0.000000000,0.000000000,0.000000000,0.000000000,0.000000000,0.000000000,0.000000000,0.008036431,-0.042686939,0.042014599,0.055820107,0.002216399,0.007636104,0.006437327,-0.041064611,-0.009687061,-0.000959270,0.002280859,0.006740300
5.089793444,0.214952469,0.044293404,0.619929314,1.794592857,0.283982277,0.175068855,0.039611816,-0.006408691,0.039611816,-0.098697662,0.027694702,0.006546021,0.214952469,0.043910027,0.619929314,1.794592857,0.283982277,0.175068855,0.000004951,-6.107001781,5.129709721,1.328096747,-0.679197371,-0.001441035,-0.016342163,-6.102081299,5.166536331,1.356420517,-0.688517570,-0.007049561,0.000004951,-6.107001781,5.129709721,1.328096747,-0.679197371,-0.001441035,0.000000000,0.000000000,0.000000000,0.000000000,0.000000000,0.000000000,0.000000000,0.000000000,0.000000000,0.000000000,0.000000000,0.000000000,0.000000000,0.000000000,0.000000000,0.000000000,0.000000000,0.000000000,-0.016347114,0.004920483,0.036826611,0.028323770,-0.009320199,-0.005608525,-0.017946218,0.006542811,-0.014875049,-0.028455608,-0.009255739,-0.006504329
5.099659443,0.214952469,0.043910027,0.619929314,1.794592857,0.283982277,0.175068855,-0.096012115,0.042419434,0.007385254,-0.105411530,0.018630981,0.046829224,0.214952469,0.044293404,0.619929314,1.794592857,0.283982277,0.175068855,0.000004948,-6.110942841,5.127720356,1.328463912,-0.679465353,-0.001441861,0.033462524,-6.087432861,5.187288284,1.434761047,-0.679971695,0.013885498,0.000004948,-6.110942841,5.127720356,1.328463912,-0.679465353,-0.001441861,0.000000000,0.000000000,0.000000000,0.000000000,0.000000000,0.000000000,0.000000000,0.000000000,0.000000000,0.000000000,0.000000000,0.000000000,0.000000000,0.000000000,0.000000000,0.000000000,0.000000000,0.000000000,0.033457576,0.023509979,0.059567928,0.106297135,-0.000506341,0.015327359,0.031858472,0.025132307,0.007866269,0.049517758,-0.000441881,0.014431555
5.109642029,0.214952469,0.043910027,0.619929314,1.794592857,0.283982277,0.175068855,0.104064941,-0.044862747,0.031555176,-0.040954590,0.009567261,0.054885864,0.214952469,0.044293404,0.619545937,1.794592857,0.283598900,0.175068855,0.000004950,-6.108587265,5.125488758,1.328563094,-0.679809332,-0.001442885,-0.003372192,-6.125885010,5.184694290,1.394813538,-0.700480461,0.018585205,0.000004950,-6.108587265,5.125488758,1.328563094,-0.679809332,-0.001442885,0.000000000,0.000000000,0.000000000,0.000000000,0.000000000,0.000000000,0.000000000,0.000000000,0.000000000,0.000000000,0.000000000,0.000000000,0.000000000,0.000000000,0.000000000,0.000000000,0.000000000,0.000000000,-0.003377143,-0.017297745,0.059205532,0.066250443,-0.020671129,0.020028090,-0.004976246,-0.015675417,0.007503872,0.009471066,-0.020606669,0.019132286
5.119646072,0.214952469,0.044293404,0.619929314,1.794592857,0.283982277,0.175068855,0.020812988,0.030212402,0.128234863,-0.014099121,0.038772583,-0.094165802,0.214952469,0.044293404,0.619929314,1.794592857,0.283982277,0.175452232,0.000004948,-6.110943794,5.127720833,1.328464746,-0.679465175,-0.001441011,-0.040208817,-6.147857666,5.154085159,1.393774033,-0.679117203,-0.002349854,0.000004948,-6.110943794,5.127720833,1.328464746,-0.679465175,-0.001441011,0.000000000,0.000000000,0.000000000,0.000000000,0.000000000,0.000000000,0.000000000,0.000000000,0.000000000,0.000000000,0.000000000,0.000000000,0.000000000,0.000000000,0.000000000,0.000000000,0.000000000,0.000000000,-0.040213765,-0.036913872,0.026364326,0.065309286,0.000347972,-0.000908843,-0.041812869,-0.035291544,-0.025337333,0.008529909,0.000412432,-0.001804647
5.129656792,0.214952469,0.044293404,0.619929314,1.794592857,0.283598900,0.175068855,-0.028869629,0.041198730,0.003356934,-0.143009186,-0.018630981,-0.007553101,0.214952469,0.044293404,0.619929314,1.794592857,0.283982277,0.175068855,0.000004948,-6.110942841,5.127720356,1.328463912,-0.679465353,-0.001441861,-0.014785767,-6.105743408,5.186769485,1.415046692,-0.680826187,0.008758545,0.000004948,-6.110942841,5.127720356,1.328463912,-0.679465353,-0.001441861,0.000000000,0.000000000,0.000000000,0.000000000,0.000000000,0.000000000,0.000000000,0.000000000,0.000000000,0.000000000,0.000000000,0.000000000,0.000000000,0.000000000,0.000000000,0.000000000,0.000000000,0.000000000,-0.014790715,0.005199432,0.059049129,0.086582780,-0.001360834,0.010200406,-0.016389819,0.006821760,0.007347470,0.029803402,-0.001296373,0.009304602
5.139676571,0.214952469,0.044293404,0.619929314,1.794592857,0.283982277,0.175068855,0.100036621,-0.008239746,0.000671387,0.077209473,-0.013595581,-0.084095001,0.214952469,0.044293404,0.619929314,1.794592857,0.283982277,0.175068855,0.000004948,-6.110942841,5.127720356,1.328463912,-0.679465353,-0.001441861,0.000778198,-6.085601807,5.238130569,1.405189514,-0.656045914,0.001922607,0.000004948,-6.110942841,5.127720356,1.328463912,-0.679465353,-0.001441861,0.000000000,0.000000000,0.000000000,0.000000000,0.000000000,0.000000000,0.000000000,0.000000000,0.000000000,0.000000000,0.000000000,0.000000000,0.000000000,0.000000000,0.000000000,0.000000000,0.000000000,0.000000000,0.000773250,0.025341034,0.110410213,0.076725602,0.023419440,0.003364468,-0.000825854,0.026963362,0.058708554,0.019946225,0.023483900,0.002468664
5.149582863,0.214952469,0.044293404,0.619929314,1.794592857,0.283982277,0.175068855,-0.010070801,0.080873489,0.018127441,-0.063781738,0.015609741,-0.043807983,0.214952469,0.044293404,0.619929314,1.794592857,0.283982277,0.175068855,0.000004948,-6.110942841,5.127720356,1.328463912,-0.679465353,-0.001441861,-0.019454956,-6.070953369,5.162904739,1.388067245,-0.679544449,-0.002349854,0.000004948,-6.110942841,5.127720356,1.328463912,-0.679465353,-0.001441861,0.000000000,0.000000000,0.000000000,0.000000000,0.000000000,0.000000000,0.000000000,0.000000000,0.000000000,0.000000000,0.000000000,0.000000000,0.000000000,0.000000000,0.000000000,0.000000000,0.000000000,0.000000000,-0.019459905,0.039989471,0.035184383,0.059603333,-0.000079095,-0.000907993,-0.021059008,0.041611800,-0.016517276,0.002823956,-0.000014635,-0.001803797
5.159610748,0.214952469,0.044293404,0.619929314,1.794592857,0.283982277,0.175452232,0.016784668,0.116273880,-0.049011230,0.024841309,0.029708862,0.037765503,0.214952469,0.043910027,0.619545937,1.794592857,0.283982277,0.175068855,0.000004952,-6.104901791,5.127720356,1.328463912,-0.679465353,-0.001441861,-0.000778198,-6.109405518,5.190401077,1.382879257,-0.678262711,-0.033967018,0.000004952,-6.104901791,5.127720356,1.328463912,-0.679465353,-0.001441861,0.000000000,0.000000000,0.000000000,0.000000000,0.000000000,0.000000000,0.000000000,0.000000000,0.000000000,0.000000000,0.000000000,0.000000000,0.000000000,0.000000000,0.000000000,0.000000000,0.000000000,0.000000000,-0.000783150,-0.004503727,0.062680721,0.054415345,0.001202643,-0.032525157,-0.002382254,-0.002881399,0.010979062,-0.002364032,0.001267103,-0.033420961
5.169640779,0.215335846,0.044293404,0.619545937,1.794592857,0.283982277,0.175068855,0.281314850,0.008239746,-0.097354889,-0.114810944,0.059921265,0.048843384,0.214952469,0.044293404,0.619545937,1.794592857,0.283982277,0.175068855,0.000004950,-6.108841896,5.125729561,1.328830957,-0.679733217,-0.001442687,0.013229370,-6.109405518,5.221010208,1.381841660,-0.700480461,-0.007904053,0.000004950,-6.108841896,5.125729561,1.328830957,-0.679733217,-0.001442687,0.000000000,0.000000000,0.000000000,0.000000000,0.000000000,0.000000000,0.000000000,0.000000000,0.000000000,0.000000000,0.000000000,0.000000000,0.000000000,0.000000000,0.000000000,0.000000000,0.000000000,0.000000000,0.013224420,-0.000563622,0.095280647,0.053010702,-0.020747244,-0.006461366,0.011625317,0.001058707,0.043578988,-0.003768675,-0.020682784,-0.007357170
5.180046797,0.214952469,0.044293404,0.619929314,1.794592857,0.283982277,0.175452232,-0.082580566,-0.003356934,-0.000671387,-0.038269043,0.020645142,0.008560181,0.214952469,0.044293404,0.619929314,1.794592857,0.283982277,0.175452232,0.000004948,-6.110943794,5.127720833,1.328464746,-0.679465175,-0.001441011,-0.026718140,-6.127716064,5.177431107,1.318029404,-0.697062492,0.009185791,0.000004948,-6.110943794,5.127720833,1.328464746,-0.679465175,-0.001441011,0.000000000,0.000000000,0.000000000,0.000000000,0.000000000,0.000000000,0.000000000,0.000000000,0.000000000,0.000000000,0.000000000,0.000000000,0.000000000,0.000000000,0.000000000,0.000000000,0.000000000,0.000000000,-0.026723088,-0.016772270,0.049710274,-0.010435343,-0.017597318,0.010626802,-0.028322192,-0.015149942,-0.001991386,-0.067214720,-0.017532857,0.009730998
5.189605236,0.214952469,0.044293404,0.619929314,1.794592857,0.283982277,0.175068855,0.035583496,0.065612793,-0.086612701,-0.155094147,-0.045822144,0.005538940,0.214952469,0.044293404,0.619929314,1.794592857,0.283982277,0.175068855,0.000004948,-6.110942841,5.127720356,1.328463912,-0.679465353,-0.001441861,0.014266968,-6.113067627,5.185731888,1.388586044,-0.682962418,-0.042511940,0.000004948,-6.110942841,5.127720356,1.328463912,-0.679465353,-0.001441861,0.000000000,0.000000000,0.000000000,0.000000000,0.000000000,0.000000000,0.000000000,0.000000000,0.000000000,0.000000000,0.000000000,0.000000000,0.000000000,0.000000000,0.000000000,0.000000000,0.000000000,0.000000000,0.014262019,-0.002124786,0.058011532,0.060122132,-0.003497064,-0.041070079,0.012662915,-0.000502458,0.006309872,0.003342755,-0.003432604,-0.041965883
5.199635506,0.214952469,0.044293404,0.619929314,1.794592857,0.283982277,0.175068855,0.053039551,-0.094911575,0.090637207,-0.083923340,-0.034744263,0.007553101,0.214952469,0.043910027,0.619929314,1.794592857,0.283982277,0.175068855,0.000004951,-6.107001781,5.129709721,1.328096747,-0.679197371,-0.001441035,0.015823364,-6.122222900,5.184175491,1.350194931,-0.676126480,0.001495361,0.000004951,-6.107001781,5.129709721,1.328096747,-0.679197371,-0.001441035,0.000000000,0.000000000,0.000000000,0.000000000,0.000000000,0.000000000,0.000000000,0.000000000,0.000000000,0.000000000,0.000000000,0.000000000,0.000000000,0.000000000,0.000000000,0.000000000,0.000000000,0.000000000,0.015818413,-0.015221119,0.054465771,0.022098184,0.003070891,0.002936397,0.014219310,-0.013598791,0.002764111,-0.034681194,0.003135351,0.002040592
5.209780693,0.214952469,0.043910027,0.619929314,1.794592857,0.283982277,0.175068855,-0.043640137,-0.055238724,0.019470215,-0.010070801,0.040786743,0.019638062,0.214952469,0.044293404,0.619929314,1.794592857,0.283982277,0.175068855,0.000004948,-6.110942841,5.127720356,1.328463912,-0.679465353,-0.001441861,-0.008560181,-6.120391846,5.193513870,1.388067245,-0.679117203,-0.010894775,0.000004948,-6.110942841,5.127720356,1.328463912,-0.679465353,-0.001441861,0.000000000,0.000000000,0.000000000,0.000000000,0.000000000,0.000000000,0.000000000,0.000000000,0.000000000,0.000000000,0.000000000,0.000000000,0.000000000,0.000000000,0.000000000,0.000000000,0.000000000,0.000000000,-0.008565129,-0.009449005,0.065793514,0.059603333,0.000348151,-0.009452914,-0.010164233,-0.007826677,0.014091855,0.002823956,0.000412611,-0.010348719
5.219642639,0.214952469,0.043910027,0.619929314,1.794592857,0.283982277,0.175068855,0.042297363,-0.031433105,0.054382324,0.031555176,-0.016616821,0.013595581,0.214952469,0.044293404,0.619929314,1.794592857,0.283982277,0.175068855,0.000004948,-6.110942841,5.127720356,1.328463912,-0.679465353,-0.001441861,0.009597778,-6.109405518,5.177949905,1.374059677,-0.692790031,-0.038239479,0.000004948,-6.110942841,5.127720356,1.328463912,-0.679465353,-0.001441861,0.000000000,0.000000000,0.000000000,0.000000000,0.000000000,0.000000000,0.000000000,0.000000000,0.000000000,0.000000000,0.000000000,0.000000000,0.000000000,0.000000000,0.000000000,0.000000000,0.000000000,0.000000000,0.009592830,0.001537323,0.050229549,0.045595765,-0.013324678,-0.036797618,0.007993726,0.003159651,-0.001472110,-0.011183612,-0.013260218,-0.037693422
5.229629755,0.214952469,0.044293404,0.619929314,1.794592857,0.283982277,0.175068855,-0.019470215,0.169374466,-0.010070801,-0.022155762,-0.101215363,-0.044815063,0.215335846,0.043910027,0.619929314,1.794592857,0.283982277,0.175068855,0.000004944,-6.107001781,5.129709721,1.328096747,-0.679197371,-0.001441035,0.001296997,-6.124053955,5.148378372,1.402076721,-0.664590836,0.001068115,0.000004944,-6.107001781,5.129709721,1.328096747,-0.679197371,-0.001441035,0.000000000,0.000000000,0.000000000,0.000000000,0.000000000,0.000000000,0.000000000,0.000000000,0.000000000,0.000000000,0.000000000,0.000000000,0.000000000,0.000000000,0.000000000,0.000000000,0.000000000,0.000000000,0.001292053,-0.017052174,0.018668652,0.073979974,0.014606535,0.002509150,-0.000307050,-0.015429845,-0.033033008,0.017200596,0.014670996,0.001613346
5.239577055,0.214952469,0.044293404,0.619545937,1.794592857,0.283982277,0.175068855,0.019470215,0.041198730,-0.032897949,0.040954590,0.006546021,0.051864624,0.214952469,0.044293404,0.619545937,1.794592857,0.283982277,0.175068855,0.000004950,-6.108841896,5.125729561,1.328830957,-0.679733217,-0.001442687,-0.051103592,-6.153350830,5.200777054,1.398445129,-0.658609390,0.001922607,0.000004950,-6.108841896,5.125729561,1.328830957,-0.679733217,-0.001442687,0.000000000,0.000000000,0.000000000,0.000000000,0.000000000,0.000000000,0.000000000,0.000000000,0.000000000,0.000000000,0.000000000,0.000000000,0.000000000,0.000000000,0.000000000,0.000000000,0.000000000,0.000000000,-0.051108542,-0.044508934,0.075047493,0.069614172,0.021123827,0.003365294,-0.052707645,-0.042886606,0.023345833,0.012834794,0.021188287,0.002469490
5.249641895,0.214952469,0.044293404,0.619929314,1.794592857,0.283982277,0.175068855,-0.079895020,0.135805130,0.114807129,0.035583496,0.031723022,0.020645142,0.214952469,0.043910027,0.619929314,1.794592857,0.283982277,0.175068855,0.000004951,-6.107001781,5.129709721,1.328096747,-0.679197371,-0.001441035,0.014266968,-6.103912354,5.166017532,1.406745911,-0.687235832,0.005340576,0.000004951,-6.107001781,5.129709721,1.328096747,-0.679197371,-0.001441035,0.000000000,0.000000000,0.000000000,0.000000000,0.000000000,0.000000000,0.000000000,0.000000000,0.000000000,0.000000000,0.000000000,0.000000000,0.000000000,0.000000000,0.000000000,0.000000000,0.000000000,0.000000000,0.014262017,0.003089428,0.036307812,0.078649163,-0.008038461,0.006781611,0.012662913,0.004711756,-0.015393848,0.021869786,-0.007974001,0.005885807
5.259611607,0.214952469,0.043910027,0.619929314,1.794592857,0.283982277,0.175452232,0.093322754,-0.077211380,-0.007385254,-0.016784668,0.007553101,-0.010574341,0.214952469,0.044293404,0.619929314,1.794592857,0.283982277,0.175068855,0.000004948,-6.110942841,5.127720356,1.328463912,-0.679465353,-0.001441861,0.006484985,-6.065460205,5.167055130,1.391698837,-0.672281265,-0.001922607,0.000004948,-6.110942841,5.127720356,1.328463912,-0.679465353,-0.001441861,0.000000000,0.000000000,0.000000000,0.000000000,0.000000000,0.000000000,0.000000000,0.000000000,0.000000000,0.000000000,0.000000000,0.000000000,0.000000000,0.000000000,0.000000000,0.000000000,0.000000000,0.000000000,0.006480037,0.045482635,0.039334774,0.063234925,0.007184088,-0.000480747,0.004880933,0.047104964,-0.012366886,0.006455548,0.007248548,-0.001376551
5.269658089,0.214952469,0.044293404,0.619929314,1.794592857,0.283982277,0.175068855,0.078552246,0.027160645,-0.077209473,-0.132266998,-0.052871704,-0.028701782,0.214952469,0.044293404,0.619929314,1.794592857,0.283982277,0.175068855,0.000004948,-6.110942841,5.127720356,1.328463912,-0.679465353,-0.001441861,0.015823364,-6.120391846,5.199739456,1.388586044,-0.668863297,-0.020721436,0.000004948,-6.110942841,5.127720356,1.328463912,-0.679465353,-0.001441861,0.000000000,0.000000000,0.000000000,0.000000000,0.000000000,0.000000000,0.000000000,0.000000000,0.000000000,0.000000000,0.000000000,0.000000000,0.000000000,0.000000000,0.000000000,0.000000000,0.000000000,0.000000000,0.015818416,-0.009449005,0.072019100,0.060122132,0.010602057,-0.019279575,0.014219312,-0.007826677,0.020317441,0.003342755,0.010666517,-0.020175379
5.279607296,0.214952469,0.043910027,0.619545937,1.794592857,0.283982277,0.175068855,-0.047668457,0.030822754,-0.043640137,0.081237793,-0.033737183,-0.048843384,0.214952469,0.044293404,0.619545937,1.794592857,0.283982277,0.175068855,0.000004950,-6.108841896,5.125729561,1.328830957,-0.679733217,-0.001442687,0.011154175,-6.092926025,5.188844681,1.362646103,-0.681680679,0.018157959,0.000004950,-6.108841896,5.125729561,1.328830957,-0.679733217,-0.001442687,0.000000000,0.000000000,0.000000000,0.000000000,0.000000000,0.000000000,0.000000000,0.000000000,0.000000000,0.000000000,0.000000000,0.000000000,0.000000000,0.000000000,0.000000000,0.000000000,0.000000000,0.000000000,0.011149225,0.015915871,0.063115120,0.033815145,-0.001947463,0.019600646,0.009550121,0.017538199,0.011413460,-0.022964232,-0.001883002,0.018704841
5.289627075,0.214952469,0.044293404,0.619545937,1.794592857,0.283982277,0.175452232,-0.044982910,-0.008850098,0.015441895,-0.000671387,-0.003524780,-0.016616821,0.214952469,0.044293404,0.619929314,1.794592857,0.283982277,0.175068855,0.000004948,-6.110942841,5.127720356,1.328463912,-0.679465353,-0.001441861,0.000259399,-6.107574463,5.186250687,1.392217636,-0.664590836,0.010467529,0.000004948,-6.110942841,5.127720356,1.328463912,-0.679465353,-0.001441861,0.000000000,0.000000000,0.000000000,0.000000000,0.000000000,0.000000000,0.000000000,0.000000000,0.000000000,0.000000000,0.000000000,0.000000000,0.000000000,0.000000000,0.000000000,0.000000000,0.000000000,0.000000000,0.000254451,0.003368378,0.058530331,0.063753724,0.014874518,0.011909390,-0.001344653,0.004990706,0.006828671,0.006974347,0.014938978,0.011013586
5.299643993,0.214952469,0.044293404,0.619929314,1.794592857,0.283982277,0.175068855,0.023498535,0.052185059,0.066467285,0.094665527,0.024673462,0.012588501,0.215335846,0.043910027,0.619929314,1.794592857,0.283982277,0.175452232,0.000004944,-6.107002735,5.129710674,1.328097582,-0.679197192,-0.001440185,0.009078979,-6.096588135,5.178987503,1.358495712,-0.638528824,-0.006622314,0.000004944,-6.107002735,5.129710674,1.328097582,-0.679197192,-0.001440185,0.000000000,0.000000000,0.000000000,0.000000000,0.000000000,0.000000000,0.000000000,0.000000000,0.000000000,0.000000000,0.000000000,0.000000000,0.000000000,0.000000000,0.000000000,0.000000000,0.000000000,0.000000000,0.009074036,0.010414600,0.049276829,0.030398130,0.040668368,-0.005182130,0.007474932,0.012036928,-0.002424831,-0.026381247,0.040732829,-0.006077934
5.309792757,0.214952469,0.043910027,0.619929314,1.794592857,0.283982277,0.175452232,-0.012756348,-0.013122559,0.023498535,0.036926270,0.001510620,0.013595581,0.214952469,0.044293404,0.619929314,1.794592857,0.283982277,0.175452232,0.000004948,-6.110943794,5.127720833,1.328464746,-0.679465175,-0.001441011,-0.007522583,-6.083770752,5.169649124,1.372503281,-0.664163589,0.012176514,0.000004948,-6.110943794,5.127720833,1.328464746,-0.679465175,-0.001441011,0.000000000,0.000000000,0.000000000,0.000000000,0.000000000,0.000000000,0.000000000,0.000000000,0.000000000,0.000000000,0.000000000,0.000000000,0.000000000,0.000000000,0.000000000,0.000000000,0.000000000,0.000000000,-0.007527531,0.027173042,0.041928291,0.044038534,0.015301585,0.013617525,-0.009126635,0.028795370,-0.009773368,-0.012740843,0.015366045,0.012721720
5.319687605,0.215335846,0.043910027,0.619545937,1.794592857,0.283982277,0.175452232,0.175235748,-0.146791458,-0.102725983,0.040954590,-0.005538940,-0.050857544,0.214952469,0.043910027,0.619929314,1.794592857,0.283982277,0.175452232,0.000004951,-6.107002735,5.129710674,1.328097582,-0.679197192,-0.001440185,-0.002853394,-6.118560791,5.164979935,1.342412949,-0.676126480,-0.014312744,0.000004951,-6.107002735,5.129710674,1.328097582,-0.679197192,-0.001440185,0.000000000,0.000000000,0.000000000,0.000000000,0.000000000,0.000000000,0.000000000,0.000000000,0.000000000,0.000000000,0.000000000,0.000000000,0.000000000,0.000000000,0.000000000,0.000000000,0.000000000,0.000000000,-0.002858344,-0.011558056,0.035269260,0.014315367,0.003070712,-0.012872559,-0.004457448,-0.009935728,-0.016432399,-0.042464011,0.003135172,-0.013768363
5.329681158,0.214952469,0.044293404,0.619929314,1.794592857,0.283982277,0.175068855,-0.070495605,0.049133301,0.004699707,-0.031555176,-0.006546021,0.001510620,0.214952469,0.044293404,0.619929314,1.794592857,0.283982277,0.175068855,0.000004948,-6.110942841,5.127720356,1.328463912,-0.679465353,-0.001441861,0.043319702,-6.092926025,5.175874710,1.380804062,-0.665445328,0.012603760,0.000004948,-6.110942841,5.127720356,1.328463912,-0.679465353,-0.001441861,0.000000000,0.000000000,0.000000000,0.000000000,0.000000000,0.000000000,0.000000000,0.000000000,0.000000000,0.000000000,0.000000000,0.000000000,0.000000000,0.000000000,0.000000000,0.000000000,0.000000000,0.000000000,0.043314754,0.018016815,0.048154354,0.052340150,0.014020026,0.014045621,0.041715650,0.019639143,-0.003547305,-0.004439228,0.014084486,0.013149817
5.339636326,0.214952469,0.043910027,0.619929314,1.794209480,0.283982277,0.175068855,0.077209473,-0.075990677,0.004699707,-0.130924225,-0.015609741,0.008560181,0.214952469,0.044293404,0.619929314,1.794592857,0.283982277,0.175452232,0.000004948,-6.110943794,5.127720833,1.328464746,-0.679465175,-0.001441011,0.002853394,-6.102081299,5.214784622,1.349676132,-0.680826187,0.009185791,0.000004948,-6.110943794,5.127720833,1.328464746,-0.679465175,-0.001441011,0.000000000,0.000000000,0.000000000,0.000000000,0.000000000,0.000000000,0.000000000,0.000000000,0.000000000,0.000000000,0.000000000,0.000000000,0.000000000,0.000000000,0.000000000,0.000000000,0.000000000,0.000000000,0.002848445,0.008862495,0.087063789,0.021211386,-0.001361012,0.010626802,0.001249341,0.010484824,0.035362130,-0.035567992,-0.001296552,0.009730998
5.349641085,0.215335846,0.043910027,0.619545937,1.794209480,0.283982277,0.175068855,0.087951660,-0.013732910,-0.070495605,-0.066467285,0.045822144,-0.017623901,0.214952469,0.043910027,0.619929314,1.794592857,0.283982277,0.175068855,0.000004951,-6.107001781,5.129709721,1.328096747,-0.679197371,-0.001441035,0.022048950,-6.149688721,5.201295853,1.388067245,-0.670145035,0.010894775,0.000004951,-6.107001781,5.129709721,1.328096747,-0.679197371,-0.001441035,0.000000000,0.000000000,0.000000000,0.000000000,0.000000000,0.000000000,0.000000000,0.000000000,0.000000000,0.000000000,0.000000000,0.000000000,0.000000000,0.000000000,0.000000000,0.000000000,0.000000000,0.000000000,0.022043999,-0.042686939,0.071586132,0.059970498,0.009052336,0.012335811,0.020444896,-0.041064611,0.019884472,0.003191121,0.009116796,0.011440007
5.359814644,0.214952469,0.043910027,0.619929314,1.794592857,0.283982277,0.175068855,-0.087955475,-0.055849075,0.059753418,-0.160465240,-0.086109161,0.011581421,0.214952469,0.044293404,0.619929314,1.794592857,0.283982277,0.175068855,0.000004948,-6.110942841,5.127720356,1.328463912,-0.679465353,-0.001441861,-0.002334595,-6.125885010,5.207002640,1.397926331,-0.657754898,-0.011749268,0.000004948,-6.110942841,5.127720356,1.328463912,-0.679465353,-0.001441861,0.000000000,0.000000000,0.000000000,0.000000000,0.000000000,0.000000000,0.000000000,0.000000000,0.000000000,0.000000000,0.000000000,0.000000000,0.000000000,0.000000000,0.000000000,0.000000000,0.000000000,0.000000000,-0.002339543,-0.014942169,0.079282284,0.069462419,0.021710455,-0.010307407,-0.003938647,-0.013319841,0.027580624,0.012683041,0.021774916,-0.011203211
5.369808912,0.214952469,0.043910027,0.619929314,1.794592857,0.283598900,0.175068855,0.120178223,-0.008239746,0.110778809,-0.113468170,-0.072010040,0.014602661,0.214952469,0.043910027,0.619545937,1.794592857,0.283982277,0.175068855,0.000004952,-6.104901791,5.127720356,1.328463912,-0.679465353,-0.001441861,-0.049547195,-6.182647705,5.202333450,1.409339905,-0.637247086,-0.005767822,0.000004952,-6.104901791,5.127720356,1.328463912,-0.679465353,-0.001441861,0.000000000,0.000000000,0.000000000,0.000000000,0.000000000,0.000000000,0.000000000,0.000000000,0.000000000,0.000000000,0.000000000,0.000000000,0.000000000,0.000000000,0.000000000,0.000000000,0.000000000,0.000000000,-0.049552148,-0.077745914,0.074613094,0.080875993,0.042218268,-0.004325961,-0.051151251,-0.076123586,0.022911435,0.024096615,0.042282728,-0.005221765
5.379626751,0.214952469,0.044293404,0.619929314,1.794592857,0.283982277,0.175068855,-0.097354889,0.102235794,0.002014160,-0.032897949,-0.006546021,-0.039779663,0.214952469,0.044293404,0.619929314,1.794592857,0.283982277,0.175068855,0.000004948,-6.110942841,5.127720356,1.328463912,-0.679465353,-0.001441861,0.025161743,-6.116729736,5.190919876,1.399482727,-0.686381340,-0.008331299,0.000004948,-6.110942841,5.127720356,1.328463912,-0.679465353,-0.001441861,0.000000000,0.000000000,0.000000000,0.000000000,0.000000000,0.000000000,0.000000000,0.000000000,0.000000000,0.000000000,0.000000000,0.000000000,0.000000000,0.000000000,0.000000000,0.000000000,0.000000000,0.000000000,0.025156795,-0.005786896,0.063199520,0.071018815,-0.006915987,-0.006889438,0.023557691,-0.004164568,0.011497861,0.014239438,-0.006851526,-0.007785242
5.389598131,0.214952469,0.043910027,0.619929314,1.794592857,0.283982277,0.175068855,-0.128238678,0.055236816,0.096008301,-0.065124512,0.005538940,-0.069995880,0.214952469,0.044293404,0.619929314,1.794592857,0.283982277,0.175452232,0.000004948,-6.110943794,5.127720833,1.328464746,-0.679465175,-0.001441011,0.005966187,-6.058135986,5.136964798,1.379247665,-0.668863297,-0.001495361,0.000004948,-6.110943794,5.127720833,1.328464746,-0.679465175,-0.001441011,0.000000000,0.000000000,0.000000000,0.000000000,0.000000000,0.000000000,0.000000000,0.000000000,0.000000000,0.000000000,0.000000000,0.000000000,0.000000000,0.000000000,0.000000000,0.000000000,0.000000000,0.000000000,0.005961238,0.052807808,0.009243965,0.050782919,0.010601878,-0.000054350,0.004362134,0.054430136,-0.042457694,-0.005996459,0.010666338,-0.000950155
5.399652243,0.214952469,0.043910027,0.619929314,1.794592857,0.283982277,0.175068855,0.043640137,-0.000305176,0.034240723,0.027526855,0.001510620,-0.002517700,0.214952469,0.044293404,0.619929314,1.794592857,0.283982277,0.175068855,0.000004948,-6.110942841,5.127720356,1.328463912,-0.679465353,-0.001441861,-0.002334595,-6.107574463,5.163942337,1.391180038,-0.682107925,-0.010040283,0.000004948,-6.110942841,5.127720356,1.328463912,-0.679465353,-0.001441861,0.000000000,0.000000000,0.000000000,0.000000000,0.000000000,0.000000000,0.000000000,0.000000000,0.000000000,0.000000000,0.000000000,0.000000000,0.000000000,0.000000000,0.000000000,0.000000000,0.000000000,0.000000000,-0.002339543,0.003368378,0.036221981,0.062716126,-0.002642572,-0.008598422,-0.003938647,0.004990706,-0.015479679,0.005936749,-0.002578112,-0.009494226
5.409811974,0.215335846,0.043910027,0.619545937,1.794592857,0.283982277,0.175068855,0.089294434,0.002746582,0.010070801,0.000671387,0.003524780,-0.012588501,0.215335846,0.043910027,0.619929314,1.794592857,0.283982277,0.175068855,0.000004944,-6.107001781,5.129709721,1.328096747,-0.679197371,-0.001441035,0.027755737,-6.054473877,5.187288284,1.398963928,-0.681253433,0.006195068,0.000004944,-6.107001781,5.129709721,1.328096747,-0.679197371,-0.001441035,0.000000000,0.000000000,0.000000000,0.000000000,0.000000000,0.000000000,0.000000000,0.000000000,0.000000000,0.000000000,0.000000000,0.000000000,0.000000000,0.000000000,0.000000000,0.000000000,0.000000000,0.000000000,0.027750794,0.052527905,0.057578564,0.070867181,-0.002056062,0.007636104,0.026151690,0.054150233,0.005876904,0.014087803,-0.001991602,0.006740300
5.419799328,0.214952469,0.043910027,0.619929314,1.794592857,0.283982277,0.175452232,-0.161808014,-0.180971146,-0.002014160,0.019470215,-0.010574341,0.029708862,0.214952469,0.043910027,0.619545937,1.794592857,0.283982277,0.175068855,0.000004952,-6.104901791,5.127720356,1.328463912,-0.679465353,-0.001441861,0.008560181,-6.131378174,5.224123001,1.376134872,-0.687235832,0.001922607,0.000004952,-6.104901791,5.127720356,1.328463912,-0.679465353,-0.001441861,0.000000000,0.000000000,0.000000000,0.000000000,0.000000000,0.000000000,0.000000000,0.000000000,0.000000000,0.000000000,0.000000000,0.000000000,0.000000000,0.000000000,0.000000000,0.000000000,0.000000000,0.000000000,0.008555229,-0.026476383,0.096402645,0.047670960,-0.007770479,0.003364468,0.006956125,-0.024854055,0.044700986,-0.009108417,-0.007706019,0.002468664
5.429596186,0.214952469,0.044293404,0.619929314,1.794592857,0.283982277,0.175452232,-0.124210358,-0.063783646,0.074523926,-0.026184082,0.008560181,0.031723022,0.214952469,0.044293404,0.619929314,1.794592857,0.283982277,0.175452232,0.000004948,-6.110943794,5.127720833,1.328464746,-0.679465175,-0.001441011,-0.010116577,-6.107574463,5.154085159,1.374578476,-0.686808586,-0.006622314,0.000004948,-6.110943794,5.127720833,1.328464746,-0.679465175,-0.001441011,0.000000000,0.000000000,0.000000000,0.000000000,0.000000000,0.000000000,0.000000000,0.000000000,0.000000000,0.000000000,0.000000000,0.000000000,0.000000000,0.000000000,0.000000000,0.000000000,0.000000000,0.000000000,-0.010121526,0.003369331,0.026364326,0.046113729,-0.007343411,-0.005181304,-0.011720629,0.004991659,-0.025337333,-0.010665648,-0.007278951,-0.006077108
5.439611435,0.214952469,0.043910027,0.619929314,1.794592857,0.283982277,0.175068855,0.143005371,-0.166322708,0.043640137,-0.105411530,0.008560181,-0.020645142,0.214952469,0.043910027,0.619545937,1.794592857,0.283982277,0.175068855,0.000004952,-6.104901791,5.127720356,1.328463912,-0.679465353,-0.001441861,-0.033464432,-6.125885010,5.198701859,1.394292831,-0.701762199,-0.001495361,0.000004952,-6.104901791,5.127720356,1.328463912,-0.679465353,-0.001441861,0.000000000,0.000000000,0.000000000,0.000000000,0.000000000,0.000000000,0.000000000,0.000000000,0.000000000,0.000000000,0.000000000,0.000000000,0.000000000,0.000000000,0.000000000,0.000000000,0.000000000,0.000000000,-0.033469384,-0.020983219,0.070981503,0.065828919,-0.022296846,-0.000053500,-0.035068488,-0.019360891,0.019279843,0.009049542,-0.022232386,-0.000949304
5.449674606,0.214952469,0.043910027,0.619929314,1.794592857,0.283982277,0.175452232,-0.007385254,-0.068056107,0.014099121,-0.054382324,0.064956665,0.008560181,0.214952469,0.043910027,0.619929314,1.794592857,0.283982277,0.175068855,0.000004951,-6.107001781,5.129709721,1.328096747,-0.679197371,-0.001441035,-0.056291580,-6.061798096,5.202852249,1.406745911,-0.669717789,0.011749268,0.000004951,-6.107001781,5.129709721,1.328096747,-0.679197371,-0.001441035,0.000000000,0.000000000,0.000000000,0.000000000,0.000000000,0.000000000,0.000000000,0.000000000,0.000000000,0.000000000,0.000000000,0.000000000,0.000000000,0.000000000,0.000000000,0.000000000,0.000000000,0.000000000,-0.056296531,0.045203686,0.073142529,0.078649163,0.009479582,0.013190303,-0.057895635,0.046826014,0.021440869,0.021869786,0.009544043,0.012294499
5.459633112,0.214952469,0.044293404,0.619929314,1.794592857,0.283982277,0.175452232,0.134948730,-0.007019043,-0.058410645,-0.016784668,-0.012588501,0.045822144,0.214952469,0.044293404,0.619929314,1.794592857,0.283982277,0.175068855,0.000004948,-6.110942841,5.127720356,1.328463912,-0.679465353,-0.001441861,-0.019973755,-6.092926025,5.161348343,1.391698837,-0.658182144,-0.018157959,0.000004948,-6.110942841,5.127720356,1.328463912,-0.679465353,-0.001441861,0.000000000,0.000000000,0.000000000,0.000000000,0.000000000,0.000000000,0.000000000,0.000000000,0.000000000,0.000000000,0.000000000,0.000000000,0.000000000,0.000000000,0.000000000,0.000000000,0.000000000,0.000000000,-0.019978703,0.018016815,0.033627987,0.063234925,0.021283209,-0.016716098,-0.021577807,0.019639143,-0.018073673,0.006455548,0.021347670,-0.017611902
5.469643354,0.214952469,0.044293404,0.619929314,1.794592857,0.283982277,0.175068855,0.003356934,0.057067871,0.042297363,0.138977051,-0.008560181,-0.020645142,0.214952469,0.043910027,0.619929314,1.794592857,0.283982277,0.175452232,0.000004951,-6.107002735,5.129710674,1.328097582,-0.679197192,-0.001440185,0.013748169,-6.085601807,5.165498734,1.396888733,-0.647500992,-0.015167236,0.000004951,-6.107002735,5.129710674,1.328097582,-0.679197192,-0.001440185,0.000000000,0.000000000,0.000000000,0.000000000,0.000000000,0.000000000,0.000000000,0.000000000,0.000000000,0.000000000,0.000000000,0.000000000,0.000000000,0.000000000,0.000000000,0.000000000,0.000000000,0.000000000,0.013743218,0.021400928,0.035788059,0.068791151,0.031696200,-0.013727051,0.012144114,0.023023257,-0.015913600,0.012011774,0.031760661,-0.014622855
5.479609489,0.214952469,0.043910027,0.619929314,1.794209480,0.283982277,0.175068855,-0.144351959,0.010070801,0.083923340,0.016784668,0.028701782,-0.038772583,0.214952469,0.043910027,0.619929314,1.794592857,0.283982277,0.175068855,0.000004951,-6.107001781,5.129709721,1.328096747,-0.679197371,-0.001441035,0.007522583,-6.089263916,5.190919876,1.346044540,-0.672708511,0.002349854,0.000004951,-6.107001781,5.129709721,1.328096747,-0.679197371,-0.001441035,0.000000000,0.000000000,0.000000000,0.000000000,0.000000000,0.000000000,0.000000000,0.000000000,0.000000000,0.000000000,0.000000000,0.000000000,0.000000000,0.000000000,0.000000000,0.000000000,0.000000000,0.000000000,0.007517632,0.017737865,0.061210155,0.017947793,0.006488860,0.003790889,0.005918528,0.019360194,0.009508496,-0.038831584,0.006553320,0.002895085
5.489798069,0.214952469,0.043910027,0.619929314,1.794592857,0.283982277,0.175068855,-0.179264069,0.008239746,0.054382324,-0.016784668,-0.008560181,-0.094165802,0.215335846,0.044293404,0.619929314,1.794592857,0.283982277,0.175068855,0.000004941,-6.110942841,5.127720356,1.328463912,-0.679465353,-0.001441861,-0.006484985,-6.098419189,5.198183060,1.366796494,-0.712870598,-0.004486084,0.000004941,-6.110942841,5.127720356,1.328463912,-0.679465353,-0.001441861,0.000000000,0.000000000,0.000000000,0.000000000,0.000000000,0.000000000,0.000000000,0.000000000,0.000000000,0.000000000,0.000000000,0.000000000,0.000000000,0.000000000,0.000000000,0.000000000,0.000000000,0.000000000,-0.006489927,0.012523651,0.070462704,0.038332582,-0.033405244,-0.003044223,-0.008089031,0.014145979,0.018761044,-0.018446796,-0.033340784,-0.003940027
5.499634027,0.214952469,0.043910027,0.619929314,1.794592857,0.283982277,0.175068855,-0.073181152,-0.115053177,-0.176578522,0.000671387,0.084091187,-0.020645142,0.215335846,0.043910027,0.619545937,1.794592857,0.283982277,0.175068855,0.000004945,-6.104901791,5.127720356,1.328463912,-0.679465353,-0.001441861,-0.003372192,-6.169830322,5.207521439,1.408821106,-0.698344231,-0.004058838,0.000004945,-6.104901791,5.127720356,1.328463912,-0.679465353,-0.001441861,0.000000000,0.000000000,0.000000000,0.000000000,0.000000000,0.000000000,0.000000000,0.000000000,0.000000000,0.000000000,0.000000000,0.000000000,0.000000000,0.000000000,0.000000000,0.000000000,0.000000000,0.000000000,-0.003377137,-0.064928532,0.079801083,0.080357194,-0.018878877,-0.002616977,-0.004976241,-0.063306204,0.028099423,0.023577816,-0.018814417,-0.003512781
5.509554386,0.214952469,0.043910027,0.619545937,1.794592857,0.283982277,0.175452232,0.061096191,0.007629395,-0.011413574,0.081237793,-0.025680542,0.042800903,0.215335846,0.043910027,0.619929314,1.794592857,0.283982277,0.175068855,0.000004944,-6.107001781,5.129709721,1.328096747,-0.679197371,-0.001441035,-0.011154175,-6.080108643,5.175874710,1.419197083,-0.676553726,0.004913330,0.000004944,-6.107001781,5.129709721,1.328096747,-0.679197371,-0.001441035,0.000000000,0.000000000,0.000000000,0.000000000,0.000000000,0.000000000,0.000000000,0.000000000,0.000000000,0.000000000,0.000000000,0.000000000,0.000000000,0.000000000,0.000000000,0.000000000,0.000000000,0.000000000,-0.011159119,0.026893139,0.046164989,0.091100335,0.002643645,0.006354365,-0.012758222,0.028515467,-0.005536670,0.034320958,0.002708105,0.005458561
5.519629478,0.214952469,0.044293404,0.619929314,1.794592857,0.283982277,0.175068855,-0.050354004,0.010681152,0.175235748,0.153747559,-0.050857544,0.012588501,0.214952469,0.043910027,0.619929314,1.794592857,0.283982277,0.175068855,0.000004951,-6.107001781,5.129709721,1.328096747,-0.679197371,-0.001441035,0.022048950,-6.129547119,5.181062698,1.380804062,-0.685954094,0.037384033,0.000004951,-6.107001781,5.129709721,1.328096747,-0.679197371,-0.001441035,0.000000000,0.000000000,0.000000000,0.000000000,0.000000000,0.000000000,0.000000000,0.000000000,0.000000000,0.000000000,0.000000000,0.000000000,0.000000000,0.000000000,0.000000000,0.000000000,0.000000000,0.000000000,0.022043999,-0.022545338,0.051352978,0.052707314,-0.006756723,0.038825068,0.020444896,-0.020923010,-0.000348682,-0.004072063,-0.006692263,0.037929264
5.529612541,0.214952469,0.043910027,0.619929314,1.794592857,0.283982277,0.175068855,-0.040954590,-0.016174316,-0.065124512,0.014099121,0.032730103,-0.037765503,0.214952469,0.044293404,0.619929314,1.794592857,0.283982277,0.175068855,0.000004948,-6.110942841,5.127720356,1.328463912,-0.679465353,-0.001441861,0.008560181,-6.102081299,5.210634232,1.398963928,-0.665872574,0.001922607,0.000004948,-6.110942841,5.127720356,1.328463912,-0.679465353,-0.001441861,0.000000000,0.000000000,0.000000000,0.000000000,0.000000000,0.000000000,0.000000000,0.000000000,0.000000000,0.000000000,0.000000000,0.000000000,0.000000000,0.000000000,0.000000000,0.000000000,0.000000000,0.000000000,0.008555232,0.008861542,0.082913876,0.070500016,0.013592780,0.003364468,0.006956128,0.010483870,0.031212216,0.013720639,0.013657240,0.002468664
5.539787769,0.214952469,0.044293404,0.619929314,1.794592857,0.283982277,0.175068855,-0.132266998,-0.094911575,0.006042480,0.024841309,0.000503540,-0.040786743,0.214952469,0.044293404,0.619929314,1.794592857,0.283982277,0.175068855,0.000004948,-6.110942841,5.127720356,1.328463912,-0.679465353,-0.001441861,0.017379761,-6.131378174,5.178987503,1.375616074,-0.647928238,0.001495361,0.000004948,-6.110942841,5.127720356,1.328463912,-0.679465353,-0.001441861,0.000000000,0.000000000,0.000000000,0.000000000,0.000000000,0.000000000,0.000000000,0.000000000,0.000000000,0.000000000,0.000000000,0.000000000,0.000000000,0.000000000,0.000000000,0.000000000,0.000000000,0.000000000,0.017374812,-0.020435333,0.051267147,0.047152162,0.031537116,0.002937222,0.015775708,-0.018813005,-0.000434513,-0.009627216,0.031601576,0.002041418
5.549812078,0.214952469,0.044293404,0.619545937,1.794592857,0.283982277,0.175068855,0.097351074,-0.008239746,-0.163150787,0.077209473,0.016616821,0.004531860,0.214952469,0.044293404,0.619929314,1.794592857,0.283982277,0.175068855,0.000004948,-6.110942841,5.127720356,1.328463912,-0.679465353,-0.001441861,-0.011154175,-6.120391846,5.177431107,1.381322861,-0.667581558,0.005767822,0.000004948,-6.110942841,5.127720356,1.328463912,-0.679465353,-0.001441861,0.000000000,0.000000000,0.000000000,0.000000000,0.000000000,0.000000000,0.000000000,0.000000000,0.000000000,0.000000000,0.000000000,0.000000000,0.000000000,0.000000000,0.000000000,0.000000000,0.000000000,0.000000000,-0.011159123,-0.009449005,0.049710751,0.052858949,0.011883795,0.007209683,-0.012758227,-0.007826677,-0.001990909,-0.003920429,0.011948255,0.006313879
5.559608459,0.214952469,0.044293404,0.619929314,1.794592857,0.283982277,0.175068855,-0.010070801,-0.033264160,0.109436035,-0.003356934,0.013595581,0.009567261,0.214952469,0.043910027,0.619929314,1.794592857,0.283982277,0.175068855,0.000004951,-6.107001781,5.129709721,1.328096747,-0.679197371,-0.001441035,0.010116577,-6.089263916,5.219453812,1.378728867,-0.681253433,-0.002777100,0.000004951,-6.107001781,5.129709721,1.328096747,-0.679197371,-0.001441035,0.000000000,0.000000000,0.000000000,0.000000000,0.000000000,0.000000000,0.000000000,0.000000000,0.000000000,0.000000000,0.000000000,0.000000000,0.000000000,0.000000000,0.000000000,0.000000000,0.000000000,0.000000000,0.010111626,0.017737865,0.089744091,0.050632119,-0.002056062,-0.001336064,0.008512523,0.019360194,0.038042431,-0.006147258,-0.001991602,-0.002231868
5.569802761,0.214952469,0.043910027,0.619929314,1.794592857,0.283982277,0.175068855,0.113464355,0.049133301,-0.085266113,0.049011230,-0.000503540,-0.013595581,0.214952469,0.044293404,0.619929314,1.794592857,0.283982277,0.175068855,0.000004948,-6.110942841,5.127720356,1.328463912,-0.679465353,-0.001441861,-0.000259399,-6.114898682,5.188844681,1.384435654,-0.676126480,0.007476807,0.000004948,-6.110942841,5.127720356,1.328463912,-0.679465353,-0.001441861,0.000000000,0.000000000,0.000000000,0.000000000,0.000000000,0.000000000,0.000000000,0.000000000,0.000000000,0.000000000,0.000000000,0.000000000,0.000000000,0.000000000,0.000000000,0.000000000,0.000000000,0.000000000,-0.000264348,-0.003955841,0.061124325,0.055971742,0.003338873,0.008918668,-0.001863452,-0.002333513,0.009422665,-0.000807636,0.003403334,0.008022864
5.579799652,0.214952469,0.043910027,0.619545937,1.794592857,0.283982277,0.175068855,-0.039611816,0.005187988,-0.054382324,0.059753418,-0.013595581,-0.000503540,0.214952469,0.044293404,0.619929314,1.794592857,0.283982277,0.175068855,0.000004948,-6.110942841,5.127720356,1.328463912,-0.679465353,-0.001441861,-0.004928589,-6.124053955,5.170686722,1.381841660,-0.683389664,-0.010467529,0.000004948,-6.110942841,5.127720356,1.328463912,-0.679465353,-0.001441861,0.000000000,0.000000000,0.000000000,0.000000000,0.000000000,0.000000000,0.000000000,0.000000000,0.000000000,0.000000000,0.000000000,0.000000000,0.000000000,0.000000000,0.000000000,0.000000000,0.000000000,0.000000000,-0.004933537,-0.013111115,0.042966366,0.053377748,-0.003924310,-0.009025668,-0.006532641,-0.011488786,-0.008735294,-0.003401630,-0.003859850,-0.009921472
5.589614630,0.215335846,0.044293404,0.619929314,1.794592857,0.283982277,0.175452232,0.043640137,0.078432083,-0.113468170,0.110778809,-0.023666382,0.043807983,0.214952469,0.044293404,0.619929314,1.794592857,0.283982277,0.175452232,0.000004948,-6.110943794,5.127720833,1.328464746,-0.679465175,-0.001441011,-0.001815796,-6.087432861,5.168611526,1.385473251,-0.685099602,-0.000640869,0.000004948,-6.110943794,5.127720833,1.328464746,-0.679465175,-0.001441011,0.000000000,0.000000000,0.000000000,0.000000000,0.000000000,0.000000000,0.000000000,0.000000000,0.000000000,0.000000000,0.000000000,0.000000000,0.000000000,0.000000000,0.000000000,0.000000000,0.000000000,0.000000000,-0.001820744,0.023510933,0.040890694,0.057008505,-0.005634427,0.000800142,-0.003419848,0.025133261,-0.010810966,0.000229127,-0.005569967,-0.000095662
5.599612236,0.214952469,0.044293404,0.619929314,1.794592857,0.283982277,0.175068855,0.057067871,0.077209473,-0.039611816,0.124206543,0.028701782,0.006546021,0.214952469,0.044293404,0.619545937,1.794592857,0.283982277,0.175068855,0.000004950,-6.108841896,5.125729561,1.328830957,-0.679733217,-0.001442687,-0.011672974,-6.085601807,5.178987503,1.378210068,-0.679117203,-0.003204346,0.000004950,-6.108841896,5.125729561,1.328830957,-0.679733217,-0.001442687,0.000000000,0.000000000,0.000000000,0.000000000,0.000000000,0.000000000,0.000000000,0.000000000,0.000000000,0.000000000,0.000000000,0.000000000,0.000000000,0.000000000,0.000000000,0.000000000,0.000000000,0.000000000,-0.011677923,0.023240089,0.053257942,0.049379110,0.000616014,-0.001761659,-0.013277027,0.024862418,0.001556283,-0.007400267,0.000680474,-0.002657463
5.609699011,0.215335846,0.044293404,0.619929314,1.794592857,0.283982277,0.175068855,0.259830475,0.112611771,-0.051696777,-0.010070801,-0.044815063,-0.012588501,0.214952469,0.043910027,0.619929314,1.794592857,0.283982277,0.175068855,0.000004951,-6.107001781,5.129709721,1.328096747,-0.679197371,-0.001441035,-0.012710571,-6.094757080,5.197145462,1.433204651,-0.679117203,-0.028840065,0.000004951,-6.107001781,5.129709721,1.328096747,-0.679197371,-0.001441035,0.000000000,0.000000000,0.000000000,0.000000000,0.000000000,0.000000000,0.000000000,0.000000000,0.000000000,0.000000000,0.000000000,0.000000000,0.000000000,0.000000000,0.000000000,0.000000000,0.000000000,0.000000000,-0.012715522,0.012244701,0.067435741,0.105107903,0.000080168,-0.027399030,-0.014314626,0.013867030,0.015734082,0.048328526,0.000144628,-0.028294834
5.619682312,0.214952469,0.043910027,0.619929314,1.794592857,0.283982277,0.175452232,0.050354004,-0.047914505,-0.022155762,0.010070801,-0.000503540,0.072006226,0.214952469,0.043910027,0.619929314,1.794592857,0.283982277,0.175452232,0.000004951,-6.107002735,5.129710674,1.328097582,-0.679197192,-0.001440185,-0.004409790,-6.100250244,5.200777054,1.387029648,-0.684672356,-0.002777100,0.000004951,-6.107002735,5.129710674,1.328097582,-0.679197192,-0.001440185,0.000000000,0.000000000,0.000000000,0.000000000,0.000000000,0.000000000,0.000000000,0.000000000,0.000000000,0.000000000,0.000000000,0.000000000,0.000000000,0.000000000,0.000000000,0.000000000,0.000000000,0.000000000,-0.004414741,0.006752491,0.071066380,0.058932066,-0.005475163,-0.001336915,-0.006013845,0.008374819,0.019364720,0.002152688,-0.005410703,-0.002232719
5.629647732,0.214952469,0.043910027,0.619929314,1.794592857,0.283982277,0.175068855,0.000671387,-0.025939941,0.075866699,0.117492676,0.015609741,-0.043807983,0.214952469,0.043910027,0.619929314,1.794592857,0.283982277,0.175068855,0.000004951,-6.107001781,5.129709721,1.328096747,-0.679197371,-0.001441035,-0.024124146,-6.113067627,5.186769485,1.375616074,-0.692790031,-0.016021729,0.000004951,-6.107001781,5.129709721,1.328096747,-0.679197371,-0.001441035,0.000000000,0.000000000,0.000000000,0.000000000,0.000000000,0.000000000,0.000000000,0.000000000,0.000000000,0.000000000,0.000000000,0.000000000,0.000000000,0.000000000,0.000000000,0.000000000,0.000000000,0.000000000,-0.024129096,-0.006065845,0.057059765,0.047519326,-0.013592660,-0.014580693,-0.025728200,-0.004443517,0.005358105,-0.009260051,-0.013528200,-0.015476497
5.639637947,0.215335846,0.043910027,0.619929314,1.794592857,0.283982277,0.175452232,0.132263184,0.054016113,0.000671387,0.109436035,0.007553101,0.026687622,0.214952469,0.044293404,0.619929314,1.794592857,0.283982277,0.175068855,0.000004948,-6.110942841,5.127720356,1.328463912,-0.679465353,-0.001441861,-0.002334595,-6.155181885,5.162904739,1.379766464,-0.689799309,-0.006622314,0.000004948,-6.110942841,5.127720356,1.328463912,-0.679465353,-0.001441861,0.000000000,0.000000000,0.000000000,0.000000000,0.000000000,0.000000000,0.000000000,0.000000000,0.000000000,0.000000000,0.000000000,0.000000000,0.000000000,0.000000000,0.000000000,0.000000000,0.000000000,0.000000000,-0.002339543,-0.044239044,0.035184383,0.051302552,-0.010333955,-0.005180454,-0.003938647,-0.042616716,-0.016517276,-0.005476825,-0.010269495,-0.006076258
5.649620056,0.214952469,0.044293404,0.619929314,1.794592857,0.283982277,0.175068855,0.120178223,0.047912598,-0.043640137,0.038269043,0.079055786,-0.021652222,0.215335846,0.043910027,0.619929314,1.794592857,0.283982277,0.175452232,0.000004944,-6.107002735,5.129710674,1.328097582,-0.679197192,-0.001440185,0.011672974,-6.103912354,5.204927444,1.427497864,-0.696208000,0.009185791,0.000004944,-6.107002735,5.129710674,1.328097582,-0.679197192,-0.001440185,0.000000000,0.000000000,0.000000000,0.000000000,0.000000000,0.000000000,0.000000000,0.000000000,0.000000000,0.000000000,0.000000000,0.000000000,0.000000000,0.000000000,0.000000000,0.000000000,0.000000000,0.000000000,0.011668030,0.003090382,0.075216770,0.099400282,-0.017010808,0.010625976,0.010068926,0.004712710,0.023515111,0.042620904,-0.016946348,0.009730172
5.659642935,0.214952469,0.044293404,0.619929314,1.794592857,0.283982277,0.175068855,-0.027526855,0.075378418,0.038269043,0.083923340,0.005538940,-0.005538940,0.214952469,0.043910027,0.619929314,1.794592857,0.283982277,0.175068855,0.000004951,-6.107001781,5.129709721,1.328096747,-0.679197371,-0.001441035,0.013229370,-6.096588135,5.120363235,1.391698837,-0.673135757,0.013458252,0.000004951,-6.107001781,5.129709721,1.328096747,-0.679197371,-0.001441035,0.000000000,0.000000000,0.000000000,0.000000000,0.000000000,0.000000000,0.000000000,0.000000000,0.000000000,0.000000000,0.000000000,0.000000000,0.000000000,0.000000000,0.000000000,0.000000000,0.000000000,0.000000000,0.013224419,0.010413647,-0.009346485,0.063602090,0.006061614,0.014899287,0.011625315,0.012035975,-0.061048145,0.006822712,0.006126074,0.014003483
5.669786215,0.214952469,0.043910027,0.619929314,1.794592857,0.283982277,0.175068855,0.102722168,-0.006408691,0.137634277,-0.049011230,-0.022659302,0.034744263,0.214952469,0.043910027,0.619929314,1.794592857,0.283982277,0.175452232,0.000004951,-6.107002735,5.129710674,1.328097582,-0.679197192,-0.001440185,0.009078979,-6.120391846,5.197664261,1.393255234,-0.694071770,0.021575928,0.000004951,-6.107002735,5.129710674,1.328097582,-0.679197192,-0.001440185,0.000000000,0.000000000,0.000000000,0.000000000,0.000000000,0.000000000,0.000000000,0.000000000,0.000000000,0.000000000,0.000000000,0.000000000,0.000000000,0.000000000,0.000000000,0.000000000,0.000000000,0.000000000,0.009074029,-0.013389111,0.067953587,0.065157652,-0.014874578,0.023016113,0.007474925,-0.011766782,0.016251927,0.008378274,-0.014810117,0.022120309
5.679673433,0.214952469,0.043910027,0.619929314,1.794592857,0.283982277,0.175068855,0.075866699,-0.094301224,0.038269043,-0.073181152,0.004531860,0.001510620,0.214952469,0.044293404,0.619929314,1.794592857,0.283982277,0.175068855,0.000004948,-6.110942841,5.127720356,1.328463912,-0.679465353,-0.001441861,-0.018936157,-6.056304932,5.193513870,1.381322861,-0.694499016,0.005767822,0.000004948,-6.110942841,5.127720356,1.328463912,-0.679465353,-0.001441861,0.000000000,0.000000000,0.000000000,0.000000000,0.000000000,0.000000000,0.000000000,0.000000000,0.000000000,0.000000000,0.000000000,0.000000000,0.000000000,0.000000000,0.000000000,0.000000000,0.000000000,0.000000000,-0.018941106,0.054637909,0.065793514,0.052858949,-0.015033662,0.007209683,-0.020540210,0.056260237,0.014091855,-0.003920429,-0.014969202,0.006313879
5.689650297,0.214952469,0.044293404,0.619929314,1.794592857,0.283982277,0.175452232,-0.096012115,0.046081543,0.036926270,0.035583496,0.037765503,0.029708862,0.214952469,0.044293404,0.619929314,1.794592857,0.283982277,0.175068855,0.000004948,-6.110942841,5.127720356,1.328463912,-0.679465353,-0.001441861,0.015304565,-6.094757080,5.195070267,1.398445129,-0.688944817,-0.014312744,0.000004948,-6.110942841,5.127720356,1.328463912,-0.679465353,-0.001441861,0.000000000,0.000000000,0.000000000,0.000000000,0.000000000,0.000000000,0.000000000,0.000000000,0.000000000,0.000000000,0.000000000,0.000000000,0.000000000,0.000000000,0.000000000,0.000000000,0.000000000,0.000000000,0.015299617,0.016185760,0.067349911,0.069981217,-0.009479463,-0.012870883,0.013700513,0.017808089,0.015648251,0.013201840,-0.009415003,-0.013766687
5.699611902,0.214952469,0.043910027,0.619929314,1.794592857,0.283982277,0.175068855,-0.094669342,-0.010070801,-0.030212402,0.027526855,-0.037765503,-0.045822144,0.214952469,0.043910027,0.619929314,1.794592857,0.283982277,0.175068855,0.000004951,-6.107001781,5.129709721,1.328096747,-0.679197371,-0.001441035,0.021011353,-6.122222900,5.174837112,1.406745911,-0.677408218,0.000213623,0.000004951,-6.107001781,5.129709721,1.328096747,-0.679197371,-0.001441035,0.000000000,0.000000000,0.000000000,0.000000000,0.000000000,0.000000000,0.000000000,0.000000000,0.000000000,0.000000000,0.000000000,0.000000000,0.000000000,0.000000000,0.000000000,0.000000000,0.000000000,0.000000000,0.021006402,-0.015221119,0.045127392,0.078649163,0.001789153,0.001654658,0.019407298,-0.013598791,-0.006574268,0.021869786,0.001853613,0.000758854
5.709641457,0.214952469,0.044293404,0.619929314,1.794592857,0.283982277,0.175068855,-0.141666412,-0.063173294,-0.000671387,0.022155762,0.042800903,0.006546021,0.215335846,0.044293404,0.619929314,1.794592857,0.283982277,0.175068855,0.000004941,-6.110942841,5.127720356,1.328463912,-0.679465353,-0.001441861,0.011672974,-6.114898682,5.175874710,1.371984482,-0.658609390,-0.004913330,0.000004941,-6.110942841,5.127720356,1.328463912,-0.679465353,-0.001441861,0.000000000,0.000000000,0.000000000,0.000000000,0.000000000,0.000000000,0.000000000,0.000000000,0.000000000,0.000000000,0.000000000,0.000000000,0.000000000,0.000000000,0.000000000,0.000000000,0.000000000,0.000000000,0.011668032,-0.003955841,0.048154354,0.043520570,0.020855963,-0.003471469,0.010068928,-0.002333513,-0.003547305,-0.013258808,0.020920423,-0.004367273
5.719972372,0.214952469,0.044293404,0.619929314,1.794592857,0.283982277,0.175068855,-0.026184082,-0.016174316,0.106750488,0.042297363,-0.057907104,-0.041793823,0.214952469,0.044293404,0.619929314,1.794592857,0.283982277,0.175068855,0.000004948,-6.110942841,5.127720356,1.328463912,-0.679465353,-0.001441861,0.008041382,-6.100250244,5.197664261,1.328405380,-0.663309097,0.009613037,0.000004948,-6.110942841,5.127720356,1.328463912,-0.679465353,-0.001441861,0.000000000,0.000000000,0.000000000,0.000000000,0.000000000,0.000000000,0.000000000,0.000000000,0.000000000,0.000000000,0.000000000,0.000000000,0.000000000,0.000000000,0.000000000,0.000000000,0.000000000,0.000000000,0.008036433,0.010692596,0.069943905,-0.000058532,0.016156256,0.011054898,0.006437330,0.012314925,0.018242245,-0.056837909,0.016220716,0.010159094
5.729657173,0.215335846,0.044293404,0.619545937,1.794592857,0.283982277,0.175068855,0.039611816,0.036315918,-0.126895905,0.191349030,0.052871704,-0.017623901,0.215335846,0.044293404,0.619929314,1.794592857,0.283982277,0.175452232,0.000004941,-6.110943794,5.127720833,1.328464746,-0.679465175,-0.001441011,0.003372192,-6.087432861,5.191957474,1.364721298,-0.666299820,-0.000640869,0.000004941,-6.110943794,5.127720833,1.328464746,-0.679465175,-0.001441011,0.000000000,0.000000000,0.000000000,0.000000000,0.000000000,0.000000000,0.000000000,0.000000000,0.000000000,0.000000000,0.000000000,0.000000000,0.000000000,0.000000000,0.000000000,0.000000000,0.000000000,0.000000000,0.003367251,0.023510933,0.064236641,0.036256552,0.013165355,0.000800142,0.001768147,0.025133261,0.012534981,-0.020522826,0.013229815,-0.000095662
5.739631891,0.214952469,0.043910027,0.619545937,1.794592857,0.283982277,0.175068855,0.032897949,0.102846146,-0.097354889,-0.062438965,0.004531860,-0.033737183,0.214952469,0.043910027,0.619929314,1.794592857,0.283982277,0.175068855,0.000004951,-6.107001781,5.129709721,1.328096747,-0.679197371,-0.001441035,0.000259399,-6.136871338,5.174318314,1.409858704,-0.685526848,-0.005340576,0.000004951,-6.107001781,5.129709721,1.328096747,-0.679197371,-0.001441035,0.000000000,0.000000000,0.000000000,0.000000000,0.000000000,0.000000000,0.000000000,0.000000000,0.000000000,0.000000000,0.000000000,0.000000000,0.000000000,0.000000000,0.000000000,0.000000000,0.000000000,0.000000000,0.000254449,-0.029869556,0.044608593,0.081761956,-0.006329477,-0.003899541,-0.001344655,-0.028247228,-0.007093067,0.024982579,-0.006265017,-0.004795345
5.749653578,0.215335846,0.044293404,0.619929314,1.794592857,0.283982277,0.175452232,0.138977051,0.050354004,-0.030212402,0.028869629,0.048843384,-0.009567261,0.214952469,0.043910027,0.619545937,1.794592857,0.283982277,0.175452232,0.000004952,-6.104902744,5.127720833,1.328464746,-0.679465175,-0.001441011,-0.004928589,-6.091094971,5.188325882,1.388586044,-0.689799309,0.012176514,0.000004952,-6.104902744,5.127720833,1.328464746,-0.679465175,-0.001441011,0.000000000,0.000000000,0.000000000,0.000000000,0.000000000,0.000000000,0.000000000,0.000000000,0.000000000,0.000000000,0.000000000,0.000000000,0.000000000,0.000000000,0.000000000,0.000000000,0.000000000,0.000000000,-0.004933541,0.013807774,0.060605049,0.060121298,-0.010334134,0.013617525,-0.006532645,0.015430102,0.008903390,0.003341920,-0.010269674,0.012721720
5.759610891,0.214952469,0.044293404,0.619929314,1.794592857,0.283982277,0.175068855,0.122863770,-0.013732910,-0.006042480,-0.007385254,-0.055892944,-0.046829224,0.214952469,0.043910027,0.619545937,1.794592857,0.283982277,0.175068855,0.000004952,-6.104901791,5.127720356,1.328463912,-0.679465353,-0.001441861,0.017379761,-6.125885010,5.197145462,1.382360458,-0.684672356,-0.005340576,0.000004952,-6.104901791,5.127720356,1.328463912,-0.679465353,-0.001441861,0.000000000,0.000000000,0.000000000,0.000000000,0.000000000,0.000000000,0.000000000,0.000000000,0.000000000,0.000000000,0.000000000,0.000000000,0.000000000,0.000000000,0.000000000,0.000000000,0.000000000,0.000000000,0.017374809,-0.020983219,0.069425106,0.053896546,-0.005207002,-0.003898715,0.015775705,-0.019360891,0.017723446,-0.002882831,-0.005142542,-0.004794519
5.769646406,0.215335846,0.043910027,0.619929314,1.794592857,0.283982277,0.175068855,0.121520996,-0.068056107,0.003356934,-0.114810944,-0.045822144,0.015609741,0.214952469,0.044293404,0.619929314,1.794592857,0.283982277,0.175068855,0.000004948,-6.110942841,5.127720356,1.328463912,-0.679465353,-0.001441861,0.029830933,-6.151519775,5.177431107,1.368352890,-0.674417496,0.004058838,0.000004948,-6.110942841,5.127720356,1.328463912,-0.679465353,-0.001441861,0.000000000,0.000000000,0.000000000,0.000000000,0.000000000,0.000000000,0.000000000,0.000000000,0.000000000,0.000000000,0.000000000,0.000000000,0.000000000,0.000000000,0.000000000,0.000000000,0.000000000,0.000000000,0.029825984,-0.040576935,0.049710751,0.039888978,0.005047858,0.005500699,0.028226880,-0.038954607,-0.001990909,-0.016890399,0.005112318,0.004604895
5.779924870,0.214952469,0.043910027,0.619929314,1.794592857,0.283982277,0.175068855,-0.125553131,0.054626465,-0.023498535,0.093322754,-0.040786743,0.003524780,0.214952469,0.043910027,0.619545937,1.794592857,0.283598900,0.175452232,0.000004953,-6.104648113,5.127479553,1.328196883,-0.679541290,-0.001441210,0.006484985,-6.136871338,5.205446243,1.375616074,-0.691508293,-0.019866943,0.000004953,-6.104648113,5.127479553,1.328196883,-0.679541290,-0.001441210,0.000000000,0.000000000,0.000000000,0.000000000,0.000000000,0.000000000,0.000000000,0.000000000,0.000000000,0.000000000,0.000000000,0.000000000,0.000000000,0.000000000,0.000000000,0.000000000,0.000000000,0.000000000,0.006480033,-0.032223225,0.077966690,0.047419190,-0.011967003,-0.018425734,0.004880929,-0.030600897,0.026265030,-0.009360187,-0.011902543,-0.019321538
5.789678812,0.214952469,0.044293404,0.619929314,1.794592857,0.283982277,0.175068855,-0.012756348,0.007629395,-0.022155762,-0.046325684,0.005538940,0.008560181,0.214952469,0.044293404,0.619545937,1.794592857,0.283982277,0.175068855,0.000004950,-6.108841896,5.125729561,1.328830957,-0.679733217,-0.001442687,-0.006484985,-6.129547119,5.172761917,1.347600937,-0.676126480,-0.003204346,0.000004950,-6.108841896,5.125729561,1.328830957,-0.679733217,-0.001442687,0.000000000,0.000000000,0.000000000,0.000000000,0.000000000,0.000000000,0.000000000,0.000000000,0.000000000,0.000000000,0.000000000,0.000000000,0.000000000,0.000000000,0.000000000,0.000000000,0.000000000,0.000000000,-0.006489935,-0.020705223,0.047032356,0.018769979,0.003606737,-0.001761659,-0.008089039,-0.019082895,-0.004669303,-0.038009398,0.003671197,-0.002657463
5.799623489,0.214952469,0.043910027,0.619929314,1.794592857,0.283982277,0.175068855,-0.129581451,-0.020446777,-0.024841309,-0.036926270,0.042800903,0.001510620,0.215335846,0.044293404,0.619929314,1.794592857,0.283982277,0.175068855,0.000004941,-6.110942841,5.127720356,1.328463912,-0.679465353,-0.001441861,-0.001296997,-6.080108643,5.218416214,1.390661240,-0.667581558,-0.020721436,0.000004941,-6.110942841,5.127720356,1.328463912,-0.679465353,-0.001441861,0.000000000,0.000000000,0.000000000,0.000000000,0.000000000,0.000000000,0.000000000,0.000000000,0.000000000,0.000000000,0.000000000,0.000000000,0.000000000,0.000000000,0.000000000,0.000000000,0.000000000,0.000000000,-0.001301938,0.030834198,0.090695858,0.062197328,0.011883795,-0.019279575,-0.002901042,0.032456526,0.038994198,0.005417950,0.011948255,-0.020175379
5.809628248,0.214952469,0.043910027,0.619929314,1.794592857,0.283982277,0.175068855,-0.070495605,0.006408691,0.042297363,-0.007385254,0.052871704,-0.038772583,0.214952469,0.043910027,0.619929314,1.794592857,0.283982277,0.175068855,0.000004951,-6.107001781,5.129709721,1.328096747,-0.679197371,-0.001441035,-0.024642944,-6.125885010,5.125032425,1.392217636,-0.692790031,-0.014739990,0.000004951,-6.107001781,5.129709721,1.328096747,-0.679197371,-0.001441035,0.000000000,0.000000000,0.000000000,0.000000000,0.000000000,0.000000000,0.000000000,0.000000000,0.000000000,0.000000000,0.000000000,0.000000000,0.000000000,0.000000000,0.000000000,0.000000000,0.000000000,0.000000000,-0.024647895,-0.018883228,-0.004677296,0.064120889,-0.013592660,-0.013298955,-0.026246999,-0.017260900,-0.056378955,0.007341511,-0.013528200,-0.014194759
5.819573641,0.214952469,0.044293404,0.619929314,1.794592857,0.283982277,0.175068855,0.075866699,0.081483841,-0.125553131,0.022155762,0.053878784,0.011581421,0.214952469,0.044293404,0.619545937,1.794592857,0.283982277,0.175068855,0.000004950,-6.108841896,5.125729561,1.328830957,-0.679733217,-0.001442687,-0.014785767,-6.061798096,5.200777054,1.387029648,-0.674417496,-0.005767822,0.000004950,-6.108841896,5.125729561,1.328830957,-0.679733217,-0.001442687,0.000000000,0.000000000,0.000000000,0.000000000,0.000000000,0.000000000,0.000000000,0.000000000,0.000000000,0.000000000,0.000000000,0.000000000,0.000000000,0.000000000,0.000000000,0.000000000,0.000000000,0.000000000,-0.014790716,0.047043800,0.075047493,0.058198690,0.005315721,-0.004325136,-0.016389820,0.048666128,0.023345833,0.001419313,0.005380181,-0.005220940
5.829592466,0.215335846,0.044293404,0.619929314,1.794592857,0.283982277,0.175068855,0.051696777,-0.086366653,0.136291504,0.073181152,0.004531860,0.034744263,0.215335846,0.044293404,0.619929314,1.794592857,0.283982277,0.175452232,0.000004941,-6.110943794,5.127720833,1.328464746,-0.679465175,-0.001441011,-0.007003784,-6.094757080,5.164979935,1.373022079,-0.670999527,-0.018585205,0.000004941,-6.110943794,5.127720833,1.328464746,-0.679465175,-0.001441011,0.000000000,0.000000000,0.000000000,0.000000000,0.000000000,0.000000000,0.000000000,0.000000000,0.000000000,0.000000000,0.000000000,0.000000000,0.000000000,0.000000000,0.000000000,0.000000000,0.000000000,0.000000000,-0.007008726,0.016186714,0.037259102,0.044557333,0.008465648,-0.017144194,-0.008607829,0.017809042,-0.014442558,-0.012222045,0.008530108,-0.018039998
5.839689016,0.215335846,0.044293404,0.619545937,1.794592857,0.283982277,0.175068855,0.155090332,-0.007019043,0.026184082,-0.007385254,0.021652222,-0.058914185,0.214952469,0.044293404,0.619545937,1.794592857,0.283982277,0.175068855,0.000004950,-6.108841896,5.125729561,1.328830957,-0.679733217,-0.001442687,-0.005966187,-6.103912354,5.173280716,1.377691269,-0.668863297,0.018157959,0.000004950,-6.108841896,5.125729561,1.328830957,-0.679733217,-0.001442687,0.000000000,0.000000000,0.000000000,0.000000000,0.000000000,0.000000000,0.000000000,0.000000000,0.000000000,0.000000000,0.000000000,0.000000000,0.000000000,0.000000000,0.000000000,0.000000000,0.000000000,0.000000000,-0.005971136,0.004929543,0.047551155,0.048860312,0.010869920,0.019600646,-0.007570240,0.006551871,-0.004150504,-0.007919066,0.010934380,0.018704841
5.849630594,0.214952469,0.044293404,0.619929314,1.794592857,0.283982277,0.175452232,-0.165836334,0.077819824,-0.040954590,0.039611816,-0.010574341,-0.009567261,0.214952469,0.043910027,0.619929314,1.794592857,0.283982277,0.175452232,0.000004951,-6.107002735,5.129710674,1.328097582,-0.679197192,-0.001440185,0.005447388,-6.149688721,5.196626663,1.327886581,-0.683389664,0.002349854,0.000004951,-6.107002735,5.129710674,1.328097582,-0.679197192,-0.001440185,0.000000000,0.000000000,0.000000000,0.000000000,0.000000000,0.000000000,0.000000000,0.000000000,0.000000000,0.000000000,0.000000000,0.000000000,0.000000000,0.000000000,0.000000000,0.000000000,0.000000000,0.000000000,0.005442437,-0.042685986,0.066915989,-0.000211000,-0.004192472,0.003790038,0.003843333,-0.041063657,0.015214329,-0.056990378,-0.004128011,0.002894234
5.859673023,0.214952469,0.043910027,0.619545937,1.794592857,0.283982277,0.175068855,-0.018127441,-0.048524857,-0.032897949,0.030212402,0.031723022,-0.005538940,0.214952469,0.043910027,0.619929314,1.794209480,0.283982277,0.175068855,0.000004951,-6.107350826,5.130040169,1.328463912,-0.679465353,-0.001441861,0.014266968,-6.133209229,5.199739456,1.381841660,-0.648782730,0.010040283,0.000004951,-6.107350826,5.130040169,1.328463912,-0.679465353,-0.001441861,0.000000000,0.000000000,0.000000000,0.000000000,0.000000000,0.000000000,0.000000000,0.000000000,0.000000000,0.000000000,0.000000000,0.000000000,0.000000000,0.000000000,0.000000000,0.000000000,0.000000000,0.000000000,0.014262017,-0.025858402,0.069699287,0.053377748,0.030682623,0.011482144,0.012662913,-0.024236074,0.017997628,-0.003401630,0.030747084,0.010586340
5.869792223,0.214952469,0.043910027,0.619929314,1.794592857,0.283982277,0.175068855,-0.057067871,-0.127870560,0.117492676,0.129577637,0.002517700,-0.018630981,0.214952469,0.043910027,0.619929314,1.794592857,0.283982277,0.175068855,0.000004951,-6.107001781,5.129709721,1.328096747,-0.679197371,-0.001441035,0.008041382,-6.048980713,5.179506302,1.397407532,-0.655191422,0.021148682,0.000004951,-6.107001781,5.129709721,1.328096747,-0.679197371,-0.001441035,0.000000000,0.000000000,0.000000000,0.000000000,0.000000000,0.000000000,0.000000000,0.000000000,0.000000000,0.000000000,0.000000000,0.000000000,0.000000000,0.000000000,0.000000000,0.000000000,0.000000000,0.000000000,0.008036431,0.058021069,0.049796581,0.069310784,0.024005949,0.022589717,0.006437327,0.059643397,-0.001905078,0.012531407,0.024070410,0.021693913
5.879872084,0.215335846,0.044293404,0.619929314,1.794592857,0.283982277,0.175068855,0.130920410,0.075988770,-0.125553131,-0.038269043,0.024673462,0.013595581,0.214952469,0.044293404,0.619929314,1.794209480,0.283982277,0.175452232,0.000004948,-6.111292362,5.128051281,1.328831792,-0.679733038,-0.001441837,-0.066667557,-6.076446533,5.188844681,1.389104843,-0.696208000,0.006195068,0.000004948,-6.111292362,5.128051281,1.328831792,-0.679733038,-0.001441837,0.000000000,0.000000000,0.000000000,0.000000000,0.000000000,0.000000000,0.000000000,0.000000000,0.000000000,0.000000000,0.000000000,0.000000000,0.000000000,0.000000000,0.000000000,0.000000000,0.000000000,0.000000000,-0.066672505,0.034845829,0.060793400,0.060273051,-0.016474962,0.007636905,-0.068271609,0.036468157,0.009091740,0.003493674,-0.016410502,0.006741101
5.889640331,0.214952469,0.043910027,0.619929314,1.794592857,0.283982277,0.175068855,-0.112125397,0.068664551,0.003356934,0.016784668,0.041793823,-0.021652222,0.215335846,0.044293404,0.619929314,1.794976234,0.283982277,0.175068855,0.000004942,-6.110593796,5.127389908,1.328096747,-0.679197371,-0.001441035,0.020492554,-6.166168213,5.212190628,1.390661240,-0.678689957,-0.007049561,0.000004942,-6.110593796,5.127389908,1.328096747,-0.679197371,-0.001441035,0.000000000,0.000000000,0.000000000,0.000000000,0.000000000,0.000000000,0.000000000,0.000000000,0.000000000,0.000000000,0.000000000,0.000000000,0.000000000,0.000000000,0.000000000,0.000000000,0.000000000,0.000000000,0.020487612,-0.055574417,0.084800720,0.062564492,0.000507414,-0.005608525,0.018888508,-0.053952089,0.033099061,0.005785115,0.000571875,-0.006504329
5.899643183,0.215335846,0.043910027,0.619929314,1.794592857,0.283982277,0.175068855,0.085266113,-0.023498535,-0.058410645,0.051696777,-0.002517700,-0.020645142,0.214952469,0.043910027,0.619929314,1.794592857,0.283982277,0.175068855,0.000004951,-6.107001781,5.129709721,1.328096747,-0.679197371,-0.001441035,0.001296997,-6.087432861,5.182100296,1.388586044,-0.670999527,-0.016876221,0.000004951,-6.107001781,5.129709721,1.328096747,-0.679197371,-0.001441035,0.000000000,0.000000000,0.000000000,0.000000000,0.000000000,0.000000000,0.000000000,0.000000000,0.000000000,0.000000000,0.000000000,0.000000000,0.000000000,0.000000000,0.000000000,0.000000000,0.000000000,0.000000000,0.001292046,0.019568920,0.052390575,0.060489297,0.008197844,-0.015435186,-0.000307058,0.021191248,0.000688916,0.003709919,0.008262304,-0.016330990
5.909785509,0.214952469,0.044293404,0.619545937,1.794592857,0.283982277,0.175068855,0.075866699,-0.015563965,-0.118839264,-0.094669342,0.045822144,0.010574341,0.214952469,0.044293404,0.619545937,1.794592857,0.283982277,0.175068855,0.000004950,-6.108841896,5.125729561,1.328830957,-0.679733217,-0.001442687,-0.017898560,-6.122222900,5.163423538,1.391180038,-0.675699234,0.009185791,0.000004950,-6.108841896,5.125729561,1.328830957,-0.679733217,-0.001442687,0.000000000,0.000000000,0.000000000,0.000000000,0.000000000,0.000000000,0.000000000,0.000000000,0.000000000,0.000000000,0.000000000,0.000000000,0.000000000,0.000000000,0.000000000,0.000000000,0.000000000,0.000000000,-0.017903509,-0.013381004,0.037693977,0.062349081,0.004033983,0.010628478,-0.019502613,-0.011758676,-0.014007682,0.005569704,0.004098443,0.009732674
5.919618368,0.215335846,0.043910027,0.619545937,1.794592857,0.283982277,0.175068855,0.141662598,0.008850098,-0.091983795,0.011413574,0.033737183,0.015609741,0.214952469,0.043910027,0.619929314,1.794592857,0.283982277,0.175068855,0.000004951,-6.107001781,5.129709721,1.328096747,-0.679197371,-0.001441035,0.011154175,-6.133209229,5.172243118,1.385473251,-0.702189445,0.006195068,0.000004951,-6.107001781,5.129709721,1.328096747,-0.679197371,-0.001441035,0.000000000,0.000000000,0.000000000,0.000000000,0.000000000,0.000000000,0.000000000,0.000000000,0.000000000,0.000000000,0.000000000,0.000000000,0.000000000,0.000000000,0.000000000,0.000000000,0.000000000,0.000000000,0.011149224,-0.026207447,0.042533398,0.057376504,-0.022992074,0.007636104,0.009550120,-0.024585119,-0.009168262,0.000597126,-0.022927614,0.006740300
5.929624081,0.215335846,0.043910027,0.619929314,1.794592857,0.283982277,0.175068855,-0.007385254,-0.028991699,0.136291504,0.057067871,-0.025680542,-0.047836304,0.214952469,0.044293404,0.619929314,1.794592857,0.283982277,0.175068855,0.000004948,-6.110942841,5.127720356,1.328463912,-0.679465353,-0.001441861,0.014266968,-6.039825439,5.184694290,1.377691269,-0.701334953,0.027984619,0.000004948,-6.110942841,5.127720356,1.328463912,-0.679465353,-0.001441861,0.000000000,0.000000000,0.000000000,0.000000000,0.000000000,0.000000000,0.000000000,0.000000000,0.000000000,0.000000000,0.000000000,0.000000000,0.000000000,0.000000000,0.000000000,0.000000000,0.000000000,0.000000000,0.014262019,0.071117401,0.056973934,0.049227357,-0.021869600,0.029426480,0.012662915,0.072739729,0.005272275,-0.007552021,-0.021805140,0.028530676
5.939643145,0.214952469,0.044293404,0.619929314,1.794592857,0.283982277,0.175068855,-0.006042480,0.057678223,0.105407715,0.096008301,0.038772583,-0.084095001,0.214952469,0.044293404,0.619929314,1.794592857,0.283982277,0.175452232,0.000004948,-6.110943794,5.127720833,1.328464746,-0.679465175,-0.001441011,0.000259399,-6.087432861,5.173799515,1.396888733,-0.677408218,0.013031006,0.000004948,-6.110943794,5.127720833,1.328464746,-0.679465175,-0.001441011,0.000000000,0.000000000,0.000000000,0.000000000,0.000000000,0.000000000,0.000000000,0.000000000,0.000000000,0.000000000,0.000000000,0.000000000,0.000000000,0.000000000,0.000000000,0.000000000,0.000000000,0.000000000,0.000254451,0.023510933,0.046078682,0.068423986,0.002056956,0.014472017,-0.001344653,0.025133261,-0.005622978,0.011644609,0.002121416,0.013576213
5.949682713,0.215335846,0.043910027,0.619929314,1.794592857,0.283982277,0.175452232,0.040954590,-0.034484863,0.090637207,-0.006042480,0.043807983,0.065963745,0.214952469,0.043910027,0.619929314,1.794592857,0.283982277,0.175068855,0.000004951,-6.107001781,5.129709721,1.328096747,-0.679197371,-0.001441035,0.000778198,-6.100250244,5.192995071,1.352270126,-0.679117203,0.005340576,0.000004951,-6.107001781,5.129709721,1.328096747,-0.679197371,-0.001441035,0.000000000,0.000000000,0.000000000,0.000000000,0.000000000,0.000000000,0.000000000,0.000000000,0.000000000,0.000000000,0.000000000,0.000000000,0.000000000,0.000000000,0.000000000,0.000000000,0.000000000,0.000000000,0.000773247,0.006751537,0.063285351,0.024173379,0.000080168,0.006781611,-0.000825856,0.008373865,0.011583691,-0.032605999,0.000144628,0.005885807
5.959648132,0.214952469,0.044293404,0.619929314,1.794592857,0.283598900,0.175068855,0.200748444,0.056457520,0.004699707,0.066467285,-0.042800903,0.005538940,0.215335846,0.044293404,0.619929314,1.794592857,0.283982277,0.175452232,0.000004941,-6.110943794,5.127720833,1.328464746,-0.679465175,-0.001441011,0.015823364,-6.076446533,5.170686722,1.370946884,-0.668863297,0.022430420,0.000004941,-6.110943794,5.127720833,1.328464746,-0.679465175,-0.001441011,0.000000000,0.000000000,0.000000000,0.000000000,0.000000000,0.000000000,0.000000000,0.000000000,0.000000000,0.000000000,0.000000000,0.000000000,0.000000000,0.000000000,0.000000000,0.000000000,0.000000000,0.000000000,0.015818423,0.034497261,0.042965889,0.042482138,0.010601878,0.023871431,0.014219319,0.036119589,-0.008735771,-0.014297240,0.010666338,0.022975627
5.969610691,0.214952469,0.043910027,0.619929314,1.794592857,0.283982277,0.175068855,-0.034240723,0.022888184,-0.109439850,-0.022155762,0.055892944,0.030715942,0.214952469,0.044293404,0.619929314,1.794592857,0.283982277,0.175068855,0.000004948,-6.110942841,5.127720356,1.328463912,-0.679465353,-0.001441861,-0.033464432,-6.102081299,5.179506302,1.374578476,-0.661600113,0.004486084,0.000004948,-6.110942841,5.127720356,1.328463912,-0.679465353,-0.001441861,0.000000000,0.000000000,0.000000000,0.000000000,0.000000000,0.000000000,0.000000000,0.000000000,0.000000000,0.000000000,0.000000000,0.000000000,0.000000000,0.000000000,0.000000000,0.000000000,0.000000000,0.000000000,-0.033469380,0.008861542,0.051785946,0.046114564,0.017865241,0.005927945,-0.035068484,0.010483870,0.000084286,-0.010664814,0.017929701,0.005032141
5.979614019,0.215335846,0.044293404,0.619929314,1.794592857,0.283982277,0.175068855,-0.102725983,-0.009460449,0.018127441,-0.027526855,0.034744263,0.026687622,0.214952469,0.043910027,0.619929314,1.794592857,0.283982277,0.175068855,0.000004951,-6.107001781,5.129709721,1.328096747,-0.679197371,-0.001441035,0.010116577,-6.109405518,5.185213089,1.350194931,-0.670145035,-0.010040283,0.000004951,-6.107001781,5.129709721,1.328096747,-0.679197371,-0.001441035,0.000000000,0.000000000,0.000000000,0.000000000,0.000000000,0.000000000,0.000000000,0.000000000,0.000000000,0.000000000,0.000000000,0.000000000,0.000000000,0.000000000,0.000000000,0.000000000,0.000000000,0.000000000,0.010111626,-0.002403736,0.055503368,0.022098184,0.009052336,-0.008599248,0.008512523,-0.000781408,0.003801709,-0.034681194,0.009116796,-0.009495052
5.989645481,0.214952469,0.044293404,0.619929314,1.794592857,0.283598900,0.175068855,0.102722168,0.072326660,-0.002014160,-0.173892975,0.047836304,-0.000503540,0.214952469,0.044293404,0.619545937,1.794592857,0.283982277,0.175068855,0.000004950,-6.108841896,5.125729561,1.328830957,-0.679733217,-0.001442687,-0.013748169,-6.069122314,5.157197952,1.379247665,-0.674417496,-0.009613037,0.000004950,-6.108841896,5.125729561,1.328830957,-0.679733217,-0.001442687,0.000000000,0.000000000,0.000000000,0.000000000,0.000000000,0.000000000,0.000000000,0.000000000,0.000000000,0.000000000,0.000000000,0.000000000,0.000000000,0.000000000,0.000000000,0.000000000,0.000000000,0.000000000,-0.013753119,0.039719582,0.031468391,0.050416708,0.005315721,-0.008170351,-0.015352222,0.041341910,-0.020233268,-0.006362670,0.005380181,-0.009066155
5.999909163,0.214952469,0.044293404,0.619929314,1.794592857,0.283982277,0.175068855,0.003356934,0.035705566,0.030212402,0.133605957,-0.017623901,0.034744263,0.214952469,0.043910027,0.619929314,1.794592857,0.283598900,0.175068855,0.000004951,-6.106747150,5.129468441,1.327828765,-0.679273486,-0.001441234,-0.032943726,-6.129547119,5.181062698,1.391180038,-0.679544449,0.002777100,0.000004951,-6.106747150,5.129468441,1.327828765,-0.679273486,-0.001441234,0.000000000,0.000000000,0.000000000,0.000000000,0.000000000,0.000000000,0.000000000,0.000000000,0.000000000,0.000000000,0.000000000,0.000000000,0.000000000,0.000000000,0.000000000,0.000000000,0.000000000,0.000000000,-0.032948677,-0.022799969,0.051594257,0.063351274,-0.000270963,0.004218333,-0.034547781,-0.021177641,-0.000107402,0.006571896,-0.000206503,0.003322529
6.009612322,0.214952469,0.044293404,0.619545937,1.794592857,0.283598900,0.175452232,-0.053039551,0.030212402,-0.163150787,-0.000671387,-0.039779663,-0.037765503,0.214952469,0.044293404,0.619545937,1.794592857,0.283598900,0.175452232,0.000004950,-6.108588219,5.125489235,1.328563929,-0.679809153,-0.001442036,0.013229370,-6.142364502,5.178468704,1.418678284,-0.694499016,-0.003204346,0.000004950,-6.108588219,5.125489235,1.328563929,-0.679809153,-0.001442036,0.000000000,0.000000000,0.000000000,0.000000000,0.000000000,0.000000000,0.000000000,0.000000000,0.000000000,0.000000000,0.000000000,0.000000000,0.000000000,0.000000000,0.000000000,0.000000000,0.000000000,0.000000000,0.013224420,-0.033776283,0.052979469,0.090114355,-0.014689863,-0.001762310,0.011625316,-0.032153955,0.001277810,0.033334978,-0.014625403,-0.002658114
6.019658566,0.215335846,0.044293404,0.619929314,1.794592857,0.283982277,0.175068855,-0.046325684,0.083314896,-0.124210358,-0.096012115,0.049850464,0.068984985,0.214952469,0.044293404,0.619929314,1.794592857,0.283982277,0.175068855,0.000004948,-6.110942841,5.127720356,1.328463912,-0.679465353,-0.001441861,0.016342163,-6.151519775,5.189363480,1.340337753,-0.680398941,0.006622314,0.000004948,-6.110942841,5.127720356,1.328463912,-0.679465353,-0.001441861,0.000000000,0.000000000,0.000000000,0.000000000,0.000000000,0.000000000,0.000000000,0.000000000,0.000000000,0.000000000,0.000000000,0.000000000,0.000000000,0.000000000,0.000000000,0.000000000,0.000000000,0.000000000,0.016337215,-0.040576935,0.061643124,0.011873841,-0.000933588,0.008064175,0.014738111,-0.038954607,0.009941464,-0.044905536,-0.000869127,0.007168371
6.029659748,0.215335846,0.043910027,0.619929314,1.794592857,0.283982277,0.175068855,0.148376465,-0.016784668,0.047668457,0.026184082,0.025680542,0.061935425,0.214952469,0.044293404,0.619929314,1.794592857,0.283982277,0.175068855,0.000004948,-6.110942841,5.127720356,1.328463912,-0.679465353,-0.001441861,-0.000259399,-6.100250244,5.199220657,1.377691269,-0.677408218,-0.007904053,0.000004948,-6.110942841,5.127720356,1.328463912,-0.679465353,-0.001441861,0.000000000,0.000000000,0.000000000,0.000000000,0.000000000,0.000000000,0.000000000,0.000000000,0.000000000,0.000000000,0.000000000,0.000000000,0.000000000,0.000000000,0.000000000,0.000000000,0.000000000,0.000000000,-0.000264348,0.010692596,0.071500301,0.049227357,0.002057135,-0.006462192,-0.001863452,0.012314925,0.019798642,-0.007552021,0.002121595,-0.007357996
6.039632559,0.215335846,0.044293404,0.619929314,1.794592857,0.283982277,0.175068855,0.053039551,0.057067871,-0.032897949,-0.181949615,-0.017623901,-0.001510620,0.215335846,0.044293404,0.619929314,1.794592857,0.283982277,0.175452232,0.000004941,-6.110943794,5.127720833,1.328464746,-0.679465175,-0.001441011,0.014266968,-6.125885010,5.171724319,1.384954453,-0.674844742,0.007904053,0.000004941,-6.110943794,5.127720833,1.328464746,-0.679465175,-0.001441011,0.000000000,0.000000000,0.000000000,0.000000000,0.000000000,0.000000000,0.000000000,0.000000000,0.000000000,0.000000000,0.000000000,0.000000000,0.000000000,0.000000000,0.000000000,0.000000000,0.000000000,0.000000000,0.014262026,-0.014941216,0.044003487,0.056489706,0.004620433,0.009345064,0.012662923,-0.013318887,-0.007698173,-0.000289671,0.004684893,0.008449260
6.049762487,0.215335846,0.043910027,0.619929314,1.794592857,0.283982277,0.175068855,0.034240723,0.096742630,0.061096191,0.044982910,-0.001510620,0.000503540,0.215335846,0.043910027,0.619929314,1.794592857,0.283982277,0.175068855,0.000004944,-6.107001781,5.129709721,1.328096747,-0.679197371,-0.001441035,-0.014266968,-6.089263916,5.199739456,1.382360458,-0.665872574,-0.002349854,0.000004944,-6.107001781,5.129709721,1.328096747,-0.679197371,-0.001441035,0.000000000,0.000000000,0.000000000,0.000000000,0.000000000,0.000000000,0.000000000,0.000000000,0.000000000,0.000000000,0.000000000,0.000000000,0.000000000,0.000000000,0.000000000,0.000000000,0.000000000,0.000000000,-0.014271911,0.017737865,0.070029736,0.054263711,0.013324797,-0.000908818,-0.015871015,0.019360194,0.018328076,-0.002515667,0.013389257,-0.001804622
6.059881687,0.214952469,0.044293404,0.619929314,1.794592857,0.283982277,0.175068855,-0.054382324,0.070495605,-0.007385254,0.181949615,0.065963745,-0.027694702,0.215335846,0.044293404,0.619929314,1.794592857,0.283982277,0.175452232,0.000004941,-6.110943794,5.127720833,1.328464746,-0.679465175,-0.001441011,-0.000259399,-6.131378174,5.172243118,1.400001526,-0.685099602,0.001495361,0.000004941,-6.110943794,5.127720833,1.328464746,-0.679465175,-0.001441011,0.000000000,0.000000000,0.000000000,0.000000000,0.000000000,0.000000000,0.000000000,0.000000000,0.000000000,0.000000000,0.000000000,0.000000000,0.000000000,0.000000000,0.000000000,0.000000000,0.000000000,0.000000000,-0.000264341,-0.020434380,0.044522285,0.071536779,-0.005634427,0.002936372,-0.001863445,-0.018812051,-0.007179374,0.014757402,-0.005569967,0.002040568
6.069820404,0.214952469,0.044293404,0.619929314,1.794592857,0.283982277,0.175068855,0.040954590,-0.054628372,-0.002014160,0.096008301,0.016616821,-0.007553101,0.214952469,0.043910027,0.619545937,1.794592857,0.283982277,0.175068855,0.000004952,-6.104901791,5.127720356,1.328463912,-0.679465353,-0.001441861,-0.017898560,-6.085601807,5.177431107,1.388067245,-0.691081047,-0.010040283,0.000004952,-6.104901791,5.127720356,1.328463912,-0.679465353,-0.001441861,0.000000000,0.000000000,0.000000000,0.000000000,0.000000000,0.000000000,0.000000000,0.000000000,0.000000000,0.000000000,0.000000000,0.000000000,0.000000000,0.000000000,0.000000000,0.000000000,0.000000000,0.000000000,-0.017903512,0.019299984,0.049710751,0.059603333,-0.011615694,-0.008598422,-0.019502615,0.020922312,-0.001990909,0.002823956,-0.011551233,-0.009494226
6.079672575,0.214952469,0.043910027,0.619929314,1.794592857,0.283982277,0.175068855,0.019470215,-0.054018021,0.008728027,-0.023498535,-0.041793823,0.007553101,0.215335846,0.044293404,0.619929314,1.794592857,0.283598900,0.175068855,0.000004942,-6.110688210,5.127479076,1.328196049,-0.679541469,-0.001442060,0.021011353,-6.080108643,5.183137894,1.378728867,-0.669717789,0.008331299,0.000004942,-6.110688210,5.127479076,1.328196049,-0.679541469,-0.001442060,0.000000000,0.000000000,0.000000000,0.000000000,0.000000000,0.000000000,0.000000000,0.000000000,0.000000000,0.000000000,0.000000000,0.000000000,0.000000000,0.000000000,0.000000000,0.000000000,0.000000000,0.000000000,0.021006411,0.030579567,0.055658817,0.050532818,0.009823680,0.009773358,0.019407307,0.032201895,0.003957158,-0.006246560,0.009888140,0.008877554
6.089686871,0.214952469,0.044293404,0.619929314,1.794592857,0.283982277,0.175068855,0.096008301,0.016174316,0.028869629,-0.184635162,0.006546021,-0.073017120,0.214952469,0.043910027,0.619545937,1.794592857,0.283982277,0.175068855,0.000004952,-6.104901791,5.127720356,1.328463912,-0.679465353,-0.001441861,-0.010635376,-6.118560791,5.185213089,1.398445129,-0.694499016,-0.037812233,0.000004952,-6.104901791,5.127720356,1.328463912,-0.679465353,-0.001441861,0.000000000,0.000000000,0.000000000,0.000000000,0.000000000,0.000000000,0.000000000,0.000000000,0.000000000,0.000000000,0.000000000,0.000000000,0.000000000,0.000000000,0.000000000,0.000000000,0.000000000,0.000000000,-0.010640328,-0.013659000,0.057492733,0.069981217,-0.015033662,-0.036370372,-0.012239432,-0.012036672,0.005791073,0.013201840,-0.014969202,-0.037266176
6.099709988,0.214952469,0.043910027,0.619929314,1.794592857,0.283598900,0.175068855,0.124206543,-0.053407669,-0.101383209,-0.063781738,-0.101215363,0.039779663,0.214952469,0.044293404,0.619545937,1.794592857,0.283982277,0.175068855,0.000004950,-6.108841896,5.125729561,1.328830957,-0.679733217,-0.001442687,0.005447388,-6.098419189,5.198183060,1.387029648,-0.685099602,0.014312744,0.000004950,-6.108841896,5.125729561,1.328830957,-0.679733217,-0.001442687,0.000000000,0.000000000,0.000000000,0.000000000,0.000000000,0.000000000,0.000000000,0.000000000,0.000000000,0.000000000,0.000000000,0.000000000,0.000000000,0.000000000,0.000000000,0.000000000,0.000000000,0.000000000,0.005442438,0.010422707,0.072453499,0.058198690,-0.005366385,0.015755431,0.003843334,0.012045035,0.020751839,0.001419313,-0.005301925,0.014859627
6.109796762,0.215335846,0.043910027,0.619929314,1.794592857,0.283982277,0.175452232,0.106750488,0.010070801,0.087951660,0.051696777,0.027694702,-0.010574341,0.215335846,0.044293404,0.619929314,1.794592857,0.283982277,0.175068855,0.000004941,-6.110942841,5.127720356,1.328463912,-0.679465353,-0.001441861,0.009078979,-6.098419189,5.167055130,1.388067245,-0.684245110,-0.002349854,0.000004941,-6.110942841,5.127720356,1.328463912,-0.679465353,-0.001441861,0.000000000,0.000000000,0.000000000,0.000000000,0.000000000,0.000000000,0.000000000,0.000000000,0.000000000,0.000000000,0.000000000,0.000000000,0.000000000,0.000000000,0.000000000,0.000000000,0.000000000,0.000000000,0.009074038,0.012523651,0.039334774,0.059603333,-0.004779756,-0.000907993,0.007474934,0.014145979,-0.012366886,0.002823956,-0.004715296,-0.001803797
6.119617939,0.214952469,0.043910027,0.619929314,1.794592857,0.283982277,0.175068855,-0.105411530,0.025939941,-0.082580566,-0.010070801,-0.084095001,-0.015609741,0.215335846,0.043910027,0.619929314,1.794592857,0.283982277,0.175068855,0.000004944,-6.107001781,5.129709721,1.328096747,-0.679197371,-0.001441035,-0.011154175,-6.162506104,5.169649124,1.370946884,-0.673563004,0.005340576,0.000004944,-6.107001781,5.129709721,1.328096747,-0.679197371,-0.001441035,0.000000000,0.000000000,0.000000000,0.000000000,0.000000000,0.000000000,0.000000000,0.000000000,0.000000000,0.000000000,0.000000000,0.000000000,0.000000000,0.000000000,0.000000000,0.000000000,0.000000000,0.000000000,-0.011159119,-0.055504322,0.039939404,0.042850137,0.005634367,0.006781611,-0.012758222,-0.053881994,-0.011762256,-0.013929241,0.005698828,0.005885807
6.129643917,0.214568138,0.043910027,0.619929314,1.794592857,0.283982277,0.175068855,-0.222232819,-0.006408691,0.006042480,-0.079895020,-0.007553101,0.025680542,0.214952469,0.043910027,0.619929314,1.794592857,0.283982277,0.175068855,0.000004951,-6.107001781,5.129709721,1.328096747,-0.679197371,-0.001441035,0.012191772,-6.120391846,5.192476273,1.378210068,-0.678689957,0.008331299,0.000004951,-6.107001781,5.129709721,1.328096747,-0.679197371,-0.001441035,0.000000000,0.000000000,0.000000000,0.000000000,0.000000000,0.000000000,0.000000000,0.000000000,0.000000000,0.000000000,0.000000000,0.000000000,0.000000000,0.000000000,0.000000000,0.000000000,0.000000000,0.000000000,0.012186822,-0.013390064,0.062766552,0.050113320,0.000507414,0.009772334,0.010587718,-0.011767736,0.011064892,-0.006666057,0.000571875,0.008876530
6.139651060,0.214952469,0.043910027,0.619929314,1.794592857,0.283982277,0.175068855,-0.157779694,0.083314896,-0.000671387,0.040954590,0.022659302,0.023666382,0.214952469,0.044293404,0.619929314,1.794592857,0.283982277,0.175452232,0.000004948,-6.110943794,5.127720833,1.328464746,-0.679465175,-0.001441011,0.006484985,-6.089263916,5.138002396,1.334630966,-0.679971695,-0.008758545,0.000004948,-6.110943794,5.127720833,1.328464746,-0.679465175,-0.001441011,0.000000000,0.000000000,0.000000000,0.000000000,0.000000000,0.000000000,0.000000000,0.000000000,0.000000000,0.000000000,0.000000000,0.000000000,0.000000000,0.000000000,0.000000000,0.000000000,0.000000000,0.000000000,0.006480037,0.021679878,0.010281563,0.006166220,-0.000506520,-0.007317534,0.004880933,0.023302206,-0.041420097,-0.050613158,-0.000442060,-0.008213338
6.149770260,0.214952469,0.044293404,0.619929314,1.794592857,0.283598900,0.175068855,-0.050354004,-0.030822754,-0.032897949,0.079895020,0.030715942,-0.004531860,0.214952469,0.044293404,0.619929314,1.794592857,0.283598900,0.175068855,0.000004949,-6.110688210,5.127479076,1.328196049,-0.679541469,-0.001442060,-0.016342163,-6.061798096,5.192995071,1.346563339,-0.673135757,-0.007904053,0.000004949,-6.110688210,5.127479076,1.328196049,-0.679541469,-0.001442060,0.000000000,0.000000000,0.000000000,0.000000000,0.000000000,0.000000000,0.000000000,0.000000000,0.000000000,0.000000000,0.000000000,0.000000000,0.000000000,0.000000000,0.000000000,0.000000000,0.000000000,0.000000000,-0.016347112,0.048890114,0.065515995,0.018367290,0.006405711,-0.006461993,-0.017946216,0.050512442,0.013814335,-0.038412087,0.006470171,-0.007357797
6.159639597,0.214952469,0.043910027,0.619545937,1.794592857,0.283982277,0.175068855,0.028869629,0.049743652,-0.181949615,-0.085266113,0.007553101,-0.006546021,0.214952469,0.043910027,0.619929314,1.794592857,0.283982277,0.175068855,0.000004951,-6.107001781,5.129709721,1.328096747,-0.679197371,-0.001441035,0.028274536,-6.072784424,5.204927444,1.371984482,-0.677835464,0.004058838,0.000004951,-6.107001781,5.129709721,1.328096747,-0.679197371,-0.001441035,0.000000000,0.000000000,0.000000000,0.000000000,0.000000000,0.000000000,0.000000000,0.000000000,0.000000000,0.000000000,0.000000000,0.000000000,0.000000000,0.000000000,0.000000000,0.000000000,0.000000000,0.000000000,0.028269585,0.034217358,0.075217724,0.043887734,0.001361907,0.005499873,0.026670482,0.035839686,0.023516064,-0.012891643,0.001426367,0.004604069
6.169643879,0.215335846,0.044293404,0.619545937,1.794209480,0.283982277,0.175068855,0.075866699,0.059509277,0.054382324,-0.035583496,0.039779663,0.010574341,0.214952469,0.043910027,0.619545937,1.794592857,0.283982277,0.175068855,0.000004952,-6.104901791,5.127720356,1.328463912,-0.679465353,-0.001441861,-0.016342163,-6.100250244,5.148897171,1.393774033,-0.684245110,-0.016876221,0.000004952,-6.104901791,5.127720356,1.328463912,-0.679465353,-0.001441861,0.000000000,0.000000000,0.000000000,0.000000000,0.000000000,0.000000000,0.000000000,0.000000000,0.000000000,0.000000000,0.000000000,0.000000000,0.000000000,0.000000000,0.000000000,0.000000000,0.000000000,0.000000000,-0.016347115,0.004651546,0.021176815,0.065310121,-0.004779756,-0.015434360,-0.017946219,0.006273875,-0.030524845,0.008530743,-0.004715296,-0.016330164
6.179609537,0.215335846,0.043910027,0.619929314,1.794592857,0.283598900,0.175068855,-0.043640137,-0.035095215,-0.089298248,-0.081237793,0.022659302,-0.001510620,0.214952469,0.044293404,0.619929314,1.794592857,0.283982277,0.175068855,0.000004948,-6.110942841,5.127720356,1.328463912,-0.679465353,-0.001441861,0.002334595,-6.096588135,5.184175491,1.387548447,-0.666727066,0.004913330,0.000004948,-6.110942841,5.127720356,1.328463912,-0.679465353,-0.001441861,0.000000000,0.000000000,0.000000000,0.000000000,0.000000000,0.000000000,0.000000000,0.000000000,0.000000000,0.000000000,0.000000000,0.000000000,0.000000000,0.000000000,0.000000000,0.000000000,0.000000000,0.000000000,0.002329646,0.014354706,0.056455135,0.059084535,0.012738287,0.006355191,0.000730542,0.015977034,0.004753476,0.002305157,0.012802748,0.005459387
6.189682722,0.214952469,0.044293404,0.619929314,1.794592857,0.283982277,0.175452232,-0.014099121,0.055236816,-0.018127441,0.130920410,0.038772583,0.037765503,0.214952469,0.043910027,0.619929314,1.794592857,0.283982277,0.175068855,0.000004951,-6.107001781,5.129709721,1.328096747,-0.679197371,-0.001441035,-0.026199341,-6.102081299,5.192476273,1.374578476,-0.674417496,0.002349854,0.000004951,-6.107001781,5.129709721,1.328096747,-0.679197371,-0.001441035,0.000000000,0.000000000,0.000000000,0.000000000,0.000000000,0.000000000,0.000000000,0.000000000,0.000000000,0.000000000,0.000000000,0.000000000,0.000000000,0.000000000,0.000000000,0.000000000,0.000000000,0.000000000,-0.026204292,0.004920483,0.062766552,0.046481729,0.004779875,0.003790889,-0.027803395,0.006542811,0.011064892,-0.010297649,0.004844335,0.002895085
6.199938059,0.214952469,0.043910027,0.619545937,1.794592857,0.283982277,0.175068855,-0.032897949,-0.005798340,-0.090641022,0.138977051,0.035751343,-0.031723022,0.214952469,0.044293404,0.619929314,1.794592857,0.283982277,0.175068855,0.000004948,-6.110942841,5.127720356,1.328463912,-0.679465353,-0.001441861,-0.034502029,-6.109405518,5.192995071,1.392217636,-0.682107925,-0.023284912,0.000004948,-6.110942841,5.127720356,1.328463912,-0.679465353,-0.001441861,0.000000000,0.000000000,0.000000000,0.000000000,0.000000000,0.000000000,0.000000000,0.000000000,0.000000000,0.000000000,0.000000000,0.000000000,0.000000000,0.000000000,0.000000000,0.000000000,0.000000000,0.000000000,-0.034506978,0.001537323,0.065274715,0.063753724,-0.002642572,-0.021843051,-0.036106082,0.003159651,0.013573056,0.006974347,-0.002578112,-0.022738855
6.209650278,0.214952469,0.043910027,0.619929314,1.794592857,0.283982277,0.175452232,-0.007385254,-0.064393997,0.110778809,-0.063781738,0.029708862,0.061935425,0.215335846,0.044293404,0.619545937,1.794592857,0.283982277,0.175068855,0.000004943,-6.108841896,5.125729561,1.328830957,-0.679733217,-0.001442687,0.008041382,-6.096588135,5.172243118,1.385473251,-0.708598137,0.001068115,0.000004943,-6.108841896,5.125729561,1.328830957,-0.679733217,-0.001442687,0.000000000,0.000000000,0.000000000,0.000000000,0.000000000,0.000000000,0.000000000,0.000000000,0.000000000,0.000000000,0.000000000,0.000000000,0.000000000,0.000000000,0.000000000,0.000000000,0.000000000,0.000000000,0.008036439,0.012253761,0.046513557,0.056642294,-0.028864920,0.002510802,0.006437335,0.013876089,-0.005188102,-0.000137084,-0.028800460,0.001614998
6.219615221,0.214952469,0.043910027,0.619929314,1.794592857,0.283982277,0.175068855,0.024841309,-0.123598099,0.055725098,-0.024841309,0.029708862,-0.041793823,0.214952469,0.043910027,0.619929314,1.794592857,0.283982277,0.175068855,0.000004951,-6.107001781,5.129709721,1.328096747,-0.679197371,-0.001441035,-0.002334595,-6.103912354,5.154085159,1.391180038,-0.691935539,0.000213623,0.000004951,-6.107001781,5.129709721,1.328096747,-0.679197371,-0.001441035,0.000000000,0.000000000,0.000000000,0.000000000,0.000000000,0.000000000,0.000000000,0.000000000,0.000000000,0.000000000,0.000000000,0.000000000,0.000000000,0.000000000,0.000000000,0.000000000,0.000000000,0.000000000,-0.002339546,0.003089428,0.024375439,0.063083291,-0.012738168,0.001654658,-0.003938649,0.004711756,-0.027326221,0.006303914,-0.012673708,0.000758854
6.229612827,0.214952469,0.044293404,0.619929314,1.794592857,0.283982277,0.175068855,0.040954590,0.047912598,0.054382324,-0.038269043,-0.001510620,-0.008560181,0.214952469,0.043910027,0.619929314,1.794592857,0.283982277,0.175068855,0.000004951,-6.107001781,5.129709721,1.328096747,-0.679197371,-0.001441035,-0.007003784,-6.107574463,5.197145462,1.390142441,-0.664163589,-0.017303467,0.000004951,-6.107001781,5.129709721,1.328096747,-0.679197371,-0.001441035,0.000000000,0.000000000,0.000000000,0.000000000,0.000000000,0.000000000,0.000000000,0.000000000,0.000000000,0.000000000,0.000000000,0.000000000,0.000000000,0.000000000,0.000000000,0.000000000,0.000000000,0.000000000,-0.007008735,-0.000572681,0.067435741,0.062045693,0.015033782,-0.015862432,-0.008607839,0.001049647,0.015734082,0.005266316,0.015098242,-0.016758236
6.239630699,0.215335846,0.044293404,0.619929314,1.794592857,0.283982277,0.175068855,-0.073181152,-0.094911575,0.026184082,-0.011413574,-0.003524780,-0.048843384,0.214952469,0.043910027,0.619929314,1.794592857,0.283982277,0.175068855,0.000004951,-6.107001781,5.129709721,1.328096747,-0.679197371,-0.001441035,-0.000259399,-6.050811768,5.192476273,1.383916855,-0.674844742,-0.000640869,0.000004951,-6.107001781,5.129709721,1.328096747,-0.679197371,-0.001441035,0.000000000,0.000000000,0.000000000,0.000000000,0.000000000,0.000000000,0.000000000,0.000000000,0.000000000,0.000000000,0.000000000,0.000000000,0.000000000,0.000000000,0.000000000,0.000000000,0.000000000,0.000000000,-0.000264350,0.056190014,0.062766552,0.055820107,0.004352629,0.000800166,-0.001863454,0.057812342,0.011064892,-0.000959270,0.004417089,-0.000095638
6.249779463,0.214952469,0.043910027,0.619929314,1.794592857,0.283982277,0.175068855,-0.015441895,-0.030822754,0.180606842,-0.008728027,-0.034744263,-0.009567261,0.214952469,0.044293404,0.619929314,1.794592857,0.283982277,0.175068855,0.000004948,-6.110942841,5.127720356,1.328463912,-0.679465353,-0.001441861,0.031387329,-6.111236572,5.177949905,1.398445129,-0.688517570,-0.014312744,0.000004948,-6.110942841,5.127720356,1.328463912,-0.679465353,-0.001441861,0.000000000,0.000000000,0.000000000,0.000000000,0.000000000,0.000000000,0.000000000,0.000000000,0.000000000,0.000000000,0.000000000,0.000000000,0.000000000,0.000000000,0.000000000,0.000000000,0.000000000,0.000000000,0.031382381,-0.000293732,0.050229549,0.069981217,-0.009052217,-0.012870883,0.029783277,0.001328596,-0.001472110,0.013201840,-0.008987757,-0.013766687
6.259646416,0.214952469,0.044293404,0.619929314,1.794592857,0.283598900,0.175068855,-0.015441895,0.031433105,0.215518951,-0.215518951,-0.031723022,-0.045822144,0.214952469,0.043910027,0.619929314,1.794592857,0.283982277,0.175068855,0.000004951,-6.107001781,5.129709721,1.328096747,-0.679197371,-0.001441035,-0.021530151,-6.081939697,5.172761917,1.387548447,-0.665445328,-0.004913330,0.000004951,-6.107001781,5.129709721,1.328096747,-0.679197371,-0.001441035,0.000000000,0.000000000,0.000000000,0.000000000,0.000000000,0.000000000,0.000000000,0.000000000,0.000000000,0.000000000,0.000000000,0.000000000,0.000000000,0.000000000,0.000000000,0.000000000,0.000000000,0.000000000,-0.021535102,0.025062084,0.043052197,0.059451699,0.013752043,-0.003472295,-0.023134206,0.026684412,-0.008649463,0.002672322,0.013816503,-0.004368099
6.269608974,0.215335846,0.044293404,0.619929314,1.794592857,0.283982277,0.175452232,-0.004699707,-0.038757324,0.011413574,-0.106754303,-0.044815063,0.028701782,0.214952469,0.044293404,0.619545937,1.794592857,0.283598900,0.175452232,0.000004950,-6.108588219,5.125489235,1.328563929,-0.679809153,-0.001442036,0.009078979,-6.065460205,5.150972366,1.377691269,-0.683817863,0.007049561,0.000004950,-6.108588219,5.125489235,1.328563929,-0.679809153,-0.001442036,0.000000000,0.000000000,0.000000000,0.000000000,0.000000000,0.000000000,0.000000000,0.000000000,0.000000000,0.000000000,0.000000000,0.000000000,0.000000000,0.000000000,0.000000000,0.000000000,0.000000000,0.000000000,0.009074029,0.043128014,0.025483131,0.049127340,-0.004008710,0.008491596,0.007474926,0.044750342,-0.026218528,-0.007652037,-0.003944250,0.007595792
6.279630661,0.214952469,0.043910027,0.619929314,1.794592857,0.283982277,0.175068855,-0.012756348,-0.008239746,-0.006042480,0.109436035,-0.013595581,-0.030715942,0.214952469,0.044293404,0.619929314,1.794592857,0.283982277,0.175452232,0.000004948,-6.110943794,5.127720833,1.328464746,-0.679465175,-0.001441011,-0.013748169,-6.103912354,5.202852249,1.390142441,-0.699625969,-0.007476807,0.000004948,-6.110943794,5.127720833,1.328464746,-0.679465175,-0.001441011,0.000000000,0.000000000,0.000000000,0.000000000,0.000000000,0.000000000,0.000000000,0.000000000,0.000000000,0.000000000,0.000000000,0.000000000,0.000000000,0.000000000,0.000000000,0.000000000,0.000000000,0.000000000,-0.013753117,0.007031441,0.075131416,0.061677694,-0.020160794,-0.006035796,-0.015352221,0.008653769,0.023429757,0.004898317,-0.020096334,-0.006931600
6.289770842,0.214952469,0.044293404,0.619929314,1.794592857,0.283598900,0.175068855,-0.098697662,0.024719238,0.027526855,-0.077209473,-0.011581421,-0.011581421,0.214952469,0.044293404,0.619929314,1.794592857,0.283598900,0.175068855,0.000004949,-6.110688210,5.127479076,1.328196049,-0.679541469,-0.001442060,-0.007522583,-6.142364502,5.175355911,1.376653671,-0.701334953,0.010040283,0.000004949,-6.110688210,5.127479076,1.328196049,-0.679541469,-0.001442060,0.000000000,0.000000000,0.000000000,0.000000000,0.000000000,0.000000000,0.000000000,0.000000000,0.000000000,0.000000000,0.000000000,0.000000000,0.000000000,0.000000000,0.000000000,0.000000000,0.000000000,0.000000000,-0.007527532,-0.031676292,0.047876835,0.048457623,-0.021793485,0.011482343,-0.009126636,-0.030053964,-0.003824825,-0.008321755,-0.021729024,0.010586539
6.299851894,0.215335846,0.044293404,0.619929314,1.794592857,0.283982277,0.175068855,0.014099121,0.048522949,-0.026184082,0.011413574,0.022659302,-0.005538940,0.214952469,0.043910027,0.619929314,1.794592857,0.283982277,0.175068855,0.000004951,-6.107001781,5.129709721,1.328096747,-0.679197371,-0.001441035,-0.017898560,-6.111236572,5.199220657,1.413490295,-0.674844742,0.001922607,0.000004951,-6.107001781,5.129709721,1.328096747,-0.679197371,-0.001441035,0.000000000,0.000000000,0.000000000,0.000000000,0.000000000,0.000000000,0.000000000,0.000000000,0.000000000,0.000000000,0.000000000,0.000000000,0.000000000,0.000000000,0.000000000,0.000000000,0.000000000,0.000000000,-0.017903510,-0.004234791,0.069510937,0.085393548,0.004352629,0.003363643,-0.019502614,-0.002612463,0.017809277,0.028614171,0.004417089,0.002467839
6.309775829,0.214952469,0.044293404,0.619929314,1.794592857,0.283982277,0.175068855,0.124206543,-0.024719238,0.112121582,0.023498535,-0.003524780,0.004531860,0.215335846,0.044293404,0.619929314,1.794592857,0.283982277,0.175068855,0.000004941,-6.110942841,5.127720356,1.328463912,-0.679465353,-0.001441861,0.012710571,-6.059967041,5.175874710,1.386510849,-0.672281265,-0.023284912,0.000004941,-6.110942841,5.127720356,1.328463912,-0.679465353,-0.001441861,0.000000000,0.000000000,0.000000000,0.000000000,0.000000000,0.000000000,0.000000000,0.000000000,0.000000000,0.000000000,0.000000000,0.000000000,0.000000000,0.000000000,0.000000000,0.000000000,0.000000000,0.000000000,0.012705630,0.050975800,0.048154354,0.058046937,0.007184088,-0.021843051,0.011106526,0.052598128,-0.003547305,0.001267559,0.007248548,-0.022738855
6.319820404,0.215335846,0.043910027,0.619929314,1.794592857,0.283982277,0.175068855,0.010070801,0.000915527,-0.113468170,0.081237793,-0.013595581,0.017623901,0.214952469,0.044293404,0.619929314,1.794592857,0.283982277,0.175068855,0.000004948,-6.110942841,5.127720356,1.328463912,-0.679465353,-0.001441861,0.007522583,-6.065460205,5.178468704,1.355382919,-0.694071770,-0.000640869,0.000004948,-6.110942841,5.127720356,1.328463912,-0.679465353,-0.001441861,0.000000000,0.000000000,0.000000000,0.000000000,0.000000000,0.000000000,0.000000000,0.000000000,0.000000000,0.000000000,0.000000000,0.000000000,0.000000000,0.000000000,0.000000000,0.000000000,0.000000000,0.000000000,0.007517635,0.045482635,0.050748348,0.026919007,-0.014606416,0.000800992,0.005918531,0.047104964,-0.000953311,-0.029860370,-0.014541956,-0.000094812
6.329637527,0.214952469,0.044293404,0.619929314,1.794592857,0.283982277,0.175068855,-0.028869629,0.058288574,0.051696777,0.030212402,0.000503540,0.017623901,0.214952469,0.044293404,0.619929314,1.794209480,0.283982277,0.175068855,0.000004948,-6.111291409,5.128050327,1.328830957,-0.679733217,-0.001442687,-0.002334595,-6.140533447,5.147340775,1.416603088,-0.685099602,-0.012603760,0.000004948,-6.111291409,5.128050327,1.328830957,-0.679733217,-0.001442687,0.000000000,0.000000000,0.000000000,0.000000000,0.000000000,0.000000000,0.000000000,0.000000000,0.000000000,0.000000000,0.000000000,0.000000000,0.000000000,0.000000000,0.000000000,0.000000000,0.000000000,0.000000000,-0.002339543,-0.029242039,0.019290447,0.087772131,-0.005366385,-0.011161073,-0.003938647,-0.027619711,-0.032411212,0.030992753,-0.005301925,-0.012056877
6.339617252,0.214952469,0.044293404,0.619929314,1.794209480,0.283982277,0.175068855,0.079895020,-0.102235794,0.093322754,-0.118839264,-0.008560181,-0.052871704,0.215335846,0.043910027,0.619929314,1.794592857,0.283982277,0.175068855,0.000004944,-6.107001781,5.129709721,1.328096747,-0.679197371,-0.001441035,-0.019454956,-6.098419189,5.194032669,1.410377502,-0.673563004,-0.021148682,0.000004944,-6.107001781,5.129709721,1.328096747,-0.679197371,-0.001441035,0.000000000,0.000000000,0.000000000,0.000000000,0.000000000,0.000000000,0.000000000,0.000000000,0.000000000,0.000000000,0.000000000,0.000000000,0.000000000,0.000000000,0.000000000,0.000000000,0.000000000,0.000000000,-0.019459900,0.008582592,0.064322948,0.082280755,0.005634367,-0.019707646,-0.021059004,0.010204920,0.012621289,0.025501378,0.005698828,-0.020603450
6.349608898,0.214952469,0.044293404,0.619545937,1.794592857,0.283982277,0.175068855,-0.007385254,0.034484863,-0.120182037,-0.051696777,0.011581421,0.052871704,0.215335846,0.044293404,0.619545937,1.794592857,0.283982277,0.175068855,0.000004943,-6.108841896,5.125729561,1.328830957,-0.679733217,-0.001442687,-0.012191772,-6.118560791,5.185213089,1.408821106,-0.688944817,-0.004058838,0.000004943,-6.108841896,5.125729561,1.328830957,-0.679733217,-0.001442687,0.000000000,0.000000000,0.000000000,0.000000000,0.000000000,0.000000000,0.000000000,0.000000000,0.000000000,0.000000000,0.000000000,0.000000000,0.000000000,0.000000000,0.000000000,0.000000000,0.000000000,0.000000000,-0.012196715,-0.009718895,0.059483528,0.079990149,-0.009211600,-0.002616151,-0.013795819,-0.008096567,0.007781869,0.023210771,-0.009147140,-0.003511955
6.359611511,0.214952469,0.043910027,0.619545937,1.794592857,0.283982277,0.175068855,-0.073181152,-0.036315918,-0.061096191,-0.026184082,-0.023666382,0.021652222,0.214952469,0.043910027,0.619929314,1.794592857,0.283982277,0.175068855,0.000004951,-6.107001781,5.129709721,1.328096747,-0.679197371,-0.001441035,0.007003784,-6.081939697,5.163942337,1.372503281,-0.678262711,-0.001068115,0.000004951,-6.107001781,5.129709721,1.328096747,-0.679197371,-0.001441035,0.000000000,0.000000000,0.000000000,0.000000000,0.000000000,0.000000000,0.000000000,0.000000000,0.000000000,0.000000000,0.000000000,0.000000000,0.000000000,0.000000000,0.000000000,0.000000000,0.000000000,0.000000000,0.006998833,0.025062084,0.034232616,0.044406533,0.000934660,0.000372920,0.005399730,0.026684412,-0.017469043,-0.012372844,0.000999121,-0.000522884
6.369610310,0.214952469,0.043910027,0.619929314,1.794592857,0.283982277,0.175068855,0.102722168,-0.069887161,-0.117496490,-0.032897949,0.082077026,0.011581421,0.214952469,0.044293404,0.619929314,1.794592857,0.283982277,0.175068855,0.000004948,-6.110942841,5.127720356,1.328463912,-0.679465353,-0.001441861,-0.043321609,-6.096588135,5.190919876,1.395332336,-0.689799309,-0.001068115,0.000004948,-6.110942841,5.127720356,1.328463912,-0.679465353,-0.001441861,0.000000000,0.000000000,0.000000000,0.000000000,0.000000000,0.000000000,0.000000000,0.000000000,0.000000000,0.000000000,0.000000000,0.000000000,0.000000000,0.000000000,0.000000000,0.000000000,0.000000000,0.000000000,-0.043326558,0.014354706,0.063199520,0.066868424,-0.010333955,0.000373746,-0.044925662,0.015977034,0.011497861,0.010089047,-0.010269495,-0.000522058
6.379630089,0.214952469,0.043910027,0.619545937,1.794592857,0.283598900,0.175068855,0.019470215,-0.025329590,0.019470215,-0.077209473,-0.015609741,0.034744263,0.214952469,0.044293404,0.619929314,1.794592857,0.283982277,0.175068855,0.000004948,-6.110942841,5.127720356,1.328463912,-0.679465353,-0.001441861,-0.000259399,-6.102081299,5.177431107,1.390142441,-0.668863297,0.008331299,0.000004948,-6.110942841,5.127720356,1.328463912,-0.679465353,-0.001441861,0.000000000,0.000000000,0.000000000,0.000000000,0.000000000,0.000000000,0.000000000,0.000000000,0.000000000,0.000000000,0.000000000,0.000000000,0.000000000,0.000000000,0.000000000,0.000000000,0.000000000,0.000000000,-0.000264348,0.008861542,0.049710751,0.061678529,0.010602057,0.009773160,-0.001863452,0.010483870,-0.001990909,0.004899151,0.010666517,0.008877356
6.389804840,0.214952469,0.044293404,0.619545937,1.794592857,0.283982277,0.175068855,0.163146973,0.116884232,-0.023498535,-0.091983795,0.018630981,0.049850464,0.214952469,0.043910027,0.619929314,1.794592857,0.283982277,0.175452232,0.000004951,-6.107002735,5.129710674,1.328097582,-0.679197192,-0.001440185,-0.003372192,-6.087432861,5.186769485,1.400001526,-0.677408218,0.018157959,0.000004951,-6.107002735,5.129710674,1.328097582,-0.679197192,-0.001440185,0.000000000,0.000000000,0.000000000,0.000000000,0.000000000,0.000000000,0.000000000,0.000000000,0.000000000,0.000000000,0.000000000,0.000000000,0.000000000,0.000000000,0.000000000,0.000000000,0.000000000,0.000000000,-0.003377143,0.019569874,0.057058811,0.071903944,0.001788974,0.019598144,-0.004976247,0.021192202,0.005357152,0.015124567,0.001853434,0.018702340
6.399635553,0.214952469,0.044293404,0.619929314,1.794592857,0.283982277,0.175068855,-0.096012115,-0.107118607,0.004699707,-0.102725983,0.019638062,0.031723022,0.214952469,0.043910027,0.619929314,1.794592857,0.283982277,0.175068855,0.000004951,-6.107001781,5.129709721,1.328096747,-0.679197371,-0.001441035,0.002853394,-6.100250244,5.157716751,1.370428085,-0.681253433,0.004486084,0.000004951,-6.107001781,5.129709721,1.328096747,-0.679197371,-0.001441035,0.000000000,0.000000000,0.000000000,0.000000000,0.000000000,0.000000000,0.000000000,0.000000000,0.000000000,0.000000000,0.000000000,0.000000000,0.000000000,0.000000000,0.000000000,0.000000000,0.000000000,0.000000000,0.002848443,0.006751537,0.028007030,0.042331338,-0.002056062,0.005927119,0.001249339,0.008373865,-0.023694629,-0.014448040,-0.001991602,0.005031315
6.409630537,0.214952469,0.044293404,0.619929314,1.794592857,0.283982277,0.175068855,-0.042297363,-0.024108887,-0.010070801,-0.046325684,-0.026687622,0.026687622,0.215335846,0.044293404,0.619929314,1.794592857,0.283598900,0.175068855,0.000004942,-6.110688210,5.127479076,1.328196049,-0.679541469,-0.001442060,0.019973755,-6.072784424,5.170167923,1.384435654,-0.681253433,0.003204346,0.000004942,-6.110688210,5.127479076,1.328196049,-0.679541469,-0.001442060,0.000000000,0.000000000,0.000000000,0.000000000,0.000000000,0.000000000,0.000000000,0.000000000,0.000000000,0.000000000,0.000000000,0.000000000,0.000000000,0.000000000,0.000000000,0.000000000,0.000000000,0.000000000,0.019968813,0.037903786,0.042688847,0.056239605,-0.001711965,0.004646405,0.018369709,0.039526114,-0.009012813,-0.000539773,-0.001647504,0.003750601
6.419619322,0.215335846,0.044293404,0.619929314,1.794592857,0.283982277,0.175068855,0.106750488,0.041809082,-0.023498535,-0.043640137,-0.002517700,-0.013595581,0.214952469,0.043910027,0.619929314,1.794592857,0.283982277,0.175068855,0.000004951,-6.107001781,5.129709721,1.328096747,-0.679197371,-0.001441035,0.010635376,-6.177154541,5.184175491,1.378210068,-0.681680679,0.001922607,0.000004951,-6.107001781,5.129709721,1.328096747,-0.679197371,-0.001441035,0.000000000,0.000000000,0.000000000,0.000000000,0.000000000,0.000000000,0.000000000,0.000000000,0.000000000,0.000000000,0.000000000,0.000000000,0.000000000,0.000000000,0.000000000,0.000000000,0.000000000,0.000000000,0.010630425,-0.070152760,0.054465771,0.050113320,-0.002483308,0.003363643,0.009031321,-0.068530431,0.002764111,-0.006666057,-0.002418848,0.002467839
6.429621458,0.214952469,0.043910027,0.619929314,1.794592857,0.283982277,0.175068855,0.108093262,-0.139467239,0.110778809,-0.030212402,-0.010574341,-0.032730103,0.214952469,0.043910027,0.619929314,1.794592857,0.283982277,0.175068855,0.000004951,-6.107001781,5.129709721,1.328096747,-0.679197371,-0.001441035,-0.022048950,-6.114898682,5.200777054,1.386510849,-0.647928238,0.004913330,0.000004951,-6.107001781,5.129709721,1.328096747,-0.679197371,-0.001441035,0.000000000,0.000000000,0.000000000,0.000000000,0.000000000,0.000000000,0.000000000,0.000000000,0.000000000,0.000000000,0.000000000,0.000000000,0.000000000,0.000000000,0.000000000,0.000000000,0.000000000,0.000000000,-0.022053901,-0.007896900,0.071067333,0.058414102,0.031269133,0.006354365,-0.023653005,-0.006274572,0.019365674,0.001634724,0.031333593,0.005458561
6.439641714,0.214952469,0.044293404,0.619929314,1.794592857,0.283982277,0.175068855,-0.006042480,-0.058900833,0.039611816,-0.057067871,0.007553101,-0.009567261,0.215335846,0.043910027,0.619929314,1.794592857,0.283598900,0.175068855,0.000004944,-6.106747150,5.129468441,1.327828765,-0.679273486,-0.001441234,0.012710571,-6.061798096,5.172761917,1.397926331,-0.682107925,-0.020721436,0.000004944,-6.106747150,5.129468441,1.327828765,-0.679273486,-0.001441234,0.000000000,0.000000000,0.000000000,0.000000000,0.000000000,0.000000000,0.000000000,0.000000000,0.000000000,0.000000000,0.000000000,0.000000000,0.000000000,0.000000000,0.000000000,0.000000000,0.000000000,0.000000000,0.012705627,0.044949055,0.043293476,0.070097566,-0.002834439,-0.019280202,0.011106523,0.046571383,-0.008408183,0.013318188,-0.002769979,-0.020176006
6.449616671,0.214952469,0.043910027,0.619929314,1.794592857,0.283982277,0.175068855,0.030212402,-0.091249466,-0.000671387,0.004699707,0.026687622,-0.006546021,0.214952469,0.044293404,0.619929314,1.794592857,0.283982277,0.175068855,0.000004948,-6.110942841,5.127720356,1.328463912,-0.679465353,-0.001441861,0.010635376,-6.089263916,5.205446243,1.359014511,-0.699198723,0.001922607,0.000004948,-6.110942841,5.127720356,1.328463912,-0.679465353,-0.001441861,0.000000000,0.000000000,0.000000000,0.000000000,0.000000000,0.000000000,0.000000000,0.000000000,0.000000000,0.000000000,0.000000000,0.000000000,0.000000000,0.000000000,0.000000000,0.000000000,0.000000000,0.000000000,0.010630427,0.021678925,0.077725887,0.030550599,-0.019733369,0.003364468,0.009031324,0.023301253,0.026024228,-0.026228778,-0.019668909,0.002468664
6.459613323,0.215335846,0.044293404,0.619929314,1.794592857,0.283982277,0.175068855,-0.002014160,-0.024108887,0.010070801,-0.113468170,-0.008560181,-0.003524780,0.215335846,0.043910027,0.619929314,1.794592857,0.283982277,0.175068855,0.000004944,-6.107001781,5.129709721,1.328096747,-0.679197371,-0.001441035,0.017898560,-6.085601807,5.158235550,1.363683701,-0.679544449,0.001068115,0.000004944,-6.107001781,5.129709721,1.328096747,-0.679197371,-0.001441035,0.000000000,0.000000000,0.000000000,0.000000000,0.000000000,0.000000000,0.000000000,0.000000000,0.000000000,0.000000000,0.000000000,0.000000000,0.000000000,0.000000000,0.000000000,0.000000000,0.000000000,0.000000000,0.017893616,0.021399975,0.028525829,0.035586953,-0.000347078,0.002509150,0.016294512,0.023022303,-0.023175830,-0.021192424,-0.000282618,0.001613346
6.469644308,0.214952469,0.043910027,0.619545937,1.794209480,0.283982277,0.175068855,0.067810059,-0.015563965,-0.126895905,-0.216861725,-0.004531860,0.061935425,0.214952469,0.043910027,0.619545937,1.794209480,0.283982277,0.175068855,0.000004952,-6.105250359,5.128050327,1.328830957,-0.679733217,-0.001442687,-0.005966187,-6.116729736,5.152009964,1.397407532,-0.678689957,0.007904053,0.000004952,-6.105250359,5.128050327,1.328830957,-0.679733217,-0.001442687,0.000000000,0.000000000,0.000000000,0.000000000,0.000000000,0.000000000,0.000000000,0.000000000,0.000000000,0.000000000,0.000000000,0.000000000,0.000000000,0.000000000,0.000000000,0.000000000,0.000000000,0.000000000,-0.005971138,-0.011479378,0.023959637,0.068576574,0.001043260,0.009346739,-0.007570242,-0.009857050,-0.027742023,0.011797197,0.001107720,0.008450935
6.479623079,0.215335846,0.044293404,0.619929314,1.794592857,0.283982277,0.175068855,0.065124512,0.011901855,0.000671387,-0.006042480,-0.054885864,0.022659302,0.214952469,0.043910027,0.619929314,1.794592857,0.283982277,0.175068855,0.000004951,-6.107001781,5.129709721,1.328096747,-0.679197371,-0.001441035,0.003890991,-6.103912354,5.205446243,1.399482727,-0.692790031,-0.004058838,0.000004951,-6.107001781,5.129709721,1.328096747,-0.679197371,-0.001441035,0.000000000,0.000000000,0.000000000,0.000000000,0.000000000,0.000000000,0.000000000,0.000000000,0.000000000,0.000000000,0.000000000,0.000000000,0.000000000,0.000000000,0.000000000,0.000000000,0.000000000,0.000000000,0.003886040,0.003089428,0.075736523,0.071385980,-0.013592660,-0.002617803,0.002286937,0.004711756,0.024034863,0.014606602,-0.013528200,-0.003513607
6.489875555,0.215335846,0.043910027,0.619929314,1.794592857,0.283982277,0.175068855,0.073181152,0.000915527,-0.126895905,0.106750488,0.045822144,0.069992065,0.215335846,0.043910027,0.619929314,1.794592857,0.283982277,0.175068855,0.000004944,-6.107001781,5.129709721,1.328096747,-0.679197371,-0.001441035,0.017898560,-6.087432861,5.190919876,1.397926331,-0.666299820,0.008331299,0.000004944,-6.107001781,5.129709721,1.328096747,-0.679197371,-0.001441035,0.000000000,0.000000000,0.000000000,0.000000000,0.000000000,0.000000000,0.000000000,0.000000000,0.000000000,0.000000000,0.000000000,0.000000000,0.000000000,0.000000000,0.000000000,0.000000000,0.000000000,0.000000000,0.017893616,0.019568920,0.061210155,0.069829583,0.012897551,0.009772334,0.016294512,0.021191248,0.009508496,0.013050206,0.012962011,0.008876530
6.499641657,0.214952469,0.044293404,0.619929314,1.794592857,0.283982277,0.175068855,0.071838379,0.068054199,-0.020812988,0.002014160,-0.001510620,-0.032730103,0.214952469,0.044293404,0.619929314,1.794592857,0.283982277,0.175068855,0.000004948,-6.110942841,5.127720356,1.328463912,-0.679465353,-0.001441861,0.017898560,-6.069122314,5.121919632,1.375616074,-0.685954094,-0.004058838,0.000004948,-6.110942841,5.127720356,1.328463912,-0.679465353,-0.001441861,0.000000000,0.000000000,0.000000000,0.000000000,0.000000000,0.000000000,0.000000000,0.000000000,0.000000000,0.000000000,0.000000000,0.000000000,0.000000000,0.000000000,0.000000000,0.000000000,0.000000000,0.000000000,0.017893611,0.041820526,-0.005800724,0.047152162,-0.006488740,-0.002616977,0.016294507,0.043442854,-0.057502384,-0.009627216,-0.006424280,-0.003512781
6.509623766,0.214952469,0.044293404,0.619545937,1.794592857,0.283982277,0.175068855,-0.031555176,0.032043457,-0.022155762,-0.000671387,0.054885864,-0.002517700,0.215335846,0.044293404,0.619929314,1.794592857,0.283982277,0.175068855,0.000004941,-6.110942841,5.127720356,1.328463912,-0.679465353,-0.001441861,0.010635376,-6.116729736,5.161867142,1.381841660,-0.668008804,0.006622314,0.000004941,-6.110942841,5.127720356,1.328463912,-0.679465353,-0.001441861,0.000000000,0.000000000,0.000000000,0.000000000,0.000000000,0.000000000,0.000000000,0.000000000,0.000000000,0.000000000,0.000000000,0.000000000,0.000000000,0.000000000,0.000000000,0.000000000,0.000000000,0.000000000,0.010630435,-0.005786896,0.034146786,0.053377748,0.011456549,0.008064175,0.009031331,-0.004164568,-0.017554874,-0.003401630,0.011521009,0.007168371
6.519618273,0.214952469,0.044293404,0.619929314,1.794592857,0.283982277,0.175068855,-0.018127441,-0.011291504,-0.090641022,0.071838379,0.009567261,-0.005538940,0.214952469,0.044293404,0.619929314,1.794592857,0.283982277,0.175068855,0.000004948,-6.110942841,5.127720356,1.328463912,-0.679465353,-0.001441861,0.001296997,-6.140533447,5.167055130,1.402595520,-0.681680679,-0.015167236,0.000004948,-6.110942841,5.127720356,1.328463912,-0.679465353,-0.001441861,0.000000000,0.000000000,0.000000000,0.000000000,0.000000000,0.000000000,0.000000000,0.000000000,0.000000000,0.000000000,0.000000000,0.000000000,0.000000000,0.000000000,0.000000000,0.000000000,0.000000000,0.000000000,0.001292049,-0.029590607,0.039334774,0.074131608,-0.002215326,-0.013725375,-0.000307055,-0.027968279,-0.012366886,0.017352231,-0.002150866,-0.014621179
6.529650688,0.214952469,0.044293404,0.619929314,1.794592857,0.283982277,0.175068855,-0.074523926,-0.036926270,0.128234863,0.102722168,-0.001510620,0.052871704,0.214952469,0.044293404,0.619929314,1.794592857,0.283982277,0.175068855,0.000004948,-6.110942841,5.127720356,1.328463912,-0.679465353,-0.001441861,0.005447388,-6.100250244,5.180543900,1.359533310,-0.667154312,-0.007476807,0.000004948,-6.110942841,5.127720356,1.328463912,-0.679465353,-0.001441861,0.000000000,0.000000000,0.000000000,0.000000000,0.000000000,0.000000000,0.000000000,0.000000000,0.000000000,0.000000000,0.000000000,0.000000000,0.000000000,0.000000000,0.000000000,0.000000000,0.000000000,0.000000000,0.005442439,0.010692596,0.052823544,0.031069398,0.012311041,-0.006034946,0.003843335,0.012314925,0.001121884,-0.025709980,0.012375502,-0.006930750
6.539668560,0.214952469,0.043910027,0.619545937,1.794592857,0.283982277,0.175068855,-0.065124512,-0.092470169,-0.043640137,-0.015441895,-0.001510620,0.033737183,0.215335846,0.043910027,0.619929314,1.794592857,0.283982277,0.175068855,0.000004944,-6.107001781,5.129709721,1.328096747,-0.679197371,-0.001441035,-0.010635376,-6.103912354,5.164979935,1.395851135,-0.675271988,0.019012451,0.000004944,-6.107001781,5.129709721,1.328096747,-0.679197371,-0.001441035,0.000000000,0.000000000,0.000000000,0.000000000,0.000000000,0.000000000,0.000000000,0.000000000,0.000000000,0.000000000,0.000000000,0.000000000,0.000000000,0.000000000,0.000000000,0.000000000,0.000000000,0.000000000,-0.010640320,0.003089428,0.035270214,0.067754388,0.003925383,0.020453486,-0.012239423,0.004711756,-0.016431446,0.010975010,0.003989843,0.019557682
6.549937248,0.214952469,0.043910027,0.619929314,1.794592857,0.283982277,0.175068855,-0.098697662,-0.065004349,0.008728027,-0.012756348,-0.054885864,0.032730103,0.214952469,0.043910027,0.619929314,1.794592857,0.283982277,0.175068855,0.000004951,-6.107001781,5.129709721,1.328096747,-0.679197371,-0.001441035,0.063034058,-6.138702393,5.194032669,1.384954453,-0.661600113,-0.019012451,0.000004951,-6.107001781,5.129709721,1.328096747,-0.679197371,-0.001441035,0.000000000,0.000000000,0.000000000,0.000000000,0.000000000,0.000000000,0.000000000,0.000000000,0.000000000,0.000000000,0.000000000,0.000000000,0.000000000,0.000000000,0.000000000,0.000000000,0.000000000,0.000000000,0.063029107,-0.031700611,0.064322948,0.056857705,0.017597258,-0.017571416,0.061430003,-0.030078283,0.012621289,0.000078328,0.017661718,-0.018467220
6.559636116,0.214952469,0.043910027,0.619929314,1.794592857,0.283982277,0.175068855,0.057067871,0.048522949,-0.138980865,0.034240723,-0.046829224,-0.016616821,0.214952469,0.044293404,0.619929314,1.794592857,0.283598900,0.175068855,0.000004949,-6.110688210,5.127479076,1.328196049,-0.679541469,-0.001442060,-0.011672974,-6.162506104,5.207521439,1.399482727,-0.688517570,-0.006195068,0.000004949,-6.110688210,5.127479076,1.328196049,-0.679541469,-0.001442060,0.000000000,0.000000000,0.000000000,0.000000000,0.000000000,0.000000000,0.000000000,0.000000000,0.000000000,0.000000000,0.000000000,0.000000000,0.000000000,0.000000000,0.000000000,0.000000000,0.000000000,0.000000000,-0.011677923,-0.051817894,0.080042362,0.071286678,-0.008976102,-0.004753009,-0.013277026,-0.050195566,0.028340703,0.014507301,-0.008911642,-0.005648813
6.569738865,0.214952469,0.044293404,0.619929314,1.794592857,0.283982277,0.175068855,0.098693848,0.090028763,-0.094669342,0.059753418,-0.022659302,-0.004531860,0.214952469,0.044293404,0.619929314,1.794592857,0.283982277,0.175068855,0.000004948,-6.110942841,5.127720356,1.328463912,-0.679465353,-0.001441861,0.010635376,-6.039825439,5.198701859,1.392736435,-0.682962418,0.015594482,0.000004948,-6.110942841,5.127720356,1.328463912,-0.679465353,-0.001441861,0.000000000,0.000000000,0.000000000,0.000000000,0.000000000,0.000000000,0.000000000,0.000000000,0.000000000,0.000000000,0.000000000,0.000000000,0.000000000,0.000000000,0.000000000,0.000000000,0.000000000,0.000000000,0.010630427,0.071117401,0.070981503,0.064272523,-0.003497064,0.017036343,0.009031324,0.072739729,0.019279843,0.007493145,-0.003432604,0.016140539
6.579646587,0.214952469,0.044293404,0.619545937,1.794592857,0.283982277,0.175068855,-0.266544342,-0.007019043,-0.018127441,-0.031555176,0.015609741,-0.009567261,0.214952469,0.044293404,0.619929314,1.794592857,0.283982277,0.175068855,0.000004948,-6.110942841,5.127720356,1.328463912,-0.679465353,-0.001441861,-0.001296997,-6.120391846,5.192476273,1.386510849,-0.705607414,0.004913330,0.000004948,-6.110942841,5.127720356,1.328463912,-0.679465353,-0.001441861,0.000000000,0.000000000,0.000000000,0.000000000,0.000000000,0.000000000,0.000000000,0.000000000,0.000000000,0.000000000,0.000000000,0.000000000,0.000000000,0.000000000,0.000000000,0.000000000,0.000000000,0.000000000,-0.001301946,-0.009449005,0.064755917,0.058046937,-0.026142061,0.006355191,-0.002901049,-0.007826677,0.013054257,0.001267559,-0.026077601,0.005459387
6.589632988,0.215335846,0.044293404,0.619929314,1.794592857,0.283982277,0.175068855,0.128234863,0.011901855,-0.074523926,-0.082580566,-0.004531860,-0.020645142,0.215335846,0.043910027,0.619929314,1.794592857,0.283982277,0.175068855,0.000004944,-6.107001781,5.129709721,1.328096747,-0.679197371,-0.001441035,0.003372192,-6.102081299,5.213747025,1.384954453,-0.689799309,0.003204346,0.000004944,-6.107001781,5.129709721,1.328096747,-0.679197371,-0.001441035,0.000000000,0.000000000,0.000000000,0.000000000,0.000000000,0.000000000,0.000000000,0.000000000,0.000000000,0.000000000,0.000000000,0.000000000,0.000000000,0.000000000,0.000000000,0.000000000,0.000000000,0.000000000,0.003367249,0.004920483,0.084037304,0.056857705,-0.010601938,0.004645381,0.001768145,0.006542811,0.032335644,0.000078328,-0.010537478,0.003749577
6.599619627,0.214952469,0.043910027,0.619929314,1.794592857,0.283982277,0.175068855,-0.164493561,-0.110170364,-0.130924225,0.018127441,0.056900024,0.003524780,0.214952469,0.044293404,0.619929314,1.794592857,0.283982277,0.175068855,0.000004948,-6.110942841,5.127720356,1.328463912,-0.679465353,-0.001441861,0.016342163,-6.080108643,5.167055130,1.372503281,-0.658609390,-0.003631592,0.000004948,-6.110942841,5.127720356,1.328463912,-0.679465353,-0.001441861,0.000000000,0.000000000,0.000000000,0.000000000,0.000000000,0.000000000,0.000000000,0.000000000,0.000000000,0.000000000,0.000000000,0.000000000,0.000000000,0.000000000,0.000000000,0.000000000,0.000000000,0.000000000,0.016337215,0.030834198,0.039334774,0.044039369,0.020855963,-0.002189731,0.014738111,0.032456526,-0.012366886,-0.012740009,0.020920423,-0.003085535
6.609592438,0.214952469,0.044293404,0.619545937,1.794592857,0.283982277,0.175068855,0.094665527,0.030822754,-0.082580566,-0.036926270,0.052871704,-0.009567261,0.214952469,0.043910027,0.619545937,1.794592857,0.283982277,0.175068855,0.000004952,-6.104901791,5.127720356,1.328463912,-0.679465353,-0.001441861,-0.005966187,-6.114898682,5.189882278,1.382360458,-0.675699234,-0.000213623,0.000004952,-6.104901791,5.127720356,1.328463912,-0.679465353,-0.001441861,0.000000000,0.000000000,0.000000000,0.000000000,0.000000000,0.000000000,0.000000000,0.000000000,0.000000000,0.000000000,0.000000000,0.000000000,0.000000000,0.000000000,0.000000000,0.000000000,0.000000000,0.000000000,-0.005971139,-0.009996891,0.062161922,0.053896546,0.003766119,0.001228238,-0.007570242,-0.008374563,0.010460263,-0.002882831,0.003830580,0.000332434
6.619682312,0.214952469,0.044293404,0.619929314,1.794592857,0.283982277,0.175068855,0.019470215,0.011901855,-0.031555176,-0.059753418,0.005538940,0.002517700,0.214952469,0.044293404,0.619929314,1.794592857,0.283982277,0.175068855,0.000004948,-6.110942841,5.127720356,1.328463912,-0.679465353,-0.001441861,0.015823364,-6.140533447,5.192476273,1.399482727,-0.690226555,-0.001068115,0.000004948,-6.110942841,5.127720356,1.328463912,-0.679465353,-0.001441861,0.000000000,0.000000000,0.000000000,0.000000000,0.000000000,0.000000000,0.000000000,0.000000000,0.000000000,0.000000000,0.000000000,0.000000000,0.000000000,0.000000000,0.000000000,0.000000000,0.000000000,0.000000000,0.015818416,-0.029590607,0.064755917,0.071018815,-0.010761201,0.000373746,0.014219312,-0.027968279,0.013054257,0.014239438,-0.010696741,-0.000522058
6.629608870,0.214952469,0.044293404,0.619929314,1.794592857,0.283982277,0.175068855,0.018127441,-0.022277832,-0.044982910,-0.035583496,-0.030715942,-0.020645142,0.214952469,0.044293404,0.619929314,1.794592857,0.283982277,0.175068855,0.000004948,-6.110942841,5.127720356,1.328463912,-0.679465353,-0.001441861,0.015304565,-6.120391846,5.205446243,1.394292831,-0.656473160,-0.045075417,0.000004948,-6.110942841,5.127720356,1.328463912,-0.679465353,-0.001441861,0.000000000,0.000000000,0.000000000,0.000000000,0.000000000,0.000000000,0.000000000,0.000000000,0.000000000,0.000000000,0.000000000,0.000000000,0.000000000,0.000000000,0.000000000,0.000000000,0.000000000,0.000000000,0.015299617,-0.009449005,0.077725887,0.065828919,0.022992194,-0.043633556,0.013700513,-0.007826677,0.026024228,0.009049542,0.023056654,-0.044529360
6.639626503,0.214952469,0.043910027,0.619929314,1.794592857,0.283982277,0.175068855,0.065124512,0.033264160,-0.024841309,0.055725098,0.012588501,-0.045822144,0.214952469,0.044293404,0.619929314,1.794592857,0.283982277,0.175452232,0.000004948,-6.110943794,5.127720833,1.328464746,-0.679465175,-0.001441011,-0.000259399,-6.092926025,5.221529007,1.397407532,-0.689799309,-0.005340576,0.000004948,-6.110943794,5.127720833,1.328464746,-0.679465175,-0.001441011,0.000000000,0.000000000,0.000000000,0.000000000,0.000000000,0.000000000,0.000000000,0.000000000,0.000000000,0.000000000,0.000000000,0.000000000,0.000000000,0.000000000,0.000000000,0.000000000,0.000000000,0.000000000,-0.000264348,0.018017769,0.093808174,0.068942785,-0.010334134,-0.003899565,-0.001863452,0.019640097,0.042106515,0.012163408,-0.010269674,-0.004795369
6.649646759,0.214952469,0.044293404,0.619929314,1.794592857,0.283982277,0.175068855,-0.014099121,0.016784668,0.184635162,-0.003356934,-0.029708862,0.032730103,0.214952469,0.043910027,0.619929314,1.794592857,0.283982277,0.175068855,0.000004951,-6.107001781,5.129709721,1.328096747,-0.679197371,-0.001441035,0.010116577,-6.140533447,5.163423538,1.383398056,-0.668436050,-0.008331299,0.000004951,-6.107001781,5.129709721,1.328096747,-0.679197371,-0.001441035,0.000000000,0.000000000,0.000000000,0.000000000,0.000000000,0.000000000,0.000000000,0.000000000,0.000000000,0.000000000,0.000000000,0.000000000,0.000000000,0.000000000,0.000000000,0.000000000,0.000000000,0.000000000,0.010111626,-0.033531666,0.033713818,0.055301309,0.010761321,-0.006890264,0.008512523,-0.031909338,-0.017987842,-0.001478069,0.010825781,-0.007786068
6.659624100,0.214952469,0.044293404,0.619929314,1.794592857,0.283982277,0.175068855,-0.031555176,-0.062562943,0.079895020,-0.113468170,0.088119507,0.042800903,0.214952469,0.044293404,0.619929314,1.794592857,0.283982277,0.175068855,0.000004948,-6.110942841,5.127720356,1.328463912,-0.679465353,-0.001441861,0.011672974,-6.113067627,5.195070267,1.384954453,-0.705180168,-0.001922607,0.000004948,-6.110942841,5.127720356,1.328463912,-0.679465353,-0.001441861,0.000000000,0.000000000,0.000000000,0.000000000,0.000000000,0.000000000,0.000000000,0.000000000,0.000000000,0.000000000,0.000000000,0.000000000,0.000000000,0.000000000,0.000000000,0.000000000,0.000000000,0.000000000,0.011668025,-0.002124786,0.067349911,0.056490541,-0.025714815,-0.000480747,0.010068921,-0.000502458,0.015648251,-0.000288837,-0.025650354,-0.001376551
6.669611216,0.214952469,0.043910027,0.619929314,1.794592857,0.283982277,0.175068855,-0.133609772,-0.082704544,-0.066467285,0.031555176,0.011581421,-0.029708862,0.214952469,0.044293404,0.619929314,1.794592857,0.283982277,0.175068855,0.000004948,-6.110942841,5.127720356,1.328463912,-0.679465353,-0.001441861,0.036575317,-6.105743408,5.181062698,1.376653671,-0.676553726,0.007904053,0.000004948,-6.110942841,5.127720356,1.328463912,-0.679465353,-0.001441861,0.000000000,0.000000000,0.000000000,0.000000000,0.000000000,0.000000000,0.000000000,0.000000000,0.000000000,0.000000000,0.000000000,0.000000000,0.000000000,0.000000000,0.000000000,0.000000000,0.000000000,0.000000000,0.036570369,0.005199432,0.053342342,0.048189759,0.002911627,0.009345914,0.034971265,0.006821760,0.001640683,-0.008589618,0.002976087,0.008450110
6.679631710,0.214952469,0.043910027,0.619929314,1.794592857,0.283982277,0.175068855,0.151062012,-0.084535599,0.044982910,-0.035583496,-0.000503540,-0.032730103,0.214952469,0.044293404,0.619929314,1.794592857,0.283982277,0.175068855,0.000004948,-6.110942841,5.127720356,1.328463912,-0.679465353,-0.001441861,0.009078979,-6.122222900,5.172761917,1.365758896,-0.666727066,-0.003631592,0.000004948,-6.110942841,5.127720356,1.328463912,-0.679465353,-0.001441861,0.000000000,0.000000000,0.000000000,0.000000000,0.000000000,0.000000000,0.000000000,0.000000000,0.000000000,0.000000000,0.000000000,0.000000000,0.000000000,0.000000000,0.000000000,0.000000000,0.000000000,0.000000000,0.009074031,-0.011280060,0.045041561,0.037294984,0.012738287,-0.002189731,0.007474927,-0.009657732,-0.006660098,-0.019484394,0.012802748,-0.003085535
6.689623117,0.214952469,0.043910027,0.619545937,1.794592857,0.283982277,0.175068855,-0.083923340,0.000305176,-0.004699707,-0.018127441,0.025680542,0.026687622,0.214952469,0.044293404,0.619545937,1.794592857,0.283982277,0.175068855,0.000004950,-6.108841896,5.125729561,1.328830957,-0.679733217,-0.001442687,-0.001815796,-6.142364502,5.174837112,1.373022079,-0.665018082,-0.020721436,0.000004950,-6.108841896,5.125729561,1.328830957,-0.679733217,-0.001442687,0.000000000,0.000000000,0.000000000,0.000000000,0.000000000,0.000000000,0.000000000,0.000000000,0.000000000,0.000000000,0.000000000,0.000000000,0.000000000,0.000000000,0.000000000,0.000000000,0.000000000,0.000000000,-0.001820746,-0.033522606,0.049107552,0.044191122,0.014715135,-0.019278749,-0.003419849,-0.031900278,-0.002594108,-0.012588255,0.014779595,-0.020174553
6.699640274,0.214952469,0.043910027,0.619929314,1.794592857,0.283982277,0.175068855,-0.043640137,-0.032043457,0.071838379,0.015441895,-0.016616821,0.035751343,0.214952469,0.043910027,0.619545937,1.794592857,0.283982277,0.175068855,0.000004952,-6.104901791,5.127720356,1.328463912,-0.679465353,-0.001441861,-0.017898560,-6.160675049,5.172761917,1.373540878,-0.697489738,0.001495361,0.000004952,-6.104901791,5.127720356,1.328463912,-0.679465353,-0.001441861,0.000000000,0.000000000,0.000000000,0.000000000,0.000000000,0.000000000,0.000000000,0.000000000,0.000000000,0.000000000,0.000000000,0.000000000,0.000000000,0.000000000,0.000000000,0.000000000,0.000000000,0.000000000,-0.017903512,-0.055773258,0.045041561,0.045076966,-0.018024385,0.002937222,-0.019502615,-0.054150930,-0.006660098,-0.011702411,-0.017959925,0.002041418
6.709645271,0.214952469,0.043910027,0.619929314,1.794592857,0.283982277,0.175068855,-0.141666412,-0.113222122,0.026184082,-0.075866699,-0.023666382,-0.065967560,0.214952469,0.043910027,0.619929314,1.794592857,0.283982277,0.175068855,0.000004951,-6.107001781,5.129709721,1.328096747,-0.679197371,-0.001441035,0.033981323,-6.100250244,5.153566360,1.387548447,-0.685099602,0.004058838,0.000004951,-6.107001781,5.129709721,1.328096747,-0.679197371,-0.001441035,0.000000000,0.000000000,0.000000000,0.000000000,0.000000000,0.000000000,0.000000000,0.000000000,0.000000000,0.000000000,0.000000000,0.000000000,0.000000000,0.000000000,0.000000000,0.000000000,0.000000000,0.000000000,0.033976372,0.006751537,0.023856640,0.059451699,-0.005902231,0.005499873,0.032377269,0.008373865,-0.027845020,0.002672322,-0.005837771,0.004604069
6.719772339,0.215335846,0.043910027,0.619929314,1.794592857,0.283982277,0.175452232,0.160461426,0.054626465,-0.012756348,0.062438965,-0.018630981,0.006546021,0.214952469,0.044293404,0.619929314,1.794209480,0.283982277,0.175068855,0.000004948,-6.111291409,5.128050327,1.328830957,-0.679733217,-0.001442687,-0.005447388,-6.125885010,5.170167923,1.383398056,-0.675271988,-0.020721436,0.000004948,-6.111291409,5.128050327,1.328830957,-0.679733217,-0.001442687,0.000000000,0.000000000,0.000000000,0.000000000,0.000000000,0.000000000,0.000000000,0.000000000,0.000000000,0.000000000,0.000000000,0.000000000,0.000000000,0.000000000,0.000000000,0.000000000,0.000000000,0.000000000,-0.005452336,-0.014593601,0.042117596,0.054567099,0.004461229,-0.019278749,-0.007051440,-0.012971273,-0.009584064,-0.002212279,0.004525689,-0.020174553
6.729705334,0.214952469,0.043910027,0.619929314,1.794592857,0.283982277,0.175068855,-0.062438965,0.062561035,0.028869629,0.061096191,-0.036758423,-0.004531860,0.215335846,0.043910027,0.619929314,1.794592857,0.283598900,0.175068855,0.000004944,-6.106747150,5.129468441,1.327828765,-0.679273486,-0.001441234,0.005966187,-6.080108643,5.180025101,1.377172470,-0.678262711,-0.016021729,0.000004944,-6.106747150,5.129468441,1.327828765,-0.679273486,-0.001441234,0.000000000,0.000000000,0.000000000,0.000000000,0.000000000,0.000000000,0.000000000,0.000000000,0.000000000,0.000000000,0.000000000,0.000000000,0.000000000,0.000000000,0.000000000,0.000000000,0.000000000,0.000000000,0.005961242,0.026638508,0.050556660,0.049343705,0.001010776,-0.014580495,0.004362139,0.028260836,-0.001145000,-0.007435672,0.001075236,-0.015476299
6.739801168,0.214952469,0.044293404,0.619929314,1.794592857,0.283982277,0.175068855,-0.015441895,-0.057680130,-0.129581451,0.067810059,0.021652222,-0.010574341,0.214952469,0.043910027,0.619929314,1.794592857,0.283982277,0.175068855,0.000004951,-6.107001781,5.129709721,1.328096747,-0.679197371,-0.001441035,-0.046434402,-6.085601807,5.210634232,1.358495712,-0.687663078,-0.004058838,0.000004951,-6.107001781,5.129709721,1.328096747,-0.679197371,-0.001441035,0.000000000,0.000000000,0.000000000,0.000000000,0.000000000,0.000000000,0.000000000,0.000000000,0.000000000,0.000000000,0.000000000,0.000000000,0.000000000,0.000000000,0.000000000,0.000000000,0.000000000,0.000000000,-0.046439353,0.021399975,0.080924511,0.030398965,-0.008465707,-0.002617803,-0.048038457,0.023022303,0.029222851,-0.026380413,-0.008401247,-0.003513607
6.749673367,0.214952469,0.043910027,0.619929314,1.794592857,0.283598900,0.175068855,-0.057067871,-0.020446777,-0.051696777,-0.032897949,-0.052871704,-0.017623901,0.214952469,0.043910027,0.619929314,1.794592857,0.283982277,0.175452232,0.000004951,-6.107002735,5.129710674,1.328097582,-0.679197192,-0.001440185,-0.008560181,-6.129547119,5.188325882,1.368871689,-0.658609390,-0.002349854,0.000004951,-6.107002735,5.129710674,1.328097582,-0.679197192,-0.001440185,0.000000000,0.000000000,0.000000000,0.000000000,0.000000000,0.000000000,0.000000000,0.000000000,0.000000000,0.000000000,0.000000000,0.000000000,0.000000000,0.000000000,0.000000000,0.000000000,0.000000000,0.000000000,-0.008565131,-0.022544384,0.058615208,0.040774107,0.020587802,-0.000909669,-0.010164235,-0.020922056,0.006913548,-0.016005271,0.020652262,-0.001805473
6.759649038,0.214952469,0.044293404,0.619929314,1.794592857,0.283982277,0.175068855,-0.191349030,0.088808060,0.012756348,-0.042297363,0.017623901,0.027694702,0.214952469,0.043910027,0.619929314,1.794592857,0.283982277,0.175068855,0.000004951,-6.107001781,5.129709721,1.328096747,-0.679197371,-0.001441035,0.001815796,-6.155181885,5.184694290,1.384954453,-0.684245110,0.000640869,0.000004951,-6.107001781,5.129709721,1.328096747,-0.679197371,-0.001441035,0.000000000,0.000000000,0.000000000,0.000000000,0.000000000,0.000000000,0.000000000,0.000000000,0.000000000,0.000000000,0.000000000,0.000000000,0.000000000,0.000000000,0.000000000,0.000000000,0.000000000,0.000000000,0.001810845,-0.048180103,0.054984570,0.056857705,-0.005047739,0.002081904,0.000211741,-0.046557775,0.003282910,0.000078328,-0.004983278,0.001186100
6.769610882,0.214952469,0.044293404,0.619929314,1.794592857,0.283598900,0.175068855,-0.058410645,0.003967285,-0.168521881,0.062438965,-0.007553101,-0.012588501,0.214952469,0.044293404,0.619929314,1.794592857,0.283982277,0.175068855,0.000004948,-6.110942841,5.127720356,1.328463912,-0.679465353,-0.001441861,0.018417358,-6.100250244,5.158235550,1.395332336,-0.683817863,0.002349854,0.000004948,-6.110942841,5.127720356,1.328463912,-0.679465353,-0.001441861,0.000000000,0.000000000,0.000000000,0.000000000,0.000000000,0.000000000,0.000000000,0.000000000,0.000000000,0.000000000,0.000000000,0.000000000,0.000000000,0.000000000,0.000000000,0.000000000,0.000000000,0.000000000,0.018412410,0.010692596,0.030515194,0.066868424,-0.004352510,0.003791714,0.016813306,0.012314925,-0.021186466,0.010089047,-0.004288050,0.002895910
6.779637814,0.214952469,0.043910027,0.619929314,1.794592857,0.283982277,0.175068855,-0.073181152,-0.077821732,-0.117496490,-0.004699707,0.008560181,0.019638062,0.214952469,0.043910027,0.619545937,1.794592857,0.283982277,0.175068855,0.000004952,-6.104901791,5.127720356,1.328463912,-0.679465353,-0.001441861,0.001296997,-6.070953369,5.201295853,1.380804062,-0.687663078,0.000640869,0.000004952,-6.104901791,5.127720356,1.328463912,-0.679465353,-0.001441861,0.000000000,0.000000000,0.000000000,0.000000000,0.000000000,0.000000000,0.000000000,0.000000000,0.000000000,0.000000000,0.000000000,0.000000000,0.000000000,0.000000000,0.000000000,0.000000000,0.000000000,0.000000000,0.001292045,0.033948421,0.073575497,0.052340150,-0.008197725,0.002082730,-0.000307059,0.035570750,0.021873837,-0.004439228,-0.008133265,0.001186926
6.789855003,0.214952469,0.043910027,0.619929314,1.794592857,0.283982277,0.175068855,0.016784668,-0.122377396,0.074523926,0.039611816,-0.030715942,0.012588501,0.214952469,0.044293404,0.619929314,1.794592857,0.283982277,0.175068855,0.000004948,-6.110942841,5.127720356,1.328463912,-0.679465353,-0.001441861,0.023086548,-6.087432861,5.173280716,1.367834091,-0.706034660,-0.005767822,0.000004948,-6.110942841,5.127720356,1.328463912,-0.679465353,-0.001441861,0.000000000,0.000000000,0.000000000,0.000000000,0.000000000,0.000000000,0.000000000,0.000000000,0.000000000,0.000000000,0.000000000,0.000000000,0.000000000,0.000000000,0.000000000,0.000000000,0.000000000,0.000000000,0.023081599,0.023509979,0.045560360,0.039370179,-0.026569307,-0.004325961,0.021482496,0.025132307,-0.006141300,-0.017409198,-0.026504847,-0.005221765
6.799705505,0.214952469,0.044293404,0.619929314,1.794592857,0.283982277,0.175068855,0.042297363,-0.051576614,0.085266113,0.043640137,-0.015609741,-0.037765503,0.214952469,0.043910027,0.619545937,1.794592857,0.283982277,0.175452232,0.000004952,-6.104902744,5.127720833,1.328464746,-0.679465175,-0.001441011,-0.017379761,-6.124053955,5.200258255,1.393774033,-0.697489738,0.011749268,0.000004952,-6.104902744,5.127720833,1.328464746,-0.679465175,-0.001441011,0.000000000,0.000000000,0.000000000,0.000000000,0.000000000,0.000000000,0.000000000,0.000000000,0.000000000,0.000000000,0.000000000,0.000000000,0.000000000,0.000000000,0.000000000,0.000000000,0.000000000,0.000000000,-0.017384713,-0.019151211,0.072537422,0.065309286,-0.018024564,0.013190278,-0.018983817,-0.017528883,0.020835763,0.008529909,-0.017960104,0.012294474
6.809683561,0.214952469,0.044293404,0.619929314,1.794592857,0.283598900,0.175068855,-0.040954590,0.003967285,0.028869629,0.007385254,-0.018630981,-0.019638062,0.215335846,0.044293404,0.619929314,1.794592857,0.283982277,0.175068855,0.000004941,-6.110942841,5.127720356,1.328463912,-0.679465353,-0.001441861,0.006484985,-6.111236572,5.189882278,1.386510849,-0.685099602,-0.012176514,0.000004941,-6.110942841,5.127720356,1.328463912,-0.679465353,-0.001441861,0.000000000,0.000000000,0.000000000,0.000000000,0.000000000,0.000000000,0.000000000,0.000000000,0.000000000,0.000000000,0.000000000,0.000000000,0.000000000,0.000000000,0.000000000,0.000000000,0.000000000,0.000000000,0.006480044,-0.000293732,0.062161922,0.058046937,-0.005634248,-0.010734653,0.004880940,0.001328596,0.010460263,0.001267559,-0.005569788,-0.011630457
6.819642305,0.214952469,0.043910027,0.619929314,1.794592857,0.283982277,0.175068855,-0.114810944,-0.124818802,-0.066467285,-0.104068756,0.021652222,-0.038772583,0.214952469,0.043910027,0.619929314,1.794592857,0.283982277,0.175068855,0.000004951,-6.107001781,5.129709721,1.328096747,-0.679197371,-0.001441035,-0.027755737,-6.140533447,5.199220657,1.377691269,-0.683389664,-0.012176514,0.000004951,-6.107001781,5.129709721,1.328096747,-0.679197371,-0.001441035,0.000000000,0.000000000,0.000000000,0.000000000,0.000000000,0.000000000,0.000000000,0.000000000,0.000000000,0.000000000,0.000000000,0.000000000,0.000000000,0.000000000,0.000000000,0.000000000,0.000000000,0.000000000,-0.027760688,-0.033531666,0.069510937,0.049594522,-0.004192293,-0.010735478,-0.029359792,-0.031909338,0.017809277,-0.007184856,-0.004127832,-0.011631283
6.829921722,0.214952469,0.044293404,0.619929314,1.794592857,0.283982277,0.175068855,-0.020812988,-0.033264160,-0.020812988,-0.113468170,-0.010574341,-0.018630981,0.215335846,0.043910027,0.619929314,1.794592857,0.283982277,0.175068855,0.000004944,-6.107001781,5.129709721,1.328096747,-0.679197371,-0.001441035,0.001296997,-6.070953369,5.187807083,1.391698837,-0.670999527,-0.000640869,0.000004944,-6.107001781,5.129709721,1.328096747,-0.679197371,-0.001441035,0.000000000,0.000000000,0.000000000,0.000000000,0.000000000,0.000000000,0.000000000,0.000000000,0.000000000,0.000000000,0.000000000,0.000000000,0.000000000,0.000000000,0.000000000,0.000000000,0.000000000,0.000000000,0.001292053,0.036048412,0.058097363,0.063602090,0.008197844,0.000800166,-0.000307050,0.037670740,0.006395703,0.006822712,0.008262304,-0.000095638
6.839658260,0.215335846,0.043910027,0.619929314,1.794592857,0.283982277,0.175068855,0.093322754,0.052795410,-0.050354004,-0.044982910,0.028701782,-0.033737183,0.214952469,0.044293404,0.619545937,1.794592857,0.283982277,0.175068855,0.000004950,-6.108841896,5.125729561,1.328830957,-0.679733217,-0.001442687,-0.007003784,-6.080108643,5.171205521,1.390142441,-0.672708511,0.005767822,0.000004950,-6.108841896,5.125729561,1.328830957,-0.679733217,-0.001442687,0.000000000,0.000000000,0.000000000,0.000000000,0.000000000,0.000000000,0.000000000,0.000000000,0.000000000,0.000000000,0.000000000,0.000000000,0.000000000,0.000000000,0.000000000,0.000000000,0.000000000,0.000000000,-0.007008734,0.028733253,0.045475960,0.061311483,0.007024705,0.007210509,-0.008607838,0.030355582,-0.006225700,0.004532106,0.007089166,0.006314705
6.849798203,0.214952469,0.044293404,0.619545937,1.794592857,0.283982277,0.175068855,-0.007385254,0.085756302,-0.058410645,0.132263184,0.058914185,0.015609741,0.214952469,0.043910027,0.619929314,1.794592857,0.283982277,0.175068855,0.000004951,-6.107001781,5.129709721,1.328096747,-0.679197371,-0.001441035,-0.007003784,-6.092926025,5.179506302,1.414009094,-0.688517570,0.010040283,0.000004951,-6.107001781,5.129709721,1.328096747,-0.679197371,-0.001441035,0.000000000,0.000000000,0.000000000,0.000000000,0.000000000,0.000000000,0.000000000,0.000000000,0.000000000,0.000000000,0.000000000,0.000000000,0.000000000,0.000000000,0.000000000,0.000000000,0.000000000,0.000000000,-0.007008735,0.014075756,0.049796581,0.085912347,-0.009320199,0.011481318,-0.008607839,0.015698084,-0.001905078,0.029132969,-0.009255739,0.010585514
6.859755993,0.215335846,0.043910027,0.619929314,1.794592857,0.283982277,0.175068855,0.147033691,-0.096132278,0.082580566,0.000671387,-0.030715942,-0.039779663,0.214952469,0.044293404,0.619929314,1.794592857,0.283982277,0.175068855,0.000004948,-6.110942841,5.127720356,1.328463912,-0.679465353,-0.001441861,0.010116577,-6.105743408,5.183656693,1.373540878,-0.675699234,0.006622314,0.000004948,-6.110942841,5.127720356,1.328463912,-0.679465353,-0.001441861,0.000000000,0.000000000,0.000000000,0.000000000,0.000000000,0.000000000,0.000000000,0.000000000,0.000000000,0.000000000,0.000000000,0.000000000,0.000000000,0.000000000,0.000000000,0.000000000,0.000000000,0.000000000,0.010111629,0.005199432,0.055936337,0.045076966,0.003766119,0.008064175,0.008512525,0.006821760,0.004234677,-0.011702411,0.003830580,0.007168371
6.869641781,0.215335846,0.043910027,0.619929314,1.794592857,0.283982277,0.175068855,0.051696777,-0.060121536,0.008728027,-0.004699707,0.026687622,-0.045822144,0.214952469,0.043910027,0.619929314,1.794592857,0.283982277,0.175068855,0.000004951,-6.107001781,5.129709721,1.328096747,-0.679197371,-0.001441035,0.042282104,-6.103912354,5.181581497,1.392217636,-0.704325676,0.002349854,0.000004951,-6.107001781,5.129709721,1.328096747,-0.679197371,-0.001441035,0.000000000,0.000000000,0.000000000,0.000000000,0.000000000,0.000000000,0.000000000,0.000000000,0.000000000,0.000000000,0.000000000,0.000000000,0.000000000,0.000000000,0.000000000,0.000000000,0.000000000,0.000000000,0.042277154,0.003089428,0.051871777,0.064120889,-0.025128305,0.003790889,0.040678050,0.004711756,0.000170117,0.007341511,-0.025063845,0.002895085
6.879682302,0.215335846,0.044293404,0.619929314,1.794592857,0.283982277,0.175068855,0.054382324,0.072326660,0.044982910,-0.050354004,0.011581421,0.015609741,0.214952469,0.044293404,0.619929314,1.794592857,0.283982277,0.175068855,0.000004948,-6.110942841,5.127720356,1.328463912,-0.679465353,-0.001441861,-0.011154175,-6.078277588,5.176393509,1.393255234,-0.654336929,0.009613037,0.000004948,-6.110942841,5.127720356,1.328463912,-0.679465353,-0.001441861,0.000000000,0.000000000,0.000000000,0.000000000,0.000000000,0.000000000,0.000000000,0.000000000,0.000000000,0.000000000,0.000000000,0.000000000,0.000000000,0.000000000,0.000000000,0.000000000,0.000000000,0.000000000,-0.011159123,0.032665253,0.048673153,0.064791322,0.025128424,0.011054898,-0.012758227,0.034287581,-0.003028507,0.008011944,0.025192884,0.010159094
6.889639616,0.214952469,0.044293404,0.619929314,1.794592857,0.283982277,0.175068855,0.007385254,0.014953613,0.027526855,-0.176578522,-0.026687622,-0.017623901,0.214952469,0.044293404,0.619929314,1.794592857,0.283982277,0.175068855,0.000004948,-6.110942841,5.127720356,1.328463912,-0.679465353,-0.001441861,-0.031906128,-6.116729736,5.164979935,1.394813538,-0.682535172,0.007049561,0.000004948,-6.110942841,5.127720356,1.328463912,-0.679465353,-0.001441861,0.000000000,0.000000000,0.000000000,0.000000000,0.000000000,0.000000000,0.000000000,0.000000000,0.000000000,0.000000000,0.000000000,0.000000000,0.000000000,0.000000000,0.000000000,0.000000000,0.000000000,0.000000000,-0.031911076,-0.005786896,0.037259579,0.066349626,-0.003069818,0.008491421,-0.033510180,-0.004164568,-0.014442081,0.009570248,-0.003005358,0.007595617
6.899607182,0.214952469,0.043910027,0.619929314,1.794592857,0.283982277,0.175068855,-0.016784668,-0.096132278,-0.147037506,0.030212402,-0.019638062,0.012588501,0.214952469,0.044293404,0.619929314,1.794592857,0.283982277,0.175068855,0.000004948,-6.110942841,5.127720356,1.328463912,-0.679465353,-0.001441861,0.011672974,-6.116729736,5.169649124,1.402076721,-0.676980972,0.006195068,0.000004948,-6.110942841,5.127720356,1.328463912,-0.679465353,-0.001441861,0.000000000,0.000000000,0.000000000,0.000000000,0.000000000,0.000000000,0.000000000,0.000000000,0.000000000,0.000000000,0.000000000,0.000000000,0.000000000,0.000000000,0.000000000,0.000000000,0.000000000,0.000000000,0.011668025,-0.005786896,0.041928768,0.073612809,0.002484381,0.007636929,0.010068921,-0.004164568,-0.009772891,0.016833432,0.002548841,0.006741125
6.909622669,0.214952469,0.044293404,0.619929314,1.794592857,0.283982277,0.175068855,-0.049011230,-0.039979935,0.079895020,-0.109439850,0.011581421,0.032730103,0.214952469,0.043910027,0.619929314,1.794592857,0.283982277,0.175068855,0.000004951,-6.107001781,5.129709721,1.328096747,-0.679197371,-0.001441035,-0.000259399,-6.103912354,5.212190628,1.401557922,-0.663309097,0.003204346,0.000004951,-6.107001781,5.129709721,1.328096747,-0.679197371,-0.001441035,0.000000000,0.000000000,0.000000000,0.000000000,0.000000000,0.000000000,0.000000000,0.000000000,0.000000000,0.000000000,0.000000000,0.000000000,0.000000000,0.000000000,0.000000000,0.000000000,0.000000000,0.000000000,-0.000264350,0.003089428,0.082480907,0.073461175,0.015888274,0.004645381,-0.001863454,0.004711756,0.030779248,0.016681797,0.015952734,0.003749577
6.919823408,0.214952469,0.043910027,0.619929314,1.794592857,0.283982277,0.175068855,0.062438965,-0.057069778,-0.134952545,0.039611816,0.037765503,-0.004531860,0.214952469,0.043910027,0.619929314,1.794592857,0.283982277,0.175068855,0.000004951,-6.107001781,5.129709721,1.328096747,-0.679197371,-0.001441035,0.002334595,-6.140533447,5.189363480,1.380804062,-0.682962418,-0.009185791,0.000004951,-6.107001781,5.129709721,1.328096747,-0.679197371,-0.001441035,0.000000000,0.000000000,0.000000000,0.000000000,0.000000000,0.000000000,0.000000000,0.000000000,0.000000000,0.000000000,0.000000000,0.000000000,0.000000000,0.000000000,0.000000000,0.000000000,0.000000000,0.000000000,0.002329644,-0.033531666,0.059653759,0.052707314,-0.003765047,-0.007744756,0.000730540,-0.031909338,0.007952099,-0.004072063,-0.003700586,-0.008640560
6.929670572,0.215335846,0.044293404,0.619929314,1.794592857,0.283982277,0.175068855,0.086608887,-0.097352982,0.094665527,-0.136295319,0.036758423,-0.036758423,0.215335846,0.044293404,0.619929314,1.794592857,0.283982277,0.175068855,0.000004941,-6.110942841,5.127720356,1.328463912,-0.679465353,-0.001441861,0.022048950,-6.074615479,5.177949905,1.399482727,-0.697916985,-0.011322021,0.000004941,-6.110942841,5.127720356,1.328463912,-0.679465353,-0.001441861,0.000000000,0.000000000,0.000000000,0.000000000,0.000000000,0.000000000,0.000000000,0.000000000,0.000000000,0.000000000,0.000000000,0.000000000,0.000000000,0.000000000,0.000000000,0.000000000,0.000000000,0.000000000,0.022044009,0.036327362,0.050229549,0.071018815,-0.018451631,-0.009880161,0.020444905,0.037949690,-0.001472110,0.014239438,-0.018387171,-0.010775965
6.939607620,0.215335846,0.044293404,0.619929314,1.794592857,0.283982277,0.175068855,0.091979980,0.106508255,0.050354004,-0.136295319,0.017623901,-0.037765503,0.214952469,0.044293404,0.619929314,1.794592857,0.283982277,0.175452232,0.000004948,-6.110943794,5.127720833,1.328464746,-0.679465175,-0.001441011,-0.016342163,-6.072784424,5.133333206,1.385473251,-0.685954094,0.003631592,0.000004948,-6.110943794,5.127720833,1.328464746,-0.679465175,-0.001441011,0.000000000,0.000000000,0.000000000,0.000000000,0.000000000,0.000000000,0.000000000,0.000000000,0.000000000,0.000000000,0.000000000,0.000000000,0.000000000,0.000000000,0.000000000,0.000000000,0.000000000,0.000000000,-0.016347112,0.038159370,0.005612373,0.057008505,-0.006488919,0.005072603,-0.017946215,0.039781699,-0.046089286,0.000229127,-0.006424459,0.004176799
6.949839592,0.214952469,0.043910027,0.619929314,1.794592857,0.283598900,0.175452232,-0.015441895,-0.020446777,-0.004699707,-0.038269043,-0.057907104,-0.015609741,0.215335846,0.044293404,0.619929314,1.794592857,0.283982277,0.175068855,0.000004941,-6.110942841,5.127720356,1.328463912,-0.679465353,-0.001441861,0.009597778,-6.109405518,5.175355911,1.390142441,-0.679117203,-0.010467529,0.000004941,-6.110942841,5.127720356,1.328463912,-0.679465353,-0.001441861,0.000000000,0.000000000,0.000000000,0.000000000,0.000000000,0.000000000,0.000000000,0.000000000,0.000000000,0.000000000,0.000000000,0.000000000,0.000000000,0.000000000,0.000000000,0.000000000,0.000000000,0.000000000,0.009592837,0.001537323,0.047635555,0.061678529,0.000348151,-0.009025668,0.007993733,0.003159651,-0.004066104,0.004899151,0.000412611,-0.009921472
6.959612131,0.214952469,0.044293404,0.619545937,1.794592857,0.283982277,0.175068855,-0.106754303,0.095521927,0.040954590,-0.038269043,0.019638062,-0.044815063,0.214952469,0.043910027,0.619929314,1.794592857,0.283982277,0.175068855,0.000004951,-6.107001781,5.129709721,1.328096747,-0.679197371,-0.001441035,0.024124146,-6.146026611,5.190401077,1.391698837,-0.661600113,0.009185791,0.000004951,-6.107001781,5.129709721,1.328096747,-0.679197371,-0.001441035,0.000000000,0.000000000,0.000000000,0.000000000,0.000000000,0.000000000,0.000000000,0.000000000,0.000000000,0.000000000,0.000000000,0.000000000,0.000000000,0.000000000,0.000000000,0.000000000,0.000000000,0.000000000,0.024119195,-0.039024830,0.060691357,0.063602090,0.017597258,0.010626826,0.022520091,-0.037402502,0.008989697,0.006822712,0.017661718,0.009731022
6.969621897,0.214952469,0.043910027,0.619929314,1.794209480,0.283982277,0.175068855,0.090637207,-0.033874512,-0.120182037,-0.098697662,0.041793823,-0.013595581,0.214952469,0.043910027,0.619929314,1.794209480,0.283982277,0.175068855,0.000004951,-6.107350826,5.130040169,1.328463912,-0.679465353,-0.001441861,-0.034502029,-6.120391846,5.198701859,1.381322861,-0.658609390,0.014739990,0.000004951,-6.107350826,5.130040169,1.328463912,-0.679465353,-0.001441861,0.000000000,0.000000000,0.000000000,0.000000000,0.000000000,0.000000000,0.000000000,0.000000000,0.000000000,0.000000000,0.000000000,0.000000000,0.000000000,0.000000000,0.000000000,0.000000000,0.000000000,0.000000000,-0.034506980,-0.013041019,0.068661690,0.052858949,0.020855963,0.016181851,-0.036106084,-0.011418691,0.016960030,-0.003920429,0.020920423,0.015286047
6.979602575,0.214952469,0.044293404,0.619929314,1.794592857,0.283598900,0.175068855,0.075866699,-0.094301224,-0.047668457,0.096008301,0.002517700,0.028701782,0.215335846,0.044293404,0.619929314,1.794592857,0.283982277,0.175068855,0.000004941,-6.110942841,5.127720356,1.328463912,-0.679465353,-0.001441861,-0.047472000,-6.074615479,5.182100296,1.381841660,-0.690226555,0.002777100,0.000004941,-6.110942841,5.127720356,1.328463912,-0.679465353,-0.001441861,0.000000000,0.000000000,0.000000000,0.000000000,0.000000000,0.000000000,0.000000000,0.000000000,0.000000000,0.000000000,0.000000000,0.000000000,0.000000000,0.000000000,0.000000000,0.000000000,0.000000000,0.000000000,-0.047476941,0.036327362,0.054379940,0.053377748,-0.010761201,0.004218961,-0.049076045,0.037949690,0.002678280,-0.003401630,-0.010696741,0.003323156
6.989701033,0.214952469,0.044293404,0.619929314,1.794592857,0.283598900,0.175068855,0.105407715,0.068054199,-0.004699707,-0.089298248,-0.025680542,0.012588501,0.214952469,0.044293404,0.619929314,1.794592857,0.283982277,0.175068855,0.000004948,-6.110942841,5.127720356,1.328463912,-0.679465353,-0.001441861,0.038131714,-6.069122314,5.187288284,1.380285263,-0.682535172,-0.004486084,0.000004948,-6.110942841,5.127720356,1.328463912,-0.679465353,-0.001441861,0.000000000,0.000000000,0.000000000,0.000000000,0.000000000,0.000000000,0.000000000,0.000000000,0.000000000,0.000000000,0.000000000,0.000000000,0.000000000,0.000000000,0.000000000,0.000000000,0.000000000,0.000000000,0.038126765,0.041820526,0.059567928,0.051821351,-0.003069818,-0.003044223,0.036527662,0.043442854,0.007866269,-0.004958026,-0.003005358,-0.003940027
6.999611616,0.215335846,0.044293404,0.619929314,1.794592857,0.283982277,0.175068855,-0.081237793,0.074768066,0.031555176,0.063781738,0.004531860,-0.085102081,0.214952469,0.044293404,0.619929314,1.794592857,0.283982277,0.175068855,0.000004948,-6.110942841,5.127720356,1.328463912,-0.679465353,-0.001441861,-0.021530151,-6.107574463,5.141633987,1.402595520,-0.682962418,0.016448975,0.000004948,-6.110942841,5.127720356,1.328463912,-0.679465353,-0.001441861,0.000000000,0.000000000,0.000000000,0.000000000,0.000000000,0.000000000,0.000000000,0.000000000,0.000000000,0.000000000,0.000000000,0.000000000,0.000000000,0.000000000,0.000000000,0.000000000,0.000000000,0.000000000,-0.021535100,0.003368378,0.013913631,0.074131608,-0.003497064,0.017890836,-0.023134204,0.004990706,-0.037788028,0.017352231,-0.003432604,0.016995031
7.009606838,0.215335846,0.043910027,0.619929314,1.794592857,0.283982277,0.175068855,0.055725098,0.086366653,0.010070801,0.073181152,0.010574341,-0.051864624,0.215335846,0.043910027,0.619929314,1.794592857,0.283982277,0.175068855,0.000004944,-6.107001781,5.129709721,1.328096747,-0.679197371,-0.001441035,-0.016342163,-6.065460205,5.187288284,1.323217392,-0.695780754,-0.001495361,0.000004944,-6.107001781,5.129709721,1.328096747,-0.679197371,-0.001441035,0.000000000,0.000000000,0.000000000,0.000000000,0.000000000,0.000000000,0.000000000,0.000000000,0.000000000,0.000000000,0.000000000,0.000000000,0.000000000,0.000000000,0.000000000,0.000000000,0.000000000,0.000000000,-0.016347107,0.041541576,0.057578564,-0.004879355,-0.016583383,-0.000054326,-0.017946211,0.043163905,0.005876904,-0.061658733,-0.016518923,-0.000950130
7.019674301,0.214952469,0.043910027,0.619929314,1.794592857,0.283598900,0.175068855,0.027526855,-0.038757324,-0.010070801,0.023498535,-0.087116241,-0.011581421,0.214952469,0.044293404,0.619929314,1.794592857,0.283982277,0.175068855,0.000004948,-6.110942841,5.127720356,1.328463912,-0.679465353,-0.001441861,-0.000259399,-6.085601807,5.204927444,1.380285263,-0.661172867,0.007904053,0.000004948,-6.110942841,5.127720356,1.328463912,-0.679465353,-0.001441861,0.000000000,0.000000000,0.000000000,0.000000000,0.000000000,0.000000000,0.000000000,0.000000000,0.000000000,0.000000000,0.000000000,0.000000000,0.000000000,0.000000000,0.000000000,0.000000000,0.000000000,0.000000000,-0.000264348,0.025341034,0.077207088,0.051821351,0.018292487,0.009345914,-0.001863452,0.026963362,0.025505429,-0.004958026,0.018356947,0.008450110
7.029690266,0.214952469,0.043910027,0.619929314,1.794592857,0.283982277,0.175068855,-0.078552246,-0.044252396,-0.059753418,-0.004699707,-0.009567261,0.000503540,0.214952469,0.044293404,0.619929314,1.794592857,0.283598900,0.175068855,0.000004949,-6.110688210,5.127479076,1.328196049,-0.679541469,-0.001442060,-0.007003784,-6.102081299,5.149415970,1.391698837,-0.676980972,0.033538818,0.000004949,-6.110688210,5.127479076,1.328196049,-0.679541469,-0.001442060,0.000000000,0.000000000,0.000000000,0.000000000,0.000000000,0.000000000,0.000000000,0.000000000,0.000000000,0.000000000,0.000000000,0.000000000,0.000000000,0.000000000,0.000000000,0.000000000,0.000000000,0.000000000,-0.007008733,0.008606911,0.021936893,0.063502789,0.002560496,0.034980878,-0.008607837,0.010229239,-0.029764766,0.006723411,0.002624957,0.034085074
7.039667130,0.215335846,0.044293404,0.619545937,1.794592857,0.283982277,0.175452232,0.035583496,0.012512207,-0.075866699,0.059753418,-0.013595581,0.070999146,0.214952469,0.044293404,0.619929314,1.794592857,0.283982277,0.175068855,0.000004948,-6.110942841,5.127720356,1.328463912,-0.679465353,-0.001441861,-0.034502029,-6.092926025,5.173280716,1.382879257,-0.694071770,-0.003631592,0.000004948,-6.110942841,5.127720356,1.328463912,-0.679465353,-0.001441861,0.000000000,0.000000000,0.000000000,0.000000000,0.000000000,0.000000000,0.000000000,0.000000000,0.000000000,0.000000000,0.000000000,0.000000000,0.000000000,0.000000000,0.000000000,0.000000000,0.000000000,0.000000000,-0.034506978,0.018016815,0.045560360,0.054415345,-0.014606416,-0.002189731,-0.036106082,0.019639143,-0.006141300,-0.002364032,-0.014541956,-0.003085535
7.049619913,0.214952469,0.044293404,0.619929314,1.794592857,0.283982277,0.175068855,-0.120182037,0.121156693,0.020812988,-0.040954590,-0.019638062,-0.032730103,0.214952469,0.043910027,0.619929314,1.794592857,0.283982277,0.175068855,0.000004951,-6.107001781,5.129709721,1.328096747,-0.679197371,-0.001441035,-0.000778198,-6.114898682,5.194551468,1.371465683,-0.692362785,0.002777100,0.000004951,-6.107001781,5.129709721,1.328096747,-0.679197371,-0.001441035,0.000000000,0.000000000,0.000000000,0.000000000,0.000000000,0.000000000,0.000000000,0.000000000,0.000000000,0.000000000,0.000000000,0.000000000,0.000000000,0.000000000,0.000000000,0.000000000,0.000000000,0.000000000,-0.000783149,-0.007896900,0.064841747,0.043368936,-0.013165414,0.004218135,-0.002382253,-0.006274572,0.013140088,-0.013410442,-0.013100954,0.003322331
7.059816599,0.214952469,0.043910027,0.619545937,1.794592857,0.283982277,0.175068855,-0.108097076,-0.034484863,-0.067810059,-0.042297363,-0.003524780,0.008560181,0.214952469,0.044293404,0.619929314,1.794592857,0.283982277,0.175068855,0.000004948,-6.110942841,5.127720356,1.328463912,-0.679465353,-0.001441861,-0.012191772,-6.114898682,5.172243118,1.367834091,-0.659036636,-0.010894775,0.000004948,-6.110942841,5.127720356,1.328463912,-0.679465353,-0.001441861,0.000000000,0.000000000,0.000000000,0.000000000,0.000000000,0.000000000,0.000000000,0.000000000,0.000000000,0.000000000,0.000000000,0.000000000,0.000000000,0.000000000,0.000000000,0.000000000,0.000000000,0.000000000,-0.012196721,-0.003955841,0.044522762,0.039370179,0.020428717,-0.009452914,-0.013795825,-0.002333513,-0.007178897,-0.017409198,0.020493177,-0.010348719
7.069591999,0.214952469,0.043910027,0.619929314,1.794592857,0.283598900,0.175068855,0.177921295,-0.065614700,0.004699707,0.063781738,-0.019638062,-0.015609741,0.214952469,0.043910027,0.619929314,1.794592857,0.283598900,0.175068855,0.000004951,-6.106747150,5.129468441,1.327828765,-0.679273486,-0.001441234,-0.004409790,-6.070953369,5.198183060,1.391180038,-0.679971695,0.011749268,0.000004951,-6.106747150,5.129468441,1.327828765,-0.679273486,-0.001441234,0.000000000,0.000000000,0.000000000,0.000000000,0.000000000,0.000000000,0.000000000,0.000000000,0.000000000,0.000000000,0.000000000,0.000000000,0.000000000,0.000000000,0.000000000,0.000000000,0.000000000,0.000000000,-0.004414741,0.035793781,0.068714619,0.063351274,-0.000698209,0.013190501,-0.006013845,0.037416109,0.017012959,0.006571896,-0.000633749,0.012294697
7.079675674,0.214952469,0.043910027,0.619929314,1.794592857,0.283982277,0.175068855,-0.120182037,-0.050355911,0.034240723,-0.014099121,-0.009567261,-0.006546021,0.214952469,0.044293404,0.619929314,1.794592857,0.283982277,0.175068855,0.000004948,-6.110942841,5.127720356,1.328463912,-0.679465353,-0.001441861,0.004409790,-6.129547119,5.171205521,1.372503281,-0.690226555,0.022003174,0.000004948,-6.110942841,5.127720356,1.328463912,-0.679465353,-0.001441861,0.000000000,0.000000000,0.000000000,0.000000000,0.000000000,0.000000000,0.000000000,0.000000000,0.000000000,0.000000000,0.000000000,0.000000000,0.000000000,0.000000000,0.000000000,0.000000000,0.000000000,0.000000000,0.004404842,-0.018604279,0.043485165,0.044039369,-0.010761201,0.023445035,0.002805738,-0.016981950,-0.008216495,-0.012740009,-0.010696741,0.022549231
7.089621305,0.214952469,0.043910027,0.619929314,1.794592857,0.283598900,0.175068855,0.165832520,0.021057129,0.032897949,-0.035583496,0.007553101,-0.005538940,0.214952469,0.043910027,0.619929314,1.794592857,0.283982277,0.175068855,0.000004951,-6.107001781,5.129709721,1.328096747,-0.679197371,-0.001441035,0.006484985,-6.122222900,5.205965042,1.387029648,-0.681253433,0.005340576,0.000004951,-6.107001781,5.129709721,1.328096747,-0.679197371,-0.001441035,0.000000000,0.000000000,0.000000000,0.000000000,0.000000000,0.000000000,0.000000000,0.000000000,0.000000000,0.000000000,0.000000000,0.000000000,0.000000000,0.000000000,0.000000000,0.000000000,0.000000000,0.000000000,0.006480035,-0.015221119,0.076255322,0.058932900,-0.002056062,0.006781611,0.004880931,-0.013598791,0.024553662,0.002153523,-0.001991602,0.005885807
7.099641085,0.214952469,0.044293404,0.619929314,1.794592857,0.283982277,0.175068855,0.066467285,0.008239746,0.032897949,-0.038269043,-0.009567261,-0.020645142,0.214952469,0.044293404,0.619929314,1.794592857,0.283982277,0.175068855,0.000004948,-6.110942841,5.127720356,1.328463912,-0.679465353,-0.001441861,0.017379761,-6.076446533,5.171205521,1.388067245,-0.649209976,-0.013458252,0.000004948,-6.110942841,5.127720356,1.328463912,-0.679465353,-0.001441861,0.000000000,0.000000000,0.000000000,0.000000000,0.000000000,0.000000000,0.000000000,0.000000000,0.000000000,0.000000000,0.000000000,0.000000000,0.000000000,0.000000000,0.000000000,0.000000000,0.000000000,0.000000000,0.017374812,0.034496307,0.043485165,0.059603333,0.030255377,-0.012016391,0.015775708,0.036118635,-0.008216495,0.002823956,0.030319837,-0.012912195
7.109719276,0.214952469,0.043910027,0.619929314,1.794592857,0.283982277,0.175068855,0.051696777,0.034484863,0.109436035,0.082580566,0.016616821,0.011581421,0.214952469,0.043910027,0.619929314,1.794592857,0.283982277,0.175068855,0.000004951,-6.107001781,5.129709721,1.328096747,-0.679197371,-0.001441035,-0.003372192,-6.080108643,5.153566360,1.383916855,-0.687663078,0.002349854,0.000004951,-6.107001781,5.129709721,1.328096747,-0.679197371,-0.001441035,0.000000000,0.000000000,0.000000000,0.000000000,0.000000000,0.000000000,0.000000000,0.000000000,0.000000000,0.000000000,0.000000000,0.000000000,0.000000000,0.000000000,0.000000000,0.000000000,0.000000000,0.000000000,-0.003377143,0.026893139,0.023856640,0.055820107,-0.008465707,0.003790889,-0.004976247,0.028515467,-0.027845020,-0.000959270,-0.008401247,0.002895085
7.119611979,0.215335846,0.044293404,0.619929314,1.794592857,0.283982277,0.175068855,0.071838379,-0.128480911,0.006042480,-0.050354004,0.034744263,-0.010574341,0.215335846,0.044293404,0.619929314,1.794592857,0.283598900,0.175068855,0.000004942,-6.110688210,5.127479076,1.328196049,-0.679541469,-0.001442060,0.039169312,-6.085601807,5.181581497,1.390142441,-0.683389664,-0.008758545,0.000004942,-6.110688210,5.127479076,1.328196049,-0.679541469,-0.001442060,0.000000000,0.000000000,0.000000000,0.000000000,0.000000000,0.000000000,0.000000000,0.000000000,0.000000000,0.000000000,0.000000000,0.000000000,0.000000000,0.000000000,0.000000000,0.000000000,0.000000000,0.000000000,0.039164370,0.025086403,0.054102421,0.061946392,-0.003848195,-0.007316485,0.037565266,0.026708731,0.002400761,0.005167015,-0.003783735,-0.008212289
7.129939795,0.214952469,0.044293404,0.619929314,1.794592857,0.283982277,0.175068855,-0.087955475,-0.000915527,0.023498535,-0.128238678,-0.032730103,-0.040786743,0.214952469,0.043910027,0.619929314,1.794592857,0.283982277,0.175068855,0.000004951,-6.107001781,5.129709721,1.328096747,-0.679197371,-0.001441035,-0.013748169,-6.096588135,5.151491165,1.341375351,-0.699625969,-0.010894775,0.000004951,-6.107001781,5.129709721,1.328096747,-0.679197371,-0.001441035,0.000000000,0.000000000,0.000000000,0.000000000,0.000000000,0.000000000,0.000000000,0.000000000,0.000000000,0.000000000,0.000000000,0.000000000,0.000000000,0.000000000,0.000000000,0.000000000,0.000000000,0.000000000,-0.013753120,0.010413647,0.021781445,0.013278604,-0.020428598,-0.009453740,-0.015352224,0.012035975,-0.029920215,-0.043500774,-0.020364138,-0.010349544
7.139652491,0.215335846,0.043910027,0.619929314,1.794592857,0.283982277,0.175068855,0.108093262,0.010070801,0.079895020,-0.148380280,-0.035751343,-0.047836304,0.215335846,0.044293404,0.619929314,1.794592857,0.283982277,0.175068855,0.000004941,-6.110942841,5.127720356,1.328463912,-0.679465353,-0.001441861,0.017379761,-6.116729736,5.196107864,1.389104843,-0.679117203,0.004058838,0.000004941,-6.110942841,5.127720356,1.328463912,-0.679465353,-0.001441861,0.000000000,0.000000000,0.000000000,0.000000000,0.000000000,0.000000000,0.000000000,0.000000000,0.000000000,0.000000000,0.000000000,0.000000000,0.000000000,0.000000000,0.000000000,0.000000000,0.000000000,0.000000000,0.017374819,-0.005786896,0.068387508,0.060640931,0.000348151,0.005500699,0.015775716,-0.004164568,0.016685849,0.003861554,0.000412611,0.004604895
7.149804831,0.214952469,0.044293404,0.619545937,1.794592857,0.283982277,0.175068855,0.031555176,-0.023498535,-0.011413574,0.049011230,-0.001510620,-0.024673462,0.214952469,0.043910027,0.619929314,1.794592857,0.283982277,0.175068855,0.000004951,-6.107001781,5.129709721,1.328096747,-0.679197371,-0.001441035,0.000778198,-6.157012939,5.196107864,1.378728867,-0.683389664,0.004913330,0.000004951,-6.107001781,5.129709721,1.328096747,-0.679197371,-0.001441035,0.000000000,0.000000000,0.000000000,0.000000000,0.000000000,0.000000000,0.000000000,0.000000000,0.000000000,0.000000000,0.000000000,0.000000000,0.000000000,0.000000000,0.000000000,0.000000000,0.000000000,0.000000000,0.000773247,-0.050011158,0.066398144,0.050632119,-0.004192293,0.006354365,-0.000825856,-0.048388830,0.014696484,-0.006147258,-0.004127832,0.005458561
7.159626961,0.215335846,0.044293404,0.619929314,1.794592857,0.283982277,0.175068855,0.008728027,0.063781738,-0.078552246,-0.109439850,-0.020645142,0.001510620,0.215335846,0.044293404,0.619929314,1.794592857,0.283982277,0.175068855,0.000004941,-6.110942841,5.127720356,1.328463912,-0.679465353,-0.001441861,-0.004409790,-6.094757080,5.195070267,1.375616074,-0.652200699,-0.027558327,0.000004941,-6.110942841,5.127720356,1.328463912,-0.679465353,-0.001441861,0.000000000,0.000000000,0.000000000,0.000000000,0.000000000,0.000000000,0.000000000,0.000000000,0.000000000,0.000000000,0.000000000,0.000000000,0.000000000,0.000000000,0.000000000,0.000000000,0.000000000,0.000000000,-0.004414731,0.016185760,0.067349911,0.047152162,0.027264655,-0.026116466,-0.006013835,0.017808089,0.015648251,-0.009627216,0.027329115,-0.027012270
7.169609785,0.214952469,0.044293404,0.619929314,1.794592857,0.283982277,0.175068855,-0.067810059,0.047912598,-0.027526855,0.044982910,-0.032730103,0.015609741,0.214952469,0.044293404,0.619929314,1.794592857,0.283982277,0.175068855,0.000004948,-6.110942841,5.127720356,1.328463912,-0.679465353,-0.001441861,-0.001815796,-6.122222900,5.147340775,1.394292831,-0.674844742,0.028839111,0.000004948,-6.110942841,5.127720356,1.328463912,-0.679465353,-0.001441861,0.000000000,0.000000000,0.000000000,0.000000000,0.000000000,0.000000000,0.000000000,0.000000000,0.000000000,0.000000000,0.000000000,0.000000000,0.000000000,0.000000000,0.000000000,0.000000000,0.000000000,0.000000000,-0.001820744,-0.011280060,0.019620419,0.065828919,0.004620612,0.030280972,-0.003419848,-0.009657732,-0.032081241,0.009049542,0.004685072,0.029385168
7.179628372,0.214952469,0.043910027,0.619929314,1.794592857,0.283982277,0.175068855,-0.047668457,-0.133363724,-0.012756348,-0.061096191,0.054885864,-0.034744263,0.215335846,0.043910027,0.619545937,1.794592857,0.283598900,0.175068855,0.000004945,-6.104647160,5.127479076,1.328196049,-0.679541469,-0.001442060,0.017898560,-6.178985596,5.192995071,1.378210068,-0.675699234,-0.024566650,0.000004945,-6.104647160,5.127479076,1.328196049,-0.679541469,-0.001442060,0.000000000,0.000000000,0.000000000,0.000000000,0.000000000,0.000000000,0.000000000,0.000000000,0.000000000,0.000000000,0.000000000,0.000000000,0.000000000,0.000000000,0.000000000,0.000000000,0.000000000,0.000000000,0.017893614,-0.074338436,0.065515995,0.050014019,0.003842235,-0.023124591,0.016294510,-0.072716108,0.013814335,-0.006765358,0.003906695,-0.024020395
7.189842939,0.214952469,0.043910027,0.619929314,1.794209480,0.283982277,0.175068855,0.003356934,-0.024108887,0.093322754,0.006042480,0.011581421,-0.007553101,0.214952469,0.043910027,0.619929314,1.794209480,0.283982277,0.175068855,0.000004951,-6.107350826,5.130040169,1.328463912,-0.679465353,-0.001441861,-0.004928589,-6.164337158,5.200777054,1.390142441,-0.675271988,-0.006195068,0.000004951,-6.107350826,5.130040169,1.328463912,-0.679465353,-0.001441861,0.000000000,0.000000000,0.000000000,0.000000000,0.000000000,0.000000000,0.000000000,0.000000000,0.000000000,0.000000000,0.000000000,0.000000000,0.000000000,0.000000000,0.000000000,0.000000000,0.000000000,0.000000000,-0.004933539,-0.056986332,0.070736885,0.061678529,0.004193366,-0.004753207,-0.006532643,-0.055364004,0.019035225,0.004899151,0.004257826,-0.005649011
7.199673891,0.214952469,0.044293404,0.619929314,1.794592857,0.283982277,0.175068855,-0.083923340,0.037536621,0.109436035,0.053039551,-0.006546021,0.017623901,0.214952469,0.043910027,0.619929314,1.794592857,0.283982277,0.175068855,0.000004951,-6.107001781,5.129709721,1.328096747,-0.679197371,-0.001441035,0.007003784,-6.155181885,5.126070023,1.388586044,-0.676980972,-0.008758545,0.000004951,-6.107001781,5.129709721,1.328096747,-0.679197371,-0.001441035,0.000000000,0.000000000,0.000000000,0.000000000,0.000000000,0.000000000,0.000000000,0.000000000,0.000000000,0.000000000,0.000000000,0.000000000,0.000000000,0.000000000,0.000000000,0.000000000,0.000000000,0.000000000,0.006998833,-0.048180103,-0.003639698,0.060489297,0.002216399,-0.007317510,0.005399730,-0.046557775,-0.055341358,0.003709919,0.002280859,-0.008213314
7.209693909,0.214952469,0.044293404,0.619929314,1.794592857,0.283982277,0.175068855,-0.026184082,0.000305176,-0.002014160,-0.036926270,0.010574341,-0.026687622,0.215335846,0.043910027,0.619929314,1.794592857,0.283982277,0.175068855,0.000004944,-6.107001781,5.129709721,1.328096747,-0.679197371,-0.001441035,0.016860962,-6.160675049,5.171205521,1.467964172,-0.648782730,0.001922607,0.000004944,-6.107001781,5.129709721,1.328096747,-0.679197371,-0.001441035,0.000000000,0.000000000,0.000000000,0.000000000,0.000000000,0.000000000,0.000000000,0.000000000,0.000000000,0.000000000,0.000000000,0.000000000,0.000000000,0.000000000,0.000000000,0.000000000,0.000000000,0.000000000,0.016856018,-0.053673267,0.041495800,0.139867425,0.030414641,0.003363643,0.015256914,-0.052050939,-0.010205860,0.083088047,0.030479101,0.002467839
7.219642162,0.214952469,0.043910027,0.619929314,1.794592857,0.283982277,0.175068855,-0.003356934,-0.094911575,0.024841309,0.077209473,-0.005538940,-0.007553101,0.214952469,0.044293404,0.619929314,1.794592857,0.283982277,0.175068855,0.000004948,-6.110942841,5.127720356,1.328463912,-0.679465353,-0.001441861,-0.030349731,-6.116729736,5.184175491,1.417121887,-0.688090324,0.007049561,0.000004948,-6.110942841,5.127720356,1.328463912,-0.679465353,-0.001441861,0.000000000,0.000000000,0.000000000,0.000000000,0.000000000,0.000000000,0.000000000,0.000000000,0.000000000,0.000000000,0.000000000,0.000000000,0.000000000,0.000000000,0.000000000,0.000000000,0.000000000,0.000000000,-0.030354680,-0.005786896,0.056455135,0.088657975,-0.008624971,0.008491421,-0.031953784,-0.004164568,0.004753476,0.031878598,-0.008560511,0.007595617
7.229625225,0.214952469,0.044293404,0.619929314,1.794592857,0.283982277,0.175068855,0.022155762,0.088197708,0.155090332,0.129577637,0.037765503,-0.010574341,0.214952469,0.043910027,0.619929314,1.794592857,0.283982277,0.175068855,0.000004951,-6.107001781,5.129709721,1.328096747,-0.679197371,-0.001441035,-0.013748169,-6.122222900,5.202852249,1.374578476,-0.704752922,0.001922607,0.000004951,-6.107001781,5.129709721,1.328096747,-0.679197371,-0.001441035,0.000000000,0.000000000,0.000000000,0.000000000,0.000000000,0.000000000,0.000000000,0.000000000,0.000000000,0.000000000,0.000000000,0.000000000,0.000000000,0.000000000,0.000000000,0.000000000,0.000000000,0.000000000,-0.013753120,-0.015221119,0.073142529,0.046481729,-0.025555551,0.003363643,-0.015352224,-0.013598791,0.021440869,-0.010297649,-0.025491091,0.002467839
7.239809513,0.214952469,0.043910027,0.619929314,1.794592857,0.283982277,0.175068855,-0.032897949,-0.095521927,0.000671387,-0.006042480,-0.008560181,-0.041793823,0.215335846,0.044293404,0.619929314,1.794592857,0.283982277,0.175068855,0.000004941,-6.110942841,5.127720356,1.328463912,-0.679465353,-0.001441861,0.019973755,-6.140533447,5.171205521,1.390661240,-0.652200699,-0.006195068,0.000004941,-6.110942841,5.127720356,1.328463912,-0.679465353,-0.001441861,0.000000000,0.000000000,0.000000000,0.000000000,0.000000000,0.000000000,0.000000000,0.000000000,0.000000000,0.000000000,0.000000000,0.000000000,0.000000000,0.000000000,0.000000000,0.000000000,0.000000000,0.000000000,0.019968814,-0.029590607,0.043485165,0.062197328,0.027264655,-0.004753207,0.018369710,-0.027968279,-0.008216495,0.005417950,0.027329115,-0.005649011
7.249649763,0.215335846,0.043910027,0.619929314,1.794592857,0.283982277,0.175068855,0.096008301,-0.090028763,0.075866699,-0.059753418,0.091140747,0.024673462,0.215335846,0.044293404,0.619929314,1.794592857,0.283982277,0.175068855,0.000004941,-6.110942841,5.127720356,1.328463912,-0.679465353,-0.001441861,0.022567749,-6.092926025,5.216341019,1.403633118,-0.694499016,0.005340576,0.000004941,-6.110942841,5.127720356,1.328463912,-0.679465353,-0.001441861,0.000000000,0.000000000,0.000000000,0.000000000,0.000000000,0.000000000,0.000000000,0.000000000,0.000000000,0.000000000,0.000000000,0.000000000,0.000000000,0.000000000,0.000000000,0.000000000,0.000000000,0.000000000,0.022562808,0.018016815,0.088620663,0.075169206,-0.015033662,0.006782437,0.020963704,0.019639143,0.036919003,0.018389828,-0.014969202,0.005886633
7.259612083,0.215335846,0.044293404,0.619929314,1.794592857,0.283982277,0.175068855,0.113464355,0.090028763,-0.012756348,-0.082580566,-0.042800903,-0.008560181,0.214952469,0.044293404,0.619929314,1.794592857,0.283982277,0.175068855,0.000004948,-6.110942841,5.127720356,1.328463912,-0.679465353,-0.001441861,0.025161743,-6.074615479,5.193513870,1.371465683,-0.670572281,0.010467529,0.000004948,-6.110942841,5.127720356,1.328463912,-0.679465353,-0.001441861,0.000000000,0.000000000,0.000000000,0.000000000,0.000000000,0.000000000,0.000000000,0.000000000,0.000000000,0.000000000,0.000000000,0.000000000,0.000000000,0.000000000,0.000000000,0.000000000,0.000000000,0.000000000,0.025156795,0.036327362,0.065793514,0.043001771,0.008893073,0.011909390,0.023557691,0.037949690,0.014091855,-0.013777607,0.008957533,0.011013586
7.269637585,0.214952469,0.044293404,0.619929314,1.794592857,0.283982277,0.175068855,0.070495605,-0.021057129,-0.008728027,0.043640137,0.017623901,-0.049850464,0.214952469,0.044293404,0.619929314,1.794592857,0.283982277,0.175068855,0.000004948,-6.110942841,5.127720356,1.328463912,-0.679465353,-0.001441861,-0.008041382,-6.109405518,5.183137894,1.390142441,-0.670145035,-0.016448975,0.000004948,-6.110942841,5.127720356,1.328463912,-0.679465353,-0.001441861,0.000000000,0.000000000,0.000000000,0.000000000,0.000000000,0.000000000,0.000000000,0.000000000,0.000000000,0.000000000,0.000000000,0.000000000,0.000000000,0.000000000,0.000000000,0.000000000,0.000000000,0.000000000,-0.008046330,0.001537323,0.055417538,0.061678529,0.009320319,-0.015007114,-0.009645434,0.003159651,0.003715878,0.004899151,0.009384779,-0.015902918
7.279831886,0.214952469,0.044293404,0.619929314,1.794592857,0.283982277,0.175452232,0.066467285,-0.022888184,0.082580566,-0.079895020,0.035751343,0.036758423,0.215335846,0.043910027,0.619929314,1.794592857,0.283598900,0.175068855,0.000004944,-6.106747150,5.129468441,1.327828765,-0.679273486,-0.001441234,-0.005966187,-6.103912354,5.181062698,1.381841660,-0.704752922,0.010894775,0.000004944,-6.106747150,5.129468441,1.327828765,-0.679273486,-0.001441234,0.000000000,0.000000000,0.000000000,0.000000000,0.000000000,0.000000000,0.000000000,0.000000000,0.000000000,0.000000000,0.000000000,0.000000000,0.000000000,0.000000000,0.000000000,0.000000000,0.000000000,0.000000000,-0.005971131,0.002834797,0.051594257,0.054012895,-0.025479436,0.012336009,-0.007570234,0.004457125,-0.000107402,-0.002766483,-0.025414976,0.011440205
7.289629698,0.214952469,0.044293404,0.619929314,1.794592857,0.283982277,0.175068855,0.040954590,0.055847168,0.023498535,-0.010070801,-0.005538940,-0.009567261,0.214952469,0.044293404,0.619929314,1.794592857,0.283982277,0.175068855,0.000004948,-6.110942841,5.127720356,1.328463912,-0.679465353,-0.001441861,0.011154175,-6.098419189,5.164979935,1.381322861,-0.681253433,0.014312744,0.000004948,-6.110942841,5.127720356,1.328463912,-0.679465353,-0.001441861,0.000000000,0.000000000,0.000000000,0.000000000,0.000000000,0.000000000,0.000000000,0.000000000,0.000000000,0.000000000,0.000000000,0.000000000,0.000000000,0.000000000,0.000000000,0.000000000,0.000000000,0.000000000,0.011149226,0.012523651,0.037259579,0.052858949,-0.001788080,0.015754605,0.009550123,0.014145979,-0.014442081,-0.003920429,-0.001723620,0.014858801
7.299615383,0.215335846,0.044293404,0.619929314,1.794592857,0.283982277,0.175068855,0.022155762,0.002136230,-0.026184082,-0.053039551,-0.019638062,-0.020645142,0.214952469,0.043910027,0.619929314,1.794592857,0.283982277,0.175452232,0.000004951,-6.107002735,5.129710674,1.328097582,-0.679197192,-0.001440185,-0.007003784,-6.136871338,5.179506302,1.396369934,-0.643228531,-0.025421143,0.000004951,-6.107002735,5.129710674,1.328097582,-0.679197192,-0.001440185,0.000000000,0.000000000,0.000000000,0.000000000,0.000000000,0.000000000,0.000000000,0.000000000,0.000000000,0.000000000,0.000000000,0.000000000,0.000000000,0.000000000,0.000000000,0.000000000,0.000000000,0.000000000,-0.007008735,-0.029868603,0.049795628,0.068272352,0.035968661,-0.023980958,-0.008607839,-0.028246275,-0.001906032,0.011492975,0.036033122,-0.024876762
7.309609890,0.215335846,0.044293404,0.619929314,1.794592857,0.283982277,0.175068855,-0.075866699,-0.047914505,-0.036926270,0.069152832,0.035751343,-0.027694702,0.215335846,0.043910027,0.619929314,1.794592857,0.283982277,0.175068855,0.000004944,-6.107001781,5.129709721,1.328096747,-0.679197371,-0.001441035,0.016860962,-6.098419189,5.183656693,1.385473251,-0.691508293,0.003204346,0.000004944,-6.107001781,5.129709721,1.328096747,-0.679197371,-0.001441035,0.000000000,0.000000000,0.000000000,0.000000000,0.000000000,0.000000000,0.000000000,0.000000000,0.000000000,0.000000000,0.000000000,0.000000000,0.000000000,0.000000000,0.000000000,0.000000000,0.000000000,0.000000000,0.016856018,0.008582592,0.053946972,0.057376504,-0.012310922,0.004645381,0.015256914,0.010204920,0.002245312,0.000597126,-0.012246462,0.003749577
7.319822550,0.214952469,0.043910027,0.619929314,1.794592857,0.283982277,0.175068855,-0.022155762,-0.011901855,0.059753418,0.044982910,0.044815063,0.018630981,0.214952469,0.044293404,0.619545937,1.794592857,0.283982277,0.175068855,0.000004950,-6.108841896,5.125729561,1.328830957,-0.679733217,-0.001442687,0.001815796,-6.118560791,5.224123001,1.381322861,-0.675271988,0.004486084,0.000004950,-6.108841896,5.125729561,1.328830957,-0.679733217,-0.001442687,0.000000000,0.000000000,0.000000000,0.000000000,0.000000000,0.000000000,0.000000000,0.000000000,0.000000000,0.000000000,0.000000000,0.000000000,0.000000000,0.000000000,0.000000000,0.000000000,0.000000000,0.000000000,0.001810846,-0.009718895,0.098393440,0.052491903,0.004461229,0.005928771,0.000211742,-0.008096567,0.046691781,-0.004287474,0.004525689,0.005032966
7.329825878,0.215335846,0.043910027,0.619929314,1.794592857,0.283982277,0.175068855,0.035583496,-0.085145950,-0.015441895,0.054382324,0.023666382,-0.017623901,0.214952469,0.044293404,0.619929314,1.794592857,0.283982277,0.175068855,0.000004948,-6.110942841,5.127720356,1.328463912,-0.679465353,-0.001441861,0.023605347,-6.098419189,5.198701859,1.357458115,-0.680398941,-0.022430420,0.000004948,-6.110942841,5.127720356,1.328463912,-0.679465353,-0.001441861,0.000000000,0.000000000,0.000000000,0.000000000,0.000000000,0.000000000,0.000000000,0.000000000,0.000000000,0.000000000,0.000000000,0.000000000,0.000000000,0.000000000,0.000000000,0.000000000,0.000000000,0.000000000,0.023600398,0.012523651,0.070981503,0.028994203,-0.000933588,-0.020988559,0.022001294,0.014145979,0.019279843,-0.027785175,-0.000869127,-0.021884363
7.339660168,0.215335846,0.043910027,0.619929314,1.794592857,0.283982277,0.175068855,-0.026184082,-0.019836426,0.125549316,-0.155094147,0.014602661,0.006546021,0.215335846,0.043910027,0.619545937,1.794592857,0.283598900,0.175452232,0.000004945,-6.104648113,5.127479553,1.328196883,-0.679541290,-0.001441210,0.017898560,-6.109405518,5.168092728,1.442543030,-0.672708511,-0.001922607,0.000004945,-6.104648113,5.127479553,1.328196883,-0.679541290,-0.001441210,0.000000000,0.000000000,0.000000000,0.000000000,0.000000000,0.000000000,0.000000000,0.000000000,0.000000000,0.000000000,0.000000000,0.000000000,0.000000000,0.000000000,0.000000000,0.000000000,0.000000000,0.000000000,0.017893614,-0.004757404,0.040613174,0.114346147,0.006832778,-0.000481398,0.016294510,-0.003135076,-0.011088485,0.057566769,0.006897239,-0.001377202
7.349639177,0.214952469,0.044293404,0.619929314,1.794592857,0.283982277,0.175068855,-0.094669342,0.036926270,0.014099121,-0.141666412,0.036758423,-0.012588501,0.214952469,0.044293404,0.619929314,1.794592857,0.283982277,0.175068855,0.000004948,-6.110942841,5.127720356,1.328463912,-0.679465353,-0.001441861,-0.016860962,-6.089263916,5.174837112,1.381322861,-0.679544449,0.003631592,0.000004948,-6.110942841,5.127720356,1.328463912,-0.679465353,-0.001441861,0.000000000,0.000000000,0.000000000,0.000000000,0.000000000,0.000000000,0.000000000,0.000000000,0.000000000,0.000000000,0.000000000,0.000000000,0.000000000,0.000000000,0.000000000,0.000000000,0.000000000,0.000000000,-0.016865910,0.021678925,0.047116756,0.052858949,-0.000079095,0.005073453,-0.018465014,0.023301253,-0.004584903,-0.003920429,-0.000014635,0.004177649
7.359610796,0.214952469,0.044293404,0.619929314,1.794592857,0.283982277,0.175068855,0.073181152,-0.021057129,-0.126895905,-0.010070801,0.011581421,0.014602661,0.215335846,0.043910027,0.619929314,1.794592857,0.283982277,0.175068855,0.000004944,-6.107001781,5.129709721,1.328096747,-0.679197371,-0.001441035,0.002334595,-6.083770752,5.175355911,1.375097275,-0.696635246,0.040802002,0.000004944,-6.107001781,5.129709721,1.328096747,-0.679197371,-0.001441035,0.000000000,0.000000000,0.000000000,0.000000000,0.000000000,0.000000000,0.000000000,0.000000000,0.000000000,0.000000000,0.000000000,0.000000000,0.000000000,0.000000000,0.000000000,0.000000000,0.000000000,0.000000000,0.002329651,0.023231030,0.045646191,0.047000527,-0.017437875,0.042243037,0.000730547,0.024853358,-0.006055469,-0.009778850,-0.017373415,0.041347233
7.369795084,0.214952469,0.044293404,0.619929314,1.794592857,0.283982277,0.175068855,-0.016784668,-0.005187988,0.028869629,-0.040954590,-0.030715942,-0.010574341,0.214952469,0.044293404,0.619929314,1.794592857,0.283982277,0.175068855,0.000004948,-6.110942841,5.127720356,1.328463912,-0.679465353,-0.001441861,-0.021530151,-6.124053955,5.155641556,1.360570908,-0.648782730,-0.004058838,0.000004948,-6.110942841,5.127720356,1.328463912,-0.679465353,-0.001441861,0.000000000,0.000000000,0.000000000,0.000000000,0.000000000,0.000000000,0.000000000,0.000000000,0.000000000,0.000000000,0.000000000,0.000000000,0.000000000,0.000000000,0.000000000,0.000000000,0.000000000,0.000000000,-0.021535100,-0.013111115,0.027921200,0.032106996,0.030682623,-0.002616977,-0.023134204,-0.011488786,-0.023780460,-0.024672382,0.030747084,-0.003512781
7.379629135,0.214952469,0.044293404,0.619929314,1.794592857,0.283982277,0.175068855,-0.050354004,0.071716309,-0.016784668,-0.049011230,0.027694702,-0.000503540,0.214952469,0.043910027,0.619929314,1.794592857,0.283982277,0.175068855,0.000004951,-6.107001781,5.129709721,1.328096747,-0.679197371,-0.001441035,0.009597778,-6.133209229,5.185213089,1.339300156,-0.657754898,-0.006622314,0.000004951,-6.107001781,5.129709721,1.328096747,-0.679197371,-0.001441035,0.000000000,0.000000000,0.000000000,0.000000000,0.000000000,0.000000000,0.000000000,0.000000000,0.000000000,0.000000000,0.000000000,0.000000000,0.000000000,0.000000000,0.000000000,0.000000000,0.000000000,0.000000000,0.009592827,-0.026207447,0.055503368,0.011203408,0.021442473,-0.005181279,0.007993724,-0.024585119,0.003801709,-0.045575969,0.021506933,-0.006077083
7.389633179,0.214952469,0.044293404,0.619545937,1.794592857,0.283982277,0.175068855,-0.091983795,0.122377396,-0.038269043,-0.022155762,-0.033737183,0.014602661,0.214952469,0.043910027,0.619929314,1.794592857,0.283982277,0.175068855,0.000004951,-6.107001781,5.129709721,1.328096747,-0.679197371,-0.001441035,0.008041382,-6.094757080,5.193513870,1.401557922,-0.654336929,0.007049561,0.000004951,-6.107001781,5.129709721,1.328096747,-0.679197371,-0.001441035,0.000000000,0.000000000,0.000000000,0.000000000,0.000000000,0.000000000,0.000000000,0.000000000,0.000000000,0.000000000,0.000000000,0.000000000,0.000000000,0.000000000,0.000000000,0.000000000,0.000000000,0.000000000,0.008036431,0.012244701,0.063804150,0.073461175,0.024860442,0.008490596,0.006437327,0.013867030,0.012102490,0.016681797,0.024924902,0.007594792
7.399692774,0.214952469,0.043910027,0.619929314,1.794592857,0.283982277,0.175068855,0.049011230,0.069885254,0.012756348,-0.035583496,-0.045822144,-0.023666382,0.214952469,0.044293404,0.619929314,1.794592857,0.283598900,0.175068855,0.000004949,-6.110688210,5.127479076,1.328196049,-0.679541469,-0.001442060,0.010635376,-6.125885010,5.176393509,1.402076721,-0.697916985,0.010040283,0.000004949,-6.110688210,5.127479076,1.328196049,-0.679541469,-0.001442060,0.000000000,0.000000000,0.000000000,0.000000000,0.000000000,0.000000000,0.000000000,0.000000000,0.000000000,0.000000000,0.000000000,0.000000000,0.000000000,0.000000000,0.000000000,0.000000000,0.000000000,0.000000000,0.010630427,-0.015196800,0.048914433,0.073880672,-0.018375516,0.011482343,0.009031323,-0.013574472,-0.002787227,0.017101295,-0.018311056,0.010586539
7.409643650,0.214952469,0.043910027,0.619929314,1.794592857,0.283598900,0.175068855,-0.105411530,0.002136230,0.055725098,-0.047668457,-0.041793823,-0.049850464,0.214952469,0.044293404,0.619929314,1.794592857,0.283982277,0.175068855,0.000004948,-6.110942841,5.127720356,1.328463912,-0.679465353,-0.001441861,-0.015304565,-6.124053955,5.180543900,1.390661240,-0.696208000,0.005767822,0.000004948,-6.110942841,5.127720356,1.328463912,-0.679465353,-0.001441861,0.000000000,0.000000000,0.000000000,0.000000000,0.000000000,0.000000000,0.000000000,0.000000000,0.000000000,0.000000000,0.000000000,0.000000000,0.000000000,0.000000000,0.000000000,0.000000000,0.000000000,0.000000000,-0.015309514,-0.013111115,0.052823544,0.062197328,-0.016742647,0.007209683,-0.016908618,-0.011488786,0.001121884,0.005417950,-0.016678186,0.006313879
7.419610500,0.215335846,0.044293404,0.619929314,1.794592857,0.283982277,0.175068855,-0.023498535,0.053405762,-0.022155762,-0.091983795,-0.042800903,-0.008560181,0.214952469,0.044293404,0.619545937,1.794592857,0.283982277,0.175068855,0.000004950,-6.108841896,5.125729561,1.328830957,-0.679733217,-0.001442687,0.021011353,-6.157012939,5.207521439,1.374059677,-0.683817863,0.020294189,0.000004950,-6.108841896,5.125729561,1.328830957,-0.679733217,-0.001442687,0.000000000,0.000000000,0.000000000,0.000000000,0.000000000,0.000000000,0.000000000,0.000000000,0.000000000,0.000000000,0.000000000,0.000000000,0.000000000,0.000000000,0.000000000,0.000000000,0.000000000,0.000000000,0.021006403,-0.048171043,0.081791878,0.045228720,-0.004084647,0.021736876,0.019407299,-0.046548715,0.030090218,-0.011550658,-0.004020187,0.020841072
7.429789066,0.214952469,0.043910027,0.619545937,1.794592857,0.283982277,0.175068855,-0.004699707,-0.009460449,-0.071838379,0.164489746,0.061935425,0.033737183,0.215335846,0.044293404,0.619545937,1.794592857,0.283982277,0.175068855,0.000004943,-6.108841896,5.125729561,1.328830957,-0.679733217,-0.001442687,0.018417358,-6.096588135,5.186769485,1.398963928,-0.679544449,-0.006195068,0.000004943,-6.108841896,5.125729561,1.328830957,-0.679733217,-0.001442687,0.000000000,0.000000000,0.000000000,0.000000000,0.000000000,0.000000000,0.000000000,0.000000000,0.000000000,0.000000000,0.000000000,0.000000000,0.000000000,0.000000000,0.000000000,0.000000000,0.000000000,0.000000000,0.018412416,0.012253761,0.061039925,0.070132971,0.000188768,-0.004752382,0.016813312,0.013876089,0.009338265,0.013353593,0.000253228,-0.005648186
7.439631939,0.214952469,0.044293404,0.619929314,1.794592857,0.283982277,0.175452232,0.003356934,0.049133301,-0.018127441,0.047668457,-0.024673462,0.021652222,0.214952469,0.044293404,0.619929314,1.794592857,0.283982277,0.175068855,0.000004948,-6.110942841,5.127720356,1.328463912,-0.679465353,-0.001441861,-0.018936157,-6.124053955,5.164979935,1.394813538,-0.685099602,0.001495361,0.000004948,-6.110942841,5.127720356,1.328463912,-0.679465353,-0.001441861,0.000000000,0.000000000,0.000000000,0.000000000,0.000000000,0.000000000,0.000000000,0.000000000,0.000000000,0.000000000,0.000000000,0.000000000,0.000000000,0.000000000,0.000000000,0.000000000,0.000000000,0.000000000,-0.018941106,-0.013111115,0.037259579,0.066349626,-0.005634248,0.002937222,-0.020540210,-0.011488786,-0.014442081,0.009570248,-0.005569788,0.002041418
7.449623585,0.214952469,0.044293404,0.619929314,1.794592857,0.283982277,0.175452232,0.026184082,0.020446777,-0.044982910,-0.138980865,0.049850464,0.033737183,0.215335846,0.043910027,0.619929314,1.794592857,0.283982277,0.175452232,0.000004944,-6.107002735,5.129710674,1.328097582,-0.679197192,-0.001440185,0.011672974,-6.162506104,5.184694290,1.380285263,-0.690653801,-0.005340576,0.000004944,-6.107002735,5.129710674,1.328097582,-0.679197192,-0.001440185,0.000000000,0.000000000,0.000000000,0.000000000,0.000000000,0.000000000,0.000000000,0.000000000,0.000000000,0.000000000,0.000000000,0.000000000,0.000000000,0.000000000,0.000000000,0.000000000,0.000000000,0.000000000,0.011668030,-0.055503368,0.054983616,0.052187681,-0.011456609,-0.003900391,0.010068926,-0.053881040,0.003281956,-0.004591696,-0.011392149,-0.004796195
7.459640026,0.214952469,0.043910027,0.619545937,1.794592857,0.283982277,0.175068855,0.054382324,-0.124818802,0.144348145,0.022155762,-0.030715942,0.006546021,0.214952469,0.043910027,0.619929314,1.794592857,0.283982277,0.175068855,0.000004951,-6.107001781,5.129709721,1.328096747,-0.679197371,-0.001441035,-0.022048950,-6.120391846,5.223085403,1.401039124,-0.695353508,-0.002349854,0.000004951,-6.107001781,5.129709721,1.328096747,-0.679197371,-0.001441035,0.000000000,0.000000000,0.000000000,0.000000000,0.000000000,0.000000000,0.000000000,0.000000000,0.000000000,0.000000000,0.000000000,0.000000000,0.000000000,0.000000000,0.000000000,0.000000000,0.000000000,0.000000000,-0.022053901,-0.013390064,0.093375683,0.072942376,-0.016156137,-0.000908818,-0.023653005,-0.011767736,0.041674023,0.016162999,-0.016091677,-0.001804622
7.469784737,0.215335846,0.043910027,0.619929314,1.794592857,0.283982277,0.175068855,0.083923340,-0.058290482,-0.007385254,-0.065124512,0.006546021,-0.058914185,0.214952469,0.043910027,0.619929314,1.794592857,0.283982277,0.175068855,0.000004951,-6.107001781,5.129709721,1.328096747,-0.679197371,-0.001441035,0.022048950,-6.096588135,5.217378616,1.373540878,-0.653482437,-0.017303467,0.000004951,-6.107001781,5.129709721,1.328096747,-0.679197371,-0.001441035,0.000000000,0.000000000,0.000000000,0.000000000,0.000000000,0.000000000,0.000000000,0.000000000,0.000000000,0.000000000,0.000000000,0.000000000,0.000000000,0.000000000,0.000000000,0.000000000,0.000000000,0.000000000,0.022043999,0.010413647,0.087668896,0.045444131,0.025714934,-0.015862432,0.020444896,0.012035975,0.035967236,-0.011335247,0.025779394,-0.016758236
7.479623795,0.215335846,0.044293404,0.619545937,1.794592857,0.283982277,0.175068855,0.063781738,0.099184036,-0.003356934,0.014099121,0.017623901,-0.014602661,0.214952469,0.044293404,0.619929314,1.794592857,0.283982277,0.175068855,0.000004948,-6.110942841,5.127720356,1.328463912,-0.679465353,-0.001441861,-0.008560181,-6.135040283,5.193513870,1.376653671,-0.678689957,-0.012176514,0.000004948,-6.110942841,5.127720356,1.328463912,-0.679465353,-0.001441861,0.000000000,0.000000000,0.000000000,0.000000000,0.000000000,0.000000000,0.000000000,0.000000000,0.000000000,0.000000000,0.000000000,0.000000000,0.000000000,0.000000000,0.000000000,0.000000000,0.000000000,0.000000000,-0.008565129,-0.024097443,0.065793514,0.048189759,0.000775397,-0.010734653,-0.010164233,-0.022475115,0.014091855,-0.008589618,0.000839857,-0.011630457
7.489736319,0.215335846,0.044293404,0.619929314,1.794592857,0.283982277,0.175452232,0.132263184,0.162050247,-0.027526855,-0.010070801,-0.052871704,0.039779663,0.214952469,0.044293404,0.619545937,1.794592857,0.283982277,0.175068855,0.000004950,-6.108841896,5.125729561,1.328830957,-0.679733217,-0.001442687,-0.033464432,-6.098419189,5.154603958,1.359014511,-0.685526848,0.017303467,0.000004950,-6.108841896,5.125729561,1.328830957,-0.679733217,-0.001442687,0.000000000,0.000000000,0.000000000,0.000000000,0.000000000,0.000000000,0.000000000,0.000000000,0.000000000,0.000000000,0.000000000,0.000000000,0.000000000,0.000000000,0.000000000,0.000000000,0.000000000,0.000000000,-0.033469381,0.010422707,0.028874397,0.030183554,-0.005793631,0.018746153,-0.035068485,0.012045035,-0.022827262,-0.026595824,-0.005729171,0.017850349
7.499653578,0.214952469,0.043910027,0.619545937,1.794592857,0.283982277,0.175068855,-0.087955475,0.044860840,-0.081237793,-0.061096191,-0.010574341,-0.035751343,0.214952469,0.044293404,0.619929314,1.794592857,0.283982277,0.175068855,0.000004948,-6.110942841,5.127720356,1.328463912,-0.679465353,-0.001441861,-0.000778198,-6.155181885,5.170686722,1.386510849,-0.672281265,-0.003204346,0.000004948,-6.110942841,5.127720356,1.328463912,-0.679465353,-0.001441861,0.000000000,0.000000000,0.000000000,0.000000000,0.000000000,0.000000000,0.000000000,0.000000000,0.000000000,0.000000000,0.000000000,0.000000000,0.000000000,0.000000000,0.000000000,0.000000000,0.000000000,0.000000000,-0.000783147,-0.044239044,0.042966366,0.058046937,0.007184088,-0.001762485,-0.002382251,-0.042616716,-0.008735294,0.001267559,0.007248548,-0.002658289
7.509641886,0.215335846,0.043910027,0.619929314,1.794592857,0.283982277,0.175452232,0.035583496,-0.059511185,0.104064941,0.003356934,0.077041626,0.005538940,0.214952469,0.044293404,0.619929314,1.794592857,0.283598900,0.175452232,0.000004949,-6.110689163,5.127479553,1.328196883,-0.679541290,-0.001441210,0.029830933,-6.113067627,5.204408646,1.318029404,-0.676126480,0.016021729,0.000004949,-6.110689163,5.127479553,1.328196883,-0.679541290,-0.001441210,0.000000000,0.000000000,0.000000000,0.000000000,0.000000000,0.000000000,0.000000000,0.000000000,0.000000000,0.000000000,0.000000000,0.000000000,0.000000000,0.000000000,0.000000000,0.000000000,0.000000000,0.000000000,0.029825984,-0.002378464,0.076929092,-0.010167480,0.003414810,0.017462938,0.028226880,-0.000756136,0.025227433,-0.066946857,0.003479270,0.016567134
7.519937038,0.214952469,0.044293404,0.619545937,1.794209480,0.283982277,0.175068855,-0.091983795,0.041809082,-0.156436920,-0.075866699,0.043807983,-0.037765503,0.214952469,0.044293404,0.619929314,1.794592857,0.283982277,0.175068855,0.000004948,-6.110942841,5.127720356,1.328463912,-0.679465353,-0.001441861,-0.009078979,-6.089263916,5.150453568,1.416603088,-0.691935539,0.002349854,0.000004948,-6.110942841,5.127720356,1.328463912,-0.679465353,-0.001441861,0.000000000,0.000000000,0.000000000,0.000000000,0.000000000,0.000000000,0.000000000,0.000000000,0.000000000,0.000000000,0.000000000,0.000000000,0.000000000,0.000000000,0.000000000,0.000000000,0.000000000,0.000000000,-0.009083928,0.021678925,0.022733212,0.088139176,-0.012470186,0.003791714,-0.010683032,0.023301253,-0.028968448,0.031359799,-0.012405726,0.002895910
7.529707670,0.215335846,0.043910027,0.619929314,1.794592857,0.283982277,0.175068855,-0.028869629,0.074157715,0.097351074,0.097351074,-0.000503540,-0.021652222,0.215335846,0.043910027,0.619929314,1.794592857,0.283982277,0.175068855,0.000004944,-6.107001781,5.129709721,1.328096747,-0.679197371,-0.001441035,-0.018936157,-6.118560791,5.194551468,1.381322861,-0.657754898,0.016876221,0.000004944,-6.107001781,5.129709721,1.328096747,-0.679197371,-0.001441035,0.000000000,0.000000000,0.000000000,0.000000000,0.000000000,0.000000000,0.000000000,0.000000000,0.000000000,0.000000000,0.000000000,0.000000000,0.000000000,0.000000000,0.000000000,0.000000000,0.000000000,0.000000000,-0.018941101,-0.011559010,0.064841747,0.053226113,0.021442473,0.018317256,-0.020540205,-0.009936681,0.013140088,-0.003553264,0.021506933,0.017421452
7.539628029,0.214952469,0.044293404,0.619929314,1.794592857,0.283982277,0.175068855,-0.003356934,0.114442825,0.035583496,0.091979980,0.066970825,0.008560181,0.214952469,0.044293404,0.619929314,1.794592857,0.283982277,0.175068855,0.000004948,-6.110942841,5.127720356,1.328463912,-0.679465353,-0.001441861,-0.002853394,-6.140533447,5.195070267,1.378210068,-0.703043938,-0.004058838,0.000004948,-6.110942841,5.127720356,1.328463912,-0.679465353,-0.001441861,0.000000000,0.000000000,0.000000000,0.000000000,0.000000000,0.000000000,0.000000000,0.000000000,0.000000000,0.000000000,0.000000000,0.000000000,0.000000000,0.000000000,0.000000000,0.000000000,0.000000000,0.000000000,-0.002858342,-0.029590607,0.067349911,0.049746156,-0.023578584,-0.002616977,-0.004457446,-0.027968279,0.015648251,-0.007033222,-0.023514124,-0.003512781
7.549642086,0.214952469,0.044293404,0.619929314,1.794592857,0.283982277,0.175068855,0.007385254,0.019836426,-0.016784668,0.137634277,0.007553101,-0.020645142,0.214952469,0.044293404,0.619929314,1.794592857,0.283982277,0.175068855,0.000004948,-6.110942841,5.127720356,1.328463912,-0.679465353,-0.001441861,-0.015823364,-6.067291260,5.180025101,1.359533310,-0.689372063,0.005767822,0.000004948,-6.110942841,5.127720356,1.328463912,-0.679465353,-0.001441861,0.000000000,0.000000000,0.000000000,0.000000000,0.000000000,0.000000000,0.000000000,0.000000000,0.000000000,0.000000000,0.000000000,0.000000000,0.000000000,0.000000000,0.000000000,0.000000000,0.000000000,0.000000000,-0.015828313,0.043651581,0.052304745,0.031069398,-0.009906709,0.007209683,-0.017427417,0.045273909,0.000603085,-0.025709980,-0.009842249,0.006313879
7.559641600,0.214952469,0.043910027,0.619545937,1.794592857,0.283982277,0.175068855,0.002014160,-0.035705566,-0.035583496,-0.121524811,0.002517700,-0.064960480,0.214952469,0.043910027,0.619545937,1.794592857,0.283982277,0.175068855,0.000004952,-6.104901791,5.127720356,1.328463912,-0.679465353,-0.001441861,-0.016860962,-6.135040283,5.203889847,1.384435654,-0.687663078,-0.017303467,0.000004952,-6.104901791,5.127720356,1.328463912,-0.679465353,-0.001441861,0.000000000,0.000000000,0.000000000,0.000000000,0.000000000,0.000000000,0.000000000,0.000000000,0.000000000,0.000000000,0.000000000,0.000000000,0.000000000,0.000000000,0.000000000,0.000000000,0.000000000,0.000000000,-0.016865914,-0.030138493,0.076169491,0.055971742,-0.008197725,-0.015861606,-0.018465018,-0.028516164,0.024467831,-0.000807636,-0.008133265,-0.016757410
7.569615841,0.214952469,0.043910027,0.619929314,1.794592857,0.283982277,0.175452232,0.098693848,-0.090639114,-0.094669342,-0.018127441,0.016616821,0.013595581,0.214952469,0.044293404,0.619929314,1.794592857,0.283982277,0.175452232,0.000004948,-6.110943794,5.127720833,1.328464746,-0.679465175,-0.001441011,0.002853394,-6.072784424,5.171724319,1.379247665,-0.681680679,0.014739990,0.000004948,-6.110943794,5.127720833,1.328464746,-0.679465175,-0.001441011,0.000000000,0.000000000,0.000000000,0.000000000,0.000000000,0.000000000,0.000000000,0.000000000,0.000000000,0.000000000,0.000000000,0.000000000,0.000000000,0.000000000,0.000000000,0.000000000,0.000000000,0.000000000,0.002848445,0.038159370,0.044003487,0.050782919,-0.002215505,0.016181001,0.001249341,0.039781699,-0.007698173,-0.005996459,-0.002151044,0.015285197
7.579895020,0.214952469,0.043910027,0.619929314,1.794592857,0.283982277,0.175068855,-0.051696777,0.107728958,-0.055725098,0.079895020,0.013595581,0.016616821,0.214952469,0.043910027,0.619929314,1.794592857,0.283982277,0.175068855,0.000004951,-6.107001781,5.129709721,1.328096747,-0.679197371,-0.001441035,-0.014785767,-6.114898682,5.187288284,1.381841660,-0.697062492,0.002777100,0.000004951,-6.107001781,5.129709721,1.328096747,-0.679197371,-0.001441035,0.000000000,0.000000000,0.000000000,0.000000000,0.000000000,0.000000000,0.000000000,0.000000000,0.000000000,0.000000000,0.000000000,0.000000000,0.000000000,0.000000000,0.000000000,0.000000000,0.000000000,0.000000000,-0.014790717,-0.007896900,0.057578564,0.053744912,-0.017865121,0.004218135,-0.016389821,-0.006274572,0.005876904,-0.003034465,-0.017800661,0.003322331
7.589697123,0.214952469,0.044293404,0.619929314,1.794592857,0.283982277,0.175068855,-0.035583496,0.036926270,0.038269043,-0.046325684,0.028701782,-0.071002960,0.214952469,0.043910027,0.619929314,1.794592857,0.283982277,0.175068855,0.000004951,-6.107001781,5.129709721,1.328096747,-0.679197371,-0.001441035,-0.023086548,-6.105743408,5.198183060,1.368871689,-0.659036636,-0.017730713,0.000004951,-6.107001781,5.129709721,1.328096747,-0.679197371,-0.001441035,0.000000000,0.000000000,0.000000000,0.000000000,0.000000000,0.000000000,0.000000000,0.000000000,0.000000000,0.000000000,0.000000000,0.000000000,0.000000000,0.000000000,0.000000000,0.000000000,0.000000000,0.000000000,-0.023091499,0.001258373,0.068473339,0.040774941,0.020160735,-0.016289678,-0.024690602,0.002880701,0.016771679,-0.016004436,0.020225195,-0.017185482
7.599788904,0.214952469,0.043910027,0.619929314,1.794592857,0.283982277,0.175068855,-0.096012115,-0.120546341,-0.030212402,0.039611816,-0.020645142,-0.021652222,0.215335846,0.044293404,0.619929314,1.794592857,0.283982277,0.175068855,0.000004941,-6.110942841,5.127720356,1.328463912,-0.679465353,-0.001441861,-0.004409790,-6.103912354,5.160829544,1.402076721,-0.675271988,0.007049561,0.000004941,-6.110942841,5.127720356,1.328463912,-0.679465353,-0.001441861,0.000000000,0.000000000,0.000000000,0.000000000,0.000000000,0.000000000,0.000000000,0.000000000,0.000000000,0.000000000,0.000000000,0.000000000,0.000000000,0.000000000,0.000000000,0.000000000,0.000000000,0.000000000,-0.004414731,0.007030487,0.033109188,0.073612809,0.004193366,0.008491421,-0.006013835,0.008652815,-0.018592472,0.016833432,0.004257826,0.007595617
7.609590054,0.215335846,0.044293404,0.619929314,1.794592857,0.283982277,0.175068855,0.102722168,0.040588379,0.038269043,0.054382324,-0.039779663,0.045822144,0.214952469,0.043910027,0.619929314,1.794592857,0.283982277,0.175452232,0.000004951,-6.107002735,5.129710674,1.328097582,-0.679197192,-0.001440185,0.002334595,-6.056304932,5.139558792,1.396369934,-0.676553726,0.011749268,0.000004951,-6.107002735,5.129710674,1.328097582,-0.679197192,-0.001440185,0.000000000,0.000000000,0.000000000,0.000000000,0.000000000,0.000000000,0.000000000,0.000000000,0.000000000,0.000000000,0.000000000,0.000000000,0.000000000,0.000000000,0.000000000,0.000000000,0.000000000,0.000000000,0.002329644,0.050697803,0.009848118,0.068272352,0.002643466,0.013189452,0.000730540,0.052320132,-0.041853542,0.011492975,0.002707926,0.012293648
7.619613409,0.214952469,0.044293404,0.619929314,1.794592857,0.283598900,0.175068855,-0.007385254,-0.013122559,0.027526855,0.049011230,-0.051864624,-0.024673462,0.214952469,0.044293404,0.619545937,1.794592857,0.283982277,0.175068855,0.000004950,-6.108841896,5.125729561,1.328830957,-0.679733217,-0.001442687,0.000259399,-6.116729736,5.167573929,1.382879257,-0.705180168,-0.000213623,0.000004950,-6.108841896,5.125729561,1.328830957,-0.679733217,-0.001442687,0.000000000,0.000000000,0.000000000,0.000000000,0.000000000,0.000000000,0.000000000,0.000000000,0.000000000,0.000000000,0.000000000,0.000000000,0.000000000,0.000000000,0.000000000,0.000000000,0.000000000,0.000000000,0.000254450,-0.007887840,0.041844368,0.054048300,-0.025446951,0.001229063,-0.001344654,-0.006265512,-0.009857292,-0.002731078,-0.025382491,0.000333259
7.629612684,0.215335846,0.044293404,0.619929314,1.794592857,0.283982277,0.175068855,0.065124512,0.067443848,0.018127441,-0.141666412,0.028701782,0.059921265,0.214952469,0.043910027,0.619545937,1.794592857,0.283982277,0.175068855,0.000004952,-6.104901791,5.127720356,1.328463912,-0.679465353,-0.001441861,0.014785767,-6.103912354,5.122438431,1.389104843,-0.706889153,-0.007049561,0.000004952,-6.104901791,5.127720356,1.328463912,-0.679465353,-0.001441861,0.000000000,0.000000000,0.000000000,0.000000000,0.000000000,0.000000000,0.000000000,0.000000000,0.000000000,0.000000000,0.000000000,0.000000000,0.000000000,0.000000000,0.000000000,0.000000000,0.000000000,0.000000000,0.014780815,0.000989437,-0.005281925,0.060640931,-0.027423799,-0.005607700,0.013181711,0.002611765,-0.056983585,0.003861554,-0.027359339,-0.006503504
7.639790297,0.214952469,0.043910027,0.619545937,1.794592857,0.283982277,0.175068855,-0.027526855,-0.025329590,-0.044982910,-0.031555176,-0.031723022,-0.036758423,0.215335846,0.044293404,0.619929314,1.794592857,0.283982277,0.175068855,0.000004941,-6.110942841,5.127720356,1.328463912,-0.679465353,-0.001441861,-0.021011353,-6.151519775,5.188844681,1.387548447,-0.672708511,-0.019012451,0.000004941,-6.110942841,5.127720356,1.328463912,-0.679465353,-0.001441861,0.000000000,0.000000000,0.000000000,0.000000000,0.000000000,0.000000000,0.000000000,0.000000000,0.000000000,0.000000000,0.000000000,0.000000000,0.000000000,0.000000000,0.000000000,0.000000000,0.000000000,0.000000000,-0.021016294,-0.040576935,0.061124325,0.059084535,0.006756842,-0.017570590,-0.022615398,-0.038954607,0.009422665,0.002305157,0.006821302,-0.018466394
7.649631739,0.214952469,0.044293404,0.619929314,1.794592857,0.283982277,0.175068855,0.040954590,0.090639114,0.008728027,0.078552246,0.026687622,-0.065967560,0.214952469,0.043910027,0.619929314,1.794592857,0.283982277,0.175068855,0.000004951,-6.107001781,5.129709721,1.328096747,-0.679197371,-0.001441035,0.018936157,-6.109405518,5.203889847,1.383398056,-0.671854019,0.016876221,0.000004951,-6.107001781,5.129709721,1.328096747,-0.679197371,-0.001441035,0.000000000,0.000000000,0.000000000,0.000000000,0.000000000,0.000000000,0.000000000,0.000000000,0.000000000,0.000000000,0.000000000,0.000000000,0.000000000,0.000000000,0.000000000,0.000000000,0.000000000,0.000000000,0.018931206,-0.002403736,0.074180126,0.055301309,0.007343352,0.018317256,0.017332103,-0.000781408,0.022478467,-0.001478069,0.007407812,0.017421452
7.659610271,0.215335846,0.044293404,0.619929314,1.794592857,0.283982277,0.175068855,0.087951660,0.113832474,-0.031555176,0.093322754,-0.007553101,-0.001510620,0.214952469,0.044293404,0.619545937,1.794592857,0.283982277,0.175068855,0.000004950,-6.108841896,5.125729561,1.328830957,-0.679733217,-0.001442687,0.060958862,-6.169830322,5.170686722,1.398445129,-0.675699234,-0.000213623,0.000004950,-6.108841896,5.125729561,1.328830957,-0.679733217,-0.001442687,0.000000000,0.000000000,0.000000000,0.000000000,0.000000000,0.000000000,0.000000000,0.000000000,0.000000000,0.000000000,0.000000000,0.000000000,0.000000000,0.000000000,0.000000000,0.000000000,0.000000000,0.000000000,0.060953913,-0.060988426,0.044957161,0.069614172,0.004033983,0.001229063,0.059354809,-0.059366098,-0.006744499,0.012834794,0.004098443,0.000333259
7.669836760,0.214952469,0.044293404,0.619929314,1.794592857,0.283982277,0.175068855,0.090637207,-0.038757324,-0.081237793,0.058410645,0.019638062,0.021652222,0.214952469,0.043910027,0.619929314,1.794592857,0.283982277,0.175068855,0.000004951,-6.107001781,5.129709721,1.328096747,-0.679197371,-0.001441035,0.009078979,-6.111236572,5.173280716,1.386510849,-0.679971695,0.004058838,0.000004951,-6.107001781,5.129709721,1.328096747,-0.679197371,-0.001441035,0.000000000,0.000000000,0.000000000,0.000000000,0.000000000,0.000000000,0.000000000,0.000000000,0.000000000,0.000000000,0.000000000,0.000000000,0.000000000,0.000000000,0.000000000,0.000000000,0.000000000,0.000000000,0.009074029,-0.004234791,0.043570995,0.058414102,-0.000774324,0.005499873,0.007474925,-0.002612463,-0.008130664,0.001634724,-0.000709864,0.004604069
7.679639339,0.214952469,0.044293404,0.619929314,1.794592857,0.283982277,0.175068855,0.161804199,0.007019043,0.204776764,0.043640137,-0.065967560,-0.058914185,0.214952469,0.043910027,0.619929314,1.794592857,0.283982277,0.175068855,0.000004951,-6.107001781,5.129709721,1.328096747,-0.679197371,-0.001441035,-0.005447388,-6.098419189,5.152528763,1.397407532,-0.670999527,0.011749268,0.000004951,-6.107001781,5.129709721,1.328096747,-0.679197371,-0.001441035,0.000000000,0.000000000,0.000000000,0.000000000,0.000000000,0.000000000,0.000000000,0.000000000,0.000000000,0.000000000,0.000000000,0.000000000,0.000000000,0.000000000,0.000000000,0.000000000,0.000000000,0.000000000,-0.005452339,0.008582592,0.022819042,0.069310784,0.008197844,0.013190303,-0.007051442,0.010204920,-0.028882617,0.012531407,0.008262304,0.012294499
7.689610481,0.214952469,0.044293404,0.619929314,1.794592857,0.283982277,0.175068855,-0.096012115,-0.105897903,0.008728027,0.059753418,0.025680542,-0.040786743,0.214952469,0.044293404,0.619929314,1.794592857,0.283982277,0.175068855,0.000004948,-6.110942841,5.127720356,1.328463912,-0.679465353,-0.001441861,-0.000778198,-6.083770752,5.160829544,1.343969345,-0.693644524,-0.010467529,0.000004948,-6.110942841,5.127720356,1.328463912,-0.679465353,-0.001441861,0.000000000,0.000000000,0.000000000,0.000000000,0.000000000,0.000000000,0.000000000,0.000000000,0.000000000,0.000000000,0.000000000,0.000000000,0.000000000,0.000000000,0.000000000,0.000000000,0.000000000,0.000000000,-0.000783147,0.027172089,0.033109188,0.015505433,-0.014179170,-0.009025668,-0.002382251,0.028794417,-0.018592472,-0.041273944,-0.014114710,-0.009921472
7.699650764,0.214952469,0.044293404,0.619929314,1.794592857,0.283982277,0.175452232,-0.070495605,0.086977005,-0.089298248,-0.063781738,-0.048843384,0.006546021,0.214952469,0.043910027,0.619929314,1.794592857,0.283982277,0.175068855,0.000004951,-6.107001781,5.129709721,1.328096747,-0.679197371,-0.001441035,-0.009078979,-6.096588135,5.194551468,1.370946884,-0.700480461,-0.008331299,0.000004951,-6.107001781,5.129709721,1.328096747,-0.679197371,-0.001441035,0.000000000,0.000000000,0.000000000,0.000000000,0.000000000,0.000000000,0.000000000,0.000000000,0.000000000,0.000000000,0.000000000,0.000000000,0.000000000,0.000000000,0.000000000,0.000000000,0.000000000,0.000000000,-0.009083930,0.010413647,0.064841747,0.042850137,-0.021283090,-0.006890264,-0.010683034,0.012035975,0.013140088,-0.013929241,-0.021218630,-0.007786068
7.709631443,0.214952469,0.043910027,0.619929314,1.794592857,0.283982277,0.175068855,-0.023498535,-0.018615723,0.049011230,0.144348145,0.030715942,-0.003524780,0.214952469,0.044293404,0.619929314,1.794592857,0.283598900,0.175068855,0.000004949,-6.110688210,5.127479076,1.328196049,-0.679541469,-0.001442060,-0.025161743,-6.076446533,5.160310745,1.379766464,-0.663309097,-0.000640869,0.000004949,-6.110688210,5.127479076,1.328196049,-0.679541469,-0.001442060,0.000000000,0.000000000,0.000000000,0.000000000,0.000000000,0.000000000,0.000000000,0.000000000,0.000000000,0.000000000,0.000000000,0.000000000,0.000000000,0.000000000,0.000000000,0.000000000,0.000000000,0.000000000,-0.025166692,0.034241676,0.032831669,0.051570415,0.016232371,0.000801191,-0.026765796,0.035864004,-0.018869991,-0.005208962,0.016296832,-0.000094614
7.719617367,0.214952469,0.044293404,0.619929314,1.794592857,0.283982277,0.175068855,0.027526855,-0.038146973,-0.098697662,-0.030212402,-0.039779663,-0.001510620,0.215335846,0.043910027,0.619929314,1.794592857,0.283982277,0.175068855,0.000004944,-6.107001781,5.129709721,1.328096747,-0.679197371,-0.001441035,0.005447388,-6.109405518,5.194032669,1.391180038,-0.687235832,-0.001495361,0.000004944,-6.107001781,5.129709721,1.328096747,-0.679197371,-0.001441035,0.000000000,0.000000000,0.000000000,0.000000000,0.000000000,0.000000000,0.000000000,0.000000000,0.000000000,0.000000000,0.000000000,0.000000000,0.000000000,0.000000000,0.000000000,0.000000000,0.000000000,0.000000000,0.005442444,-0.002403736,0.064322948,0.063083291,-0.008038461,-0.000054326,0.003843340,-0.000781408,0.012621289,0.006303914,-0.007974001,-0.000950130
7.729775429,0.214952469,0.043910027,0.619929314,1.794592857,0.283982277,0.175068855,-0.023498535,0.060119629,0.081237793,-0.125553131,0.003524780,-0.034744263,0.214952469,0.044293404,0.619929314,1.794592857,0.283982277,0.175068855,0.000004948,-6.110942841,5.127720356,1.328463912,-0.679465353,-0.001441861,0.000259399,-6.135040283,5.157197952,1.395851135,-0.702189445,-0.013885498,0.000004948,-6.110942841,5.127720356,1.328463912,-0.679465353,-0.001441861,0.000000000,0.000000000,0.000000000,0.000000000,0.000000000,0.000000000,0.000000000,0.000000000,0.000000000,0.000000000,0.000000000,0.000000000,0.000000000,0.000000000,0.000000000,0.000000000,0.000000000,0.000000000,0.000254451,-0.024097443,0.029477596,0.067387223,-0.022724092,-0.012443637,-0.001344653,-0.022475115,-0.022224063,0.010607846,-0.022659632,-0.013339441
7.739632130,0.215335846,0.043910027,0.619929314,1.794592857,0.283982277,0.175068855,-0.019470215,-0.134584427,-0.015441895,0.055725098,-0.012588501,-0.007553101,0.214952469,0.043910027,0.619929314,1.794592857,0.283982277,0.175068855,0.000004951,-6.107001781,5.129709721,1.328096747,-0.679197371,-0.001441035,-0.000259399,-6.146026611,5.192476273,1.382879257,-0.675699234,0.001068115,0.000004951,-6.107001781,5.129709721,1.328096747,-0.679197371,-0.001441035,0.000000000,0.000000000,0.000000000,0.000000000,0.000000000,0.000000000,0.000000000,0.000000000,0.000000000,0.000000000,0.000000000,0.000000000,0.000000000,0.000000000,0.000000000,0.000000000,0.000000000,0.000000000,-0.000264350,-0.039024830,0.062766552,0.054782510,0.003498137,0.002509150,-0.001863454,-0.037402502,0.011064892,-0.001996868,0.003562597,0.001613346
7.749656677,0.214952469,0.043910027,0.619545937,1.794592857,0.283982277,0.175068855,-0.065124512,-0.098573685,-0.003356934,0.128234863,-0.034744263,-0.012588501,0.215335846,0.043910027,0.619929314,1.794592857,0.283982277,0.175068855,0.000004944,-6.107001781,5.129709721,1.328096747,-0.679197371,-0.001441035,0.015823364,-6.138702393,5.194032669,1.392217636,-0.682535172,-0.004913330,0.000004944,-6.107001781,5.129709721,1.328096747,-0.679197371,-0.001441035,0.000000000,0.000000000,0.000000000,0.000000000,0.000000000,0.000000000,0.000000000,0.000000000,0.000000000,0.000000000,0.000000000,0.000000000,0.000000000,0.000000000,0.000000000,0.000000000,0.000000000,0.000000000,0.015818421,-0.031700611,0.064322948,0.064120889,-0.003337801,-0.003472295,0.014219317,-0.030078283,0.012621289,0.007341511,-0.003273340,-0.004368099
7.759617329,0.214952469,0.044293404,0.619929314,1.794592857,0.283982277,0.175068855,-0.010070801,-0.032653809,0.040954590,-0.082580566,0.005538940,0.023666382,0.214952469,0.043910027,0.619929314,1.794592857,0.283598900,0.175068855,0.000004951,-6.106747150,5.129468441,1.327828765,-0.679273486,-0.001441234,0.019454956,-6.043487549,5.177431107,1.406227112,-0.682107925,0.028411865,0.000004951,-6.106747150,5.129468441,1.327828765,-0.679273486,-0.001441234,0.000000000,0.000000000,0.000000000,0.000000000,0.000000000,0.000000000,0.000000000,0.000000000,0.000000000,0.000000000,0.000000000,0.000000000,0.000000000,0.000000000,0.000000000,0.000000000,0.000000000,0.000000000,0.019450005,0.063259602,0.047962666,0.078398347,-0.002834439,0.029853099,0.017850901,0.064881930,-0.003738994,0.021618969,-0.002769979,0.028957295
7.769900560,0.214952469,0.044293404,0.619929314,1.794592857,0.283982277,0.175068855,-0.007385254,-0.024108887,0.019470215,0.023498535,-0.006546021,0.007553101,0.214952469,0.043910027,0.619929314,1.794592857,0.283982277,0.175068855,0.000004951,-6.107001781,5.129709721,1.328096747,-0.679197371,-0.001441035,-0.003890991,-6.091094971,5.169130325,1.369909286,-0.705180168,0.007904053,0.000004951,-6.107001781,5.129709721,1.328096747,-0.679197371,-0.001441035,0.000000000,0.000000000,0.000000000,0.000000000,0.000000000,0.000000000,0.000000000,0.000000000,0.000000000,0.000000000,0.000000000,0.000000000,0.000000000,0.000000000,0.000000000,0.000000000,0.000000000,0.000000000,-0.003895942,0.015906811,0.039420605,0.041812539,-0.025982797,0.009345088,-0.005495046,0.017529139,-0.012281055,-0.014966838,-0.025918337,0.008449284
7.779628754,0.215335846,0.043910027,0.619929314,1.794592857,0.283982277,0.175068855,-0.014099121,-0.069276810,0.181949615,0.004699707,-0.007553101,-0.013595581,0.214952469,0.043910027,0.619929314,1.794592857,0.283982277,0.175068855,0.000004951,-6.107001781,5.129709721,1.328096747,-0.679197371,-0.001441035,-0.017898560,-6.122222900,5.193513870,1.393255234,-0.698771477,-0.015594482,0.000004951,-6.107001781,5.129709721,1.328096747,-0.679197371,-0.001441035,0.000000000,0.000000000,0.000000000,0.000000000,0.000000000,0.000000000,0.000000000,0.000000000,0.000000000,0.000000000,0.000000000,0.000000000,0.000000000,0.000000000,0.000000000,0.000000000,0.000000000,0.000000000,-0.017903510,-0.015221119,0.063804150,0.065158486,-0.019574106,-0.014153447,-0.019502614,-0.013598791,0.012102490,0.008379109,-0.019509646,-0.015049251
7.789654970,0.214952469,0.043910027,0.619929314,1.794592857,0.283982277,0.175068855,-0.116153717,-0.024108887,-0.043640137,0.053039551,-0.043807983,-0.047836304,0.214952469,0.043910027,0.619929314,1.794592857,0.283982277,0.175068855,0.000004951,-6.107001781,5.129709721,1.328096747,-0.679197371,-0.001441035,0.008560181,-6.105743408,5.190401077,1.393255234,-0.691935539,0.005767822,0.000004951,-6.107001781,5.129709721,1.328096747,-0.679197371,-0.001441035,0.000000000,0.000000000,0.000000000,0.000000000,0.000000000,0.000000000,0.000000000,0.000000000,0.000000000,0.000000000,0.000000000,0.000000000,0.000000000,0.000000000,0.000000000,0.000000000,0.000000000,0.000000000,0.008555230,0.001258373,0.060691357,0.065158486,-0.012738168,0.007208857,0.006956126,0.002880701,0.008989697,0.008379109,-0.012673708,0.006313053
7.799631596,0.214952469,0.044293404,0.619929314,1.794592857,0.283982277,0.175068855,0.042297363,-0.033264160,0.081237793,-0.012756348,-0.010574341,0.018630981,0.214952469,0.044293404,0.619929314,1.794592857,0.283982277,0.175068855,0.000004948,-6.110942841,5.127720356,1.328463912,-0.679465353,-0.001441861,0.007003784,-6.113067627,5.158235550,1.392217636,-0.660745621,0.013031006,0.000004948,-6.110942841,5.127720356,1.328463912,-0.679465353,-0.001441861,0.000000000,0.000000000,0.000000000,0.000000000,0.000000000,0.000000000,0.000000000,0.000000000,0.000000000,0.000000000,0.000000000,0.000000000,0.000000000,0.000000000,0.000000000,0.000000000,0.000000000,0.000000000,0.006998836,-0.002124786,0.030515194,0.063753724,0.018719733,0.014472867,0.005399732,-0.000502458,-0.021186466,0.006974347,0.018784193,0.013577063
7.809611082,0.214952469,0.044293404,0.619929314,1.794592857,0.283982277,0.175068855,0.004699707,0.053405762,-0.075866699,0.022155762,-0.018630981,-0.032730103,0.214952469,0.043910027,0.619929314,1.794592857,0.283982277,0.175068855,0.000004951,-6.107001781,5.129709721,1.328096747,-0.679197371,-0.001441035,-0.001296997,-6.109405518,5.181581497,1.381322861,-0.679544449,-0.034394264,0.000004951,-6.107001781,5.129709721,1.328096747,-0.679197371,-0.001441035,0.000000000,0.000000000,0.000000000,0.000000000,0.000000000,0.000000000,0.000000000,0.000000000,0.000000000,0.000000000,0.000000000,0.000000000,0.000000000,0.000000000,0.000000000,0.000000000,0.000000000,0.000000000,-0.001301948,-0.002403736,0.051871777,0.053226113,-0.000347078,-0.032953229,-0.002901052,-0.000781408,0.000170117,-0.003553264,-0.000282618,-0.033849033
7.819647551,0.215335846,0.043910027,0.619929314,1.794592857,0.283982277,0.175068855,-0.065124512,-0.077211380,-0.138980865,0.044982910,0.046829224,-0.005538940,0.214952469,0.044293404,0.619929314,1.794592857,0.283982277,0.175068855,0.000004948,-6.110942841,5.127720356,1.328463912,-0.679465353,-0.001441861,-0.024642944,-6.125885010,5.187288284,1.408821106,-0.677408218,0.005767822,0.000004948,-6.110942841,5.127720356,1.328463912,-0.679465353,-0.001441861,0.000000000,0.000000000,0.000000000,0.000000000,0.000000000,0.000000000,0.000000000,0.000000000,0.000000000,0.000000000,0.000000000,0.000000000,0.000000000,0.000000000,0.000000000,0.000000000,0.000000000,0.000000000,-0.024647893,-0.014942169,0.059567928,0.080357194,0.002057135,0.007209683,-0.026246997,-0.013319841,0.007866269,0.023577816,0.002121595,0.006313879
7.829672575,0.214952469,0.044293404,0.619929314,1.794592857,0.283982277,0.175068855,-0.028869629,0.025329590,0.165832520,-0.050354004,0.043807983,0.012588501,0.214952469,0.044293404,0.619929314,1.794592857,0.283982277,0.175068855,0.000004948,-6.110942841,5.127720356,1.328463912,-0.679465353,-0.001441861,-0.022567749,-6.136871338,5.157197952,1.384435654,-0.670572281,-0.007476807,0.000004948,-6.110942841,5.127720356,1.328463912,-0.679465353,-0.001441861,0.000000000,0.000000000,0.000000000,0.000000000,0.000000000,0.000000000,0.000000000,0.000000000,0.000000000,0.000000000,0.000000000,0.000000000,0.000000000,0.000000000,0.000000000,0.000000000,0.000000000,0.000000000,-0.022572698,-0.025928497,0.029477596,0.055971742,0.008893073,-0.006034946,-0.024171801,-0.024306169,-0.022224063,-0.000807636,0.008957533,-0.006930750
7.839642048,0.214952469,0.043910027,0.619929314,1.794592857,0.283598900,0.175068855,-0.011413574,-0.038757324,0.058410645,-0.171207428,-0.027694702,-0.031723022,0.214952469,0.043910027,0.619545937,1.794592857,0.283982277,0.175068855,0.000004952,-6.104901791,5.127720356,1.328463912,-0.679465353,-0.001441861,-0.001815796,-6.144195557,5.236055374,1.373540878,-0.699625969,0.001922607,0.000004952,-6.104901791,5.127720356,1.328463912,-0.679465353,-0.001441861,0.000000000,0.000000000,0.000000000,0.000000000,0.000000000,0.000000000,0.000000000,0.000000000,0.000000000,0.000000000,0.000000000,0.000000000,0.000000000,0.000000000,0.000000000,0.000000000,0.000000000,0.000000000,-0.001820748,-0.039293766,0.108335018,0.045076966,-0.020160615,0.003364468,-0.003419852,-0.037671438,0.056633359,-0.011702411,-0.020096155,0.002468664
7.849610090,0.215335846,0.044293404,0.619929314,1.794592857,0.283598900,0.175068855,0.016784668,0.033264160,0.058410645,0.034240723,-0.008560181,-0.027694702,0.214952469,0.044293404,0.619545937,1.794592857,0.283982277,0.175068855,0.000004950,-6.108841896,5.125729561,1.328830957,-0.679733217,-0.001442687,0.033981323,-6.098419189,5.187807083,1.372503281,-0.671426773,-0.010040283,0.000004950,-6.108841896,5.125729561,1.328830957,-0.679733217,-0.001442687,0.000000000,0.000000000,0.000000000,0.000000000,0.000000000,0.000000000,0.000000000,0.000000000,0.000000000,0.000000000,0.000000000,0.000000000,0.000000000,0.000000000,0.000000000,0.000000000,0.000000000,0.000000000,0.033976374,0.010422707,0.062077522,0.043672323,0.008306444,-0.008597597,0.032377270,0.012045035,0.010375863,-0.013107054,0.008370904,-0.009493401
7.859701395,0.214952469,0.044293404,0.619929314,1.794592857,0.283982277,0.175068855,-0.105411530,0.101015091,-0.018127441,0.172550201,0.001510620,0.032730103,0.214952469,0.044293404,0.619929314,1.794592857,0.283982277,0.175452232,0.000004948,-6.110943794,5.127720833,1.328464746,-0.679465175,-0.001441011,-0.015823364,-6.111236572,5.161867142,1.393255234,-0.679544449,-0.000213623,0.000004948,-6.110943794,5.127720833,1.328464746,-0.679465175,-0.001441011,0.000000000,0.000000000,0.000000000,0.000000000,0.000000000,0.000000000,0.000000000,0.000000000,0.000000000,0.000000000,0.000000000,0.000000000,0.000000000,0.000000000,0.000000000,0.000000000,0.000000000,0.000000000,-0.015828313,-0.000292778,0.034146309,0.064790487,-0.000079274,0.001227388,-0.017427417,0.001329550,-0.017555351,0.008011110,-0.000014814,0.000331584
7.869611979,0.214952469,0.044293404,0.619929314,1.794592857,0.283982277,0.175068855,-0.078552246,0.027160645,0.100036621,0.070495605,0.017623901,0.031723022,0.214952469,0.044293404,0.619929314,1.794592857,0.283982277,0.175068855,0.000004948,-6.110942841,5.127720356,1.328463912,-0.679465353,-0.001441861,-0.015823364,-6.094757080,5.175874710,1.393774033,-0.685954094,-0.015167236,0.000004948,-6.110942841,5.127720356,1.328463912,-0.679465353,-0.001441861,0.000000000,0.000000000,0.000000000,0.000000000,0.000000000,0.000000000,0.000000000,0.000000000,0.000000000,0.000000000,0.000000000,0.000000000,0.000000000,0.000000000,0.000000000,0.000000000,0.000000000,0.000000000,-0.015828313,0.016185760,0.048154354,0.065310121,-0.006488740,-0.013725375,-0.017427417,0.017808089,-0.003547305,0.008530743,-0.006424280,-0.014621179
7.879744291,0.214952469,0.044293404,0.619929314,1.794592857,0.283982277,0.175068855,0.094665527,0.056457520,-0.020812988,-0.121524811,-0.016616821,0.002517700,0.215335846,0.043910027,0.619929314,1.794592857,0.283598900,0.175068855,0.000004944,-6.106747150,5.129468441,1.327828765,-0.679273486,-0.001441234,-0.058366776,-6.092926025,5.191957474,1.368871689,-0.700053215,0.007049561,0.000004944,-6.106747150,5.129468441,1.327828765,-0.679273486,-0.001441234,0.000000000,0.000000000,0.000000000,0.000000000,0.000000000,0.000000000,0.000000000,0.000000000,0.000000000,0.000000000,0.000000000,0.000000000,0.000000000,0.000000000,0.000000000,0.000000000,0.000000000,0.000000000,-0.058371720,0.013821125,0.062489033,0.041042924,-0.020779729,0.008490794,-0.059970823,0.015443453,0.010787373,-0.015736454,-0.020715269,0.007594990
7.889611244,0.214952469,0.044293404,0.619929314,1.794592857,0.283982277,0.175068855,0.007385254,-0.022888184,0.071838379,-0.077209473,0.043807983,-0.016616821,0.215335846,0.044293404,0.619929314,1.794592857,0.283982277,0.175068855,0.000004941,-6.110942841,5.127720356,1.328463912,-0.679465353,-0.001441861,0.003890991,-6.149688721,5.148897171,1.391180038,-0.649637222,-0.013458252,0.000004941,-6.110942841,5.127720356,1.328463912,-0.679465353,-0.001441861,0.000000000,0.000000000,0.000000000,0.000000000,0.000000000,0.000000000,0.000000000,0.000000000,0.000000000,0.000000000,0.000000000,0.000000000,0.000000000,0.000000000,0.000000000,0.000000000,0.000000000,0.000000000,0.003886050,-0.038745880,0.021176815,0.062716126,0.029828131,-0.012016391,0.002286946,-0.037123552,-0.030524845,0.005936749,0.029892591,-0.012912195
7.899643660,0.214952469,0.044293404,0.619929314,1.794592857,0.283982277,0.175068855,0.034240723,0.015563965,-0.108097076,-0.026184082,0.016616821,-0.035751343,0.214952469,0.044293404,0.619929314,1.794592857,0.283982277,0.175068855,0.000004948,-6.110942841,5.127720356,1.328463912,-0.679465353,-0.001441861,-0.013229370,-6.113067627,5.191438675,1.429573059,-0.669290543,-0.005340576,0.000004948,-6.110942841,5.127720356,1.328463912,-0.679465353,-0.001441861,0.000000000,0.000000000,0.000000000,0.000000000,0.000000000,0.000000000,0.000000000,0.000000000,0.000000000,0.000000000,0.000000000,0.000000000,0.000000000,0.000000000,0.000000000,0.000000000,0.000000000,0.000000000,-0.013234319,-0.002124786,0.063718319,0.101109147,0.010174811,-0.003898715,-0.014833422,-0.000502458,0.012016659,0.044329770,0.010239271,-0.004794519
7.909654856,0.214952469,0.043910027,0.619929314,1.794592857,0.283982277,0.175068855,-0.082580566,-0.113222122,0.067810059,0.023498535,0.022659302,-0.019638062,0.214952469,0.044293404,0.619929314,1.794592857,0.283982277,0.175068855,0.000004948,-6.110942841,5.127720356,1.328463912,-0.679465353,-0.001441861,-0.010635376,-6.067291260,5.154603958,1.375097275,-0.686808586,0.006622314,0.000004948,-6.110942841,5.127720356,1.328463912,-0.679465353,-0.001441861,0.000000000,0.000000000,0.000000000,0.000000000,0.000000000,0.000000000,0.000000000,0.000000000,0.000000000,0.000000000,0.000000000,0.000000000,0.000000000,0.000000000,0.000000000,0.000000000,0.000000000,0.000000000,-0.010640324,0.043651581,0.026883602,0.046633363,-0.007343233,0.008064175,-0.012239428,0.045273909,-0.024818057,-0.010146015,-0.007278772,0.007168371
7.919881344,0.215335846,0.043910027,0.619929314,1.794592857,0.283982277,0.175068855,0.051696777,-0.007019043,-0.006042480,0.038269043,-0.024673462,-0.011581421,0.214952469,0.043910027,0.619929314,1.794592857,0.283982277,0.175068855,0.000004951,-6.107001781,5.129709721,1.328096747,-0.679197371,-0.001441035,0.012191772,-6.052642822,5.208559036,1.356939316,-0.676980972,-0.008758545,0.000004951,-6.107001781,5.129709721,1.328096747,-0.679197371,-0.001441035,0.000000000,0.000000000,0.000000000,0.000000000,0.000000000,0.000000000,0.000000000,0.000000000,0.000000000,0.000000000,0.000000000,0.000000000,0.000000000,0.000000000,0.000000000,0.000000000,0.000000000,0.000000000,0.012186822,0.054358959,0.078849316,0.028842568,0.002216399,-0.007317510,0.010587718,0.055981287,0.027147656,-0.027936809,0.002280859,-0.008213314
7.929859400,0.214952469,0.044293404,0.619929314,1.794592857,0.283982277,0.175068855,0.035583496,0.044860840,0.019470215,-0.034240723,0.069992065,-0.015609741,0.215335846,0.044293404,0.619929314,1.794592857,0.283982277,0.175068855,0.000004941,-6.110942841,5.127720356,1.328463912,-0.679465353,-0.001441861,-0.053178787,-6.107574463,5.139558792,1.389623642,-0.694499016,-0.007904053,0.000004941,-6.110942841,5.127720356,1.328463912,-0.679465353,-0.001441861,0.000000000,0.000000000,0.000000000,0.000000000,0.000000000,0.000000000,0.000000000,0.000000000,0.000000000,0.000000000,0.000000000,0.000000000,0.000000000,0.000000000,0.000000000,0.000000000,0.000000000,0.000000000,-0.053183729,0.003368378,0.011838436,0.061159730,-0.015033662,-0.006462192,-0.054782832,0.004990706,-0.039863223,0.004380352,-0.014969202,-0.007357996
7.939848900,0.214952469,0.044293404,0.619929314,1.794592857,0.283982277,0.175068855,-0.003356934,-0.049745560,-0.006042480,0.054382324,0.015609741,-0.027694702,0.214952469,0.044293404,0.619929314,1.794592857,0.283982277,0.175452232,0.000004948,-6.110943794,5.127720833,1.328464746,-0.679465175,-0.001441011,0.043838501,-6.158843994,5.168611526,1.372503281,-0.695353508,-0.000213623,0.000004948,-6.110943794,5.127720833,1.328464746,-0.679465175,-0.001441011,0.000000000,0.000000000,0.000000000,0.000000000,0.000000000,0.000000000,0.000000000,0.000000000,0.000000000,0.000000000,0.000000000,0.000000000,0.000000000,0.000000000,0.000000000,0.000000000,0.000000000,0.000000000,0.043833552,-0.047900200,0.040890694,0.044038534,-0.015888333,0.001227388,0.042234449,-0.046277872,-0.010810966,-0.012740843,-0.015823873,0.000331584
7.949784040,0.214952469,0.044293404,0.619929314,1.794592857,0.283982277,0.175068855,0.096008301,0.086366653,0.130920410,0.038269043,-0.054885864,-0.008560181,0.214952469,0.044293404,0.619929314,1.794592857,0.283982277,0.175068855,0.000004948,-6.110942841,5.127720356,1.328463912,-0.679465353,-0.001441861,0.007522583,-6.114898682,5.176912308,1.334112167,-0.708170891,-0.009185791,0.000004948,-6.110942841,5.127720356,1.328463912,-0.679465353,-0.001441861,0.000000000,0.000000000,0.000000000,0.000000000,0.000000000,0.000000000,0.000000000,0.000000000,0.000000000,0.000000000,0.000000000,0.000000000,0.000000000,0.000000000,0.000000000,0.000000000,0.000000000,0.000000000,0.007517635,-0.003955841,0.049191952,0.005648255,-0.028705537,-0.007743930,0.005918531,-0.002333513,-0.002509708,-0.051131122,-0.028641077,-0.008639734
7.959611654,0.214952469,0.043910027,0.619929314,1.794592857,0.283982277,0.175068855,0.024841309,-0.076601028,0.098693848,-0.153751373,-0.016616821,-0.046829224,0.214952469,0.044293404,0.619929314,1.794592857,0.283982277,0.175068855,0.000004948,-6.110942841,5.127720356,1.328463912,-0.679465353,-0.001441861,0.000778198,-6.105743408,5.192995071,1.389623642,-0.674844742,-0.010040283,0.000004948,-6.110942841,5.127720356,1.328463912,-0.679465353,-0.001441861,0.000000000,0.000000000,0.000000000,0.000000000,0.000000000,0.000000000,0.000000000,0.000000000,0.000000000,0.000000000,0.000000000,0.000000000,0.000000000,0.000000000,0.000000000,0.000000000,0.000000000,0.000000000,0.000773250,0.005199432,0.065274715,0.061159730,0.004620612,-0.008598422,-0.000825854,0.006821760,0.013573056,0.004380352,0.004685072,-0.009494226
7.969613552,0.215335846,0.044293404,0.619929314,1.794592857,0.283982277,0.175068855,0.152404785,0.004577637,0.114807129,-0.036926270,-0.054885864,-0.046829224,0.214952469,0.043910027,0.619929314,1.794592857,0.283982277,0.175068855,0.000004951,-6.107001781,5.129709721,1.328096747,-0.679197371,-0.001441035,-0.007522583,-6.081939697,5.184175491,1.391180038,-0.676126480,0.001068115,0.000004951,-6.107001781,5.129709721,1.328096747,-0.679197371,-0.001441035,0.000000000,0.000000000,0.000000000,0.000000000,0.000000000,0.000000000,0.000000000,0.000000000,0.000000000,0.000000000,0.000000000,0.000000000,0.000000000,0.000000000,0.000000000,0.000000000,0.000000000,0.000000000,-0.007527534,0.025062084,0.054465771,0.063083291,0.003070891,0.002509150,-0.009126638,0.026684412,0.002764111,0.006303914,0.003135351,0.001613346
7.979618311,0.214952469,0.043910027,0.619929314,1.794592857,0.283982277,0.175068855,0.149719238,0.013122559,0.023498535,-0.008728027,-0.021652222,-0.034744263,0.214952469,0.044293404,0.619929314,1.794592857,0.283982277,0.175068855,0.000004948,-6.110942841,5.127720356,1.328463912,-0.679465353,-0.001441861,-0.019454956,-6.166168213,5.182619095,1.355382919,-0.660318375,-0.024139404,0.000004948,-6.110942841,5.127720356,1.328463912,-0.679465353,-0.001441861,0.000000000,0.000000000,0.000000000,0.000000000,0.000000000,0.000000000,0.000000000,0.000000000,0.000000000,0.000000000,0.000000000,0.000000000,0.000000000,0.000000000,0.000000000,0.000000000,0.000000000,0.000000000,-0.019459905,-0.055225372,0.054898739,0.026919007,0.019146979,-0.022697543,-0.021059008,-0.053603044,0.003197079,-0.029860370,0.019211439,-0.023593347
7.989800692,0.214952469,0.043910027,0.619929314,1.794592857,0.283982277,0.175068855,0.020812988,0.032653809,0.141662598,-0.050354004,-0.007553101,-0.013595581,0.214952469,0.043910027,0.619929314,1.794592857,0.283982277,0.175068855,0.000004951,-6.107001781,5.129709721,1.328096747,-0.679197371,-0.001441035,-0.008041382,-6.113067627,5.182619095,1.396888733,-0.676980972,0.002349854,0.000004951,-6.107001781,5.129709721,1.328096747,-0.679197371,-0.001441035,0.000000000,0.000000000,0.000000000,0.000000000,0.000000000,0.000000000,0.000000000,0.000000000,0.000000000,0.000000000,0.000000000,0.000000000,0.000000000,0.000000000,0.000000000,0.000000000,0.000000000,0.000000000,-0.008046333,-0.006065845,0.052909374,0.068791986,0.002216399,0.003790889,-0.009645436,-0.004443517,0.001207715,0.012012608,0.002280859,0.002895085
7.999623537,0.215335846,0.043910027,0.619929314,1.794592857,0.283982277,0.175068855,0.124206543,-0.023498535,0.089294434,0.018127441,-0.001510620,0.016616821,0.214952469,0.044293404,0.619929314,1.794592857,0.283982277,0.175068855,0.000004948,-6.110942841,5.127720356,1.328463912,-0.679465353,-0.001441861,0.019973755,-6.118560791,5.181062698,1.387029648,-0.683389664,0.024139404,0.000004948,-6.110942841,5.127720356,1.328463912,-0.679465353,-0.001441861,0.000000000,0.000000000,0.000000000,0.000000000,0.000000000,0.000000000,0.000000000,0.000000000,0.000000000,0.000000000,0.000000000,0.000000000,0.000000000,0.000000000,0.000000000,0.000000000,0.000000000,0.000000000,0.019968806,-0.007617950,0.053342342,0.058565736,-0.003924310,0.025581265,0.018369703,-0.005995622,0.001640683,0.001786358,-0.003859850,0.024685461
8.009645462,0.214952469,0.044293404,0.619929314,1.794592857,0.283982277,0.175068855,0.020812988,-0.019226074,-0.050354004,-0.070495605,0.053878784,-0.034744263,0.214952469,0.044293404,0.619929314,1.794592857,0.283982277,0.175068855,0.000004948,-6.110942841,5.127720356,1.328463912,-0.679465353,-0.001441861,-0.017379761,-6.125885010,5.200777054,1.410377502,-0.685954094,-0.001068115,0.000004948,-6.110942841,5.127720356,1.328463912,-0.679465353,-0.001441861,0.000000000,0.000000000,0.000000000,0.000000000,0.000000000,0.000000000,0.000000000,0.000000000,0.000000000,0.000000000,0.000000000,0.000000000,0.000000000,0.000000000,0.000000000,0.000000000,0.000000000,0.000000000,-0.017384709,-0.014942169,0.073056698,0.081913590,-0.006488740,0.000373746,-0.018983813,-0.013319841,0.021355038,0.025134213,-0.006424280,-0.000522058
8.019673347,0.215335846,0.043910027,0.619929314,1.794592857,0.283982277,0.175452232,0.028869629,-0.011291504,0.098693848,-0.063781738,-0.006546021,0.041793823,0.214952469,0.044293404,0.619929314,1.794592857,0.283982277,0.175068855,0.000004948,-6.110942841,5.127720356,1.328463912,-0.679465353,-0.001441861,0.022048950,-6.151519775,5.223604202,1.379766464,-0.680826187,0.007904053,0.000004948,-6.110942841,5.127720356,1.328463912,-0.679465353,-0.001441861,0.000000000,0.000000000,0.000000000,0.000000000,0.000000000,0.000000000,0.000000000,0.000000000,0.000000000,0.000000000,0.000000000,0.000000000,0.000000000,0.000000000,0.000000000,0.000000000,0.000000000,0.000000000,0.022044002,-0.040576935,0.095883846,0.051302552,-0.001360834,0.009345914,0.020444898,-0.038954607,0.044182187,-0.005476825,-0.001296373,0.008450110
8.029654741,0.214952469,0.044293404,0.619929314,1.794592857,0.283982277,0.175068855,0.011413574,0.046691895,0.067810059,0.071838379,0.018630981,-0.030715942,0.214952469,0.044293404,0.619929314,1.794592857,0.283982277,0.175068855,0.000004948,-6.110942841,5.127720356,1.328463912,-0.679465353,-0.001441861,0.015823364,-6.138702393,5.120882034,1.393774033,-0.679544449,0.010040283,0.000004948,-6.110942841,5.127720356,1.328463912,-0.679465353,-0.001441861,0.000000000,0.000000000,0.000000000,0.000000000,0.000000000,0.000000000,0.000000000,0.000000000,0.000000000,0.000000000,0.000000000,0.000000000,0.000000000,0.000000000,0.000000000,0.000000000,0.000000000,0.000000000,0.015818416,-0.027759552,-0.006838322,0.065310121,-0.000079095,0.011482144,0.014219312,-0.026137224,-0.058539981,0.008530743,-0.000014635,0.010586340
8.039610624,0.214952469,0.044293404,0.619545937,1.794592857,0.283982277,0.175452232,0.098693848,0.105287552,-0.110782623,0.014099121,0.035751343,0.042800903,0.215335846,0.044293404,0.619545937,1.794592857,0.283982277,0.175068855,0.000004943,-6.108841896,5.125729561,1.328830957,-0.679733217,-0.001442687,-0.012710571,-6.072784424,5.206483841,1.383398056,-0.682535172,0.009185791,0.000004943,-6.108841896,5.125729561,1.328830957,-0.679733217,-0.001442687,0.000000000,0.000000000,0.000000000,0.000000000,0.000000000,0.000000000,0.000000000,0.000000000,0.000000000,0.000000000,0.000000000,0.000000000,0.000000000,0.000000000,0.000000000,0.000000000,0.000000000,0.000000000,-0.012715514,0.036057472,0.080754280,0.054567099,-0.002801955,0.010628478,-0.014314618,0.037679800,0.029052621,-0.002212279,-0.002737495,0.009732674
8.049644709,0.214952469,0.043910027,0.619929314,1.794592857,0.283982277,0.175068855,0.039611816,-0.097352982,0.141662598,-0.022155762,0.063949585,-0.023666382,0.214952469,0.044293404,0.619929314,1.794592857,0.283982277,0.175068855,0.000004948,-6.110942841,5.127720356,1.328463912,-0.679465353,-0.001441861,0.010116577,-6.045318604,5.208559036,1.369909286,-0.681680679,0.002777100,0.000004948,-6.110942841,5.127720356,1.328463912,-0.679465353,-0.001441861,0.000000000,0.000000000,0.000000000,0.000000000,0.000000000,0.000000000,0.000000000,0.000000000,0.000000000,0.000000000,0.000000000,0.000000000,0.000000000,0.000000000,0.000000000,0.000000000,0.000000000,0.000000000,0.010111629,0.065624237,0.080838680,0.041445374,-0.002215326,0.004218961,0.008512525,0.067246565,0.029137021,-0.015334003,-0.002150866,0.003323156
8.059756517,0.214952469,0.044293404,0.619929314,1.794592857,0.283982277,0.175068855,0.030212402,-0.027160645,-0.061096191,-0.000671387,-0.042800903,0.044815063,0.214952469,0.043910027,0.619929314,1.794592857,0.283982277,0.175068855,0.000004951,-6.107001781,5.129709721,1.328096747,-0.679197371,-0.001441035,-0.088457108,-6.072784424,5.197664261,1.375616074,-0.658609390,0.010467529,0.000004951,-6.107001781,5.129709721,1.328096747,-0.679197371,-0.001441035,0.000000000,0.000000000,0.000000000,0.000000000,0.000000000,0.000000000,0.000000000,0.000000000,0.000000000,0.000000000,0.000000000,0.000000000,0.000000000,0.000000000,0.000000000,0.000000000,0.000000000,0.000000000,-0.088462058,0.034217358,0.067954540,0.047519326,0.020587981,0.011908564,-0.090061162,0.035839686,0.016252881,-0.009260051,0.020652441,0.011012760
8.069636822,0.214952469,0.044293404,0.619545937,1.794592857,0.283598900,0.175068855,-0.008728027,-0.102846146,-0.101383209,-0.085266113,-0.073017120,-0.013595581,0.214952469,0.044293404,0.619929314,1.794592857,0.283982277,0.175068855,0.000004948,-6.110942841,5.127720356,1.328463912,-0.679465353,-0.001441861,-0.027236938,-6.105743408,5.209077835,1.388067245,-0.659463882,-0.006622314,0.000004948,-6.110942841,5.127720356,1.328463912,-0.679465353,-0.001441861,0.000000000,0.000000000,0.000000000,0.000000000,0.000000000,0.000000000,0.000000000,0.000000000,0.000000000,0.000000000,0.000000000,0.000000000,0.000000000,0.000000000,0.000000000,0.000000000,0.000000000,0.000000000,-0.027241887,0.005199432,0.081357479,0.059603333,0.020001471,-0.005180454,-0.028840991,0.006821760,0.029655820,0.002823956,0.020065931,-0.006076258
8.079622984,0.214952469,0.043910027,0.619929314,1.794592857,0.283982277,0.175068855,0.112121582,0.056457520,-0.081237793,-0.018127441,0.021652222,-0.013595581,0.214952469,0.044293404,0.619929314,1.794592857,0.283982277,0.175068855,0.000004948,-6.110942841,5.127720356,1.328463912,-0.679465353,-0.001441861,0.019973755,-6.114898682,5.186769485,1.382879257,-0.681680679,-0.001495361,0.000004948,-6.110942841,5.127720356,1.328463912,-0.679465353,-0.001441861,0.000000000,0.000000000,0.000000000,0.000000000,0.000000000,0.000000000,0.000000000,0.000000000,0.000000000,0.000000000,0.000000000,0.000000000,0.000000000,0.000000000,0.000000000,0.000000000,0.000000000,0.000000000,0.019968806,-0.003955841,0.059049129,0.054415345,-0.002215326,-0.000053500,0.018369703,-0.002333513,0.007347470,-0.002364032,-0.002150866,-0.000949304
8.089743614,0.214952469,0.044293404,0.619929314,1.794592857,0.283982277,0.175068855,0.096008301,0.034484863,0.040954590,0.120178223,-0.000503540,0.005538940,0.214952469,0.044293404,0.619929314,1.794592857,0.283982277,0.175068855,0.000004948,-6.110942841,5.127720356,1.328463912,-0.679465353,-0.001441861,0.009597778,-6.122222900,5.191438675,1.378728867,-0.663309097,0.014739990,0.000004948,-6.110942841,5.127720356,1.328463912,-0.679465353,-0.001441861,0.000000000,0.000000000,0.000000000,0.000000000,0.000000000,0.000000000,0.000000000,0.000000000,0.000000000,0.000000000,0.000000000,0.000000000,0.000000000,0.000000000,0.000000000,0.000000000,0.000000000,0.000000000,0.009592830,-0.011280060,0.063718319,0.050264955,0.016156256,0.016181851,0.007993726,-0.009657732,0.012016659,-0.006514423,0.016220716,0.015286047
8.099632025,0.215335846,0.043910027,0.619545937,1.794592857,0.283982277,0.175068855,0.065124512,-0.052186966,-0.113468170,-0.094669342,0.018630981,0.008560181,0.214952469,0.044293404,0.619929314,1.794592857,0.283982277,0.175068855,0.000004948,-6.110942841,5.127720356,1.328463912,-0.679465353,-0.001441861,-0.016342163,-6.135040283,5.176912308,1.430091858,-0.657327652,0.013458252,0.000004948,-6.110942841,5.127720356,1.328463912,-0.679465353,-0.001441861,0.000000000,0.000000000,0.000000000,0.000000000,0.000000000,0.000000000,0.000000000,0.000000000,0.000000000,0.000000000,0.000000000,0.000000000,0.000000000,0.000000000,0.000000000,0.000000000,0.000000000,0.000000000,-0.016347112,-0.024097443,0.049191952,0.101627946,0.022137702,0.014900113,-0.017946215,-0.022475115,-0.002509708,0.044848568,0.022202162,0.014004309
8.109838247,0.214952469,0.044293404,0.619929314,1.794209480,0.283598900,0.175452232,0.065124512,0.005798340,-0.044982910,-0.219547272,-0.041793823,0.031723022,0.214952469,0.044293404,0.619929314,1.794209480,0.283598900,0.175068855,0.000004949,-6.111036777,5.127809525,1.328563094,-0.679809332,-0.001442885,0.032424927,-6.098419189,5.175355911,1.390661240,-0.679544449,-0.039948463,0.000004949,-6.111036777,5.127809525,1.328563094,-0.679809332,-0.001442885,0.000000000,0.000000000,0.000000000,0.000000000,0.000000000,0.000000000,0.000000000,0.000000000,0.000000000,0.000000000,0.000000000,0.000000000,0.000000000,0.000000000,0.000000000,0.000000000,0.000000000,0.000000000,0.032419978,0.012617588,0.047546387,0.062098145,0.000264883,-0.038505578,0.030820874,0.014239916,-0.004155273,0.005318768,0.000329343,-0.039401382
8.119703293,0.214952469,0.044293404,0.619545937,1.794592857,0.283982277,0.175452232,-0.074523926,-0.003967285,0.015441895,-0.102725983,0.054885864,0.060928345,0.214952469,0.044293404,0.619929314,1.794592857,0.283982277,0.175068855,0.000004948,-6.110942841,5.127720356,1.328463912,-0.679465353,-0.001441861,-0.000778198,-6.054473877,5.195589066,1.382879257,-0.668008804,0.022857666,0.000004948,-6.110942841,5.127720356,1.328463912,-0.679465353,-0.001441861,0.000000000,0.000000000,0.000000000,0.000000000,0.000000000,0.000000000,0.000000000,0.000000000,0.000000000,0.000000000,0.000000000,0.000000000,0.000000000,0.000000000,0.000000000,0.000000000,0.000000000,0.000000000,-0.000783147,0.056468964,0.067868710,0.054415345,0.011456549,0.024299527,-0.002382251,0.058091292,0.016167050,-0.002364032,0.011521009,0.023403723
8.129625082,0.214952469,0.043910027,0.619929314,1.794592857,0.283982277,0.175068855,0.030212402,0.034484863,0.003356934,-0.002014160,0.057907104,0.009567261,0.214952469,0.044293404,0.619929314,1.794592857,0.283982277,0.175068855,0.000004948,-6.110942841,5.127720356,1.328463912,-0.679465353,-0.001441861,-0.012710571,-6.114898682,5.201814651,1.367834091,-0.690226555,-0.015167236,0.000004948,-6.110942841,5.127720356,1.328463912,-0.679465353,-0.001441861,0.000000000,0.000000000,0.000000000,0.000000000,0.000000000,0.000000000,0.000000000,0.000000000,0.000000000,0.000000000,0.000000000,0.000000000,0.000000000,0.000000000,0.000000000,0.000000000,0.000000000,0.000000000,-0.012715520,-0.003955841,0.074094296,0.039370179,-0.010761201,-0.013725375,-0.014314624,-0.002333513,0.022392636,-0.017409198,-0.010696741,-0.014621179
8.139710426,0.214952469,0.043910027,0.619929314,1.794592857,0.283982277,0.175068855,0.102722168,0.116884232,-0.151065826,-0.062438965,-0.029708862,-0.065967560,0.214952469,0.044293404,0.619929314,1.794592857,0.283598900,0.175068855,0.000004949,-6.110688210,5.127479076,1.328196049,-0.679541469,-0.001442060,0.021011353,-6.081939697,5.189363480,1.394292831,-0.684672356,0.021148682,0.000004949,-6.110688210,5.127479076,1.328196049,-0.679541469,-0.001442060,0.000000000,0.000000000,0.000000000,0.000000000,0.000000000,0.000000000,0.000000000,0.000000000,0.000000000,0.000000000,0.000000000,0.000000000,0.000000000,0.000000000,0.000000000,0.000000000,0.000000000,0.000000000,0.021006404,0.028748512,0.061884403,0.066096783,-0.005130887,0.022590741,0.019407300,0.030370840,0.010182744,0.009317405,-0.005066427,0.021694937
8.149865150,0.214952469,0.044293404,0.619929314,1.794592857,0.283598900,0.175068855,-0.026184082,0.015563965,0.047668457,-0.014099121,-0.034744263,-0.026687622,0.214952469,0.043910027,0.619929314,1.794592857,0.283982277,0.175068855,0.000004951,-6.107001781,5.129709721,1.328096747,-0.679197371,-0.001441035,-0.002334595,-6.100250244,5.145784378,1.341375351,-0.691081047,0.003204346,0.000004951,-6.107001781,5.129709721,1.328096747,-0.679197371,-0.001441035,0.000000000,0.000000000,0.000000000,0.000000000,0.000000000,0.000000000,0.000000000,0.000000000,0.000000000,0.000000000,0.000000000,0.000000000,0.000000000,0.000000000,0.000000000,0.000000000,0.000000000,0.000000000,-0.002339546,0.006751537,0.016074657,0.013278604,-0.011883676,0.004645381,-0.003938649,0.008373865,-0.035627002,-0.043500774,-0.011819216,0.003749577
8.159823418,0.214952469,0.043910027,0.619929314,1.794592857,0.283982277,0.175068855,0.098693848,-0.136415482,0.130920410,-0.014099121,0.036758423,0.018630981,0.215335846,0.043910027,0.619929314,1.794592857,0.283982277,0.175068855,0.000004944,-6.107001781,5.129709721,1.328096747,-0.679197371,-0.001441035,0.008041382,-6.129547119,5.177949905,1.393255234,-0.685954094,-0.004486084,0.000004944,-6.107001781,5.129709721,1.328096747,-0.679197371,-0.001441035,0.000000000,0.000000000,0.000000000,0.000000000,0.000000000,0.000000000,0.000000000,0.000000000,0.000000000,0.000000000,0.000000000,0.000000000,0.000000000,0.000000000,0.000000000,0.000000000,0.000000000,0.000000000,0.008036438,-0.022545338,0.048240185,0.065158486,-0.006756723,-0.003045049,0.006437334,-0.020923010,-0.003461475,0.008379109,-0.006692263,-0.003940853
8.169819117,0.214952469,0.043910027,0.619929314,1.794976234,0.283982277,0.175068855,0.067810059,-0.090639114,0.028869629,0.073181152,0.018630981,0.021652222,0.214952469,0.044293404,0.619929314,1.794592857,0.283982277,0.175068855,0.000004948,-6.110942841,5.127720356,1.328463912,-0.679465353,-0.001441861,0.008560181,-6.069122314,5.196107864,1.383916855,-0.687663078,-0.018585205,0.000004948,-6.110942841,5.127720356,1.328463912,-0.679465353,-0.001441861,0.000000000,0.000000000,0.000000000,0.000000000,0.000000000,0.000000000,0.000000000,0.000000000,0.000000000,0.000000000,0.000000000,0.000000000,0.000000000,0.000000000,0.000000000,0.000000000,0.000000000,0.000000000,0.008555232,0.041820526,0.068387508,0.055452943,-0.008197725,-0.017143344,0.006956128,0.043442854,0.016685849,-0.001326435,-0.008133265,-0.018039148
8.179611206,0.214952469,0.043910027,0.619929314,1.794592857,0.283982277,0.175068855,-0.051696777,0.012512207,0.004699707,-0.069152832,-0.021652222,-0.027694702,0.215335846,0.044293404,0.619929314,1.794592857,0.283982277,0.175068855,0.000004941,-6.110942841,5.127720356,1.328463912,-0.679465353,-0.001441861,-0.010635376,-6.122222900,5.185213089,1.336187363,-0.652200699,-0.001922607,0.000004941,-6.110942841,5.127720356,1.328463912,-0.679465353,-0.001441861,0.000000000,0.000000000,0.000000000,0.000000000,0.000000000,0.000000000,0.000000000,0.000000000,0.000000000,0.000000000,0.000000000,0.000000000,0.000000000,0.000000000,0.000000000,0.000000000,0.000000000,0.000000000,-0.010640317,-0.011280060,0.057492733,0.007723451,0.027264655,-0.000480747,-0.012239421,-0.009657732,0.005791073,-0.049055927,0.027329115,-0.001376551
8.189765453,0.214952469,0.044293404,0.619929314,1.794592857,0.283982277,0.175068855,-0.087955475,0.021057129,0.109436035,0.081237793,-0.019638062,-0.022659302,0.214952469,0.044293404,0.619929314,1.794592857,0.283982277,0.175068855,0.000004948,-6.110942841,5.127720356,1.328463912,-0.679465353,-0.001441861,-0.006484985,-6.116729736,5.111541748,1.410377502,-0.686808586,0.007049561,0.000004948,-6.110942841,5.127720356,1.328463912,-0.679465353,-0.001441861,0.000000000,0.000000000,0.000000000,0.000000000,0.000000000,0.000000000,0.000000000,0.000000000,0.000000000,0.000000000,0.000000000,0.000000000,0.000000000,0.000000000,0.000000000,0.000000000,0.000000000,0.000000000,-0.006489934,-0.005786896,-0.016178608,0.081913590,-0.007343233,0.008491421,-0.008089038,-0.004164568,-0.067880268,0.025134213,-0.007278772,0.007595617
8.199639082,0.215335846,0.044293404,0.619929314,1.794592857,0.283982277,0.175068855,0.046325684,0.115053177,0.066467285,-0.077209473,-0.061935425,0.006546021,0.214952469,0.044293404,0.619929314,1.794592857,0.283982277,0.175068855,0.000004948,-6.110942841,5.127720356,1.328463912,-0.679465353,-0.001441861,0.032424927,-6.080108643,5.166536331,1.392217636,-0.681253433,-0.003631592,0.000004948,-6.110942841,5.127720356,1.328463912,-0.679465353,-0.001441861,0.000000000,0.000000000,0.000000000,0.000000000,0.000000000,0.000000000,0.000000000,0.000000000,0.000000000,0.000000000,0.000000000,0.000000000,0.000000000,0.000000000,0.000000000,0.000000000,0.000000000,0.000000000,0.032419978,0.030834198,0.038815975,0.063753724,-0.001788080,-0.002189731,0.030820874,0.032456526,-0.012885684,0.006974347,-0.001723620,-0.003085535
8.209584951,0.214952469,0.044293404,0.619929314,1.794592857,0.283982277,0.175068855,-0.062438965,0.070495605,0.094665527,0.018127441,0.040786743,0.017623901,0.214952469,0.044293404,0.619929314,1.794592857,0.283982277,0.175068855,0.000004948,-6.110942841,5.127720356,1.328463912,-0.679465353,-0.001441861,-0.010116577,-6.127716064,5.185731888,1.390142441,-0.690226555,-0.004058838,0.000004948,-6.110942841,5.127720356,1.328463912,-0.679465353,-0.001441861,0.000000000,0.000000000,0.000000000,0.000000000,0.000000000,0.000000000,0.000000000,0.000000000,0.000000000,0.000000000,0.000000000,0.000000000,0.000000000,0.000000000,0.000000000,0.000000000,0.000000000,0.000000000,-0.010121526,-0.016773224,0.058011532,0.061678529,-0.010761201,-0.002616977,-0.011720629,-0.015150896,0.006309872,0.004899151,-0.010696741,-0.003512781
8.219617128,0.215335846,0.044293404,0.619929314,1.794592857,0.283982277,0.175068855,0.061096191,0.022888184,0.030212402,0.022155762,0.034744263,-0.022659302,0.214952469,0.044293404,0.619929314,1.794592857,0.283982277,0.175068855,0.000004948,-6.110942841,5.127720356,1.328463912,-0.679465353,-0.001441861,-0.024642944,-6.116729736,5.204927444,1.391698837,-0.697916985,-0.011749268,0.000004948,-6.110942841,5.127720356,1.328463912,-0.679465353,-0.001441861,0.000000000,0.000000000,0.000000000,0.000000000,0.000000000,0.000000000,0.000000000,0.000000000,0.000000000,0.000000000,0.000000000,0.000000000,0.000000000,0.000000000,0.000000000,0.000000000,0.000000000,0.000000000,-0.024647893,-0.005786896,0.077207088,0.063234925,-0.018451631,-0.010307407,-0.026246997,-0.004164568,0.025505429,0.006455548,-0.018387171,-0.011203211
8.229781628,0.214952469,0.044293404,0.619929314,1.794592857,0.283982277,0.175068855,0.093322754,0.016784668,0.012756348,-0.062438965,-0.035751343,-0.007553101,0.214952469,0.044293404,0.619929314,1.794592857,0.283982277,0.175068855,0.000004948,-6.110942841,5.127720356,1.328463912,-0.679465353,-0.001441861,-0.012710571,-6.164337158,5.178468704,1.385992050,-0.673563004,-0.006622314,0.000004948,-6.110942841,5.127720356,1.328463912,-0.679465353,-0.001441861,0.000000000,0.000000000,0.000000000,0.000000000,0.000000000,0.000000000,0.000000000,0.000000000,0.000000000,0.000000000,0.000000000,0.000000000,0.000000000,0.000000000,0.000000000,0.000000000,0.000000000,0.000000000,-0.012715520,-0.053394318,0.050748348,0.057528138,0.005902350,-0.005180454,-0.014314624,-0.051771990,-0.000953311,0.000748761,0.005966810,-0.006076258
8.239660740,0.214952469,0.043910027,0.619929314,1.794592857,0.283982277,0.175068855,0.065124512,-0.077821732,0.188663483,0.105407715,0.002517700,0.028701782,0.214952469,0.043910027,0.619929314,1.794592857,0.283982277,0.175068855,0.000004951,-6.107001781,5.129709721,1.328096747,-0.679197371,-0.001441035,-0.000259399,-6.140533447,5.147340775,1.400001526,-0.670572281,-0.006622314,0.000004951,-6.107001781,5.129709721,1.328096747,-0.679197371,-0.001441035,0.000000000,0.000000000,0.000000000,0.000000000,0.000000000,0.000000000,0.000000000,0.000000000,0.000000000,0.000000000,0.000000000,0.000000000,0.000000000,0.000000000,0.000000000,0.000000000,0.000000000,0.000000000,-0.000264350,-0.033531666,0.017631054,0.071904778,0.008625090,-0.005181279,-0.001863454,-0.031909338,-0.034070606,0.015125401,0.008689550,-0.006077083
8.249614954,0.214952469,0.044293404,0.619929314,1.794592857,0.283982277,0.175068855,0.069152832,0.115053177,0.130920410,-0.089298248,0.023666382,-0.015609741,0.214952469,0.043910027,0.619545937,1.794592857,0.283982277,0.175068855,0.000004952,-6.104901791,5.127720356,1.328463912,-0.679465353,-0.001441861,-0.003890991,-6.069122314,5.194032669,1.362646103,-0.673990250,-0.002349854,0.000004952,-6.104901791,5.127720356,1.328463912,-0.679465353,-0.001441861,0.000000000,0.000000000,0.000000000,0.000000000,0.000000000,0.000000000,0.000000000,0.000000000,0.000000000,0.000000000,0.000000000,0.000000000,0.000000000,0.000000000,0.000000000,0.000000000,0.000000000,0.000000000,-0.003895943,0.035779476,0.066312313,0.034182191,0.005475104,-0.000907993,-0.005495047,0.037401804,0.014610653,-0.022597187,0.005539564,-0.001803797
8.259634018,0.214952469,0.044293404,0.619929314,1.794592857,0.283982277,0.175068855,-0.011413574,-0.041810989,0.049011230,0.065124512,0.014602661,-0.023666382,0.214952469,0.044293404,0.619929314,1.794592857,0.283982277,0.175068855,0.000004948,-6.110942841,5.127720356,1.328463912,-0.679465353,-0.001441861,-0.004928589,-6.120391846,5.181581497,1.401557922,-0.677835464,0.006622314,0.000004948,-6.110942841,5.127720356,1.328463912,-0.679465353,-0.001441861,0.000000000,0.000000000,0.000000000,0.000000000,0.000000000,0.000000000,0.000000000,0.000000000,0.000000000,0.000000000,0.000000000,0.000000000,0.000000000,0.000000000,0.000000000,0.000000000,0.000000000,0.000000000,-0.004933537,-0.009449005,0.053861141,0.073094010,0.001629889,0.008064175,-0.006532641,-0.007826677,0.002159482,0.016314633,0.001694349,0.007168371
8.269651890,0.214952469,0.044293404,0.619929314,1.794592857,0.283982277,0.175068855,0.035583496,0.080873489,0.049011230,-0.012756348,-0.004531860,-0.025680542,0.214952469,0.044293404,0.619929314,1.794592857,0.283982277,0.175068855,0.000004948,-6.110942841,5.127720356,1.328463912,-0.679465353,-0.001441861,0.016860962,-6.089263916,5.182100296,1.384435654,-0.681680679,0.024993896,0.000004948,-6.110942841,5.127720356,1.328463912,-0.679465353,-0.001441861,0.000000000,0.000000000,0.000000000,0.000000000,0.000000000,0.000000000,0.000000000,0.000000000,0.000000000,0.000000000,0.000000000,0.000000000,0.000000000,0.000000000,0.000000000,0.000000000,0.000000000,0.000000000,0.016856013,0.021678925,0.054379940,0.055971742,-0.002215326,0.026435757,0.015256910,0.023301253,0.002678280,-0.000807636,-0.002150866,0.025539953
8.279628515,0.214952469,0.044293404,0.619929314,1.794592857,0.283982277,0.175068855,0.040954590,0.028381348,0.055725098,-0.094669342,-0.065967560,0.055892944,0.214952469,0.044293404,0.619929314,1.794592857,0.283982277,0.175068855,0.000004948,-6.110942841,5.127720356,1.328463912,-0.679465353,-0.001441861,-0.011672974,-6.067291260,5.196626663,1.405189514,-0.682535172,0.004913330,0.000004948,-6.110942841,5.127720356,1.328463912,-0.679465353,-0.001441861,0.000000000,0.000000000,0.000000000,0.000000000,0.000000000,0.000000000,0.000000000,0.000000000,0.000000000,0.000000000,0.000000000,0.000000000,0.000000000,0.000000000,0.000000000,0.000000000,0.000000000,0.000000000,-0.011677922,0.043651581,0.068906307,0.076725602,-0.003069818,0.006355191,-0.013277026,0.045273909,0.017204648,0.019946225,-0.003005358,0.005459387
8.289665222,0.214952469,0.043910027,0.619929314,1.794592857,0.283982277,0.175068855,0.050354004,-0.027770996,0.179264069,-0.054382324,-0.042800903,-0.007553101,0.214952469,0.044293404,0.619929314,1.794592857,0.283982277,0.175068855,0.000004948,-6.110942841,5.127720356,1.328463912,-0.679465353,-0.001441861,0.013748169,-6.140533447,5.196626663,1.417121887,-0.679544449,0.008758545,0.000004948,-6.110942841,5.127720356,1.328463912,-0.679465353,-0.001441861,0.000000000,0.000000000,0.000000000,0.000000000,0.000000000,0.000000000,0.000000000,0.000000000,0.000000000,0.000000000,0.000000000,0.000000000,0.000000000,0.000000000,0.000000000,0.000000000,0.000000000,0.000000000,0.013743220,-0.029590607,0.068906307,0.088657975,-0.000079095,0.010200406,0.012144117,-0.027968279,0.017204648,0.031878598,-0.000014635,0.009304602
8.299733400,0.214952469,0.043910027,0.619929314,1.794592857,0.283982277,0.175068855,-0.138980865,-0.052186966,-0.002014160,-0.023498535,0.043807983,0.015609741,0.215335846,0.043910027,0.619929314,1.794592857,0.283982277,0.175068855,0.000004944,-6.107001781,5.129709721,1.328096747,-0.679197371,-0.001441035,0.018936157,-6.113067627,5.185731888,1.380285263,-0.668008804,-0.000640869,0.000004944,-6.107001781,5.129709721,1.328096747,-0.679197371,-0.001441035,0.000000000,0.000000000,0.000000000,0.000000000,0.000000000,0.000000000,0.000000000,0.000000000,0.000000000,0.000000000,0.000000000,0.000000000,0.000000000,0.000000000,0.000000000,0.000000000,0.000000000,0.000000000,0.018931214,-0.006065845,0.056022167,0.052188516,0.011188567,0.000800166,0.017332110,-0.004443517,0.004320508,-0.004590862,0.011253027,-0.000095638
8.309621572,0.215335846,0.044293404,0.619929314,1.794592857,0.283982277,0.175068855,-0.035583496,0.030212402,-0.015441895,-0.093326569,0.031723022,-0.014602661,0.215335846,0.044293404,0.619545937,1.794592857,0.283982277,0.175452232,0.000004943,-6.108842373,5.125730515,1.328831792,-0.679733038,-0.001441837,0.005447388,-6.120391846,5.168611526,1.374059677,-0.672708511,0.003631592,0.000004943,-6.108842373,5.125730515,1.328831792,-0.679733038,-0.001441837,0.000000000,0.000000000,0.000000000,0.000000000,0.000000000,0.000000000,0.000000000,0.000000000,0.000000000,0.000000000,0.000000000,0.000000000,0.000000000,0.000000000,0.000000000,0.000000000,0.000000000,0.000000000,0.005442445,-0.011549473,0.042881012,0.045227885,0.007024527,0.005073429,0.003843341,-0.009927145,-0.008820648,-0.011551492,0.007088987,0.004177624
8.319616556,0.214952469,0.043910027,0.619545937,1.794592857,0.283982277,0.175068855,-0.134952545,-0.067445755,-0.069152832,0.078552246,0.036758423,-0.042800903,0.214952469,0.043910027,0.619929314,1.794592857,0.283982277,0.175068855,0.000004951,-6.107001781,5.129709721,1.328096747,-0.679197371,-0.001441035,0.039688110,-6.081939697,5.172243118,1.391698837,-0.677408218,0.000640869,0.000004951,-6.107001781,5.129709721,1.328096747,-0.679197371,-0.001441035,0.000000000,0.000000000,0.000000000,0.000000000,0.000000000,0.000000000,0.000000000,0.000000000,0.000000000,0.000000000,0.000000000,0.000000000,0.000000000,0.000000000,0.000000000,0.000000000,0.000000000,0.000000000,0.039683160,0.025062084,0.042533398,0.063602090,0.001789153,0.002081904,0.038084056,0.026684412,-0.009168262,0.006822712,0.001853613,0.001186100
8.329643011,0.214952469,0.044293404,0.619929314,1.794592857,0.283982277,0.175068855,-0.074523926,-0.049135208,0.113464355,-0.074523926,0.016616821,0.009567261,0.215335846,0.044293404,0.619929314,1.794592857,0.283982277,0.175068855,0.000004941,-6.110942841,5.127720356,1.328463912,-0.679465353,-0.001441861,0.013748169,-6.124053955,5.185213089,1.375616074,-0.671854019,-0.002349854,0.000004941,-6.110942841,5.127720356,1.328463912,-0.679465353,-0.001441861,0.000000000,0.000000000,0.000000000,0.000000000,0.000000000,0.000000000,0.000000000,0.000000000,0.000000000,0.000000000,0.000000000,0.000000000,0.000000000,0.000000000,0.000000000,0.000000000,0.000000000,0.000000000,0.013743228,-0.013111115,0.057492733,0.047152162,0.007611334,-0.000907993,0.012144124,-0.011488786,0.005791073,-0.009627216,0.007675795,-0.001803797
8.339921951,0.214952469,0.043910027,0.619545937,1.794592857,0.283982277,0.175068855,0.069152832,-0.027770996,-0.071838379,0.020812988,-0.018630981,0.021652222,0.215335846,0.044293404,0.619929314,1.794592857,0.283982277,0.175068855,0.000004941,-6.110942841,5.127720356,1.328463912,-0.679465353,-0.001441861,0.008560181,-6.169830322,5.148897171,1.404670715,-0.698344231,-0.007476807,0.000004941,-6.110942841,5.127720356,1.328463912,-0.679465353,-0.001441861,0.000000000,0.000000000,0.000000000,0.000000000,0.000000000,0.000000000,0.000000000,0.000000000,0.000000000,0.000000000,0.000000000,0.000000000,0.000000000,0.000000000,0.000000000,0.000000000,0.000000000,0.000000000,0.008555239,-0.058887482,0.021176815,0.076206803,-0.018878877,-0.006034946,0.006956135,-0.057265154,-0.030524845,0.019427426,-0.018814417,-0.006930750
8.349759579,0.214952469,0.043910027,0.619929314,1.794592857,0.283982277,0.175068855,-0.075866699,-0.066835403,-0.049011230,-0.020812988,0.018630981,-0.009567261,0.214952469,0.044293404,0.619929314,1.794209480,0.283982277,0.175068855,0.000004948,-6.111291409,5.128050327,1.328830957,-0.679733217,-0.001442687,0.010116577,-6.109405518,5.182619095,1.373540878,-0.670572281,-0.008758545,0.000004948,-6.111291409,5.128050327,1.328830957,-0.679733217,-0.001442687,0.000000000,0.000000000,0.000000000,0.000000000,0.000000000,0.000000000,0.000000000,0.000000000,0.000000000,0.000000000,0.000000000,0.000000000,0.000000000,0.000000000,0.000000000,0.000000000,0.000000000,0.000000000,0.010111629,0.001885891,0.054568768,0.044709921,0.009160936,-0.007315858,0.008512525,0.003508219,0.002867108,-0.012069457,0.009225396,-0.008211662
8.359684944,0.214952469,0.043910027,0.619929314,1.794592857,0.283982277,0.175068855,0.042297363,-0.090639114,-0.113468170,0.011413574,-0.042800903,-0.016616821,0.214952469,0.044293404,0.619929314,1.794592857,0.283982277,0.175068855,0.000004948,-6.110942841,5.127720356,1.328463912,-0.679465353,-0.001441861,-0.074968338,-6.105743408,5.181062698,1.379766464,-0.682962418,0.004913330,0.000004948,-6.110942841,5.127720356,1.328463912,-0.679465353,-0.001441861,0.000000000,0.000000000,0.000000000,0.000000000,0.000000000,0.000000000,0.000000000,0.000000000,0.000000000,0.000000000,0.000000000,0.000000000,0.000000000,0.000000000,0.000000000,0.000000000,0.000000000,0.000000000,-0.074973286,0.005199432,0.053342342,0.051302552,-0.003497064,0.006355191,-0.076572390,0.006821760,0.001640683,-0.005476825,-0.003432604,0.005459387
8.369632244,0.215335846,0.044293404,0.619929314,1.794592857,0.283982277,0.175068855,0.062438965,0.086366653,-0.173892975,-0.039611816,0.049850464,0.033737183,0.214952469,0.044293404,0.619929314,1.794592857,0.283982277,0.175068855,0.000004948,-6.110942841,5.127720356,1.328463912,-0.679465353,-0.001441861,0.012710571,-6.120391846,5.170686722,1.384954453,-0.693644524,-0.008758545,0.000004948,-6.110942841,5.127720356,1.328463912,-0.679465353,-0.001441861,0.000000000,0.000000000,0.000000000,0.000000000,0.000000000,0.000000000,0.000000000,0.000000000,0.000000000,0.000000000,0.000000000,0.000000000,0.000000000,0.000000000,0.000000000,0.000000000,0.000000000,0.000000000,0.012705623,-0.009449005,0.042966366,0.056490541,-0.014179170,-0.007316684,0.011106519,-0.007826677,-0.008735294,-0.000288837,-0.014114710,-0.008212488
8.379611731,0.214952469,0.044293404,0.619929314,1.794592857,0.283982277,0.175068855,-0.043640137,-0.108949661,-0.069152832,-0.030212402,0.009567261,0.005538940,0.214952469,0.044293404,0.619545937,1.794592857,0.283982277,0.175068855,0.000004950,-6.108841896,5.125729561,1.328830957,-0.679733217,-0.001442687,0.002334595,-6.146026611,5.190401077,1.387029648,-0.686381340,-0.018157959,0.000004950,-6.108841896,5.125729561,1.328830957,-0.679733217,-0.001442687,0.000000000,0.000000000,0.000000000,0.000000000,0.000000000,0.000000000,0.000000000,0.000000000,0.000000000,0.000000000,0.000000000,0.000000000,0.000000000,0.000000000,0.000000000,0.000000000,0.000000000,0.000000000,0.002329645,-0.037184715,0.064671516,0.058198690,-0.006648123,-0.016715272,0.000730541,-0.035562387,0.012969857,0.001419313,-0.006583663,-0.017611076
8.389760971,0.214952469,0.044293404,0.619929314,1.794592857,0.283982277,0.175068855,-0.012756348,0.046691895,0.028869629,0.046325684,0.075027466,0.038772583,0.214952469,0.043910027,0.619929314,1.794592857,0.283982277,0.175068855,0.000004951,-6.107001781,5.129709721,1.328096747,-0.679197371,-0.001441035,0.009597778,-6.114898682,5.147340775,1.393255234,-0.687663078,0.002349854,0.000004951,-6.107001781,5.129709721,1.328096747,-0.679197371,-0.001441035,0.000000000,0.000000000,0.000000000,0.000000000,0.000000000,0.000000000,0.000000000,0.000000000,0.000000000,0.000000000,0.000000000,0.000000000,0.000000000,0.000000000,0.000000000,0.000000000,0.000000000,0.000000000,0.009592827,-0.007896900,0.017631054,0.065158486,-0.008465707,0.003790889,0.007993724,-0.006274572,-0.034070606,0.008379109,-0.008401247,0.002895085
8.399786234,0.214952469,0.043910027,0.619929314,1.794592857,0.283982277,0.175068855,0.016784668,0.005187988,0.066467285,-0.081237793,0.032730103,0.012588501,0.214952469,0.044293404,0.619929314,1.794592857,0.283982277,0.175068855,0.000004948,-6.110942841,5.127720356,1.328463912,-0.679465353,-0.001441861,-0.011154175,-6.144195557,5.153566360,1.380804062,-0.680398941,-0.010467529,0.000004948,-6.110942841,5.127720356,1.328463912,-0.679465353,-0.001441861,0.000000000,0.000000000,0.000000000,0.000000000,0.000000000,0.000000000,0.000000000,0.000000000,0.000000000,0.000000000,0.000000000,0.000000000,0.000000000,0.000000000,0.000000000,0.000000000,0.000000000,0.000000000,-0.011159123,-0.033252716,0.025846004,0.052340150,-0.000933588,-0.009025668,-0.012758227,-0.031630388,-0.025855655,-0.004439228,-0.000869127,-0.009921472
8.409623384,0.215335846,0.043910027,0.619929314,1.794592857,0.283598900,0.175068855,0.114807129,0.061950684,-0.034240723,0.042297363,-0.015609741,-0.029708862,0.215335846,0.044293404,0.619929314,1.794592857,0.283982277,0.175068855,0.000004941,-6.110942841,5.127720356,1.328463912,-0.679465353,-0.001441861,-0.005966187,-6.074615479,5.174837112,1.406745911,-0.695353508,0.027130127,0.000004941,-6.110942841,5.127720356,1.328463912,-0.679465353,-0.001441861,0.000000000,0.000000000,0.000000000,0.000000000,0.000000000,0.000000000,0.000000000,0.000000000,0.000000000,0.000000000,0.000000000,0.000000000,0.000000000,0.000000000,0.000000000,0.000000000,0.000000000,0.000000000,-0.005971128,0.036327362,0.047116756,0.078281999,-0.015888155,0.028571988,-0.007570232,0.037949690,-0.004584903,0.021502621,-0.015823694,0.027676184
8.419642448,0.214952469,0.044293404,0.619929314,1.794592857,0.283982277,0.175068855,0.089294434,-0.031433105,-0.000671387,0.002014160,-0.024673462,0.014602661,0.214952469,0.043910027,0.619929314,1.794592857,0.283982277,0.175068855,0.000004951,-6.107001781,5.129709721,1.328096747,-0.679197371,-0.001441035,0.027755737,-6.091094971,5.226716995,1.399482727,-0.670145035,0.007049561,0.000004951,-6.107001781,5.129709721,1.328096747,-0.679197371,-0.001441035,0.000000000,0.000000000,0.000000000,0.000000000,0.000000000,0.000000000,0.000000000,0.000000000,0.000000000,0.000000000,0.000000000,0.000000000,0.000000000,0.000000000,0.000000000,0.000000000,0.000000000,0.000000000,0.027750786,0.015906811,0.097007275,0.071385980,0.009052336,0.008490596,0.026151683,0.017529139,0.045305615,0.014606602,0.009116796,0.007594792
8.429839373,0.214952469,0.044293404,0.619929314,1.794592857,0.283982277,0.175068855,0.167175293,0.083314896,0.081237793,-0.094669342,0.033737183,-0.009567261,0.214952469,0.043910027,0.619929314,1.794592857,0.283982277,0.175068855,0.000004951,-6.107001781,5.129709721,1.328096747,-0.679197371,-0.001441035,0.027236938,-6.098419189,5.148897171,1.373540878,-0.703471184,-0.002349854,0.000004951,-6.107001781,5.129709721,1.328096747,-0.679197371,-0.001441035,0.000000000,0.000000000,0.000000000,0.000000000,0.000000000,0.000000000,0.000000000,0.000000000,0.000000000,0.000000000,0.000000000,0.000000000,0.000000000,0.000000000,0.000000000,0.000000000,0.000000000,0.000000000,0.027231988,0.008582592,0.019187450,0.045444131,-0.024273813,-0.000908818,0.025632884,0.010204920,-0.032514209,-0.011335247,-0.024209353,-0.001804622
8.439634562,0.214952469,0.044293404,0.619929314,1.794592857,0.283982277,0.175068855,-0.105411530,0.049743652,-0.020812988,0.054382324,-0.014602661,0.015609741,0.214952469,0.044293404,0.619545937,1.794592857,0.283982277,0.175068855,0.000004950,-6.108841896,5.125729561,1.328830957,-0.679733217,-0.001442687,-0.011672974,-6.167999268,5.162904739,1.386510849,-0.686808586,0.011749268,0.000004950,-6.108841896,5.125729561,1.328830957,-0.679733217,-0.001442687,0.000000000,0.000000000,0.000000000,0.000000000,0.000000000,0.000000000,0.000000000,0.000000000,0.000000000,0.000000000,0.000000000,0.000000000,0.000000000,0.000000000,0.000000000,0.000000000,0.000000000,0.000000000,-0.011677923,-0.059157372,0.037175179,0.057679892,-0.007075369,0.013191954,-0.013277027,-0.057535043,-0.014526481,0.000900514,-0.007010909,0.012296150
8.449816227,0.214952469,0.043910027,0.619929314,1.794592857,0.283982277,0.175452232,0.027526855,0.006408691,-0.022155762,-0.015441895,-0.006546021,0.014602661,0.214952469,0.043910027,0.619929314,1.794592857,0.283982277,0.175068855,0.000004951,-6.107001781,5.129709721,1.328096747,-0.679197371,-0.001441035,-0.006484985,-6.162506104,5.141633987,1.357976913,-0.689372063,-0.010894775,0.000004951,-6.107001781,5.129709721,1.328096747,-0.679197371,-0.001441035,0.000000000,0.000000000,0.000000000,0.000000000,0.000000000,0.000000000,0.000000000,0.000000000,0.000000000,0.000000000,0.000000000,0.000000000,0.000000000,0.000000000,0.000000000,0.000000000,0.000000000,0.000000000,-0.006489936,-0.055504322,0.011924267,0.029880166,-0.010174692,-0.009453740,-0.008089040,-0.053881994,-0.039777393,-0.026899211,-0.010110231,-0.010349544
8.459645271,0.215335846,0.044293404,0.619929314,1.794592857,0.283982277,0.175068855,0.089294434,0.117494583,0.074523926,-0.062438965,0.017623901,0.025680542,0.214952469,0.043910027,0.619929314,1.794592857,0.283982277,0.175068855,0.000004951,-6.107001781,5.129709721,1.328096747,-0.679197371,-0.001441035,0.001296997,-6.102081299,5.186769485,1.350194931,-0.668008804,0.004058838,0.000004951,-6.107001781,5.129709721,1.328096747,-0.679197371,-0.001441035,0.000000000,0.000000000,0.000000000,0.000000000,0.000000000,0.000000000,0.000000000,0.000000000,0.000000000,0.000000000,0.000000000,0.000000000,0.000000000,0.000000000,0.000000000,0.000000000,0.000000000,0.000000000,0.001292046,0.004920483,0.057059765,0.022098184,0.011188567,0.005499873,-0.000307058,0.006542811,0.005358105,-0.034681194,0.011253027,0.004604069
8.469609261,0.214952469,0.043910027,0.619929314,1.794592857,0.283982277,0.175068855,-0.180606842,-0.057680130,0.032897949,0.050354004,0.033737183,0.014602661,0.214952469,0.044293404,0.619929314,1.794592857,0.283982277,0.175068855,0.000004948,-6.110942841,5.127720356,1.328463912,-0.679465353,-0.001441861,0.004409790,-6.098419189,5.188325882,1.399482727,-0.692362785,-0.019012451,0.000004948,-6.110942841,5.127720356,1.328463912,-0.679465353,-0.001441861,0.000000000,0.000000000,0.000000000,0.000000000,0.000000000,0.000000000,0.000000000,0.000000000,0.000000000,0.000000000,0.000000000,0.000000000,0.000000000,0.000000000,0.000000000,0.000000000,0.000000000,0.000000000,0.004404842,0.012523651,0.060605526,0.071018815,-0.012897432,-0.017570590,0.002805738,0.014145979,0.008903866,0.014239438,-0.012832972,-0.018466394
8.479650974,0.214952469,0.044293404,0.619929314,1.794592857,0.283982277,0.175068855,-0.026184082,-0.034484863,-0.074523926,-0.023498535,0.003524780,-0.034744263,0.215335846,0.044293404,0.619929314,1.794592857,0.283982277,0.175068855,0.000004941,-6.110942841,5.127720356,1.328463912,-0.679465353,-0.001441861,0.029830933,-6.105743408,5.174318314,1.385473251,-0.691081047,-0.001068115,0.000004941,-6.110942841,5.127720356,1.328463912,-0.679465353,-0.001441861,0.000000000,0.000000000,0.000000000,0.000000000,0.000000000,0.000000000,0.000000000,0.000000000,0.000000000,0.000000000,0.000000000,0.000000000,0.000000000,0.000000000,0.000000000,0.000000000,0.000000000,0.000000000,0.029825991,0.005199432,0.046597958,0.057009339,-0.011615694,0.000373746,0.028226887,0.006821760,-0.005103702,0.000229962,-0.011551233,-0.000522058
8.489655495,0.214952469,0.043910027,0.619929314,1.794592857,0.283982277,0.175068855,0.031555176,-0.016784668,0.097351074,-0.054382324,0.021652222,-0.030715942,0.214952469,0.043910027,0.619929314,1.794592857,0.283982277,0.175068855,0.000004951,-6.107001781,5.129709721,1.328096747,-0.679197371,-0.001441035,0.017379761,-6.105743408,5.183137894,1.383398056,-0.688944817,-0.030121803,0.000004951,-6.107001781,5.129709721,1.328096747,-0.679197371,-0.001441035,0.000000000,0.000000000,0.000000000,0.000000000,0.000000000,0.000000000,0.000000000,0.000000000,0.000000000,0.000000000,0.000000000,0.000000000,0.000000000,0.000000000,0.000000000,0.000000000,0.000000000,0.000000000,0.017374810,0.001258373,0.053428173,0.055301309,-0.009747446,-0.028680768,0.015775706,0.002880701,0.001726513,-0.001478069,-0.009682985,-0.029576572
8.499628782,0.214952469,0.044293404,0.619929314,1.794592857,0.283982277,0.175068855,0.055725098,-0.074769974,-0.024841309,-0.126895905,0.019638062,0.000503540,0.214952469,0.044293404,0.619929314,1.794592857,0.283982277,0.175068855,0.000004948,-6.110942841,5.127720356,1.328463912,-0.679465353,-0.001441861,-0.015304565,-6.107574463,5.198183060,1.387548447,-0.691508293,0.004486084,0.000004948,-6.110942841,5.127720356,1.328463912,-0.679465353,-0.001441861,0.000000000,0.000000000,0.000000000,0.000000000,0.000000000,0.000000000,0.000000000,0.000000000,0.000000000,0.000000000,0.000000000,0.000000000,0.000000000,0.000000000,0.000000000,0.000000000,0.000000000,0.000000000,-0.015309514,0.003368378,0.070462704,0.059084535,-0.012042940,0.005927945,-0.016908618,0.004990706,0.018761044,0.002305157,-0.011978479,0.005032141
8.509611607,0.214952469,0.044293404,0.619929314,1.794592857,0.283982277,0.175068855,0.011413574,0.036315918,0.094665527,0.046325684,-0.002517700,0.066970825,0.215335846,0.044293404,0.619929314,1.794592857,0.283982277,0.175068855,0.000004941,-6.110942841,5.127720356,1.328463912,-0.679465353,-0.001441861,-0.007003784,-6.136871338,5.184175491,1.388067245,-0.668436050,-0.011749268,0.000004941,-6.110942841,5.127720356,1.328463912,-0.679465353,-0.001441861,0.000000000,0.000000000,0.000000000,0.000000000,0.000000000,0.000000000,0.000000000,0.000000000,0.000000000,0.000000000,0.000000000,0.000000000,0.000000000,0.000000000,0.000000000,0.000000000,0.000000000,0.000000000,-0.007008726,-0.025928497,0.056455135,0.059603333,0.011029303,-0.010307407,-0.008607829,-0.024306169,0.004753476,0.002823956,0.011093763,-0.011203211
8.519618273,0.214952469,0.044293404,0.619929314,1.794592857,0.283982277,0.175068855,-0.078552246,-0.012512207,-0.015441895,-0.026184082,-0.026687622,0.007553101,0.214952469,0.043910027,0.619929314,1.794592857,0.283982277,0.175068855,0.000004951,-6.107001781,5.129709721,1.328096747,-0.679197371,-0.001441035,0.021530151,-6.113067627,5.200258255,1.374578476,-0.675271988,0.045074463,0.000004951,-6.107001781,5.129709721,1.328096747,-0.679197371,-0.001441035,0.000000000,0.000000000,0.000000000,0.000000000,0.000000000,0.000000000,0.000000000,0.000000000,0.000000000,0.000000000,0.000000000,0.000000000,0.000000000,0.000000000,0.000000000,0.000000000,0.000000000,0.000000000,0.021525201,-0.006065845,0.070548534,0.046481729,0.003925383,0.046515498,0.019926097,-0.004443517,0.018846875,-0.010297649,0.003989843,0.045619694
8.529801846,0.214952469,0.043910027,0.619929314,1.794592857,0.283982277,0.175068855,0.031555176,-0.040590286,-0.010070801,-0.032897949,-0.011581421,-0.030715942,0.214952469,0.043910027,0.619545937,1.794592857,0.283982277,0.175068855,0.000004952,-6.104901791,5.127720356,1.328463912,-0.679465353,-0.001441861,-0.028793335,-6.100250244,5.185731888,1.385473251,-0.647073746,-0.014312744,0.000004952,-6.104901791,5.127720356,1.328463912,-0.679465353,-0.001441861,0.000000000,0.000000000,0.000000000,0.000000000,0.000000000,0.000000000,0.000000000,0.000000000,0.000000000,0.000000000,0.000000000,0.000000000,0.000000000,0.000000000,0.000000000,0.000000000,0.000000000,0.000000000,-0.028798287,0.004651546,0.058011532,0.057009339,0.032391608,-0.012870883,-0.030397391,0.006273875,0.006309872,0.000229962,0.032456068,-0.013766687
8.539730072,0.214952469,0.044293404,0.619929314,1.794592857,0.283598900,0.175068855,-0.022155762,0.090028763,0.049011230,-0.101383209,-0.091144562,-0.034744263,0.214952469,0.043910027,0.619929314,1.794592857,0.283982277,0.175452232,0.000004951,-6.107002735,5.129710674,1.328097582,-0.679197192,-0.001440185,0.013229370,-6.135040283,5.210634232,1.392217636,-0.678262711,-0.023712158,0.000004951,-6.107002735,5.129710674,1.328097582,-0.679197192,-0.001440185,0.000000000,0.000000000,0.000000000,0.000000000,0.000000000,0.000000000,0.000000000,0.000000000,0.000000000,0.000000000,0.000000000,0.000000000,0.000000000,0.000000000,0.000000000,0.000000000,0.000000000,0.000000000,0.013224419,-0.028037548,0.080923557,0.064120054,0.000934482,-0.022271973,0.011625315,-0.026415220,0.029221898,0.007340677,0.000998942,-0.023167777
8.549629927,0.214952469,0.044293404,0.619929314,1.794592857,0.283982277,0.175068855,-0.004699707,0.040588379,-0.122867584,0.035583496,-0.009567261,-0.072010040,0.214952469,0.043910027,0.619545937,1.794592857,0.283598900,0.175068855,0.000004953,-6.104647160,5.127479076,1.328196049,-0.679541469,-0.001442060,-0.003372192,-6.087432861,5.175355911,1.401557922,-0.675699234,0.000640869,0.000004953,-6.104647160,5.127479076,1.328196049,-0.679541469,-0.001442060,0.000000000,0.000000000,0.000000000,0.000000000,0.000000000,0.000000000,0.000000000,0.000000000,0.000000000,0.000000000,0.000000000,0.000000000,0.000000000,0.000000000,0.000000000,0.000000000,0.000000000,0.000000000,-0.003377145,0.017214298,0.047876835,0.073361874,0.003842235,0.002082929,-0.004976249,0.018836626,-0.003824825,0.016582496,0.003906695,0.001187125
8.559617996,0.215335846,0.044293404,0.619929314,1.794592857,0.283982277,0.175068855,0.039611816,0.038757324,0.050354004,-0.118839264,0.088119507,0.001510620,0.214952469,0.043910027,0.619545937,1.794592857,0.283982277,0.175068855,0.000004952,-6.104901791,5.127720356,1.328463912,-0.679465353,-0.001441861,-0.025680542,-6.118560791,5.187807083,1.387029648,-0.693644524,-0.012176514,0.000004952,-6.104901791,5.127720356,1.328463912,-0.679465353,-0.001441861,0.000000000,0.000000000,0.000000000,0.000000000,0.000000000,0.000000000,0.000000000,0.000000000,0.000000000,0.000000000,0.000000000,0.000000000,0.000000000,0.000000000,0.000000000,0.000000000,0.000000000,0.000000000,-0.025685494,-0.013659000,0.060086727,0.058565736,-0.014179170,-0.010734653,-0.027284598,-0.012036672,0.008385068,0.001786358,-0.014114710,-0.011630457
8.569776297,0.214952469,0.043910027,0.619545937,1.794592857,0.283982277,0.175068855,0.004699707,-0.058290482,0.085266113,0.062438965,-0.020645142,0.015609741,0.214952469,0.043910027,0.619545937,1.794592857,0.283982277,0.175068855,0.000004952,-6.104901791,5.127720356,1.328463912,-0.679465353,-0.001441861,0.000778198,-6.135040283,5.181581497,1.362646103,-0.693644524,0.001922607,0.000004952,-6.104901791,5.127720356,1.328463912,-0.679465353,-0.001441861,0.000000000,0.000000000,0.000000000,0.000000000,0.000000000,0.000000000,0.000000000,0.000000000,0.000000000,0.000000000,0.000000000,0.000000000,0.000000000,0.000000000,0.000000000,0.000000000,0.000000000,0.000000000,0.000773246,-0.030138493,0.053861141,0.034182191,-0.014179170,0.003364468,-0.000825858,-0.028516164,0.002159482,-0.022597187,-0.014114710,0.002468664
8.579656363,0.214952469,0.044293404,0.619929314,1.794592857,0.283982277,0.175068855,-0.116153717,0.046081543,-0.071838379,-0.133609772,0.001510620,-0.014602661,0.215335846,0.043910027,0.619545937,1.794592857,0.283982277,0.175068855,0.000004945,-6.104901791,5.127720356,1.328463912,-0.679465353,-0.001441861,0.003372192,-6.105743408,5.168611526,1.389104843,-0.665872574,0.004058838,0.000004945,-6.104901791,5.127720356,1.328463912,-0.679465353,-0.001441861,0.000000000,0.000000000,0.000000000,0.000000000,0.000000000,0.000000000,0.000000000,0.000000000,0.000000000,0.000000000,0.000000000,0.000000000,0.000000000,0.000000000,0.000000000,0.000000000,0.000000000,0.000000000,0.003367247,-0.000841618,0.040891171,0.060640931,0.013592780,0.005500699,0.001768144,0.000780711,-0.010810489,0.003861554,0.013657240,0.004604895
8.589620113,0.214952469,0.043910027,0.619545937,1.794592857,0.283982277,0.175452232,0.121520996,-0.059511185,-0.105411530,0.024841309,0.006546021,0.012588501,0.214952469,0.044293404,0.619929314,1.794592857,0.283982277,0.175068855,0.000004948,-6.110942841,5.127720356,1.328463912,-0.679465353,-0.001441861,-0.035539627,-6.155181885,5.186769485,1.442543030,-0.680398941,0.004058838,0.000004948,-6.110942841,5.127720356,1.328463912,-0.679465353,-0.001441861,0.000000000,0.000000000,0.000000000,0.000000000,0.000000000,0.000000000,0.000000000,0.000000000,0.000000000,0.000000000,0.000000000,0.000000000,0.000000000,0.000000000,0.000000000,0.000000000,0.000000000,0.000000000,-0.035544576,-0.044239044,0.059049129,0.114079118,-0.000933588,0.005500699,-0.037143679,-0.042616716,0.007347470,0.057299740,-0.000869127,0.004604895
8.599647522,0.214952469,0.043910027,0.619929314,1.794592857,0.283982277,0.175068855,-0.024841309,0.061340332,0.152404785,0.032897949,-0.000503540,-0.036758423,0.214952469,0.044293404,0.619545937,1.794592857,0.283982277,0.175068855,0.000004950,-6.108841896,5.125729561,1.328830957,-0.679733217,-0.001442687,-0.006484985,-6.127716064,5.188325882,1.394813538,-0.643228531,0.007049561,0.000004950,-6.108841896,5.125729561,1.328830957,-0.679733217,-0.001442687,0.000000000,0.000000000,0.000000000,0.000000000,0.000000000,0.000000000,0.000000000,0.000000000,0.000000000,0.000000000,0.000000000,0.000000000,0.000000000,0.000000000,0.000000000,0.000000000,0.000000000,0.000000000,-0.006489935,-0.018874168,0.062596321,0.065982580,0.036504686,0.008492247,-0.008089039,-0.017251840,0.010894662,0.009203203,0.036569146,0.007596443
8.609787941,0.214952469,0.043910027,0.619545937,1.794592857,0.283982277,0.175068855,-0.018127441,-0.106508255,-0.075866699,-0.049011230,-0.012588501,-0.028701782,0.214952469,0.043910027,0.619929314,1.794592857,0.283982277,0.175068855,0.000004951,-6.107001781,5.129709721,1.328096747,-0.679197371,-0.001441035,-0.026199341,-6.105743408,5.181581497,1.407264709,-0.677408218,0.011749268,0.000004951,-6.107001781,5.129709721,1.328096747,-0.679197371,-0.001441035,0.000000000,0.000000000,0.000000000,0.000000000,0.000000000,0.000000000,0.000000000,0.000000000,0.000000000,0.000000000,0.000000000,0.000000000,0.000000000,0.000000000,0.000000000,0.000000000,0.000000000,0.000000000,-0.026204292,0.001258373,0.051871777,0.079167962,0.001789153,0.013190303,-0.027803395,0.002880701,0.000170117,0.022388585,0.001853613,0.012294499
8.619669199,0.214952469,0.044293404,0.619929314,1.794592857,0.283982277,0.175068855,-0.082580566,0.032653809,0.091979980,-0.050354004,-0.035751343,0.036758423,0.215335846,0.043910027,0.619929314,1.794592857,0.283982277,0.175068855,0.000004944,-6.107001781,5.129709721,1.328096747,-0.679197371,-0.001441035,0.093645096,-6.125885010,5.197145462,1.409339905,-0.674844742,-0.033112526,0.000004944,-6.107001781,5.129709721,1.328096747,-0.679197371,-0.001441035,0.000000000,0.000000000,0.000000000,0.000000000,0.000000000,0.000000000,0.000000000,0.000000000,0.000000000,0.000000000,0.000000000,0.000000000,0.000000000,0.000000000,0.000000000,0.000000000,0.000000000,0.000000000,0.093640152,-0.018883228,0.067435741,0.081243157,0.004352629,-0.031671491,0.092041048,-0.017260900,0.015734082,0.024463780,0.004417089,-0.032567295
8.629678726,0.214952469,0.043910027,0.619929314,1.794592857,0.283982277,0.175068855,-0.038269043,-0.082704544,0.117492676,-0.018127441,-0.067981720,-0.011581421,0.214952469,0.043910027,0.619929314,1.794592857,0.283982277,0.175068855,0.000004951,-6.107001781,5.129709721,1.328096747,-0.679197371,-0.001441035,-0.022048950,-6.061798096,5.193513870,1.388067245,-0.685099602,-0.014312744,0.000004951,-6.107001781,5.129709721,1.328096747,-0.679197371,-0.001441035,0.000000000,0.000000000,0.000000000,0.000000000,0.000000000,0.000000000,0.000000000,0.000000000,0.000000000,0.000000000,0.000000000,0.000000000,0.000000000,0.000000000,0.000000000,0.000000000,0.000000000,0.000000000,-0.022053901,0.045203686,0.063804150,0.059970498,-0.005902231,-0.012871709,-0.023653005,0.046826014,0.012102490,0.003191121,-0.005837771,-0.013767513
8.639621258,0.214952469,0.043910027,0.619929314,1.794592857,0.283598900,0.175068855,-0.112125397,-0.024108887,-0.073181152,0.058410645,-0.022659302,0.010574341,0.214952469,0.044293404,0.619929314,1.794592857,0.283982277,0.175452232,0.000004948,-6.110943794,5.127720833,1.328464746,-0.679465175,-0.001441011,0.011154175,-6.114898682,5.168611526,1.375097275,-0.700480461,0.009185791,0.000004948,-6.110943794,5.127720833,1.328464746,-0.679465175,-0.001441011,0.000000000,0.000000000,0.000000000,0.000000000,0.000000000,0.000000000,0.000000000,0.000000000,0.000000000,0.000000000,0.000000000,0.000000000,0.000000000,0.000000000,0.000000000,0.000000000,0.000000000,0.000000000,0.011149226,-0.003954887,0.040890694,0.046632528,-0.021015286,0.010626802,0.009550123,-0.002332559,-0.010810966,-0.010146849,-0.020950826,0.009730998
8.649609089,0.214952469,0.044293404,0.619929314,1.794592857,0.283982277,0.175068855,-0.043640137,0.152284622,0.011413574,-0.054382324,-0.020645142,0.014602661,0.214952469,0.044293404,0.619929314,1.794592857,0.283982277,0.175068855,0.000004948,-6.110942841,5.127720356,1.328463912,-0.679465353,-0.001441861,-0.021530151,-6.107574463,5.190401077,1.356420517,-0.702189445,0.002777100,0.000004948,-6.110942841,5.127720356,1.328463912,-0.679465353,-0.001441861,0.000000000,0.000000000,0.000000000,0.000000000,0.000000000,0.000000000,0.000000000,0.000000000,0.000000000,0.000000000,0.000000000,0.000000000,0.000000000,0.000000000,0.000000000,0.000000000,0.000000000,0.000000000,-0.021535100,0.003368378,0.062680721,0.027956605,-0.022724092,0.004218961,-0.023134204,0.004990706,0.010979062,-0.028822773,-0.022659632,0.003323156
8.659775019,0.214952469,0.044293404,0.619929314,1.794592857,0.283982277,0.175068855,0.054382324,-0.055849075,0.015441895,-0.083923340,0.008560181,-0.014602661,0.215335846,0.043910027,0.619929314,1.794592857,0.283982277,0.175068855,0.000004944,-6.107001781,5.129709721,1.328096747,-0.679197371,-0.001441035,-0.031387329,-6.131378174,5.178987503,1.402595520,-0.667581558,0.010040283,0.000004944,-6.107001781,5.129709721,1.328096747,-0.679197371,-0.001441035,0.000000000,0.000000000,0.000000000,0.000000000,0.000000000,0.000000000,0.000000000,0.000000000,0.000000000,0.000000000,0.000000000,0.000000000,0.000000000,0.000000000,0.000000000,0.000000000,0.000000000,0.000000000,-0.031392273,-0.024376392,0.049277782,0.074498773,0.011615813,0.011481318,-0.032991377,-0.022754064,-0.002423877,0.017719395,0.011680273,0.010585514
8.669618130,0.214952469,0.043910027,0.619929314,1.794592857,0.283982277,0.175068855,-0.179264069,0.033264160,0.004699707,-0.006042480,0.009567261,-0.001510620,0.214952469,0.043910027,0.619929314,1.794592857,0.283982277,0.175068855,0.000004951,-6.107001781,5.129709721,1.328096747,-0.679197371,-0.001441035,0.009078979,-6.080108643,5.183137894,1.370428085,-0.675699234,0.001495361,0.000004951,-6.107001781,5.129709721,1.328096747,-0.679197371,-0.001441035,0.000000000,0.000000000,0.000000000,0.000000000,0.000000000,0.000000000,0.000000000,0.000000000,0.000000000,0.000000000,0.000000000,0.000000000,0.000000000,0.000000000,0.000000000,0.000000000,0.000000000,0.000000000,0.009074029,0.026893139,0.053428173,0.042331338,0.003498137,0.002936397,0.007474925,0.028515467,0.001726513,-0.014448040,0.003562597,0.002040592
8.679612875,0.214952469,0.044293404,0.619545937,1.794592857,0.283982277,0.175068855,-0.020812988,-0.116273880,-0.000671387,-0.035583496,-0.030715942,0.050857544,0.214952469,0.044293404,0.619929314,1.794592857,0.283982277,0.175068855,0.000004948,-6.110942841,5.127720356,1.328463912,-0.679465353,-0.001441861,-0.000778198,-6.089263916,5.176912308,1.388067245,-0.680826187,-0.007049561,0.000004948,-6.110942841,5.127720356,1.328463912,-0.679465353,-0.001441861,0.000000000,0.000000000,0.000000000,0.000000000,0.000000000,0.000000000,0.000000000,0.000000000,0.000000000,0.000000000,0.000000000,0.000000000,0.000000000,0.000000000,0.000000000,0.000000000,0.000000000,0.000000000,-0.000783147,0.021678925,0.049191952,0.059603333,-0.001360834,-0.005607700,-0.002382251,0.023301253,-0.002509708,0.002823956,-0.001296373,-0.006503504
8.689614534,0.214952469,0.044293404,0.619929314,1.794592857,0.283982277,0.175068855,-0.094669342,0.003356934,-0.032897949,0.093322754,-0.018630981,0.017623901,0.215335846,0.044293404,0.619545937,1.794592857,0.283982277,0.175068855,0.000004943,-6.108841896,5.125729561,1.328830957,-0.679733217,-0.001442687,0.009078979,-6.120391846,5.186769485,1.380285263,-0.671426773,-0.001922607,0.000004943,-6.108841896,5.125729561,1.328830957,-0.679733217,-0.001442687,0.000000000,0.000000000,0.000000000,0.000000000,0.000000000,0.000000000,0.000000000,0.000000000,0.000000000,0.000000000,0.000000000,0.000000000,0.000000000,0.000000000,0.000000000,0.000000000,0.000000000,0.000000000,0.009074037,-0.011549950,0.061039925,0.051454306,0.008306444,-0.000479921,0.007474933,-0.009927622,0.009338265,-0.005325072,0.008370904,-0.001375725
8.699638605,0.214952469,0.043910027,0.619929314,1.794592857,0.283982277,0.175068855,-0.108097076,-0.099184036,0.031555176,0.008728027,0.016616821,-0.021652222,0.214952469,0.043910027,0.619929314,1.794592857,0.283982277,0.175068855,0.000004951,-6.107001781,5.129709721,1.328096747,-0.679197371,-0.001441035,0.002853394,-6.072784424,5.169130325,1.411415100,-0.682107925,-0.009185791,0.000004951,-6.107001781,5.129709721,1.328096747,-0.679197371,-0.001441035,0.000000000,0.000000000,0.000000000,0.000000000,0.000000000,0.000000000,0.000000000,0.000000000,0.000000000,0.000000000,0.000000000,0.000000000,0.000000000,0.000000000,0.000000000,0.000000000,0.000000000,0.000000000,0.002848443,0.034217358,0.039420605,0.083318353,-0.002910554,-0.007744756,0.001249339,0.035839686,-0.012281055,0.026538975,-0.002846094,-0.008640560
8.709778786,0.214952469,0.043910027,0.619929314,1.794592857,0.283982277,0.175068855,-0.023498535,-0.094911575,0.002014160,0.038269043,-0.007553101,-0.024673462,0.214952469,0.043910027,0.619929314,1.794592857,0.283982277,0.175068855,0.000004951,-6.107001781,5.129709721,1.328096747,-0.679197371,-0.001441035,-0.004928589,-6.114898682,5.160829544,1.398445129,-0.680398941,-0.015167236,0.000004951,-6.107001781,5.129709721,1.328096747,-0.679197371,-0.001441035,0.000000000,0.000000000,0.000000000,0.000000000,0.000000000,0.000000000,0.000000000,0.000000000,0.000000000,0.000000000,0.000000000,0.000000000,0.000000000,0.000000000,0.000000000,0.000000000,0.000000000,0.000000000,-0.004933540,-0.007896900,0.031119823,0.070348382,-0.001201570,-0.013726201,-0.006532643,-0.006274572,-0.020581836,0.013569005,-0.001137110,-0.014622005
8.719643593,0.214952469,0.044293404,0.619545937,1.794592857,0.283982277,0.175452232,0.040954590,0.097963333,-0.003356934,-0.019470215,0.017623901,0.017623901,0.214952469,0.044293404,0.619929314,1.794592857,0.283982277,0.175068855,0.000004948,-6.110942841,5.127720356,1.328463912,-0.679465353,-0.001441861,-0.000259399,-6.089263916,5.175355911,1.392217636,-0.684245110,-0.010467529,0.000004948,-6.110942841,5.127720356,1.328463912,-0.679465353,-0.001441861,0.000000000,0.000000000,0.000000000,0.000000000,0.000000000,0.000000000,0.000000000,0.000000000,0.000000000,0.000000000,0.000000000,0.000000000,0.000000000,0.000000000,0.000000000,0.000000000,0.000000000,0.000000000,-0.000264348,0.021678925,0.047635555,0.063753724,-0.004779756,-0.009025668,-0.001863452,0.023301253,-0.004066104,0.006974347,-0.004715296,-0.009921472
8.729760647,0.214952469,0.043910027,0.619929314,1.794592857,0.283982277,0.175452232,-0.019470215,0.008239746,-0.014099121,0.043640137,0.051864624,-0.006546021,0.214952469,0.044293404,0.619929314,1.794592857,0.283982277,0.175452232,0.000004948,-6.110943794,5.127720833,1.328464746,-0.679465175,-0.001441011,0.022048950,-6.114898682,5.203889847,1.382360458,-0.684672356,0.013885498,0.000004948,-6.110943794,5.127720833,1.328464746,-0.679465175,-0.001441011,0.000000000,0.000000000,0.000000000,0.000000000,0.000000000,0.000000000,0.000000000,0.000000000,0.000000000,0.000000000,0.000000000,0.000000000,0.000000000,0.000000000,0.000000000,0.000000000,0.000000000,0.000000000,0.022044002,-0.003954887,0.076169014,0.053895712,-0.005207181,0.015326509,0.020444898,-0.002332559,0.024467354,-0.002883666,-0.005142721,0.014430705
8.739664316,0.214952469,0.044293404,0.619929314,1.794592857,0.283982277,0.175452232,-0.047668457,0.110780716,-0.003356934,0.079895020,0.034744263,-0.015609741,0.214952469,0.044293404,0.619929314,1.794592857,0.283982277,0.175068855,0.000004948,-6.110942841,5.127720356,1.328463912,-0.679465353,-0.001441861,-0.011154175,-6.094757080,5.192995071,1.387548447,-0.697489738,-0.004058838,0.000004948,-6.110942841,5.127720356,1.328463912,-0.679465353,-0.001441861,0.000000000,0.000000000,0.000000000,0.000000000,0.000000000,0.000000000,0.000000000,0.000000000,0.000000000,0.000000000,0.000000000,0.000000000,0.000000000,0.000000000,0.000000000,0.000000000,0.000000000,0.000000000,-0.011159123,0.016185760,0.065274715,0.059084535,-0.018024385,-0.002616977,-0.012758227,0.017808089,0.013573056,0.002305157,-0.017959925,-0.003512781
8.749673367,0.214952469,0.043910027,0.619929314,1.794592857,0.283982277,0.175068855,-0.046325684,-0.016784668,0.006042480,-0.179264069,-0.016616821,0.017623901,0.214952469,0.043910027,0.619929314,1.794592857,0.283982277,0.175068855,0.000004951,-6.107001781,5.129709721,1.328096747,-0.679197371,-0.001441035,-0.019454956,-6.120391846,5.184694290,1.390661240,-0.678262711,-0.009185791,0.000004951,-6.107001781,5.129709721,1.328096747,-0.679197371,-0.001441035,0.000000000,0.000000000,0.000000000,0.000000000,0.000000000,0.000000000,0.000000000,0.000000000,0.000000000,0.000000000,0.000000000,0.000000000,0.000000000,0.000000000,0.000000000,0.000000000,0.000000000,0.000000000,-0.019459907,-0.013390064,0.054984570,0.062564492,0.000934660,-0.007744756,-0.021059011,-0.011767736,0.003282910,0.005785115,0.000999121,-0.008640560
8.759613514,0.214952469,0.044293404,0.619929314,1.794592857,0.283982277,0.175452232,-0.011413574,-0.028991699,-0.122867584,-0.047668457,0.024673462,-0.008560181,0.214952469,0.044293404,0.619929314,1.794592857,0.283982277,0.175068855,0.000004948,-6.110942841,5.127720356,1.328463912,-0.679465353,-0.001441861,0.007003784,-6.107574463,5.171205521,1.382879257,-0.661172867,-0.027558327,0.000004948,-6.110942841,5.127720356,1.328463912,-0.679465353,-0.001441861,0.000000000,0.000000000,0.000000000,0.000000000,0.000000000,0.000000000,0.000000000,0.000000000,0.000000000,0.000000000,0.000000000,0.000000000,0.000000000,0.000000000,0.000000000,0.000000000,0.000000000,0.000000000,0.006998836,0.003368378,0.043485165,0.054415345,0.018292487,-0.026116466,0.005399732,0.004990706,-0.008216495,-0.002364032,0.018356947,-0.027012270
8.769610405,0.215335846,0.043910027,0.619929314,1.794592857,0.283982277,0.175068855,-0.079895020,-0.094301224,0.074523926,-0.002014160,-0.044815063,0.029708862,0.215335846,0.044293404,0.619929314,1.794592857,0.283982277,0.175068855,0.000004941,-6.110942841,5.127720356,1.328463912,-0.679465353,-0.001441861,-0.019973755,-6.094757080,5.180543900,1.394292831,-0.687235832,-0.013458252,0.000004941,-6.110942841,5.127720356,1.328463912,-0.679465353,-0.001441861,0.000000000,0.000000000,0.000000000,0.000000000,0.000000000,0.000000000,0.000000000,0.000000000,0.000000000,0.000000000,0.000000000,0.000000000,0.000000000,0.000000000,0.000000000,0.000000000,0.000000000,0.000000000,-0.019978696,0.016185760,0.052823544,0.065828919,-0.007770479,-0.012016391,-0.021577800,0.017808089,0.001121884,0.009049542,-0.007706019,-0.012912195
8.779643774,0.214952469,0.044293404,0.619929314,1.794592857,0.283982277,0.175068855,0.034240723,0.140077591,0.006042480,-0.006042480,-0.016616821,0.011581421,0.214952469,0.044293404,0.619545937,1.794592857,0.283982277,0.175068855,0.000004950,-6.108841896,5.125729561,1.328830957,-0.679733217,-0.001442687,0.001815796,-6.102081299,5.202333450,1.401557922,-0.692790031,-0.014739990,0.000004950,-6.108841896,5.125729561,1.328830957,-0.679733217,-0.001442687,0.000000000,0.000000000,0.000000000,0.000000000,0.000000000,0.000000000,0.000000000,0.000000000,0.000000000,0.000000000,0.000000000,0.000000000,0.000000000,0.000000000,0.000000000,0.000000000,0.000000000,0.000000000,0.001810846,0.006760597,0.076603889,0.072726965,-0.013056815,-0.013297304,0.000211742,0.008382925,0.024902230,0.015947587,-0.012992354,-0.014193108
8.789764643,0.214952469,0.044293404,0.619929314,1.794592857,0.283982277,0.175068855,-0.051696777,0.013122559,0.141662598,-0.007385254,-0.013595581,-0.011581421,0.214952469,0.044293404,0.619929314,1.794592857,0.283982277,0.175068855,0.000004948,-6.110942841,5.127720356,1.328463912,-0.679465353,-0.001441861,-0.030868530,-6.107574463,5.155641556,1.395332336,-0.655618668,0.019012451,0.000004948,-6.110942841,5.127720356,1.328463912,-0.679465353,-0.001441861,0.000000000,0.000000000,0.000000000,0.000000000,0.000000000,0.000000000,0.000000000,0.000000000,0.000000000,0.000000000,0.000000000,0.000000000,0.000000000,0.000000000,0.000000000,0.000000000,0.000000000,0.000000000,-0.030873479,0.003368378,0.027921200,0.066868424,0.023846686,0.020454312,-0.032472583,0.004990706,-0.023780460,0.010089047,0.023911146,0.019558508
8.799799204,0.214952469,0.044293404,0.619929314,1.794592857,0.283982277,0.175452232,-0.100040436,0.027770996,-0.027526855,-0.023498535,-0.019638062,0.069992065,0.214952469,0.044293404,0.619929314,1.794592857,0.283982277,0.175068855,0.000004948,-6.110942841,5.127720356,1.328463912,-0.679465353,-0.001441861,-0.011154175,-6.085601807,5.135408401,1.370946884,-0.671854019,-0.020721436,0.000004948,-6.110942841,5.127720356,1.328463912,-0.679465353,-0.001441861,0.000000000,0.000000000,0.000000000,0.000000000,0.000000000,0.000000000,0.000000000,0.000000000,0.000000000,0.000000000,0.000000000,0.000000000,0.000000000,0.000000000,0.000000000,0.000000000,0.000000000,0.000000000,-0.011159123,0.025341034,0.007688046,0.042482972,0.007611334,-0.019279575,-0.012758227,0.026963362,-0.044013614,-0.014296405,0.007675795,-0.020175379
8.809612513,0.215335846,0.044293404,0.619929314,1.794592857,0.283982277,0.175068855,0.051696777,0.085145950,-0.043640137,-0.175235748,-0.085102081,0.021652222,0.214952469,0.043910027,0.619929314,1.794592857,0.283982277,0.175068855,0.000004951,-6.107001781,5.129709721,1.328096747,-0.679197371,-0.001441035,0.008041382,-6.107574463,5.190919876,1.390661240,-0.644937515,-0.004913330,0.000004951,-6.107001781,5.129709721,1.328096747,-0.679197371,-0.001441035,0.000000000,0.000000000,0.000000000,0.000000000,0.000000000,0.000000000,0.000000000,0.000000000,0.000000000,0.000000000,0.000000000,0.000000000,0.000000000,0.000000000,0.000000000,0.000000000,0.000000000,0.000000000,0.008036431,-0.000572681,0.061210155,0.062564492,0.034259856,-0.003472295,0.006437327,0.001049647,0.009508496,0.005785115,0.034324316,-0.004368099
8.819616795,0.214952469,0.044293404,0.619929314,1.794592857,0.283598900,0.175068855,0.067810059,-0.035095215,-0.183292389,-0.114810944,-0.030715942,-0.014602661,0.214952469,0.043910027,0.619929314,1.794209480,0.283982277,0.175068855,0.000004951,-6.107350826,5.130040169,1.328463912,-0.679465353,-0.001441861,-0.015304565,-6.151519775,5.168611526,1.414527893,-0.676126480,0.020294189,0.000004951,-6.107350826,5.130040169,1.328463912,-0.679465353,-0.001441861,0.000000000,0.000000000,0.000000000,0.000000000,0.000000000,0.000000000,0.000000000,0.000000000,0.000000000,0.000000000,0.000000000,0.000000000,0.000000000,0.000000000,0.000000000,0.000000000,0.000000000,0.000000000,-0.015309516,-0.044168949,0.038571358,0.086063981,0.003338873,0.021736050,-0.016908620,-0.042546621,-0.013130302,0.029284604,0.003403334,0.020840246
8.829625130,0.214952469,0.044293404,0.619929314,1.794592857,0.283982277,0.175068855,0.034240723,0.011901855,0.049011230,0.002014160,0.081069946,-0.042800903,0.214952469,0.043910027,0.619929314,1.794592857,0.283982277,0.175068855,0.000004951,-6.107001781,5.129709721,1.328096747,-0.679197371,-0.001441035,0.008041382,-6.094757080,5.198701859,1.401557922,-0.710734367,0.012603760,0.000004951,-6.107001781,5.129709721,1.328096747,-0.679197371,-0.001441035,0.000000000,0.000000000,0.000000000,0.000000000,0.000000000,0.000000000,0.000000000,0.000000000,0.000000000,0.000000000,0.000000000,0.000000000,0.000000000,0.000000000,0.000000000,0.000000000,0.000000000,0.000000000,0.008036431,0.012244701,0.068992138,0.073461175,-0.031536996,0.014044795,0.006437327,0.013867030,0.017290478,0.016681797,-0.031472536,0.013148991
8.839837551,0.214952469,0.043910027,0.619929314,1.794592857,0.283982277,0.175068855,0.109436035,-0.108949661,-0.079895020,0.126892090,0.053878784,-0.029708862,0.214952469,0.043910027,0.619929314,1.794592857,0.283982277,0.175068855,0.000004951,-6.107001781,5.129709721,1.328096747,-0.679197371,-0.001441035,-0.046953201,-6.105743408,5.217897415,1.360570908,-0.673563004,-0.002349854,0.000004951,-6.107001781,5.129709721,1.328096747,-0.679197371,-0.001441035,0.000000000,0.000000000,0.000000000,0.000000000,0.000000000,0.000000000,0.000000000,0.000000000,0.000000000,0.000000000,0.000000000,0.000000000,0.000000000,0.000000000,0.000000000,0.000000000,0.000000000,0.000000000,-0.046958152,0.001258373,0.088187695,0.032474160,0.005634367,-0.000908818,-0.048557256,0.002880701,0.036486035,-0.024305217,0.005698828,-0.001804622
8.849662066,0.214952469,0.044293404,0.619929314,1.794592857,0.283982277,0.175068855,0.061096191,0.032653809,0.008728027,0.152404785,-0.010574341,-0.059921265,0.214952469,0.043910027,0.619545937,1.794592857,0.283982277,0.175068855,0.000004952,-6.104901791,5.127720356,1.328463912,-0.679465353,-0.001441861,-0.030349731,-6.065460205,5.171205521,1.387029648,-0.673990250,0.004913330,0.000004952,-6.104901791,5.127720356,1.328463912,-0.679465353,-0.001441861,0.000000000,0.000000000,0.000000000,0.000000000,0.000000000,0.000000000,0.000000000,0.000000000,0.000000000,0.000000000,0.000000000,0.000000000,0.000000000,0.000000000,0.000000000,0.000000000,0.000000000,0.000000000,-0.030354684,0.039441586,0.043485165,0.058565736,0.005475104,0.006355191,-0.031953787,0.041063914,-0.008216495,0.001786358,0.005539564,0.005459387
8.859610319,0.214952469,0.044293404,0.619545937,1.794592857,0.283982277,0.175068855,-0.004699707,0.005798340,-0.160465240,0.063781738,0.002517700,0.042800903,0.214952469,0.044293404,0.619929314,1.794592857,0.283982277,0.175068855,0.000004948,-6.110942841,5.127720356,1.328463912,-0.679465353,-0.001441861,0.001815796,-6.043487549,5.187807083,1.383398056,-0.685954094,-0.020721436,0.000004948,-6.110942841,5.127720356,1.328463912,-0.679465353,-0.001441861,0.000000000,0.000000000,0.000000000,0.000000000,0.000000000,0.000000000,0.000000000,0.000000000,0.000000000,0.000000000,0.000000000,0.000000000,0.000000000,0.000000000,0.000000000,0.000000000,0.000000000,0.000000000,0.001810847,0.067455292,0.060086727,0.054934144,-0.006488740,-0.019279575,0.000211744,0.069077620,0.008385068,-0.001845233,-0.006424280,-0.020175379
8.869779587,0.214952469,0.044293404,0.619929314,1.794592857,0.283982277,0.175068855,-0.077209473,-0.151063919,-0.028869629,-0.121524811,-0.047836304,-0.049850464,0.214952469,0.044293404,0.619929314,1.794592857,0.283982277,0.175068855,0.000004948,-6.110942841,5.127720356,1.328463912,-0.679465353,-0.001441861,0.009597778,-6.127716064,5.174837112,1.360052109,-0.702189445,-0.004058838,0.000004948,-6.110942841,5.127720356,1.328463912,-0.679465353,-0.001441861,0.000000000,0.000000000,0.000000000,0.000000000,0.000000000,0.000000000,0.000000000,0.000000000,0.000000000,0.000000000,0.000000000,0.000000000,0.000000000,0.000000000,0.000000000,0.000000000,0.000000000,0.000000000,0.009592830,-0.016773224,0.047116756,0.031588197,-0.022724092,-0.002616977,0.007993726,-0.015150896,-0.004584903,-0.025191181,-0.022659632,-0.003512781
8.879625320,0.214952469,0.044293404,0.619929314,1.794592857,0.283982277,0.175068855,-0.008728027,-0.010070801,0.010070801,-0.050354004,0.009567261,-0.035751343,0.214952469,0.043910027,0.619929314,1.794592857,0.283598900,0.175068855,0.000004951,-6.106747150,5.129468441,1.327828765,-0.679273486,-0.001441234,-0.013229370,-6.118560791,5.147859573,1.394292831,-0.682107925,-0.015594482,0.000004951,-6.106747150,5.129468441,1.327828765,-0.679273486,-0.001441234,0.000000000,0.000000000,0.000000000,0.000000000,0.000000000,0.000000000,0.000000000,0.000000000,0.000000000,0.000000000,0.000000000,0.000000000,0.000000000,0.000000000,0.000000000,0.000000000,0.000000000,0.000000000,-0.013234321,-0.011813641,0.018391132,0.066464067,-0.002834439,-0.014153249,-0.014833425,-0.010191312,-0.033310527,0.009684689,-0.002769979,-0.015049053
8.889616489,0.214952469,0.043910027,0.619929314,1.794592857,0.283982277,0.175452232,0.007385254,-0.160829544,0.043640137,0.116149902,0.051864624,0.021652222,0.214952469,0.044293404,0.619929314,1.794592857,0.283982277,0.175068855,0.000004948,-6.110942841,5.127720356,1.328463912,-0.679465353,-0.001441861,-0.006484985,-6.058135986,5.162385941,1.336706161,-0.671426773,0.005767822,0.000004948,-6.110942841,5.127720356,1.328463912,-0.679465353,-0.001441861,0.000000000,0.000000000,0.000000000,0.000000000,0.000000000,0.000000000,0.000000000,0.000000000,0.000000000,0.000000000,0.000000000,0.000000000,0.000000000,0.000000000,0.000000000,0.000000000,0.000000000,0.000000000,-0.006489934,0.052806854,0.034665585,0.008242249,0.008038580,0.007209683,-0.008089038,0.054429182,-0.017036075,-0.048537128,0.008103041,0.006313879
8.899642944,0.214952469,0.043910027,0.619929314,1.794592857,0.283982277,0.175068855,0.034240723,-0.082094193,0.014099121,0.008728027,-0.002517700,-0.013595581,0.214952469,0.043910027,0.619545937,1.794592857,0.283982277,0.175452232,0.000004952,-6.104902744,5.127720833,1.328464746,-0.679465175,-0.001441011,-0.004928589,-6.092926025,5.177431107,1.373540878,-0.665445328,0.008331299,0.000004952,-6.104902744,5.127720833,1.328464746,-0.679465175,-0.001441011,0.000000000,0.000000000,0.000000000,0.000000000,0.000000000,0.000000000,0.000000000,0.000000000,0.000000000,0.000000000,0.000000000,0.000000000,0.000000000,0.000000000,0.000000000,0.000000000,0.000000000,0.000000000,-0.004933541,0.011976719,0.049710274,0.045076132,0.014019847,0.009772310,-0.006532645,0.013599047,-0.001991386,-0.011703246,0.014084307,0.008876506
8.909763098,0.215335846,0.044293404,0.619929314,1.794592857,0.283982277,0.175068855,0.007385254,0.045471191,-0.157779694,0.122863770,-0.016616821,0.051864624,0.215335846,0.044293404,0.619929314,1.794592857,0.283982277,0.175452232,0.000004941,-6.110943794,5.127720833,1.328464746,-0.679465175,-0.001441011,0.014266968,-6.146026611,5.160829544,1.370946884,-0.685526848,-0.040375710,0.000004941,-6.110943794,5.127720833,1.328464746,-0.679465175,-0.001441011,0.000000000,0.000000000,0.000000000,0.000000000,0.000000000,0.000000000,0.000000000,0.000000000,0.000000000,0.000000000,0.000000000,0.000000000,0.000000000,0.000000000,0.000000000,0.000000000,0.000000000,0.000000000,0.014262026,-0.035082817,0.033108711,0.042482138,-0.006061673,-0.038934699,0.012662923,-0.033460489,-0.018592948,-0.014297240,-0.005997213,-0.039830503
8.919776440,0.214952469,0.044293404,0.619545937,1.794592857,0.283982277,0.175068855,-0.040954590,0.172426224,-0.061096191,-0.071838379,0.040786743,0.009567261,0.214952469,0.043910027,0.619929314,1.794592857,0.283982277,0.175068855,0.000004951,-6.107001781,5.129709721,1.328096747,-0.679197371,-0.001441035,-0.024124146,-6.142364502,5.198183060,1.421272278,-0.667154312,-0.005340576,0.000004951,-6.107001781,5.129709721,1.328096747,-0.679197371,-0.001441035,0.000000000,0.000000000,0.000000000,0.000000000,0.000000000,0.000000000,0.000000000,0.000000000,0.000000000,0.000000000,0.000000000,0.000000000,0.000000000,0.000000000,0.000000000,0.000000000,0.000000000,0.000000000,-0.024129096,-0.035362720,0.068473339,0.093175530,0.012043059,-0.003899541,-0.025728200,-0.033740392,0.016771679,0.036396153,0.012107519,-0.004795345
8.929609060,0.214952469,0.043910027,0.619929314,1.794592857,0.283982277,0.175068855,0.034240723,-0.025329590,-0.061096191,0.098693848,0.042800903,-0.009567261,0.215335846,0.044293404,0.619929314,1.794592857,0.283982277,0.175068855,0.000004941,-6.110942841,5.127720356,1.328463912,-0.679465353,-0.001441861,-0.001296997,-6.091094971,5.201295853,1.366796494,-0.673990250,0.006622314,0.000004941,-6.110942841,5.127720356,1.328463912,-0.679465353,-0.001441861,0.000000000,0.000000000,0.000000000,0.000000000,0.000000000,0.000000000,0.000000000,0.000000000,0.000000000,0.000000000,0.000000000,0.000000000,0.000000000,0.000000000,0.000000000,0.000000000,0.000000000,0.000000000,-0.001301938,0.019847870,0.073575497,0.038332582,0.005475104,0.008064175,-0.002901042,0.021470198,0.021873837,-0.018446796,0.005539564,0.007168371
8.939607859,0.214952469,0.044293404,0.619929314,1.794592857,0.283982277,0.175068855,-0.063781738,0.093690872,0.028869629,-0.050354004,0.029708862,0.018630981,0.214952469,0.044293404,0.619929314,1.794592857,0.283982277,0.175068855,0.000004948,-6.110942841,5.127720356,1.328463912,-0.679465353,-0.001441861,0.022567749,-6.111236572,5.166017532,1.367834091,-0.689372063,-0.004486084,0.000004948,-6.110942841,5.127720356,1.328463912,-0.679465353,-0.001441861,0.000000000,0.000000000,0.000000000,0.000000000,0.000000000,0.000000000,0.000000000,0.000000000,0.000000000,0.000000000,0.000000000,0.000000000,0.000000000,0.000000000,0.000000000,0.000000000,0.000000000,0.000000000,0.022562801,-0.000293732,0.038297176,0.039370179,-0.009906709,-0.003044223,0.020963697,0.001328596,-0.013404483,-0.017409198,-0.009842249,-0.003940027
8.949673414,0.214952469,0.044293404,0.619929314,1.794592857,0.283982277,0.175068855,-0.012756348,0.020446777,0.114807129,0.028869629,-0.096179962,-0.005538940,0.214952469,0.044293404,0.619929314,1.794592857,0.283982277,0.175068855,0.000004948,-6.110942841,5.127720356,1.328463912,-0.679465353,-0.001441861,-0.028274536,-6.120391846,5.202333450,1.364721298,-0.667581558,-0.001068115,0.000004948,-6.110942841,5.127720356,1.328463912,-0.679465353,-0.001441861,0.000000000,0.000000000,0.000000000,0.000000000,0.000000000,0.000000000,0.000000000,0.000000000,0.000000000,0.000000000,0.000000000,0.000000000,0.000000000,0.000000000,0.000000000,0.000000000,0.000000000,0.000000000,-0.028279485,-0.009449005,0.074613094,0.036257386,0.011883795,0.000373746,-0.029878588,-0.007826677,0.022911435,-0.020521991,0.011948255,-0.000522058
8.959742546,0.214952469,0.044293404,0.619929314,1.794592857,0.283982277,0.175068855,0.024841309,0.014953613,0.173892975,-0.066467285,0.000503540,0.070999146,0.214952469,0.044293404,0.619929314,1.794592857,0.283982277,0.175068855,0.000004948,-6.110942841,5.127720356,1.328463912,-0.679465353,-0.001441861,-0.009597778,-6.113067627,5.173799515,1.407783508,-0.683389664,-0.013458252,0.000004948,-6.110942841,5.127720356,1.328463912,-0.679465353,-0.001441861,0.000000000,0.000000000,0.000000000,0.000000000,0.000000000,0.000000000,0.000000000,0.000000000,0.000000000,0.000000000,0.000000000,0.000000000,0.000000000,0.000000000,0.000000000,0.000000000,0.000000000,0.000000000,-0.009602727,-0.002124786,0.046079159,0.079319596,-0.003924310,-0.012016391,-0.011201831,-0.000502458,-0.005622501,0.022540219,-0.003859850,-0.012912195
8.969615459,0.214952469,0.044293404,0.619929314,1.794592857,0.283982277,0.175068855,-0.039611816,-0.026550293,0.073181152,0.089294434,0.036758423,0.002517700,0.214952469,0.044293404,0.619929314,1.794592857,0.283982277,0.175068855,0.000004948,-6.110942841,5.127720356,1.328463912,-0.679465353,-0.001441861,-0.009078979,-6.114898682,5.205965042,1.390142441,-0.685526848,-0.013031006,0.000004948,-6.110942841,5.127720356,1.328463912,-0.679465353,-0.001441861,0.000000000,0.000000000,0.000000000,0.000000000,0.000000000,0.000000000,0.000000000,0.000000000,0.000000000,0.000000000,0.000000000,0.000000000,0.000000000,0.000000000,0.000000000,0.000000000,0.000000000,0.000000000,-0.009083928,-0.003955841,0.078244686,0.061678529,-0.006061494,-0.011589145,-0.010683032,-0.002333513,0.026543027,0.004899151,-0.005997034,-0.012484949
8.979610682,0.215335846,0.044293404,0.619929314,1.794592857,0.283982277,0.175068855,0.031555176,-0.068056107,-0.089298248,0.054382324,0.007553101,-0.010574341,0.215335846,0.043910027,0.619929314,1.794209480,0.283982277,0.175068855,0.000004944,-6.107350826,5.130040169,1.328463912,-0.679465353,-0.001441861,-0.003890991,-6.092926025,5.181062698,1.377172470,-0.680398941,0.009185791,0.000004944,-6.107350826,5.130040169,1.328463912,-0.679465353,-0.001441861,0.000000000,0.000000000,0.000000000,0.000000000,0.000000000,0.000000000,0.000000000,0.000000000,0.000000000,0.000000000,0.000000000,0.000000000,0.000000000,0.000000000,0.000000000,0.000000000,0.000000000,0.000000000,-0.003895935,0.014424801,0.051022530,0.048708558,-0.000933588,0.010627652,-0.005495039,0.016047129,-0.000679130,-0.008070819,-0.000869127,0.009731848
8.989794493,0.214952469,0.044293404,0.619929314,1.794592857,0.283982277,0.175452232,0.078552246,0.011901855,0.070495605,-0.061096191,-0.069995880,-0.000503540,0.214952469,0.044293404,0.619929314,1.794592857,0.283982277,0.175068855,0.000004948,-6.110942841,5.127720356,1.328463912,-0.679465353,-0.001441861,-0.017898560,-6.124053955,5.177949905,1.386510849,-0.682962418,0.004486084,0.000004948,-6.110942841,5.127720356,1.328463912,-0.679465353,-0.001441861,0.000000000,0.000000000,0.000000000,0.000000000,0.000000000,0.000000000,0.000000000,0.000000000,0.000000000,0.000000000,0.000000000,0.000000000,0.000000000,0.000000000,0.000000000,0.000000000,0.000000000,0.000000000,-0.017903508,-0.013111115,0.050229549,0.058046937,-0.003497064,0.005927945,-0.019502612,-0.011488786,-0.001472110,0.001267559,-0.003432604,0.005032141
8.999665499,0.214952469,0.044293404,0.619929314,1.794592857,0.283982277,0.175068855,0.042297363,0.019226074,0.102722168,0.019470215,0.024673462,0.026687622,0.214952469,0.044293404,0.619929314,1.794592857,0.283982277,0.175068855,0.000004948,-6.110942841,5.127720356,1.328463912,-0.679465353,-0.001441861,-0.000259399,-6.125885010,5.182100296,1.415565491,-0.675271988,0.010894775,0.000004948,-6.110942841,5.127720356,1.328463912,-0.679465353,-0.001441861,0.000000000,0.000000000,0.000000000,0.000000000,0.000000000,0.000000000,0.000000000,0.000000000,0.000000000,0.000000000,0.000000000,0.000000000,0.000000000,0.000000000,0.000000000,0.000000000,0.000000000,0.000000000,-0.000264348,-0.014942169,0.054379940,0.087101579,0.004193366,0.012336636,-0.001863452,-0.013319841,0.002678280,0.030322201,0.004257826,0.011440832
9.009611130,0.214952469,0.043910027,0.619545937,1.794592857,0.283598900,0.175068855,-0.094669342,-0.058290482,-0.114810944,0.160461426,-0.037765503,-0.039779663,0.214952469,0.043910027,0.619929314,1.794592857,0.283982277,0.175068855,0.000004951,-6.107001781,5.129709721,1.328096747,-0.679197371,-0.001441035,-0.009597778,-6.102081299,5.182100296,1.403114319,-0.683817863,0.001068115,0.000004951,-6.107001781,5.129709721,1.328096747,-0.679197371,-0.001441035,0.000000000,0.000000000,0.000000000,0.000000000,0.000000000,0.000000000,0.000000000,0.000000000,0.000000000,0.000000000,0.000000000,0.000000000,0.000000000,0.000000000,0.000000000,0.000000000,0.000000000,0.000000000,-0.009602729,0.004920483,0.052390575,0.075017571,-0.004620492,0.002509150,-0.011201833,0.006542811,0.000688916,0.018238194,-0.004556032,0.001613346
9.019686460,0.214952469,0.043910027,0.619929314,1.794592857,0.283982277,0.175068855,0.110778809,-0.086366653,0.047668457,-0.055725098,0.070999146,-0.047836304,0.214952469,0.044293404,0.619929314,1.794592857,0.283982277,0.175068855,0.000004948,-6.110942841,5.127720356,1.328463912,-0.679465353,-0.001441861,-0.009597778,-6.111236572,5.158235550,1.389104843,-0.683389664,-0.018157959,0.000004948,-6.110942841,5.127720356,1.328463912,-0.679465353,-0.001441861,0.000000000,0.000000000,0.000000000,0.000000000,0.000000000,0.000000000,0.000000000,0.000000000,0.000000000,0.000000000,0.000000000,0.000000000,0.000000000,0.000000000,0.000000000,0.000000000,0.000000000,0.000000000,-0.009602727,-0.000293732,0.030515194,0.060640931,-0.003924310,-0.016716098,-0.011201831,0.001328596,-0.021186466,0.003861554,-0.003859850,-0.017611902
9.029625416,0.214952469,0.044293404,0.619929314,1.794592857,0.283982277,0.175068855,-0.027526855,0.179140091,-0.020812988,0.038269043,0.069992065,0.032730103,0.214952469,0.044293404,0.619929314,1.794592857,0.283982277,0.175068855,0.000004948,-6.110942841,5.127720356,1.328463912,-0.679465353,-0.001441861,0.043319702,-6.131378174,5.172761917,1.383916855,-0.689372063,-0.010894775,0.000004948,-6.110942841,5.127720356,1.328463912,-0.679465353,-0.001441861,0.000000000,0.000000000,0.000000000,0.000000000,0.000000000,0.000000000,0.000000000,0.000000000,0.000000000,0.000000000,0.000000000,0.000000000,0.000000000,0.000000000,0.000000000,0.000000000,0.000000000,0.000000000,0.043314754,-0.020435333,0.045041561,0.055452943,-0.009906709,-0.009452914,0.041715650,-0.018813005,-0.006660098,-0.001326435,-0.009842249,-0.010348719
9.039620876,0.214952469,0.043910027,0.619929314,1.794592857,0.283982277,0.175068855,0.063781738,-0.083925247,-0.026184082,-0.015441895,0.053878784,0.002517700,0.214952469,0.043910027,0.619929314,1.794592857,0.283982277,0.175068855,0.000004951,-6.107001781,5.129709721,1.328096747,-0.679197371,-0.001441035,0.005447388,-6.136871338,5.189363480,1.391180038,-0.697489738,-0.002349854,0.000004951,-6.107001781,5.129709721,1.328096747,-0.679197371,-0.001441035,0.000000000,0.000000000,0.000000000,0.000000000,0.000000000,0.000000000,0.000000000,0.000000000,0.000000000,0.000000000,0.000000000,0.000000000,0.000000000,0.000000000,0.000000000,0.000000000,0.000000000,0.000000000,0.005442437,-0.029869556,0.059653759,0.063083291,-0.018292367,-0.000908818,0.003843333,-0.028247228,0.007952099,0.006303914,-0.018227907,-0.001804622
9.049674034,0.214952469,0.044293404,0.619929314,1.794592857,0.283982277,0.175068855,-0.008728027,0.036315918,0.003356934,0.036926270,0.003524780,0.015609741,0.214952469,0.044293404,0.619545937,1.794592857,0.283982277,0.175068855,0.000004950,-6.108841896,5.125729561,1.328830957,-0.679733217,-0.001442687,0.017898560,-6.124053955,5.205446243,1.388586044,-0.685954094,-0.020721436,0.000004950,-6.108841896,5.125729561,1.328830957,-0.679733217,-0.001442687,0.000000000,0.000000000,0.000000000,0.000000000,0.000000000,0.000000000,0.000000000,0.000000000,0.000000000,0.000000000,0.000000000,0.000000000,0.000000000,0.000000000,0.000000000,0.000000000,0.000000000,0.000000000,0.017893610,-0.015212059,0.079716682,0.059755087,-0.006220877,-0.019278749,0.016294506,-0.013589731,0.028015023,0.002975709,-0.006156417,-0.020174553
9.059613466,0.214952469,0.043910027,0.619929314,1.794592857,0.283982277,0.175068855,0.043640137,-0.121156693,0.207462311,0.085266113,0.018630981,-0.012588501,0.214952469,0.044293404,0.619929314,1.794592857,0.283982277,0.175068855,0.000004948,-6.110942841,5.127720356,1.328463912,-0.679465353,-0.001441861,0.003890991,-6.089263916,5.177431107,1.375097275,-0.705607414,0.002777100,0.000004948,-6.110942841,5.127720356,1.328463912,-0.679465353,-0.001441861,0.000000000,0.000000000,0.000000000,0.000000000,0.000000000,0.000000000,0.000000000,0.000000000,0.000000000,0.000000000,0.000000000,0.000000000,0.000000000,0.000000000,0.000000000,0.000000000,0.000000000,0.000000000,0.003886043,0.021678925,0.049710751,0.046633363,-0.026142061,0.004218961,0.002286939,0.023301253,-0.001990909,-0.010146015,-0.026077601,0.003323156
9.069612741,0.214952469,0.044293404,0.619545937,1.794592857,0.283982277,0.175068855,0.086608887,0.007629395,-0.075866699,0.012756348,0.073013306,-0.058914185,0.214952469,0.043910027,0.619929314,1.794592857,0.283982277,0.175452232,0.000004951,-6.107002735,5.129710674,1.328097582,-0.679197192,-0.001440185,-0.007003784,-6.111236572,5.191438675,1.357976913,-0.677835464,0.016876221,0.000004951,-6.107002735,5.129710674,1.328097582,-0.679197192,-0.001440185,0.000000000,0.000000000,0.000000000,0.000000000,0.000000000,0.000000000,0.000000000,0.000000000,0.000000000,0.000000000,0.000000000,0.000000000,0.000000000,0.000000000,0.000000000,0.000000000,0.000000000,0.000000000,-0.007008735,-0.004233837,0.061728001,0.029879332,0.001361728,0.018316406,-0.008607839,-0.002611509,0.010026341,-0.026900046,0.001426188,0.017420602
9.079633474,0.214952469,0.044293404,0.619929314,1.794592857,0.283982277,0.175068855,-0.007385254,0.057678223,0.012756348,-0.016784668,-0.041793823,-0.006546021,0.214952469,0.043910027,0.619929314,1.794592857,0.283982277,0.175068855,0.000004951,-6.107001781,5.129709721,1.328096747,-0.679197371,-0.001441035,0.001815796,-6.092926025,5.184175491,1.352788925,-0.668436050,0.018157959,0.000004951,-6.107001781,5.129709721,1.328096747,-0.679197371,-0.001441035,0.000000000,0.000000000,0.000000000,0.000000000,0.000000000,0.000000000,0.000000000,0.000000000,0.000000000,0.000000000,0.000000000,0.000000000,0.000000000,0.000000000,0.000000000,0.000000000,0.000000000,0.000000000,0.001810845,0.014075756,0.054465771,0.024692178,0.010761321,0.019598994,0.000211741,0.015698084,0.002764111,-0.032087200,0.010825781,0.018703190
9.089610100,0.215335846,0.044293404,0.619545937,1.794592857,0.283982277,0.175068855,0.102722168,0.045471191,-0.028869629,0.069152832,-0.008560181,0.045822144,0.214952469,0.043910027,0.619929314,1.794592857,0.283982277,0.175068855,0.000004951,-6.107001781,5.129709721,1.328096747,-0.679197371,-0.001441035,0.016860962,-6.103912354,5.176393509,1.381322861,-0.680826187,0.004486084,0.000004951,-6.107001781,5.129709721,1.328096747,-0.679197371,-0.001441035,0.000000000,0.000000000,0.000000000,0.000000000,0.000000000,0.000000000,0.000000000,0.000000000,0.000000000,0.000000000,0.000000000,0.000000000,0.000000000,0.000000000,0.000000000,0.000000000,0.000000000,0.000000000,0.016856011,0.003089428,0.046683788,0.053226113,-0.001628816,0.005927119,0.015256907,0.004711756,-0.005017871,-0.003553264,-0.001564356,0.005031315
9.099611282,0.215335846,0.044293404,0.619929314,1.794592857,0.283982277,0.175068855,0.114807129,0.085756302,0.030212402,0.018127441,-0.036758423,0.032730103,0.214952469,0.044293404,0.619929314,1.794592857,0.283982277,0.175068855,0.000004948,-6.110942841,5.127720356,1.328463912,-0.679465353,-0.001441861,0.016860962,-6.122222900,5.187807083,1.389623642,-0.670572281,-0.018157959,0.000004948,-6.110942841,5.127720356,1.328463912,-0.679465353,-0.001441861,0.000000000,0.000000000,0.000000000,0.000000000,0.000000000,0.000000000,0.000000000,0.000000000,0.000000000,0.000000000,0.000000000,0.000000000,0.000000000,0.000000000,0.000000000,0.000000000,0.000000000,0.000000000,0.016856013,-0.011280060,0.060086727,0.061159730,0.008893073,-0.016716098,0.015256910,-0.009657732,0.008385068,0.004380352,0.008957533,-0.017611902
9.109671593,0.214952469,0.043910027,0.619929314,1.794592857,0.283982277,0.175068855,-0.073181152,0.006408691,-0.010070801,-0.026184082,-0.043807983,-0.004531860,0.214952469,0.043910027,0.619929314,1.794592857,0.283982277,0.175068855,0.000004951,-6.107001781,5.129709721,1.328096747,-0.679197371,-0.001441035,-0.003890991,-6.083770752,5.183137894,1.398963928,-0.692362785,0.007476807,0.000004951,-6.107001781,5.129709721,1.328096747,-0.679197371,-0.001441035,0.000000000,0.000000000,0.000000000,0.000000000,0.000000000,0.000000000,0.000000000,0.000000000,0.000000000,0.000000000,0.000000000,0.000000000,0.000000000,0.000000000,0.000000000,0.000000000,0.000000000,0.000000000,-0.003895942,0.023231030,0.053428173,0.070867181,-0.013165414,0.008917842,-0.005495046,0.024853358,0.001726513,0.014087803,-0.013100954,0.008022038
9.119766235,0.214952469,0.043910027,0.619929314,1.794592857,0.283982277,0.175068855,-0.016784668,-0.119325638,-0.073181152,0.059753418,0.005538940,-0.002517700,0.215335846,0.044293404,0.619929314,1.794592857,0.283982277,0.175068855,0.000004941,-6.110942841,5.127720356,1.328463912,-0.679465353,-0.001441861,-0.012710571,-6.107574463,5.178987503,1.408821106,-0.691081047,0.039947510,0.000004941,-6.110942841,5.127720356,1.328463912,-0.679465353,-0.001441861,0.000000000,0.000000000,0.000000000,0.000000000,0.000000000,0.000000000,0.000000000,0.000000000,0.000000000,0.000000000,0.000000000,0.000000000,0.000000000,0.000000000,0.000000000,0.000000000,0.000000000,0.000000000,-0.012715513,0.003368378,0.051267147,0.080357194,-0.011615694,0.041389371,-0.014314616,0.004990706,-0.000434513,0.023577816,-0.011551233,0.040493567
9.129606485,0.214952469,0.044293404,0.619929314,1.794592857,0.283982277,0.175068855,0.047668457,-0.027770996,-0.028869629,-0.079895020,-0.007553101,-0.013595581,0.214952469,0.044293404,0.619929314,1.794592857,0.283982277,0.175068855,0.000004948,-6.110942841,5.127720356,1.328463912,-0.679465353,-0.001441861,-0.003890991,-6.122222900,5.140596390,1.384954453,-0.675699234,-0.001495361,0.000004948,-6.110942841,5.127720356,1.328463912,-0.679465353,-0.001441861,0.000000000,0.000000000,0.000000000,0.000000000,0.000000000,0.000000000,0.000000000,0.000000000,0.000000000,0.000000000,0.000000000,0.000000000,0.000000000,0.000000000,0.000000000,0.000000000,0.000000000,0.000000000,-0.003895940,-0.011280060,0.012876034,0.056490541,0.003766119,-0.000053500,-0.005495043,-0.009657732,-0.038825626,-0.000288837,0.003830580,-0.000949304
9.139690161,0.214952469,0.044293404,0.619929314,1.794592857,0.283982277,0.175068855,-0.004699707,-0.017395020,0.148376465,-0.006042480,-0.005538940,0.050857544,0.215335846,0.044293404,0.619929314,1.794592857,0.283982277,0.175068855,0.000004941,-6.110942841,5.127720356,1.328463912,-0.679465353,-0.001441861,-0.040727615,-6.056304932,5.173280716,1.375097275,-0.684245110,-0.001068115,0.000004941,-6.110942841,5.127720356,1.328463912,-0.679465353,-0.001441861,0.000000000,0.000000000,0.000000000,0.000000000,0.000000000,0.000000000,0.000000000,0.000000000,0.000000000,0.000000000,0.000000000,0.000000000,0.000000000,0.000000000,0.000000000,0.000000000,0.000000000,0.000000000,-0.040732557,0.054637909,0.045560360,0.046633363,-0.004779756,0.000373746,-0.042331661,0.056260237,-0.006141300,-0.010146015,-0.004715296,-0.000522058
9.149627686,0.215335846,0.043910027,0.619929314,1.794592857,0.283982277,0.175068855,0.006042480,-0.058290482,0.065124512,-0.008728027,0.025680542,0.060928345,0.215335846,0.043910027,0.619929314,1.794592857,0.283982277,0.175452232,0.000004944,-6.107002735,5.129710674,1.328097582,-0.679197192,-0.001440185,-0.002334595,-6.092926025,5.161348343,1.381841660,-0.669290543,-0.001068115,0.000004944,-6.107002735,5.129710674,1.328097582,-0.679197192,-0.001440185,0.000000000,0.000000000,0.000000000,0.000000000,0.000000000,0.000000000,0.000000000,0.000000000,0.000000000,0.000000000,0.000000000,0.000000000,0.000000000,0.000000000,0.000000000,0.000000000,0.000000000,0.000000000,-0.002339538,0.014076710,0.031637669,0.053744078,0.009906650,0.000372070,-0.003938642,0.015699038,-0.020063991,-0.003035300,0.009971110,-0.000523734
9.159608603,0.215335846,0.043910027,0.619929314,1.794592857,0.283982277,0.175068855,0.128234863,-0.072938919,-0.004699707,-0.049011230,-0.030715942,-0.064960480,0.214952469,0.044293404,0.619929314,1.794592857,0.283982277,0.175068855,0.000004948,-6.110942841,5.127720356,1.328463912,-0.679465353,-0.001441861,0.016342163,-6.120391846,5.183137894,1.387548447,-0.666727066,-0.010467529,0.000004948,-6.110942841,5.127720356,1.328463912,-0.679465353,-0.001441861,0.000000000,0.000000000,0.000000000,0.000000000,0.000000000,0.000000000,0.000000000,0.000000000,0.000000000,0.000000000,0.000000000,0.000000000,0.000000000,0.000000000,0.000000000,0.000000000,0.000000000,0.000000000,0.016337215,-0.009449005,0.055417538,0.059084535,0.012738287,-0.009025668,0.014738111,-0.007826677,0.003715878,0.002305157,0.012802748,-0.009921472
9.169610500,0.214952469,0.044293404,0.619929314,1.794592857,0.283982277,0.175452232,0.100036621,-0.015563965,0.175235748,0.036926270,0.014602661,0.026687622,0.214952469,0.043910027,0.619929314,1.794592857,0.283982277,0.175452232,0.000004951,-6.107002735,5.129710674,1.328097582,-0.679197192,-0.001440185,0.000778198,-6.063629150,5.192476273,1.386510849,-0.669290543,-0.002777100,0.000004951,-6.107002735,5.129710674,1.328097582,-0.679197192,-0.001440185,0.000000000,0.000000000,0.000000000,0.000000000,0.000000000,0.000000000,0.000000000,0.000000000,0.000000000,0.000000000,0.000000000,0.000000000,0.000000000,0.000000000,0.000000000,0.000000000,0.000000000,0.000000000,0.000773247,0.043373585,0.062765598,0.058413267,0.009906650,-0.001336915,-0.000825856,0.044995913,0.011063939,0.001633890,0.009971110,-0.002232719
9.179603338,0.214952469,0.043910027,0.619929314,1.794592857,0.283982277,0.175452232,-0.044982910,-0.053407669,0.015441895,-0.020812988,-0.052871704,-0.026687622,0.214952469,0.043910027,0.619545937,1.794592857,0.283982277,0.175068855,0.000004952,-6.104901791,5.127720356,1.328463912,-0.679465353,-0.001441861,0.016860962,-6.122222900,5.198183060,1.329442978,-0.666727066,0.000213623,0.000004952,-6.104901791,5.127720356,1.328463912,-0.679465353,-0.001441861,0.000000000,0.000000000,0.000000000,0.000000000,0.000000000,0.000000000,0.000000000,0.000000000,0.000000000,0.000000000,0.000000000,0.000000000,0.000000000,0.000000000,0.000000000,0.000000000,0.000000000,0.000000000,0.016856010,-0.017321110,0.070462704,0.000979066,0.012738287,0.001655484,0.015256906,-0.015698782,0.018761044,-0.055800312,0.012802748,0.000759680
9.189803600,0.214952469,0.043910027,0.619929314,1.794592857,0.283982277,0.175068855,-0.090641022,-0.104066849,0.061096191,-0.050354004,-0.019638062,0.038772583,0.214952469,0.044293404,0.619545937,1.794592857,0.283982277,0.175452232,0.000004950,-6.108842373,5.125730515,1.328831792,-0.679733038,-0.001441837,-0.015304565,-6.118560791,5.156160355,1.405189514,-0.661600113,-0.004913330,0.000004950,-6.108842373,5.125730515,1.328831792,-0.679733038,-0.001441837,0.000000000,0.000000000,0.000000000,0.000000000,0.000000000,0.000000000,0.000000000,0.000000000,0.000000000,0.000000000,0.000000000,0.000000000,0.000000000,0.000000000,0.000000000,0.000000000,0.000000000,0.000000000,-0.015309515,-0.009718418,0.030429840,0.076357722,0.018132925,-0.003471493,-0.016908619,-0.008096090,-0.021271819,0.019578345,0.018197385,-0.004367297
9.199607134,0.214952469,0.044293404,0.619929314,1.794592857,0.283982277,0.175068855,0.149719238,-0.079652786,-0.034240723,-0.058410645,0.018630981,-0.023666382,0.214952469,0.044293404,0.619929314,1.794592857,0.283982277,0.175068855,0.000004948,-6.110942841,5.127720356,1.328463912,-0.679465353,-0.001441861,0.001296997,-6.102081299,5.155122757,1.382360458,-0.662881851,-0.016021729,0.000004948,-6.110942841,5.127720356,1.328463912,-0.679465353,-0.001441861,0.000000000,0.000000000,0.000000000,0.000000000,0.000000000,0.000000000,0.000000000,0.000000000,0.000000000,0.000000000,0.000000000,0.000000000,0.000000000,0.000000000,0.000000000,0.000000000,0.000000000,0.000000000,0.001292049,0.008861542,0.027402401,0.053896546,0.016583502,-0.014579868,-0.000307055,0.010483870,-0.024299259,-0.002882831,0.016647962,-0.015475672
9.209651709,0.214952469,0.043910027,0.619929314,1.794592857,0.283982277,0.175068855,0.057067871,-0.022888184,0.018127441,-0.087955475,0.026687622,-0.011581421,0.214952469,0.044293404,0.619929314,1.794592857,0.283982277,0.175068855,0.000004948,-6.110942841,5.127720356,1.328463912,-0.679465353,-0.001441861,0.037612915,-6.061798096,5.172243118,1.388586044,-0.678689957,-0.036103249,0.000004948,-6.110942841,5.127720356,1.328463912,-0.679465353,-0.001441861,0.000000000,0.000000000,0.000000000,0.000000000,0.000000000,0.000000000,0.000000000,0.000000000,0.000000000,0.000000000,0.000000000,0.000000000,0.000000000,0.000000000,0.000000000,0.000000000,0.000000000,0.000000000,0.037607967,0.049144745,0.044522762,0.060122132,0.000775397,-0.034661388,0.036008863,0.050767073,-0.007178897,0.003342755,0.000839857,-0.035557192
9.219611645,0.214952469,0.043910027,0.619929314,1.794592857,0.283982277,0.175068855,0.044982910,-0.050355911,-0.030212402,-0.008728027,-0.041793823,0.020645142,0.214952469,0.043910027,0.619929314,1.794592857,0.283982277,0.175068855,0.000004951,-6.107001781,5.129709721,1.328096747,-0.679197371,-0.001441035,0.022567749,-6.153350830,5.181581497,1.356420517,-0.662454605,-0.002349854,0.000004951,-6.107001781,5.129709721,1.328096747,-0.679197371,-0.001441035,0.000000000,0.000000000,0.000000000,0.000000000,0.000000000,0.000000000,0.000000000,0.000000000,0.000000000,0.000000000,0.000000000,0.000000000,0.000000000,0.000000000,0.000000000,0.000000000,0.000000000,0.000000000,0.022562798,-0.046349049,0.051871777,0.028323770,0.016742766,-0.000908818,0.020963694,-0.044726720,0.000170117,-0.028455608,0.016807226,-0.001804622
9.229622841,0.214952469,0.043910027,0.619929314,1.794592857,0.283982277,0.175068855,0.024841309,0.055236816,0.051696777,0.046325684,-0.006546021,-0.041793823,0.214952469,0.043910027,0.619929314,1.794592857,0.283982277,0.175068855,0.000004951,-6.107001781,5.129709721,1.328096747,-0.679197371,-0.001441035,-0.015304565,-6.098419189,5.185213089,1.406745911,-0.664590836,-0.038239479,0.000004951,-6.107001781,5.129709721,1.328096747,-0.679197371,-0.001441035,0.000000000,0.000000000,0.000000000,0.000000000,0.000000000,0.000000000,0.000000000,0.000000000,0.000000000,0.000000000,0.000000000,0.000000000,0.000000000,0.000000000,0.000000000,0.000000000,0.000000000,0.000000000,-0.015309516,0.008582592,0.055503368,0.078649163,0.014606535,-0.036798444,-0.016908620,0.010204920,0.003801709,0.021869786,0.014670996,-0.037694248
9.239626169,0.214952469,0.044293404,0.619929314,1.794592857,0.283982277,0.175068855,0.036926270,0.117494583,-0.012756348,0.000671387,0.006546021,0.015609741,0.215335846,0.044293404,0.619929314,1.794592857,0.283982277,0.175068855,0.000004941,-6.110942841,5.127720356,1.328463912,-0.679465353,-0.001441861,-0.043321609,-6.107574463,5.191438675,1.382879257,-0.691508293,-0.005767822,0.000004941,-6.110942841,5.127720356,1.328463912,-0.679465353,-0.001441861,0.000000000,0.000000000,0.000000000,0.000000000,0.000000000,0.000000000,0.000000000,0.000000000,0.000000000,0.000000000,0.000000000,0.000000000,0.000000000,0.000000000,0.000000000,0.000000000,0.000000000,0.000000000,-0.043326551,0.003368378,0.063718319,0.054415345,-0.012042940,-0.004325961,-0.044925655,0.004990706,0.012016659,-0.002364032,-0.011978479,-0.005221765
9.249612570,0.215335846,0.044293404,0.619929314,1.794592857,0.283982277,0.175452232,0.039611816,-0.046083450,-0.020812988,0.081237793,-0.020645142,0.008560181,0.214952469,0.044293404,0.619929314,1.794592857,0.283982277,0.175068855,0.000004948,-6.110942841,5.127720356,1.328463912,-0.679465353,-0.001441861,0.011154175,-6.131378174,5.192476273,1.376653671,-0.663309097,0.040374756,0.000004948,-6.110942841,5.127720356,1.328463912,-0.679465353,-0.001441861,0.000000000,0.000000000,0.000000000,0.000000000,0.000000000,0.000000000,0.000000000,0.000000000,0.000000000,0.000000000,0.000000000,0.000000000,0.000000000,0.000000000,0.000000000,0.000000000,0.000000000,0.000000000,0.011149226,-0.020435333,0.064755917,0.048189759,0.016156256,0.041816617,0.009550123,-0.018813005,0.013054257,-0.008589618,0.016220716,0.040920813
9.259644985,0.214952469,0.043910027,0.619929314,1.794592857,0.283982277,0.175068855,-0.028869629,-0.018005371,0.058410645,-0.138980865,-0.020645142,-0.057907104,0.214952469,0.044293404,0.619929314,1.794592857,0.283982277,0.175068855,0.000004948,-6.110942841,5.127720356,1.328463912,-0.679465353,-0.001441861,0.021011353,-6.074615479,5.166536331,1.396369934,-0.711161613,-0.012176514,0.000004948,-6.110942841,5.127720356,1.328463912,-0.679465353,-0.001441861,0.000000000,0.000000000,0.000000000,0.000000000,0.000000000,0.000000000,0.000000000,0.000000000,0.000000000,0.000000000,0.000000000,0.000000000,0.000000000,0.000000000,0.000000000,0.000000000,0.000000000,0.000000000,0.021006404,0.036327362,0.038815975,0.067906022,-0.031696260,-0.010734653,0.019407300,0.037949690,-0.012885684,0.011126645,-0.031631800,-0.011630457
9.269791365,0.214952469,0.043910027,0.619545937,1.794592857,0.283982277,0.175068855,-0.074523926,0.069274902,-0.156436920,0.022155762,0.025680542,0.002517700,0.215335846,0.043910027,0.619929314,1.794592857,0.283982277,0.175068855,0.000004944,-6.107001781,5.129709721,1.328096747,-0.679197371,-0.001441035,-0.008560181,-6.083770752,5.193513870,1.403114319,-0.672708511,0.006195068,0.000004944,-6.107001781,5.129709721,1.328096747,-0.679197371,-0.001441035,0.000000000,0.000000000,0.000000000,0.000000000,0.000000000,0.000000000,0.000000000,0.000000000,0.000000000,0.000000000,0.000000000,0.000000000,0.000000000,0.000000000,0.000000000,0.000000000,0.000000000,0.000000000,-0.008565124,0.023231030,0.063804150,0.075017571,0.006488860,0.007636104,-0.010164228,0.024853358,0.012102490,0.018238194,0.006553320,0.006740300
9.279679537,0.214952469,0.043910027,0.619929314,1.794592857,0.283598900,0.175068855,0.038269043,-0.115663528,0.100036621,-0.034240723,-0.037765503,-0.013595581,0.214952469,0.043910027,0.619929314,1.794592857,0.283982277,0.175068855,0.000004951,-6.107001781,5.129709721,1.328096747,-0.679197371,-0.001441035,0.002853394,-6.114898682,5.193513870,1.422309875,-0.682107925,-0.002777100,0.000004951,-6.107001781,5.129709721,1.328096747,-0.679197371,-0.001441035,0.000000000,0.000000000,0.000000000,0.000000000,0.000000000,0.000000000,0.000000000,0.000000000,0.000000000,0.000000000,0.000000000,0.000000000,0.000000000,0.000000000,0.000000000,0.000000000,0.000000000,0.000000000,0.002848443,-0.007896900,0.063804150,0.094213128,-0.002910554,-0.001336064,0.001249339,-0.006274572,0.012102490,0.037433751,-0.002846094,-0.002231868
9.289670467,0.214952469,0.044293404,0.619929314,1.794592857,0.283982277,0.175068855,0.022155762,0.025329590,-0.040954590,-0.040954590,0.021652222,-0.027694702,0.214952469,0.044293404,0.619929314,1.794592857,0.283982277,0.175452232,0.000004948,-6.110943794,5.127720833,1.328464746,-0.679465175,-0.001441011,-0.009078979,-6.138702393,5.184694290,1.377172470,-0.665445328,0.007904053,0.000004948,-6.110943794,5.127720833,1.328464746,-0.679465175,-0.001441011,0.000000000,0.000000000,0.000000000,0.000000000,0.000000000,0.000000000,0.000000000,0.000000000,0.000000000,0.000000000,0.000000000,0.000000000,0.000000000,0.000000000,0.000000000,0.000000000,0.000000000,0.000000000,-0.009083928,-0.027758598,0.056973457,0.048707724,0.014019847,0.009345064,-0.010683032,-0.026136270,0.005271798,-0.008071654,0.014084307,0.008449260
9.299609423,0.214952469,0.044293404,0.619929314,1.794592857,0.283982277,0.175068855,0.039611816,0.181581497,-0.036926270,0.014099121,0.019638062,-0.001510620,0.215335846,0.043910027,0.619929314,1.794592857,0.283598900,0.175068855,0.000004944,-6.106747150,5.129468441,1.327828765,-0.679273486,-0.001441234,0.002334595,-6.074615479,5.188325882,1.378210068,-0.690226555,0.006195068,0.000004944,-6.106747150,5.129468441,1.327828765,-0.679273486,-0.001441234,0.000000000,0.000000000,0.000000000,0.000000000,0.000000000,0.000000000,0.000000000,0.000000000,0.000000000,0.000000000,0.000000000,0.000000000,0.000000000,0.000000000,0.000000000,0.000000000,0.000000000,0.000000000,0.002329651,0.032131672,0.058857441,0.050381303,-0.010953069,0.007636302,0.000730547,0.033754000,0.007155781,-0.006398075,-0.010888609,0.006740498
9.309630156,0.214952469,0.044293404,0.619929314,1.794592857,0.283598900,0.175068855,0.023498535,-0.065614700,0.164489746,0.078552246,-0.001510620,0.038772583,0.214952469,0.044293404,0.619929314,1.794592857,0.283598900,0.175068855,0.000004949,-6.110688210,5.127479076,1.328196049,-0.679541469,-0.001442060,0.008560181,-6.111236572,5.165498734,1.377172470,-0.672281265,0.021148682,0.000004949,-6.110688210,5.127479076,1.328196049,-0.679541469,-0.001442060,0.000000000,0.000000000,0.000000000,0.000000000,0.000000000,0.000000000,0.000000000,0.000000000,0.000000000,0.000000000,0.000000000,0.000000000,0.000000000,0.000000000,0.000000000,0.000000000,0.000000000,0.000000000,0.008555232,-0.000548363,0.038019657,0.048976421,0.007260203,0.022590741,0.006956128,0.001073965,-0.013682002,-0.007802956,0.007324664,0.021694937
9.319643021,0.214952469,0.044293404,0.619545937,1.794592857,0.283982277,0.175068855,0.043640137,0.014343262,-0.027526855,-0.062438965,0.008560181,-0.031723022,0.214952469,0.043910027,0.619929314,1.794592857,0.283982277,0.175068855,0.000004951,-6.107001781,5.129709721,1.328096747,-0.679197371,-0.001441035,-0.005447388,-6.105743408,5.193513870,1.363683701,-0.703043938,-0.008758545,0.000004951,-6.107001781,5.129709721,1.328096747,-0.679197371,-0.001441035,0.000000000,0.000000000,0.000000000,0.000000000,0.000000000,0.000000000,0.000000000,0.000000000,0.000000000,0.000000000,0.000000000,0.000000000,0.000000000,0.000000000,0.000000000,0.000000000,0.000000000,0.000000000,-0.005452339,0.001258373,0.063804150,0.035586953,-0.023846567,-0.007317510,-0.007051442,0.002880701,0.012102490,-0.021192424,-0.023782106,-0.008213314
9.329769611,0.214952469,0.043910027,0.619545937,1.794592857,0.283982277,0.175068855,-0.043640137,0.025329590,-0.028869629,0.026184082,0.037765503,0.048843384,0.214952469,0.043910027,0.619545937,1.794592857,0.283982277,0.175068855,0.000004952,-6.104901791,5.127720356,1.328463912,-0.679465353,-0.001441861,0.021530151,-6.151519775,5.212190628,1.406227112,-0.678689957,-0.007476807,0.000004952,-6.104901791,5.127720356,1.328463912,-0.679465353,-0.001441861,0.000000000,0.000000000,0.000000000,0.000000000,0.000000000,0.000000000,0.000000000,0.000000000,0.000000000,0.000000000,0.000000000,0.000000000,0.000000000,0.000000000,0.000000000,0.000000000,0.000000000,0.000000000,0.021525199,-0.046617985,0.084470272,0.077763200,0.000775397,-0.006034946,0.019926095,-0.044995657,0.032768612,0.020983822,0.000839857,-0.006930750
9.339621305,0.214952469,0.043910027,0.619929314,1.794592857,0.283982277,0.175068855,0.014099121,-0.027160645,-0.047668457,-0.026184082,-0.052871704,-0.059921265,0.214952469,0.044293404,0.619545937,1.794592857,0.283982277,0.175068855,0.000004950,-6.108841896,5.125729561,1.328830957,-0.679733217,-0.001442687,-0.039171219,-6.114898682,5.175355911,1.375097275,-0.676980972,-0.001922607,0.000004950,-6.108841896,5.125729561,1.328830957,-0.679733217,-0.001442687,0.000000000,0.000000000,0.000000000,0.000000000,0.000000000,0.000000000,0.000000000,0.000000000,0.000000000,0.000000000,0.000000000,0.000000000,0.000000000,0.000000000,0.000000000,0.000000000,0.000000000,0.000000000,-0.039176169,-0.006056786,0.049626350,0.046266317,0.002752244,-0.000479921,-0.040775272,-0.004434457,-0.002075309,-0.010513060,0.002816705,-0.001375725
9.349591970,0.215335846,0.044293404,0.619929314,1.794592857,0.283982277,0.175068855,-0.024841309,0.021057129,0.039611816,0.062438965,0.064956665,0.030715942,0.215335846,0.044293404,0.619929314,1.794592857,0.283982277,0.175068855,0.000004941,-6.110942841,5.127720356,1.328463912,-0.679465353,-0.001441861,-0.004928589,-6.153350830,5.166536331,1.304021835,-0.703471184,0.004486084,0.000004941,-6.110942841,5.127720356,1.328463912,-0.679465353,-0.001441861,0.000000000,0.000000000,0.000000000,0.000000000,0.000000000,0.000000000,0.000000000,0.000000000,0.000000000,0.000000000,0.000000000,0.000000000,0.000000000,0.000000000,0.000000000,0.000000000,0.000000000,0.000000000,-0.004933530,-0.042407990,0.038815975,-0.024442077,-0.024005830,0.005927945,-0.006532634,-0.040785661,-0.012885684,-0.081221454,-0.023941370,0.005032141
9.359649420,0.215335846,0.044293404,0.619929314,1.794592857,0.283598900,0.175068855,0.031555176,0.005798340,-0.014099121,-0.089298248,0.009567261,-0.010574341,0.214952469,0.043910027,0.619929314,1.794592857,0.283982277,0.175068855,0.000004951,-6.107001781,5.129709721,1.328096747,-0.679197371,-0.001441035,-0.015823364,-6.118560791,5.182100296,1.396369934,-0.681680679,-0.004486084,0.000004951,-6.107001781,5.129709721,1.328096747,-0.679197371,-0.001441035,0.000000000,0.000000000,0.000000000,0.000000000,0.000000000,0.000000000,0.000000000,0.000000000,0.000000000,0.000000000,0.000000000,0.000000000,0.000000000,0.000000000,0.000000000,0.000000000,0.000000000,0.000000000,-0.015828315,-0.011559010,0.052390575,0.068273187,-0.002483308,-0.003045049,-0.017427419,-0.009936681,0.000688916,0.011493809,-0.002418848,-0.003940853
9.369958401,0.215335846,0.044293404,0.619929314,1.794592857,0.283982277,0.175068855,0.101379395,0.018005371,-0.061096191,-0.015441895,0.030715942,-0.024673462,0.215335846,0.043910027,0.619929314,1.794592857,0.283982277,0.175068855,0.000004944,-6.107001781,5.129709721,1.328096747,-0.679197371,-0.001441035,-0.016342163,-6.138702393,5.211153030,1.401039124,-0.674417496,0.010040283,0.000004944,-6.107001781,5.129709721,1.328096747,-0.679197371,-0.001441035,0.000000000,0.000000000,0.000000000,0.000000000,0.000000000,0.000000000,0.000000000,0.000000000,0.000000000,0.000000000,0.000000000,0.000000000,0.000000000,0.000000000,0.000000000,0.000000000,0.000000000,0.000000000,-0.016347107,-0.031700611,0.081443310,0.072942376,0.004779875,0.011481318,-0.017946211,-0.030078283,0.029741650,0.016162999,0.004844335,0.010585514
9.379739523,0.215335846,0.043910027,0.619929314,1.794592857,0.283982277,0.175068855,0.050354004,-0.042421341,-0.006042480,-0.019470215,-0.000503540,0.023666382,0.215335846,0.044293404,0.619929314,1.794592857,0.283982277,0.175452232,0.000004941,-6.110943794,5.127720833,1.328464746,-0.679465175,-0.001441011,-0.019973755,-6.052642822,5.197664261,1.371465683,-0.674844742,-0.004486084,0.000004941,-6.110943794,5.127720833,1.328464746,-0.679465175,-0.001441011,0.000000000,0.000000000,0.000000000,0.000000000,0.000000000,0.000000000,0.000000000,0.000000000,0.000000000,0.000000000,0.000000000,0.000000000,0.000000000,0.000000000,0.000000000,0.000000000,0.000000000,0.000000000,-0.019978696,0.058300972,0.069943428,0.043000937,0.004620433,-0.003045073,-0.021577800,0.059923300,0.018241768,-0.013778441,0.004684893,-0.003940877
9.389572382,0.214952469,0.044293404,0.619929314,1.794592857,0.283982277,0.175452232,0.008728027,0.005187988,-0.016784668,-0.141666412,0.057907104,0.023666382,0.214952469,0.044293404,0.619929314,1.794592857,0.283982277,0.175068855,0.000004948,-6.110942841,5.127720356,1.328463912,-0.679465353,-0.001441861,0.008560181,-6.147857666,5.188844681,1.387548447,-0.670145035,0.010467529,0.000004948,-6.110942841,5.127720356,1.328463912,-0.679465353,-0.001441861,0.000000000,0.000000000,0.000000000,0.000000000,0.000000000,0.000000000,0.000000000,0.000000000,0.000000000,0.000000000,0.000000000,0.000000000,0.000000000,0.000000000,0.000000000,0.000000000,0.000000000,0.000000000,0.008555232,-0.036914825,0.061124325,0.059084535,0.009320319,0.011909390,0.006956128,-0.035292497,0.009422665,0.002305157,0.009384779,0.011013586
9.399612188,0.214952469,0.044293404,0.619545937,1.794592857,0.283982277,0.175068855,0.065124512,-0.115663528,-0.191349030,0.144348145,0.003524780,-0.045822144,0.214952469,0.044293404,0.619545937,1.794592857,0.283598900,0.175068855,0.000004950,-6.108587265,5.125488758,1.328563094,-0.679809332,-0.001442885,0.007003784,-6.105743408,5.166017532,1.350194931,-0.705607414,0.006622314,0.000004950,-6.108587265,5.125488758,1.328563094,-0.679809332,-0.001442885,0.000000000,0.000000000,0.000000000,0.000000000,0.000000000,0.000000000,0.000000000,0.000000000,0.000000000,0.000000000,0.000000000,0.000000000,0.000000000,0.000000000,0.000000000,0.000000000,0.000000000,0.000000000,0.006998834,0.002843857,0.040528774,0.021631837,-0.025798082,0.008065200,0.005399730,0.004466185,-0.011172885,-0.035147541,-0.025733622,0.007169396
9.409645319,0.214952469,0.044293404,0.619929314,1.794592857,0.283982277,0.175068855,0.069152832,0.003967285,-0.050354004,-0.081237793,0.028701782,-0.037765503,0.214952469,0.044293404,0.619929314,1.794592857,0.283982277,0.175068855,0.000004948,-6.110942841,5.127720356,1.328463912,-0.679465353,-0.001441861,0.012191772,-6.135040283,5.166017532,1.385473251,-0.696635246,0.002777100,0.000004948,-6.110942841,5.127720356,1.328463912,-0.679465353,-0.001441861,0.000000000,0.000000000,0.000000000,0.000000000,0.000000000,0.000000000,0.000000000,0.000000000,0.000000000,0.000000000,0.000000000,0.000000000,0.000000000,0.000000000,0.000000000,0.000000000,0.000000000,0.000000000,0.012186824,-0.024097443,0.038297176,0.057009339,-0.017169893,0.004218961,0.010587720,-0.022475115,-0.013404483,0.000229962,-0.017105433,0.003323156
9.419902563,0.214952469,0.043910027,0.619929314,1.794592857,0.283982277,0.175068855,0.026184082,-0.030822754,0.138977051,-0.082580566,-0.013595581,-0.020645142,0.214952469,0.043910027,0.619929314,1.794592857,0.283982277,0.175068855,0.000004951,-6.107001781,5.129709721,1.328096747,-0.679197371,-0.001441035,-0.003372192,-6.076446533,5.187288284,1.375097275,-0.686808586,0.021148682,0.000004951,-6.107001781,5.129709721,1.328096747,-0.679197371,-0.001441035,0.000000000,0.000000000,0.000000000,0.000000000,0.000000000,0.000000000,0.000000000,0.000000000,0.000000000,0.000000000,0.000000000,0.000000000,0.000000000,0.000000000,0.000000000,0.000000000,0.000000000,0.000000000,-0.003377143,0.030555248,0.057578564,0.047000527,-0.007611215,0.022589717,-0.004976247,0.032177576,0.005876904,-0.009778850,-0.007546755,0.021693913
9.429637909,0.214952469,0.044293404,0.619929314,1.794592857,0.283982277,0.175068855,0.087951660,-0.029602051,0.018127441,0.097351074,-0.068988800,0.009567261,0.214952469,0.043910027,0.619929314,1.794592857,0.283982277,0.175068855,0.000004951,-6.107001781,5.129709721,1.328096747,-0.679197371,-0.001441035,0.008560181,-6.072784424,5.169649124,1.383916855,-0.691081047,0.021575928,0.000004951,-6.107001781,5.129709721,1.328096747,-0.679197371,-0.001441035,0.000000000,0.000000000,0.000000000,0.000000000,0.000000000,0.000000000,0.000000000,0.000000000,0.000000000,0.000000000,0.000000000,0.000000000,0.000000000,0.000000000,0.000000000,0.000000000,0.000000000,0.000000000,0.008555230,0.034217358,0.039939404,0.055820107,-0.011883676,0.023016963,0.006956126,0.035839686,-0.011762256,-0.000959270,-0.011819216,0.022121159
9.439682722,0.214952469,0.044293404,0.619929314,1.794592857,0.283982277,0.175068855,-0.003356934,-0.023498535,-0.031555176,-0.027526855,-0.051864624,0.049850464,0.214952469,0.044293404,0.619929314,1.794592857,0.283982277,0.175068855,0.000004948,-6.110942841,5.127720356,1.328463912,-0.679465353,-0.001441861,-0.013229370,-6.096588135,5.192476273,1.398445129,-0.672708511,0.004913330,0.000004948,-6.110942841,5.127720356,1.328463912,-0.679465353,-0.001441861,0.000000000,0.000000000,0.000000000,0.000000000,0.000000000,0.000000000,0.000000000,0.000000000,0.000000000,0.000000000,0.000000000,0.000000000,0.000000000,0.000000000,0.000000000,0.000000000,0.000000000,0.000000000,-0.013234319,0.014354706,0.064755917,0.069981217,0.006756842,0.006355191,-0.014833422,0.015977034,0.013054257,0.013201840,0.006821302,0.005459387
9.449611187,0.214952469,0.044293404,0.619545937,1.794592857,0.283982277,0.175068855,-0.101383209,-0.003356934,-0.022155762,0.015441895,-0.045822144,0.021652222,0.215335846,0.044293404,0.619929314,1.794592857,0.283982277,0.175068855,0.000004941,-6.110942841,5.127720356,1.328463912,-0.679465353,-0.001441861,-0.009597778,-6.136871338,5.170686722,1.382879257,-0.690226555,0.007476807,0.000004941,-6.110942841,5.127720356,1.328463912,-0.679465353,-0.001441861,0.000000000,0.000000000,0.000000000,0.000000000,0.000000000,0.000000000,0.000000000,0.000000000,0.000000000,0.000000000,0.000000000,0.000000000,0.000000000,0.000000000,0.000000000,0.000000000,0.000000000,0.000000000,-0.009602720,-0.025928497,0.042966366,0.054415345,-0.010761201,0.008918668,-0.011201823,-0.024306169,-0.008735294,-0.002364032,-0.010696741,0.008022864
9.459923983,0.214952469,0.043910027,0.619929314,1.794592857,0.283982277,0.175068855,0.007385254,0.008850098,-0.090641022,0.061096191,0.073013306,0.033737183,0.214952469,0.044293404,0.619929314,1.794592857,0.283982277,0.175068855,0.000004948,-6.110942841,5.127720356,1.328463912,-0.679465353,-0.001441861,-0.023086548,-6.160675049,5.183137894,1.391698837,-0.679971695,0.004913330,0.000004948,-6.110942841,5.127720356,1.328463912,-0.679465353,-0.001441861,0.000000000,0.000000000,0.000000000,0.000000000,0.000000000,0.000000000,0.000000000,0.000000000,0.000000000,0.000000000,0.000000000,0.000000000,0.000000000,0.000000000,0.000000000,0.000000000,0.000000000,0.000000000,-0.023091496,-0.049732208,0.055417538,0.063234925,-0.000506341,0.006355191,-0.024690600,-0.048109880,0.003715878,0.006455548,-0.000441881,0.005459387
9.469689608,0.215335846,0.044293404,0.619929314,1.794592857,0.283982277,0.175068855,-0.044982910,0.035095215,0.097351074,-0.012756348,0.030715942,-0.033737183,0.215335846,0.044293404,0.619929314,1.794592857,0.283982277,0.175068855,0.000004941,-6.110942841,5.127720356,1.328463912,-0.679465353,-0.001441861,-0.010635376,-6.059967041,5.160310745,1.378728867,-0.677835464,0.001068115,0.000004941,-6.110942841,5.127720356,1.328463912,-0.679465353,-0.001441861,0.000000000,0.000000000,0.000000000,0.000000000,0.000000000,0.000000000,0.000000000,0.000000000,0.000000000,0.000000000,0.000000000,0.000000000,0.000000000,0.000000000,0.000000000,0.000000000,0.000000000,0.000000000,-0.010640317,0.050975800,0.032590389,0.050264955,0.001629889,0.002509976,-0.012239421,0.052598128,-0.019111270,-0.006514423,0.001694349,0.001614172
9.479684114,0.214952469,0.043910027,0.619929314,1.794592857,0.283982277,0.175068855,-0.040954590,-0.041200638,-0.190006256,-0.036926270,-0.024673462,0.018630981,0.214952469,0.044293404,0.619929314,1.794592857,0.283982277,0.175068855,0.000004948,-6.110942841,5.127720356,1.328463912,-0.679465353,-0.001441861,-0.005447388,-6.113067627,5.179506302,1.382360458,-0.678262711,0.006622314,0.000004948,-6.110942841,5.127720356,1.328463912,-0.679465353,-0.001441861,0.000000000,0.000000000,0.000000000,0.000000000,0.000000000,0.000000000,0.000000000,0.000000000,0.000000000,0.000000000,0.000000000,0.000000000,0.000000000,0.000000000,0.000000000,0.000000000,0.000000000,0.000000000,-0.005452336,-0.002124786,0.051785946,0.053896546,0.001202643,0.008064175,-0.007051440,-0.000502458,0.000084286,-0.002882831,0.001267103,0.007168371
9.489650249,0.215335846,0.044293404,0.619545937,1.794592857,0.283598900,0.175452232,0.012756348,-0.090028763,-0.101383209,-0.094669342,-0.023666382,0.013595581,0.214952469,0.043910027,0.619929314,1.794592857,0.283982277,0.175068855,0.000004951,-6.107001781,5.129709721,1.328096747,-0.679197371,-0.001441035,0.034500122,-6.131378174,5.180025101,1.420753479,-0.672708511,-0.003631592,0.000004951,-6.107001781,5.129709721,1.328096747,-0.679197371,-0.001441035,0.000000000,0.000000000,0.000000000,0.000000000,0.000000000,0.000000000,0.000000000,0.000000000,0.000000000,0.000000000,0.000000000,0.000000000,0.000000000,0.000000000,0.000000000,0.000000000,0.000000000,0.000000000,0.034495171,-0.024376392,0.050315380,0.092656732,0.006488860,-0.002190557,0.032896067,-0.022754064,-0.001386279,0.035877354,0.006553320,-0.003086361
9.499632359,0.215335846,0.044293404,0.619929314,1.794592857,0.283982277,0.175068855,0.070495605,0.021667480,0.071838379,-0.049011230,-0.035751343,0.029708862,0.214952469,0.044293404,0.619929314,1.794592857,0.283982277,0.175068855,0.000004948,-6.110942841,5.127720356,1.328463912,-0.679465353,-0.001441861,0.048507690,-6.155181885,5.180543900,1.411415100,-0.681253433,0.001068115,0.000004948,-6.110942841,5.127720356,1.328463912,-0.679465353,-0.001441861,0.000000000,0.000000000,0.000000000,0.000000000,0.000000000,0.000000000,0.000000000,0.000000000,0.000000000,0.000000000,0.000000000,0.000000000,0.000000000,0.000000000,0.000000000,0.000000000,0.000000000,0.000000000,0.048502742,-0.044239044,0.052823544,0.082951188,-0.001788080,0.002509976,0.046903638,-0.042616716,0.001121884,0.026171811,-0.001723620,0.001614172
9.509635925,0.215335846,0.043910027,0.619929314,1.794592857,0.283982277,0.175068855,-0.070495605,-0.103456497,-0.157779694,0.014099121,-0.020645142,0.016616821,0.215335846,0.043910027,0.619929314,1.794592857,0.283982277,0.175068855,0.000004944,-6.107001781,5.129709721,1.328096747,-0.679197371,-0.001441035,-0.004928589,-6.089263916,5.158235550,1.375616074,-0.697062492,-0.001922607,0.000004944,-6.107001781,5.129709721,1.328096747,-0.679197371,-0.001441035,0.000000000,0.000000000,0.000000000,0.000000000,0.000000000,0.000000000,0.000000000,0.000000000,0.000000000,0.000000000,0.000000000,0.000000000,0.000000000,0.000000000,0.000000000,0.000000000,0.000000000,0.000000000,-0.004933533,0.017737865,0.028525829,0.047519326,-0.017865121,-0.000481572,-0.006532636,0.019360194,-0.023175830,-0.009260051,-0.017800661,-0.001377376
9.519606829,0.215335846,0.043910027,0.619929314,1.794592857,0.283982277,0.175068855,0.094665527,-0.069276810,-0.019470215,0.125549316,0.003524780,0.008560181,0.214952469,0.043910027,0.619929314,1.794592857,0.283982277,0.175068855,0.000004951,-6.107001781,5.129709721,1.328096747,-0.679197371,-0.001441035,0.013748169,-6.059967041,5.184694290,1.369390488,-0.665445328,0.017303467,0.000004951,-6.107001781,5.129709721,1.328096747,-0.679197371,-0.001441035,0.000000000,0.000000000,0.000000000,0.000000000,0.000000000,0.000000000,0.000000000,0.000000000,0.000000000,0.000000000,0.000000000,0.000000000,0.000000000,0.000000000,0.000000000,0.000000000,0.000000000,0.000000000,0.013743218,0.047034740,0.054984570,0.041293740,0.013752043,0.018744502,0.012144114,0.048657069,0.003282910,-0.015485637,0.013816503,0.017848698
9.529642820,0.215335846,0.043910027,0.619929314,1.794592857,0.283982277,0.175068855,-0.065124512,0.059509277,0.043640137,-0.069152832,-0.038772583,-0.022659302,0.215335846,0.043910027,0.619929314,1.794592857,0.283982277,0.175068855,0.000004944,-6.107001781,5.129709721,1.328096747,-0.679197371,-0.001441035,0.009597778,-6.096588135,5.199220657,1.416084290,-0.656045914,0.018157959,0.000004944,-6.107001781,5.129709721,1.328096747,-0.679197371,-0.001441035,0.000000000,0.000000000,0.000000000,0.000000000,0.000000000,0.000000000,0.000000000,0.000000000,0.000000000,0.000000000,0.000000000,0.000000000,0.000000000,0.000000000,0.000000000,0.000000000,0.000000000,0.000000000,0.009592835,0.010413647,0.069510937,0.087987542,0.023151457,0.019598994,0.007993731,0.012035975,0.017809277,0.031208165,0.023215918,0.018703190
9.539618015,0.214952469,0.043910027,0.619929314,1.794592857,0.283982277,0.175068855,-0.171207428,-0.112611771,0.124206543,-0.023498535,0.043807983,-0.033737183,0.214952469,0.043910027,0.619929314,1.794592857,0.283982277,0.175068855,0.000004951,-6.107001781,5.129709721,1.328096747,-0.679197371,-0.001441035,-0.007522583,-6.100250244,5.167055130,1.380804062,-0.691508293,0.019439697,0.000004951,-6.107001781,5.129709721,1.328096747,-0.679197371,-0.001441035,0.000000000,0.000000000,0.000000000,0.000000000,0.000000000,0.000000000,0.000000000,0.000000000,0.000000000,0.000000000,0.000000000,0.000000000,0.000000000,0.000000000,0.000000000,0.000000000,0.000000000,0.000000000,-0.007527534,0.006751537,0.037345409,0.052707314,-0.012310922,0.020880732,-0.009126638,0.008373865,-0.014356250,-0.004072063,-0.012246462,0.019984928
9.549611330,0.214952469,0.044293404,0.619545937,1.794592857,0.283598900,0.175068855,-0.108097076,-0.113222122,-0.163150787,-0.035583496,-0.047836304,-0.015609741,0.215335846,0.043910027,0.619545937,1.794592857,0.283598900,0.175068855,0.000004945,-6.104647160,5.127479076,1.328196049,-0.679541469,-0.001442060,0.006484985,-6.122222900,5.191957474,1.373540878,-0.703471184,0.021148682,0.000004945,-6.104647160,5.127479076,1.328196049,-0.679541469,-0.001442060,0.000000000,0.000000000,0.000000000,0.000000000,0.000000000,0.000000000,0.000000000,0.000000000,0.000000000,0.000000000,0.000000000,0.000000000,0.000000000,0.000000000,0.000000000,0.000000000,0.000000000,0.000000000,0.006480040,-0.017575741,0.064478397,0.045344830,-0.023929715,0.022590741,0.004880936,-0.015953413,0.012776738,-0.011434548,-0.023865255,0.021694937
9.559639454,0.214952469,0.044293404,0.619929314,1.794592857,0.283982277,0.175068855,-0.104068756,-0.021057129,-0.094669342,0.003356934,-0.018630981,-0.011581421,0.215335846,0.043910027,0.619929314,1.794592857,0.283982277,0.175068855,0.000004944,-6.107001781,5.129709721,1.328096747,-0.679197371,-0.001441035,-0.008041382,-6.125885010,5.175874710,1.374059677,-0.673135757,0.004913330,0.000004944,-6.107001781,5.129709721,1.328096747,-0.679197371,-0.001441035,0.000000000,0.000000000,0.000000000,0.000000000,0.000000000,0.000000000,0.000000000,0.000000000,0.000000000,0.000000000,0.000000000,0.000000000,0.000000000,0.000000000,0.000000000,0.000000000,0.000000000,0.000000000,-0.008046326,-0.018883228,0.046164989,0.045962930,0.006061614,0.006354365,-0.009645429,-0.017260900,-0.005536670,-0.010816448,0.006126074,0.005458561
9.569623947,0.214952469,0.044293404,0.619929314,1.794592857,0.283982277,0.175452232,-0.007385254,-0.100404739,0.077209473,-0.081237793,-0.048843384,-0.000503540,0.214952469,0.044293404,0.619929314,1.794592857,0.283982277,0.175068855,0.000004948,-6.110942841,5.127720356,1.328463912,-0.679465353,-0.001441861,-0.008560181,-6.087432861,5.131776810,1.385473251,-0.681680679,-0.010467529,0.000004948,-6.110942841,5.127720356,1.328463912,-0.679465353,-0.001441861,0.000000000,0.000000000,0.000000000,0.000000000,0.000000000,0.000000000,0.000000000,0.000000000,0.000000000,0.000000000,0.000000000,0.000000000,0.000000000,0.000000000,0.000000000,0.000000000,0.000000000,0.000000000,-0.008565129,0.023509979,0.004056454,0.057009339,-0.002215326,-0.009025668,-0.010164233,0.025132307,-0.047645206,0.000229962,-0.002150866,-0.009921472
9.579609871,0.214952469,0.044293404,0.619929314,1.794592857,0.283982277,0.175068855,-0.006042480,0.050354004,0.016784668,-0.121524811,-0.018630981,0.036758423,0.215335846,0.043910027,0.619929314,1.794592857,0.283982277,0.175068855,0.000004944,-6.107001781,5.129709721,1.328096747,-0.679197371,-0.001441035,0.001296997,-6.116729736,5.202852249,1.385992050,-0.680826187,0.010894775,0.000004944,-6.107001781,5.129709721,1.328096747,-0.679197371,-0.001441035,0.000000000,0.000000000,0.000000000,0.000000000,0.000000000,0.000000000,0.000000000,0.000000000,0.000000000,0.000000000,0.000000000,0.000000000,0.000000000,0.000000000,0.000000000,0.000000000,0.000000000,0.000000000,0.001292053,-0.009727955,0.073142529,0.057895303,-0.001628816,0.012335811,-0.000307050,-0.008105627,0.021440869,0.001115925,-0.001564356,0.011440007
9.589666843,0.214952469,0.044293404,0.619545937,1.794592857,0.283982277,0.175452232,-0.040954590,0.019836426,-0.132266998,0.147033691,0.011581421,0.022659302,0.214952469,0.044293404,0.619545937,1.794592857,0.283982277,0.175068855,0.000004950,-6.108841896,5.125729561,1.328830957,-0.679733217,-0.001442687,-0.024642944,-6.116729736,5.179506302,1.387548447,-0.707316399,0.004058838,0.000004950,-6.108841896,5.125729561,1.328830957,-0.679733217,-0.001442687,0.000000000,0.000000000,0.000000000,0.000000000,0.000000000,0.000000000,0.000000000,0.000000000,0.000000000,0.000000000,0.000000000,0.000000000,0.000000000,0.000000000,0.000000000,0.000000000,0.000000000,0.000000000,-0.024647894,-0.007887840,0.053776741,0.058717489,-0.027583182,0.005501524,-0.026246998,-0.006265512,0.002075081,0.001938112,-0.027518722,0.004605720
9.599758863,0.214952469,0.044293404,0.619545937,1.794592857,0.283982277,0.175068855,0.026184082,-0.045473099,-0.102725983,0.069152832,-0.055892944,-0.028701782,0.215335846,0.043910027,0.619929314,1.794592857,0.283982277,0.175068855,0.000004944,-6.107001781,5.129709721,1.328096747,-0.679197371,-0.001441035,0.014266968,-6.129547119,5.173799515,1.353826523,-0.652200699,-0.003631592,0.000004944,-6.107001781,5.129709721,1.328096747,-0.679197371,-0.001441035,0.000000000,0.000000000,0.000000000,0.000000000,0.000000000,0.000000000,0.000000000,0.000000000,0.000000000,0.000000000,0.000000000,0.000000000,0.000000000,0.000000000,0.000000000,0.000000000,0.000000000,0.000000000,0.014262024,-0.022545338,0.044089794,0.025729775,0.026996672,-0.002190557,0.012662920,-0.020923010,-0.007611865,-0.031049602,0.027061132,-0.003086361
9.609622240,0.215335846,0.044293404,0.619929314,1.794592857,0.283982277,0.175068855,-0.049011230,-0.015563965,-0.032897949,-0.008728027,-0.016616821,0.004531860,0.214952469,0.044293404,0.619545937,1.794592857,0.283982277,0.175068855,0.000004950,-6.108841896,5.125729561,1.328830957,-0.679733217,-0.001442687,0.019973755,-6.133209229,5.190919876,1.374578476,-0.674844742,0.017303467,0.000004950,-6.108841896,5.125729561,1.328830957,-0.679733217,-0.001442687,0.000000000,0.000000000,0.000000000,0.000000000,0.000000000,0.000000000,0.000000000,0.000000000,0.000000000,0.000000000,0.000000000,0.000000000,0.000000000,0.000000000,0.000000000,0.000000000,0.000000000,0.000000000,0.019968805,-0.024367332,0.065190315,0.045747519,0.004888475,0.018746153,0.018369701,-0.022745004,0.013488656,-0.011031859,0.004952935,0.017850349
9.619616985,0.215335846,0.044293404,0.619929314,1.794592857,0.283982277,0.175452232,0.082580566,0.072937012,-0.067810059,0.047668457,-0.043807983,0.032730103,0.214952469,0.044293404,0.619929314,1.794592857,0.283982277,0.175068855,0.000004948,-6.110942841,5.127720356,1.328463912,-0.679465353,-0.001441861,0.007003784,-6.122222900,5.180543900,1.373022079,-0.676126480,-0.011322021,0.000004948,-6.110942841,5.127720356,1.328463912,-0.679465353,-0.001441861,0.000000000,0.000000000,0.000000000,0.000000000,0.000000000,0.000000000,0.000000000,0.000000000,0.000000000,0.000000000,0.000000000,0.000000000,0.000000000,0.000000000,0.000000000,0.000000000,0.000000000,0.000000000,0.006998836,-0.011280060,0.052823544,0.044558167,0.003338873,-0.009880161,0.005399732,-0.009657732,0.001121884,-0.012221210,0.003403334,-0.010775965
9.629797697,0.215335846,0.043910027,0.619929314,1.794592857,0.283982277,0.175068855,0.026184082,0.017395020,0.020812988,-0.039611816,-0.021652222,0.005538940,0.215335846,0.043910027,0.619929314,1.794592857,0.283982277,0.175068855,0.000004944,-6.107001781,5.129709721,1.328096747,-0.679197371,-0.001441035,-0.068742752,-6.103912354,5.160829544,1.384435654,-0.673563004,0.016876221,0.000004944,-6.107001781,5.129709721,1.328096747,-0.679197371,-0.001441035,0.000000000,0.000000000,0.000000000,0.000000000,0.000000000,0.000000000,0.000000000,0.000000000,0.000000000,0.000000000,0.000000000,0.000000000,0.000000000,0.000000000,0.000000000,0.000000000,0.000000000,0.000000000,-0.068747696,0.003089428,0.031119823,0.056338906,0.005634367,0.018317256,-0.070346800,0.004711756,-0.020581836,-0.000440471,0.005698828,0.017421452
9.639801502,0.214952469,0.043910027,0.619929314,1.794592857,0.283598900,0.175452232,-0.002014160,-0.124208450,-0.065124512,-0.054382324,-0.003524780,0.026687622,0.215335846,0.044293404,0.619545937,1.794592857,0.283982277,0.175068855,0.000004943,-6.108841896,5.125729561,1.328830957,-0.679733217,-0.001442687,-0.005447388,-6.076446533,5.177431107,1.367834091,-0.692790031,0.007049561,0.000004943,-6.108841896,5.125729561,1.328830957,-0.679733217,-0.001442687,0.000000000,0.000000000,0.000000000,0.000000000,0.000000000,0.000000000,0.000000000,0.000000000,0.000000000,0.000000000,0.000000000,0.000000000,0.000000000,0.000000000,0.000000000,0.000000000,0.000000000,0.000000000,-0.005452330,0.032395363,0.051701546,0.039003134,-0.013056815,0.008492247,-0.007051434,0.034017691,-0.000000114,-0.017776244,-0.012992354,0.007596443
9.649601698,0.214952469,0.044293404,0.619929314,1.794592857,0.283982277,0.175068855,-0.179264069,0.094301224,0.067810059,0.122863770,0.059921265,0.046829224,0.214952469,0.044293404,0.619929314,1.794592857,0.283982277,0.175068855,0.000004948,-6.110942841,5.127720356,1.328463912,-0.679465353,-0.001441861,0.009078979,-6.054473877,5.176393509,1.375097275,-0.676126480,-0.008758545,0.000004948,-6.110942841,5.127720356,1.328463912,-0.679465353,-0.001441861,0.000000000,0.000000000,0.000000000,0.000000000,0.000000000,0.000000000,0.000000000,0.000000000,0.000000000,0.000000000,0.000000000,0.000000000,0.000000000,0.000000000,0.000000000,0.000000000,0.000000000,0.000000000,0.009074031,0.056468964,0.048673153,0.046633363,0.003338873,-0.007316684,0.007474927,0.058091292,-0.003028507,-0.010146015,0.003403334,-0.008212488
9.659610033,0.214952469,0.044293404,0.619545937,1.794592857,0.283982277,0.175068855,-0.007385254,0.043640137,-0.047668457,-0.038269043,-0.004531860,0.005538940,0.215335846,0.043910027,0.619545937,1.794592857,0.283982277,0.175068855,0.000004945,-6.104901791,5.127720356,1.328463912,-0.679465353,-0.001441861,0.002334595,-6.103912354,5.126070023,1.376134872,-0.693644524,-0.015167236,0.000004945,-6.104901791,5.127720356,1.328463912,-0.679465353,-0.001441861,0.000000000,0.000000000,0.000000000,0.000000000,0.000000000,0.000000000,0.000000000,0.000000000,0.000000000,0.000000000,0.000000000,0.000000000,0.000000000,0.000000000,0.000000000,0.000000000,0.000000000,0.000000000,0.002329650,0.000989437,-0.001650333,0.047670960,-0.014179170,-0.013725375,0.000730546,0.002611765,-0.053351993,-0.009108417,-0.014114710,-0.014621179
9.669654608,0.214952469,0.044293404,0.619545937,1.794592857,0.283982277,0.175068855,0.026184082,0.063781738,-0.120182037,-0.117496490,0.045822144,-0.029708862,0.214952469,0.044293404,0.619929314,1.794592857,0.283982277,0.175068855,0.000004948,-6.110942841,5.127720356,1.328463912,-0.679465353,-0.001441861,0.009597778,-6.087432861,5.207002640,1.389104843,-0.662027359,-0.027985573,0.000004948,-6.110942841,5.127720356,1.328463912,-0.679465353,-0.001441861,0.000000000,0.000000000,0.000000000,0.000000000,0.000000000,0.000000000,0.000000000,0.000000000,0.000000000,0.000000000,0.000000000,0.000000000,0.000000000,0.000000000,0.000000000,0.000000000,0.000000000,0.000000000,0.009592830,0.023509979,0.079282284,0.060640931,0.017437994,-0.026543712,0.007993726,0.025132307,0.027580624,0.003861554,0.017502455,-0.027439516
9.679734707,0.215335846,0.044293404,0.619929314,1.794592857,0.283982277,0.175068855,0.002014160,-0.089418411,-0.116153717,-0.125553131,0.001510620,0.017623901,0.214952469,0.043910027,0.619929314,1.794592857,0.283982277,0.175068855,0.000004951,-6.107001781,5.129709721,1.328096747,-0.679197371,-0.001441035,-0.008041382,-6.102081299,5.186250687,1.383398056,-0.682962418,-0.003204346,0.000004951,-6.107001781,5.129709721,1.328096747,-0.679197371,-0.001441035,0.000000000,0.000000000,0.000000000,0.000000000,0.000000000,0.000000000,0.000000000,0.000000000,0.000000000,0.000000000,0.000000000,0.000000000,0.000000000,0.000000000,0.000000000,0.000000000,0.000000000,0.000000000,-0.008046333,0.004920483,0.056540966,0.055301309,-0.003765047,-0.001763311,-0.009645436,0.006542811,0.004839306,-0.001478069,-0.003700586,-0.002659115
9.689627171,0.214952469,0.043910027,0.619929314,1.794592857,0.283598900,0.175068855,-0.027526855,-0.009460449,0.074523926,0.070495605,-0.033737183,-0.041793823,0.214952469,0.043910027,0.619545937,1.794592857,0.283982277,0.175452232,0.000004952,-6.104902744,5.127720833,1.328464746,-0.679465175,-0.001441011,-0.002853394,-6.094757080,5.170167923,1.392736435,-0.689372063,0.008758545,0.000004952,-6.104902744,5.127720833,1.328464746,-0.679465175,-0.001441011,0.000000000,0.000000000,0.000000000,0.000000000,0.000000000,0.000000000,0.000000000,0.000000000,0.000000000,0.000000000,0.000000000,0.000000000,0.000000000,0.000000000,0.000000000,0.000000000,0.000000000,0.000000000,-0.002858346,0.010145664,0.042447090,0.064271688,-0.009906888,0.010199556,-0.004457449,0.011767992,-0.009254569,0.007492311,-0.009842428,0.009303752
9.699630022,0.215335846,0.043910027,0.619929314,1.794592857,0.283982277,0.175068855,0.049011230,-0.090028763,0.070495605,-0.089298248,-0.010574341,0.014602661,0.214952469,0.044293404,0.619929314,1.794592857,0.283982277,0.175068855,0.000004948,-6.110942841,5.127720356,1.328463912,-0.679465353,-0.001441861,0.023086548,-6.089263916,5.157197952,1.379766464,-0.655618668,0.002349854,0.000004948,-6.110942841,5.127720356,1.328463912,-0.679465353,-0.001441861,0.000000000,0.000000000,0.000000000,0.000000000,0.000000000,0.000000000,0.000000000,0.000000000,0.000000000,0.000000000,0.000000000,0.000000000,0.000000000,0.000000000,0.000000000,0.000000000,0.000000000,0.000000000,0.023081599,0.021678925,0.029477596,0.051302552,0.023846686,0.003791714,0.021482496,0.023301253,-0.022224063,-0.005476825,0.023911146,0.002895910
9.709609509,0.214952469,0.043910027,0.619929314,1.794592857,0.283982277,0.175068855,0.016784668,-0.121767044,-0.022155762,0.044982910,-0.045822144,-0.031723022,0.214952469,0.044293404,0.619929314,1.794592857,0.283982277,0.175068855,0.000004948,-6.110942841,5.127720356,1.328463912,-0.679465353,-0.001441861,0.024642944,-6.092926025,5.203371048,1.356420517,-0.668008804,-0.004486084,0.000004948,-6.110942841,5.127720356,1.328463912,-0.679465353,-0.001441861,0.000000000,0.000000000,0.000000000,0.000000000,0.000000000,0.000000000,0.000000000,0.000000000,0.000000000,0.000000000,0.000000000,0.000000000,0.000000000,0.000000000,0.000000000,0.000000000,0.000000000,0.000000000,0.024637996,0.018016815,0.075650692,0.027956605,0.011456549,-0.003044223,0.023038892,0.019639143,0.023949032,-0.028822773,0.011521009,-0.003940027
9.719609261,0.214952469,0.044293404,0.619929314,1.794592857,0.283982277,0.175068855,0.022155762,-0.003967285,0.138977051,-0.043640137,0.055892944,-0.006546021,0.214952469,0.044293404,0.619545937,1.794592857,0.283982277,0.175068855,0.000004950,-6.108841896,5.125729561,1.328830957,-0.679733217,-0.001442687,0.041763306,-6.111236572,5.186250687,1.390661240,-0.662881851,0.007904053,0.000004950,-6.108841896,5.125729561,1.328830957,-0.679733217,-0.001442687,0.000000000,0.000000000,0.000000000,0.000000000,0.000000000,0.000000000,0.000000000,0.000000000,0.000000000,0.000000000,0.000000000,0.000000000,0.000000000,0.000000000,0.000000000,0.000000000,0.000000000,0.000000000,0.041758356,-0.002394676,0.060521126,0.061830282,0.016851366,0.009346739,0.040159252,-0.000772348,0.008819466,0.005050905,0.016915826,0.008450935
9.729618311,0.214952469,0.044293404,0.619929314,1.794592857,0.283982277,0.175068855,0.042297363,0.048522949,-0.010070801,0.026184082,0.108261108,-0.017623901,0.214952469,0.043910027,0.619929314,1.794592857,0.283982277,0.175068855,0.000004951,-6.107001781,5.129709721,1.328096747,-0.679197371,-0.001441035,-0.002334595,-6.083770752,5.181062698,1.393255234,-0.674417496,0.004913330,0.000004951,-6.107001781,5.129709721,1.328096747,-0.679197371,-0.001441035,0.000000000,0.000000000,0.000000000,0.000000000,0.000000000,0.000000000,0.000000000,0.000000000,0.000000000,0.000000000,0.000000000,0.000000000,0.000000000,0.000000000,0.000000000,0.000000000,0.000000000,0.000000000,-0.002339546,0.023231030,0.051352978,0.065158486,0.004779875,0.006354365,-0.003938649,0.024853358,-0.000348682,0.008379109,0.004844335,0.005458561
9.739698172,0.215335846,0.043910027,0.619929314,1.794592857,0.283982277,0.175068855,0.218204498,-0.172426224,0.016784668,-0.008728027,0.003524780,-0.071002960,0.215335846,0.044293404,0.619929314,1.794592857,0.283982277,0.175068855,0.000004941,-6.110942841,5.127720356,1.328463912,-0.679465353,-0.001441861,0.006484985,-6.065460205,5.142671585,1.375097275,-0.688944817,-0.013031006,0.000004941,-6.110942841,5.127720356,1.328463912,-0.679465353,-0.001441861,0.000000000,0.000000000,0.000000000,0.000000000,0.000000000,0.000000000,0.000000000,0.000000000,0.000000000,0.000000000,0.000000000,0.000000000,0.000000000,0.000000000,0.000000000,0.000000000,0.000000000,0.000000000,0.006480044,0.045482635,0.014951229,0.046633363,-0.009479463,-0.011589145,0.004880940,0.047104964,-0.036750430,-0.010146015,-0.009415003,-0.012484949
9.749855995,0.214952469,0.043910027,0.619545937,1.794592857,0.283982277,0.175068855,0.083923340,-0.061342239,-0.020812988,0.034240723,-0.012588501,0.018630981,0.214952469,0.043910027,0.619929314,1.794592857,0.283982277,0.175068855,0.000004951,-6.107001781,5.129709721,1.328096747,-0.679197371,-0.001441035,-0.013229370,-6.107574463,5.174837112,1.382360458,-0.691508293,0.004058838,0.000004951,-6.107001781,5.129709721,1.328096747,-0.679197371,-0.001441035,0.000000000,0.000000000,0.000000000,0.000000000,0.000000000,0.000000000,0.000000000,0.000000000,0.000000000,0.000000000,0.000000000,0.000000000,0.000000000,0.000000000,0.000000000,0.000000000,0.000000000,0.000000000,-0.013234321,-0.000572681,0.045127392,0.054263711,-0.012310922,0.005499873,-0.014833425,0.001049647,-0.006574268,-0.002515667,-0.012246462,0.004604069
9.759613037,0.215335846,0.044293404,0.619929314,1.794592857,0.283982277,0.175068855,0.079895020,0.151063919,0.100036621,-0.100040436,-0.058914185,-0.031723022,0.215335846,0.044293404,0.619929314,1.794592857,0.283982277,0.175068855,0.000004941,-6.110942841,5.127720356,1.328463912,-0.679465353,-0.001441861,0.002334595,-6.144195557,5.174318314,1.374578476,-0.693644524,0.014739990,0.000004941,-6.110942841,5.127720356,1.328463912,-0.679465353,-0.001441861,0.000000000,0.000000000,0.000000000,0.000000000,0.000000000,0.000000000,0.000000000,0.000000000,0.000000000,0.000000000,0.000000000,0.000000000,0.000000000,0.000000000,0.000000000,0.000000000,0.000000000,0.000000000,0.002329653,-0.033252716,0.046597958,0.046114564,-0.014179170,0.016181851,0.000730550,-0.031630388,-0.005103702,-0.010664814,-0.014114710,0.015286047
9.769595861,0.215335846,0.044293404,0.619929314,1.794592857,0.283982277,0.175068855,0.004699707,0.045471191,-0.026184082,0.031555176,0.021652222,-0.012588501,0.215335846,0.044293404,0.619929314,1.794592857,0.283982277,0.175068855,0.000004941,-6.110942841,5.127720356,1.328463912,-0.679465353,-0.001441861,-0.013748169,-6.102081299,5.157716751,1.387548447,-0.694499016,0.010040283,0.000004941,-6.110942841,5.127720356,1.328463912,-0.679465353,-0.001441861,0.000000000,0.000000000,0.000000000,0.000000000,0.000000000,0.000000000,0.000000000,0.000000000,0.000000000,0.000000000,0.000000000,0.000000000,0.000000000,0.000000000,0.000000000,0.000000000,0.000000000,0.000000000,-0.013753110,0.008861542,0.029996395,0.059084535,-0.015033662,0.011482144,-0.015352214,0.010483870,-0.021705264,0.002305157,-0.014969202,0.010586340
9.779679537,0.215335846,0.043910027,0.619929314,1.794592857,0.283982277,0.175068855,-0.066467285,-0.050355911,-0.051696777,-0.145694733,-0.021652222,-0.026687622,0.214952469,0.043910027,0.619545937,1.794592857,0.283982277,0.175068855,0.000004952,-6.104901791,5.127720356,1.328463912,-0.679465353,-0.001441861,0.006484985,-6.127716064,5.176912308,1.388586044,-0.678689957,0.000213623,0.000004952,-6.104901791,5.127720356,1.328463912,-0.679465353,-0.001441861,0.000000000,0.000000000,0.000000000,0.000000000,0.000000000,0.000000000,0.000000000,0.000000000,0.000000000,0.000000000,0.000000000,0.000000000,0.000000000,0.000000000,0.000000000,0.000000000,0.000000000,0.000000000,0.006480033,-0.022814274,0.049191952,0.060122132,0.000775397,0.001655484,0.004880929,-0.021191946,-0.002509708,0.003342755,0.000839857,0.000759680
9.789619684,0.214952469,0.043910027,0.619545937,1.794592857,0.283982277,0.175068855,-0.153751373,-0.013122559,-0.031555176,-0.152408600,-0.075031281,0.005538940,0.215335846,0.043910027,0.619929314,1.794592857,0.283982277,0.175452232,0.000004944,-6.107002735,5.129710674,1.328097582,-0.679197192,-0.001440185,0.008560181,-6.091094971,5.155641556,1.378210068,-0.682962418,0.003204346,0.000004944,-6.107002735,5.129710674,1.328097582,-0.679197192,-0.001440185,0.000000000,0.000000000,0.000000000,0.000000000,0.000000000,0.000000000,0.000000000,0.000000000,0.000000000,0.000000000,0.000000000,0.000000000,0.000000000,0.000000000,0.000000000,0.000000000,0.000000000,0.000000000,0.008555237,0.015907764,0.025930882,0.050112486,-0.003765225,0.004644531,0.006956133,0.017530093,-0.025770778,-0.006666892,-0.003700765,0.003748727
9.799616337,0.214952469,0.043910027,0.619929314,1.794592857,0.283982277,0.175068855,0.042297363,-0.026550293,0.049011230,-0.019470215,-0.003524780,0.020645142,0.215335846,0.043910027,0.619929314,1.794209480,0.283982277,0.175068855,0.000004944,-6.107350826,5.130040169,1.328463912,-0.679465353,-0.001441861,0.012191772,-6.120391846,5.174837112,1.379247665,-0.674844742,-0.001922607,0.000004944,-6.107350826,5.130040169,1.328463912,-0.679465353,-0.001441861,0.000000000,0.000000000,0.000000000,0.000000000,0.000000000,0.000000000,0.000000000,0.000000000,0.000000000,0.000000000,0.000000000,0.000000000,0.000000000,0.000000000,0.000000000,0.000000000,0.000000000,0.000000000,0.012186829,-0.013041019,0.044796944,0.050783753,0.004620612,-0.000480747,0.010587725,-0.011418691,-0.006904716,-0.005995624,0.004685072,-0.001376551
9.809827089,0.214952469,0.044293404,0.619929314,1.794592857,0.283982277,0.175452232,0.106750488,0.129091263,0.130920410,0.034240723,-0.003524780,0.037765503,0.214952469,0.044293404,0.619929314,1.794592857,0.283982277,0.175068855,0.000004948,-6.110942841,5.127720356,1.328463912,-0.679465353,-0.001441861,-0.002853394,-6.092926025,5.176393509,1.397407532,-0.713297844,-0.004486084,0.000004948,-6.110942841,5.127720356,1.328463912,-0.679465353,-0.001441861,0.000000000,0.000000000,0.000000000,0.000000000,0.000000000,0.000000000,0.000000000,0.000000000,0.000000000,0.000000000,0.000000000,0.000000000,0.000000000,0.000000000,0.000000000,0.000000000,0.000000000,0.000000000,-0.002858342,0.018016815,0.048673153,0.068943620,-0.033832490,-0.003044223,-0.004457446,0.019639143,-0.003028507,0.012164242,-0.033768030,-0.003940027
9.819642544,0.215335846,0.044293404,0.619929314,1.794592857,0.283982277,0.175068855,0.036926270,-0.088808060,-0.026184082,-0.067810059,-0.024673462,0.055892944,0.214952469,0.043910027,0.619929314,1.794592857,0.283982277,0.175068855,0.000004951,-6.107001781,5.129709721,1.328096747,-0.679197371,-0.001441035,-0.031387329,-6.146026611,5.187288284,1.400001526,-0.673563004,-0.001068115,0.000004951,-6.107001781,5.129709721,1.328096747,-0.679197371,-0.001441035,0.000000000,0.000000000,0.000000000,0.000000000,0.000000000,0.000000000,0.000000000,0.000000000,0.000000000,0.000000000,0.000000000,0.000000000,0.000000000,0.000000000,0.000000000,0.000000000,0.000000000,0.000000000,-0.031392280,-0.039024830,0.057578564,0.071904778,0.005634367,0.000372920,-0.032991384,-0.037402502,0.005876904,0.015125401,0.005698828,-0.000522884
9.829710722,0.214952469,0.044293404,0.619929314,1.794592857,0.283982277,0.175068855,-0.002014160,0.000915527,0.030212402,0.020812988,0.056900024,-0.024673462,0.214952469,0.044293404,0.619929314,1.794592857,0.283982277,0.175068855,0.000004948,-6.110942841,5.127720356,1.328463912,-0.679465353,-0.001441861,0.001815796,-6.147857666,5.191438675,1.374578476,-0.677835464,0.004058838,0.000004948,-6.110942841,5.127720356,1.328463912,-0.679465353,-0.001441861,0.000000000,0.000000000,0.000000000,0.000000000,0.000000000,0.000000000,0.000000000,0.000000000,0.000000000,0.000000000,0.000000000,0.000000000,0.000000000,0.000000000,0.000000000,0.000000000,0.000000000,0.000000000,0.001810847,-0.036914825,0.063718319,0.046114564,0.001629889,0.005500699,0.000211744,-0.035292497,0.012016659,-0.010664814,0.001694349,0.004604895
9.839643478,0.214952469,0.044293404,0.619545937,1.794592857,0.283982277,0.175452232,-0.155094147,-0.050966263,-0.093326569,-0.098697662,0.007553101,-0.015609741,0.214952469,0.044293404,0.619929314,1.794592857,0.283598900,0.175068855,0.000004949,-6.110688210,5.127479076,1.328196049,-0.679541469,-0.001442060,0.019973755,-6.146026611,5.135927200,1.372503281,-0.665018082,-0.013031006,0.000004949,-6.110688210,5.127479076,1.328196049,-0.679541469,-0.001442060,0.000000000,0.000000000,0.000000000,0.000000000,0.000000000,0.000000000,0.000000000,0.000000000,0.000000000,0.000000000,0.000000000,0.000000000,0.000000000,0.000000000,0.000000000,0.000000000,0.000000000,0.000000000,0.019968806,-0.035338402,0.008448124,0.044307232,0.014523387,-0.011588946,0.018369702,-0.033716074,-0.043253536,-0.012472146,0.014587847,-0.012484750
9.849623442,0.215335846,0.044293404,0.619929314,1.794592857,0.283982277,0.175068855,0.129577637,0.019836426,-0.050354004,-0.054382324,0.015609741,0.005538940,0.215335846,0.044293404,0.619545937,1.794592857,0.283982277,0.175068855,0.000004943,-6.108841896,5.125729561,1.328830957,-0.679733217,-0.001442687,-0.019973755,-6.058135986,5.203371048,1.366277695,-0.678689957,-0.016021729,0.000004943,-6.108841896,5.125729561,1.328830957,-0.679733217,-0.001442687,0.000000000,0.000000000,0.000000000,0.000000000,0.000000000,0.000000000,0.000000000,0.000000000,0.000000000,0.000000000,0.000000000,0.000000000,0.000000000,0.000000000,0.000000000,0.000000000,0.000000000,0.000000000,-0.019978698,0.050705910,0.077641487,0.037446737,0.001043260,-0.014579042,-0.021577801,0.052328238,0.025939828,-0.019332640,0.001107720,-0.015474846
9.859624624,0.214952469,0.043910027,0.619545937,1.794592857,0.283982277,0.175068855,0.031555176,-0.138246536,-0.028869629,-0.061096191,0.051864624,0.019638062,0.215335846,0.043910027,0.619929314,1.794592857,0.283982277,0.175068855,0.000004944,-6.107001781,5.129709721,1.328096747,-0.679197371,-0.001441035,-0.001296997,-6.083770752,5.190919876,1.326330185,-0.676980972,-0.013031006,0.000004944,-6.107001781,5.129709721,1.328096747,-0.679197371,-0.001441035,0.000000000,0.000000000,0.000000000,0.000000000,0.000000000,0.000000000,0.000000000,0.000000000,0.000000000,0.000000000,0.000000000,0.000000000,0.000000000,0.000000000,0.000000000,0.000000000,0.000000000,0.000000000,-0.001301941,0.023231030,0.061210155,-0.001766562,0.002216399,-0.011589971,-0.002901045,0.024853358,0.009508496,-0.058545940,0.002280859,-0.012485775
9.869811535,0.214952469,0.043910027,0.619929314,1.794592857,0.283982277,0.175068855,-0.036926270,-0.038146973,-0.047668457,0.008728027,0.040786743,0.032730103,0.214952469,0.043910027,0.619929314,1.794592857,0.283982277,0.175068855,0.000004951,-6.107001781,5.129709721,1.328096747,-0.679197371,-0.001441035,-0.017379761,-6.098419189,5.189882278,1.392736435,-0.701762199,0.012603760,0.000004951,-6.107001781,5.129709721,1.328096747,-0.679197371,-0.001441035,0.000000000,0.000000000,0.000000000,0.000000000,0.000000000,0.000000000,0.000000000,0.000000000,0.000000000,0.000000000,0.000000000,0.000000000,0.000000000,0.000000000,0.000000000,0.000000000,0.000000000,0.000000000,-0.017384712,0.008582592,0.060172558,0.064639688,-0.022564828,0.014044795,-0.018983815,0.010204920,0.008470898,0.007860310,-0.022500368,0.013148991
9.879823446,0.214952469,0.044293404,0.619545937,1.794209480,0.283982277,0.175452232,0.100036621,0.080873489,-0.004699707,-0.165836334,-0.048843384,0.087112427,0.214952469,0.043910027,0.619929314,1.794592857,0.283982277,0.175068855,0.000004951,-6.107001781,5.129709721,1.328096747,-0.679197371,-0.001441035,0.009597778,-6.111236572,5.187288284,1.376134872,-0.694926262,0.000213623,0.000004951,-6.107001781,5.129709721,1.328096747,-0.679197371,-0.001441035,0.000000000,0.000000000,0.000000000,0.000000000,0.000000000,0.000000000,0.000000000,0.000000000,0.000000000,0.000000000,0.000000000,0.000000000,0.000000000,0.000000000,0.000000000,0.000000000,0.000000000,0.000000000,0.009592827,-0.004234791,0.057578564,0.048038125,-0.015728891,0.001654658,0.007993724,-0.002612463,0.005876904,-0.008741252,-0.015664431,0.000758854
9.889618158,0.214952469,0.044293404,0.619929314,1.794592857,0.283598900,0.175068855,-0.094669342,0.050964355,0.145690918,0.020812988,-0.049850464,0.033737183,0.214952469,0.043910027,0.619929314,1.794592857,0.283982277,0.175068855,0.000004951,-6.107001781,5.129709721,1.328096747,-0.679197371,-0.001441035,0.032943726,-6.103912354,5.177431107,1.376653671,-0.648355484,0.002349854,0.000004951,-6.107001781,5.129709721,1.328096747,-0.679197371,-0.001441035,0.000000000,0.000000000,0.000000000,0.000000000,0.000000000,0.000000000,0.000000000,0.000000000,0.000000000,0.000000000,0.000000000,0.000000000,0.000000000,0.000000000,0.000000000,0.000000000,0.000000000,0.000000000,0.032938775,0.003089428,0.047721386,0.048556924,0.030841887,0.003790889,0.031339671,0.004711756,-0.003980274,-0.008222454,0.030906347,0.002895085
9.899608612,0.214952469,0.044293404,0.619929314,1.794592857,0.283982277,0.175068855,-0.222232819,-0.015563965,-0.032897949,0.018127441,0.039779663,-0.041793823,0.214952469,0.044293404,0.619929314,1.794592857,0.283982277,0.175068855,0.000004948,-6.110942841,5.127720356,1.328463912,-0.679465353,-0.001441861,0.022048950,-6.100250244,5.140596390,1.416603088,-0.683817863,0.000213623,0.000004948,-6.110942841,5.127720356,1.328463912,-0.679465353,-0.001441861,0.000000000,0.000000000,0.000000000,0.000000000,0.000000000,0.000000000,0.000000000,0.000000000,0.000000000,0.000000000,0.000000000,0.000000000,0.000000000,0.000000000,0.000000000,0.000000000,0.000000000,0.000000000,0.022044002,0.010692596,0.012876034,0.088139176,-0.004352510,0.001655484,0.020444898,0.012314925,-0.038825626,0.031359799,-0.004288050,0.000759680
9.909599066,0.214952469,0.044293404,0.619929314,1.794592857,0.283982277,0.175068855,-0.032897949,0.005798340,-0.066467285,-0.012756348,0.040786743,0.023666382,0.214952469,0.044293404,0.619929314,1.794592857,0.283982277,0.175068855,0.000004948,-6.110942841,5.127720356,1.328463912,-0.679465353,-0.001441861,-0.010116577,-6.155181885,5.162385941,1.398963928,-0.673563004,-0.013458252,0.000004948,-6.110942841,5.127720356,1.328463912,-0.679465353,-0.001441861,0.000000000,0.000000000,0.000000000,0.000000000,0.000000000,0.000000000,0.000000000,0.000000000,0.000000000,0.000000000,0.000000000,0.000000000,0.000000000,0.000000000,0.000000000,0.000000000,0.000000000,0.000000000,-0.010121526,-0.044239044,0.034665585,0.070500016,0.005902350,-0.012016391,-0.011720629,-0.042616716,-0.017036075,0.013720639,0.005966810,-0.012912195
9.919662714,0.214952469,0.043910027,0.619545937,1.794592857,0.283982277,0.175068855,0.040954590,-0.065614700,0.004699707,0.031555176,0.025680542,0.005538940,0.214952469,0.044293404,0.619929314,1.794592857,0.283982277,0.175068855,0.000004948,-6.110942841,5.127720356,1.328463912,-0.679465353,-0.001441861,-0.024642944,-6.122222900,5.182619095,1.375097275,-0.662881851,-0.024139404,0.000004948,-6.110942841,5.127720356,1.328463912,-0.679465353,-0.001441861,0.000000000,0.000000000,0.000000000,0.000000000,0.000000000,0.000000000,0.000000000,0.000000000,0.000000000,0.000000000,0.000000000,0.000000000,0.000000000,0.000000000,0.000000000,0.000000000,0.000000000,0.000000000,-0.024647893,-0.011280060,0.054898739,0.046633363,0.016583502,-0.022697543,-0.026246997,-0.009657732,0.003197079,-0.010146015,0.016647962,-0.023593347
9.929612637,0.214952469,0.044293404,0.619545937,1.794592857,0.283982277,0.175068855,-0.124210358,0.066833496,-0.063781738,-0.003356934,0.034744263,0.012588501,0.214952469,0.044293404,0.619929314,1.794592857,0.283982277,0.175068855,0.000004948,-6.110942841,5.127720356,1.328463912,-0.679465353,-0.001441861,-0.028274536,-6.140533447,5.185213089,1.340337753,-0.679971695,-0.003631592,0.000004948,-6.110942841,5.127720356,1.328463912,-0.679465353,-0.001441861,0.000000000,0.000000000,0.000000000,0.000000000,0.000000000,0.000000000,0.000000000,0.000000000,0.000000000,0.000000000,0.000000000,0.000000000,0.000000000,0.000000000,0.000000000,0.000000000,0.000000000,0.000000000,-0.028279485,-0.029590607,0.057492733,0.011873841,-0.000506341,-0.002189731,-0.029878588,-0.027968279,0.005791073,-0.044905536,-0.000441881,-0.003085535
9.939621210,0.215335846,0.043910027,0.619929314,1.794592857,0.283982277,0.175068855,0.082580566,-0.027160645,0.057067871,0.109436035,0.000503540,-0.052871704,0.214952469,0.044293404,0.619929314,1.794592857,0.283982277,0.175068855,0.000004948,-6.110942841,5.127720356,1.328463912,-0.679465353,-0.001441861,-0.045915604,-6.127716064,5.186250687,1.392736435,-0.682535172,-0.006622314,0.000004948,-6.110942841,5.127720356,1.328463912,-0.679465353,-0.001441861,0.000000000,0.000000000,0.000000000,0.000000000,0.000000000,0.000000000,0.000000000,0.000000000,0.000000000,0.000000000,0.000000000,0.000000000,0.000000000,0.000000000,0.000000000,0.000000000,0.000000000,0.000000000,-0.045920552,-0.016773224,0.058530331,0.064272523,-0.003069818,-0.005180454,-0.047519656,-0.015150896,0.006828671,0.007493145,-0.003005358,-0.006076258
9.949622631,0.214952469,0.043910027,0.619929314,1.794592857,0.283982277,0.175068855,-0.093326569,-0.157777786,-0.016784668,0.003356934,0.003524780,0.013595581,0.215335846,0.043910027,0.619929314,1.794592857,0.283982277,0.175068855,0.000004944,-6.107001781,5.129709721,1.328096747,-0.679197371,-0.001441035,0.001815796,-6.146026611,5.183137894,1.400520325,-0.681680679,-0.007049561,0.000004944,-6.107001781,5.129709721,1.328096747,-0.679197371,-0.001441035,0.000000000,0.000000000,0.000000000,0.000000000,0.000000000,0.000000000,0.000000000,0.000000000,0.000000000,0.000000000,0.000000000,0.000000000,0.000000000,0.000000000,0.000000000,0.000000000,0.000000000,0.000000000,0.001810852,-0.039024830,0.053428173,0.072423577,-0.002483308,-0.005608525,0.000211748,-0.037402502,0.001726513,0.015644200,-0.002418848,-0.006504329
9.959652901,0.215335846,0.043910027,0.619929314,1.794592857,0.283982277,0.175068855,0.044982910,-0.052186966,0.214176178,0.034240723,0.003524780,-0.040786743,0.214952469,0.044293404,0.619929314,1.794592857,0.283982277,0.175068855,0.000004948,-6.110942841,5.127720356,1.328463912,-0.679465353,-0.001441861,0.034500122,-6.085601807,5.169130325,1.438392639,-0.691935539,0.004486084,0.000004948,-6.110942841,5.127720356,1.328463912,-0.679465353,-0.001441861,0.000000000,0.000000000,0.000000000,0.000000000,0.000000000,0.000000000,0.000000000,0.000000000,0.000000000,0.000000000,0.000000000,0.000000000,0.000000000,0.000000000,0.000000000,0.000000000,0.000000000,0.000000000,0.034495174,0.025341034,0.041409969,0.109928727,-0.012470186,0.005927945,0.032896070,0.026963362,-0.010291690,0.053149350,-0.012405726,0.005032141
9.969672441,0.214952469,0.043910027,0.619929314,1.794592857,0.283982277,0.175452232,0.006042480,0.088197708,0.046325684,-0.083923340,0.017623901,0.030715942,0.214952469,0.044293404,0.619929314,1.794592857,0.283982277,0.175068855,0.000004948,-6.110942841,5.127720356,1.328463912,-0.679465353,-0.001441861,-0.001296997,-6.158843994,5.207002640,1.373022079,-0.664590836,-0.000213623,0.000004948,-6.110942841,5.127720356,1.328463912,-0.679465353,-0.001441861,0.000000000,0.000000000,0.000000000,0.000000000,0.000000000,0.000000000,0.000000000,0.000000000,0.000000000,0.000000000,0.000000000,0.000000000,0.000000000,0.000000000,0.000000000,0.000000000,0.000000000,0.000000000,-0.001301946,-0.047901154,0.079282284,0.044558167,0.014874518,0.001228238,-0.002901049,-0.046278825,0.027580624,-0.012221210,0.014938978,0.000332434
9.979848862,0.214952469,0.043910027,0.619929314,1.794592857,0.283982277,0.175068855,-0.169864655,-0.060121536,-0.015441895,0.054382324,-0.012588501,0.023666382,0.215335846,0.043910027,0.619929314,1.794592857,0.283982277,0.175068855,0.000004944,-6.107001781,5.129709721,1.328096747,-0.679197371,-0.001441035,0.078081131,-6.146026611,5.152528763,1.388586044,-0.683817863,0.003204346,0.000004944,-6.107001781,5.129709721,1.328096747,-0.679197371,-0.001441035,0.000000000,0.000000000,0.000000000,0.000000000,0.000000000,0.000000000,0.000000000,0.000000000,0.000000000,0.000000000,0.000000000,0.000000000,0.000000000,0.000000000,0.000000000,0.000000000,0.000000000,0.000000000,0.078076187,-0.039024830,0.022819042,0.060489297,-0.004620492,0.004645381,0.076477083,-0.037402502,-0.028882617,0.003709919,-0.004556032,0.003749577
9.989621639,0.214952469,0.043910027,0.619545937,1.794592857,0.283982277,0.175068855,0.044982910,0.071105957,0.058410645,-0.120182037,-0.011581421,-0.049850464,0.214952469,0.043910027,0.619545937,1.794592857,0.283982277,0.175068855,0.000004952,-6.104901791,5.127720356,1.328463912,-0.679465353,-0.001441861,-0.010635376,-6.063629150,5.181062698,1.383916855,-0.674844742,0.029693604,0.000004952,-6.104901791,5.127720356,1.328463912,-0.679465353,-0.001441861,0.000000000,0.000000000,0.000000000,0.000000000,0.000000000,0.000000000,0.000000000,0.000000000,0.000000000,0.000000000,0.000000000,0.000000000,0.000000000,0.000000000,0.000000000,0.000000000,0.000000000,0.000000000,-0.010640328,0.041272640,0.053342342,0.055452943,0.004620612,0.031135464,-0.012239432,0.042894968,0.001640683,-0.001326435,0.004685072,0.030239660
9.999612570,0.214952469,0.043910027,0.619929314,1.794592857,0.283982277,0.175068855,-0.096012115,-0.028381348,0.023498535,0.059753418,0.023666382,-0.044815063,0.215335846,0.043910027,0.619929314,1.794592857,0.283598900,0.175068855,0.000004944,-6.106747150,5.129468441,1.327828765,-0.679273486,-0.001441234,0.003890991,-6.102081299,5.187288284,1.383398056,-0.672708511,-0.002349854,0.000004944,-6.106747150,5.129468441,1.327828765,-0.679273486,-0.001441234,0.000000000,0.000000000,0.000000000,0.000000000,0.000000000,0.000000000,0.000000000,0.000000000,0.000000000,0.000000000,0.000000000,0.000000000,0.000000000,0.000000000,0.000000000,0.000000000,0.000000000,0.000000000,0.003886047,0.004665852,0.057819843,0.055569291,0.006564975,-0.000908620,0.002286943,0.006288180,0.006118184,-0.001210086,0.006629435,-0.001804424
